day,year,rbp_eib,qap_eib,per_sector_pledge,network_pledge_fil,daily_issuance,circ_supply
1,0.0027,2.1703,18.3964,0.16919485,94718778.84,69464.63,832650797.63
2,0.0055,2.1706,18.3543,0.16942191,94567873.82,69446.35,832801576.99
3,0.0082,2.1709,18.3121,0.16965058,94417284.61,69428.08,832952338.06
4,0.0110,2.1712,18.2700,0.16988088,94267010.85,69409.81,833103080.87
5,0.0137,2.1715,18.2278,0.17011281,94117052.22,69391.54,833253805.41
6,0.0164,2.1717,18.1856,0.17034638,93967408.38,69373.28,833404511.70
7,0.0192,2.1720,18.1435,0.17058161,93818078.99,69355.03,833555199.73
8,0.0219,2.1723,18.1013,0.17081851,93669063.72,69336.78,833705869.51
9,0.0246,2.1726,18.0591,0.17105708,93520362.24,69318.54,833856521.05
10,0.0274,2.1729,18.0168,0.17129734,93371974.22,69300.30,834007154.35
11,0.0301,2.1732,17.9746,0.17153930,93223899.35,69282.07,834157769.43
12,0.0329,2.1735,17.9324,0.17178298,93076137.29,69263.85,834308366.28
13,0.0356,2.1738,17.8901,0.17202838,92928687.73,69245.63,834458944.91
14,0.0383,2.1741,17.8479,0.17227551,92781550.35,69227.42,834609505.32
15,0.0411,2.1744,17.8056,0.17252439,92634724.83,69209.21,834760047.53
16,0.0438,2.1746,17.7633,0.17277503,92488210.87,69191.00,834910571.53
17,0.0465,2.1749,17.7210,0.17302743,92342008.15,69172.81,835061077.34
18,0.0493,2.1752,17.6787,0.17328163,92196116.37,69154.62,835211564.96
19,0.0520,2.1755,17.6364,0.17353762,92050535.22,69136.43,835362034.39
20,0.0548,2.1758,17.5940,0.17379541,91905264.39,69118.25,835512485.64
21,0.0575,2.1761,17.5517,0.17405503,91760303.59,69100.08,835662918.72
22,0.0602,2.1764,17.5093,0.17431648,91615652.52,69081.91,835813333.62
23,0.0630,2.1767,17.4670,0.17457978,91471310.88,69063.74,835963730.37
24,0.0657,2.1770,17.4246,0.17484493,91327278.38,69045.59,836114108.96
25,0.0684,2.1773,17.3822,0.17511196,91183554.74,69027.44,836264469.39
26,0.0712,2.1776,17.3398,0.17538088,91040139.65,69009.29,836414811.68
27,0.0739,2.1778,17.2974,0.17565169,90897032.85,68991.15,836565135.83
28,0.0767,2.1781,17.2550,0.17592442,90754234.04,68973.01,836715441.84
29,0.0794,2.1784,17.2125,0.17619907,90611742.95,68954.88,836865729.73
30,0.0821,2.1787,17.1701,0.17647567,90469559.29,68936.76,837015999.49
31,0.0849,2.1790,17.1276,0.17675422,90327682.81,68918.64,837166251.13
32,0.0876,2.1793,17.0851,0.17703473,90186113.21,68900.53,837316484.66
33,0.0903,2.1796,17.0427,0.17731723,90044850.24,68882.42,837466700.08
34,0.0931,2.1799,17.0002,0.17760173,89903893.63,68864.32,837616897.40
35,0.0958,2.1802,16.9576,0.17788824,89763243.11,68846.23,837767076.63
36,0.0986,2.1805,16.9151,0.17817678,89622898.42,68828.13,837917237.76
37,0.1013,2.1808,16.8726,0.17846736,89482859.31,68810.05,838067380.81
38,0.1040,2.1811,16.8301,0.17876000,89343125.53,68791.97,838217505.78
39,0.1068,2.1813,16.7875,0.17905471,89203696.80,68773.90,838367612.68
40,0.1095,2.1816,16.7449,0.17935150,89064572.90,68755.83,838517701.51
41,0.1123,2.1819,16.7024,0.17965040,88925753.57,68737.77,838667772.28
42,0.1150,2.1822,16.6598,0.17995142,88787238.57,68719.71,838817824.99
43,0.1177,2.1825,16.6172,0.18025458,88649027.65,68701.66,838967859.65
44,0.1205,2.1828,16.5746,0.18055988,88511120.58,68683.61,839117876.26
45,0.1232,2.1831,16.5319,0.18086735,88373517.13,68665.57,839267874.84
46,0.1259,2.1834,16.4893,0.18117701,88236217.05,68647.54,839417855.38
47,0.1287,2.1837,16.4466,0.18148887,88099220.13,68629.51,839567817.89
48,0.1314,2.1840,16.4040,0.18180294,87962526.14,68611.49,839717762.37
49,0.1342,2.1843,16.3613,0.18211925,87826134.85,68593.47,839867688.84
50,0.1369,2.1846,16.3186,0.18243781,87690046.04,68575.46,840017597.30
51,0.1396,2.1848,16.2759,0.18275864,87554259.49,68557.45,840167487.75
52,0.1424,2.1851,16.2332,0.18308176,87418775.00,68539.45,840317360.21
53,0.1451,2.1854,16.1905,0.18340718,87283592.35,68521.46,840467214.66
54,0.1478,2.1857,16.1478,0.18373493,87148711.34,68503.47,840617051.13
55,0.1506,2.1860,16.1050,0.18406501,87014131.75,68485.48,840766869.61
56,0.1533,2.1863,16.0623,0.18439746,86879853.40,68467.50,840916670.11
57,0.1561,2.1866,16.0195,0.18473228,86745876.07,68449.53,841066452.64
58,0.1588,2.1869,15.9767,0.18506950,86612199.58,68431.56,841216217.20
59,0.1615,2.1872,15.9340,0.18540913,86478823.73,68413.60,841365963.80
60,0.1643,2.1875,15.8912,0.18575120,86345748.34,68395.64,841515692.45
61,0.1670,2.1878,15.8483,0.18609573,86212973.21,68377.69,841665403.14
62,0.1697,2.1881,15.8055,0.18644273,86080498.18,68359.75,841815095.89
63,0.1725,2.1884,15.7627,0.18679222,85948323.06,68341.81,841964770.69
64,0.1752,2.1886,15.7198,0.18714423,85816447.68,68323.87,842114427.57
65,0.1780,2.1889,15.6770,0.18749877,85684871.86,68305.94,842264066.51
66,0.1807,2.1892,15.6341,0.18785587,85553595.44,68288.02,842413687.53
67,0.1834,2.1895,15.5912,0.18821554,85422618.25,68270.10,842563290.64
68,0.1862,2.1898,15.5483,0.18857781,85291940.14,68252.19,842712875.83
69,0.1889,2.1901,15.5054,0.18894271,85161560.94,68234.29,842862443.11
70,0.1916,2.1904,15.4625,0.18931024,85031480.51,68216.38,843011992.50
71,0.1944,2.1907,15.4196,0.18968043,84901698.68,68198.49,843161523.99
72,0.1971,2.1910,15.3766,0.19005331,84772215.33,68180.60,843311037.59
73,0.1999,2.1913,15.3337,0.19042889,84643030.30,68162.71,843460533.30
74,0.2026,2.1916,15.2907,0.19080721,84514143.45,68144.84,843610011.14
75,0.2053,2.1919,15.2478,0.19118828,84385554.65,68126.96,843759471.10
76,0.2081,2.1922,15.2048,0.19157212,84257263.77,68109.09,843908913.19
77,0.2108,2.1925,15.1618,0.19195876,84129270.69,68091.23,844058337.43
78,0.2136,2.1927,15.1188,0.19234823,84001575.27,68073.38,844207743.80
79,0.2163,2.1930,15.0757,0.19274054,83874177.40,68055.52,844357132.33
80,0.2190,2.1933,15.0327,0.19313573,83747076.97,68037.68,844506503.00
81,0.2218,2.1936,14.9896,0.19353381,83620273.85,68019.84,844655855.84
82,0.2245,2.1939,14.9466,0.19393481,83493767.95,68002.00,844805190.85
83,0.2272,2.1942,14.9035,0.19433876,83367559.16,67984.17,844954508.02
84,0.2300,2.1945,14.8604,0.19474568,83241647.39,67966.35,845103807.37
85,0.2327,2.1948,14.8173,0.19515560,83116032.52,67948.53,845253088.90
86,0.2355,2.1951,14.7742,0.19556854,82990714.49,67930.72,845402352.62
87,0.2382,2.1954,14.7311,0.19598454,82865693.19,67912.91,845551598.54
88,0.2409,2.1957,14.6880,0.19640361,82740968.54,67895.11,845700826.65
89,0.2437,2.1960,14.6448,0.19682578,82616540.48,67877.32,845850036.96
90,0.2464,2.1963,14.6017,0.19725109,82492408.92,67859.52,845999229.49
91,0.2491,2.1966,14.5585,0.19767956,82368573.79,67841.74,846148404.23
92,0.2519,2.1969,14.5154,0.19811122,82245035.03,67823.96,846297561.19
93,0.2546,2.1971,14.4722,0.19854609,82121792.58,67806.19,846446700.37
94,0.2574,2.1974,14.4290,0.19898421,81998846.38,67788.42,846595821.79
95,0.2601,2.1977,14.3858,0.19942561,81876196.38,67770.65,846744925.44
96,0.2628,2.1980,14.3425,0.19987031,81753842.54,67752.90,846894011.34
97,0.2656,2.1983,14.2993,0.20031834,81631784.80,67735.14,847043079.48
98,0.2683,2.1986,14.2560,0.20076974,81510023.15,67717.40,847192129.88
99,0.2710,2.1989,14.2128,0.20122454,81388557.53,67699.66,847341162.54
100,0.2738,2.1992,14.1695,0.20168276,81267387.93,67681.92,847490177.46
101,0.2765,2.1995,14.1262,0.20214444,81146514.33,67664.19,847639174.65
102,0.2793,2.1998,14.0829,0.20260962,81025936.69,67646.47,847788154.11
103,0.2820,2.2001,14.0396,0.20307831,80905655.02,67628.75,847937115.86
104,0.2847,2.2004,13.9963,0.20355057,80785669.30,67611.03,848086059.89
105,0.2875,2.2007,13.9530,0.20402641,80665979.53,67593.32,848234986.22
106,0.2902,2.2010,13.9096,0.20450588,80546585.72,67575.62,848383894.84
107,0.2930,2.2013,13.8663,0.20498900,80427487.86,67557.92,848532785.76
108,0.2957,2.2016,13.8229,0.20547582,80308685.98,67540.23,848681658.99
109,0.2984,2.2018,13.7795,0.20596636,80190180.09,67522.55,848830514.54
110,0.3012,2.2021,13.7362,0.20646067,80071970.21,67504.86,848979352.40
111,0.3039,2.2024,13.6928,0.20695877,79954056.38,67487.19,849128172.59
112,0.3066,2.2027,13.6493,0.20746071,79836438.63,67469.52,849276975.11
113,0.3094,2.2030,13.6059,0.20796653,79719117.00,67451.85,849425759.97
114,0.3121,2.2033,13.5625,0.20847625,79602091.54,67434.20,849574527.16
115,0.3149,2.2036,13.5190,0.20898992,79485362.29,67416.54,849723276.71
116,0.3176,2.2039,13.4756,0.20950758,79368929.32,67398.89,849872008.60
117,0.3203,2.2042,13.4321,0.21002926,79252792.68,67381.25,850020722.85
118,0.3231,2.2045,13.3886,0.21055501,79136952.45,67363.61,850169419.46
119,0.3258,2.2048,13.3451,0.21108486,79021408.71,67345.98,850318098.45
120,0.3285,2.2051,13.3016,0.21161886,78906161.53,67328.36,850466759.80
121,0.3313,2.2054,13.2581,0.21215704,78791211.00,67310.73,850615403.54
122,0.3340,2.2057,13.2146,0.21269946,78676557.22,67293.12,850764029.66
123,0.3368,2.2060,13.1710,0.21324614,78562200.28,67275.51,850912638.17
124,0.3395,2.2063,13.1275,0.21379714,78448140.29,67257.90,851061229.07
125,0.3422,2.2066,13.0839,0.21435250,78334377.37,67240.31,851209802.38
126,0.3450,2.2069,13.0403,0.21491226,78220911.63,67222.71,851358358.09
127,0.3477,2.2072,12.9967,0.21547646,78107743.21,67205.12,851506896.21
128,0.3504,2.2074,12.9531,0.21604516,77994872.22,67187.54,851655416.75
129,0.3532,2.2077,12.9095,0.21661839,77882298.82,67169.96,851803919.72
130,0.3559,2.2080,12.8659,0.21719621,77770023.15,67152.39,851952405.11
131,0.3587,2.2083,12.8222,0.21777866,77658045.36,67134.82,852100872.93
132,0.3614,2.2086,12.7786,0.21836579,77546365.61,67117.26,852249323.20
133,0.3641,2.2089,12.7349,0.21895765,77434984.07,67099.71,852397755.90
134,0.3669,2.2092,12.6913,0.21955428,77323900.92,67082.16,852546171.06
135,0.3696,2.2095,12.6476,0.22015575,77213116.34,67064.61,852694568.68
136,0.3723,2.2098,12.6039,0.22076209,77102630.51,67047.07,852842948.75
137,0.3751,2.2101,12.5602,0.22137337,76992443.63,67029.54,852991311.29
138,0.3778,2.2104,12.5164,0.22198962,76882555.92,67012.01,853139656.30
139,0.3806,2.2107,12.4727,0.22261091,76772967.58,66994.49,853287983.79
140,0.3833,2.2110,12.4290,0.22323730,76663678.83,66976.97,853436293.76
141,0.3860,2.2113,12.3852,0.22386882,76554689.90,66959.46,853584586.22
142,0.3888,2.2116,12.3414,0.22450555,76446001.02,66941.95,853732861.17
143,0.3915,2.2119,12.2976,0.22514754,76337612.45,66924.45,853881118.62
144,0.3943,2.2122,12.2539,0.22579483,76229524.43,66906.95,854029358.57
145,0.3970,2.2125,12.2100,0.22644750,76121737.23,66889.46,854177581.03
146,0.3997,2.2128,12.1662,0.22710560,76014251.12,66871.98,854325786.01
147,0.4025,2.2131,12.1224,0.22776919,75907066.36,66854.50,854473973.51
148,0.4052,2.2134,12.0786,0.22843833,75800183.26,66837.02,854622143.53
149,0.4079,2.2137,12.0347,0.22911308,75693602.11,66819.55,854770296.09
150,0.4107,2.2139,11.9908,0.22979350,75587323.20,66802.09,854918431.18
151,0.4134,2.2142,11.9470,0.23047967,75481346.87,66784.63,855066548.81
152,0.4162,2.2145,11.9031,0.23117163,75375673.42,66767.18,855214648.99
153,0.4189,2.2148,11.8592,0.23186947,75270303.19,66749.73,855362731.72
154,0.4216,2.2151,11.8153,0.23257324,75165236.53,66732.29,855510797.01
155,0.4244,2.2154,11.7713,0.23328301,75060473.79,66714.85,855658844.87
156,0.4271,2.2157,11.7274,0.23399885,74956015.33,66697.42,855806875.29
157,0.4298,2.2160,11.6834,0.23472083,74851861.52,66680.00,855954888.28
158,0.4326,2.2163,11.6395,0.23544903,74748012.74,66662.58,856102883.86
159,0.4353,2.2166,11.5955,0.23618350,74644469.38,66645.16,856250862.02
160,0.4381,2.2169,11.5515,0.23692433,74541231.86,66627.75,856398822.77
161,0.4408,2.2172,11.5075,0.23767159,74438300.57,66610.35,856546766.12
162,0.4435,2.2175,11.4635,0.23842536,74335675.95,66592.95,856694692.07
163,0.4463,2.2178,11.4195,0.23918570,74233358.43,66575.55,856842600.62
164,0.4490,2.2181,11.3755,0.23995271,74131348.46,66558.17,856990491.78
165,0.4517,2.2184,11.3314,0.24072645,74029646.49,66540.78,857138365.57
166,0.4545,2.2187,11.2874,0.24150701,73928252.99,66523.41,857286221.97
167,0.4572,2.2190,11.2433,0.24229448,73827168.44,66506.03,857434061.01
168,0.4600,2.2193,11.1992,0.24308892,73726393.34,66488.67,857581882.67
169,0.4627,2.2196,11.1551,0.24389043,73625928.19,66471.31,857729686.98
170,0.4654,2.2199,11.1110,0.24469909,73525773.50,66453.95,857877473.93
171,0.4682,2.2202,11.0669,0.24551499,73425929.81,66436.60,858025243.52
172,0.4709,2.2205,11.0228,0.24633822,73326397.64,66419.25,858172995.78
173,0.4736,2.2208,10.9786,0.24716887,73227177.57,66401.91,858320730.69
174,0.4764,2.2211,10.9345,0.24800703,73128270.15,66384.58,858468448.27
175,0.4791,2.2214,10.8903,0.24885279,73029675.97,66367.25,858616148.52
176,0.4819,2.2217,10.8461,0.24970624,72931395.61,66349.93,858763831.44
177,0.4846,2.2220,10.8020,0.25056749,72833429.69,66332.61,858911497.05
178,0.4873,2.2223,10.7578,0.25143663,72735778.82,66315.29,859059145.34
179,0.4901,2.2225,10.7135,0.25231376,72638443.64,66297.99,859206776.33
180,0.4928,2.2228,10.6693,0.25319898,72541424.80,66280.68,859354390.01
181,0.4956,2.2231,10.6251,0.25409240,72444722.97,66263.39,859501986.40
182,0.4983,2.2234,10.5808,0.25499411,72348338.81,66246.09,859649565.50
183,0.5010,2.2237,10.5366,0.25590423,72252273.03,66228.81,859797127.30
184,0.5038,2.2240,10.4923,0.25682286,72156526.34,66211.53,859944671.83
185,0.5065,2.2243,10.4480,0.25775012,72061099.45,66194.25,860092199.08
186,0.5092,2.2246,10.4037,0.25868611,71965993.10,66176.98,860239709.06
187,0.5120,2.2249,10.3594,0.25963096,71871208.06,66159.72,860387201.78
188,0.5147,2.2252,10.3151,0.26058477,71776745.10,66142.46,860534677.23
189,0.5175,2.2255,10.2708,0.26154766,71682605.00,66125.20,860682135.44
190,0.5202,2.2258,10.2264,0.26251976,71588788.57,66107.95,860829576.39
191,0.5229,2.2261,10.1821,0.26350119,71495296.63,66090.71,860977000.10
192,0.5257,2.2264,10.1377,0.26449207,71402130.03,66073.47,861124406.57
193,0.5284,2.2267,10.0933,0.26549252,71309289.62,66056.24,861271795.81
194,0.5311,2.2270,10.0489,0.26650269,71216776.28,66039.01,861419167.82
195,0.5339,2.2273,10.0045,0.26752270,71124590.91,66021.79,861566522.60
196,0.5366,2.2276,9.9601,0.26855268,71032734.42,66004.57,861713860.17
197,0.5394,2.2279,9.9157,0.26959278,70941207.74,65987.36,861861180.53
198,0.5421,2.2282,9.8712,0.27064312,70850011.82,65970.15,862008483.68
199,0.5448,2.2285,9.8268,0.27170386,70759147.64,65952.95,862155769.63
200,0.5476,2.2288,9.7823,0.27277513,70668616.20,65935.75,862303038.39
201,0.5503,2.2291,9.7378,0.27385709,70578418.50,65918.56,862450289.95
202,0.5530,2.2294,9.6933,0.27494988,70488555.58,65901.38,862597524.33
203,0.5558,2.2297,9.6488,0.27605366,70399028.50,65884.20,862744741.53
204,0.5585,2.2300,9.6043,0.27716858,70309838.33,65867.02,862891941.55
205,0.5613,2.2303,9.5598,0.27829480,70220986.17,65849.86,863039124.41
206,0.5640,2.2306,9.5153,0.27943248,70132473.15,65832.69,863186290.10
207,0.5667,2.2309,9.4707,0.28058179,70044300.42,65815.53,863333438.63
208,0.5695,2.2312,9.4262,0.28174289,69956469.14,65798.38,863480570.01
209,0.5722,2.2315,9.3816,0.28291596,69868980.50,65781.23,863627684.24
210,0.5749,2.2318,9.3370,0.28410118,69781835.73,65764.09,863774781.33
211,0.5777,2.2321,9.2924,0.28529871,69695036.07,65746.95,863921861.28
212,0.5804,2.2324,9.2478,0.28650874,69608582.79,65729.82,864068924.10
213,0.5832,2.2327,9.2032,0.28773147,69522477.17,65712.69,864215969.79
214,0.5859,2.2330,9.1585,0.28896706,69436720.55,65695.57,864362998.36
215,0.5886,2.2333,9.1139,0.29021573,69351314.27,65678.45,864510009.82
216,0.5914,2.2336,9.0692,0.29147766,69266259.70,65661.34,864657004.16
217,0.5941,2.2339,9.0246,0.29275305,69181558.25,65644.24,864803981.40
218,0.5969,2.2342,8.9799,0.29404212,69097211.36,65627.14,864950941.53
219,0.5996,2.2345,8.9352,0.29534507,69013220.48,65610.04,865097884.57
220,0.6023,2.2348,8.8905,0.29666211,68929587.10,65592.95,865244810.52
221,0.6051,2.2351,8.8457,0.29799346,68846312.75,65575.87,865391719.39
222,0.6078,2.2354,8.8010,0.29933935,68763398.98,65558.79,865538611.18
223,0.6105,2.2357,8.7563,0.30070000,68680847.38,65541.71,865685485.89
224,0.6133,2.2360,8.7115,0.30207564,68598659.57,65524.64,865832343.54
225,0.6160,2.2363,8.6668,0.30346651,68516837.18,65507.58,865979184.12
226,0.6188,2.2366,8.6220,0.30487285,68435381.92,65490.52,866126007.64
227,0.6215,2.2369,8.5772,0.30629491,68354295.50,65473.47,866272814.11
228,0.6242,2.2372,8.5324,0.30773294,68273579.67,65456.42,866419603.53
229,0.6270,2.2375,8.4876,0.30918719,68193236.22,65439.38,866566375.91
230,0.6297,2.2378,8.4427,0.31065794,68113266.99,65422.34,866713131.25
231,0.6324,2.2381,8.3979,0.31214545,68033673.83,65405.31,866859869.56
232,0.6352,2.2384,8.3530,0.31365000,67954458.66,65388.28,867006590.85
233,0.6379,2.2386,8.3082,0.31517187,67875623.41,65371.26,867153295.11
234,0.6407,2.2389,8.2633,0.31671134,67797170.08,65354.25,867299982.36
235,0.6434,2.2392,8.2184,0.31826870,67719100.68,65337.24,867446652.59
236,0.6461,2.2395,8.1735,0.31984427,67641417.28,65320.23,867593305.82
237,0.6489,2.2398,8.1286,0.32143834,67564121.99,65303.23,867739942.05
238,0.6516,2.2401,8.0837,0.32305124,67487216.98,65286.23,867886561.29
239,0.6543,2.2404,8.0387,0.32468328,67410704.43,65269.24,868033163.53
240,0.6571,2.2407,7.9938,0.32633479,67334586.59,65252.26,868179748.79
241,0.6598,2.2410,7.9488,0.32797509,67258861.13,65235.28,868242984.07
242,0.6626,2.2413,7.9038,0.32963525,67183530.35,65218.31,868306202.38
243,0.6653,2.2416,7.8589,0.33131559,67108596.61,65201.34,868369403.71
244,0.6680,2.2419,7.8139,0.33301647,67034062.29,65184.37,868432588.09
245,0.6708,2.2422,7.7689,0.33473827,66959929.86,65167.42,868495755.50
246,0.6735,2.2425,7.7238,0.33648135,66886201.83,65150.46,868558905.96
247,0.6762,2.2428,7.6788,0.33824609,66812880.74,65133.51,868622039.48
248,0.6790,2.2431,7.6337,0.34003288,66739969.21,65116.57,868685156.05
249,0.6817,2.2434,7.5887,0.34184212,66667469.92,65099.63,868748255.68
250,0.6845,2.2437,7.5436,0.34367423,66595385.58,65082.70,868811338.39
251,0.6872,2.2440,7.4985,0.34552961,66523718.99,65065.77,868874404.16
252,0.6899,2.2443,7.4534,0.34740871,66452472.99,65048.85,868937453.01
253,0.6927,2.2446,7.4083,0.34931196,66381650.50,65031.94,869000484.95
254,0.6954,2.2449,7.3632,0.35123981,66311254.47,65015.03,869063499.98
255,0.6982,2.2452,7.3181,0.35319273,66241287.96,64998.12,869126498.09
256,0.7009,2.2455,7.2729,0.35517119,66171754.07,64981.22,869189479.31
257,0.7036,2.2458,7.2278,0.35717568,66102655.96,64964.32,869252443.63
258,0.7064,2.2461,7.1826,0.35920669,66033996.89,64947.43,869315391.07
259,0.7091,2.2464,7.1374,0.36126475,65965780.17,64930.55,869378321.61
260,0.7118,2.2467,7.0922,0.36335037,65898009.19,64913.67,869441235.28
261,0.7146,2.2470,7.0470,0.36546410,65830687.42,64896.79,869504132.07
262,0.7173,2.2473,7.0018,0.36760649,65763818.40,64879.92,869567012.00
263,0.7201,2.2476,6.9566,0.36977811,65697405.75,64863.06,869629875.05
264,0.7228,2.2479,6.9113,0.37197954,65631453.19,64846.20,869692721.25
265,0.7255,2.2482,6.8661,0.37421138,65565964.51,64829.34,869755550.60
266,0.7283,2.2485,6.8208,0.37647424,65500943.58,64812.50,869818363.09
267,0.7310,2.2488,6.7755,0.37876877,65436394.38,64795.65,869881158.75
268,0.7337,2.2491,6.7302,0.38109560,65372320.96,64778.81,869943937.56
269,0.7365,2.2494,6.6849,0.38345542,65308727.48,64761.98,870006699.54
270,0.7392,2.2497,6.6396,0.38584889,65245618.20,64745.15,870069444.69
271,0.7420,2.2500,6.5943,0.38827673,65182997.46,64728.33,870132173.02
272,0.7447,2.2504,6.5490,0.39073967,65120869.72,64711.51,870194884.54
273,0.7474,2.2507,6.5036,0.39323845,65059239.54,64694.70,870257579.24
274,0.7502,2.2510,6.4582,0.39577384,64998111.59,64677.89,870320257.13
275,0.7529,2.2513,6.4129,0.39834662,64937490.66,64661.09,870382918.22
276,0.7556,2.2516,6.3675,0.40095762,64877381.63,64644.29,870445562.52
277,0.7584,2.2519,6.3221,0.40360766,64817789.53,64627.50,870508190.02
278,0.7611,2.2522,6.2767,0.40629761,64758719.50,64610.72,870570800.74
279,0.7639,2.2525,6.2312,0.40902836,64700176.79,64593.94,870633394.67
280,0.7666,2.2528,6.1858,0.41180081,64642166.81,64577.16,870695971.83
281,0.7693,2.2531,6.1403,0.41461591,64584695.07,64560.39,870758532.22
282,0.7721,2.2534,6.0949,0.41747463,64527767.25,64543.62,870821075.84
283,0.7748,2.2537,6.0494,0.42037796,64471389.15,64526.86,870883602.71
284,0.7775,2.2540,6.0039,0.42332695,64415566.72,64510.11,870946112.81
285,0.7803,2.2543,5.9584,0.42632264,64360306.08,64493.36,871008606.17
286,0.7830,2.2546,5.9129,0.42936613,64305613.49,64476.61,871071082.78
287,0.7858,2.2549,5.8674,0.43245856,64251495.35,64459.87,871133542.65
288,0.7885,2.2552,5.8218,0.43560109,64197958.28,64443.14,871195985.79
289,0.7912,2.2555,5.7763,0.43879492,64145009.01,64426.41,871258412.20
290,0.7940,2.2558,5.7307,0.44204129,64092654.50,64409.68,871320821.88
291,0.7967,2.2561,5.6852,0.44534149,64040901.87,64392.96,871383214.85
292,0.7995,2.2564,5.6396,0.44869684,63989758.41,64376.25,871445591.10
293,0.8022,2.2567,5.5940,0.45210871,63939231.65,64359.54,871507950.64
294,0.8049,2.2570,5.5484,0.45557851,63889329.28,64342.84,871570293.48
295,0.8077,2.2573,5.5028,0.45910771,63840059.22,64326.14,871632619.62
296,0.8104,2.2576,5.4571,0.46269782,63791429.61,64309.45,871694929.06
297,0.8131,2.2579,5.4115,0.46635039,63743448.80,64292.76,871757221.82
298,0.8159,2.2582,5.3658,0.47006706,63696125.38,64276.07,871819497.89
299,0.8186,2.2585,5.3201,0.47384948,63649468.18,64259.40,871881757.29
300,0.8214,2.2588,5.2745,0.47769941,63603486.27,64242.72,871944000.02
301,0.8241,2.2591,5.2288,0.48161862,63558189.00,64226.06,872006226.07
302,0.8268,2.2594,5.1831,0.48560898,63513585.96,64209.39,872068435.47
303,0.8296,2.2597,5.1373,0.48967241,63469687.03,64192.74,872130628.20
304,0.8323,2.2600,5.0916,0.49381091,63426502.37,64176.08,872192804.29
305,0.8350,2.2603,5.0459,0.49802656,63384042.44,64159.44,872254963.73
306,0.8378,2.2606,5.0001,0.50232148,63342318.02,64142.80,872317106.52
307,0.8405,2.2609,4.9543,0.50669792,63301340.19,64126.16,872379232.68
308,0.8433,2.2612,4.9085,0.51115819,63261120.38,64109.53,872441342.21
309,0.8460,2.2615,4.8627,0.51570467,63221670.35,64092.90,872503435.11
310,0.8487,2.2618,4.8169,0.52033988,63183002.24,64076.28,872565511.39
311,0.8515,2.2621,4.7711,0.52506638,63145128.53,64059.66,872627571.05
312,0.8542,2.2624,4.7253,0.52988688,63108062.14,64043.05,872689614.10
313,0.8569,2.2627,4.6794,0.53480418,63071816.33,64026.45,872751640.55
314,0.8597,2.2630,4.6336,0.53982118,63036404.83,64009.85,872813650.40
315,0.8624,2.2633,4.5877,0.54494090,63001841.78,63993.25,872875643.65
316,0.8652,2.2636,4.5418,0.55016652,62968141.80,63976.66,872937620.31
317,0.8679,2.2639,4.4959,0.55550129,62935319.95,63960.07,872999580.38
318,0.8706,2.2642,4.4500,0.56094866,62903391.82,63943.49,873061523.87
319,0.8734,2.2645,4.4041,0.56651217,62872373.49,63926.92,873123450.79
320,0.8761,2.2648,4.3582,0.57219555,62842281.59,63910.35,873185361.14
321,0.8789,2.2651,4.3123,0.57800267,62813133.31,63893.78,873247254.93
322,0.8816,2.2654,4.2663,0.58393759,62784946.43,63877.22,873309132.15
323,0.8843,2.2657,4.2203,0.59000451,62757739.33,63860.67,873370992.82
324,0.8871,2.2660,4.1743,0.59620786,62731531.04,63844.12,873432836.94
325,0.8898,2.2663,4.1284,0.60255225,62706341.26,63827.57,873494664.51
326,0.8925,2.2667,4.0824,0.60904250,62682190.39,63811.04,873556475.55
327,0.8953,2.2670,4.0363,0.61568366,62659099.55,63794.50,873618270.05
328,0.8980,2.2673,3.9903,0.62248100,62637090.66,63777.97,873680048.02
329,0.9008,2.2676,3.9443,0.62944005,62616186.40,63761.45,873741809.47
330,0.9035,2.2679,3.8982,0.63656661,62596410.34,63744.93,873803554.40
331,0.9062,2.2682,3.8521,0.64386676,62577786.88,63728.41,873865282.81
332,0.9090,2.2685,3.8061,0.65134686,62560341.41,63711.91,873926994.72
333,0.9117,2.2688,3.7600,0.65901361,62544100.25,63695.40,873988690.12
334,0.9144,2.2691,3.7139,0.66687402,62529090.75,63678.90,874050369.02
335,0.9172,2.2694,3.6678,0.67493548,62515341.37,63662.41,874112031.43
336,0.9199,2.2697,3.6216,0.68320574,62502881.65,63645.92,874173677.36
337,0.9227,2.2700,3.5755,0.69169298,62491742.37,63629.44,874235306.79
338,0.9254,2.2703,3.5293,0.70040578,62481955.54,63612.96,874296919.76
339,0.9281,2.2706,3.4832,0.70935321,62473554.50,63596.49,874358516.24
340,0.9309,2.2709,3.4370,0.71854482,62466574.00,63580.02,874420096.26
341,0.9336,2.2712,3.3908,0.72799067,62461050.24,63563.56,874481659.82
342,0.9363,2.2715,3.3446,0.73770141,62457021.01,63547.10,874543206.92
343,0.9391,2.2718,3.2984,0.74768828,62454525.72,63530.65,874604737.56
344,0.9418,2.2721,3.2522,0.75796315,62453605.53,63514.20,874666251.76
345,0.9446,2.2724,3.2059,0.76853860,62454303.45,63497.76,874727749.51
346,0.9473,2.2727,3.1597,0.77942796,62456664.44,63481.32,874789230.83
347,0.9500,2.2730,3.1134,0.79064533,62460735.55,63464.88,874850695.72
348,0.9528,2.2733,3.0671,0.80220570,62466566.00,63448.46,874912144.17
349,0.9555,2.2736,3.0208,0.81412497,62474207.38,63432.04,874973576.21
350,0.9582,2.2739,2.9745,0.82642005,62483713.75,63415.62,875034991.83
351,0.9610,2.2742,2.9282,0.83910890,62495141.82,63399.21,875096391.03
352,0.9637,2.2745,2.8819,0.85221069,62508551.12,63382.80,875157773.83
353,0.9665,2.2748,2.8355,0.86574581,62524004.20,63366.40,875219140.23
354,0.9692,2.2752,2.7892,0.87973605,62541566.79,63350.00,875280490.23
355,0.9719,2.2755,2.7428,0.89420467,62561308.09,63333.61,875341823.83
356,0.9747,2.2758,2.6965,0.90917653,62583300.96,63317.22,875403141.05
357,0.9774,2.2761,2.6501,0.92467828,62607622.17,63300.84,875464441.89
358,0.9802,2.2764,2.6037,0.94073845,62634352.74,63284.46,875525726.36
359,0.9829,2.2767,2.5572,0.95738766,62663578.21,63268.09,875586994.45
360,0.9856,2.2770,2.5108,0.97465884,62695388.99,63251.72,875648246.17
361,0.9884,2.2773,2.4644,0.99258740,62729880.73,63235.36,875709481.53
362,0.9911,2.2776,2.4179,1.01121147,62767154.72,63219.01,875770700.54
363,0.9938,2.2779,2.3715,1.03057223,62807318.38,63202.65,875831903.19
364,0.9966,2.2782,2.3250,1.05071416,62850485.71,63186.31,875893089.50
365,0.9993,2.2785,2.2785,1.07168537,62896777.85,63169.97,875954259.46
366,1.0021,2.2788,2.2788,1.07156918,62942988.37,63153.63,876015413.09
367,1.0048,2.2791,2.2791,1.07145305,62989117.43,63137.30,876076550.39
368,1.0075,2.2794,2.2794,1.07133698,63035165.19,63120.97,876137671.36
369,1.0103,2.2797,2.2797,1.07122097,63081131.81,63104.65,876198776.01
370,1.0130,2.2800,2.2800,1.07110503,63127017.43,63088.33,876259864.35
371,1.0157,2.2803,2.2803,1.07098915,63172822.24,63072.02,876320936.37
372,1.0185,2.2806,2.2806,1.07087333,63218546.37,63055.72,876381992.09
373,1.0212,2.2809,2.2809,1.07075757,63264189.98,63039.42,876443031.50
374,1.0240,2.2812,2.2812,1.07064187,63309753.24,63023.12,876504054.62
375,1.0267,2.2815,2.2815,1.07052624,63355236.30,63006.83,876565061.45
376,1.0294,2.2819,2.2819,1.07041066,63400639.31,62990.54,876626051.99
377,1.0322,2.2822,2.2822,1.07029515,63445962.44,62974.26,876687026.25
378,1.0349,2.2825,2.2825,1.07017970,63491205.83,62957.99,876747984.24
379,1.0376,2.2828,2.2828,1.07006431,63536369.64,62941.71,876808925.95
380,1.0404,2.2831,2.2831,1.06994897,63581454.02,62925.45,876869851.40
381,1.0431,2.2834,2.2834,1.06983370,63626459.14,62909.19,876930760.59
382,1.0459,2.2837,2.2837,1.06971849,63671385.14,62892.93,876991653.52
383,1.0486,2.2840,2.2840,1.06960334,63716232.19,62876.68,877052530.20
384,1.0513,2.2843,2.2843,1.06948825,63761000.42,62860.43,877113390.64
385,1.0541,2.2846,2.2846,1.06937322,63805690.00,62844.19,877174234.83
386,1.0568,2.2849,2.2849,1.06925825,63850301.08,62827.96,877235062.79
387,1.0595,2.2852,2.2852,1.06914334,63894833.81,62811.73,877295874.52
388,1.0623,2.2855,2.2855,1.06902849,63939288.34,62795.50,877356670.02
389,1.0650,2.2858,2.2858,1.06891370,63983664.83,62779.28,877417449.30
390,1.0678,2.2861,2.2861,1.06879897,64027963.42,62763.06,877478212.36
391,1.0705,2.2864,2.2864,1.06868430,64072184.28,62746.85,877538959.22
392,1.0732,2.2867,2.2867,1.06856968,64116327.54,62730.65,877599689.86
393,1.0760,2.2870,2.2870,1.06845513,64160393.37,62714.45,877660404.31
394,1.0787,2.2873,2.2873,1.06834063,64204381.91,62698.25,877721102.56
395,1.0815,2.2877,2.2877,1.06822620,64248293.31,62682.06,877781784.62
396,1.0842,2.2880,2.2880,1.06811182,64292127.72,62665.88,877842450.50
397,1.0869,2.2883,2.2883,1.06799750,64335885.30,62649.69,877903100.19
398,1.0897,2.2886,2.2886,1.06788324,64379566.19,62633.52,877963733.71
399,1.0924,2.2889,2.2889,1.06776904,64423170.53,62617.35,878024351.06
400,1.0951,2.2892,2.2892,1.06765489,64466698.49,62601.18,878084952.24
401,1.0979,2.2895,2.2895,1.06754081,64510150.20,62585.02,878145537.26
402,1.1006,2.2898,2.2898,1.06742678,64553525.83,62568.86,878206106.13
403,1.1034,2.2901,2.2901,1.06731281,64596825.50,62552.71,878266658.84
404,1.1061,2.2904,2.2904,1.06719889,64640049.38,62536.57,878327195.41
405,1.1088,2.2907,2.2907,1.06708504,64683197.61,62520.43,878387715.84
406,1.1116,2.2910,2.2910,1.06697124,64726270.33,62504.29,878448220.13
407,1.1143,2.2913,2.2913,1.06685750,64769267.70,62488.16,878508708.29
408,1.1170,2.2916,2.2916,1.06674382,64812189.85,62472.03,878569180.32
409,1.1198,2.2919,2.2919,1.06663019,64855036.95,62455.91,878629636.24
410,1.1225,2.2922,2.2922,1.06651662,64897809.12,62439.80,878690076.03
411,1.1253,2.2926,2.2926,1.06640311,64940506.52,62423.69,878750499.72
412,1.1280,2.2929,2.2929,1.06628965,64983129.30,62407.58,878810907.30
413,1.1307,2.2932,2.2932,1.06617625,65025677.59,62391.48,878871298.78
414,1.1335,2.2935,2.2935,1.06606291,65068151.55,62375.38,878931674.16
415,1.1362,2.2938,2.2938,1.06594962,65110551.32,62359.29,878992033.45
416,1.1389,2.2941,2.2941,1.06583639,65152877.04,62343.21,879052376.66
417,1.1417,2.2944,2.2944,1.06572322,65195128.85,62327.12,879112703.78
418,1.1444,2.2947,2.2947,1.06561010,65237306.90,62311.05,879173014.83
419,1.1472,2.2950,2.2950,1.06549704,65279411.34,62294.98,879233309.81
420,1.1499,2.2953,2.2953,1.06538403,65321442.30,62278.91,879293588.72
421,1.1526,2.2956,2.2956,1.06527108,65363399.94,62262.85,879353851.57
422,1.1554,2.2959,2.2959,1.06515819,65405284.38,62246.79,879414098.36
423,1.1581,2.2962,2.2962,1.06504535,65447095.78,62230.74,879474329.10
424,1.1608,2.2965,2.2965,1.06493256,65488834.27,62214.69,879534543.80
425,1.1636,2.2968,2.2968,1.06481983,65530500.01,62198.65,879594742.45
426,1.1663,2.2972,2.2972,1.06470716,65572093.12,62182.62,879654925.07
427,1.1691,2.2975,2.2975,1.06459454,65613613.75,62166.58,879715091.65
428,1.1718,2.2978,2.2978,1.06448198,65655062.04,62150.56,879775242.21
429,1.1745,2.2981,2.2981,1.06436947,65696438.14,62134.54,879835376.74
430,1.1773,2.2984,2.2984,1.06425701,65737742.18,62118.52,879895495.26
431,1.1800,2.2987,2.2987,1.06414461,65778974.30,62102.51,879955597.77
432,1.1828,2.2990,2.2990,1.06403227,65820134.64,62086.50,880015684.27
433,1.1855,2.2993,2.2993,1.06391997,65861223.35,62070.50,880075754.77
434,1.1882,2.2996,2.2996,1.06380774,65902240.55,62054.50,880135809.27
435,1.1910,2.2999,2.2999,1.06369555,65943186.40,62038.51,880195847.78
436,1.1937,2.3002,2.3002,1.06358342,65984061.03,62022.52,880255870.30
437,1.1964,2.3005,2.3005,1.06347135,66024864.57,62006.54,880315876.84
438,1.1992,2.3008,2.3008,1.06335933,66065597.17,61990.56,880375867.40
439,1.2019,2.3012,2.3012,1.06324736,66106258.96,61974.59,880435841.99
440,1.2047,2.3015,2.3015,1.06313544,66146850.09,61958.62,880495800.62
441,1.2074,2.3018,2.3018,1.06302358,66187370.68,61942.66,880555743.27
442,1.2101,2.3021,2.3021,1.06291177,66227820.88,61926.70,880615669.98
443,1.2129,2.3024,2.3024,1.06280002,66268200.82,61910.75,880675580.73
444,1.2156,2.3027,2.3027,1.06268832,66308510.64,61894.80,880735475.53
445,1.2183,2.3030,2.3030,1.06257667,66348750.47,61878.86,880795354.39
446,1.2211,2.3033,2.3033,1.06246507,66388920.46,61862.92,880855217.31
447,1.2238,2.3036,2.3036,1.06235353,66429020.73,61846.99,880915064.29
448,1.2266,2.3039,2.3039,1.06224204,66469051.43,61831.06,880974895.35
449,1.2293,2.3042,2.3042,1.06213060,66509012.68,61815.14,881034710.49
450,1.2320,2.3045,2.3045,1.06201921,66548904.63,61799.22,881094509.71
451,1.2348,2.3048,2.3048,1.06190788,66588727.41,61783.30,881154293.01
452,1.2375,2.3052,2.3052,1.06179660,66628481.14,61767.40,881214060.41
453,1.2402,2.3055,2.3055,1.06168537,66668165.98,61751.49,881273811.90
454,1.2430,2.3058,2.3058,1.06157419,66707782.04,61735.59,881333547.49
455,1.2457,2.3061,2.3061,1.06146306,66747329.47,61719.70,881393267.19
456,1.2485,2.3064,2.3064,1.06135199,66786808.39,61703.81,881452971.00
457,1.2512,2.3067,2.3067,1.06124097,66826218.95,61687.93,881512658.93
458,1.2539,2.3070,2.3070,1.06112999,66865561.27,61672.05,881572330.98
459,1.2567,2.3073,2.3073,1.06101908,66904835.48,61656.17,881631987.15
460,1.2594,2.3076,2.3076,1.06090821,66944041.72,61640.30,881691627.46
461,1.2621,2.3079,2.3079,1.06079739,66983180.13,61624.44,881751251.90
462,1.2649,2.3082,2.3082,1.06068662,67022250.82,61608.58,881810860.48
463,1.2676,2.3085,2.3085,1.06057591,67061253.94,61592.73,881870453.20
464,1.2704,2.3089,2.3089,1.06046524,67100189.62,61576.88,881930030.08
465,1.2731,2.3092,2.3092,1.06035463,67139057.98,61561.03,881989591.11
466,1.2758,2.3095,2.3095,1.06024407,67177859.15,61545.19,882049136.30
467,1.2786,2.3098,2.3098,1.06013356,67216593.28,61529.36,882108665.66
468,1.2813,2.3101,2.3101,1.06002309,67255260.48,61513.53,882168179.19
469,1.2841,2.3104,2.3104,1.05991268,67293860.89,61497.70,882227676.89
470,1.2868,2.3107,2.3107,1.05980232,67332394.64,61481.88,882287158.77
471,1.2895,2.3110,2.3110,1.05969201,67370861.86,61466.07,882346624.83
472,1.2923,2.3113,2.3113,1.05958175,67409262.67,61450.25,882406075.09
473,1.2950,2.3116,2.3116,1.05947154,67447597.21,61434.45,882465509.54
474,1.2977,2.3119,2.3119,1.05936137,67485865.60,61418.65,882524928.18
475,1.3005,2.3123,2.3123,1.05925126,67524067.97,61402.85,882584331.04
476,1.3032,2.3126,2.3126,1.05914120,67562204.46,61387.06,882643718.10
477,1.3060,2.3129,2.3129,1.05903119,67600275.19,61371.27,882703089.37
478,1.3087,2.3132,2.3132,1.05892122,67638280.28,61355.49,882762444.87
479,1.3114,2.3135,2.3135,1.05881131,67676219.87,61339.72,882821784.58
480,1.3142,2.3138,2.3138,1.05870144,67714094.07,61323.94,882881108.53
481,1.3169,2.3141,2.3141,1.05859163,67751903.03,61308.18,882940416.70
482,1.3196,2.3144,2.3144,1.05848186,67789646.86,61292.42,882999709.12
483,1.3224,2.3147,2.3147,1.05837214,67827325.70,61276.66,883058985.78
484,1.3251,2.3150,2.3150,1.05826247,67864939.66,61260.91,883118246.69
485,1.3279,2.3153,2.3153,1.05815285,67902488.88,61245.16,883177491.85
486,1.3306,2.3157,2.3157,1.05804328,67939973.48,61229.42,883236721.26
487,1.3333,2.3160,2.3160,1.05793376,67977393.58,61213.68,883295934.94
488,1.3361,2.3163,2.3163,1.05782428,68014749.31,61197.95,883355132.89
489,1.3388,2.3166,2.3166,1.05771485,68052040.80,61182.22,883414315.11
490,1.3415,2.3169,2.3169,1.05760547,68089268.18,61166.50,883473481.60
491,1.3443,2.3172,2.3172,1.05749614,68126431.55,61150.78,883532632.38
492,1.3470,2.3175,2.3175,1.05738686,68163531.06,61135.06,883591767.45
493,1.3498,2.3178,2.3178,1.05727762,68200566.82,61119.36,883650886.80
494,1.3525,2.3181,2.3181,1.05716844,68237538.96,61103.65,883709990.45
495,1.3552,2.3184,2.3184,1.05705930,68274447.59,61087.95,883769078.41
496,1.3580,2.3188,2.3188,1.05695020,68311292.86,61072.26,883828150.67
497,1.3607,2.3191,2.3191,1.05684116,68348074.87,61056.57,883887207.24
498,1.3634,2.3194,2.3194,1.05673216,68384793.75,61040.89,883946248.12
499,1.3662,2.3197,2.3197,1.05662321,68421449.62,61025.21,884005273.33
500,1.3689,2.3200,2.3200,1.05651431,68458042.61,61009.53,884064282.86
501,1.3717,2.3203,2.3203,1.05640545,68494572.84,60993.86,884123276.72
502,1.3744,2.3206,2.3206,1.05629664,68531040.43,60978.20,884182254.92
503,1.3771,2.3209,2.3209,1.05618788,68567445.50,60962.54,884241217.45
504,1.3799,2.3212,2.3212,1.05607916,68603788.17,60946.88,884300164.33
505,1.3826,2.3215,2.3215,1.05597049,68640068.56,60931.23,884359095.56
506,1.3854,2.3219,2.3219,1.05586187,68676286.80,60915.58,884418011.15
507,1.3881,2.3222,2.3222,1.05575329,68712443.00,60899.94,884476911.09
508,1.3908,2.3225,2.3225,1.05564476,68748537.29,60884.31,884535795.40
509,1.3936,2.3228,2.3228,1.05553628,68784569.79,60868.68,884594664.08
510,1.3963,2.3231,2.3231,1.05542784,68820540.61,60853.05,884653517.13
511,1.3990,2.3234,2.3234,1.05531945,68856449.88,60837.43,884712354.56
512,1.4018,2.3237,2.3237,1.05521111,68892297.72,60821.81,884771176.37
513,1.4045,2.3240,2.3240,1.05510281,68928084.24,60806.20,884829982.57
514,1.4073,2.3243,2.3243,1.05499455,68963809.56,60790.59,884888773.16
515,1.4100,2.3246,2.3246,1.05488634,68999473.80,60774.99,884947548.15
516,1.4127,2.3250,2.3250,1.05477818,69035077.09,60759.39,885006307.55
517,1.4155,2.3253,2.3253,1.05467006,69070619.54,60743.80,885065051.35
518,1.4182,2.3256,2.3256,1.05456199,69106101.26,60728.21,885123779.56
519,1.4209,2.3259,2.3259,1.05445396,69141522.38,60712.63,885182492.19
520,1.4237,2.3262,2.3262,1.05434598,69176883.01,60697.05,885241189.24
521,1.4264,2.3265,2.3265,1.05423804,69212183.28,60681.48,885299870.72
522,1.4292,2.3268,2.3268,1.05413015,69247423.29,60665.91,885358536.63
523,1.4319,2.3271,2.3271,1.05402231,69282603.16,60650.35,885417186.97
524,1.4346,2.3274,2.3274,1.05391450,69317723.02,60634.79,885475821.76
525,1.4374,2.3278,2.3278,1.05380675,69352782.98,60619.23,885534440.99
526,1.4401,2.3281,2.3281,1.05369903,69387783.15,60603.68,885593044.68
527,1.4428,2.3284,2.3284,1.05359137,69422723.65,60588.14,885651632.81
528,1.4456,2.3287,2.3287,1.05348374,69457604.60,60572.60,885710205.41
529,1.4483,2.3290,2.3290,1.05337616,69492426.11,60557.06,885768762.47
530,1.4511,2.3293,2.3293,1.05326863,69527188.30,60541.53,885827304.01
531,1.4538,2.3296,2.3296,1.05316113,69561891.28,60526.01,885885830.01
532,1.4565,2.3299,2.3299,1.05305369,69596535.17,60510.49,885944340.50
533,1.4593,2.3302,2.3302,1.05294628,69631120.08,60494.97,886002835.47
534,1.4620,2.3306,2.3306,1.05283892,69665646.12,60479.46,886061314.93
535,1.4648,2.3309,2.3309,1.05273161,69700113.42,60463.95,886119778.88
536,1.4675,2.3312,2.3312,1.05262434,69734522.08,60448.45,886178227.34
537,1.4702,2.3315,2.3315,1.05251711,69768872.22,60432.95,886236660.29
538,1.4730,2.3318,2.3318,1.05240992,69803163.96,60417.46,886295077.75
539,1.4757,2.3321,2.3321,1.05230278,69837397.40,60401.98,886353479.73
540,1.4784,2.3324,2.3324,1.05219568,69871572.66,60386.49,886411866.22
541,1.4812,2.3327,2.3327,1.05208863,69905689.85,60371.02,886470237.24
542,1.4839,2.3331,2.3331,1.05198161,69939749.08,60355.54,886528592.78
543,1.4867,2.3334,2.3334,1.05187465,69973750.48,60340.07,886586932.85
544,1.4894,2.3337,2.3337,1.05176772,70007694.14,60324.61,886645257.47
545,1.4921,2.3340,2.3340,1.05166084,70041580.18,60309.15,886703566.62
546,1.4949,2.3343,2.3343,1.05155399,70075408.72,60293.70,886761860.32
547,1.4976,2.3346,2.3346,1.05144720,70109179.86,60278.25,886820138.57
548,1.5003,2.3349,2.3349,1.05134044,70142893.72,60262.81,886878401.37
549,1.5031,2.3352,2.3352,1.05123373,70176550.40,60247.37,886936648.74
550,1.5058,2.3355,2.3355,1.05112706,70210150.02,60231.93,886994880.67
551,1.5086,2.3359,2.3359,1.05102043,70243692.70,60216.50,887053097.17
552,1.5113,2.3362,2.3362,1.05091384,70277178.53,60201.08,887111298.24
553,1.5140,2.3365,2.3365,1.05080730,70310607.63,60185.65,887169483.90
554,1.5168,2.3368,2.3368,1.05070079,70343980.11,60170.24,887227654.14
555,1.5195,2.3371,2.3371,1.05059433,70377296.08,60154.83,887285808.97
556,1.5222,2.3374,2.3374,1.05048791,70410555.65,60139.42,887343948.39
557,1.5250,2.3377,2.3377,1.05038154,70443758.93,60124.02,887402072.41
558,1.5277,2.3380,2.3380,1.05027520,70476906.03,60108.62,887460181.03
559,1.5305,2.3384,2.3384,1.05016891,70509997.06,60093.23,887518274.26
560,1.5332,2.3387,2.3387,1.05006266,70543032.12,60077.84,887576352.11
561,1.5359,2.3390,2.3390,1.04995645,70576011.32,60062.46,887634414.57
562,1.5387,2.3393,2.3393,1.04985028,70608934.78,60047.08,887692461.65
563,1.5414,2.3396,2.3396,1.04974415,70641802.60,60031.71,887750493.36
564,1.5441,2.3399,2.3399,1.04963806,70674614.89,60016.34,887808509.71
565,1.5469,2.3402,2.3402,1.04953201,70707371.75,60000.98,887866510.68
566,1.5496,2.3405,2.3405,1.04942601,70740073.30,59985.62,887924496.30
567,1.5524,2.3409,2.3409,1.04932004,70772719.64,59970.27,887982466.57
568,1.5551,2.3412,2.3412,1.04921412,70805310.88,59954.92,888040421.49
569,1.5578,2.3415,2.3415,1.04910824,70837847.13,59939.57,888098361.06
570,1.5606,2.3418,2.3418,1.04900239,70870328.48,59924.23,888156285.29
571,1.5633,2.3421,2.3421,1.04889659,70902755.06,59908.90,888214194.19
572,1.5661,2.3424,2.3424,1.04879083,70935126.96,59893.57,888272087.75
573,1.5688,2.3427,2.3427,1.04868511,70967444.29,59878.24,888329966.00
574,1.5715,2.3431,2.3431,1.04857943,70999707.16,59862.92,888387828.91
575,1.5743,2.3434,2.3434,1.04847379,71031915.67,59847.60,888445676.52
576,1.5770,2.3437,2.3437,1.04836818,71064069.93,59832.29,888503508.81
577,1.5797,2.3440,2.3440,1.04826262,71096170.04,59816.99,888561325.80
578,1.5825,2.3443,2.3443,1.04815710,71128216.11,59801.68,888619127.48
579,1.5852,2.3446,2.3446,1.04805162,71160208.24,59786.39,888676913.86
580,1.5880,2.3449,2.3449,1.04794618,71192146.54,59771.09,888734684.96
581,1.5907,2.3452,2.3452,1.04784078,71224031.12,59755.80,888792440.76
582,1.5934,2.3456,2.3456,1.04773541,71255862.07,59740.52,888850181.28
583,1.5962,2.3459,2.3459,1.04763009,71287639.49,59725.24,888907906.53
584,1.5989,2.3462,2.3462,1.04752481,71319363.51,59709.97,888965616.50
585,1.6016,2.3465,2.3465,1.04741956,71351034.21,59694.70,889023311.20
586,1.6044,2.3468,2.3468,1.04731436,71382651.70,59679.44,889080990.63
587,1.6071,2.3471,2.3471,1.04720919,71414216.08,59664.18,889138654.81
588,1.6099,2.3474,2.3474,1.04710406,71445727.47,59648.92,889196303.73
589,1.6126,2.3478,2.3478,1.04699898,71477185.95,59633.67,889253937.40
590,1.6153,2.3481,2.3481,1.04689393,71508591.63,59618.43,889311555.82
591,1.6181,2.3484,2.3484,1.04678892,71539944.62,59603.18,889369159.01
592,1.6208,2.3487,2.3487,1.04668394,71571245.02,59587.95,889426746.96
593,1.6235,2.3490,2.3490,1.04657901,71602492.92,59572.72,889484319.67
594,1.6263,2.3493,2.3493,1.04647412,71633688.44,59557.49,889541877.16
595,1.6290,2.3496,2.3496,1.04636926,71664831.67,59542.27,889599419.43
596,1.6318,2.3500,2.3500,1.04626444,71695922.71,59527.05,889656946.48
597,1.6345,2.3503,2.3503,1.04615966,71726961.67,59511.84,889714458.32
598,1.6372,2.3506,2.3506,1.04605492,71757948.64,59496.63,889771954.95
599,1.6400,2.3509,2.3509,1.04595022,71788883.73,59481.43,889829436.37
600,1.6427,2.3512,2.3512,1.04584555,71819767.03,59466.23,889886902.60
601,1.6454,2.3515,2.3515,1.04574092,71850598.66,59451.03,889944353.63
602,1.6482,2.3518,2.3518,1.04563634,71881378.70,59435.84,890001789.47
603,1.6509,2.3522,2.3522,1.04553178,71912107.26,59420.66,890059210.13
604,1.6537,2.3525,2.3525,1.04542727,71942784.44,59405.48,890116615.61
605,1.6564,2.3528,2.3528,1.04532279,71973410.33,59390.30,890174005.92
606,1.6591,2.3531,2.3531,1.04521835,72003985.04,59375.13,890231381.05
607,1.6619,2.3534,2.3534,1.04511395,72034508.67,59359.97,890288741.02
608,1.6646,2.3537,2.3537,1.04500959,72064981.31,59344.81,890346085.82
609,1.6674,2.3540,2.3540,1.04490526,72095403.06,59329.65,890403415.47
610,1.6701,2.3544,2.3544,1.04480097,72125774.03,59314.50,890460729.97
611,1.6728,2.3547,2.3547,1.04469672,72156094.31,59299.35,890518029.32
612,1.6756,2.3550,2.3550,1.04459251,72186363.99,59284.21,890575313.53
613,1.6783,2.3553,2.3553,1.04448833,72216583.19,59269.07,890632582.60
614,1.6810,2.3556,2.3556,1.04438419,72246751.98,59253.94,890689836.54
615,1.6838,2.3559,2.3559,1.04428008,72276870.48,59238.81,890747075.34
616,1.6865,2.3562,2.3562,1.04417601,72306938.78,59223.68,890804299.03
617,1.6893,2.3566,2.3566,1.04407198,72336956.98,59208.56,890861507.59
618,1.6920,2.3569,2.3569,1.04396799,72366925.17,59193.45,890918701.04
619,1.6947,2.3572,2.3572,1.04386403,72396843.46,59178.34,890975879.38
620,1.6975,2.3575,2.3575,1.04376011,72426711.93,59163.24,891033042.62
621,1.7002,2.3578,2.3578,1.04365622,72456530.68,59148.13,891090190.75
622,1.7029,2.3581,2.3581,1.04355237,72486299.82,59133.04,891147323.79
623,1.7057,2.3585,2.3585,1.04344856,72516019.43,59117.95,891204441.74
624,1.7084,2.3588,2.3588,1.04334478,72545689.62,59102.86,891261544.60
625,1.7112,2.3591,2.3591,1.04324104,72575310.47,59087.78,891318632.38
626,1.7139,2.3594,2.3594,1.04313734,72604882.09,59072.70,891375705.08
627,1.7166,2.3597,2.3597,1.04303367,72634404.57,59057.63,891432762.71
628,1.7194,2.3600,2.3600,1.04293004,72663878.00,59042.56,891489805.27
629,1.7221,2.3603,2.3603,1.04282644,72693302.48,59027.50,891546832.77
630,1.7248,2.3607,2.3607,1.04272288,72722678.11,59012.44,891603845.20
631,1.7276,2.3610,2.3610,1.04261935,72752004.97,58997.38,891660842.59
632,1.7303,2.3613,2.3613,1.04251586,72781283.17,58982.33,891717824.92
633,1.7331,2.3616,2.3616,1.04241240,72810512.80,58967.29,891774792.21
634,1.7358,2.3619,2.3619,1.04230898,72839693.95,58952.25,891831744.46
635,1.7385,2.3622,2.3622,1.04220560,72868826.72,58937.21,891888681.67
636,1.7413,2.3626,2.3626,1.04210225,72897911.19,58922.18,891945603.86
637,1.7440,2.3629,2.3629,1.04199894,72926947.47,58907.16,892002511.01
638,1.7467,2.3632,2.3632,1.04189566,72955935.64,58892.13,892059403.15
639,1.7495,2.3635,2.3635,1.04179241,72984875.81,58877.12,892116280.27
640,1.7522,2.3638,2.3638,1.04168920,73013768.06,58862.11,892173142.37
641,1.7550,2.3641,2.3641,1.04158603,73042612.48,58847.10,892229989.47
642,1.7577,2.3644,2.3644,1.04148289,73071409.17,58832.09,892286821.56
643,1.7604,2.3648,2.3648,1.04137978,73100158.22,58817.10,892343638.66
644,1.7632,2.3651,2.3651,1.04127671,73128859.73,58802.10,892400440.76
645,1.7659,2.3654,2.3654,1.04117367,73157513.78,58787.11,892457227.87
646,1.7687,2.3657,2.3657,1.04107067,73186120.46,58772.13,892514000.00
647,1.7714,2.3660,2.3660,1.04096770,73214679.88,58757.15,892570757.15
648,1.7741,2.3663,2.3663,1.04086477,73243192.11,58742.17,892627499.32
649,1.7769,2.3667,2.3667,1.04076187,73271657.26,58727.20,892684226.52
650,1.7796,2.3670,2.3670,1.04065901,73300075.41,58712.23,892740938.75
651,1.7823,2.3673,2.3673,1.04055617,73328446.65,58697.27,892797636.03
652,1.7851,2.3676,2.3676,1.04045338,73356771.07,58682.32,892854318.34
653,1.7878,2.3679,2.3679,1.04035061,73385048.78,58667.36,892910985.71
654,1.7906,2.3682,2.3682,1.04024788,73413279.84,58652.42,892967638.12
655,1.7933,2.3686,2.3686,1.04014519,73441464.37,58637.47,893024275.60
656,1.7960,2.3689,2.3689,1.04004253,73469602.43,58622.53,893080898.13
657,1.7988,2.3692,2.3692,1.03993990,73497694.14,58607.60,893137505.73
658,1.8015,2.3695,2.3695,1.03983730,73525739.57,58592.67,893194098.40
659,1.8042,2.3698,2.3698,1.03973474,73553738.81,58577.75,893250676.15
660,1.8070,2.3701,2.3701,1.03963221,73581691.96,58562.83,893307238.97
661,1.8097,2.3705,2.3705,1.03952972,73609599.11,58547.91,893363786.88
662,1.8125,2.3708,2.3708,1.03942726,73637460.33,58533.00,893420319.88
663,1.8152,2.3711,2.3711,1.03932483,73665275.73,58518.09,893476837.97
664,1.8179,2.3714,2.3714,1.03922243,73693045.39,58503.19,893533341.16
665,1.8207,2.3717,2.3717,1.03912007,73720769.40,58488.29,893589829.46
666,1.8234,2.3720,2.3720,1.03901774,73748447.84,58473.40,893646302.86
667,1.8261,2.3724,2.3724,1.03891545,73776080.81,58458.51,893702761.37
668,1.8289,2.3727,2.3727,1.03881318,73803668.39,58443.63,893759205.00
669,1.8316,2.3730,2.3730,1.03871095,73831210.68,58428.75,893815633.75
670,1.8344,2.3733,2.3733,1.03860875,73858707.75,58413.88,893872047.63
671,1.8371,2.3736,2.3736,1.03850659,73886159.70,58399.01,893928446.63
672,1.8398,2.3739,2.3739,1.03840446,73913566.62,58384.14,893984830.77
673,1.8426,2.3743,2.3743,1.03830235,73940928.58,58369.28,894041200.05
674,1.8453,2.3746,2.3746,1.03820029,73968245.68,58354.42,894097554.48
675,1.8480,2.3749,2.3749,1.03809825,73995518.01,58339.57,894153894.05
676,1.8508,2.3752,2.3752,1.03799625,74022745.65,58324.73,894210218.78
677,1.8535,2.3755,2.3755,1.03789428,74049928.69,58309.88,894266528.66
678,1.8563,2.3759,2.3759,1.03779234,74077067.21,58295.05,894322823.71
679,1.8590,2.3762,2.3762,1.03769043,74104161.30,58280.21,894379103.92
680,1.8617,2.3765,2.3765,1.03758855,74131211.05,58265.38,894435369.31
681,1.8645,2.3768,2.3768,1.03748671,74158216.54,58250.56,894491619.87
682,1.8672,2.3771,2.3771,1.03738490,74185177.85,58235.74,894547855.61
683,1.8700,2.3774,2.3774,1.03728312,74212095.08,58220.93,894604076.53
684,1.8727,2.3778,2.3778,1.03718137,74238968.31,58206.12,894660282.65
685,1.8754,2.3781,2.3781,1.03707965,74265797.62,58191.31,894716473.96
686,1.8782,2.3784,2.3784,1.03697797,74292583.10,58176.51,894772650.47
687,1.8809,2.3787,2.3787,1.03687631,74319324.84,58161.71,894828812.18
688,1.8836,2.3790,2.3790,1.03677469,74346022.91,58146.92,894884959.10
689,1.8864,2.3793,2.3793,1.03667310,74372677.40,58132.13,894941091.24
690,1.8891,2.3797,2.3797,1.03657154,74399288.40,58117.35,894997208.59
691,1.8919,2.3800,2.3800,1.03647001,74425855.99,58102.57,895053311.16
692,1.8946,2.3803,2.3803,1.03636851,74452380.26,58087.80,895109398.96
693,1.8973,2.3806,2.3806,1.03626705,74478861.28,58073.03,895165471.98
694,1.9001,2.3809,2.3809,1.03616561,74505299.15,58058.26,895221530.25
695,1.9028,2.3813,2.3813,1.03606421,74531693.94,58043.50,895277573.75
696,1.9055,2.3816,2.3816,1.03596283,74558045.74,58028.75,895333602.50
697,1.9083,2.3819,2.3819,1.03586149,74584354.63,58014.00,895389616.50
698,1.9110,2.3822,2.3822,1.03576018,74610620.70,57999.25,895445615.75
699,1.9138,2.3825,2.3825,1.03565890,74636844.02,57984.51,895501600.26
700,1.9165,2.3829,2.3829,1.03555764,74663024.69,57969.77,895557570.03
701,1.9192,2.3832,2.3832,1.03545642,74689162.78,57955.04,895613525.06
702,1.9220,2.3835,2.3835,1.03535523,74715258.37,57940.31,895669465.37
703,1.9247,2.3838,2.3838,1.03525407,74741311.55,57925.59,895725390.96
704,1.9274,2.3841,2.3841,1.03515295,74767322.40,57910.87,895781301.83
705,1.9302,2.3844,2.3844,1.03505185,74793291.00,57896.15,895837197.98
706,1.9329,2.3848,2.3848,1.03495078,74819217.43,57881.44,895893079.42
707,1.9357,2.3851,2.3851,1.03484974,74845101.78,57866.74,895948946.16
708,1.9384,2.3854,2.3854,1.03474873,74870944.13,57852.03,896004798.19
709,1.9411,2.3857,2.3857,1.03464775,74896744.55,57837.34,896060635.53
710,1.9439,2.3860,2.3860,1.03454680,74922503.13,57822.65,896116458.17
711,1.9466,2.3864,2.3864,1.03444588,74948219.94,57807.96,896172266.13
712,1.9493,2.3867,2.3867,1.03434499,74973895.08,57793.27,896228059.41
713,1.9521,2.3870,2.3870,1.03424413,74999528.62,57778.60,896283838.00
714,1.9548,2.3873,2.3873,1.03414330,75025120.64,57763.92,896339601.93
715,1.9576,2.3876,2.3876,1.03404250,75050671.22,57749.25,896395351.18
716,1.9603,2.3880,2.3880,1.03394173,75076180.44,57734.59,896451085.77
717,1.9630,2.3883,2.3883,1.03384099,75101648.38,57719.93,896506805.69
718,1.9658,2.3886,2.3886,1.03374028,75127075.12,57705.27,896562510.96
719,1.9685,2.3889,2.3889,1.03363960,75152460.74,57690.62,896618201.58
720,1.9713,2.3892,2.3892,1.03353894,75177805.32,57675.97,896673877.56
721,1.9740,2.3895,2.3895,1.03343832,75203108.94,57661.33,896729538.89
722,1.9767,2.3899,2.3899,1.03333772,75228371.68,57646.69,896785185.58
723,1.9795,2.3902,2.3902,1.03323716,75253593.61,57632.06,896840817.64
724,1.9822,2.3905,2.3905,1.03313662,75278774.82,57617.43,896896435.07
725,1.9849,2.3908,2.3908,1.03303611,75303915.39,57602.81,896952037.88
726,1.9877,2.3911,2.3911,1.03293563,75329015.38,57588.19,897007626.06
727,1.9904,2.3915,2.3915,1.03283518,75354074.89,57573.57,897063199.63
728,1.9932,2.3918,2.3918,1.03273476,75379093.99,57558.96,897118758.59
729,1.9959,2.3921,2.3921,1.03263437,75404072.76,57544.35,897174302.95
730,1.9986,2.3924,2.3924,1.03253400,75429011.27,57529.75,897229832.70
731,2.0014,2.3927,2.3927,1.03243367,75453909.61,57515.15,897285347.85
732,2.0041,2.3931,2.3931,1.03233336,75478767.85,57500.56,897340848.41
733,2.0068,2.3934,2.3934,1.03223308,75503586.06,57485.97,897396334.38
734,2.0096,2.3937,2.3937,1.03213283,75528364.34,57471.39,897451805.77
735,2.0123,2.3940,2.3940,1.03203261,75553102.74,57456.81,897507262.58
736,2.0151,2.3943,2.3943,1.03193241,75577801.36,57442.23,897562704.82
737,2.0178,2.3947,2.3947,1.03183225,75602460.26,57427.66,897618132.48
738,2.0205,2.3950,2.3950,1.03173211,75627079.52,57413.10,897673545.58
739,2.0233,2.3953,2.3953,1.03163200,75651659.23,57398.54,897728944.11
740,2.0260,2.3956,2.3956,1.03153192,75676199.45,57383.98,897784328.09
741,2.0287,2.3959,2.3959,1.03143186,75700700.27,57369.43,897839697.52
742,2.0315,2.3963,2.3963,1.03133184,75725161.75,57354.88,897895052.40
743,2.0342,2.3966,2.3966,1.03123184,75749583.98,57340.34,897950392.73
744,2.0370,2.3969,2.3969,1.03113187,75773967.03,57325.80,898005718.53
745,2.0397,2.3972,2.3972,1.03103193,75798310.97,57311.26,898061029.79
746,2.0424,2.3975,2.3975,1.03093201,75822615.89,57296.73,898116326.52
747,2.0452,2.3979,2.3979,1.03083212,75846881.85,57282.21,898171608.73
748,2.0479,2.3982,2.3982,1.03073226,75871108.94,57267.68,898226876.41
749,2.0507,2.3985,2.3985,1.03063243,75895297.22,57253.17,898282129.58
750,2.0534,2.3988,2.3988,1.03053263,75919446.78,57238.66,898337368.24
751,2.0561,2.3992,2.3992,1.03043285,75943557.68,57224.15,898392592.38
752,2.0589,2.3995,2.3995,1.03033310,75967630.00,57209.64,898447802.03
753,2.0616,2.3998,2.3998,1.03023337,75991663.82,57195.15,898502997.17
754,2.0643,2.4001,2.4001,1.03013368,76015659.21,57180.65,898558177.83
755,2.0671,2.4004,2.4004,1.03003401,76039616.25,57166.16,898613343.99
756,2.0698,2.4008,2.4008,1.02993437,76063535.00,57151.68,898668495.66
757,2.0726,2.4011,2.4011,1.02983475,76087415.55,57137.19,898723632.86
758,2.0753,2.4014,2.4014,1.02973516,76111257.96,57122.72,898778755.58
759,2.0780,2.4017,2.4017,1.02963560,76135062.31,57108.25,898833863.82
760,2.0808,2.4020,2.4020,1.02953607,76158828.68,57093.78,898888957.60
761,2.0835,2.4024,2.4024,1.02943656,76182557.13,57079.32,898944036.92
762,2.0862,2.4027,2.4027,1.02933708,76206247.74,57064.86,898999101.77
763,2.0890,2.4030,2.4030,1.02923762,76229900.59,57050.40,899054152.18
764,2.0917,2.4033,2.4033,1.02913819,76253515.74,57035.95,899109188.13
765,2.0945,2.4036,2.4036,1.02903879,76277093.27,57021.51,899164209.64
766,2.0972,2.4040,2.4040,1.02893942,76300633.25,57007.07,899219216.70
767,2.0999,2.4043,2.4043,1.02884007,76324135.75,56992.63,899274209.33
768,2.1027,2.4046,2.4046,1.02874074,76347600.85,56978.20,899329187.53
769,2.1054,2.4049,2.4049,1.02864145,76371028.62,56963.77,899384151.30
770,2.1081,2.4053,2.4053,1.02854218,76394419.12,56949.35,899439100.65
771,2.1109,2.4056,2.4056,1.02844293,76417772.44,56934.93,899494035.58
772,2.1136,2.4059,2.4059,1.02834372,76441088.64,56920.51,899548956.09
773,2.1164,2.4062,2.4062,1.02824452,76464367.80,56906.10,899603862.20
774,2.1191,2.4065,2.4065,1.02814536,76487609.99,56891.70,899658753.90
775,2.1218,2.4069,2.4069,1.02804622,76510815.27,56877.30,899713631.19
776,2.1246,2.4072,2.4072,1.02794710,76533983.72,56862.90,899768494.10
777,2.1273,2.4075,2.4075,1.02784801,76557115.41,56848.51,899823342.60
778,2.1300,2.4078,2.4078,1.02774895,76580210.41,56834.12,899878176.73
779,2.1328,2.4081,2.4081,1.02764991,76603268.80,56819.74,899932996.47
780,2.1355,2.4085,2.4085,1.02755090,76626290.63,56805.36,899987801.82
781,2.1383,2.4088,2.4088,1.02745192,76649275.99,56790.99,900042592.81
782,2.1410,2.4091,2.4091,1.02735296,76672224.94,56776.62,900097369.43
783,2.1437,2.4094,2.4094,1.02725402,76695137.56,56762.25,900152131.68
784,2.1465,2.4098,2.4098,1.02715511,76718013.91,56747.89,900206879.56
785,2.1492,2.4101,2.4101,1.02705623,76740854.06,56733.53,900261613.10
786,2.1520,2.4104,2.4104,1.02695737,76763658.08,56719.18,900316332.28
787,2.1547,2.4107,2.4107,1.02685853,76786426.05,56704.83,900371037.11
788,2.1574,2.4110,2.4110,1.02675972,76809158.03,56690.49,900425727.60
789,2.1602,2.4114,2.4114,1.02666094,76831854.10,56676.15,900480403.75
790,2.1629,2.4117,2.4117,1.02656218,76854514.31,56661.82,900535065.56
791,2.1656,2.4120,2.4120,1.02646345,76877138.74,56647.48,900589713.05
792,2.1684,2.4123,2.4123,1.02636474,76899727.47,56633.16,900644346.21
793,2.1711,2.4127,2.4127,1.02626605,76922280.55,56618.84,900698965.04
794,2.1739,2.4130,2.4130,1.02616739,76944798.05,56604.52,900753569.57
795,2.1766,2.4133,2.4133,1.02606876,76967280.06,56590.21,900808159.77
796,2.1793,2.4136,2.4136,1.02597015,76989726.62,56575.90,900862735.67
797,2.1821,2.4139,2.4139,1.02587157,77012137.82,56561.60,900917297.27
798,2.1848,2.4143,2.4143,1.02577300,77034513.72,56547.30,900971844.57
799,2.1875,2.4146,2.4146,1.02567447,77056854.38,56533.00,901026377.57
800,2.1903,2.4149,2.4149,1.02557596,77079159.88,56518.71,901080896.28
801,2.1930,2.4152,2.4152,1.02547747,77101430.29,56504.43,901135400.71
802,2.1958,2.4156,2.4156,1.02537901,77123665.67,56490.14,901189890.85
803,2.1985,2.4159,2.4159,1.02528057,77145866.08,56475.87,901244366.72
804,2.2012,2.4162,2.4162,1.02518216,77168031.60,56461.59,901298828.31
805,2.2040,2.4165,2.4165,1.02508377,77190162.30,56447.32,901353275.63
806,2.2067,2.4169,2.4169,1.02498540,77212258.23,56433.06,901407708.70
807,2.2094,2.4172,2.4172,1.02488706,77234319.48,56418.80,901462127.50
808,2.2122,2.4175,2.4175,1.02478874,77256346.09,56404.55,901516532.04
809,2.2149,2.4178,2.4178,1.02469045,77278338.15,56390.29,901570922.34
810,2.2177,2.4181,2.4181,1.02459218,77300295.72,56376.05,901625298.38
811,2.2204,2.4185,2.4185,1.02449393,77322218.86,56361.81,901679660.19
812,2.2231,2.4188,2.4188,1.02439571,77344107.64,56347.57,901734007.76
813,2.2259,2.4191,2.4191,1.02429751,77365962.13,56333.33,901788341.09
814,2.2286,2.4194,2.4194,1.02419934,77387782.39,56319.11,901842660.20
815,2.2313,2.4198,2.4198,1.02410119,77409568.49,56304.88,901896965.08
816,2.2341,2.4201,2.4201,1.02400306,77431320.49,56290.66,901951255.74
817,2.2368,2.4204,2.4204,1.02390496,77453038.46,56276.44,902005532.18
818,2.2396,2.4207,2.4207,1.02380688,77474722.47,56262.23,902059794.42
819,2.2423,2.4211,2.4211,1.02370882,77496372.58,56248.03,902114042.44
820,2.2450,2.4214,2.4214,1.02361079,77517988.85,56233.82,902168276.26
821,2.2478,2.4217,2.4217,1.02351278,77539571.36,56219.62,902222495.89
822,2.2505,2.4220,2.4220,1.02341479,77561120.16,56205.43,902276701.32
823,2.2533,2.4224,2.4224,1.02331683,77582635.32,56191.24,902330892.56
824,2.2560,2.4227,2.4227,1.02321889,77604116.91,56177.06,902385069.61
825,2.2587,2.4230,2.4230,1.02312097,77625564.99,56162.87,902439232.49
826,2.2615,2.4233,2.4233,1.02302308,77646979.63,56148.70,902493381.19
827,2.2642,2.4236,2.4236,1.02292520,77668360.88,56134.53,902547515.71
828,2.2669,2.4240,2.4240,1.02282736,77689708.82,56120.36,902601636.07
829,2.2697,2.4243,2.4243,1.02272953,77711023.51,56106.19,902655742.26
830,2.2724,2.4246,2.4246,1.02263173,77732305.01,56092.03,902709834.30
831,2.2752,2.4249,2.4249,1.02253395,77753553.38,56077.88,902763912.18
832,2.2779,2.4253,2.4253,1.02243619,77774768.70,56063.73,902817975.91
833,2.2806,2.4256,2.4256,1.02233846,77795951.01,56049.58,902872025.49
834,2.2834,2.4259,2.4259,1.02224075,77817100.40,56035.44,902926060.93
835,2.2861,2.4262,2.4262,1.02214306,77838216.91,56021.30,902980082.24
836,2.2888,2.4266,2.4266,1.02204540,77859300.62,56007.17,903034089.41
837,2.2916,2.4269,2.4269,1.02194775,77880351.58,55993.04,903088082.45
838,2.2943,2.4272,2.4272,1.02185013,77901369.86,55978.92,903142061.37
839,2.2971,2.4275,2.4275,1.02175253,77922355.53,55964.80,903196026.17
840,2.2998,2.4279,2.4279,1.02165496,77943308.64,55950.68,903249976.85
841,2.3025,2.4282,2.4282,1.02155740,77964229.26,55936.57,903303913.42
842,2.3053,2.4285,2.4285,1.02145987,77985117.44,55922.46,903357835.88
843,2.3080,2.4288,2.4288,1.02136236,78005973.26,55908.36,903411744.25
844,2.3107,2.4292,2.4292,1.02126488,78026796.78,55894.26,903465638.51
845,2.3135,2.4295,2.4295,1.02116741,78047588.05,55880.17,903519518.68
846,2.3162,2.4298,2.4298,1.02106997,78068347.14,55866.08,903573384.76
847,2.3190,2.4301,2.4301,1.02097255,78089074.11,55851.99,903627236.75
848,2.3217,2.4305,2.4305,1.02087515,78109769.03,55837.91,903681074.67
849,2.3244,2.4308,2.4308,1.02077777,78130431.95,55823.84,903734898.50
850,2.3272,2.4311,2.4311,1.02068042,78151062.93,55809.76,903788708.27
851,2.3299,2.4314,2.4314,1.02058308,78171662.04,55795.70,903842503.96
852,2.3326,2.4318,2.4318,1.02048577,78192229.34,55781.63,903896285.60
853,2.3354,2.4321,2.4321,1.02038848,78212764.89,55767.57,903950053.17
854,2.3381,2.4324,2.4324,1.02029122,78233268.75,55753.52,904003806.69
855,2.3409,2.4327,2.4327,1.02019397,78253740.99,55739.47,904057546.16
856,2.3436,2.4331,2.4331,1.02009674,78274181.65,55725.42,904111271.58
857,2.3463,2.4334,2.4334,1.01999954,78294590.81,55711.38,904164982.96
858,2.3491,2.4337,2.4337,1.01990236,78314968.52,55697.34,904218680.30
859,2.3518,2.4340,2.4340,1.01980520,78335314.85,55683.31,904272363.61
860,2.3546,2.4344,2.4344,1.01970806,78355629.85,55669.28,904326032.89
861,2.3573,2.4347,2.4347,1.01961094,78375913.58,55655.25,904379688.14
862,2.3600,2.4350,2.4350,1.01951385,78396166.12,55641.23,904433329.38
863,2.3628,2.4353,2.4353,1.01941677,78416387.50,55627.22,904486956.60
864,2.3655,2.4357,2.4357,1.01931972,78436577.80,55613.21,904540569.80
865,2.3682,2.4360,2.4360,1.01922268,78456737.07,55599.20,904594169.00
866,2.3710,2.4363,2.4363,1.01912567,78476865.38,55585.20,904647754.20
867,2.3737,2.4366,2.4366,1.01902868,78496962.78,55571.20,904701325.40
868,2.3765,2.4370,2.4370,1.01893171,78517029.34,55557.20,904754882.60
869,2.3792,2.4373,2.4373,1.01883476,78537065.11,55543.21,904808425.81
870,2.3819,2.4376,2.4376,1.01873784,78557070.14,55529.23,904861955.04
871,2.3847,2.4379,2.4379,1.01864093,78577044.51,55515.24,904915470.28
872,2.3874,2.4383,2.4383,1.01854404,78596988.27,55501.27,904968971.55
873,2.3901,2.4386,2.4386,1.01844718,78616901.48,55487.29,905022458.84
874,2.3929,2.4389,2.4389,1.01835033,78636784.19,55473.33,905075932.17
875,2.3956,2.4392,2.4392,1.01825351,78656636.47,55459.36,905129391.53
876,2.3984,2.4396,2.4396,1.01815671,78676458.37,55445.40,905182836.93
877,2.4011,2.4399,2.4399,1.01805992,78696249.96,55431.45,905236268.38
878,2.4038,2.4402,2.4402,1.01796316,78716011.28,55417.49,905289685.87
879,2.4066,2.4406,2.4406,1.01786642,78735742.41,55403.55,905343089.42
880,2.4093,2.4409,2.4409,1.01776970,78755443.39,55389.60,905396479.02
881,2.4120,2.4412,2.4412,1.01767300,78775114.28,55375.66,905449854.69
882,2.4148,2.4415,2.4415,1.01757632,78794755.15,55361.73,905503216.42
883,2.4175,2.4419,2.4419,1.01747966,78814366.04,55347.80,905556564.22
884,2.4203,2.4422,2.4422,1.01738302,78833947.03,55333.87,905609898.09
885,2.4230,2.4425,2.4425,1.01728640,78853498.16,55319.95,905663218.04
886,2.4257,2.4428,2.4428,1.01718980,78873019.49,55306.04,905716524.08
887,2.4285,2.4432,2.4432,1.01709322,78892511.08,55292.12,905769816.20
888,2.4312,2.4435,2.4435,1.01699666,78911972.99,55278.21,905823094.42
889,2.4339,2.4438,2.4438,1.01690012,78931405.27,55264.31,905876358.72
890,2.4367,2.4441,2.4441,1.01680360,78950807.98,55250.41,905929609.13
891,2.4394,2.4445,2.4445,1.01670710,78970181.18,55236.51,905982845.65
892,2.4422,2.4448,2.4448,1.01661062,78989524.92,55222.62,906036068.27
893,2.4449,2.4451,2.4451,1.01651416,79008839.26,55208.73,906089277.00
894,2.4476,2.4455,2.4455,1.01641772,79028124.26,55194.85,906142471.86
895,2.4504,2.4458,2.4458,1.01632130,79047379.98,55180.97,906195652.83
896,2.4531,2.4461,2.4461,1.01622490,79066606.46,55167.10,906248819.93
897,2.4559,2.4464,2.4464,1.01612852,79085803.76,55153.23,906301973.15
898,2.4586,2.4468,2.4468,1.01603216,79104971.95,55139.36,906355112.52
899,2.4613,2.4471,2.4471,1.01593581,79124111.08,55125.50,906408238.02
900,2.4641,2.4474,2.4474,1.01583949,79143221.20,55111.64,906461349.66
901,2.4668,2.4477,2.4477,1.01574319,79162302.36,55097.79,906514447.45
902,2.4695,2.4481,2.4481,1.01564691,79181354.63,55083.94,906567531.39
903,2.4723,2.4484,2.4484,1.01555064,79200378.07,55070.10,906620601.49
904,2.4750,2.4487,2.4487,1.01545440,79219372.71,55056.26,906673657.74
905,2.4778,2.4490,2.4490,1.01535817,79238338.63,55042.42,906726700.16
906,2.4805,2.4494,2.4494,1.01526197,79257275.87,55028.59,906779728.75
907,2.4832,2.4497,2.4497,1.01516578,79276184.49,55014.76,906832743.51
908,2.4860,2.4500,2.4500,1.01506961,79295064.55,55000.94,906885744.45
909,2.4887,2.4504,2.4504,1.01497346,79313916.09,54987.12,906938731.56
910,2.4914,2.4507,2.4507,1.01487733,79332739.19,54973.30,906991704.87
911,2.4942,2.4510,2.4510,1.01478122,79351533.88,54959.49,907044664.36
912,2.4969,2.4513,2.4513,1.01468513,79370300.22,54945.69,907097610.04
913,2.4997,2.4517,2.4517,1.01458906,79389038.27,54931.88,907150541.93
914,2.5024,2.4520,2.4520,1.01449301,79407748.09,54918.09,907203460.01
915,2.5051,2.4523,2.4523,1.01439697,79426429.72,54904.29,907256364.31
916,2.5079,2.4527,2.4527,1.01430096,79445083.22,54890.50,907309254.81
917,2.5106,2.4530,2.4530,1.01420496,79463708.65,54876.72,907362131.53
918,2.5133,2.4533,2.4533,1.01410898,79482306.05,54862.94,907414994.46
919,2.5161,2.4536,2.4536,1.01401302,79500875.49,54849.16,907467843.62
920,2.5188,2.4540,2.4540,1.01391708,79519417.01,54835.39,907520679.01
921,2.5216,2.4543,2.4543,1.01382116,79537930.67,54821.62,907573500.63
922,2.5243,2.4546,2.4546,1.01372525,79556416.52,54807.86,907626308.48
923,2.5270,2.4549,2.4549,1.01362937,79574874.62,54794.10,907679102.58
924,2.5298,2.4553,2.4553,1.01353350,79593305.02,54780.34,907731882.92
925,2.5325,2.4556,2.4556,1.01343765,79611707.76,54766.59,907784649.51
926,2.5352,2.4559,2.4559,1.01334182,79630082.92,54752.84,907837402.35
927,2.5380,2.4563,2.4563,1.01324601,79648430.53,54739.10,907890141.45
928,2.5407,2.4566,2.4566,1.01315022,79666750.65,54725.36,907942866.81
929,2.5435,2.4569,2.4569,1.01305444,79685043.34,54711.63,907995578.43
930,2.5462,2.4572,2.4572,1.01295869,79703308.64,54697.90,908048276.33
931,2.5489,2.4576,2.4576,1.01286295,79721546.61,54684.17,908100960.50
932,2.5517,2.4579,2.4579,1.01276723,79739757.30,54670.45,908153630.95
933,2.5544,2.4582,2.4582,1.01267152,79757940.77,54656.73,908206287.68
934,2.5572,2.4586,2.4586,1.01257584,79776097.05,54643.02,908258930.70
935,2.5599,2.4589,2.4589,1.01248017,79794226.22,54629.31,908311560.00
936,2.5626,2.4592,2.4592,1.01238453,79812328.32,54615.60,908364175.61
937,2.5654,2.4595,2.4595,1.01228890,79830403.39,54601.90,908416777.51
938,2.5681,2.4599,2.4599,1.01219328,79848451.50,54588.21,908469365.72
939,2.5708,2.4602,2.4602,1.01209769,79866472.69,54574.51,908521940.23
940,2.5736,2.4605,2.4605,1.01200211,79884467.02,54560.83,908574501.06
941,2.5763,2.4609,2.4609,1.01190655,79902434.54,54547.14,908627048.20
942,2.5791,2.4612,2.4612,1.01181101,79920375.29,54533.46,908679581.66
943,2.5818,2.4615,2.4615,1.01171549,79938289.34,54519.79,908732101.45
944,2.5845,2.4619,2.4619,1.01161998,79956176.72,54506.12,908784607.57
945,2.5873,2.4622,2.4622,1.01152449,79974037.50,54492.45,908837100.02
946,2.5900,2.4625,2.4625,1.01142902,79991871.72,54478.79,908889578.80
947,2.5927,2.4628,2.4628,1.01133357,80009679.43,54465.13,908942043.93
948,2.5955,2.4632,2.4632,1.01123813,80027460.69,54451.47,908994495.40
949,2.5982,2.4635,2.4635,1.01114271,80045215.54,54437.82,909046933.23
950,2.6010,2.4638,2.4638,1.01104731,80062944.04,54424.18,909099357.40
951,2.6037,2.4642,2.4642,1.01095193,80080646.24,54410.54,909151767.94
952,2.6064,2.4645,2.4645,1.01085656,80098322.18,54396.90,909204164.84
953,2.6092,2.4648,2.4648,1.01076121,80115971.92,54383.26,909256548.10
954,2.6119,2.4651,2.4651,1.01066588,80133595.51,54369.64,909308917.74
955,2.6146,2.4655,2.4655,1.01057057,80151192.99,54356.01,909361273.75
956,2.6174,2.4658,2.4658,1.01047527,80168764.42,54342.39,909413616.14
957,2.6201,2.4661,2.4661,1.01037999,80186309.84,54328.77,909465944.91
958,2.6229,2.4665,2.4665,1.01028473,80203829.31,54315.16,909518260.07
959,2.6256,2.4668,2.4668,1.01018948,80221322.88,54301.55,909570561.63
960,2.6283,2.4671,2.4671,1.01009425,80238790.60,54287.95,909622849.58
961,2.6311,2.4675,2.4675,1.00999904,80256232.50,54274.35,909675123.93
962,2.6338,2.4678,2.4678,1.00990385,80273648.66,54260.75,909727384.68
963,2.6366,2.4681,2.4681,1.00980867,80291039.10,54247.16,909779631.84
964,2.6393,2.4684,2.4684,1.00971351,80308403.89,54233.57,909831865.41
965,2.6420,2.4688,2.4688,1.00961836,80325743.08,54219.99,909884085.41
966,2.6448,2.4691,2.4691,1.00952323,80343056.70,54206.41,909936291.82
967,2.6475,2.4694,2.4694,1.00942812,80360344.81,54192.84,909988484.65
968,2.6502,2.4698,2.4698,1.00933303,80377607.46,54179.27,910040663.92
969,2.6530,2.4701,2.4701,1.00923795,80394844.70,54165.70,910092829.62
970,2.6557,2.4704,2.4704,1.00914289,80412056.57,54152.14,910144981.76
971,2.6585,2.4708,2.4708,1.00904784,80429243.13,54138.58,910197120.34
972,2.6612,2.4711,2.4711,1.00895282,80446404.42,54125.03,910249245.37
973,2.6639,2.4714,2.4714,1.00885780,80463540.49,54111.48,910301356.84
974,2.6667,2.4717,2.4717,1.00876281,80480651.39,54097.93,910353454.77
975,2.6694,2.4721,2.4721,1.00866783,80497737.17,54084.39,910405539.16
976,2.6721,2.4724,2.4724,1.00857287,80514797.87,54070.85,910457610.01
977,2.6749,2.4727,2.4727,1.00847792,80531833.54,54057.32,910509667.33
978,2.6776,2.4731,2.4731,1.00838299,80548844.24,54043.79,910561711.12
979,2.6804,2.4734,2.4734,1.00828808,80565830.00,54030.26,910613741.39
980,2.6831,2.4737,2.4737,1.00819318,80582790.89,54016.74,910665758.13
981,2.6858,2.4741,2.4741,1.00809830,80599726.93,54003.23,910717761.36
982,2.6886,2.4744,2.4744,1.00800344,80616638.19,53989.72,910769751.07
983,2.6913,2.4747,2.4747,1.00790859,80633524.70,53976.21,910821727.28
984,2.6940,2.4750,2.4750,1.00781376,80650386.52,53962.70,910873689.98
985,2.6968,2.4754,2.4754,1.00771894,80667223.70,53949.20,910925639.19
986,2.6995,2.4757,2.4757,1.00762414,80684036.27,53935.71,910977574.90
987,2.7023,2.4760,2.4760,1.00752936,80700824.29,53922.22,911029497.11
988,2.7050,2.4764,2.4764,1.00743459,80717587.81,53908.73,911081405.84
989,2.7077,2.4767,2.4767,1.00733984,80734326.87,53895.25,911133301.09
990,2.7105,2.4770,2.4770,1.00724510,80751041.51,53881.77,911185182.85
991,2.7132,2.4774,2.4774,1.00715038,80767731.79,53868.29,911237051.14
992,2.7159,2.4777,2.4777,1.00705567,80784397.75,53854.82,911288905.96
993,2.7187,2.4780,2.4780,1.00696098,80801039.43,53841.35,911340747.32
994,2.7214,2.4784,2.4784,1.00686631,80817656.89,53827.89,911392575.21
995,2.7242,2.4787,2.4787,1.00677165,80834250.17,53814.43,911444389.64
996,2.7269,2.4790,2.4790,1.00667701,80850819.31,53800.98,911496190.62
997,2.7296,2.4794,2.4794,1.00658238,80867364.37,53787.53,911547978.15
998,2.7324,2.4797,2.4797,1.00648777,80883885.38,53774.08,911599752.23
999,2.7351,2.4800,2.4800,1.00639318,80900382.40,53760.64,911651512.87
1000,2.7379,2.4803,2.4803,1.00629860,80916855.47,53747.20,911703260.07
1001,2.7406,2.4807,2.4807,1.00620403,80933304.63,53733.77,911754993.84
1002,2.7433,2.4810,2.4810,1.00610948,80949729.94,53720.34,911806714.18
1003,2.7461,2.4813,2.4813,1.00601495,80966131.43,53706.91,911858421.09
1004,2.7488,2.4817,2.4817,1.00592043,80982509.15,53693.49,911910114.59
1005,2.7515,2.4820,2.4820,1.00582593,80998863.15,53680.08,911961794.66
1006,2.7543,2.4823,2.4823,1.00573144,81015193.47,53666.66,912013461.33
1007,2.7570,2.4827,2.4827,1.00563697,81031500.16,53653.25,912065114.58
1008,2.7598,2.4830,2.4830,1.00554251,81047783.26,53639.85,912116754.43
1009,2.7625,2.4833,2.4833,1.00544807,81064042.82,53626.45,912168380.88
1010,2.7652,2.4837,2.4837,1.00535364,81080278.88,53613.05,912219993.93
1011,2.7680,2.4840,2.4840,1.00525923,81096491.49,53599.66,912271593.59
1012,2.7707,2.4843,2.4843,1.00516483,81112680.69,53586.27,912323179.86
1013,2.7734,2.4847,2.4847,1.00507045,81128846.53,53572.89,912374752.75
1014,2.7762,2.4850,2.4850,1.00497609,81144989.04,53559.51,912426312.25
1015,2.7789,2.4853,2.4853,1.00488173,81161108.29,53546.13,912477858.38
1016,2.7817,2.4857,2.4857,1.00478740,81177204.30,53532.76,912529391.14
1017,2.7844,2.4860,2.4860,1.00469308,81193277.13,53519.39,912580910.54
1018,2.7871,2.4863,2.4863,1.00459877,81209326.82,53506.03,912632416.56
1019,2.7899,2.4867,2.4867,1.00450448,81225353.41,53492.67,912683909.23
1020,2.7926,2.4870,2.4870,1.00441020,81241356.95,53479.31,912735388.54
1021,2.7953,2.4873,2.4873,1.00431594,81257337.47,53465.96,912786854.51
1022,2.7981,2.4877,2.4877,1.00422169,81273295.04,53452.61,912838307.12
1023,2.8008,2.4880,2.4880,1.00412746,81289229.68,53439.27,912889746.39
1024,2.8036,2.4883,2.4883,1.00403324,81305141.44,53425.93,912941172.32
1025,2.8063,2.4887,2.4887,1.00393903,81321030.37,53412.60,912992584.92
1026,2.8090,2.4890,2.4890,1.00384485,81336896.50,53399.27,913043984.19
1027,2.8118,2.4893,2.4893,1.00375067,81352739.89,53385.94,913095370.13
1028,2.8145,2.4896,2.4896,1.00365651,81368560.58,53372.62,913146742.75
1029,2.8172,2.4900,2.4900,1.00356236,81384358.60,53359.30,913198102.04
1030,2.8200,2.4903,2.4903,1.00346823,81400134.00,53345.98,913249448.03
1031,2.8227,2.4906,2.4906,1.00337412,81415886.84,53332.67,913300780.70
1032,2.8255,2.4910,2.4910,1.00328001,81431617.14,53319.37,913352100.07
1033,2.8282,2.4913,2.4913,1.00318593,81447324.95,53306.07,913403406.14
1034,2.8309,2.4916,2.4916,1.00309185,81463010.31,53292.77,913454698.91
1035,2.8337,2.4920,2.4920,1.00299779,81478673.27,53279.47,913505978.38
1036,2.8364,2.4923,2.4923,1.00290375,81494313.87,53266.18,913557244.56
1037,2.8392,2.4926,2.4926,1.00280972,81509932.15,53252.90,913608497.46
1038,2.8419,2.4930,2.4930,1.00271570,81525528.16,53239.62,913659737.08
1039,2.8446,2.4933,2.4933,1.00262170,81541101.93,53226.34,913710963.42
1040,2.8474,2.4936,2.4936,1.00252771,81556653.52,53213.07,913762176.48
1041,2.8501,2.4940,2.4940,1.00243374,81572182.95,53199.80,913813376.28
1042,2.8528,2.4943,2.4943,1.00233978,81587690.28,53186.53,913864562.81
1043,2.8556,2.4946,2.4946,1.00224583,81603175.54,53173.27,913915736.08
1044,2.8583,2.4950,2.4950,1.00215190,81618638.78,53160.01,913966896.09
1045,2.8611,2.4953,2.4953,1.00205798,81634080.04,53146.76,914018042.85
1046,2.8638,2.4956,2.4956,1.00196407,81649499.36,53133.51,914069176.36
1047,2.8665,2.4960,2.4960,1.00187018,81664896.79,53120.26,914120296.62
1048,2.8693,2.4963,2.4963,1.00177631,81680272.36,53107.02,914171403.64
1049,2.8720,2.4966,2.4966,1.00168244,81695626.11,53093.79,914222497.43
1050,2.8747,2.4970,2.4970,1.00158860,81710958.10,53080.55,914273577.99
1051,2.8775,2.4973,2.4973,1.00149476,81726268.35,53067.33,914324645.31
1052,2.8802,2.4976,2.4976,1.00140094,81741556.91,53054.10,914375699.41
1053,2.8830,2.4980,2.4980,1.00130713,81756823.83,53040.88,914426740.29
1054,2.8857,2.4983,2.4983,1.00121334,81772069.14,53027.66,914477767.95
1055,2.8884,2.4987,2.4987,1.00111956,81787292.88,53014.45,914528782.40
1056,2.8912,2.4990,2.4990,1.00102579,81802495.10,53001.24,914579783.65
1057,2.8939,2.4993,2.4993,1.00093204,81817675.83,52988.04,914630771.68
1058,2.8966,2.4997,2.4997,1.00083830,81832835.12,52974.84,914681746.52
1059,2.8994,2.5000,2.5000,1.00074457,81847973.01,52961.64,914732708.16
1060,2.9021,2.5003,2.5003,1.00065086,81863089.53,52948.45,914783656.61
1061,2.9049,2.5007,2.5007,1.00055716,81878184.74,52935.26,914834591.87
1062,2.9076,2.5010,2.5010,1.00046347,81893258.66,52922.08,914885513.95
1063,2.9103,2.5013,2.5013,1.00036980,81908311.34,52908.90,914936422.85
1064,2.9131,2.5017,2.5017,1.00027614,81923342.83,52895.72,914987318.57
1065,2.9158,2.5020,2.5020,1.00018250,81938353.15,52882.55,915038201.12
1066,2.9185,2.5023,2.5023,1.00008886,81953342.36,52869.38,915089070.50
1067,2.9213,2.5027,2.5027,0.99999524,81968310.48,52856.22,915139926.71
1068,2.9240,2.5030,2.5030,0.99990164,81983257.57,52843.06,915190769.77
1069,2.9268,2.5033,2.5033,0.99980805,81998183.66,52829.90,915241599.67
1070,2.9295,2.5037,2.5037,0.99971447,82013088.79,52816.75,915292416.42
1071,2.9322,2.5040,2.5040,0.99962090,82027973.00,52803.60,915343220.02
1072,2.9350,2.5043,2.5043,0.99952735,82042836.33,52790.46,915394010.48
1073,2.9377,2.5047,2.5047,0.99943381,82057678.81,52777.32,915444787.80
1074,2.9405,2.5050,2.5050,0.99934028,82072500.50,52764.18,915495551.98
1075,2.9432,2.5053,2.5053,0.99924676,82087301.43,52751.05,915546303.04
1076,2.9459,2.5057,2.5057,0.99915326,82102081.64,52737.92,915597040.96
1077,2.9487,2.5060,2.5060,0.99905977,82116841.16,52724.80,915647765.76
1078,2.9514,2.5063,2.5063,0.99896630,82131580.04,52711.68,915698477.44
1079,2.9541,2.5067,2.5067,0.99887284,82146298.32,52698.57,915749176.01
1080,2.9569,2.5070,2.5070,0.99877939,82160996.03,52685.45,915799861.46
1081,2.9596,2.5073,2.5073,0.99868595,82175673.22,52672.35,915850533.81
1082,2.9624,2.5077,2.5077,0.99859253,82190329.92,52659.24,915901193.05
1083,2.9651,2.5080,2.5080,0.99849911,82204966.17,52646.14,915951839.20
1084,2.9678,2.5084,2.5084,0.99840572,82219582.01,52633.05,916002472.24
1085,2.9706,2.5087,2.5087,0.99831233,82234177.49,52619.96,916053092.20
1086,2.9733,2.5090,2.5090,0.99821896,82248752.63,52606.87,916103699.07
1087,2.9760,2.5094,2.5094,0.99812560,82263307.48,52593.79,916154292.86
1088,2.9788,2.5097,2.5097,0.99803225,82277842.07,52580.71,916204873.57
1089,2.9815,2.5100,2.5100,0.99793891,82292356.45,52567.63,916255441.20
1090,2.9843,2.5104,2.5104,0.99784559,82306850.65,52554.56,916305995.76
1091,2.9870,2.5107,2.5107,0.99775228,82321324.71,52541.49,916356537.26
1092,2.9897,2.5110,2.5110,0.99765898,82335778.67,52528.43,916407065.69
1093,2.9925,2.5114,2.5114,0.99756570,82350212.57,52515.37,916457581.06
1094,2.9952,2.5117,2.5117,0.99747243,82364626.44,52502.32,916508083.38
1095,2.9979,2.5120,2.5120,0.99737916,82379020.32,52489.27,916558572.64
1096,3.0007,2.5124,2.5124,0.99728592,82393394.26,52476.22,916609048.86
1097,3.0034,2.5127,2.5127,0.99719268,82407748.28,52463.18,916659512.04
1098,3.0062,2.5131,2.5131,0.99709946,82422082.43,52450.14,916709962.17
1099,3.0089,2.5134,2.5134,0.99700625,82436396.74,52437.10,916760399.28
1100,3.0116,2.5137,2.5137,0.99691305,82450691.26,52424.07,916810823.35
1101,3.0144,2.5141,2.5141,0.99681986,82464966.01,52411.04,916861234.39
1102,3.0171,2.5144,2.5144,0.99672669,82479221.04,52398.02,916911632.41
1103,3.0198,2.5147,2.5147,0.99663353,82493456.39,52385.00,916962017.41
1104,3.0226,2.5151,2.5151,0.99654038,82507672.08,52371.99,917012389.40
1105,3.0253,2.5154,2.5154,0.99644724,82521868.17,52358.98,917062748.37
1106,3.0281,2.5157,2.5157,0.99635411,82536044.68,52345.97,917113094.34
1107,3.0308,2.5161,2.5161,0.99626100,82550201.65,52332.96,917163427.31
1108,3.0335,2.5164,2.5164,0.99616790,82564339.12,52319.97,917213747.27
1109,3.0363,2.5168,2.5168,0.99607481,82578457.13,52306.97,917264054.24
1110,3.0390,2.5171,2.5171,0.99598173,82592555.71,52293.98,917314348.22
1111,3.0418,2.5174,2.5174,0.99588866,82606634.90,52280.99,917364629.22
1112,3.0445,2.5178,2.5178,0.99579561,82620694.74,52268.01,917414897.22
1113,3.0472,2.5181,2.5181,0.99570257,82634735.27,52255.03,917465152.25
1114,3.0500,2.5184,2.5184,0.99560954,82648756.51,52242.06,917515394.31
1115,3.0527,2.5188,2.5188,0.99551652,82662758.51,52229.08,917565623.39
1116,3.0554,2.5191,2.5191,0.99542351,82676741.30,52216.12,917615839.51
1117,3.0582,2.5194,2.5194,0.99533052,82690704.93,52203.15,917666042.66
1118,3.0609,2.5198,2.5198,0.99523754,82704649.42,52190.19,917716232.86
1119,3.0637,2.5201,2.5201,0.99514457,82718574.81,52177.24,917766410.10
1120,3.0664,2.5205,2.5205,0.99505161,82732481.14,52164.29,917816574.39
1121,3.0691,2.5208,2.5208,0.99495866,82746368.44,52151.34,917866725.73
1122,3.0719,2.5211,2.5211,0.99486572,82760236.75,52138.40,917916864.12
1123,3.0746,2.5215,2.5215,0.99477280,82774086.11,52125.46,917966989.58
1124,3.0773,2.5218,2.5218,0.99467989,82787916.56,52112.52,918017102.10
1125,3.0801,2.5221,2.5221,0.99458699,82801728.12,52099.59,918067201.70
1126,3.0828,2.5225,2.5225,0.99449410,82815520.83,52086.66,918117288.36
1127,3.0856,2.5228,2.5228,0.99440122,82829294.73,52073.74,918167362.10
1128,3.0883,2.5232,2.5232,0.99430835,82843049.86,52060.82,918217422.92
1129,3.0910,2.5235,2.5235,0.99421550,82856786.25,52047.91,918267470.83
1130,3.0938,2.5238,2.5238,0.99412265,82870503.93,52034.99,918317505.82
1131,3.0965,2.5242,2.5242,0.99402982,82884202.94,52022.09,918367527.91
1132,3.0992,2.5245,2.5245,0.99393700,82897883.32,52009.18,918417537.09
1133,3.1020,2.5248,2.5248,0.99384419,82911545.11,51996.28,918467533.37
1134,3.1047,2.5252,2.5252,0.99375139,82925188.33,51983.39,918517516.76
1135,3.1075,2.5255,2.5255,0.99365860,82938813.02,51970.50,918567487.25
1136,3.1102,2.5259,2.5259,0.99356583,82952419.21,51957.61,918617444.86
1137,3.1129,2.5262,2.5262,0.99347306,82966006.95,51944.72,918667389.59
1138,3.1157,2.5265,2.5265,0.99338031,82979576.27,51931.84,918717321.43
1139,3.1184,2.5269,2.5269,0.99328757,82993127.20,51918.97,918767240.40
1140,3.1211,2.5272,2.5272,0.99319484,83006659.77,51906.10,918817146.49
1141,3.1239,2.5275,2.5275,0.99310212,83020174.03,51893.23,918867039.72
1142,3.1266,2.5279,2.5279,0.99300941,83033670.00,51880.36,918916920.09
1143,3.1294,2.5282,2.5282,0.99291671,83047147.72,51867.50,918966787.59
1144,3.1321,2.5286,2.5286,0.99282403,83060607.23,51854.65,919016642.24
1145,3.1348,2.5289,2.5289,0.99273135,83074048.55,51841.80,919066484.04
1146,3.1376,2.5292,2.5292,0.99263869,83087471.73,51828.95,919116312.98
1147,3.1403,2.5296,2.5296,0.99254603,83100876.79,51816.10,919166129.09
1148,3.1431,2.5299,2.5299,0.99245339,83114263.78,51803.26,919215932.35
1149,3.1458,2.5302,2.5302,0.99236076,83127632.73,51790.43,919265722.78
1150,3.1485,2.5306,2.5306,0.99226814,83140983.66,51777.59,919315500.37
1151,3.1513,2.5309,2.5309,0.99217553,83154316.62,51764.77,919365265.13
1152,3.1540,2.5313,2.5313,0.99208293,83167631.63,51751.94,919415017.08
1153,3.1567,2.5316,2.5316,0.99199034,83180928.74,51739.12,919464756.20
1154,3.1595,2.5319,2.5319,0.99189776,83194207.97,51726.30,919514482.50
1155,3.1622,2.5323,2.5323,0.99180520,83207469.36,51713.49,919564195.99
1156,3.1650,2.5326,2.5326,0.99171264,83220712.95,51700.68,919613896.67
1157,3.1677,2.5330,2.5330,0.99162010,83233938.76,51687.88,919663584.55
1158,3.1704,2.5333,2.5333,0.99152756,83247146.83,51675.08,919713259.62
1159,3.1732,2.5336,2.5336,0.99143504,83260337.20,51662.28,919762921.90
1160,3.1759,2.5340,2.5340,0.99134252,83273509.89,51649.49,919812571.39
1161,3.1786,2.5343,2.5343,0.99125002,83286664.94,51636.70,919862208.09
1162,3.1814,2.5346,2.5346,0.99115753,83299802.39,51623.91,919911832.00
1163,3.1841,2.5350,2.5350,0.99106505,83312922.26,51611.13,919961443.13
1164,3.1869,2.5353,2.5353,0.99097258,83326024.60,51598.35,920011041.48
1165,3.1896,2.5357,2.5357,0.99088012,83339109.42,51585.58,920060627.06
1166,3.1923,2.5360,2.5360,0.99078767,83352176.78,51572.81,920110199.87
1167,3.1951,2.5363,2.5363,0.99069523,83365226.69,51560.04,920159759.91
1168,3.1978,2.5367,2.5367,0.99060280,83378259.19,51547.28,920209307.19
1169,3.2005,2.5370,2.5370,0.99051038,83391274.32,51534.52,920258841.72
1170,3.2033,2.5374,2.5374,0.99041797,83404272.10,51521.77,920308363.49
1171,3.2060,2.5377,2.5377,0.99032558,83417252.58,51509.02,920357872.51
1172,3.2088,2.5380,2.5380,0.99023319,83430215.78,51496.27,920407368.78
1173,3.2115,2.5384,2.5384,0.99014081,83443161.73,51483.53,920456852.31
1174,3.2142,2.5387,2.5387,0.99004844,83456090.47,51470.79,920506323.11
1175,3.2170,2.5391,2.5391,0.98995609,83469002.03,51458.06,920555781.17
1176,3.2197,2.5394,2.5394,0.98986374,83481896.45,51445.33,920605226.49
1177,3.2225,2.5397,2.5397,0.98977141,83494773.75,51432.60,920654659.10
1178,3.2252,2.5401,2.5401,0.98967908,83507633.96,51419.88,920704078.98
1179,3.2279,2.5404,2.5404,0.98958677,83520477.13,51407.16,920753486.14
1180,3.2307,2.5408,2.5408,0.98949446,83533303.28,51394.45,920802880.58
1181,3.2334,2.5411,2.5411,0.98940216,83546112.44,51381.74,920852262.32
1182,3.2361,2.5414,2.5414,0.98930988,83558904.64,51369.03,920901631.35
1183,3.2389,2.5418,2.5418,0.98921760,83571679.93,51356.33,920950987.67
1184,3.2416,2.5421,2.5421,0.98912534,83584438.32,51343.63,921000331.30
1185,3.2444,2.5424,2.5424,0.98903308,83597179.85,51330.93,921049662.23
1186,3.2471,2.5428,2.5428,0.98894084,83609904.56,51318.24,921098980.47
1187,3.2498,2.5431,2.5431,0.98884860,83622612.47,51305.55,921148286.02
1188,3.2526,2.5435,2.5435,0.98875638,83635303.61,51292.87,921197578.89
1189,3.2553,2.5438,2.5438,0.98866416,83647978.03,51280.19,921246859.08
1190,3.2580,2.5441,2.5441,0.98857196,83660635.74,51267.51,921296126.59
1191,3.2608,2.5445,2.5445,0.98847976,83673276.78,51254.84,921345381.43
1192,3.2635,2.5448,2.5448,0.98838758,83685901.19,51242.17,921394623.60
1193,3.2663,2.5452,2.5452,0.98829540,83698508.99,51229.51,921443853.11
1194,3.2690,2.5455,2.5455,0.98820324,83711100.21,51216.85,921493069.96
1195,3.2717,2.5459,2.5459,0.98811108,83723674.89,51204.19,921542274.15
1196,3.2745,2.5462,2.5462,0.98801894,83736233.05,51191.54,921591465.69
1197,3.2772,2.5465,2.5465,0.98792680,83748774.74,51178.89,921640644.58
1198,3.2799,2.5469,2.5469,0.98783467,83761299.97,51166.25,921689810.83
1199,3.2827,2.5472,2.5472,0.98774256,83773808.78,51153.61,921738964.43
1200,3.2854,2.5476,2.5476,0.98765045,83786301.20,51140.97,921788105.40
1201,3.2882,2.5479,2.5479,0.98755835,83798777.26,51128.33,921837233.74
1202,3.2909,2.5482,2.5482,0.98746626,83811237.00,51115.71,921886349.44
1203,3.2936,2.5486,2.5486,0.98737418,83823680.44,51103.08,921935452.52
1204,3.2964,2.5489,2.5489,0.98728212,83836107.61,51090.46,921984542.98
1205,3.2991,2.5493,2.5493,0.98719006,83848518.54,51077.84,922033620.82
1206,3.3018,2.5496,2.5496,0.98709801,83860913.27,51065.23,922082686.05
1207,3.3046,2.5499,2.5499,0.98700597,83873291.82,51052.62,922131738.67
1208,3.3073,2.5503,2.5503,0.98691394,83885654.23,51040.01,922180778.68
1209,3.3101,2.5506,2.5506,0.98682191,83898000.53,51027.41,922229806.09
1210,3.3128,2.5510,2.5510,0.98672990,83910330.74,51014.81,922278820.90
1211,3.3155,2.5513,2.5513,0.98663790,83922644.90,51002.22,922327823.12
1212,3.3183,2.5516,2.5516,0.98654591,83934943.03,50989.63,922376812.74
1213,3.3210,2.5520,2.5520,0.98645392,83947225.17,50977.04,922425789.78
1214,3.3238,2.5523,2.5523,0.98636195,83959491.34,50964.46,922474754.24
1215,3.3265,2.5527,2.5527,0.98626998,83971741.58,50951.88,922523706.12
1216,3.3292,2.5530,2.5530,0.98617803,83983975.92,50939.30,922572645.42
1217,3.3320,2.5533,2.5533,0.98608608,83996194.38,50926.73,922621572.15
1218,3.3347,2.5537,2.5537,0.98599415,84008397.00,50914.16,922670486.32
1219,3.3374,2.5540,2.5540,0.98590222,84020583.81,50901.60,922719387.92
1220,3.3402,2.5544,2.5544,0.98581030,84032754.83,50889.04,922768276.96
1221,3.3429,2.5547,2.5547,0.98571839,84044910.09,50876.49,922817153.45
1222,3.3457,2.5551,2.5551,0.98562649,84057049.63,50863.93,922866017.38
1223,3.3484,2.5554,2.5554,0.98553460,84069173.48,50851.39,922914868.77
1224,3.3511,2.5557,2.5557,0.98544272,84081281.65,50838.84,922963707.61
1225,3.3539,2.5561,2.5561,0.98535085,84093374.19,50826.30,923012533.91
1226,3.3566,2.5564,2.5564,0.98525898,84105451.12,50813.76,923061347.67
1227,3.3593,2.5568,2.5568,0.98516713,84117512.48,50801.23,923110148.90
1228,3.3621,2.5571,2.5571,0.98507528,84129558.28,50788.70,923158937.61
1229,3.3648,2.5574,2.5574,0.98498345,84141588.56,50776.18,923207713.78
1230,3.3676,2.5578,2.5578,0.98489162,84153603.35,50763.66,923256477.44
1231,3.3703,2.5581,2.5581,0.98479980,84165602.68,50751.14,923305228.58
1232,3.3730,2.5585,2.5585,0.98470799,84177586.58,50738.63,923353967.21
1233,3.3758,2.5588,2.5588,0.98461619,84189555.07,50726.12,923402693.32
1234,3.3785,2.5592,2.5592,0.98452440,84201508.18,50713.61,923451406.93
1235,3.3812,2.5595,2.5595,0.98443262,84213445.95,50701.11,923500108.04
1236,3.3840,2.5598,2.5598,0.98434084,84225368.41,50688.61,923548796.65
1237,3.3867,2.5602,2.5602,0.98424908,84237275.57,50676.12,923597472.77
1238,3.3895,2.5605,2.5605,0.98415732,84249167.47,50663.63,923646136.40
1239,3.3922,2.5609,2.5609,0.98406558,84261044.14,50651.14,923694787.54
1240,3.3949,2.5612,2.5612,0.98397384,84272905.60,50638.66,923743426.19
1241,3.3977,2.5616,2.5616,0.98388211,84284751.90,50626.18,923792052.37
1242,3.4004,2.5619,2.5619,0.98379039,84296583.04,50613.70,923840666.07
1243,3.4031,2.5622,2.5622,0.98369868,84308399.07,50601.23,923889267.30
1244,3.4059,2.5626,2.5626,0.98360697,84320200.00,50588.76,923937856.07
1245,3.4086,2.5629,2.5629,0.98351528,84331985.88,50576.30,923986432.37
1246,3.4114,2.5633,2.5633,0.98342359,84343756.72,50563.84,924034996.21
1247,3.4141,2.5636,2.5636,0.98333191,84355512.55,50551.38,924083547.59
1248,3.4168,2.5640,2.5640,0.98324025,84367253.41,50538.93,924132086.52
1249,3.4196,2.5643,2.5643,0.98314859,84378979.32,50526.48,924180613.01
1250,3.4223,2.5646,2.5646,0.98305693,84390690.31,50514.04,924229127.05
1251,3.4251,2.5650,2.5650,0.98296529,84402386.40,50501.60,924277628.64
1252,3.4278,2.5653,2.5653,0.98287366,84414067.63,50489.16,924326117.81
1253,3.4305,2.5657,2.5657,0.98278203,84425734.02,50476.73,924374594.53
1254,3.4333,2.5660,2.5660,0.98269041,84437385.60,50464.30,924423058.83
1255,3.4360,2.5664,2.5664,0.98259880,84449022.40,50451.87,924471510.71
1256,3.4387,2.5667,2.5667,0.98250720,84460644.45,50439.45,924519950.16
1257,3.4415,2.5670,2.5670,0.98241561,84472251.77,50427.03,924568377.19
1258,3.4442,2.5674,2.5674,0.98232403,84483844.38,50414.62,924616791.81
1259,3.4470,2.5677,2.5677,0.98223245,84495422.33,50402.21,924665194.02
1260,3.4497,2.5681,2.5681,0.98214089,84506985.63,50389.80,924713583.83
1261,3.4524,2.5684,2.5684,0.98204933,84518534.31,50377.40,924761961.23
1262,3.4552,2.5688,2.5688,0.98195778,84530068.41,50365.00,924810326.23
1263,3.4579,2.5691,2.5691,0.98186624,84541587.94,50352.61,924858678.84
1264,3.4606,2.5694,2.5694,0.98177470,84553092.93,50340.22,924907019.05
1265,3.4634,2.5698,2.5698,0.98168318,84564583.42,50327.83,924955346.88
1266,3.4661,2.5701,2.5701,0.98159166,84576059.43,50315.45,925003662.33
1267,3.4689,2.5705,2.5705,0.98150015,84587520.98,50303.07,925051965.39
1268,3.4716,2.5708,2.5708,0.98140865,84598968.10,50290.69,925100256.08
1269,3.4743,2.5712,2.5712,0.98131716,84610400.83,50278.32,925148534.40
1270,3.4771,2.5715,2.5715,0.98122568,84621819.18,50265.95,925196800.35
1271,3.4798,2.5718,2.5718,0.98113420,84633223.18,50253.58,925245053.93
1272,3.4825,2.5722,2.5722,0.98104274,84644612.86,50241.22,925293295.16
1273,3.4853,2.5725,2.5725,0.98095128,84655988.26,50228.87,925341524.02
1274,3.4880,2.5729,2.5729,0.98085983,84667349.38,50216.51,925389740.54
1275,3.4908,2.5732,2.5732,0.98076838,84678696.27,50204.16,925437944.70
1276,3.4935,2.5736,2.5736,0.98067695,84690028.94,50191.82,925486136.52
1277,3.4962,2.5739,2.5739,0.98058552,84701347.42,50179.48,925534315.99
1278,3.4990,2.5743,2.5743,0.98049410,84712651.75,50167.14,925582483.13
1279,3.5017,2.5746,2.5746,0.98040269,84723941.94,50154.80,925630637.94
1280,3.5044,2.5749,2.5749,0.98031129,84735218.02,50142.47,925678780.41
1281,3.5072,2.5753,2.5753,0.98021989,84746480.02,50130.15,925726910.56
1282,3.5099,2.5756,2.5756,0.98012851,84757727.97,50117.82,925775028.38
1283,3.5127,2.5760,2.5760,0.98003713,84768961.89,50105.50,925823133.89
1284,3.5154,2.5763,2.5763,0.97994576,84780181.81,50093.19,925871227.07
1285,3.5181,2.5767,2.5767,0.97985439,84791387.75,50080.88,925919307.95
1286,3.5209,2.5770,2.5770,0.97976304,84802579.74,50068.57,925967376.52
1287,3.5236,2.5774,2.5774,0.97967169,84813757.80,50056.27,926015432.79
1288,3.5264,2.5777,2.5777,0.97958035,84824921.97,50043.97,926063476.75
1289,3.5291,2.5780,2.5780,0.97948902,84836072.26,50031.67,926111508.42
1290,3.5318,2.5784,2.5784,0.97939769,84847208.71,50019.38,926159527.80
1291,3.5346,2.5787,2.5787,0.97930638,84858331.34,50007.09,926207534.89
1292,3.5373,2.5791,2.5791,0.97921507,84869440.17,49994.80,926255529.69
1293,3.5400,2.5794,2.5794,0.97912377,84880535.23,49982.52,926303512.21
1294,3.5428,2.5798,2.5798,0.97903248,84891616.55,49970.24,926351482.45
1295,3.5455,2.5801,2.5801,0.97894119,84902684.15,49957.97,926399440.42
1296,3.5483,2.5805,2.5805,0.97884991,84913738.06,49945.70,926447386.12
1297,3.5510,2.5808,2.5808,0.97875864,84924778.30,49933.43,926495319.55
1298,3.5537,2.5811,2.5811,0.97866738,84935804.89,49921.17,926543240.72
1299,3.5565,2.5815,2.5815,0.97857613,84946817.88,49908.91,926591149.63
1300,3.5592,2.5818,2.5818,0.97848488,84957817.27,49896.66,926639046.29
1301,3.5619,2.5822,2.5822,0.97839364,84968803.09,49884.40,926686930.69
1302,3.5647,2.5825,2.5825,0.97830241,84979775.38,49872.16,926734802.85
1303,3.5674,2.5829,2.5829,0.97821119,84990734.15,49859.91,926782662.76
1304,3.5702,2.5832,2.5832,0.97811997,85001679.43,49847.67,926830510.44
1305,3.5729,2.5836,2.5836,0.97802876,85012611.24,49835.44,926878345.87
1306,3.5756,2.5839,2.5839,0.97793756,85023529.61,49823.20,926926169.08
1307,3.5784,2.5843,2.5843,0.97784637,85034434.57,49810.98,926973980.05
1308,3.5811,2.5846,2.5846,0.97775518,85045326.14,49798.75,927021778.81
1309,3.5838,2.5849,2.5849,0.97766400,85056204.34,49786.53,927069565.33
1310,3.5866,2.5853,2.5853,0.97757283,85067069.21,49774.31,927117339.65
1311,3.5893,2.5856,2.5856,0.97748166,85077920.75,49762.10,927165101.74
1312,3.5921,2.5860,2.5860,0.97739051,85088759.01,49749.89,927212851.63
1313,3.5948,2.5863,2.5863,0.97729936,85099584.00,49737.68,927260589.31
1314,3.5975,2.5867,2.5867,0.97720822,85110395.75,49725.48,927308314.79
1315,3.6003,2.5870,2.5870,0.97711708,85121194.28,49713.28,927356028.07
1316,3.6030,2.5874,2.5874,0.97702596,85131979.62,49701.09,927403729.16
1317,3.6057,2.5877,2.5877,0.97693484,85142751.80,49688.89,927451418.05
1318,3.6085,2.5881,2.5881,0.97684372,85153510.82,49676.71,927499094.76
1319,3.6112,2.5884,2.5884,0.97675262,85164256.73,49664.52,927546759.28
1320,3.6140,2.5887,2.5887,0.97666152,85174989.55,49652.34,927594411.62
1321,3.6167,2.5891,2.5891,0.97657043,85185709.29,49640.17,927642051.79
1322,3.6194,2.5894,2.5894,0.97647935,85196415.99,49627.99,927689679.78
1323,3.6222,2.5898,2.5898,0.97638827,85207109.67,49615.82,927737295.61
1324,3.6249,2.5901,2.5901,0.97629720,85217790.35,49603.66,927784899.27
1325,3.6277,2.5905,2.5905,0.97620614,85228458.05,49591.50,927832490.76
1326,3.6304,2.5908,2.5908,0.97611508,85239112.81,49579.34,927880070.10
1327,3.6331,2.5912,2.5912,0.97602404,85249754.64,49567.19,927927637.29
1328,3.6359,2.5915,2.5915,0.97593300,85260383.57,49555.04,927975192.32
1329,3.6386,2.5919,2.5919,0.97584196,85270999.62,49542.89,928022735.21
1330,3.6413,2.5922,2.5922,0.97575094,85281602.82,49530.75,928070265.96
1331,3.6441,2.5926,2.5926,0.97565992,85292193.19,49518.61,928117784.57
1332,3.6468,2.5929,2.5929,0.97556891,85302770.75,49506.47,928165291.04
1333,3.6496,2.5932,2.5932,0.97547790,85313335.53,49494.34,928212785.38
1334,3.6523,2.5936,2.5936,0.97538690,85323887.55,49482.21,928260267.59
1335,3.6550,2.5939,2.5939,0.97529591,85334426.84,49470.09,928307737.68
1336,3.6578,2.5943,2.5943,0.97520493,85344953.41,49457.97,928355195.65
1337,3.6605,2.5946,2.5946,0.97511395,85355467.30,49445.85,928402641.50
1338,3.6632,2.5950,2.5950,0.97502298,85365968.52,49433.74,928450075.23
1339,3.6660,2.5953,2.5953,0.97493202,85376457.10,49421.63,928497496.86
1340,3.6687,2.5957,2.5957,0.97484106,85386933.07,49409.52,928544906.38
1341,3.6715,2.5960,2.5960,0.97475011,85397396.44,49397.42,928592303.80
1342,3.6742,2.5964,2.5964,0.97465917,85407847.24,49385.32,928639689.13
1343,3.6769,2.5967,2.5967,0.97456824,85418285.49,49373.23,928687062.35
1344,3.6797,2.5971,2.5971,0.97447731,85428711.22,49361.14,928734423.49
1345,3.6824,2.5974,2.5974,0.97438639,85439124.45,49349.05,928781772.54
1346,3.6851,2.5978,2.5978,0.97429547,85449525.20,49336.97,928829109.51
1347,3.6879,2.5981,2.5981,0.97420456,85459913.49,49324.89,928876434.39
1348,3.6906,2.5985,2.5985,0.97411366,85470289.35,49312.81,928923747.21
1349,3.6934,2.5988,2.5988,0.97402277,85480652.81,49300.74,928971047.94
1350,3.6961,2.5991,2.5991,0.97393188,85491003.88,49288.67,929018336.61
1351,3.6988,2.5995,2.5995,0.97384100,85501342.58,49276.60,929065613.22
1352,3.7016,2.5998,2.5998,0.97375012,85511668.95,49264.54,929112877.76
1353,3.7043,2.6002,2.6002,0.97365926,85521983.00,49252.49,929160130.25
1354,3.7070,2.6005,2.6005,0.97356840,85532284.75,49240.43,929207370.68
1355,3.7098,2.6009,2.6009,0.97347754,85542574.23,49228.38,929254599.06
1356,3.7125,2.6012,2.6012,0.97338670,85552851.47,49216.34,929301815.40
1357,3.7153,2.6016,2.6016,0.97329585,85563116.47,49204.29,929349019.69
1358,3.7180,2.6019,2.6019,0.97320502,85573369.28,49192.25,929396211.95
1359,3.7207,2.6023,2.6023,0.97311419,85583609.90,49180.22,929443392.17
1360,3.7235,2.6026,2.6026,0.97302337,85593838.36,49168.19,929490560.35
1361,3.7262,2.6030,2.6030,0.97293256,85604054.69,49156.16,929537716.51
1362,3.7290,2.6033,2.6033,0.97284175,85614258.90,49144.14,929584860.65
1363,3.7317,2.6037,2.6037,0.97275095,85624451.02,49132.11,929631992.76
1364,3.7344,2.6040,2.6040,0.97266016,85634631.08,49120.10,929679112.86
1365,3.7372,2.6044,2.6044,0.97256937,85644799.08,49108.08,929726220.94
1366,3.7399,2.6047,2.6047,0.97247859,85654955.07,49096.07,929773317.02
1367,3.7426,2.6051,2.6051,0.97238781,85665099.04,49084.07,929820401.09
1368,3.7454,2.6054,2.6054,0.97229704,85675231.04,49072.07,929867473.16
1369,3.7481,2.6058,2.6058,0.97220628,85685351.08,49060.07,929914533.22
1370,3.7509,2.6061,2.6061,0.97211553,85695459.19,49048.07,929961581.30
1371,3.7536,2.6065,2.6065,0.97202478,85705555.38,49036.08,930008617.38
1372,3.7563,2.6068,2.6068,0.97193403,85715639.68,49024.10,930055641.48
1373,3.7591,2.6072,2.6072,0.97184330,85725712.11,49012.11,930102653.59
1374,3.7618,2.6075,2.6075,0.97175257,85735772.69,49000.13,930149653.72
1375,3.7645,2.6078,2.6078,0.97166185,85745821.44,48988.15,930196641.87
1376,3.7673,2.6082,2.6082,0.97157113,85755858.39,48976.18,930243618.05
1377,3.7700,2.6085,2.6085,0.97148042,85765883.56,48964.21,930290582.27
1378,3.7728,2.6089,2.6089,0.97138971,85775896.97,48952.25,930337534.51
1379,3.7755,2.6092,2.6092,0.97129902,85785898.63,48940.29,930384474.80
1380,3.7782,2.6096,2.6096,0.97120832,85795888.58,48928.33,930431403.13
1381,3.7810,2.6099,2.6099,0.97111764,85805866.84,48916.37,930478319.50
1382,3.7837,2.6103,2.6103,0.97102696,85815833.42,48904.42,930525223.92
1383,3.7864,2.6106,2.6106,0.97093629,85825788.34,48892.48,930572116.40
1384,3.7892,2.6110,2.6110,0.97084562,85835731.64,48880.53,930618996.93
1385,3.7919,2.6113,2.6113,0.97075496,85845663.32,48868.59,930665865.52
1386,3.7947,2.6117,2.6117,0.97066431,85855583.42,48856.66,930712722.18
1387,3.7974,2.6120,2.6120,0.97057366,85865491.94,48844.72,930759566.90
1388,3.8001,2.6124,2.6124,0.97048302,85875388.92,48832.79,930806399.70
1389,3.8029,2.6127,2.6127,0.97039238,85885274.38,48820.87,930853220.57
1390,3.8056,2.6131,2.6131,0.97030175,85895148.34,48808.95,930900029.52
1391,3.8084,2.6134,2.6134,0.97021113,85905010.81,48797.03,930946826.55
1392,3.8111,2.6138,2.6138,0.97012051,85914861.82,48785.12,930993611.66
1393,3.8138,2.6141,2.6141,0.97002990,85924701.38,48773.21,931040384.87
1394,3.8166,2.6145,2.6145,0.96993929,85934529.53,48761.30,931087146.17
1395,3.8193,2.6148,2.6148,0.96984870,85944346.29,48749.40,931133895.56
1396,3.8220,2.6152,2.6152,0.96975810,85954151.66,48737.50,931180633.06
1397,3.8248,2.6155,2.6155,0.96966752,85963945.68,48725.60,931227358.66
1398,3.8275,2.6159,2.6159,0.96957694,85973728.36,48713.71,931274072.37
1399,3.8303,2.6162,2.6162,0.96948636,85983499.73,48701.82,931320774.18
1400,3.8330,2.6166,2.6166,0.96939579,85993259.81,48689.93,931367464.12
1401,3.8357,2.6169,2.6169,0.96930523,86003008.61,48678.05,931414142.17
1402,3.8385,2.6173,2.6173,0.96921467,86012746.16,48666.17,931460808.35
1403,3.8412,2.6176,2.6176,0.96912412,86022472.47,48654.30,931507462.65
1404,3.8439,2.6180,2.6180,0.96903358,86032187.58,48642.43,931554105.08
1405,3.8467,2.6183,2.6183,0.96894304,86041891.50,48630.56,931600735.64
1406,3.8494,2.6187,2.6187,0.96885251,86051584.24,48618.70,931647354.34
1407,3.8522,2.6190,2.6190,0.96876198,86061265.84,48606.84,931693961.18
1408,3.8549,2.6194,2.6194,0.96867146,86070936.31,48594.99,931740556.17
1409,3.8576,2.6197,2.6197,0.96858094,86080595.67,48583.13,931787139.30
1410,3.8604,2.6201,2.6201,0.96849044,86090243.94,48571.28,931833710.59
1411,3.8631,2.6204,2.6204,0.96839993,86099881.15,48559.44,931880270.02
1412,3.8658,2.6208,2.6208,0.96830944,86109507.30,48547.60,931926817.62
1413,3.8686,2.6211,2.6211,0.96821894,86119122.43,48535.76,931973353.38
1414,3.8713,2.6215,2.6215,0.96812846,86128726.56,48523.93,932019877.31
1415,3.8741,2.6218,2.6218,0.96803798,86138319.69,48512.10,932066389.40
1416,3.8768,2.6222,2.6222,0.96794750,86147901.86,48500.27,932112889.67
1417,3.8795,2.6225,2.6225,0.96785704,86157473.09,48488.45,932159378.12
1418,3.8823,2.6229,2.6229,0.96776657,86167033.38,48476.63,932205854.74
1419,3.8850,2.6232,2.6232,0.96767612,86176582.78,48464.81,932252319.55
1420,3.8877,2.6236,2.6236,0.96758567,86186121.28,48453.00,932298772.55
1421,3.8905,2.6239,2.6239,0.96749522,86195648.92,48441.19,932345213.74
1422,3.8932,2.6243,2.6243,0.96740478,86205165.71,48429.38,932391643.12
1423,3.8960,2.6246,2.6246,0.96731435,86214671.68,48417.58,932438060.71
1424,3.8987,2.6250,2.6250,0.96722392,86224166.84,48405.78,932484466.49
1425,3.9014,2.6253,2.6253,0.96713350,86233651.21,48393.99,932530860.48
1426,3.9042,2.6257,2.6257,0.96704308,86243124.81,48382.20,932577242.68
1427,3.9069,2.6260,2.6260,0.96695267,86252587.67,48370.41,932623613.09
1428,3.9097,2.6264,2.6264,0.96686226,86262039.80,48358.63,932669971.72
1429,3.9124,2.6267,2.6267,0.96677186,86271481.22,48346.85,932716318.57
1430,3.9151,2.6271,2.6271,0.96668147,86280911.96,48335.07,932762653.64
1431,3.9179,2.6274,2.6274,0.96659108,86290332.02,48323.30,932808976.94
1432,3.9206,2.6278,2.6278,0.96650070,86299741.44,48311.53,932855288.47
1433,3.9233,2.6281,2.6281,0.96641032,86309140.22,48299.77,932901588.24
1434,3.9261,2.6285,2.6285,0.96631995,86318528.40,48288.00,932947876.24
1435,3.9288,2.6288,2.6288,0.96622958,86327905.98,48276.25,932994152.49
1436,3.9316,2.6292,2.6292,0.96613922,86337273.00,48264.49,933040416.98
1437,3.9343,2.6296,2.6296,0.96604886,86346629.46,48252.74,933086669.72
1438,3.9370,2.6299,2.6299,0.96595851,86355975.38,48240.99,933132910.71
1439,3.9398,2.6303,2.6303,0.96586817,86365310.80,48229.25,933179139.96
1440,3.9425,2.6306,2.6306,0.96577783,86374635.72,48217.51,933225357.47
1441,3.9452,2.6310,2.6310,0.96568750,86383950.16,48205.77,933271563.24
1442,3.9480,2.6313,2.6313,0.96559717,86393254.15,48194.04,933317757.28
1443,3.9507,2.6317,2.6317,0.96550684,86402547.70,48182.31,933363939.59
1444,3.9535,2.6320,2.6320,0.96541653,86411830.83,48170.58,933410110.17
1445,3.9562,2.6324,2.6324,0.96532622,86421103.56,48158.86,933456269.04
1446,3.9589,2.6327,2.6327,0.96523591,86430365.92,48147.14,933502416.18
1447,3.9617,2.6331,2.6331,0.96514561,86439617.91,48135.43,933548551.61
1448,3.9644,2.6334,2.6334,0.96505531,86448859.56,48123.72,933594675.32
1449,3.9671,2.6338,2.6338,0.96496502,86458090.89,48112.01,933640787.33
1450,3.9699,2.6341,2.6341,0.96487474,86467311.91,48100.30,933686887.64
1451,3.9726,2.6345,2.6345,0.96478446,86476522.65,48088.60,933732976.24
1452,3.9754,2.6348,2.6348,0.96469418,86485723.12,48076.91,933779053.15
1453,3.9781,2.6352,2.6352,0.96460391,86494913.34,48065.21,933825118.36
1454,3.9808,2.6355,2.6355,0.96451365,86504093.33,48053.52,933871171.88
1455,3.9836,2.6359,2.6359,0.96442339,86513263.11,48041.84,933917213.72
1456,3.9863,2.6362,2.6362,0.96433314,86522422.70,48030.15,933963243.87
1457,3.9890,2.6366,2.6366,0.96424289,86531572.12,48018.47,934009262.35
1458,3.9918,2.6369,2.6369,0.96415265,86540711.38,48006.80,934055269.15
1459,3.9945,2.6373,2.6373,0.96406241,86549840.51,47995.13,934101264.27
1460,3.9973,2.6376,2.6376,0.96397218,86558959.52,47983.46,934147247.73
1461,4.0000,2.6380,2.6380,0.96388195,86568068.43,47971.79,934193219.53
1462,4.0027,2.6384,2.6384,0.96379173,86577167.25,47960.13,934239179.66
1463,4.0055,2.6387,2.6387,0.96370152,86586256.02,47948.47,934285128.13
1464,4.0082,2.6391,2.6391,0.96361130,86595334.74,47936.82,934331064.95
1465,4.0110,2.6394,2.6394,0.96352110,86604403.43,47925.17,934376990.12
1466,4.0137,2.6398,2.6398,0.96343090,86613462.12,47913.52,934422903.65
1467,4.0164,2.6401,2.6401,0.96334070,86622510.81,47901.88,934468805.53
1468,4.0192,2.6405,2.6405,0.96325051,86631549.54,47890.24,934514695.77
1469,4.0219,2.6408,2.6408,0.96316033,86640578.31,47878.60,934560574.37
1470,4.0246,2.6412,2.6412,0.96307015,86649597.15,47866.97,934606441.34
1471,4.0274,2.6415,2.6415,0.96297997,86658606.07,47855.34,934652296.68
1472,4.0301,2.6419,2.6419,0.96288980,86667605.09,47843.72,934698140.40
1473,4.0329,2.6422,2.6422,0.96279963,86676594.23,47832.09,934743972.49
1474,4.0356,2.6426,2.6426,0.96270947,86685573.50,47820.47,934789792.96
1475,4.0383,2.6429,2.6429,0.96261932,86694542.94,47808.86,934835601.82
1476,4.0411,2.6433,2.6433,0.96252917,86703502.54,47797.25,934881399.07
1477,4.0438,2.6436,2.6436,0.96243902,86712452.33,47785.64,934927184.71
1478,4.0465,2.6440,2.6440,0.96234888,86721392.34,47774.04,934972958.75
1479,4.0493,2.6444,2.6444,0.96225875,86730322.57,47762.44,935018721.19
1480,4.0520,2.6447,2.6447,0.96216862,86739243.04,47750.84,935064472.02
1481,4.0548,2.6451,2.6451,0.96207849,86748153.78,47739.24,935110211.27
1482,4.0575,2.6454,2.6454,0.96198838,86757054.79,47727.65,935155938.92
1483,4.0602,2.6458,2.6458,0.96189826,86765946.11,47716.07,935201654.99
1484,4.0630,2.6461,2.6461,0.96180815,86774827.73,47704.49,935247359.48
1485,4.0657,2.6465,2.6465,0.96171804,86783699.69,47692.91,935293052.38
1486,4.0684,2.6468,2.6468,0.96162794,86792562.00,47681.33,935338733.71
1487,4.0712,2.6472,2.6472,0.96153785,86801414.68,47669.76,935384403.47
1488,4.0739,2.6475,2.6475,0.96144776,86810257.74,47658.19,935430061.66
1489,4.0767,2.6479,2.6479,0.96135767,86819091.21,47646.62,935475708.28
1490,4.0794,2.6482,2.6482,0.96126759,86827915.09,47635.06,935521343.34
1491,4.0821,2.6486,2.6486,0.96117752,86836729.41,47623.50,935566966.85
1492,4.0849,2.6490,2.6490,0.96108745,86845534.19,47611.95,935612578.80
1493,4.0876,2.6493,2.6493,0.96099738,86854329.44,47600.40,935658179.19
1494,4.0903,2.6497,2.6497,0.96090732,86863115.17,47588.85,935703768.04
1495,4.0931,2.6500,2.6500,0.96081726,86871891.42,47577.31,935749345.35
1496,4.0958,2.6504,2.6504,0.96072721,86880658.18,47565.77,935794911.11
1497,4.0986,2.6507,2.6507,0.96063716,86889415.49,47554.23,935840465.34
1498,4.1013,2.6511,2.6511,0.96054712,86898163.36,47542.70,935886008.04
1499,4.1040,2.6514,2.6514,0.96045709,86906901.80,47531.17,935931539.20
1500,4.1068,2.6518,2.6518,0.96036705,86915630.83,47519.64,935977058.84
1501,4.1095,2.6521,2.6521,0.96027703,86924350.47,47508.12,936022566.96
1502,4.1123,2.6525,2.6525,0.96018700,86933060.74,47496.60,936068063.56
1503,4.1150,2.6529,2.6529,0.96009698,86941761.65,47485.08,936113548.64
1504,4.1177,2.6532,2.6532,0.96000697,86950453.22,47473.57,936159022.21
1505,4.1205,2.6536,2.6536,0.95991696,86959135.47,47462.06,936204484.27
1506,4.1232,2.6539,2.6539,0.95982696,86967808.41,47450.55,936249934.82
1507,4.1259,2.6543,2.6543,0.95973696,86976472.06,47439.05,936295373.87
1508,4.1287,2.6546,2.6546,0.95964697,86985126.45,47427.55,936340801.43
1509,4.1314,2.6550,2.6550,0.95955698,86993771.57,47416.06,936386217.49
1510,4.1342,2.6553,2.6553,0.95946699,87002407.46,47404.57,936431622.06
1511,4.1369,2.6557,2.6557,0.95937701,87011034.12,47393.08,936477015.14
1512,4.1396,2.6560,2.6560,0.95928703,87019651.58,47381.60,936522396.74
1513,4.1424,2.6564,2.6564,0.95919706,87028259.84,47370.12,936567766.85
1514,4.1451,2.6568,2.6568,0.95910710,87036858.94,47358.64,936613125.49
1515,4.1478,2.6571,2.6571,0.95901713,87045448.88,47347.17,936658472.66
1516,4.1506,2.6575,2.6575,0.95892718,87054029.68,47335.70,936703808.36
1517,4.1533,2.6578,2.6578,0.95883722,87062601.36,47324.23,936749132.59
1518,4.1561,2.6582,2.6582,0.95874727,87071163.93,47312.77,936794445.35
1519,4.1588,2.6585,2.6585,0.95865733,87079717.42,47301.31,936839746.66
1520,4.1615,2.6589,2.6589,0.95856739,87088261.83,47289.85,936885036.51
1521,4.1643,2.6592,2.6592,0.95847746,87096797.18,47278.40,936930314.91
1522,4.1670,2.6596,2.6596,0.95838753,87105323.49,47266.95,936975581.86
1523,4.1697,2.6600,2.6600,0.95829760,87113840.78,47255.50,937020837.36
1524,4.1725,2.6603,2.6603,0.95820768,87122349.06,47244.06,937066081.43
1525,4.1752,2.6607,2.6607,0.95811776,87130848.34,47232.62,937111314.05
1526,4.1780,2.6610,2.6610,0.95802785,87139338.66,47221.19,937156535.24
1527,4.1807,2.6614,2.6614,0.95793794,87147820.01,47209.76,937201745.00
1528,4.1834,2.6617,2.6617,0.95784804,87156292.42,47198.33,937246943.33
1529,4.1862,2.6621,2.6621,0.95775814,87164755.90,47186.91,937292130.23
1530,4.1889,2.6624,2.6624,0.95766825,87173210.47,47175.48,937337305.72
1531,4.1916,2.6628,2.6628,0.95757836,87181656.15,47164.07,937382469.78
1532,4.1944,2.6632,2.6632,0.95748847,87190092.95,47152.65,937427622.44
1533,4.1971,2.6635,2.6635,0.95739859,87198520.88,47141.24,937472763.68
1534,4.1999,2.6639,2.6639,0.95730872,87206939.97,47129.84,937517893.51
1535,4.2026,2.6642,2.6642,0.95721884,87215350.23,47118.43,937563011.94
1536,4.2053,2.6646,2.6646,0.95712898,87223751.67,47107.03,937608118.98
1537,4.2081,2.6649,2.6649,0.95703911,87232144.31,47095.64,937653214.61
1538,4.2108,2.6653,2.6653,0.95694925,87240528.17,47084.24,937698298.85
1539,4.2136,2.6656,2.6656,0.95685940,87248903.26,47072.85,937743371.71
1540,4.2163,2.6660,2.6660,0.95676955,87257269.60,47061.47,937788433.17
1541,4.2190,2.6664,2.6664,0.95667970,87265627.21,47050.08,937833483.26
1542,4.2218,2.6667,2.6667,0.95658986,87273976.09,47038.71,937878521.96
1543,4.2245,2.6671,2.6671,0.95650003,87282316.27,47027.33,937923549.29
1544,4.2272,2.6674,2.6674,0.95641019,87290647.76,47015.96,937968565.25
1545,4.2300,2.6678,2.6678,0.95632037,87298970.58,47004.59,938013569.84
1546,4.2327,2.6681,2.6681,0.95623054,87307284.74,46993.22,938058563.06
1547,4.2355,2.6685,2.6685,0.95614072,87315590.25,46981.86,938103544.92
1548,4.2382,2.6689,2.6689,0.95605091,87323887.14,46970.50,938148515.43
1549,4.2409,2.6692,2.6692,0.95596109,87332175.42,46959.15,938193474.58
1550,4.2437,2.6696,2.6696,0.95587129,87340455.11,46947.80,938238422.38
1551,4.2464,2.6699,2.6699,0.95578148,87348726.21,46936.45,938283358.83
1552,4.2491,2.6703,2.6703,0.95569169,87356988.75,46925.11,938328283.93
1553,4.2519,2.6706,2.6706,0.95560189,87365242.74,46913.76,938373197.70
1554,4.2546,2.6710,2.6710,0.95551210,87373488.19,46902.43,938418100.12
1555,4.2574,2.6714,2.6714,0.95542232,87381725.13,46891.09,938462991.22
1556,4.2601,2.6717,2.6717,0.95533253,87389953.56,46879.76,938507870.98
1557,4.2628,2.6721,2.6721,0.95524276,87398173.51,46868.44,938552739.42
1558,4.2656,2.6724,2.6724,0.95515298,87406384.98,46857.11,938597596.53
1559,4.2683,2.6728,2.6728,0.95506321,87414588.00,46845.79,938642442.32
1560,4.2710,2.6731,2.6731,0.95497345,87422782.57,46834.48,938687276.80
1561,4.2738,2.6735,2.6735,0.95488369,87430968.71,46823.16,938732099.96
1562,4.2765,2.6739,2.6739,0.95479393,87439146.44,46811.85,938776911.82
1563,4.2793,2.6742,2.6742,0.95470418,87447315.78,46800.55,938821712.36
1564,4.2820,2.6746,2.6746,0.95461443,87455476.73,46789.24,938866501.61
1565,4.2847,2.6749,2.6749,0.95452469,87463629.31,46777.95,938911279.55
1566,4.2875,2.6753,2.6753,0.95443495,87471773.55,46766.65,938956046.20
1567,4.2902,2.6756,2.6756,0.95434521,87479909.44,46755.36,939000801.56
1568,4.2930,2.6760,2.6760,0.95425548,87488037.02,46744.07,939045545.63
1569,4.2957,2.6764,2.6764,0.95416575,87496156.28,46732.78,939090278.41
1570,4.2984,2.6767,2.6767,0.95407603,87504267.26,46721.50,939134999.92
1571,4.3012,2.6771,2.6771,0.95398631,87512369.95,46710.22,939179710.14
1572,4.3039,2.6774,2.6774,0.95389659,87520464.39,46698.95,939224409.09
1573,4.3066,2.6778,2.6778,0.95380688,87528550.57,46687.68,939269096.76
1574,4.3094,2.6782,2.6782,0.95371717,87536628.52,46676.41,939313773.17
1575,4.3121,2.6785,2.6785,0.95362747,87544698.26,46665.14,939358438.31
1576,4.3149,2.6789,2.6789,0.95353777,87552759.78,46653.88,939403092.20
1577,4.3176,2.6792,2.6792,0.95344808,87560813.12,46642.62,939447734.82
1578,4.3203,2.6796,2.6796,0.95335838,87568858.29,46631.37,939492366.19
1579,4.3231,2.6799,2.6799,0.95326870,87576895.30,46620.12,939536986.31
1580,4.3258,2.6803,2.6803,0.95317901,87584924.16,46608.87,939581595.18
1581,4.3285,2.6807,2.6807,0.95308933,87592944.89,46597.63,939626192.81
1582,4.3313,2.6810,2.6810,0.95299966,87600957.50,46586.39,939670779.20
1583,4.3340,2.6814,2.6814,0.95290999,87608962.01,46575.15,939715354.35
1584,4.3368,2.6817,2.6817,0.95282032,87616958.43,46563.92,939759918.26
1585,4.3395,2.6821,2.6821,0.95273066,87624946.78,46552.69,939804470.95
1586,4.3422,2.6824,2.6824,0.95264100,87632927.08,46541.46,939849012.41
1587,4.3450,2.6828,2.6828,0.95255134,87640899.33,46530.24,939893542.64
1588,4.3477,2.6832,2.6832,0.95246169,87648863.54,46519.02,939938061.66
1589,4.3504,2.6835,2.6835,0.95237204,87656819.75,46507.80,939982569.46
1590,4.3532,2.6839,2.6839,0.95228240,87664767.95,46496.59,940027066.04
1591,4.3559,2.6842,2.6842,0.95219276,87672708.17,46485.38,940071551.42
1592,4.3587,2.6846,2.6846,0.95210312,87680640.41,46474.17,940116025.59
1593,4.3614,2.6850,2.6850,0.95201349,87688564.69,46462.97,940160488.56
1594,4.3641,2.6853,2.6853,0.95192386,87696481.03,46451.77,940204940.33
1595,4.3669,2.6857,2.6857,0.95183424,87704389.44,46440.57,940249380.90
1596,4.3696,2.6860,2.6860,0.95174462,87712289.94,46429.38,940293810.28
1597,4.3723,2.6864,2.6864,0.95165500,87720182.53,46418.19,940338228.47
1598,4.3751,2.6868,2.6868,0.95156539,87728067.24,46407.00,940382635.47
1599,4.3778,2.6871,2.6871,0.95147578,87735944.07,46395.82,940427031.29
1600,4.3806,2.6875,2.6875,0.95138617,87743813.04,46384.64,940471415.94
1601,4.3833,2.6878,2.6878,0.95129657,87751674.16,46373.47,940515789.41
1602,4.3860,2.6882,2.6882,0.95120697,87759527.46,46362.30,940560151.70
1603,4.3888,2.6886,2.6886,0.95111738,87767372.93,46351.13,940604502.83
1604,4.3915,2.6889,2.6889,0.95102779,87775210.61,46339.96,940648842.79
1605,4.3943,2.6893,2.6893,0.95093820,87783040.49,46328.80,940693171.59
1606,4.3970,2.6896,2.6896,0.95084862,87790862.60,46317.64,940737489.24
1607,4.3997,2.6900,2.6900,0.95075904,87798676.94,46306.49,940781795.72
1608,4.4025,2.6903,2.6903,0.95066947,87806483.54,46295.34,940826091.06
1609,4.4052,2.6907,2.6907,0.95057989,87814282.40,46284.19,940870375.25
1610,4.4079,2.6911,2.6911,0.95049033,87822073.54,46273.04,940914648.29
1611,4.4107,2.6914,2.6914,0.95040076,87829856.97,46261.90,940958910.19
1612,4.4134,2.6918,2.6918,0.95031120,87837632.71,46250.76,941003160.96
1613,4.4162,2.6921,2.6921,0.95022165,87845400.77,46239.63,941047400.59
1614,4.4189,2.6925,2.6925,0.95013209,87853161.16,46228.50,941091629.09
1615,4.4216,2.6929,2.6929,0.95004255,87860913.90,46217.37,941135846.46
1616,4.4244,2.6932,2.6932,0.94995300,87868659.01,46206.25,941180052.70
1617,4.4271,2.6936,2.6936,0.94986346,87876396.48,46195.13,941224247.83
1618,4.4298,2.6939,2.6939,0.94977392,87884126.35,46184.01,941268431.84
1619,4.4326,2.6943,2.6943,0.94968439,87891848.61,46172.89,941312604.73
1620,4.4353,2.6947,2.6947,0.94959486,87899563.29,46161.78,941356766.52
1621,4.4381,2.6950,2.6950,0.94950533,87907270.40,46150.68,941400917.19
1622,4.4408,2.6954,2.6954,0.94941581,87914969.95,46139.57,941445056.77
1623,4.4435,2.6957,2.6957,0.94932629,87922661.96,46128.47,941489185.24
1624,4.4463,2.6961,2.6961,0.94923677,87930346.43,46117.38,941533302.61
1625,4.4490,2.6965,2.6965,0.94914726,87938023.39,46106.28,941577408.89
1626,4.4517,2.6968,2.6968,0.94905775,87945692.84,46095.19,941621504.09
1627,4.4545,2.6972,2.6972,0.94896824,87953354.81,46084.10,941665588.19
1628,4.4572,2.6976,2.6976,0.94887874,87961009.29,46073.02,941709661.21
1629,4.4600,2.6979,2.6979,0.94878924,87968656.31,46061.94,941753723.15
1630,4.4627,2.6983,2.6983,0.94869975,87976295.87,46050.86,941797774.02
1631,4.4654,2.6986,2.6986,0.94861026,87983928.00,46039.79,941841813.81
1632,4.4682,2.6990,2.6990,0.94852077,87991552.71,46028.72,941885842.53
1633,4.4709,2.6994,2.6994,0.94843129,87999170.00,46017.65,941929860.18
1634,4.4736,2.6997,2.6997,0.94834181,88006779.89,46006.59,941973866.78
1635,4.4764,2.7001,2.7001,0.94825233,88014382.39,45995.53,942017862.31
1636,4.4791,2.7004,2.7004,0.94816286,88021977.53,45984.48,942061846.78
1637,4.4819,2.7008,2.7008,0.94807339,88029565.30,45973.42,942105820.21
1638,4.4846,2.7012,2.7012,0.94798392,88037145.73,45962.37,942149782.58
1639,4.4873,2.7015,2.7015,0.94789446,88044718.82,45951.33,942193733.91
1640,4.4901,2.7019,2.7019,0.94780500,88052284.59,45940.28,942237674.19
1641,4.4928,2.7022,2.7022,0.94771555,88059843.05,45929.24,942281603.43
1642,4.4956,2.7026,2.7026,0.94762610,88067394.22,45918.21,942325521.64
1643,4.4983,2.7030,2.7030,0.94753665,88074938.11,45907.18,942369428.82
1644,4.5010,2.7033,2.7033,0.94744720,88082474.73,45896.15,942413324.96
1645,4.5038,2.7037,2.7037,0.94735776,88090004.09,45885.12,942457210.08
1646,4.5065,2.7041,2.7041,0.94726832,88097526.20,45874.10,942501084.18
1647,4.5092,2.7044,2.7044,0.94717889,88105041.09,45863.08,942544947.26
1648,4.5120,2.7048,2.7048,0.94708946,88112548.76,45852.06,942588799.32
1649,4.5147,2.7051,2.7051,0.94700003,88120049.22,45841.05,942632640.37
1650,4.5175,2.7055,2.7055,0.94691061,88127542.49,45830.04,942676470.41
1651,4.5202,2.7059,2.7059,0.94682119,88135028.58,45819.04,942720289.45
1652,4.5229,2.7062,2.7062,0.94673177,88142507.50,45808.03,942764097.48
1653,4.5257,2.7066,2.7066,0.94664236,88149979.27,45797.03,942807894.51
1654,4.5284,2.7069,2.7069,0.94655295,88157443.89,45786.04,942851680.55
1655,4.5311,2.7073,2.7073,0.94646354,88164901.39,45775.05,942895455.60
1656,4.5339,2.7077,2.7077,0.94637413,88172351.77,45764.06,942939219.66
1657,4.5366,2.7080,2.7080,0.94628473,88179795.04,45753.07,942982972.73
1658,4.5394,2.7084,2.7084,0.94619534,88187231.22,45742.09,943026714.82
1659,4.5421,2.7088,2.7088,0.94610594,88194660.33,45731.11,943070445.93
1660,4.5448,2.7091,2.7091,0.94601655,88202082.36,45720.13,943114166.06
1661,4.5476,2.7095,2.7095,0.94592717,88209497.34,45709.16,943157875.22
1662,4.5503,2.7098,2.7098,0.94583778,88216905.28,45698.19,943201573.42
1663,4.5530,2.7102,2.7102,0.94574840,88224306.19,45687.23,943245260.65
1664,4.5558,2.7106,2.7106,0.94565903,88231700.08,45676.27,943288936.91
1665,4.5585,2.7109,2.7109,0.94556965,88239086.97,45665.31,943332602.22
1666,4.5613,2.7113,2.7113,0.94548029,88246466.86,45654.35,943376256.57
1667,4.5640,2.7117,2.7117,0.94539092,88253839.78,45643.40,943419899.97
1668,4.5667,2.7120,2.7120,0.94530156,88261205.72,45632.45,943463532.42
1669,4.5695,2.7124,2.7124,0.94521220,88268564.71,45621.51,943507153.93
1670,4.5722,2.7127,2.7127,0.94512284,88275916.76,45610.56,943550764.49
1671,4.5749,2.7131,2.7131,0.94503349,88283261.87,45599.63,943594364.12
1672,4.5777,2.7135,2.7135,0.94494414,88290600.06,45588.69,943637952.81
1673,4.5804,2.7138,2.7138,0.94485479,88297931.35,45577.76,943681530.57
1674,4.5832,2.7142,2.7142,0.94476545,88305255.74,45566.83,943725097.40
1675,4.5859,2.7146,2.7146,0.94467611,88312573.25,45555.90,943768653.30
1676,4.5886,2.7149,2.7149,0.94458677,88319883.89,45544.98,943812198.29
1677,4.5914,2.7153,2.7153,0.94449743,88327187.67,45534.06,943855732.35
1678,4.5941,2.7156,2.7156,0.94440810,88334484.60,45523.15,943899255.50
1679,4.5969,2.7160,2.7160,0.94431878,88341774.70,45512.24,943942767.74
1680,4.5996,2.7164,2.7164,0.94422945,88349057.97,45501.33,943986269.06
1681,4.6023,2.7167,2.7167,0.94414013,88356334.43,45490.42,944029759.49
1682,4.6051,2.7171,2.7171,0.94405082,88363604.10,45479.52,944073239.01
1683,4.6078,2.7175,2.7175,0.94396150,88370866.97,45468.62,944116707.63
1684,4.6105,2.7178,2.7178,0.94387219,88378123.07,45457.73,944160165.36
1685,4.6133,2.7182,2.7182,0.94378288,88385372.41,45446.84,944203612.20
1686,4.6160,2.7185,2.7185,0.94369358,88392615.00,45435.95,944247048.14
1687,4.6188,2.7189,2.7189,0.94360428,88399850.84,45425.06,944290473.20
1688,4.6215,2.7193,2.7193,0.94351498,88407079.96,45414.18,944333887.38
1689,4.6242,2.7196,2.7196,0.94342568,88414302.36,45403.30,944377290.69
1690,4.6270,2.7200,2.7200,0.94333639,88421518.06,45392.43,944420683.11
1691,4.6297,2.7204,2.7204,0.94324710,88428727.07,45381.55,944464064.67
1692,4.6324,2.7207,2.7207,0.94315782,88435929.39,45370.69,944507435.35
1693,4.6352,2.7211,2.7211,0.94306853,88443125.05,45359.82,944550795.17
1694,4.6379,2.7215,2.7215,0.94297926,88450314.04,45348.96,944594144.13
1695,4.6407,2.7218,2.7218,0.94288998,88457496.39,45338.10,944637482.23
1696,4.6434,2.7222,2.7222,0.94280071,88464672.11,45327.24,944680809.47
1697,4.6461,2.7225,2.7225,0.94271144,88471841.20,45316.39,944724125.87
1698,4.6489,2.7229,2.7229,0.94262217,88479003.68,45305.54,944767431.41
1699,4.6516,2.7233,2.7233,0.94253291,88486159.56,45294.70,944810726.11
1700,4.6543,2.7236,2.7236,0.94244365,88493308.86,45283.86,944854009.97
1701,4.6571,2.7240,2.7240,0.94235439,88500451.57,45273.02,944897282.98
1702,4.6598,2.7244,2.7244,0.94226514,88507587.73,45262.18,944940545.17
1703,4.6626,2.7247,2.7247,0.94217588,88514717.32,45251.35,944983796.52
1704,4.6653,2.7251,2.7251,0.94208664,88521840.38,45240.52,945027037.04
1705,4.6680,2.7255,2.7255,0.94199739,88528956.90,45229.70,945070266.73
1706,4.6708,2.7258,2.7258,0.94190815,88536066.91,45218.87,945113485.61
1707,4.6735,2.7262,2.7262,0.94181891,88543170.40,45208.05,945156693.66
1708,4.6762,2.7266,2.7266,0.94172968,88550267.40,45197.24,945199890.90
1709,4.6790,2.7269,2.7269,0.94164044,88557357.91,45186.43,945243077.33
1710,4.6817,2.7273,2.7273,0.94155121,88564441.95,45175.62,945286252.95
1711,4.6845,2.7276,2.7276,0.94146199,88571519.53,45164.81,945329417.76
1712,4.6872,2.7280,2.7280,0.94137276,88578590.65,45154.01,945372571.77
1713,4.6899,2.7284,2.7284,0.94128354,88585655.33,45143.21,945415714.98
1714,4.6927,2.7287,2.7287,0.94119433,88592713.59,45132.42,945458847.39
1715,4.6954,2.7291,2.7291,0.94110511,88599765.42,45121.62,945501969.02
1716,4.6982,2.7295,2.7295,0.94101590,88606810.85,45110.83,945545079.85
1717,4.7009,2.7298,2.7298,0.94092669,88613849.88,45100.05,945588179.90
1718,4.7036,2.7302,2.7302,0.94083749,88620882.53,45089.27,945631269.16
1719,4.7064,2.7306,2.7306,0.94074829,88627908.80,45078.49,945674347.65
1720,4.7091,2.7309,2.7309,0.94065909,88634928.71,45067.71,945717415.36
1721,4.7118,2.7313,2.7313,0.94056989,88641942.27,45056.94,945760472.30
1722,4.7146,2.7317,2.7317,0.94048070,88648949.49,45046.17,945803518.47
1723,4.7173,2.7320,2.7320,0.94039151,88655950.37,45035.40,945846553.87
1724,4.7201,2.7324,2.7324,0.94030232,88662944.94,45024.64,945889578.51
1725,4.7228,2.7328,2.7328,0.94021314,88669933.21,45013.88,945932592.39
1726,4.7255,2.7331,2.7331,0.94012395,88676915.17,45003.12,945975595.51
1727,4.7283,2.7335,2.7335,0.94003478,88683890.85,44992.37,946018587.88
1728,4.7310,2.7339,2.7339,0.93994560,88690860.25,44981.62,946061569.50
1729,4.7337,2.7342,2.7342,0.93985643,88697823.39,44970.87,946104540.38
1730,4.7365,2.7346,2.7346,0.93976726,88704780.28,44960.13,946147500.51
1731,4.7392,2.7349,2.7349,0.93967809,88711730.92,44949.39,946190449.90
1732,4.7420,2.7353,2.7353,0.93958893,88718675.34,44938.66,946233388.56
1733,4.7447,2.7357,2.7357,0.93949977,88725613.53,44927.92,946276316.48
1734,4.7474,2.7360,2.7360,0.93941061,88732545.51,44917.19,946319233.67
1735,4.7502,2.7364,2.7364,0.93932146,88739471.29,44906.47,946362140.14
1736,4.7529,2.7368,2.7368,0.93923230,88746390.89,44895.74,946405035.88
1737,4.7556,2.7371,2.7371,0.93914315,88753304.30,44885.02,946447920.90
1738,4.7584,2.7375,2.7375,0.93905401,88760211.55,44874.31,946490795.21
1739,4.7611,2.7379,2.7379,0.93896487,88767112.65,44863.59,946533658.80
1740,4.7639,2.7382,2.7382,0.93887572,88774007.59,44852.88,946576511.68
1741,4.7666,2.7386,2.7386,0.93878659,88780896.40,44842.17,946619353.86
1742,4.7693,2.7390,2.7390,0.93869745,88787779.09,44831.47,946662185.33
1743,4.7721,2.7393,2.7393,0.93860832,88794655.66,44820.77,946705006.10
1744,4.7748,2.7397,2.7397,0.93851919,88801526.13,44810.07,946747816.17
1745,4.7775,2.7401,2.7401,0.93843007,88808390.51,44799.38,946790615.55
1746,4.7803,2.7404,2.7404,0.93834094,88815248.80,44788.69,946833404.24
1747,4.7830,2.7408,2.7408,0.93825182,88822101.02,44778.00,946876182.24
1748,4.7858,2.7412,2.7412,0.93816271,88828947.18,44767.32,946918949.56
1749,4.7885,2.7415,2.7415,0.93807359,88835787.29,44756.64,946961706.19
1750,4.7912,2.7419,2.7419,0.93798448,88842621.36,44745.96,947004452.15
1751,4.7940,2.7423,2.7423,0.93789537,88849449.40,44735.28,947047187.44
1752,4.7967,2.7426,2.7426,0.93780627,88856271.42,44724.61,947089912.05
1753,4.7995,2.7430,2.7430,0.93771716,88863087.43,44713.95,947132626.00
1754,4.8022,2.7434,2.7434,0.93762806,88869897.44,44703.28,947175329.28
1755,4.8049,2.7437,2.7437,0.93753897,88876701.46,44692.62,947218021.90
1756,4.8077,2.7441,2.7441,0.93744987,88883499.50,44681.96,947260703.86
1757,4.8104,2.7445,2.7445,0.93736078,88890291.58,44671.31,947303375.17
1758,4.8131,2.7448,2.7448,0.93727169,88897077.70,44660.66,947346035.82
1759,4.8159,2.7452,2.7452,0.93718260,88903857.87,44650.01,947388685.83
1760,4.8186,2.7456,2.7456,0.93709352,88910632.10,44639.36,947431325.19
1761,4.8214,2.7459,2.7459,0.93700444,88917400.40,44628.72,947473953.91
1762,4.8241,2.7463,2.7463,0.93691536,88924162.79,44618.08,947516571.99
1763,4.8268,2.7467,2.7467,0.93682629,88930919.27,44607.45,947559179.44
1764,4.8296,2.7470,2.7470,0.93673721,88937669.86,44596.81,947601776.26
1765,4.8323,2.7474,2.7474,0.93664815,88944414.56,44586.19,947644362.44
1766,4.8350,2.7478,2.7478,0.93655908,88951153.38,44575.56,947686938.00
1767,4.8378,2.7481,2.7481,0.93647001,88957886.33,44564.94,947729502.94
1768,4.8405,2.7485,2.7485,0.93638095,88964613.43,44554.32,947772057.26
1769,4.8433,2.7489,2.7489,0.93629189,88971334.69,44543.70,947814600.96
1770,4.8460,2.7492,2.7492,0.93620284,88978050.10,44533.09,947857134.06
1771,4.8487,2.7496,2.7496,0.93611379,88984759.69,44522.48,947899656.54
1772,4.8515,2.7500,2.7500,0.93602474,88991463.47,44511.88,947942168.41
1773,4.8542,2.7503,2.7503,0.93593569,88998161.44,44501.27,947984669.69
1774,4.8569,2.7507,2.7507,0.93584664,89004853.61,44490.67,948027160.36
1775,4.8597,2.7511,2.7511,0.93575760,89011540.00,44480.08,948069640.44
1776,4.8624,2.7515,2.7515,0.93566856,89018220.61,44469.48,948112109.92
1777,4.8652,2.7518,2.7518,0.93557953,89024895.45,44458.89,948154568.82
1778,4.8679,2.7522,2.7522,0.93549049,89031564.54,44448.31,948197017.12
1779,4.8706,2.7526,2.7526,0.93540146,89038227.88,44437.72,948239454.85
1780,4.8734,2.7529,2.7529,0.93531243,89044885.48,44427.14,948281881.99
1781,4.8761,2.7533,2.7533,0.93522341,89051537.36,44416.57,948324298.56
1782,4.8789,2.7537,2.7537,0.93513438,89058183.51,44405.99,948366704.55
1783,4.8816,2.7540,2.7540,0.93504536,89064823.97,44395.42,948409099.98
1784,4.8843,2.7544,2.7544,0.93495635,89071458.72,44384.86,948451484.83
1785,4.8871,2.7548,2.7548,0.93486733,89078087.79,44374.29,948493859.13
1786,4.8898,2.7551,2.7551,0.93477832,89084711.17,44363.73,948536222.86
1787,4.8925,2.7555,2.7555,0.93468931,89091328.89,44353.17,948578576.03
1788,4.8953,2.7559,2.7559,0.93460030,89097940.95,44342.62,948620918.65
1789,4.8980,2.7562,2.7562,0.93451130,89104547.36,44332.07,948663250.72
1790,4.9008,2.7566,2.7566,0.93442230,89111148.13,44321.52,948705572.24
1791,4.9035,2.7570,2.7570,0.93433330,89117743.28,44310.98,948747883.21
1792,4.9062,2.7573,2.7573,0.93424430,89124332.80,44300.43,948790183.65
1793,4.9090,2.7577,2.7577,0.93415531,89130916.71,44289.90,948832473.55
1794,4.9117,2.7581,2.7581,0.93406631,89137495.02,44279.36,948874752.91
1795,4.9144,2.7584,2.7584,0.93397733,89144067.73,44268.83,948917021.74
1796,4.9172,2.7588,2.7588,0.93388834,89150634.87,44258.30,948959280.04
1797,4.9199,2.7592,2.7592,0.93379936,89157196.43,44247.78,949001527.81
1798,4.9227,2.7596,2.7596,0.93371038,89163752.43,44237.25,949043765.07
1799,4.9254,2.7599,2.7599,0.93362140,89170302.88,44226.73,949085991.80
1800,4.9281,2.7603,2.7603,0.93353242,89176847.78,44216.22,949128208.02
1801,4.9309,2.7607,2.7607,0.93344345,89183387.15,44205.71,949170413.73
1802,4.9336,2.7610,2.7610,0.93335448,89189920.99,44195.20,949212608.93
1803,4.9363,2.7614,2.7614,0.93326551,89196449.32,44184.69,949254793.62
1804,4.9391,2.7618,2.7618,0.93317655,89202972.14,44174.19,949296967.81
1805,4.9418,2.7621,2.7621,0.93308759,89209489.46,44163.69,949339131.49
1806,4.9446,2.7625,2.7625,0.93299863,89216001.29,44153.19,949381284.69
1807,4.9473,2.7629,2.7629,0.93290967,89222507.65,44142.70,949423427.39
1808,4.9500,2.7632,2.7632,0.93282071,89229008.54,44132.21,949465559.60
1809,4.9528,2.7636,2.7636,0.93273176,89235503.96,44121.72,949507681.32
1810,4.9555,2.7640,2.7640,0.93264281,89241993.94,44111.24,949549792.56
1811,4.9582,2.7644,2.7644,0.93255387,89248478.48,44100.76,949591893.32
1812,4.9610,2.7647,2.7647,0.93246492,89254957.58,44090.28,949633983.60
1813,4.9637,2.7651,2.7651,0.93237598,89261431.26,44079.81,949676063.41
1814,4.9665,2.7655,2.7655,0.93228704,89267899.53,44069.34,949718132.74
1815,4.9692,2.7658,2.7658,0.93219810,89274362.39,44058.87,949760191.61
1816,4.9719,2.7662,2.7662,0.93210917,89280819.86,44048.40,949802240.02
1817,4.9747,2.7666,2.7666,0.93202024,89287271.94,44037.94,949844277.96
1818,4.9774,2.7669,2.7669,0.93193131,89293718.64,44027.49,949886305.44
1819,4.9802,2.7673,2.7673,0.93184238,89300159.98,44017.03,949928322.47
1820,4.9829,2.7677,2.7677,0.93175346,89306595.96,44006.58,949970329.05
1821,4.9856,2.7681,2.7681,0.93166454,89313026.59,43996.13,950012325.18
1822,4.9884,2.7684,2.7684,0.93157562,89319451.87,43985.69,950054310.87
1823,4.9911,2.7688,2.7688,0.93148670,89325871.83,43975.24,950096286.11
1824,4.9938,2.7692,2.7692,0.93139779,89332286.46,43964.80,950138250.92
1825,4.9966,2.7695,2.7695,0.93130888,89338695.78,43954.37,950180205.29
1826,4.9993,2.7699,2.7699,0.93121997,89345099.80,43943.94,950222149.22
1827,5.0021,2.7703,2.7703,0.93113106,89351498.52,43933.51,950264082.73
1828,5.0048,2.7706,2.7706,0.93104216,89357891.95,43923.08,950306005.81
1829,5.0075,2.7710,2.7710,0.93095326,89364280.10,43912.66,950347918.47
1830,5.0103,2.7714,2.7714,0.93086436,89370662.99,43902.24,950389820.71
1831,5.0130,2.7718,2.7718,0.93077546,89377040.61,43891.82,950431712.53
1832,5.0157,2.7721,2.7721,0.93068657,89383412.99,43881.41,950473593.94
1833,5.0185,2.7725,2.7725,0.93059768,89389780.12,43871.00,950515464.93
1834,5.0212,2.7729,2.7729,0.93050879,89396142.02,43860.59,950557325.53
1835,5.0240,2.7732,2.7732,0.93041990,89402498.70,43850.19,950599175.71
1836,5.0267,2.7736,2.7736,0.93033102,89408850.15,43839.79,950641015.50
1837,5.0294,2.7740,2.7740,0.93024214,89415196.41,43829.39,950682844.89
1838,5.0322,2.7743,2.7743,0.93015326,89421537.46,43818.99,950724663.88
1839,5.0349,2.7747,2.7747,0.93006438,89427873.33,43808.60,950766472.49
1840,5.0376,2.7751,2.7751,0.92997551,89434204.01,43798.22,950808270.70
1841,5.0404,2.7755,2.7755,0.92988664,89440529.52,43787.83,950850058.53
1842,5.0431,2.7758,2.7758,0.92979777,89446849.87,43777.45,950891835.98
1843,5.0459,2.7762,2.7762,0.92970890,89453165.07,43767.07,950933603.05
1844,5.0486,2.7766,2.7766,0.92962004,89459475.11,43756.70,950975359.75
1845,5.0513,2.7769,2.7769,0.92953117,89465780.03,43746.32,951017106.07
1846,5.0541,2.7773,2.7773,0.92944231,89472079.81,43735.95,951058842.03
1847,5.0568,2.7777,2.7777,0.92935346,89478374.47,43725.59,951100567.61
1848,5.0595,2.7781,2.7781,0.92926460,89484664.03,43715.23,951142282.84
1849,5.0623,2.7784,2.7784,0.92917575,89490948.47,43704.87,951183987.71
1850,5.0650,2.7788,2.7788,0.92908690,89497227.83,43694.51,951225682.22
1851,5.0678,2.7792,2.7792,0.92899805,89503502.10,43684.16,951267366.37
1852,5.0705,2.7795,2.7795,0.92890921,89509771.29,43673.81,951309040.18
1853,5.0732,2.7799,2.7799,0.92882037,89516035.42,43663.46,951350703.64
1854,5.0760,2.7803,2.7803,0.92873153,89522294.48,43653.12,951392356.76
1855,5.0787,2.7807,2.7807,0.92864269,89528548.49,43642.78,951433999.54
1856,5.0815,2.7810,2.7810,0.92855385,89534797.46,43632.44,951475631.97
1857,5.0842,2.7814,2.7814,0.92846502,89541041.40,43622.10,951517254.08
1858,5.0869,2.7818,2.7818,0.92837619,89547280.31,43611.77,951558865.85
1859,5.0897,2.7821,2.7821,0.92828736,89553514.20,43601.45,951600467.30
1860,5.0924,2.7825,2.7825,0.92819854,89559743.08,43591.12,951642058.42
1861,5.0951,2.7829,2.7829,0.92810971,89565966.96,43580.80,951683639.22
1862,5.0979,2.7833,2.7833,0.92802089,89572185.85,43570.48,951725209.70
1863,5.1006,2.7836,2.7836,0.92793207,89578399.76,43560.17,951766769.87
1864,5.1034,2.7840,2.7840,0.92784326,89584608.68,43549.85,951808319.72
1865,5.1061,2.7844,2.7844,0.92775445,89590812.65,43539.54,951849859.27
1866,5.1088,2.7848,2.7848,0.92766563,89597011.65,43529.24,951891388.50
1867,5.1116,2.7851,2.7851,0.92757683,89603205.70,43518.94,951932907.44
1868,5.1143,2.7855,2.7855,0.92748802,89609394.81,43508.64,951974416.08
1869,5.1170,2.7859,2.7859,0.92739921,89615578.98,43498.34,952015914.42
1870,5.1198,2.7862,2.7862,0.92731041,89621758.23,43488.05,952057402.47
1871,5.1225,2.7866,2.7866,0.92722161,89627932.56,43477.76,952098880.22
1872,5.1253,2.7870,2.7870,0.92713282,89634101.98,43467.47,952140347.69
1873,5.1280,2.7874,2.7874,0.92704402,89640266.50,43457.19,952181804.88
1874,5.1307,2.7877,2.7877,0.92695523,89646426.13,43446.91,952223251.78
1875,5.1335,2.7881,2.7881,0.92686644,89652580.87,43436.63,952264688.41
1876,5.1362,2.7885,2.7885,0.92677765,89658730.73,43426.35,952306114.77
1877,5.1389,2.7888,2.7888,0.92668887,89664875.73,43416.08,952347530.85
1878,5.1417,2.7892,2.7892,0.92660008,89671015.86,43405.81,952388936.66
1879,5.1444,2.7896,2.7896,0.92651130,89677151.14,43395.55,952430332.21
1880,5.1472,2.7900,2.7900,0.92642252,89683281.58,43385.29,952471717.50
1881,5.1499,2.7903,2.7903,0.92633375,89689407.18,43375.03,952513092.53
1882,5.1526,2.7907,2.7907,0.92624497,89695527.95,43364.77,952554457.30
1883,5.1554,2.7911,2.7911,0.92615620,89701643.90,43354.52,952595811.82
1884,5.1581,2.7915,2.7915,0.92606743,89707755.04,43344.27,952637156.09
1885,5.1608,2.7918,2.7918,0.92597867,89713861.38,43334.03,952678490.12
1886,5.1636,2.7922,2.7922,0.92588990,89719962.92,43323.78,952719813.90
1887,5.1663,2.7926,2.7926,0.92580114,89726059.67,43313.54,952761127.44
1888,5.1691,2.7930,2.7930,0.92571238,89732151.64,43303.31,952802430.75
1889,5.1718,2.7933,2.7933,0.92562362,89738238.83,43293.07,952843723.82
1890,5.1745,2.7937,2.7937,0.92553487,89744321.27,43282.84,952885006.66
1891,5.1773,2.7941,2.7941,0.92544611,89750398.94,43272.61,952926279.28
1892,5.1800,2.7944,2.7944,0.92535736,89756471.87,43262.39,952967541.67
1893,5.1828,2.7948,2.7948,0.92526861,89762540.06,43252.17,953008793.83
1894,5.1855,2.7952,2.7952,0.92517987,89768603.51,43241.95,953050035.78
1895,5.1882,2.7956,2.7956,0.92509112,89774662.24,43231.74,953091267.52
1896,5.1910,2.7959,2.7959,0.92500238,89780716.25,43221.52,953132489.04
1897,5.1937,2.7963,2.7963,0.92491364,89786765.55,43211.31,953173700.36
1898,5.1964,2.7967,2.7967,0.92482491,89792810.15,43201.11,953214901.47
1899,5.1992,2.7971,2.7971,0.92473617,89798850.06,43190.91,953256092.37
1900,5.2019,2.7974,2.7974,0.92464744,89804885.28,43180.71,953297273.08
1901,5.2047,2.7978,2.7978,0.92455871,89810915.82,43170.51,953338443.59
1902,5.2074,2.7982,2.7982,0.92446998,89816941.69,43160.32,953379603.91
1903,5.2101,2.7986,2.7986,0.92438126,89822962.90,43150.13,953420754.04
1904,5.2129,2.7989,2.7989,0.92429253,89828979.46,43139.94,953461893.98
1905,5.2156,2.7993,2.7993,0.92420381,89834991.36,43129.76,953503023.73
1906,5.2183,2.7997,2.7997,0.92411509,89840998.63,43119.58,953544143.31
1907,5.2211,2.8001,2.8001,0.92402638,89847001.26,43109.40,953585252.71
1908,5.2238,2.8004,2.8004,0.92393766,89852999.27,43099.22,953626351.93
1909,5.2266,2.8008,2.8008,0.92384895,89858992.66,43089.05,953667440.98
1910,5.2293,2.8012,2.8012,0.92376024,89864981.45,43078.88,953708519.87
1911,5.2320,2.8016,2.8016,0.92367153,89870965.63,43068.72,953749588.59
1912,5.2348,2.8019,2.8019,0.92358283,89876945.21,43058.56,953790647.14
1913,5.2375,2.8023,2.8023,0.92349412,89882920.22,43048.40,953831695.54
1914,5.2402,2.8027,2.8027,0.92340542,89888890.64,43038.24,953872733.78
1915,5.2430,2.8031,2.8031,0.92331672,89894856.49,43028.09,953913761.87
1916,5.2457,2.8034,2.8034,0.92322803,89900817.78,43017.94,953954779.81
1917,5.2485,2.8038,2.8038,0.92313933,89906774.51,43007.79,953995787.60
1918,5.2512,2.8042,2.8042,0.92305064,89912726.69,42997.65,954036785.25
1919,5.2539,2.8046,2.8046,0.92296195,89918674.33,42987.51,954077772.76
1920,5.2567,2.8049,2.8049,0.92287326,89924617.44,42977.37,954118750.13
1921,5.2594,2.8053,2.8053,0.92278458,89930556.02,42967.24,954159717.37
1922,5.2621,2.8057,2.8057,0.92269590,89936490.08,42957.11,954200674.48
1923,5.2649,2.8061,2.8061,0.92260722,89942419.63,42946.98,954241621.46
1924,5.2676,2.8064,2.8064,0.92251854,89948344.68,42936.85,954282558.31
1925,5.2704,2.8068,2.8068,0.92242986,89954265.23,42926.73,954323485.04
1926,5.2731,2.8072,2.8072,0.92234119,89960181.29,42916.61,954364401.65
1927,5.2758,2.8076,2.8076,0.92225251,89966092.87,42906.50,954405308.15
1928,5.2786,2.8079,2.8079,0.92216384,89971999.97,42896.38,954446204.54
1929,5.2813,2.8083,2.8083,0.92207518,89977902.61,42886.27,954487090.81
1930,5.2841,2.8087,2.8087,0.92198651,89983800.79,42876.17,954527966.98
1931,5.2868,2.8091,2.8091,0.92189785,89989694.51,42866.07,954568833.04
1932,5.2895,2.8094,2.8094,0.92180919,89995583.79,42855.96,954609689.01
1933,5.2923,2.8098,2.8098,0.92172053,90001468.63,42845.87,954650534.88
1934,5.2950,2.8102,2.8102,0.92163187,90007349.04,42835.77,954691370.65
1935,5.2977,2.8106,2.8106,0.92154322,90013225.03,42825.68,954732196.33
1936,5.3005,2.8109,2.8109,0.92145456,90019096.60,42815.59,954773011.93
1937,5.3032,2.8113,2.8113,0.92136591,90024963.76,42805.51,954813817.44
1938,5.3060,2.8117,2.8117,0.92127727,90030826.53,42795.43,954854612.87
1939,5.3087,2.8121,2.8121,0.92118862,90036684.89,42785.35,954895398.21
1940,5.3114,2.8124,2.8124,0.92109998,90042538.87,42775.27,954936173.49
1941,5.3142,2.8128,2.8128,0.92101133,90048388.47,42765.20,954976938.69
1942,5.3169,2.8132,2.8132,0.92092269,90054233.70,42755.13,955017693.82
1943,5.3196,2.8136,2.8136,0.92083406,90060074.56,42745.07,955058438.89
1944,5.3224,2.8139,2.8139,0.92074542,90065911.06,42735.00,955099173.89
1945,5.3251,2.8143,2.8143,0.92065679,90071743.21,42724.94,955139898.83
1946,5.3279,2.8147,2.8147,0.92056816,90077571.01,42714.88,955180613.71
1947,5.3306,2.8151,2.8151,0.92047953,90083394.48,42704.83,955221318.54
1948,5.3333,2.8154,2.8154,0.92039090,90089213.62,42694.78,955262013.32
1949,5.3361,2.8158,2.8158,0.92030228,90095028.43,42684.73,955302698.05
1950,5.3388,2.8162,2.8162,0.92021366,90100838.93,42674.69,955343372.74
1951,5.3415,2.8166,2.8166,0.92012504,90106645.12,42664.64,955384037.39
1952,5.3443,2.8169,2.8169,0.92003642,90112447.01,42654.61,955424691.99
1953,5.3470,2.8173,2.8173,0.91994780,90118244.60,42644.57,955465336.56
1954,5.3498,2.8177,2.8177,0.91985919,90124037.90,42634.54,955505971.10
1955,5.3525,2.8181,2.8181,0.91977058,90129826.93,42624.51,955546595.61
1956,5.3552,2.8185,2.8185,0.91968197,90135611.67,42614.48,955587210.09
1957,5.3580,2.8188,2.8188,0.91959336,90141392.16,42604.46,955627814.54
1958,5.3607,2.8192,2.8192,0.91950476,90147168.38,42594.44,955668408.98
1959,5.3634,2.8196,2.8196,0.91941616,90152940.34,42584.42,955708993.40
1960,5.3662,2.8200,2.8200,0.91932756,90158708.07,42574.41,955749567.81
1961,5.3689,2.8203,2.8203,0.91923896,90164471.55,42564.39,955790132.20
1962,5.3717,2.8207,2.8207,0.91915036,90170230.80,42554.39,955830686.59
1963,5.3744,2.8211,2.8211,0.91906177,90175985.82,42544.38,955871230.97
1964,5.3771,2.8215,2.8215,0.91897317,90181736.62,42534.38,955911765.35
1965,5.3799,2.8218,2.8218,0.91888458,90187483.22,42524.38,955952289.72
1966,5.3826,2.8222,2.8222,0.91879600,90193225.60,42514.38,955992804.11
1967,5.3854,2.8226,2.8226,0.91870741,90198963.79,42504.39,956033308.50
1968,5.3881,2.8230,2.8230,0.91861883,90204697.79,42494.40,956073802.90
1969,5.3908,2.8234,2.8234,0.91853024,90210427.60,42484.41,956114287.31
1970,5.3936,2.8237,2.8237,0.91844167,90216153.23,42474.43,956154761.74
1971,5.3963,2.8241,2.8241,0.91835309,90221874.70,42464.45,956195226.19
1972,5.3990,2.8245,2.8245,0.91826451,90227591.99,42454.47,956235680.66
1973,5.4018,2.8249,2.8249,0.91817594,90233305.13,42444.50,956276125.16
1974,5.4045,2.8252,2.8252,0.91808737,90239014.12,42434.52,956316559.68
1975,5.4073,2.8256,2.8256,0.91799880,90244718.97,42424.56,956356984.24
1976,5.4100,2.8260,2.8260,0.91791023,90250419.68,42414.59,956397398.83
1977,5.4127,2.8264,2.8264,0.91782167,90256116.25,42404.63,956437803.46
1978,5.4155,2.8268,2.8268,0.91773311,90261808.70,42394.67,956478198.13
1979,5.4182,2.8271,2.8271,0.91764454,90267497.04,42384.71,956518582.84
1980,5.4209,2.8275,2.8275,0.91755599,90273181.26,42374.76,956558957.60
1981,5.4237,2.8279,2.8279,0.91746743,90278861.38,42364.81,956599322.41
1982,5.4264,2.8283,2.8283,0.91737888,90284537.40,42354.86,956639677.27
1983,5.4292,2.8286,2.8286,0.91729032,90290209.33,42344.92,956680022.19
1984,5.4319,2.8290,2.8290,0.91720177,90295877.18,42334.98,956720357.16
1985,5.4346,2.8294,2.8294,0.91711323,90301540.95,42325.04,956760682.20
1986,5.4374,2.8298,2.8298,0.91702468,90307200.64,42315.10,956800997.30
1987,5.4401,2.8302,2.8302,0.91693614,90312856.28,42305.17,956841302.47
1988,5.4428,2.8305,2.8305,0.91684759,90318507.85,42295.24,956881597.71
1989,5.4456,2.8309,2.8309,0.91675905,90324155.37,42285.31,956921883.03
1990,5.4483,2.8313,2.8313,0.91667052,90329798.85,42275.39,956962158.42
1991,5.4511,2.8317,2.8317,0.91658198,90335438.29,42265.47,957002423.89
1992,5.4538,2.8321,2.8321,0.91649345,90341073.69,42255.55,957042679.44
1993,5.4565,2.8324,2.8324,0.91640492,90346705.07,42245.64,957082925.08
1994,5.4593,2.8328,2.8328,0.91631639,90352332.43,42235.73,957123160.81
1995,5.4620,2.8332,2.8332,0.91622786,90357955.78,42225.82,957163386.63
1996,5.4648,2.8336,2.8336,0.91613933,90363575.12,42215.92,957203602.55
1997,5.4675,2.8339,2.8339,0.91605081,90369190.46,42206.01,957243808.57
1998,5.4702,2.8343,2.8343,0.91596229,90374801.81,42196.12,957284004.68
1999,5.4730,2.8347,2.8347,0.91587377,90380409.17,42186.22,957324190.90
2000,5.4757,2.8351,2.8351,0.91578525,90386012.55,42176.33,957364367.23
2001,5.4784,2.8355,2.8355,0.91569674,90391611.96,42166.44,957404533.66
2002,5.4812,2.8358,2.8358,0.91560823,90397207.40,42156.55,957444690.21
2003,5.4839,2.8362,2.8362,0.91551972,90402798.87,42146.67,957484836.88
2004,5.4867,2.8366,2.8366,0.91543121,90408386.39,42136.79,957524973.67
2005,5.4894,2.8370,2.8370,0.91534270,90413969.97,42126.91,957565100.57
2006,5.4921,2.8374,2.8374,0.91525419,90419549.60,42117.03,957605217.61
2007,5.4949,2.8377,2.8377,0.91516569,90425125.29,42107.16,957645324.77
2008,5.4976,2.8381,2.8381,0.91507719,90430697.05,42097.29,957685422.06
2009,5.5003,2.8385,2.8385,0.91498869,90436264.89,42087.43,957725509.49
2010,5.5031,2.8389,2.8389,0.91490020,90441828.81,42077.56,957765587.05
2011,5.5058,2.8393,2.8393,0.91481170,90447388.82,42067.70,957805654.75
2012,5.5086,2.8396,2.8396,0.91472321,90452944.93,42057.85,957845712.60
2013,5.5113,2.8400,2.8400,0.91463472,90458497.14,42047.99,957885760.59
2014,5.5140,2.8404,2.8404,0.91454623,90464045.45,42038.14,957925798.74
2015,5.5168,2.8408,2.8408,0.91445775,90469589.88,42028.29,957965827.03
2016,5.5195,2.8412,2.8412,0.91436926,90475130.43,42018.45,958005845.48
2017,5.5222,2.8415,2.8415,0.91428078,90480667.10,42008.61,958045854.09
2018,5.5250,2.8419,2.8419,0.91419230,90486199.91,41998.77,958085852.86
2019,5.5277,2.8423,2.8423,0.91410382,90491728.86,41988.93,958125841.79
2020,5.5305,2.8427,2.8427,0.91401534,90497253.95,41979.10,958165820.90
2021,5.5332,2.8431,2.8431,0.91392687,90502775.19,41969.27,958205790.17
2022,5.5359,2.8434,2.8434,0.91383840,90508292.58,41959.44,958245749.61
2023,5.5387,2.8438,2.8438,0.91374993,90513806.15,41949.62,958285699.23
2024,5.5414,2.8442,2.8442,0.91366146,90519315.87,41939.80,958325639.03
2025,5.5441,2.8446,2.8446,0.91357299,90524821.78,41929.98,958365569.02
2026,5.5469,2.8450,2.8450,0.91348453,90530323.87,41920.17,958405489.18
2027,5.5496,2.8453,2.8453,0.91339607,90535822.14,41910.36,958445399.54
2028,5.5524,2.8457,2.8457,0.91330761,90541316.61,41900.55,958485300.09
2029,5.5551,2.8461,2.8461,0.91321915,90546807.27,41890.74,958525190.83
2030,5.5578,2.8465,2.8465,0.91313069,90552294.14,41880.94,958565071.77
2031,5.5606,2.8469,2.8469,0.91304224,90557777.23,41871.14,958604942.91
2032,5.5633,2.8472,2.8472,0.91295379,90563256.53,41861.34,958644804.25
2033,5.5661,2.8476,2.8476,0.91286534,90568732.05,41851.55,958684655.80
2034,5.5688,2.8480,2.8480,0.91277689,90574203.80,41841.76,958724497.56
2035,5.5715,2.8484,2.8484,0.91268845,90579671.79,41831.97,958764329.52
2036,5.5743,2.8488,2.8488,0.91260000,90585136.02,41822.18,958804151.71
2037,5.5770,2.8491,2.8491,0.91251156,90590596.50,41812.40,958843964.11
2038,5.5797,2.8495,2.8495,0.91242312,90596053.23,41802.62,958883766.74
2039,5.5825,2.8499,2.8499,0.91233468,90601506.22,41792.85,958923559.58
2040,5.5852,2.8503,2.8503,0.91224625,90606955.47,41783.08,958963342.66
2041,5.5880,2.8507,2.8507,0.91215781,90612401.00,41773.31,959003115.96
2042,5.5907,2.8510,2.8510,0.91206938,90617842.80,41763.54,959042879.50
2043,5.5934,2.8514,2.8514,0.91198095,90623280.89,41753.77,959082633.28
2044,5.5962,2.8518,2.8518,0.91189252,90628715.26,41744.01,959122377.29
2045,5.5989,2.8522,2.8522,0.91180410,90634145.93,41734.25,959162111.54
2046,5.6016,2.8526,2.8526,0.91171567,90639572.90,41724.50,959201836.04
2047,5.6044,2.8529,2.8529,0.91162725,90644996.17,41714.75,959241550.79
2048,5.6071,2.8533,2.8533,0.91153883,90650415.76,41705.00,959281255.79
2049,5.6099,2.8537,2.8537,0.91145041,90655831.67,41695.25,959320951.04
2050,5.6126,2.8541,2.8541,0.91136200,90661243.89,41685.51,959360636.55
2051,5.6153,2.8545,2.8545,0.91127358,90666652.45,41675.77,959400312.32
2052,5.6181,2.8549,2.8549,0.91118517,90672057.34,41666.03,959439978.35
2053,5.6208,2.8552,2.8552,0.91109676,90677458.58,41656.30,959479634.65
2054,5.6235,2.8556,2.8556,0.91100835,90682856.16,41646.57,959519281.22
2055,5.6263,2.8560,2.8560,0.91091995,90688250.09,41636.84,959558918.05
2056,5.6290,2.8564,2.8564,0.91083155,90693640.38,41627.11,959598545.17
2057,5.6318,2.8568,2.8568,0.91074314,90699027.04,41617.39,959638162.56
2058,5.6345,2.8571,2.8571,0.91065474,90704410.06,41607.67,959677770.23
2059,5.6372,2.8575,2.8575,0.91056635,90709789.46,41597.95,959717368.18
2060,5.6400,2.8579,2.8579,0.91047795,90715165.24,41588.24,959756956.42
2061,5.6427,2.8583,2.8583,0.91038956,90720537.41,41578.53,959796534.95
2062,5.6454,2.8587,2.8587,0.91030116,90725905.97,41568.82,959836103.77
2063,5.6482,2.8591,2.8591,0.91021277,90731270.93,41559.12,959875662.89
2064,5.6509,2.8594,2.8594,0.91012439,90736632.29,41549.42,959915212.31
2065,5.6537,2.8598,2.8598,0.91003600,90741990.06,41539.72,959954752.02
2066,5.6564,2.8602,2.8602,0.90994762,90747344.25,41530.02,959994282.04
2067,5.6591,2.8606,2.8606,0.90985923,90752694.85,41520.33,960033802.37
2068,5.6619,2.8610,2.8610,0.90977085,90758041.89,41510.64,960073313.01
2069,5.6646,2.8614,2.8614,0.90968248,90763385.35,41500.95,960112813.96
2070,5.6674,2.8617,2.8617,0.90959410,90768725.25,41491.27,960152305.23
2071,5.6701,2.8621,2.8621,0.90950572,90774061.60,41481.59,960191786.82
2072,5.6728,2.8625,2.8625,0.90941735,90779394.39,41471.91,960231258.72
2073,5.6756,2.8629,2.8629,0.90932898,90784723.63,41462.23,960270720.96
2074,5.6783,2.8633,2.8633,0.90924061,90790049.34,41452.56,960310173.52
2075,5.6810,2.8636,2.8636,0.90915225,90795371.51,41442.89,960349616.41
2076,5.6838,2.8640,2.8640,0.90906388,90800690.15,41433.23,960389049.64
2077,5.6865,2.8644,2.8644,0.90897552,90806005.27,41423.56,960428473.20
2078,5.6893,2.8648,2.8648,0.90888716,90811316.87,41413.90,960467887.10
2079,5.6920,2.8652,2.8652,0.90879880,90816624.96,41404.24,960507291.35
2080,5.6947,2.8656,2.8656,0.90871045,90821929.53,41394.59,960546685.94
2081,5.6975,2.8659,2.8659,0.90862209,90827230.61,41384.94,960586070.87
2082,5.7002,2.8663,2.8663,0.90853374,90832528.19,41375.29,960625446.16
2083,5.7029,2.8667,2.8667,0.90844539,90837822.28,41365.64,960664811.81
2084,5.7057,2.8671,2.8671,0.90835704,90843112.88,41356.00,960704167.81
2085,5.7084,2.8675,2.8675,0.90826869,90848400.00,41346.36,960743514.17
2086,5.7112,2.8679,2.8679,0.90818035,90853683.65,41336.72,960782850.89
2087,5.7139,2.8682,2.8682,0.90809201,90858963.83,41327.09,960822177.98
2088,5.7166,2.8686,2.8686,0.90800366,90864240.54,41317.46,960861495.44
2089,5.7194,2.8690,2.8690,0.90791533,90869513.80,41307.83,960900803.28
2090,5.7221,2.8694,2.8694,0.90782699,90874783.60,41298.21,960940101.48
2091,5.7248,2.8698,2.8698,0.90773865,90880049.95,41288.58,960979390.07
2092,5.7276,2.8702,2.8702,0.90765032,90885312.86,41278.96,961018669.03
2093,5.7303,2.8705,2.8705,0.90756199,90890572.34,41269.35,961057938.38
2094,5.7331,2.8709,2.8709,0.90747366,90895828.38,41259.74,961097198.11
2095,5.7358,2.8713,2.8713,0.90738533,90901080.99,41250.12,961136448.24
2096,5.7385,2.8717,2.8717,0.90729701,90906330.19,41240.52,961175688.76
2097,5.7413,2.8721,2.8721,0.90720869,90911575.96,41230.91,961214919.67
2098,5.7440,2.8725,2.8725,0.90712036,90916818.33,41221.31,961254140.98
2099,5.7467,2.8728,2.8728,0.90703205,90922057.29,41211.71,961293352.69
2100,5.7495,2.8732,2.8732,0.90694373,90927292.85,41202.12,961332554.81
2101,5.7522,2.8736,2.8736,0.90685541,90932525.02,41192.52,961371747.33
2102,5.7550,2.8740,2.8740,0.90676710,90937753.79,41182.93,961410930.26
2103,5.7577,2.8744,2.8744,0.90667879,90942979.18,41173.35,961450103.61
2104,5.7604,2.8748,2.8748,0.90659048,90948201.19,41163.76,961489267.37
2105,5.7632,2.8752,2.8752,0.90650217,90953419.83,41154.18,961528421.55
2106,5.7659,2.8755,2.8755,0.90641387,90958635.10,41144.60,961567566.16
2107,5.7687,2.8759,2.8759,0.90632556,90963847.00,41135.03,961606701.18
2108,5.7714,2.8763,2.8763,0.90623726,90969055.55,41125.45,961645826.64
2109,5.7741,2.8767,2.8767,0.90614896,90974260.74,41115.88,961684942.52
2110,5.7769,2.8771,2.8771,0.90606066,90979462.59,41106.32,961724048.84
2111,5.7796,2.8775,2.8775,0.90597237,90984661.09,41096.75,961763145.59
2112,5.7823,2.8778,2.8778,0.90588407,90989856.25,41087.19,961802232.79
2113,5.7851,2.8782,2.8782,0.90579578,90995048.08,41077.64,961841310.42
2114,5.7878,2.8786,2.8786,0.90570749,91000236.59,41068.08,961880378.50
2115,5.7906,2.8790,2.8790,0.90561920,91005421.77,41058.53,961919437.03
2116,5.7933,2.8794,2.8794,0.90553092,91010603.63,41048.98,961958486.01
2117,5.7960,2.8798,2.8798,0.90544263,91015782.18,41039.43,961997525.45
2118,5.7988,2.8802,2.8802,0.90535435,91020957.42,41029.89,962036555.34
2119,5.8015,2.8805,2.8805,0.90526607,91026129.36,41020.35,962075575.69
2120,5.8042,2.8809,2.8809,0.90517779,91031298.01,41010.81,962114586.50
2121,5.8070,2.8813,2.8813,0.90508951,91036463.36,41001.28,962153587.77
2122,5.8097,2.8817,2.8817,0.90500124,91041625.42,40991.75,962192579.52
2123,5.8125,2.8821,2.8821,0.90491297,91046784.21,40982.22,962231561.74
2124,5.8152,2.8825,2.8825,0.90482470,91051939.71,40972.69,962270534.43
2125,5.8179,2.8829,2.8829,0.90473643,91057091.94,40963.17,962309497.59
2126,5.8207,2.8832,2.8832,0.90464816,91062240.91,40953.65,962348451.24
2127,5.8234,2.8836,2.8836,0.90455990,91067386.62,40944.13,962387395.37
2128,5.8261,2.8840,2.8840,0.90447163,91072529.06,40934.62,962426329.99
2129,5.8289,2.8844,2.8844,0.90438337,91077668.26,40925.10,962465255.09
2130,5.8316,2.8848,2.8848,0.90429511,91082804.21,40915.60,962504170.69
2131,5.8344,2.8852,2.8852,0.90420686,91087936.91,40906.09,962543076.78
2132,5.8371,2.8855,2.8855,0.90411860,91093066.38,40896.59,962581973.37
2133,5.8398,2.8859,2.8859,0.90403035,91098192.62,40887.09,962620860.45
2134,5.8426,2.8863,2.8863,0.90394210,91103315.63,40877.59,962659738.04
2135,5.8453,2.8867,2.8867,0.90385385,91108435.41,40868.10,962698606.14
2136,5.8480,2.8871,2.8871,0.90376560,91113551.98,40858.61,962737464.75
2137,5.8508,2.8875,2.8875,0.90367735,91118665.34,40849.12,962776313.86
2138,5.8535,2.8879,2.8879,0.90358911,91123775.49,40839.63,962815153.49
2139,5.8563,2.8883,2.8883,0.90350087,91128882.44,40830.15,962853983.64
2140,5.8590,2.8886,2.8886,0.90341263,91133986.18,40820.67,962892804.31
2141,5.8617,2.8890,2.8890,0.90332439,91139086.74,40811.19,962931615.51
2142,5.8645,2.8894,2.8894,0.90323616,91144184.11,40801.72,962970417.22
2143,5.8672,2.8898,2.8898,0.90314792,91149278.29,40792.25,963009209.47
2144,5.8700,2.8902,2.8902,0.90305969,91154369.30,40782.78,963047992.25
2145,5.8727,2.8906,2.8906,0.90297146,91159457.13,40773.31,963086765.57
2146,5.8754,2.8910,2.8910,0.90288323,91164541.79,40763.85,963125529.42
2147,5.8782,2.8913,2.8913,0.90279501,91169623.29,40754.39,963164283.81
2148,5.8809,2.8917,2.8917,0.90270678,91174701.63,40744.94,963203028.75
2149,5.8836,2.8921,2.8921,0.90261856,91179776.81,40735.48,963241764.23
2150,5.8864,2.8925,2.8925,0.90253034,91184848.85,40726.03,963280490.26
2151,5.8891,2.8929,2.8929,0.90244212,91189917.74,40716.58,963319206.85
2152,5.8919,2.8933,2.8933,0.90235390,91194983.48,40707.14,963357913.99
2153,5.8946,2.8937,2.8937,0.90226569,91200046.10,40697.70,963396611.68
2154,5.8973,2.8940,2.8940,0.90217748,91205105.58,40688.26,963435299.94
2155,5.9001,2.8944,2.8944,0.90208927,91210161.94,40678.82,963473978.76
2156,5.9028,2.8948,2.8948,0.90200106,91215215.17,40669.39,963512648.15
2157,5.9055,2.8952,2.8952,0.90191285,91220265.29,40659.96,963551308.11
2158,5.9083,2.8956,2.8956,0.90182464,91225312.30,40650.53,963589958.64
2159,5.9110,2.8960,2.8960,0.90173644,91230356.20,40641.10,963628599.74
2160,5.9138,2.8964,2.8964,0.90164824,91235397.00,40631.68,963667231.42
2161,5.9165,2.8968,2.8968,0.90156004,91240434.70,40622.26,963705853.68
2162,5.9192,2.8971,2.8971,0.90147184,91245469.30,40612.85,963744466.53
2163,5.9220,2.8975,2.8975,0.90138365,91250500.82,40603.43,963783069.96
2164,5.9247,2.8979,2.8979,0.90129546,91255529.26,40594.02,963821663.99
2165,5.9274,2.8983,2.8983,0.90120726,91260554.61,40584.61,963860248.60
2166,5.9302,2.8987,2.8987,0.90111907,91265576.89,40575.21,963898823.81
2167,5.9329,2.8991,2.8991,0.90103089,91270596.10,40565.81,963937389.62
2168,5.9357,2.8995,2.8995,0.90094270,91275612.25,40556.41,963975946.03
2169,5.9384,2.8999,2.8999,0.90085452,91280625.33,40547.01,964014493.04
2170,5.9411,2.9002,2.9002,0.90076634,91285635.36,40537.62,964053030.66
2171,5.9439,2.9006,2.9006,0.90067816,91290642.34,40528.23,964091558.89
2172,5.9466,2.9010,2.9010,0.90058998,91295646.27,40518.84,964130077.73
2173,5.9493,2.9014,2.9014,0.90050180,91300647.15,40509.46,964168587.19
2174,5.9521,2.9018,2.9018,0.90041363,91305645.00,40500.07,964207087.26
2175,5.9548,2.9022,2.9022,0.90032545,91310639.82,40490.69,964245577.95
2176,5.9576,2.9026,2.9026,0.90023728,91315631.61,40481.32,964284059.27
2177,5.9603,2.9030,2.9030,0.90014912,91320620.37,40471.95,964322531.22
2178,5.9630,2.9033,2.9033,0.90006095,91325606.11,40462.57,964360993.79
2179,5.9658,2.9037,2.9037,0.89997279,91330588.84,40453.21,964399447.00
2180,5.9685,2.9041,2.9041,0.89988462,91335568.56,40443.84,964437890.84
2181,5.9713,2.9045,2.9045,0.89979646,91340545.27,40434.48,964476325.32
2182,5.9740,2.9049,2.9049,0.89970830,91345518.98,40425.12,964514750.44
2183,5.9767,2.9053,2.9053,0.89962015,91350489.69,40415.76,964553166.21
2184,5.9795,2.9057,2.9057,0.89953199,91355457.41,40406.41,964591572.62
2185,5.9822,2.9061,2.9061,0.89944384,91360422.14,40397.06,964629969.68
2186,5.9849,2.9065,2.9065,0.89935569,91365383.89,40387.71,964668357.39
2187,5.9877,2.9068,2.9068,0.89926754,91370342.66,40378.37,964706735.76
2188,5.9904,2.9072,2.9072,0.89917939,91375298.45,40369.03,964745104.79
2189,5.9932,2.9076,2.9076,0.89909125,91380251.27,40359.69,964783464.48
2190,5.9959,2.9080,2.9080,0.89900310,91385201.13,40350.35,964821814.83
2191,5.9986,2.9084,2.9084,0.89891496,91390148.02,40341.02,964860155.84
2192,6.0014,2.9088,2.9088,0.89882682,91395091.96,40331.69,964898487.53
2193,6.0041,2.9092,2.9092,0.89873868,91400032.95,40322.36,964936809.89
2194,6.0068,2.9096,2.9096,0.89865055,91404970.98,40313.03,964975122.92
2195,6.0096,2.9100,2.9100,0.89856241,91409906.07,40303.71,965013426.63
2196,6.0123,2.9103,2.9103,0.89847428,91414838.23,40294.39,965051721.02
2197,6.0151,2.9107,2.9107,0.89838615,91419767.44,40285.08,965090006.10
2198,6.0178,2.9111,2.9111,0.89829803,91424693.73,40275.76,965128281.86
2199,6.0205,2.9115,2.9115,0.89820990,91429617.09,40266.45,965166548.31
2200,6.0233,2.9119,2.9119,0.89812178,91434537.53,40257.14,965204805.45
2201,6.0260,2.9123,2.9123,0.89803365,91439455.04,40247.84,965243053.29
2202,6.0287,2.9127,2.9127,0.89794553,91444369.65,40238.54,965281291.83
2203,6.0315,2.9131,2.9131,0.89785741,91449281.35,40229.24,965319521.06
2204,6.0342,2.9135,2.9135,0.89776930,91454190.14,40219.94,965357741.00
2205,6.0370,2.9138,2.9138,0.89768118,91459096.03,40210.65,965395951.65
2206,6.0397,2.9142,2.9142,0.89759307,91463999.02,40201.35,965434153.00
2207,6.0424,2.9146,2.9146,0.89750496,91468899.12,40192.07,965472345.07
2208,6.0452,2.9150,2.9150,0.89741685,91473796.33,40182.78,965510527.85
2209,6.0479,2.9154,2.9154,0.89732875,91478690.66,40173.50,965548701.35
2210,6.0507,2.9158,2.9158,0.89724064,91483582.11,40164.22,965586865.56
2211,6.0534,2.9162,2.9162,0.89715254,91488470.69,40154.94,965625020.51
2212,6.0561,2.9166,2.9166,0.89706444,91493356.39,40145.67,965663166.17
2213,6.0589,2.9170,2.9170,0.89697634,91498239.23,40136.40,965701302.57
2214,6.0616,2.9174,2.9174,0.89688824,91503119.21,40127.13,965739429.70
2215,6.0643,2.9177,2.9177,0.89680015,91507996.32,40117.86,965777547.56
2216,6.0671,2.9181,2.9181,0.89671205,91512870.58,40108.60,965815656.16
2217,6.0698,2.9185,2.9185,0.89662396,91517742.00,40099.34,965853755.50
2218,6.0726,2.9189,2.9189,0.89653587,91522610.56,40090.08,965891845.58
2219,6.0753,2.9193,2.9193,0.89644778,91527476.29,40080.83,965929926.41
2220,6.0780,2.9197,2.9197,0.89635970,91532339.18,40071.58,965967997.99
2221,6.0808,2.9201,2.9201,0.89627161,91537199.23,40062.33,966006060.31
2222,6.0835,2.9205,2.9205,0.89618353,91542056.46,40053.08,966044113.40
2223,6.0862,2.9209,2.9209,0.89609545,91546910.86,40043.84,966082157.23
2224,6.0890,2.9213,2.9213,0.89600738,91551762.44,40034.60,966120191.83
2225,6.0917,2.9216,2.9216,0.89591930,91556611.20,40025.36,966158217.19
2226,6.0945,2.9220,2.9220,0.89583123,91561457.15,40016.13,966196233.32
2227,6.0972,2.9224,2.9224,0.89574315,91566300.30,40006.89,966234240.22
2228,6.0999,2.9228,2.9228,0.89565508,91571140.64,39997.67,966272237.88
2229,6.1027,2.9232,2.9232,0.89556702,91575978.17,39988.44,966310226.32
2230,6.1054,2.9236,2.9236,0.89547895,91580812.92,39979.22,966348205.54
2231,6.1081,2.9240,2.9240,0.89539089,91585644.87,39970.00,966386175.53
2232,6.1109,2.9244,2.9244,0.89530282,91590474.03,39960.78,966424136.31
2233,6.1136,2.9248,2.9248,0.89521476,91595300.41,39951.56,966462087.87
2234,6.1164,2.9252,2.9252,0.89512670,91600124.01,39942.35,966500030.22
2235,6.1191,2.9256,2.9256,0.89503865,91604944.83,39933.14,966537963.37
2236,6.1218,2.9259,2.9259,0.89495059,91609762.88,39923.93,966575887.30
2237,6.1246,2.9263,2.9263,0.89486254,91614578.16,39914.73,966613802.03
2238,6.1273,2.9267,2.9267,0.89477449,91619390.69,39905.53,966651707.56
2239,6.1300,2.9271,2.9271,0.89468644,91624200.45,39896.33,966689603.89
2240,6.1328,2.9275,2.9275,0.89459839,91629007.45,39887.14,966727491.03
2241,6.1355,2.9279,2.9279,0.89451035,91633811.70,39877.94,966765368.97
2242,6.1383,2.9283,2.9283,0.89442231,91638613.21,39868.75,966803237.73
2243,6.1410,2.9287,2.9287,0.89433426,91643411.97,39859.57,966841097.30
2244,6.1437,2.9291,2.9291,0.89424623,91648208.00,39850.38,966878947.68
2245,6.1465,2.9295,2.9295,0.89415819,91653001.28,39841.20,966916788.88
2246,6.1492,2.9299,2.9299,0.89407015,91657791.84,39832.02,966954620.90
2247,6.1520,2.9302,2.9302,0.89398212,91662579.67,39822.85,966992443.75
2248,6.1547,2.9306,2.9306,0.89389409,91667364.77,39813.67,967030257.42
2249,6.1574,2.9310,2.9310,0.89380606,91672147.16,39804.50,967068061.93
2250,6.1602,2.9314,2.9314,0.89371803,91676926.82,39795.34,967105857.27
2251,6.1629,2.9318,2.9318,0.89363001,91681703.78,39786.17,967143643.44
2252,6.1656,2.9322,2.9322,0.89354198,91686478.03,39777.01,967181420.45
2253,6.1684,2.9326,2.9326,0.89345396,91691249.57,39767.85,967219188.30
2254,6.1711,2.9330,2.9330,0.89336594,91696018.42,39758.69,967256946.99
2255,6.1739,2.9334,2.9334,0.89327792,91700784.57,39749.54,967294696.54
2256,6.1766,2.9338,2.9338,0.89318991,91705548.02,39740.39,967332436.93
2257,6.1793,2.9342,2.9342,0.89310189,91710308.79,39731.24,967370168.17
2258,6.1821,2.9346,2.9346,0.89301388,91715066.87,39722.10,967407890.27
2259,6.1848,2.9350,2.9350,0.89292587,91719822.28,39712.96,967445603.22
2260,6.1875,2.9353,2.9353,0.89283786,91724575.00,39703.82,967483307.04
2261,6.1903,2.9357,2.9357,0.89274986,91729325.05,39694.68,967521001.72
2262,6.1930,2.9361,2.9361,0.89266185,91734072.44,39685.54,967558687.26
2263,6.1958,2.9365,2.9365,0.89257385,91738817.15,39676.41,967596363.67
2264,6.1985,2.9369,2.9369,0.89248585,91743559.21,39667.29,967634030.96
2265,6.2012,2.9373,2.9373,0.89239785,91748298.61,39658.16,967671689.12
2266,6.2040,2.9377,2.9377,0.89230986,91753035.36,39649.04,967709338.16
2267,6.2067,2.9381,2.9381,0.89222186,91757769.45,39639.92,967746978.07
2268,6.2094,2.9385,2.9385,0.89213387,91762500.90,39630.80,967784608.87
2269,6.2122,2.9389,2.9389,0.89204588,91767229.70,39621.68,967822230.56
2270,6.2149,2.9393,2.9393,0.89195789,91771955.87,39612.57,967859843.13
2271,6.2177,2.9397,2.9397,0.89186990,91776679.41,39603.46,967897446.59
2272,6.2204,2.9401,2.9401,0.89178192,91781400.31,39594.36,967935040.95
2273,6.2231,2.9405,2.9405,0.89169394,91786118.58,39585.25,967972626.20
2274,6.2259,2.9408,2.9408,0.89160596,91790834.23,39576.15,968010202.36
2275,6.2286,2.9412,2.9412,0.89151798,91795547.26,39567.06,968047769.41
2276,6.2313,2.9416,2.9416,0.89143000,91800257.68,39557.96,968085327.37
2277,6.2341,2.9420,2.9420,0.89134202,91804965.48,39548.87,968122876.24
2278,6.2368,2.9424,2.9424,0.89125405,91809670.68,39539.78,968160416.02
2279,6.2396,2.9428,2.9428,0.89116608,91814373.26,39530.69,968197946.71
2280,6.2423,2.9432,2.9432,0.89107811,91819073.25,39521.61,968235468.31
2281,6.2450,2.9436,2.9436,0.89099014,91823770.64,39512.53,968272980.84
2282,6.2478,2.9440,2.9440,0.89090218,91828465.44,39503.45,968310484.29
2283,6.2505,2.9444,2.9444,0.89081422,91833157.65,39494.37,968347978.66
2284,6.2533,2.9448,2.9448,0.89072625,91837847.27,39485.30,968385463.96
2285,6.2560,2.9452,2.9452,0.89063830,91842534.31,39476.23,968422940.18
2286,6.2587,2.9456,2.9456,0.89055034,91847218.77,39467.16,968460407.34
2287,6.2615,2.9460,2.9460,0.89046238,91851900.65,39458.10,968497865.44
2288,6.2642,2.9464,2.9464,0.89037443,91856579.96,39449.03,968535314.47
2289,6.2669,2.9467,2.9467,0.89028648,91861256.71,39439.97,968572754.45
2290,6.2697,2.9471,2.9471,0.89019853,91865930.89,39430.92,968610185.36
2291,6.2724,2.9475,2.9475,0.89011058,91870602.51,39421.86,968647607.23
2292,6.2752,2.9479,2.9479,0.89002264,91875271.57,39412.81,968685020.04
2293,6.2779,2.9483,2.9483,0.88993469,91879938.08,39403.76,968722423.80
2294,6.2806,2.9487,2.9487,0.88984675,91884602.04,39394.72,968759818.52
2295,6.2834,2.9491,2.9491,0.88975881,91889263.45,39385.68,968797204.20
2296,6.2861,2.9495,2.9495,0.88967087,91893922.32,39376.64,968834580.84
2297,6.2888,2.9499,2.9499,0.88958294,91898578.65,39367.60,968871948.43
2298,6.2916,2.9503,2.9503,0.88949500,91903232.44,39358.56,968909307.00
2299,6.2943,2.9507,2.9507,0.88940707,91907883.71,39349.53,968946656.53
2300,6.2971,2.9511,2.9511,0.88931914,91912532.44,39340.50,968983997.03
2301,6.2998,2.9515,2.9515,0.88923121,91917178.66,39331.48,969021328.51
2302,6.3025,2.9519,2.9519,0.88914329,91921822.34,39322.45,969058650.96
2303,6.3053,2.9523,2.9523,0.88905536,91926463.52,39313.43,969095964.40
2304,6.3080,2.9527,2.9527,0.88896744,91931102.18,39304.41,969133268.81
2305,6.3107,2.9531,2.9531,0.88887952,91935738.32,39295.40,969170564.21
2306,6.3135,2.9535,2.9535,0.88879160,91940371.96,39286.39,969207850.60
2307,6.3162,2.9538,2.9538,0.88870369,91945003.10,39277.38,969245127.97
2308,6.3190,2.9542,2.9542,0.88861577,91949631.74,39268.37,969282396.34
2309,6.3217,2.9546,2.9546,0.88852786,91954257.88,39259.37,969319655.71
2310,6.3244,2.9550,2.9550,0.88843995,91958881.53,39250.36,969356906.07
2311,6.3272,2.9554,2.9554,0.88835204,91963502.69,39241.36,969394147.44
2312,6.3299,2.9558,2.9558,0.88826414,91968121.36,39232.37,969431379.81
2313,6.3326,2.9562,2.9562,0.88817623,91972737.55,39223.38,969468603.18
2314,6.3354,2.9566,2.9566,0.88808833,91977351.27,39214.38,969505817.57
2315,6.3381,2.9570,2.9570,0.88800043,91981962.50,39205.40,969543022.96
2316,6.3409,2.9574,2.9574,0.88791253,91986571.27,39196.41,969580219.38
2317,6.3436,2.9578,2.9578,0.88782464,91991177.56,39187.43,969617406.80
2318,6.3463,2.9582,2.9582,0.88773674,91995781.39,39178.45,969654585.25
2319,6.3491,2.9586,2.9586,0.88764885,92000382.76,39169.47,969691754.73
2320,6.3518,2.9590,2.9590,0.88756096,92004981.68,39160.50,969728915.22
2321,6.3546,2.9594,2.9594,0.88747307,92009578.13,39151.53,969766066.75
2322,6.3573,2.9598,2.9598,0.88738518,92014172.14,39142.56,969803209.31
2323,6.3600,2.9602,2.9602,0.88729730,92018763.70,39133.59,969840342.90
2324,6.3628,2.9606,2.9606,0.88720942,92023352.81,39124.63,969877467.53
2325,6.3655,2.9610,2.9610,0.88712154,92027939.48,39115.67,969914583.19
2326,6.3682,2.9614,2.9614,0.88703366,92032523.72,39106.71,969951689.90
2327,6.3710,2.9618,2.9618,0.88694578,92037105.52,39097.75,969988787.66
2328,6.3737,2.9621,2.9621,0.88685791,92041684.89,39088.80,970025876.46
2329,6.3765,2.9625,2.9625,0.88677004,92046261.83,39079.85,970062956.31
2330,6.3792,2.9629,2.9629,0.88668216,92050836.35,39070.91,970100027.22
2331,6.3819,2.9633,2.9633,0.88659430,92055408.45,39061.96,970137089.18
2332,6.3847,2.9637,2.9637,0.88650643,92059978.13,39053.02,970174142.20
2333,6.3874,2.9641,2.9641,0.88641857,92064545.40,39044.08,970211186.28
2334,6.3901,2.9645,2.9645,0.88633070,92069110.25,39035.14,970248221.42
2335,6.3929,2.9649,2.9649,0.88624284,92073672.70,39026.21,970285247.63
2336,6.3956,2.9653,2.9653,0.88615498,92078232.75,39017.28,970322264.91
2337,6.3984,2.9657,2.9657,0.88606713,92082790.39,39008.35,970359273.26
2338,6.4011,2.9661,2.9661,0.88597927,92087345.64,38999.43,970396272.69
2339,6.4038,2.9665,2.9665,0.88589142,92091898.49,38990.50,970433263.19
2340,6.4066,2.9669,2.9669,0.88580357,92096448.96,38981.58,970470244.78
2341,6.4093,2.9673,2.9673,0.88571572,92100997.03,38972.67,970507217.44
2342,6.4120,2.9677,2.9677,0.88562787,92105542.72,38963.75,970544181.20
2343,6.4148,2.9681,2.9681,0.88554003,92110086.04,38954.84,970581136.04
2344,6.4175,2.9685,2.9685,0.88545219,92114626.97,38945.93,970618081.97
2345,6.4203,2.9689,2.9689,0.88536435,92119165.53,38937.03,970655018.99
2346,6.4230,2.9693,2.9693,0.88527651,92123701.72,38928.12,970691947.12
2347,6.4257,2.9697,2.9697,0.88518867,92128235.54,38919.22,970728866.34
2348,6.4285,2.9701,2.9701,0.88510084,92132767.00,38910.32,970765776.66
2349,6.4312,2.9705,2.9705,0.88501301,92137296.09,38901.43,970802678.09
2350,6.4339,2.9709,2.9709,0.88492517,92141822.83,38892.53,970839570.62
2351,6.4367,2.9713,2.9713,0.88483735,92146347.21,38883.64,970876454.27
2352,6.4394,2.9717,2.9717,0.88474952,92150869.25,38874.76,970913329.02
2353,6.4422,2.9721,2.9721,0.88466170,92155388.93,38865.87,970950194.89
2354,6.4449,2.9725,2.9725,0.88457387,92159906.27,38856.99,970987051.88
2355,6.4476,2.9729,2.9729,0.88448605,92164421.27,38848.11,971023899.99
2356,6.4504,2.9733,2.9733,0.88439823,92168933.93,38839.23,971060739.23
2357,6.4531,2.9737,2.9737,0.88431042,92173444.25,38830.36,971097569.59
2358,6.4559,2.9741,2.9741,0.88422260,92177952.24,38821.49,971134391.08
2359,6.4586,2.9744,2.9744,0.88413479,92182457.91,38812.62,971171203.70
2360,6.4613,2.9748,2.9748,0.88404698,92186961.24,38803.75,971208007.45
2361,6.4641,2.9752,2.9752,0.88395917,92191462.26,38794.89,971244802.34
2362,6.4668,2.9756,2.9756,0.88387137,92195960.96,38786.03,971281588.38
2363,6.4695,2.9760,2.9760,0.88378356,92200457.34,38777.17,971318365.55
2364,6.4723,2.9764,2.9764,0.88369576,92204951.40,38768.32,971355133.87
2365,6.4750,2.9768,2.9768,0.88360796,92209443.16,38759.47,971391893.33
2366,6.4778,2.9772,2.9772,0.88352016,92213932.61,38750.62,971428643.95
2367,6.4805,2.9776,2.9776,0.88343236,92218419.76,38741.77,971465385.72
2368,6.4832,2.9780,2.9780,0.88334457,92222904.61,38732.93,971502118.64
2369,6.4860,2.9784,2.9784,0.88325678,92227387.16,38724.08,971538842.73
2370,6.4887,2.9788,2.9788,0.88316899,92231867.41,38715.24,971575557.97
2371,6.4914,2.9792,2.9792,0.88308120,92236345.38,38706.41,971612264.38
2372,6.4942,2.9796,2.9796,0.88299341,92240821.06,38697.57,971648961.95
2373,6.4969,2.9800,2.9800,0.88290563,92245294.45,38688.74,971685650.70
2374,6.4997,2.9804,2.9804,0.88281785,92249765.56,38679.92,971722330.61
2375,6.5024,2.9808,2.9808,0.88273007,92254234.39,38671.09,971759001.70
2376,6.5051,2.9812,2.9812,0.88264229,92258700.95,38662.27,971795663.97
2377,6.5079,2.9816,2.9816,0.88255451,92263165.23,38653.45,971832317.42
2378,6.5106,2.9820,2.9820,0.88246674,92267627.25,38644.63,971868962.05
2379,6.5133,2.9824,2.9824,0.88237897,92272087.00,38635.82,971905597.86
2380,6.5161,2.9828,2.9828,0.88229120,92276544.49,38627.00,971942224.87
2381,6.5188,2.9832,2.9832,0.88220343,92280999.71,38618.19,971978843.06
2382,6.5216,2.9836,2.9836,0.88211567,92285452.68,38609.39,972015452.45
2383,6.5243,2.9840,2.9840,0.88202790,92289903.40,38600.58,972052053.03
2384,6.5270,2.9844,2.9844,0.88194014,92294351.87,38591.78,972088644.81
2385,6.5298,2.9848,2.9848,0.88185238,92298798.08,38582.98,972125227.80
2386,6.5325,2.9852,2.9852,0.88176462,92303242.06,38574.19,972161801.98
2387,6.5352,2.9856,2.9856,0.88167687,92307683.79,38565.39,972198367.38
2388,6.5380,2.9860,2.9860,0.88158911,92312123.28,38556.60,972234923.98
2389,6.5407,2.9864,2.9864,0.88150136,92316560.54,38547.81,972271471.79
2390,6.5435,2.9868,2.9868,0.88141361,92320995.56,38539.03,972308010.82
2391,6.5462,2.9872,2.9872,0.88132587,92325428.35,38530.25,972344541.07
2392,6.5489,2.9876,2.9876,0.88123812,92329858.92,38521.47,972381062.54
2393,6.5517,2.9880,2.9880,0.88115038,92334287.27,38512.69,972417575.22
2394,6.5544,2.9884,2.9884,0.88106264,92338713.39,38503.91,972454079.14
2395,6.5572,2.9888,2.9888,0.88097490,92343137.30,38495.14,972490574.28
2396,6.5599,2.9892,2.9892,0.88088716,92347558.99,38486.37,972527060.65
2397,6.5626,2.9896,2.9896,0.88079943,92351978.47,38477.61,972563538.26
2398,6.5654,2.9900,2.9900,0.88071169,92356395.74,38468.84,972600007.10
2399,6.5681,2.9904,2.9904,0.88062396,92360810.80,38460.08,972636467.19
2400,6.5708,2.9908,2.9908,0.88053623,92365223.66,38451.32,972672918.51
2401,6.5736,2.9912,2.9912,0.88044851,92369634.33,38442.57,972709361.07
2402,6.5763,2.9916,2.9916,0.88036078,92374042.79,38433.81,972745794.89
2403,6.5791,2.9920,2.9920,0.88027306,92378449.06,38425.06,972782219.95
2404,6.5818,2.9924,2.9924,0.88018534,92382853.14,38416.31,972818636.26
2405,6.5845,2.9928,2.9928,0.88009762,92387255.04,38407.57,972855043.83
2406,6.5873,2.9932,2.9932,0.88000990,92391654.74,38398.83,972891442.66
2407,6.5900,2.9936,2.9936,0.87992219,92396052.27,38390.09,972927832.74
2408,6.5927,2.9940,2.9940,0.87983448,92400447.61,38381.35,972964214.09
2409,6.5955,2.9944,2.9944,0.87974677,92404840.78,38372.61,973000586.71
2410,6.5982,2.9948,2.9948,0.87965906,92409231.78,38363.88,973036950.59
2411,6.6010,2.9952,2.9952,0.87957135,92413620.60,38355.15,973073305.74
2412,6.6037,2.9956,2.9956,0.87948365,92418007.26,38346.43,973109652.17
2413,6.6064,2.9960,2.9960,0.87939595,92422391.75,38337.70,973145989.87
2414,6.6092,2.9964,2.9964,0.87930825,92426774.08,38328.98,973182318.85
2415,6.6119,2.9968,2.9968,0.87922055,92431154.25,38320.26,973218639.11
2416,6.6146,2.9972,2.9972,0.87913285,92435532.27,38311.54,973254950.65
2417,6.6174,2.9976,2.9976,0.87904516,92439908.13,38302.83,973291253.48
2418,6.6201,2.9980,2.9980,0.87895747,92444281.84,38294.12,973327547.60
2419,6.6229,2.9984,2.9984,0.87886978,92448653.41,38285.41,973363833.02
2420,6.6256,2.9988,2.9988,0.87878209,92453022.82,38276.71,973400109.72
2421,6.6283,2.9992,2.9992,0.87869441,92457390.10,38268.00,973436377.73
2422,6.6311,2.9996,2.9996,0.87860672,92461755.24,38259.30,973472637.03
2423,6.6338,3.0000,3.0000,0.87851904,92466118.24,38250.61,973508887.63
2424,6.6366,3.0004,3.0004,0.87843136,92470479.11,38241.91,973545129.54
2425,6.6393,3.0008,3.0008,0.87834369,92474837.84,38233.22,973581362.76
2426,6.6420,3.0012,3.0012,0.87825601,92479194.45,38224.53,973617587.29
2427,6.6448,3.0016,3.0016,0.87816834,92483548.94,38215.84,973653803.13
2428,6.6475,3.0020,3.0020,0.87808067,92487901.30,38207.16,973690010.29
2429,6.6502,3.0024,3.0024,0.87799300,92492251.54,38198.47,973726208.76
2430,6.6530,3.0028,3.0028,0.87790533,92496599.67,38189.80,973762398.56
2431,6.6557,3.0032,3.0032,0.87781767,92500945.68,38181.12,973798579.68
2432,6.6585,3.0036,3.0036,0.87773001,92505289.58,38172.44,973834752.12
2433,6.6612,3.0040,3.0040,0.87764235,92509631.37,38163.77,973870915.89
2434,6.6639,3.0044,3.0044,0.87755469,92513971.06,38155.10,973907071.00
2435,6.6667,3.0048,3.0048,0.87746703,92518308.64,38146.44,973943217.44
2436,6.6694,3.0052,3.0052,0.87737938,92522644.13,38137.78,973979355.21
2437,6.6721,3.0056,3.0056,0.87729173,92526977.51,38129.11,974015484.33
2438,6.6749,3.0060,3.0060,0.87720408,92531308.81,38120.46,974051604.78
2439,6.6776,3.0064,3.0064,0.87711643,92535638.01,38111.80,974087716.58
2440,6.6804,3.0068,3.0068,0.87702878,92539965.12,38103.15,974123819.73
2441,6.6831,3.0072,3.0072,0.87694114,92544290.14,38094.50,974159914.23
2442,6.6858,3.0076,3.0076,0.87685350,92548613.09,38085.85,974196000.08
2443,6.6886,3.0080,3.0080,0.87676586,92552933.95,38077.20,974232077.28
2444,6.6913,3.0084,3.0084,0.87667822,92557252.73,38068.56,974268145.84
2445,6.6940,3.0088,3.0088,0.87659059,92561569.44,38059.92,974304205.77
2446,6.6968,3.0092,3.0092,0.87650296,92565884.07,38051.29,974340257.05
2447,6.6995,3.0096,3.0096,0.87641532,92570196.64,38042.65,974376299.70
2448,6.7023,3.0100,3.0100,0.87632770,92574507.13,38034.02,974412333.72
2449,6.7050,3.0104,3.0104,0.87624007,92578815.57,38025.39,974448359.11
2450,6.7077,3.0109,3.0109,0.87615245,92583121.94,38016.76,974484375.87
2451,6.7105,3.0113,3.0113,0.87606482,92587426.25,38008.14,974520384.01
2452,6.7132,3.0117,3.0117,0.87597720,92591728.51,37999.52,974556383.53
2453,6.7159,3.0121,3.0121,0.87588959,92596028.71,37990.90,974592374.43
2454,6.7187,3.0125,3.0125,0.87580197,92600326.86,37982.28,974628356.71
2455,6.7214,3.0129,3.0129,0.87571436,92604622.96,37973.67,974664330.38
2456,6.7242,3.0133,3.0133,0.87562674,92608917.02,37965.06,974700295.44
2457,6.7269,3.0137,3.0137,0.87553913,92613209.03,37956.45,974736251.89
2458,6.7296,3.0141,3.0141,0.87545153,92617499.00,37947.84,974772199.73
2459,6.7324,3.0145,3.0145,0.87536392,92621786.94,37939.24,974808138.97
2460,6.7351,3.0149,3.0149,0.87527632,92626072.84,37930.64,974844069.61
2461,6.7379,3.0153,3.0153,0.87518872,92630356.71,37922.04,974879991.66
2462,6.7406,3.0157,3.0157,0.87510112,92634638.54,37913.45,974915905.10
2463,6.7433,3.0161,3.0161,0.87501352,92638918.35,37904.85,974951809.96
2464,6.7461,3.0165,3.0165,0.87492593,92643196.14,37896.26,974987706.22
2465,6.7488,3.0169,3.0169,0.87483834,92647471.90,37887.68,975023593.90
2466,6.7515,3.0173,3.0173,0.87475075,92651745.64,37879.09,975059472.99
2467,6.7543,3.0177,3.0177,0.87466316,92656017.37,37870.51,975095343.50
2468,6.7570,3.0181,3.0181,0.87457557,92660287.08,37861.93,975131205.43
2469,6.7598,3.0185,3.0185,0.87448799,92664554.78,37853.35,975167058.78
2470,6.7625,3.0189,3.0189,0.87440041,92668820.48,37844.78,975202903.56
2471,6.7652,3.0193,3.0193,0.87431283,92673084.16,37836.21,975238739.77
2472,6.7680,3.0197,3.0197,0.87422525,92677345.84,37827.64,975274567.41
2473,6.7707,3.0201,3.0201,0.87413768,92681605.52,37819.07,975310386.48
2474,6.7734,3.0205,3.0205,0.87405010,92685863.20,37810.51,975346196.98
2475,6.7762,3.0209,3.0209,0.87396253,92690118.89,37801.95,975381998.93
2476,6.7789,3.0213,3.0213,0.87387496,92694372.58,37793.39,975417792.32
2477,6.7817,3.0217,3.0217,0.87378740,92698624.28,37784.83,975453577.15
2478,6.7844,3.0221,3.0221,0.87369983,92702873.99,37776.28,975489353.42
2479,6.7871,3.0225,3.0225,0.87361227,92707121.71,37767.73,975525121.15
2480,6.7899,3.0229,3.0229,0.87352471,92711367.46,37759.18,975560880.33
2481,6.7926,3.0234,3.0234,0.87343715,92715611.22,37750.63,975596630.96
2482,6.7953,3.0238,3.0238,0.87334960,92719853.00,37742.09,975632373.04
2483,6.7981,3.0242,3.0242,0.87326204,92724092.81,37733.55,975668106.59
2484,6.8008,3.0246,3.0246,0.87317449,92728330.64,37725.01,975703831.60
2485,6.8036,3.0250,3.0250,0.87308694,92732566.50,37716.47,975739548.08
2486,6.8063,3.0254,3.0254,0.87299940,92736800.40,37707.94,975775256.02
2487,6.8090,3.0258,3.0258,0.87291185,92741032.32,37699.41,975810955.43
2488,6.8118,3.0262,3.0262,0.87282431,92745262.29,37690.88,975846646.31
2489,6.8145,3.0266,3.0266,0.87273677,92749490.29,37682.36,975882328.67
2490,6.8172,3.0270,3.0270,0.87264923,92753716.34,37673.84,975918002.50
2491,6.8200,3.0274,3.0274,0.87256169,92757940.43,37665.32,975953667.82
2492,6.8227,3.0278,3.0278,0.87247416,92762162.57,37656.80,975989324.62
2493,6.8255,3.0282,3.0282,0.87238663,92766382.75,37648.28,976024972.90
2494,6.8282,3.0286,3.0286,0.87229910,92770600.99,37639.77,976060612.67
2495,6.8309,3.0290,3.0290,0.87221157,92774817.28,37631.26,976096243.93
2496,6.8337,3.0294,3.0294,0.87212405,92779031.63,37622.75,976131866.69
2497,6.8364,3.0298,3.0298,0.87203652,92783244.04,37614.25,976167480.94
2498,6.8392,3.0302,3.0302,0.87194900,92787454.51,37605.75,976203086.69
2499,6.8419,3.0306,3.0306,0.87186148,92791663.04,37597.25,976238683.93
2500,6.8446,3.0310,3.0310,0.87177397,92795869.64,37588.75,976274272.69
2501,6.8474,3.0314,3.0314,0.87168645,92800074.31,37580.26,976309852.94
2502,6.8501,3.0319,3.0319,0.87159894,92804277.05,37571.77,976345424.71
2503,6.8528,3.0323,3.0323,0.87151143,92808477.86,37563.28,976380987.99
2504,6.8556,3.0327,3.0327,0.87142392,92812676.75,37554.79,976416542.78
2505,6.8583,3.0331,3.0331,0.87133642,92816873.72,37546.31,976452089.09
2506,6.8611,3.0335,3.0335,0.87124891,92821068.77,37537.83,976487626.91
2507,6.8638,3.0339,3.0339,0.87116141,92825261.90,37529.35,976523156.26
2508,6.8665,3.0343,3.0343,0.87107391,92829453.12,37520.87,976558677.13
2509,6.8693,3.0347,3.0347,0.87098642,92833642.42,37512.40,976594189.53
2510,6.8720,3.0351,3.0351,0.87089892,92837829.82,37503.93,976629693.46
2511,6.8747,3.0355,3.0355,0.87081143,92842015.31,37495.46,976665188.92
2512,6.8775,3.0359,3.0359,0.87072394,92846198.90,37486.99,976700675.91
2513,6.8802,3.0363,3.0363,0.87063645,92850380.58,37478.53,976736154.44
2514,6.8830,3.0367,3.0367,0.87054897,92854560.36,37470.07,976771624.51
2515,6.8857,3.0371,3.0371,0.87046148,92858738.25,37461.61,976807086.12
2516,6.8884,3.0375,3.0375,0.87037400,92862914.24,37453.16,976842539.27
2517,6.8912,3.0379,3.0379,0.87028652,92867088.34,37444.70,976877983.97
2518,6.8939,3.0383,3.0383,0.87019905,92871260.55,37436.25,976913420.23
2519,6.8966,3.0387,3.0387,0.87011157,92875430.87,37427.80,976948848.03
2520,6.8994,3.0392,3.0392,0.87002410,92879599.30,37419.36,976984267.39
2521,6.9021,3.0396,3.0396,0.86993663,92883765.86,37410.92,977019678.30
2522,6.9049,3.0400,3.0400,0.86984916,92887930.53,37402.48,977055080.78
2523,6.9076,3.0404,3.0404,0.86976170,92892093.32,37394.04,977090474.82
2524,6.9103,3.0408,3.0408,0.86967423,92896254.23,37385.60,977125860.42
2525,6.9131,3.0412,3.0412,0.86958677,92900413.28,37377.17,977161237.59
2526,6.9158,3.0416,3.0416,0.86949931,92904570.45,37368.74,977196606.33
2527,6.9185,3.0420,3.0420,0.86941186,92908725.75,37360.31,977231966.65
2528,6.9213,3.0424,3.0424,0.86932440,92912879.18,37351.89,977267318.53
2529,6.9240,3.0428,3.0428,0.86923695,92917030.75,37343.47,977302662.00
2530,6.9268,3.0432,3.0432,0.86914950,92921180.46,37335.05,977337997.05
2531,6.9295,3.0436,3.0436,0.86906205,92925328.31,37326.63,977373323.68
2532,6.9322,3.0440,3.0440,0.86897461,92929474.30,37318.21,977408641.89
2533,6.9350,3.0444,3.0444,0.86888716,92933618.43,37309.80,977443951.69
2534,6.9377,3.0448,3.0448,0.86879972,92937760.72,37301.39,977479253.09
2535,6.9405,3.0453,3.0453,0.86871228,92941901.15,37292.99,977514546.07
2536,6.9432,3.0457,3.0457,0.86862485,92946039.73,37284.58,977549830.66
2537,6.9459,3.0461,3.0461,0.86853741,92950176.47,37276.18,977585106.84
2538,6.9487,3.0465,3.0465,0.86844998,92954311.36,37267.78,977620374.62
2539,6.9514,3.0469,3.0469,0.86836255,92958444.41,37259.38,977655634.00
2540,6.9541,3.0473,3.0473,0.86827512,92962575.62,37250.99,977690884.99
2541,6.9569,3.0477,3.0477,0.86818770,92966705.00,37242.60,977726127.59
2542,6.9596,3.0481,3.0481,0.86810027,92970832.54,37234.21,977761361.80
2543,6.9624,3.0485,3.0485,0.86801285,92974958.25,37225.82,977796587.62
2544,6.9651,3.0489,3.0489,0.86792543,92979082.13,37217.44,977831805.06
2545,6.9678,3.0493,3.0493,0.86783802,92983204.18,37209.06,977867014.12
2546,6.9706,3.0497,3.0497,0.86775060,92987324.40,37200.68,977902214.80
2547,6.9733,3.0501,3.0501,0.86766319,92991442.80,37192.30,977937407.10
2548,6.9760,3.0506,3.0506,0.86757578,92995559.38,37183.93,977972591.03
2549,6.9788,3.0510,3.0510,0.86748838,92999674.14,37175.56,978007766.59
2550,6.9815,3.0514,3.0514,0.86740097,93003787.08,37167.19,978042933.77
2551,6.9843,3.0518,3.0518,0.86731357,93007898.21,37158.82,978078092.60
2552,6.9870,3.0522,3.0522,0.86722617,93012007.53,37150.46,978113243.05
2553,6.9897,3.0526,3.0526,0.86713877,93016115.03,37142.10,978148385.15
2554,6.9925,3.0530,3.0530,0.86705137,93020220.73,37133.74,978183518.89
2555,6.9952,3.0534,3.0534,0.86696398,93024324.62,37125.38,978218644.27
2556,6.9979,3.0538,3.0538,0.86687659,93028426.71,37117.03,978253761.30
2557,7.0007,3.0542,3.0542,0.86678920,93032527.00,37108.68,978288869.98
2558,7.0034,3.0546,3.0546,0.86670181,93036625.49,37100.33,978323970.31
2559,7.0062,3.0550,3.0550,0.86661443,93040722.18,37091.98,978359062.29
2560,7.0089,3.0554,3.0554,0.86652705,93044817.08,37083.64,978394145.93
2561,7.0116,3.0559,3.0559,0.86643967,93048910.18,37075.30,978429221.23
2562,7.0144,3.0563,3.0563,0.86635229,93053001.50,37066.96,978464288.19
2563,7.0171,3.0567,3.0567,0.86626491,93057091.02,37058.63,978499346.82
2564,7.0198,3.0571,3.0571,0.86617754,93061178.76,37050.29,978534397.11
2565,7.0226,3.0575,3.0575,0.86609017,93065264.72,37041.96,978569439.07
2566,7.0253,3.0579,3.0579,0.86600280,93069348.89,37033.63,978604472.70
2567,7.0281,3.0583,3.0583,0.86591544,93073431.29,37025.31,978639498.01
2568,7.0308,3.0587,3.0587,0.86582807,93077511.90,37016.98,978674514.99
2569,7.0335,3.0591,3.0591,0.86574071,93081590.75,37008.66,978709523.66
2570,7.0363,3.0595,3.0595,0.86565335,93085667.82,37000.35,978744524.00
2571,7.0390,3.0599,3.0599,0.86556599,93089743.11,36992.03,978779516.03
2572,7.0418,3.0604,3.0604,0.86547864,93093816.64,36983.72,978814499.75
2573,7.0445,3.0608,3.0608,0.86539129,93097888.41,36975.41,978849475.16
2574,7.0472,3.0612,3.0612,0.86530394,93101958.41,36967.10,978884442.25
2575,7.0500,3.0616,3.0616,0.86521659,93106026.64,36958.79,978919401.05
2576,7.0527,3.0620,3.0620,0.86512924,93110093.12,36950.49,978954351.53
2577,7.0554,3.0624,3.0624,0.86504190,93114157.84,36942.19,978989293.72
2578,7.0582,3.0628,3.0628,0.86495456,93118220.80,36933.89,979024227.61
2579,7.0609,3.0632,3.0632,0.86486722,93122282.01,36925.60,979059153.21
2580,7.0637,3.0636,3.0636,0.86477989,93126341.46,36917.30,979094070.51
2581,7.0664,3.0640,3.0640,0.86469255,93130399.17,36909.01,979128979.52
2582,7.0691,3.0644,3.0644,0.86460522,93134455.13,36900.72,979163880.25
2583,7.0719,3.0649,3.0649,0.86451789,93138509.34,36892.44,979198772.69
2584,7.0746,3.0653,3.0653,0.86443056,93142561.81,36884.16,979233656.84
2585,7.0773,3.0657,3.0657,0.86434324,93146612.54,36875.88,979268532.72
2586,7.0801,3.0661,3.0661,0.86425592,93150661.53,36867.60,979303400.32
2587,7.0828,3.0665,3.0665,0.86416860,93154708.78,36859.32,979338259.64
2588,7.0856,3.0669,3.0669,0.86408128,93158754.30,36851.05,979373110.69
2589,7.0883,3.0673,3.0673,0.86399396,93162798.08,36842.78,979407953.47
2590,7.0910,3.0677,3.0677,0.86390665,93166840.14,36834.51,979442787.98
2591,7.0938,3.0681,3.0681,0.86381934,93170880.46,36826.25,979477614.22
2592,7.0965,3.0685,3.0685,0.86373203,93174919.06,36817.98,979512432.21
2593,7.0992,3.0690,3.0690,0.86364473,93178955.93,36809.72,979547241.93
2594,7.1020,3.0694,3.0694,0.86355742,93182991.08,36801.47,979582043.40
2595,7.1047,3.0698,3.0698,0.86347012,93187024.51,36793.21,979616836.60
2596,7.1075,3.0702,3.0702,0.86338282,93191056.22,36784.96,979651621.56
2597,7.1102,3.0706,3.0706,0.86329553,93195086.22,36776.71,979686398.27
2598,7.1129,3.0710,3.0710,0.86320823,93199114.50,36768.46,979721166.73
2599,7.1157,3.0714,3.0714,0.86312094,93203141.07,36760.21,979755926.94
2600,7.1184,3.0718,3.0718,0.86303365,93207165.93,36751.97,979790678.91
2601,7.1211,3.0722,3.0722,0.86294637,93211189.07,36743.73,979825422.64
2602,7.1239,3.0727,3.0727,0.86285908,93215210.52,36735.49,979860158.13
2603,7.1266,3.0731,3.0731,0.86277180,93219230.26,36727.26,979894885.39
2604,7.1294,3.0735,3.0735,0.86268452,93223248.29,36719.02,979929604.42
2605,7.1321,3.0739,3.0739,0.86259724,93227264.63,36710.79,979964315.21
2606,7.1348,3.0743,3.0743,0.86250997,93231279.27,36702.57,979999017.78
2607,7.1376,3.0747,3.0747,0.86242269,93235292.21,36694.34,980033712.12
2608,7.1403,3.0751,3.0751,0.86233542,93239303.45,36686.12,980068398.24
2609,7.1431,3.0755,3.0755,0.86224815,93243313.01,36677.90,980103076.13
2610,7.1458,3.0759,3.0759,0.86216089,93247320.87,36669.68,980137745.81
2611,7.1485,3.0764,3.0764,0.86207362,93251327.05,36661.46,980172407.28
2612,7.1513,3.0768,3.0768,0.86198636,93255331.54,36653.25,980207060.53
2613,7.1540,3.0772,3.0772,0.86189910,93259334.35,36645.04,980241705.57
2614,7.1567,3.0776,3.0776,0.86181185,93263335.47,36636.83,980276342.41
2615,7.1595,3.0780,3.0780,0.86172459,93267334.91,36628.63,980310971.03
2616,7.1622,3.0784,3.0784,0.86163734,93271332.68,36620.43,980345591.46
2617,7.1650,3.0788,3.0788,0.86155009,93275328.77,36612.22,980380203.68
2618,7.1677,3.0792,3.0792,0.86146285,93279323.18,36604.03,980414807.71
2619,7.1704,3.0796,3.0796,0.86137560,93283315.92,36595.83,980449403.54
2620,7.1732,3.0801,3.0801,0.86128836,93287306.99,36587.64,980483991.18
2621,7.1759,3.0805,3.0805,0.86120112,93291296.40,36579.45,980518570.63
2622,7.1786,3.0809,3.0809,0.86111388,93295284.13,36571.26,980553141.89
2623,7.1814,3.0813,3.0813,0.86102665,93299270.20,36563.07,980587704.96
2624,7.1841,3.0817,3.0817,0.86093942,93303254.61,36554.89,980622259.86
2625,7.1869,3.0821,3.0821,0.86085219,93307237.36,36546.71,980656806.57
2626,7.1896,3.0825,3.0825,0.86076496,93311218.45,36538.53,980691345.10
2627,7.1923,3.0829,3.0829,0.86067773,93315197.88,36530.36,980725875.46
2628,7.1951,3.0833,3.0833,0.86059051,93319175.66,36522.18,980760397.64
2629,7.1978,3.0838,3.0838,0.86050329,93323151.78,36514.01,980794911.66
2630,7.2005,3.0842,3.0842,0.86041607,93327126.25,36505.85,980829417.50
2631,7.2033,3.0846,3.0846,0.86032886,93331099.08,36497.68,980863915.18
2632,7.2060,3.0850,3.0850,0.86024164,93335070.25,36489.52,980898404.70
2633,7.2088,3.0854,3.0854,0.86015443,93339039.79,36481.36,980932886.05
2634,7.2115,3.0858,3.0858,0.86006722,93343007.67,36473.20,980967359.25
2635,7.2142,3.0862,3.0862,0.85998002,93346973.92,36465.04,981001824.29
2636,7.2170,3.0866,3.0866,0.85989281,93350938.53,36456.89,981036281.18
2637,7.2197,3.0871,3.0871,0.85980561,93354901.49,36448.74,981070729.92
2638,7.2225,3.0875,3.0875,0.85971841,93358862.83,36440.59,981105170.51
2639,7.2252,3.0879,3.0879,0.85963122,93362822.53,36432.44,981139602.95
2640,7.2279,3.0883,3.0883,0.85954402,93366780.59,36424.30,981174027.25
2641,7.2307,3.0887,3.0887,0.85945683,93370737.03,36416.16,981208443.41
2642,7.2334,3.0891,3.0891,0.85936964,93374691.84,36408.02,981242851.43
2643,7.2361,3.0895,3.0895,0.85928246,93378645.02,36399.88,981277251.31
2644,7.2389,3.0900,3.0900,0.85919527,93382596.58,36391.75,981311643.06
2645,7.2416,3.0904,3.0904,0.85910809,93386546.51,36383.62,981346026.68
2646,7.2444,3.0908,3.0908,0.85902091,93390494.82,36375.49,981380402.17
2647,7.2471,3.0912,3.0912,0.85893374,93394441.52,36367.36,981414769.54
2648,7.2498,3.0916,3.0916,0.85884656,93398386.60,36359.24,981449128.78
2649,7.2526,3.0920,3.0920,0.85875939,93402330.06,36351.12,981483479.90
2650,7.2553,3.0924,3.0924,0.85867222,93406271.91,36343.00,981517822.90
2651,7.2580,3.0928,3.0928,0.85858505,93410212.15,36334.88,981552157.79
2652,7.2608,3.0933,3.0933,0.85849789,93414150.77,36326.77,981586484.56
2653,7.2635,3.0937,3.0937,0.85841073,93418087.80,36318.66,981620803.22
2654,7.2663,3.0941,3.0941,0.85832357,93422023.21,36310.55,981655113.77
2655,7.2690,3.0945,3.0945,0.85823641,93425957.02,36302.44,981689416.21
2656,7.2717,3.0949,3.0949,0.85814925,93429889.23,36294.34,981723710.55
2657,7.2745,3.0953,3.0953,0.85806210,93433819.83,36286.24,981757996.79
2658,7.2772,3.0957,3.0957,0.85797495,93437748.84,36278.14,981792274.93
2659,7.2799,3.0962,3.0962,0.85788780,93441676.25,36270.04,981826544.97
2660,7.2827,3.0966,3.0966,0.85780066,93445602.07,36261.95,981860806.92
2661,7.2854,3.0970,3.0970,0.85771352,93449526.29,36253.86,981895060.77
2662,7.2882,3.0974,3.0974,0.85762638,93453448.93,36245.77,981929306.54
2663,7.2909,3.0978,3.0978,0.85753924,93457369.97,36237.68,981963544.22
2664,7.2936,3.0982,3.0982,0.85745210,93461289.42,36229.60,981997773.82
2665,7.2964,3.0986,3.0986,0.85736497,93465207.29,36221.51,982031995.33
2666,7.2991,3.0991,3.0991,0.85727784,93469123.58,36213.43,982066208.77
2667,7.3018,3.0995,3.0995,0.85719071,93473038.28,36205.36,982100414.12
2668,7.3046,3.0999,3.0999,0.85710359,93476951.40,36197.28,982134611.41
2669,7.3073,3.1003,3.1003,0.85701646,93480862.94,36189.21,982168800.62
2670,7.3101,3.1007,3.1007,0.85692934,93484772.91,36181.14,982202981.76
2671,7.3128,3.1011,3.1011,0.85684223,93488681.30,36173.07,982237154.83
2672,7.3155,3.1015,3.1015,0.85675511,93492588.12,36165.01,982271319.84
2673,7.3183,3.1020,3.1020,0.85666800,93496493.36,36156.95,982305476.79
2674,7.3210,3.1024,3.1024,0.85658089,93500397.04,36148.89,982339625.67
2675,7.3238,3.1028,3.1028,0.85649378,93504299.15,36140.83,982373766.50
2676,7.3265,3.1032,3.1032,0.85640667,93508199.69,36132.77,982407899.27
2677,7.3292,3.1036,3.1036,0.85631957,93512098.67,36124.72,982442023.99
2678,7.3320,3.1040,3.1040,0.85623247,93515996.08,36116.67,982476140.67
2679,7.3347,3.1044,3.1044,0.85614537,93519891.93,36108.62,982510249.29
2680,7.3374,3.1049,3.1049,0.85605828,93523786.23,36100.58,982544349.87
2681,7.3402,3.1053,3.1053,0.85597118,93527678.96,36092.53,982578442.40
2682,7.3429,3.1057,3.1057,0.85588409,93531570.14,36084.49,982612526.89
2683,7.3457,3.1061,3.1061,0.85579701,93535459.77,36076.46,982646603.35
2684,7.3484,3.1065,3.1065,0.85570992,93539347.84,36068.42,982680671.77
2685,7.3511,3.1069,3.1069,0.85562284,93543234.37,36060.39,982714732.16
2686,7.3539,3.1073,3.1073,0.85553576,93547119.34,36052.36,982748784.52
2687,7.3566,3.1078,3.1078,0.85544868,93551002.77,36044.33,982782828.84
2688,7.3593,3.1082,3.1082,0.85536160,93554884.65,36036.30,982816865.15
2689,7.3621,3.1086,3.1086,0.85527453,93558764.99,36028.28,982850893.43
2690,7.3648,3.1090,3.1090,0.85518746,93562643.78,36020.26,982884913.68
2691,7.3676,3.1094,3.1094,0.85510039,93566521.04,36012.24,982918925.92
2692,7.3703,3.1098,3.1098,0.85501333,93570396.76,36004.22,982952930.15
2693,7.3730,3.1103,3.1103,0.85492626,93574270.94,35996.21,982986926.36
2694,7.3758,3.1107,3.1107,0.85483920,93578143.59,35988.20,983020914.56
2695,7.3785,3.1111,3.1111,0.85475215,93582014.70,35980.19,983054894.75
2696,7.3812,3.1115,3.1115,0.85466509,93585884.28,35972.18,983088866.93
2697,7.3840,3.1119,3.1119,0.85457804,93589752.33,35964.18,983122831.11
2698,7.3867,3.1123,3.1123,0.85449099,93593618.85,35956.18,983156787.29
2699,7.3895,3.1128,3.1128,0.85440394,93597483.85,35948.18,983190735.47
2700,7.3922,3.1132,3.1132,0.85431690,93601347.32,35940.18,983224675.65
2701,7.3949,3.1136,3.1136,0.85422985,93605209.27,35932.19,983258607.83
2702,7.3977,3.1140,3.1140,0.85414281,93609069.70,35924.20,983292532.03
2703,7.4004,3.1144,3.1144,0.85405578,93612928.60,35916.21,983326448.24
2704,7.4031,3.1148,3.1148,0.85396874,93616785.99,35908.22,983360356.46
2705,7.4059,3.1152,3.1152,0.85388171,93620641.86,35900.23,983394256.69
2706,7.4086,3.1157,3.1157,0.85379468,93624496.22,35892.25,983428148.94
2707,7.4114,3.1161,3.1161,0.85370765,93628349.07,35884.27,983462033.22
2708,7.4141,3.1165,3.1165,0.85362063,93632200.40,35876.30,983495909.51
2709,7.4168,3.1169,3.1169,0.85353360,93636050.22,35868.32,983529777.83
2710,7.4196,3.1173,3.1173,0.85344658,93639898.54,35860.35,983563638.18
2711,7.4223,3.1177,3.1177,0.85335957,93643745.35,35852.38,983597490.56
2712,7.4251,3.1182,3.1182,0.85327255,93647590.65,35844.41,983631334.97
2713,7.4278,3.1186,3.1186,0.85318554,93651434.45,35836.44,983665171.41
2714,7.4305,3.1190,3.1190,0.85309853,93655276.75,35828.48,983698999.89
2715,7.4333,3.1194,3.1194,0.85301152,93659117.55,35820.52,983732820.41
2716,7.4360,3.1198,3.1198,0.85292452,93662956.85,35812.56,983766632.98
2717,7.4387,3.1203,3.1203,0.85283752,93666794.66,35804.61,983800437.58
2718,7.4415,3.1207,3.1207,0.85275052,93670630.97,35796.65,983834234.24
2719,7.4442,3.1211,3.1211,0.85266352,93674465.78,35788.70,983868022.94
2720,7.4470,3.1215,3.1215,0.85257653,93678299.11,35780.75,983901803.70
2721,7.4497,3.1219,3.1219,0.85248954,93682130.94,35772.81,983935576.51
2722,7.4524,3.1223,3.1223,0.85240255,93685961.29,35764.87,983969341.37
2723,7.4552,3.1228,3.1228,0.85231556,93689790.15,35756.92,984003098.29
2724,7.4579,3.1232,3.1232,0.85222858,93693617.53,35748.99,984036847.28
2725,7.4606,3.1236,3.1236,0.85214160,93697443.42,35741.05,984070588.33
2726,7.4634,3.1240,3.1240,0.85205462,93701267.83,35733.11,984104321.44
2727,7.4661,3.1244,3.1244,0.85196764,93705090.76,35725.18,984138046.63
2728,7.4689,3.1248,3.1248,0.85188067,93708912.21,35717.25,984171763.88
2729,7.4716,3.1253,3.1253,0.85179370,93712732.18,35709.33,984205473.21
2730,7.4743,3.1257,3.1257,0.85170673,93716550.68,35701.40,984239174.61
2731,7.4771,3.1261,3.1261,0.85161976,93720367.70,35693.48,984272868.09
2732,7.4798,3.1265,3.1265,0.85153280,93724183.25,35685.56,984306553.65
2733,7.4825,3.1269,3.1269,0.85144584,93727997.33,35677.64,984340231.30
2734,7.4853,3.1273,3.1273,0.85135888,93731809.95,35669.73,984373901.03
2735,7.4880,3.1278,3.1278,0.85127193,93735621.09,35661.82,984407562.84
2736,7.4908,3.1282,3.1282,0.85118498,93739430.77,35653.91,984441216.75
2737,7.4935,3.1286,3.1286,0.85109803,93743238.98,35646.00,984474862.75
2738,7.4962,3.1290,3.1290,0.85101108,93747045.73,35638.09,984508500.84
2739,7.4990,3.1294,3.1294,0.85092413,93750851.02,35630.19,984542131.03
2740,7.5017,3.1299,3.1299,0.85083719,93754654.86,35622.29,984575753.32
2741,7.5044,3.1303,3.1303,0.85075025,93758457.23,35614.39,984609367.72
2742,7.5072,3.1307,3.1307,0.85066331,93762258.14,35606.50,984642974.21
2743,7.5099,3.1311,3.1311,0.85057638,93766057.60,35598.60,984676572.82
2744,7.5127,3.1315,3.1315,0.85048945,93769855.61,35590.71,984710163.53
2745,7.5154,3.1320,3.1320,0.85040252,93773652.17,35582.82,984743746.35
2746,7.5181,3.1324,3.1324,0.85031559,93777447.27,35574.94,984777321.29
2747,7.5209,3.1328,3.1328,0.85022867,93781240.93,35567.05,984810888.35
2748,7.5236,3.1332,3.1332,0.85014175,93785033.14,35559.17,984844447.52
2749,7.5264,3.1336,3.1336,0.85005483,93788823.91,35551.29,984877998.82
2750,7.5291,3.1340,3.1340,0.84996791,93792613.23,35543.42,984911542.23
2751,7.5318,3.1345,3.1345,0.84988100,93796401.11,35535.54,984945077.78
2752,7.5346,3.1349,3.1349,0.84979409,93800187.54,35527.67,984978605.45
2753,7.5373,3.1353,3.1353,0.84970718,93803972.54,35519.80,985012125.25
2754,7.5400,3.1357,3.1357,0.84962028,93807756.10,35511.94,985045637.19
2755,7.5428,3.1361,3.1361,0.84953337,93811538.22,35504.07,985079141.26
2756,7.5455,3.1366,3.1366,0.84944647,93815318.91,35496.21,985112637.46
2757,7.5483,3.1370,3.1370,0.84935958,93819098.17,35488.35,985146125.81
2758,7.5510,3.1374,3.1374,0.84927268,93822875.99,35480.49,985179606.30
2759,7.5537,3.1378,3.1378,0.84918579,93826652.38,35472.64,985213078.94
2760,7.5565,3.1382,3.1382,0.84909890,93830427.35,35464.78,985246543.72
2761,7.5592,3.1387,3.1387,0.84901201,93834200.89,35456.93,985280000.66
2762,7.5619,3.1391,3.1391,0.84892513,93837973.00,35449.08,985313449.74
2763,7.5647,3.1395,3.1395,0.84883825,93841743.69,35441.24,985346890.98
2764,7.5674,3.1399,3.1399,0.84875137,93845512.95,35433.40,985380324.38
2765,7.5702,3.1403,3.1403,0.84866449,93849280.80,35425.56,985413749.93
2766,7.5729,3.1408,3.1408,0.84857762,93853047.22,35417.72,985447167.65
2767,7.5756,3.1412,3.1412,0.84849075,93856812.23,35409.88,985480577.53
2768,7.5784,3.1416,3.1416,0.84840388,93860575.82,35402.05,985513979.57
2769,7.5811,3.1420,3.1420,0.84831701,93864337.99,35394.22,985547373.79
2770,7.5838,3.1424,3.1424,0.84823015,93868098.75,35386.39,985580760.18
2771,7.5866,3.1429,3.1429,0.84814329,93871858.10,35378.56,985614138.74
2772,7.5893,3.1433,3.1433,0.84805643,93875616.04,35370.74,985647509.47
2773,7.5921,3.1437,3.1437,0.84796958,93879372.56,35362.91,985680872.38
2774,7.5948,3.1441,3.1441,0.84788273,93883127.69,35355.09,985714227.48
2775,7.5975,3.1445,3.1445,0.84779588,93886881.40,35347.28,985747574.75
2776,7.6003,3.1450,3.1450,0.84770903,93890633.71,35339.46,985780914.22
2777,7.6030,3.1454,3.1454,0.84762218,93894384.62,35331.65,985814245.87
2778,7.6057,3.1458,3.1458,0.84753534,93898134.12,35323.84,985847569.71
2779,7.6085,3.1462,3.1462,0.84744850,93901882.23,35316.03,985880885.74
2780,7.6112,3.1466,3.1466,0.84736167,93905628.93,35308.23,985914193.96
2781,7.6140,3.1471,3.1471,0.84727484,93909374.24,35300.42,985947494.39
2782,7.6167,3.1475,3.1475,0.84718800,93913118.15,35292.62,985980787.01
2783,7.6194,3.1479,3.1479,0.84710118,93916860.67,35284.82,986014071.83
2784,7.6222,3.1483,3.1483,0.84701435,93920601.79,35277.03,986047348.86
2785,7.6249,3.1487,3.1487,0.84692753,93924341.53,35269.23,986080618.10
2786,7.6277,3.1492,3.1492,0.84684071,93928079.87,35261.44,986113879.54
2787,7.6304,3.1496,3.1496,0.84675389,93931816.82,35253.65,986147133.20
2788,7.6331,3.1500,3.1500,0.84666708,93935552.39,35245.87,986180379.06
2789,7.6359,3.1504,3.1504,0.84658027,93939286.57,35238.08,986213617.15
2790,7.6386,3.1508,3.1508,0.84649346,93943019.37,35230.30,986246847.45
2791,7.6413,3.1513,3.1513,0.84640665,93946750.78,35222.52,986280069.97
2792,7.6441,3.1517,3.1517,0.84631985,93950480.81,35214.75,986313284.72
2793,7.6468,3.1521,3.1521,0.84623305,93954209.46,35206.97,986346491.69
2794,7.6496,3.1525,3.1525,0.84614625,93957936.74,35199.20,986379690.89
2795,7.6523,3.1530,3.1530,0.84605945,93961662.63,35191.43,986412882.32
2796,7.6550,3.1534,3.1534,0.84597266,93965387.15,35183.66,986446065.98
2797,7.6578,3.1538,3.1538,0.84588587,93969110.30,35175.90,986479241.88
2798,7.6605,3.1542,3.1542,0.84579908,93972832.07,35168.13,986512410.01
2799,7.6632,3.1546,3.1546,0.84571230,93976552.47,35160.37,986545570.38
2800,7.6660,3.1551,3.1551,0.84562552,93980271.50,35152.61,986578723.00
2801,7.6687,3.1555,3.1555,0.84553874,93983989.16,35144.86,986611867.85
2802,7.6715,3.1559,3.1559,0.84545196,93987705.46,35137.10,986645004.96
2803,7.6742,3.1563,3.1563,0.84536519,93991420.39,35129.35,986678134.31
2804,7.6769,3.1567,3.1567,0.84527842,93995133.95,35121.60,986711255.92
2805,7.6797,3.1572,3.1572,0.84519165,93998846.16,35113.86,986744369.78
2806,7.6824,3.1576,3.1576,0.84510488,94002556.99,35106.11,986777475.89
2807,7.6851,3.1580,3.1580,0.84501812,94006266.47,35098.37,986810574.26
2808,7.6879,3.1584,3.1584,0.84493136,94009974.59,35090.63,986843664.89
2809,7.6906,3.1589,3.1589,0.84484460,94013681.36,35082.90,986876747.79
2810,7.6934,3.1593,3.1593,0.84475785,94017386.76,35075.16,986909822.95
2811,7.6961,3.1597,3.1597,0.84467110,94021090.82,35067.43,986942890.38
2812,7.6988,3.1601,3.1601,0.84458435,94024793.52,35059.70,986975950.08
2813,7.7016,3.1605,3.1605,0.84449760,94028494.86,35051.97,987009002.05
2814,7.7043,3.1610,3.1610,0.84441086,94032194.86,35044.24,987042046.29
2815,7.7070,3.1614,3.1614,0.84432412,94035893.51,35036.52,987075082.81
2816,7.7098,3.1618,3.1618,0.84423738,94039590.80,35028.80,987108111.61
2817,7.7125,3.1622,3.1622,0.84415064,94043286.76,35021.08,987141132.70
2818,7.7153,3.1627,3.1627,0.84406391,94046981.36,35013.37,987174146.06
2819,7.7180,3.1631,3.1631,0.84397718,94050674.63,35005.65,987207151.72
2820,7.7207,3.1635,3.1635,0.84389046,94054366.55,34997.94,987240149.66
2821,7.7235,3.1639,3.1639,0.84380373,94058057.13,34990.23,987273139.89
2822,7.7262,3.1644,3.1644,0.84371701,94061746.37,34982.53,987306122.41
2823,7.7290,3.1648,3.1648,0.84363029,94065434.27,34974.82,987339097.23
2824,7.7317,3.1652,3.1652,0.84354358,94069120.84,34967.12,987372064.35
2825,7.7344,3.1656,3.1656,0.84345686,94072806.07,34959.42,987405023.77
2826,7.7372,3.1660,3.1660,0.84337015,94076489.96,34951.72,987437975.49
2827,7.7399,3.1665,3.1665,0.84328345,94080172.53,34944.03,987470919.52
2828,7.7426,3.1669,3.1669,0.84319674,94083853.76,34936.33,987503855.85
2829,7.7454,3.1673,3.1673,0.84311004,94087533.66,34928.64,987536784.50
2830,7.7481,3.1677,3.1677,0.84302334,94091212.23,34920.95,987569705.45
2831,7.7509,3.1682,3.1682,0.84293664,94094889.48,34913.27,987602618.72
2832,7.7536,3.1686,3.1686,0.84284995,94098565.39,34905.59,987635524.30
2833,7.7563,3.1690,3.1690,0.84276326,94102239.99,34897.90,987668422.21
2834,7.7591,3.1694,3.1694,0.84267657,94105913.26,34890.23,987701312.43
2835,7.7618,3.1699,3.1699,0.84258989,94109585.20,34882.55,987734194.98
2836,7.7645,3.1703,3.1703,0.84250321,94113255.83,34874.87,987767069.86
2837,7.7673,3.1707,3.1707,0.84241653,94116925.14,34867.20,987799937.06
2838,7.7700,3.1711,3.1711,0.84232985,94120593.13,34859.53,987832796.59
2839,7.7728,3.1716,3.1716,0.84224318,94124259.80,34851.87,987865648.46
2840,7.7755,3.1720,3.1720,0.84215651,94127925.16,34844.20,987898492.66
2841,7.7782,3.1724,3.1724,0.84206984,94131589.20,34836.54,987931329.20
2842,7.7810,3.1728,3.1728,0.84198317,94135251.93,34828.88,987964158.08
2843,7.7837,3.1732,3.1732,0.84189651,94138913.35,34821.22,987996979.30
2844,7.7864,3.1737,3.1737,0.84180985,94142573.45,34813.56,988029792.86
2845,7.7892,3.1741,3.1741,0.84172319,94146232.25,34805.91,988062598.77
2846,7.7919,3.1745,3.1745,0.84163654,94149889.74,34798.26,988095397.03
2847,7.7947,3.1749,3.1749,0.84154989,94153545.93,34790.61,988128187.64
2848,7.7974,3.1754,3.1754,0.84146324,94157200.80,34782.96,988160970.61
2849,7.8001,3.1758,3.1758,0.84137659,94160854.38,34775.32,988193745.93
2850,7.8029,3.1762,3.1762,0.84128995,94164506.65,34767.68,988226513.61
2851,7.8056,3.1766,3.1766,0.84120331,94168157.62,34760.04,988259273.65
2852,7.8084,3.1771,3.1771,0.84111668,94171807.29,34752.40,988292026.05
2853,7.8111,3.1775,3.1775,0.84103004,94175455.67,34744.77,988324770.81
2854,7.8138,3.1779,3.1779,0.84094341,94179102.74,34737.13,988357507.95
2855,7.8166,3.1783,3.1783,0.84085678,94182748.52,34729.50,988390237.45
2856,7.8193,3.1788,3.1788,0.84077016,94186393.01,34721.88,988422959.33
2857,7.8220,3.1792,3.1792,0.84068353,94190036.20,34714.25,988455673.58
2858,7.8248,3.1796,3.1796,0.84059691,94193678.09,34706.63,988488380.21
2859,7.8275,3.1800,3.1800,0.84051030,94197318.70,34699.01,988521079.22
2860,7.8303,3.1805,3.1805,0.84042368,94200958.02,34691.39,988553770.60
2861,7.8330,3.1809,3.1809,0.84033707,94204596.05,34683.77,988586454.38
2862,7.8357,3.1813,3.1813,0.84025046,94208232.79,34676.16,988619130.53
2863,7.8385,3.1817,3.1817,0.84016386,94211868.25,34668.55,988651799.08
2864,7.8412,3.1822,3.1822,0.84007725,94215502.42,34660.94,988684460.01
2865,7.8439,3.1826,3.1826,0.83999065,94219135.31,34653.33,988717113.34
2866,7.8467,3.1830,3.1830,0.83990406,94222766.91,34645.72,988749759.07
2867,7.8494,3.1834,3.1834,0.83981746,94226397.24,34638.12,988782397.19
2868,7.8522,3.1839,3.1839,0.83973087,94230026.28,34630.52,988815027.71
2869,7.8549,3.1843,3.1843,0.83964428,94233654.05,34622.92,988847650.63
2870,7.8576,3.1847,3.1847,0.83955770,94237280.54,34615.33,988880265.96
2871,7.8604,3.1851,3.1851,0.83947112,94240905.75,34607.73,988912873.69
2872,7.8631,3.1856,3.1856,0.83938454,94244529.69,34600.14,988945473.84
2873,7.8658,3.1860,3.1860,0.83929796,94248152.36,34592.55,988978066.39
2874,7.8686,3.1864,3.1864,0.83921138,94251773.75,34584.97,989010651.36
2875,7.8713,3.1869,3.1869,0.83912481,94255393.87,34577.38,989043228.74
2876,7.8741,3.1873,3.1873,0.83903825,94259012.73,34569.80,989075798.54
2877,7.8768,3.1877,3.1877,0.83895168,94262630.31,34562.22,989108360.76
2878,7.8795,3.1881,3.1881,0.83886512,94266246.63,34554.64,989140915.41
2879,7.8823,3.1886,3.1886,0.83877856,94269861.68,34547.07,989173462.48
2880,7.8850,3.1890,3.1890,0.83869200,94273475.47,34539.50,989206001.97
2881,7.8877,3.1894,3.1894,0.83860545,94277087.99,34531.93,989238533.90
2882,7.8905,3.1898,3.1898,0.83851890,94280699.25,34524.36,989271058.26
2883,7.8932,3.1903,3.1903,0.83843235,94284309.25,34516.79,989303575.05
2884,7.8960,3.1907,3.1907,0.83834580,94287917.99,34509.23,989336084.28
2885,7.8987,3.1911,3.1911,0.83825926,94291525.47,34501.67,989368585.94
2886,7.9014,3.1915,3.1915,0.83817272,94295131.69,34494.11,989401080.05
2887,7.9042,3.1920,3.1920,0.83808619,94298736.66,34486.55,989433566.60
2888,7.9069,3.1924,3.1924,0.83799965,94302340.37,34479.00,989466045.60
2889,7.9097,3.1928,3.1928,0.83791312,94305942.83,34471.44,989498517.04
2890,7.9124,3.1932,3.1932,0.83782659,94309544.04,34463.89,989530980.93
2891,7.9151,3.1937,3.1937,0.83774007,94313143.99,34456.35,989563437.28
2892,7.9179,3.1941,3.1941,0.83765355,94316742.70,34448.80,989595886.08
2893,7.9206,3.1945,3.1945,0.83756703,94320340.15,34441.26,989628327.34
2894,7.9233,3.1950,3.1950,0.83748051,94323936.36,34433.72,989660761.06
2895,7.9261,3.1954,3.1954,0.83739400,94327531.32,34426.18,989693187.24
2896,7.9288,3.1958,3.1958,0.83730749,94331125.04,34418.64,989725605.88
2897,7.9316,3.1962,3.1962,0.83722098,94334717.51,34411.11,989758016.99
2898,7.9343,3.1967,3.1967,0.83713448,94338308.74,34403.58,989790420.56
2899,7.9370,3.1971,3.1971,0.83704798,94341898.72,34396.05,989822816.61
2900,7.9398,3.1975,3.1975,0.83696148,94345487.47,34388.52,989855205.13
2901,7.9425,3.1979,3.1979,0.83687498,94349074.97,34381.00,989887586.13
2902,7.9452,3.1984,3.1984,0.83678849,94352661.24,34373.47,989919959.60
2903,7.9480,3.1988,3.1988,0.83670200,94356246.27,34365.95,989952325.55
2904,7.9507,3.1992,3.1992,0.83661552,94359830.07,34358.43,989984683.99
2905,7.9535,3.1997,3.1997,0.83652903,94363412.63,34350.92,990017034.91
2906,7.9562,3.2001,3.2001,0.83644255,94366993.95,34343.41,990049378.31
2907,7.9589,3.2005,3.2005,0.83635607,94370574.05,34335.89,990081714.21
2908,7.9617,3.2009,3.2009,0.83626960,94374152.91,34328.38,990114042.59
2909,7.9644,3.2014,3.2014,0.83618313,94377730.54,34320.88,990146363.47
2910,7.9671,3.2018,3.2018,0.83609666,94381306.95,34313.37,990178676.84
2911,7.9699,3.2022,3.2022,0.83601019,94384882.12,34305.87,990210982.71
2912,7.9726,3.2027,3.2027,0.83592373,94388456.07,34298.37,990243281.09
2913,7.9754,3.2031,3.2031,0.83583727,94392028.80,34290.87,990275571.96
2914,7.9781,3.2035,3.2035,0.83575081,94395600.30,34283.38,990307855.34
2915,7.9808,3.2039,3.2039,0.83566436,94399170.57,34275.89,990340131.22
2916,7.9836,3.2044,3.2044,0.83557791,94402739.63,34268.39,990372399.62
2917,7.9863,3.2048,3.2048,0.83549146,94406307.46,34260.91,990404660.53
2918,7.9890,3.2052,3.2052,0.83540502,94409874.08,34253.42,990436913.95
2919,7.9918,3.2056,3.2056,0.83531857,94413439.47,34245.94,990469159.88
2920,7.9945,3.2061,3.2061,0.83523213,94417003.65,34238.45,990501398.34
2921,7.9973,3.2065,3.2065,0.83514570,94420566.61,34230.97,990533629.31
2922,8.0000,3.2069,3.2069,0.83505927,94424128.36,34223.50,990565852.81
2923,8.0027,3.2074,3.2074,0.83497283,94427688.89,34216.02,990598068.83
2924,8.0055,3.2078,3.2078,0.83488641,94431248.21,34208.55,990630277.38
2925,8.0082,3.2082,3.2082,0.83479998,94434806.32,34201.08,990662478.46
2926,8.0110,3.2087,3.2087,0.83471356,94438363.22,34193.61,990694672.07
2927,8.0137,3.2091,3.2091,0.83462714,94441918.91,34186.14,990726858.21
2928,8.0164,3.2095,3.2095,0.83454073,94445473.39,34178.68,990759036.90
2929,8.0192,3.2099,3.2099,0.83445432,94449026.66,34171.22,990791208.12
2930,8.0219,3.2104,3.2104,0.83436791,94452578.73,34163.76,990823371.88
2931,8.0246,3.2108,3.2108,0.83428150,94456129.59,34156.30,990855528.18
2932,8.0274,3.2112,3.2112,0.83419510,94459679.25,34148.85,990887677.03
2933,8.0301,3.2117,3.2117,0.83410870,94463227.70,34141.40,990919818.43
2934,8.0329,3.2121,3.2121,0.83402230,94466774.96,34133.95,990951952.37
2935,8.0356,3.2125,3.2125,0.83393591,94470321.01,34126.50,990984078.87
2936,8.0383,3.2129,3.2129,0.83384952,94473865.87,34119.05,991016197.92
2937,8.0411,3.2134,3.2134,0.83376313,94477409.52,34111.61,991048309.53
2938,8.0438,3.2138,3.2138,0.83367674,94480951.98,34104.17,991080413.70
2939,8.0465,3.2142,3.2142,0.83359036,94484493.25,34096.73,991112510.43
2940,8.0493,3.2147,3.2147,0.83350398,94488033.31,34089.29,991144599.72
2941,8.0520,3.2151,3.2151,0.83341761,94491572.19,34081.86,991176681.58
2942,8.0548,3.2155,3.2155,0.83333123,94495109.87,34074.43,991208756.00
2943,8.0575,3.2160,3.2160,0.83324486,94498646.36,34067.00,991240823.00
2944,8.0602,3.2164,3.2164,0.83315850,94502181.66,34059.57,991272882.57
2945,8.0630,3.2168,3.2168,0.83307213,94505715.77,34052.14,991304934.71
2946,8.0657,3.2172,3.2172,0.83298577,94509248.69,34044.72,991336979.43
2947,8.0684,3.2177,3.2177,0.83289941,94512780.43,34037.30,991369016.73
2948,8.0712,3.2181,3.2181,0.83281306,94516310.98,34029.88,991401046.61
2949,8.0739,3.2185,3.2185,0.83272671,94519840.34,34022.46,991433069.07
2950,8.0767,3.2190,3.2190,0.83264036,94523368.52,34015.05,991465084.12
2951,8.0794,3.2194,3.2194,0.83255401,94526895.52,34007.64,991497091.76
2952,8.0821,3.2198,3.2198,0.83246767,94530421.33,34000.23,991529091.98
2953,8.0849,3.2203,3.2203,0.83238133,94533945.97,33992.82,991561084.80
2954,8.0876,3.2207,3.2207,0.83229499,94537469.42,33985.41,991593070.22
2955,8.0903,3.2211,3.2211,0.83220866,94540991.70,33978.01,991625048.23
2956,8.0931,3.2215,3.2215,0.83212233,94544512.80,33970.61,991657018.84
2957,8.0958,3.2220,3.2220,0.83203600,94548032.72,33963.21,991688982.05
2958,8.0986,3.2224,3.2224,0.83194968,94551551.47,33955.82,991720937.86
2959,8.1013,3.2228,3.2228,0.83186336,94555069.04,33948.42,991752886.29
2960,8.1040,3.2233,3.2233,0.83177704,94558585.44,33941.03,991784827.31
2961,8.1068,3.2237,3.2237,0.83169072,94562100.67,33933.64,991816760.95
2962,8.1095,3.2241,3.2241,0.83160441,94565614.73,33926.25,991848687.21
2963,8.1123,3.2246,3.2246,0.83151810,94569127.61,33918.87,991880606.07
2964,8.1150,3.2250,3.2250,0.83143180,94572639.33,33911.48,991912517.56
2965,8.1177,3.2254,3.2254,0.83134549,94576149.88,33904.10,991944421.66
2966,8.1205,3.2259,3.2259,0.83125919,94579659.27,33896.72,991976318.38
2967,8.1232,3.2263,3.2263,0.83117290,94583167.48,33889.35,992008207.73
2968,8.1259,3.2267,3.2267,0.83108660,94586674.54,33881.97,992040089.71
2969,8.1287,3.2271,3.2271,0.83100031,94590180.43,33874.60,992071964.31
2970,8.1314,3.2276,3.2276,0.83091403,94593685.15,33867.23,992103831.54
2971,8.1342,3.2280,3.2280,0.83082774,94597188.72,33859.87,992135691.41
2972,8.1369,3.2284,3.2284,0.83074146,94600691.13,33852.50,992167543.91
2973,8.1396,3.2289,3.2289,0.83065518,94604192.37,33845.14,992199389.04
2974,8.1424,3.2293,3.2293,0.83056891,94607692.46,33837.78,992231226.82
2975,8.1451,3.2297,3.2297,0.83048264,94611191.39,33830.42,992263057.24
2976,8.1478,3.2302,3.2302,0.83039637,94614689.16,33823.06,992294880.30
2977,8.1506,3.2306,3.2306,0.83031010,94618185.78,33815.71,992326696.01
2978,8.1533,3.2310,3.2310,0.83022384,94621681.24,33808.36,992358504.36
2979,8.1561,3.2315,3.2315,0.83013758,94625175.56,33801.01,992390305.37
2980,8.1588,3.2319,3.2319,0.83005132,94628668.71,33793.66,992422099.03
2981,8.1615,3.2323,3.2323,0.82996507,94632160.72,33786.31,992453885.34
2982,8.1643,3.2328,3.2328,0.82987882,94635651.58,33778.97,992485664.31
2983,8.1670,3.2332,3.2332,0.82979257,94639141.29,33771.63,992517435.94
2984,8.1697,3.2336,3.2336,0.82970633,94642629.85,33764.29,992549200.23
2985,8.1725,3.2341,3.2341,0.82962009,94646117.26,33756.95,992580957.19
2986,8.1752,3.2345,3.2345,0.82953385,94649603.53,33749.62,992612706.81
2987,8.1780,3.2349,3.2349,0.82944762,94653088.65,33742.29,992644449.10
2988,8.1807,3.2354,3.2354,0.82936138,94656572.63,33734.96,992676184.06
2989,8.1834,3.2358,3.2358,0.82927516,94660055.47,33727.63,992707911.69
2990,8.1862,3.2362,3.2362,0.82918893,94663537.16,33720.31,992739631.99
2991,8.1889,3.2367,3.2367,0.82910271,94667017.72,33712.98,992771344.98
2992,8.1916,3.2371,3.2371,0.82901649,94670497.13,33705.66,992803050.64
2993,8.1944,3.2375,3.2375,0.82893027,94673975.40,33698.34,992834748.98
2994,8.1971,3.2379,3.2379,0.82884406,94677452.54,33691.03,992866440.01
2995,8.1999,3.2384,3.2384,0.82875785,94680928.54,33683.71,992898123.73
2996,8.2026,3.2388,3.2388,0.82867165,94684403.40,33676.40,992929800.13
2997,8.2053,3.2392,3.2392,0.82858544,94687877.13,33669.09,992961469.22
2998,8.2081,3.2397,3.2397,0.82849924,94691349.73,33661.78,992993131.00
2999,8.2108,3.2401,3.2401,0.82841305,94694821.19,33654.48,993024785.48
3000,8.2136,3.2405,3.2405,0.82832685,94698291.52,33647.18,993056432.66
3001,8.2163,3.2410,3.2410,0.82824066,94701760.72,33639.87,993088072.53
3002,8.2190,3.2414,3.2414,0.82815447,94705228.79,33632.58,993119705.11
3003,8.2218,3.2418,3.2418,0.82806829,94708695.73,33625.28,993151330.39
3004,8.2245,3.2423,3.2423,0.82798211,94712161.54,33617.99,993182948.37
3005,8.2272,3.2427,3.2427,0.82789593,94715626.23,33610.69,993214559.07
3006,8.2300,3.2431,3.2431,0.82780976,94719089.79,33603.40,993246162.47
3007,8.2327,3.2436,3.2436,0.82772358,94722552.22,33596.12,993277758.59
3008,8.2355,3.2440,3.2440,0.82763741,94726013.53,33588.83,993309347.42
3009,8.2382,3.2444,3.2444,0.82755125,94729473.72,33581.55,993340928.96
3010,8.2409,3.2449,3.2449,0.82746509,94732932.79,33574.27,993372503.23
3011,8.2437,3.2453,3.2453,0.82737893,94736390.73,33566.99,993404070.21
3012,8.2464,3.2457,3.2457,0.82729277,94739847.56,33559.71,993435629.92
3013,8.2491,3.2462,3.2462,0.82720662,94743303.27,33552.44,993467182.36
3014,8.2519,3.2466,3.2466,0.82712047,94746757.86,33545.16,993498727.52
3015,8.2546,3.2471,3.2471,0.82703432,94750211.33,33537.89,993530265.41
3016,8.2574,3.2475,3.2475,0.82694818,94753663.68,33530.62,993561796.04
3017,8.2601,3.2479,3.2479,0.82686204,94757114.92,33523.36,993593319.40
3018,8.2628,3.2484,3.2484,0.82677590,94760565.05,33516.10,993624835.49
3019,8.2656,3.2488,3.2488,0.82668977,94764014.06,33508.83,993656344.33
3020,8.2683,3.2492,3.2492,0.82660364,94767461.96,33501.57,993687845.90
3021,8.2710,3.2497,3.2497,0.82651751,94770908.75,33494.32,993719340.22
3022,8.2738,3.2501,3.2501,0.82643139,94774354.43,33487.06,993750827.28
3023,8.2765,3.2505,3.2505,0.82634527,94777799.00,33479.81,993782307.09
3024,8.2793,3.2510,3.2510,0.82625915,94781242.46,33472.56,993813779.65
3025,8.2820,3.2514,3.2514,0.82617304,94784684.82,33465.31,993845244.96
3026,8.2847,3.2518,3.2518,0.82608693,94788126.06,33458.07,993876703.03
3027,8.2875,3.2523,3.2523,0.82600082,94791566.20,33450.82,993908153.85
3028,8.2902,3.2527,3.2527,0.82591471,94795005.24,33443.58,993939597.43
3029,8.2930,3.2531,3.2531,0.82582861,94798443.18,33436.34,993971033.77
3030,8.2957,3.2536,3.2536,0.82574251,94801880.01,33429.10,994002462.87
3031,8.2984,3.2540,3.2540,0.82565642,94805315.74,33421.87,994033884.74
3032,8.3012,3.2544,3.2544,0.82557033,94808750.37,33414.63,994065299.38
3033,8.3039,3.2549,3.2549,0.82548424,94812183.89,33407.40,994096706.78
3034,8.3066,3.2553,3.2553,0.82539815,94815616.32,33400.18,994128106.96
3035,8.3094,3.2557,3.2557,0.82531207,94819047.66,33392.95,994159499.90
3036,8.3121,3.2562,3.2562,0.82522599,94822477.89,33385.72,994190885.63
3037,8.3149,3.2566,3.2566,0.82513992,94825907.03,33378.50,994222264.13
3038,8.3176,3.2570,3.2570,0.82505384,94829335.07,33371.28,994253635.42
3039,8.3203,3.2575,3.2575,0.82496777,94832762.02,33364.07,994284999.48
3040,8.3231,3.2579,3.2579,0.82488171,94836187.88,33356.85,994316356.33
3041,8.3258,3.2584,3.2584,0.82479564,94839612.65,33349.64,994347705.97
3042,8.3285,3.2588,3.2588,0.82470959,94843036.32,33342.43,994379048.39
3043,8.3313,3.2592,3.2592,0.82462353,94846458.90,33335.22,994410383.61
3044,8.3340,3.2597,3.2597,0.82453748,94849880.39,33328.01,994441711.62
3045,8.3368,3.2601,3.2601,0.82445143,94853300.80,33320.80,994473032.42
3046,8.3395,3.2605,3.2605,0.82436538,94856720.11,33313.60,994504346.03
3047,8.3422,3.2610,3.2610,0.82427934,94860138.34,33306.40,994535652.43
3048,8.3450,3.2614,3.2614,0.82419330,94863555.49,33299.20,994566951.63
3049,8.3477,3.2618,3.2618,0.82410726,94866971.55,33292.01,994598243.64
3050,8.3504,3.2623,3.2623,0.82402123,94870386.52,33284.81,994629528.45
3051,8.3532,3.2627,3.2627,0.82393520,94873800.42,33277.62,994660806.08
3052,8.3559,3.2632,3.2632,0.82384917,94877213.23,33270.43,994692076.51
3053,8.3587,3.2636,3.2636,0.82376314,94880624.95,33263.25,994723339.76
3054,8.3614,3.2640,3.2640,0.82367712,94884035.60,33256.06,994754595.82
3055,8.3641,3.2645,3.2645,0.82359111,94887445.17,33248.88,994785844.70
3056,8.3669,3.2649,3.2649,0.82350509,94890853.66,33241.70,994817086.39
3057,8.3696,3.2653,3.2653,0.82341908,94894261.07,33234.52,994848320.91
3058,8.3723,3.2658,3.2658,0.82333307,94897667.41,33227.34,994879548.25
3059,8.3751,3.2662,3.2662,0.82324707,94901072.67,33220.17,994910768.42
3060,8.3778,3.2666,3.2666,0.82316107,94904476.86,33213.00,994941981.42
3061,8.3806,3.2671,3.2671,0.82307507,94907879.97,33205.83,994973187.24
3062,8.3833,3.2675,3.2675,0.82298908,94911282.01,33198.66,995004385.90
3063,8.3860,3.2680,3.2680,0.82290309,94914682.97,33191.49,995035577.39
3064,8.3888,3.2684,3.2684,0.82281710,94918082.87,33184.33,995066761.72
3065,8.3915,3.2688,3.2688,0.82273111,94921481.69,33177.17,995097938.89
3066,8.3943,3.2693,3.2693,0.82264513,94924879.45,33170.01,995129108.90
3067,8.3970,3.2697,3.2697,0.82255916,94928276.13,33162.85,995160271.75
3068,8.3997,3.2701,3.2701,0.82247318,94931671.75,33155.70,995191427.45
3069,8.4025,3.2706,3.2706,0.82238721,94935066.30,33148.54,995222575.99
3070,8.4052,3.2710,3.2710,0.82230124,94938459.79,33141.39,995253717.39
3071,8.4079,3.2714,3.2714,0.82221528,94941852.21,33134.25,995284851.63
3072,8.4107,3.2719,3.2719,0.82212932,94945243.57,33127.10,995315978.73
3073,8.4134,3.2723,3.2723,0.82204336,94948633.86,33119.96,995347098.69
3074,8.4162,3.2728,3.2728,0.82195740,94952023.09,33112.81,995378211.50
3075,8.4189,3.2732,3.2732,0.82187145,94955411.26,33105.67,995409317.17
3076,8.4216,3.2736,3.2736,0.82178550,94958798.37,33098.54,995440415.71
3077,8.4244,3.2741,3.2741,0.82169956,94962184.42,33091.40,995471507.11
3078,8.4271,3.2745,3.2745,0.82161362,94965569.41,33084.27,995502591.38
3079,8.4298,3.2749,3.2749,0.82152768,94968953.34,33077.14,995533668.52
3080,8.4326,3.2754,3.2754,0.82144174,94972336.22,33070.01,995564738.52
3081,8.4353,3.2758,3.2758,0.82135581,94975718.04,33062.88,995595801.40
3082,8.4381,3.2763,3.2763,0.82126988,94979098.80,33055.76,995626857.16
3083,8.4408,3.2767,3.2767,0.82118396,94982478.51,33048.63,995657905.79
3084,8.4435,3.2771,3.2771,0.82109804,94985857.17,33041.51,995688947.31
3085,8.4463,3.2776,3.2776,0.82101212,94989234.77,33034.39,995719981.70
3086,8.4490,3.2780,3.2780,0.82092620,94992611.32,33027.28,995751008.98
3087,8.4517,3.2785,3.2785,0.82084029,94995986.82,33020.16,995782029.14
3088,8.4545,3.2789,3.2789,0.82075438,94999361.27,33013.05,995813042.20
3089,8.4572,3.2793,3.2793,0.82066848,95002734.67,33005.94,995844048.14
3090,8.4600,3.2798,3.2798,0.82058258,95006107.02,32998.84,995875046.98
3091,8.4627,3.2802,3.2802,0.82049668,95009478.32,32991.73,995906038.71
3092,8.4654,3.2806,3.2806,0.82041078,95012848.58,32984.63,995937023.33
3093,8.4682,3.2811,3.2811,0.82032489,95016217.79,32977.53,995968000.86
3094,8.4709,3.2815,3.2815,0.82023901,95019585.96,32970.43,995998971.29
3095,8.4736,3.2820,3.2820,0.82015312,95022953.08,32963.33,996029934.62
3096,8.4764,3.2824,3.2824,0.82006724,95026319.16,32956.24,996060890.86
3097,8.4791,3.2828,3.2828,0.81998136,95029684.20,32949.14,996091840.00
3098,8.4819,3.2833,3.2833,0.81989549,95033048.19,32942.05,996122782.05
3099,8.4846,3.2837,3.2837,0.81980961,95036411.14,32934.96,996153717.02
3100,8.4873,3.2842,3.2842,0.81972375,95039773.06,32927.88,996184644.90
3101,8.4901,3.2846,3.2846,0.81963788,95043133.93,32920.79,996215565.69
3102,8.4928,3.2850,3.2850,0.81955202,95046493.77,32913.71,996246479.40
3103,8.4956,3.2855,3.2855,0.81946616,95049852.57,32906.63,996277386.04
3104,8.4983,3.2859,3.2859,0.81938031,95053210.33,32899.56,996308285.59
3105,8.5010,3.2864,3.2864,0.81929446,95056567.06,32892.48,996339178.07
3106,8.5038,3.2868,3.2868,0.81920861,95059922.75,32885.41,996370063.48
3107,8.5065,3.2872,3.2872,0.81912276,95063277.41,32878.34,996400941.82
3108,8.5092,3.2877,3.2877,0.81903692,95066631.03,32871.27,996431813.08
3109,8.5120,3.2881,3.2881,0.81895109,95069983.62,32864.20,996462677.28
3110,8.5147,3.2885,3.2885,0.81886525,95073335.18,32857.14,996493534.42
3111,8.5175,3.2890,3.2890,0.81877942,95076685.71,32850.07,996524384.49
3112,8.5202,3.2894,3.2894,0.81869359,95080035.21,32843.01,996555227.51
3113,8.5229,3.2899,3.2899,0.81860777,95083383.68,32835.95,996586063.46
3114,8.5257,3.2903,3.2903,0.81852195,95086731.13,32828.90,996616892.36
3115,8.5284,3.2907,3.2907,0.81843613,95090077.54,32821.84,996647714.20
3116,8.5311,3.2912,3.2912,0.81835032,95093422.93,32814.79,996678528.99
3117,8.5339,3.2916,3.2916,0.81826451,95096767.29,32807.74,996709336.73
3118,8.5366,3.2921,3.2921,0.81817870,95100110.63,32800.69,996740137.43
3119,8.5394,3.2925,3.2925,0.81809290,95103452.94,32793.65,996770931.08
3120,8.5421,3.2929,3.2929,0.81800710,95106794.23,32786.61,996801717.68
3121,8.5448,3.2934,3.2934,0.81792130,95110134.50,32779.56,996832497.25
3122,8.5476,3.2938,3.2938,0.81783551,95113473.75,32772.52,996863269.77
3123,8.5503,3.2943,3.2943,0.81774972,95116811.97,32765.49,996894035.26
3124,8.5530,3.2947,3.2947,0.81766393,95120149.18,32758.45,996924793.71
3125,8.5558,3.2951,3.2951,0.81757815,95123485.36,32751.42,996955545.13
3126,8.5585,3.2956,3.2956,0.81749237,95126820.53,32744.39,996986289.52
3127,8.5613,3.2960,3.2960,0.81740659,95130154.68,32737.36,997017026.88
3128,8.5640,3.2965,3.2965,0.81732082,95133487.81,32730.33,997047757.21
3129,8.5667,3.2969,3.2969,0.81723505,95136819.93,32723.31,997078480.52
3130,8.5695,3.2974,3.2974,0.81714928,95140151.03,32716.29,997109196.81
3131,8.5722,3.2978,3.2978,0.81706352,95143481.12,32709.27,997139906.07
3132,8.5749,3.2982,3.2982,0.81697776,95146810.19,32702.25,997170608.32
3133,8.5777,3.2987,3.2987,0.81689200,95150138.26,32695.23,997201303.56
3134,8.5804,3.2991,3.2991,0.81680625,95153465.30,32688.22,997231991.77
3135,8.5832,3.2996,3.2996,0.81672050,95156791.34,32681.21,997262672.98
3136,8.5859,3.3000,3.3000,0.81663476,95160116.37,32674.20,997293347.18
3137,8.5886,3.3004,3.3004,0.81654901,95163440.39,32667.19,997324014.37
3138,8.5914,3.3009,3.3009,0.81646328,95166763.40,32660.18,997354674.55
3139,8.5941,3.3013,3.3013,0.81637754,95170085.40,32653.18,997385327.74
3140,8.5969,3.3018,3.3018,0.81629181,95173406.39,32646.18,997415973.92
3141,8.5996,3.3022,3.3022,0.81620608,95176726.38,32639.18,997446613.10
3142,8.6023,3.3026,3.3026,0.81612036,95180045.36,32632.18,997477245.28
3143,8.6051,3.3031,3.3031,0.81603463,95183363.34,32625.19,997507870.47
3144,8.6078,3.3035,3.3035,0.81594892,95186680.31,32618.20,997538488.67
3145,8.6105,3.3040,3.3040,0.81586320,95189996.28,32611.21,997569099.88
3146,8.6133,3.3044,3.3044,0.81577749,95193311.24,32604.22,997599704.09
3147,8.6160,3.3049,3.3049,0.81569178,95196625.21,32597.23,997630301.33
3148,8.6188,3.3053,3.3053,0.81560608,95199938.17,32590.25,997660891.57
3149,8.6215,3.3057,3.3057,0.81552038,95203250.14,32583.27,997691474.84
3150,8.6242,3.3062,3.3062,0.81543468,95206561.10,32576.29,997722051.12
3151,8.6270,3.3066,3.3066,0.81534899,95209871.07,32569.31,997752620.43
3152,8.6297,3.3071,3.3071,0.81526330,95213180.04,32562.33,997783182.76
3153,8.6324,3.3075,3.3075,0.81517761,95216488.01,32555.36,997813738.12
3154,8.6352,3.3079,3.3079,0.81509193,95219794.98,32548.39,997844286.50
3155,8.6379,3.3084,3.3084,0.81500625,95223100.96,32541.42,997874827.92
3156,8.6407,3.3088,3.3088,0.81492057,95226405.95,32534.45,997905362.37
3157,8.6434,3.3093,3.3093,0.81483490,95229709.94,32527.48,997935889.85
3158,8.6461,3.3097,3.3097,0.81474923,95233012.94,32520.52,997966410.37
3159,8.6489,3.3102,3.3102,0.81466356,95236314.94,32513.56,997996923.93
3160,8.6516,3.3106,3.3106,0.81457790,95239615.95,32506.60,998027430.53
3161,8.6543,3.3110,3.3110,0.81449224,95242915.98,32499.64,998057930.17
3162,8.6571,3.3115,3.3115,0.81440659,95246215.01,32492.69,998088422.86
3163,8.6598,3.3119,3.3119,0.81432094,95249513.05,32485.74,998118908.60
3164,8.6626,3.3124,3.3124,0.81423529,95252810.11,32478.78,998149387.38
3165,8.6653,3.3128,3.3128,0.81414964,95256106.17,32471.84,998179859.22
3166,8.6680,3.3133,3.3133,0.81406400,95259401.25,32464.89,998210324.11
3167,8.6708,3.3137,3.3137,0.81397836,95262695.35,32457.95,998240782.05
3168,8.6735,3.3141,3.3141,0.81389273,95265988.45,32451.00,998271233.06
3169,8.6762,3.3146,3.3146,0.81380710,95269280.58,32444.06,998301677.12
3170,8.6790,3.3150,3.3150,0.81372147,95272571.72,32437.12,998332114.24
3171,8.6817,3.3155,3.3155,0.81363585,95275861.87,32430.19,998362544.43
3172,8.6845,3.3159,3.3159,0.81355023,95279151.05,32423.25,998392967.69
3173,8.6872,3.3164,3.3164,0.81346461,95282439.24,32416.32,998423384.01
3174,8.6899,3.3168,3.3168,0.81337900,95285726.45,32409.39,998453793.40
3175,8.6927,3.3172,3.3172,0.81329339,95289012.68,32402.47,998484195.87
3176,8.6954,3.3177,3.3177,0.81320778,95292297.93,32395.54,998514591.41
3177,8.6982,3.3181,3.3181,0.81312218,95295582.20,32388.62,998544980.02
3178,8.7009,3.3186,3.3186,0.81303658,95298865.49,32381.69,998575361.72
3179,8.7036,3.3190,3.3190,0.81295099,95302147.81,32374.78,998605736.49
3180,8.7064,3.3195,3.3195,0.81286539,95305429.15,32367.86,998636104.35
3181,8.7091,3.3199,3.3199,0.81277980,95308709.51,32360.94,998666465.29
3182,8.7118,3.3204,3.3204,0.81269422,95311988.90,32354.03,998696819.32
3183,8.7146,3.3208,3.3208,0.81260864,95315267.32,32347.12,998727166.44
3184,8.7173,3.3212,3.3212,0.81252306,95318544.76,32340.21,998757506.65
3185,8.7201,3.3217,3.3217,0.81243749,95321821.23,32333.30,998787839.96
3186,8.7228,3.3221,3.3221,0.81235192,95325096.72,32326.40,998818166.35
3187,8.7255,3.3226,3.3226,0.81226635,95328371.25,32319.50,998848485.85
3188,8.7283,3.3230,3.3230,0.81218078,95331644.80,32312.60,998878798.44
3189,8.7310,3.3235,3.3235,0.81209522,95334917.38,32305.70,998909104.14
3190,8.7337,3.3239,3.3239,0.81200967,95338189.00,32298.80,998939402.94
3191,8.7365,3.3243,3.3243,0.81192411,95341459.65,32291.91,998969694.85
3192,8.7392,3.3248,3.3248,0.81183857,95344729.32,32285.01,998999979.86
3193,8.7420,3.3252,3.3252,0.81175302,95347998.04,32278.12,999030257.98
3194,8.7447,3.3257,3.3257,0.81166748,95351265.78,32271.24,999060529.22
3195,8.7474,3.3261,3.3261,0.81158194,95354532.56,32264.35,999090793.57
3196,8.7502,3.3266,3.3266,0.81149640,95357798.38,32257.46,999121051.03
3197,8.7529,3.3270,3.3270,0.81141087,95361063.23,32250.58,999151301.61
3198,8.7556,3.3275,3.3275,0.81132534,95364327.12,32243.70,999181545.32
3199,8.7584,3.3279,3.3279,0.81123982,95367590.04,32236.83,999211782.14
3200,8.7611,3.3283,3.3283,0.81115430,95370852.00,32229.95,999242012.09
3201,8.7639,3.3288,3.3288,0.81106878,95374113.01,32223.08,999272235.17
3202,8.7666,3.3292,3.3292,0.81098327,95377373.05,32216.20,999302451.37
3203,8.7693,3.3297,3.3297,0.81089776,95380632.13,32209.34,999332660.71
3204,8.7721,3.3301,3.3301,0.81081225,95383890.25,32202.47,999362863.18
3205,8.7748,3.3306,3.3306,0.81072675,95387147.42,32195.60,999393058.78
3206,8.7775,3.3310,3.3310,0.81064125,95390403.62,32188.74,999423247.52
3207,8.7803,3.3315,3.3315,0.81055575,95393658.87,32181.88,999453429.40
3208,8.7830,3.3319,3.3319,0.81047026,95396913.17,32175.02,999483604.41
3209,8.7858,3.3324,3.3324,0.81038477,95400166.50,32168.16,999513772.58
3210,8.7885,3.3328,3.3328,0.81029929,95403418.89,32161.31,999543933.88
3211,8.7912,3.3332,3.3332,0.81021381,95406670.32,32154.45,999574088.34
3212,8.7940,3.3337,3.3337,0.81012833,95409920.79,32147.60,999604235.94
3213,8.7967,3.3341,3.3341,0.81004285,95413170.31,32140.75,999634376.69
3214,8.7995,3.3346,3.3346,0.80995738,95416418.88,32133.91,999664510.60
3215,8.8022,3.3350,3.3350,0.80987192,95419666.50,32127.06,999694637.66
3216,8.8049,3.3355,3.3355,0.80978645,95422913.17,32120.22,999724757.88
3217,8.8077,3.3359,3.3359,0.80970099,95426158.89,32113.38,999754871.26
3218,8.8104,3.3364,3.3364,0.80961554,95429403.66,32106.54,999784977.80
3219,8.8131,3.3368,3.3368,0.80953008,95432647.49,32099.70,999815077.51
3220,8.8159,3.3373,3.3373,0.80944463,95435890.36,32092.87,999845170.37
3221,8.8186,3.3377,3.3377,0.80935919,95439132.29,32086.04,999875256.41
3222,8.8214,3.3382,3.3382,0.80927375,95442373.27,32079.21,999905335.62
3223,8.8241,3.3386,3.3386,0.80918831,95445613.30,32072.38,999935408.00
3224,8.8268,3.3390,3.3390,0.80910288,95448852.39,32065.55,999965473.55
3225,8.8296,3.3395,3.3395,0.80901744,95452090.54,32058.73,999995532.28
3226,8.8323,3.3399,3.3399,0.80893202,95455327.74,32051.91,1000025584.19
3227,8.8350,3.3404,3.3404,0.80884659,95458564.00,32045.09,1000055629.27
3228,8.8378,3.3408,3.3408,0.80876117,95461799.31,32038.27,1000085667.54
3229,8.8405,3.3413,3.3413,0.80867576,95465033.69,32031.45,1000115698.99
3230,8.8433,3.3417,3.3417,0.80859034,95468267.12,32024.64,1000145723.63
3231,8.8460,3.3422,3.3422,0.80850494,95471499.62,32017.83,1000175741.46
3232,8.8487,3.3426,3.3426,0.80841953,95474731.17,32011.02,1000205752.48
3233,8.8515,3.3431,3.3431,0.80833413,95477961.79,32004.21,1000235756.68
3234,8.8542,3.3435,3.3435,0.80824873,95481191.47,31997.40,1000265754.09
3235,8.8569,3.3440,3.3440,0.80816334,95484420.21,31990.60,1000295744.69
3236,8.8597,3.3444,3.3444,0.80807795,95487648.01,31983.80,1000325728.49
3237,8.8624,3.3449,3.3449,0.80799256,95490874.88,31977.00,1000355705.49
3238,8.8652,3.3453,3.3453,0.80790718,95494100.81,31970.20,1000385675.69
3239,8.8679,3.3457,3.3457,0.80782180,95497325.81,31963.41,1000415639.09
3240,8.8706,3.3462,3.3462,0.80773642,95500549.87,31956.61,1000445595.71
3241,8.8734,3.3466,3.3466,0.80765105,95503773.00,31949.82,1000475545.53
3242,8.8761,3.3471,3.3471,0.80756568,95506995.20,31943.03,1000505488.56
3243,8.8789,3.3475,3.3475,0.80748031,95510216.47,31936.24,1000535424.81
3244,8.8816,3.3480,3.3480,0.80739495,95513436.80,31929.46,1000565354.26
3245,8.8843,3.3484,3.3484,0.80730959,95516656.20,31922.68,1000595276.94
3246,8.8871,3.3489,3.3489,0.80722424,95519874.68,31915.90,1000625192.84
3247,8.8898,3.3493,3.3493,0.80713889,95523092.22,31909.12,1000655101.95
3248,8.8925,3.3498,3.3498,0.80705354,95526308.84,31902.34,1000685004.29
3249,8.8953,3.3502,3.3502,0.80696820,95529524.52,31895.56,1000714899.86
3250,8.8980,3.3507,3.3507,0.80688286,95532739.28,31888.79,1000744788.65
3251,8.9008,3.3511,3.3511,0.80679752,95535953.12,31882.02,1000774670.67
3252,8.9035,3.3516,3.3516,0.80671219,95539166.03,31875.25,1000804545.92
3253,8.9062,3.3520,3.3520,0.80662686,95542378.01,31868.48,1000834414.40
3254,8.9090,3.3525,3.3525,0.80654154,95545589.07,31861.72,1000864276.12
3255,8.9117,3.3529,3.3529,0.80645622,95548799.20,31854.96,1000894131.08
3256,8.9144,3.3534,3.3534,0.80637090,95552008.41,31848.20,1000923979.28
3257,8.9172,3.3538,3.3538,0.80628559,95555216.70,31841.44,1000953820.72
3258,8.9199,3.3543,3.3543,0.80620028,95558424.06,31834.68,1000983655.40
3259,8.9227,3.3547,3.3547,0.80611497,95561630.51,31827.93,1001013483.32
3260,8.9254,3.3552,3.3552,0.80602967,95564836.03,31821.17,1001043304.50
3261,8.9281,3.3556,3.3556,0.80594437,95568040.63,31814.42,1001073118.92
3262,8.9309,3.3560,3.3560,0.80585908,95571244.32,31807.67,1001102926.59
3263,8.9336,3.3565,3.3565,0.80577378,95574447.08,31800.93,1001132727.52
3264,8.9363,3.3569,3.3569,0.80568850,95577648.93,31794.18,1001162521.71
3265,8.9391,3.3574,3.3574,0.80560321,95580849.86,31787.44,1001192309.15
3266,8.9418,3.3578,3.3578,0.80551793,95584049.87,31780.70,1001222089.85
3267,8.9446,3.3583,3.3583,0.80543266,95587248.97,31773.96,1001251863.81
3268,8.9473,3.3587,3.3587,0.80534738,95590447.15,31767.23,1001281631.04
3269,8.9500,3.3592,3.3592,0.80526211,95593644.42,31760.49,1001311391.53
3270,8.9528,3.3596,3.3596,0.80517685,95596840.77,31753.76,1001341145.29
3271,8.9555,3.3601,3.3601,0.80509159,95600036.21,31747.03,1001370892.32
3272,8.9582,3.3605,3.3605,0.80500633,95603230.73,31740.30,1001400632.62
3273,8.9610,3.3610,3.3610,0.80492107,95606424.34,31733.57,1001430366.19
3274,8.9637,3.3614,3.3614,0.80483582,95609617.05,31726.85,1001460093.04
3275,8.9665,3.3619,3.3619,0.80475058,95612808.84,31720.13,1001489813.17
3276,8.9692,3.3623,3.3623,0.80466533,95615999.72,31713.41,1001519526.58
3277,8.9719,3.3628,3.3628,0.80458010,95619189.69,31706.69,1001549233.27
3278,8.9747,3.3632,3.3632,0.80449486,95622378.75,31699.97,1001578933.24
3279,8.9774,3.3637,3.3637,0.80440963,95625566.90,31693.26,1001608626.50
3280,8.9802,3.3641,3.3641,0.80432440,95628754.15,31686.55,1001638313.05
3281,8.9829,3.3646,3.3646,0.80423918,95631940.49,31679.84,1001667992.89
3282,8.9856,3.3650,3.3650,0.80415396,95635125.92,31673.13,1001697666.02
3283,8.9884,3.3655,3.3655,0.80406874,95638310.44,31666.42,1001727332.44
3284,8.9911,3.3659,3.3659,0.80398353,95641494.06,31659.72,1001756992.16
3285,8.9938,3.3664,3.3664,0.80389832,95644676.78,31653.02,1001786645.18
3286,8.9966,3.3668,3.3668,0.80381311,95647858.59,31646.32,1001816291.50
3287,8.9993,3.3673,3.3673,0.80372791,95651039.50,31639.62,1001845931.12
3288,9.0021,3.3677,3.3677,0.80364271,95654219.50,31632.92,1001875564.04
3289,9.0048,3.3682,3.3682,0.80355752,95657398.61,31626.23,1001905190.27
3290,9.0075,3.3686,3.3686,0.80347233,95660576.81,31619.54,1001934809.81
3291,9.0103,3.3691,3.3691,0.80338714,95663754.11,31612.85,1001964422.66
3292,9.0130,3.3695,3.3695,0.80330196,95666930.51,31606.16,1001994028.82
3293,9.0157,3.3700,3.3700,0.80321678,95670106.01,31599.47,1002023628.29
3294,9.0185,3.3704,3.3704,0.80313160,95673280.61,31592.79,1002053221.08
3295,9.0212,3.3709,3.3709,0.80304643,95676454.32,31586.11,1002082807.19
3296,9.0240,3.3713,3.3713,0.80296126,95679627.12,31579.43,1002112386.62
3297,9.0267,3.3718,3.3718,0.80287610,95682799.03,31572.75,1002141959.37
3298,9.0294,3.3722,3.3722,0.80279094,95685970.04,31566.08,1002171525.44
3299,9.0322,3.3727,3.3727,0.80270578,95689140.16,31559.40,1002201084.85
3300,9.0349,3.3731,3.3731,0.80262063,95692309.38,31552.73,1002230637.58
3301,9.0376,3.3736,3.3736,0.80253548,95695477.71,31546.06,1002260183.63
3302,9.0404,3.3740,3.3740,0.80245034,95698645.14,31539.39,1002289723.03
3303,9.0431,3.3745,3.3745,0.80236519,95701811.68,31532.73,1002319255.75
3304,9.0459,3.3749,3.3749,0.80228006,95704977.33,31526.06,1002348781.81
3305,9.0486,3.3754,3.3754,0.80219492,95708142.08,31519.40,1002378301.22
3306,9.0513,3.3758,3.3758,0.80210979,95711305.94,31512.74,1002407813.96
3307,9.0541,3.3763,3.3763,0.80202467,95714468.91,31506.08,1002437320.04
3308,9.0568,3.3767,3.3767,0.80193955,95717630.99,31499.43,1002466819.47
3309,9.0595,3.3772,3.3772,0.80185443,95720792.19,31492.77,1002496312.24
3310,9.0623,3.3777,3.3777,0.80176931,95723952.49,31486.12,1002525798.36
3311,9.0650,3.3781,3.3781,0.80168420,95727111.90,31479.47,1002555277.83
3312,9.0678,3.3786,3.3786,0.80159909,95730270.43,31472.82,1002584750.66
3313,9.0705,3.3790,3.3790,0.80151399,95733428.06,31466.18,1002614216.84
3314,9.0732,3.3795,3.3795,0.80142889,95736584.82,31459.53,1002643676.37
3315,9.0760,3.3799,3.3799,0.80134380,95739740.68,31452.89,1002673129.26
3316,9.0787,3.3804,3.3804,0.80125870,95742895.66,31446.25,1002702575.52
3317,9.0815,3.3808,3.3808,0.80117362,95746049.76,31439.62,1002732015.13
3318,9.0842,3.3813,3.3813,0.80108853,95749202.97,31432.98,1002761448.11
3319,9.0869,3.3817,3.3817,0.80100345,95752355.29,31426.35,1002790874.46
3320,9.0897,3.3822,3.3822,0.80091838,95755506.74,31419.71,1002820294.17
3321,9.0924,3.3826,3.3826,0.80083330,95758657.30,31413.08,1002849707.25
3322,9.0951,3.3831,3.3831,0.80074823,95761806.98,31406.46,1002879113.71
3323,9.0979,3.3835,3.3835,0.80066317,95764955.77,31399.83,1002908513.54
3324,9.1006,3.3840,3.3840,0.80057811,95768103.69,31393.21,1002937906.75
3325,9.1034,3.3844,3.3844,0.80049305,95771250.73,31386.58,1002967293.33
3326,9.1061,3.3849,3.3849,0.80040800,95774396.88,31379.97,1002996673.30
3327,9.1088,3.3853,3.3853,0.80032295,95777542.16,31373.35,1003026046.64
3328,9.1116,3.3858,3.3858,0.80023790,95780686.56,31366.73,1003055413.38
3329,9.1143,3.3862,3.3862,0.80015286,95783830.08,31360.12,1003084773.49
3330,9.1170,3.3867,3.3867,0.80006782,95786972.73,31353.51,1003114127.00
3331,9.1198,3.3871,3.3871,0.79998279,95790114.50,31346.90,1003143473.89
3332,9.1225,3.3876,3.3876,0.79989776,95793255.39,31340.29,1003172814.18
3333,9.1253,3.3881,3.3881,0.79981273,95796395.41,31333.68,1003202147.86
3334,9.1280,3.3885,3.3885,0.79972771,95799534.55,31327.08,1003231474.94
3335,9.1307,3.3890,3.3890,0.79964269,95802672.82,31320.48,1003260795.42
3336,9.1335,3.3894,3.3894,0.79955767,95805810.21,31313.88,1003290109.29
3337,9.1362,3.3899,3.3899,0.79947266,95808946.73,31307.28,1003319416.57
3338,9.1389,3.3903,3.3903,0.79938765,95812082.38,31300.68,1003348717.25
3339,9.1417,3.3908,3.3908,0.79930265,95815217.16,31294.09,1003378011.34
3340,9.1444,3.3912,3.3912,0.79921765,95818351.06,31287.50,1003407298.84
3341,9.1472,3.3917,3.3917,0.79913266,95821484.10,31280.91,1003436579.75
3342,9.1499,3.3921,3.3921,0.79904766,95824616.26,31274.32,1003465854.06
3343,9.1526,3.3926,3.3926,0.79896268,95827747.55,31267.73,1003495121.80
3344,9.1554,3.3930,3.3930,0.79887769,95830877.98,31261.15,1003524382.94
3345,9.1581,3.3935,3.3935,0.79879271,95834007.54,31254.57,1003553637.51
3346,9.1608,3.3939,3.3939,0.79870774,95837136.23,31247.99,1003582885.49
3347,9.1636,3.3944,3.3944,0.79862276,95840264.05,31241.41,1003612126.90
3348,9.1663,3.3949,3.3949,0.79853779,95843391.00,31234.83,1003641361.73
3349,9.1691,3.3953,3.3953,0.79845283,95846517.09,31228.26,1003670589.99
3350,9.1718,3.3958,3.3958,0.79836787,95849642.32,31221.68,1003699811.67
3351,9.1745,3.3962,3.3962,0.79828291,95852766.68,31215.11,1003729026.79
3352,9.1773,3.3967,3.3967,0.79819796,95855890.17,31208.55,1003758235.34
3353,9.1800,3.3971,3.3971,0.79811301,95859012.80,31201.98,1003787437.32
3354,9.1828,3.3976,3.3976,0.79802807,95862134.57,31195.42,1003816632.73
3355,9.1855,3.3980,3.3980,0.79794312,95865255.47,31188.85,1003845821.58
3356,9.1882,3.3985,3.3985,0.79785819,95868375.51,31182.29,1003875003.88
3357,9.1910,3.3989,3.3989,0.79777325,95871494.69,31175.73,1003904179.61
3358,9.1937,3.3994,3.3994,0.79768832,95874613.01,31169.18,1003933348.79
3359,9.1964,3.3998,3.3998,0.79760340,95877730.47,31162.62,1003962511.41
3360,9.1992,3.4003,3.4003,0.79751848,95880847.07,31156.07,1003991667.48
3361,9.2019,3.4008,3.4008,0.79743356,95883962.81,31149.52,1004020817.00
3362,9.2047,3.4012,3.4012,0.79734864,95887077.69,31142.97,1004049959.98
3363,9.2074,3.4017,3.4017,0.79726373,95890191.71,31136.43,1004079096.40
3364,9.2101,3.4021,3.4021,0.79717883,95893304.88,31129.88,1004108226.28
3365,9.2129,3.4026,3.4026,0.79709393,95896417.19,31123.34,1004137349.62
3366,9.2156,3.4030,3.4030,0.79700903,95899528.64,31116.80,1004166466.42
3367,9.2183,3.4035,3.4035,0.79692413,95902639.23,31110.26,1004195576.68
3368,9.2211,3.4039,3.4039,0.79683924,95905748.97,31103.72,1004224680.40
3369,9.2238,3.4044,3.4044,0.79675436,95908857.86,31097.19,1004253777.59
3370,9.2266,3.4048,3.4048,0.79666947,95911965.89,31090.65,1004282868.24
3371,9.2293,3.4053,3.4053,0.79658460,95915073.07,31084.12,1004311952.36
3372,9.2320,3.4058,3.4058,0.79649972,95918179.39,31077.59,1004341029.96
3373,9.2348,3.4062,3.4062,0.79641485,95921284.86,31071.07,1004370101.03
3374,9.2375,3.4067,3.4067,0.79632998,95924389.48,31064.54,1004399165.57
3375,9.2402,3.4071,3.4071,0.79624512,95927493.25,31058.02,1004428223.59
3376,9.2430,3.4076,3.4076,0.79616026,95930596.17,31051.50,1004457275.09
3377,9.2457,3.4080,3.4080,0.79607541,95933698.23,31044.98,1004486320.07
3378,9.2485,3.4085,3.4085,0.79599056,95936799.45,31038.46,1004515358.53
3379,9.2512,3.4089,3.4089,0.79590571,95939899.81,31031.95,1004544390.48
3380,9.2539,3.4094,3.4094,0.79582087,95942999.33,31025.43,1004573415.91
3381,9.2567,3.4099,3.4099,0.79573603,95946098.00,31018.92,1004602434.83
3382,9.2594,3.4103,3.4103,0.79565119,95949195.83,31012.41,1004631447.25
3383,9.2621,3.4108,3.4108,0.79556636,95952292.80,31005.91,1004660453.15
3384,9.2649,3.4112,3.4112,0.79548153,95955388.93,30999.40,1004689452.55
3385,9.2676,3.4117,3.4117,0.79539671,95958484.21,30992.90,1004718445.45
3386,9.2704,3.4121,3.4121,0.79531189,95961578.65,30986.40,1004747431.84
3387,9.2731,3.4126,3.4126,0.79522707,95964672.24,30979.90,1004776411.74
3388,9.2758,3.4131,3.4131,0.79514226,95967764.99,30973.40,1004805385.14
3389,9.2786,3.4135,3.4135,0.79505745,95970856.89,30966.90,1004834352.04
3390,9.2813,3.4140,3.4140,0.79497265,95973947.95,30960.41,1004863312.45
3391,9.2841,3.4144,3.4144,0.79488785,95977038.17,30953.92,1004892266.37
3392,9.2868,3.4149,3.4149,0.79480306,95980127.55,30947.43,1004921213.80
3393,9.2895,3.4153,3.4153,0.79471826,95983216.08,30940.94,1004950154.74
3394,9.2923,3.4158,3.4158,0.79463348,95986303.77,30934.45,1004979089.19
3395,9.2950,3.4162,3.4162,0.79454869,95989390.62,30927.97,1005008017.16
3396,9.2977,3.4167,3.4167,0.79446391,95992476.64,30921.49,1005036938.65
3397,9.3005,3.4172,3.4172,0.79437914,95995561.81,30915.01,1005065853.66
3398,9.3032,3.4176,3.4176,0.79429437,95998646.14,30908.53,1005094762.19
3399,9.3060,3.4181,3.4181,0.79420960,96001729.64,30902.05,1005123664.24
3400,9.3087,3.4185,3.4185,0.79412483,96004812.29,30895.58,1005152559.82
3401,9.3114,3.4190,3.4190,0.79404008,96007894.11,30889.11,1005181448.93
3402,9.3142,3.4194,3.4194,0.79395532,96010975.09,30882.64,1005210331.56
3403,9.3169,3.4199,3.4199,0.79387057,96014055.24,30876.17,1005239207.73
3404,9.3196,3.4204,3.4204,0.79378582,96017134.55,30869.70,1005268077.43
3405,9.3224,3.4208,3.4208,0.79370108,96020213.02,30863.24,1005296940.67
3406,9.3251,3.4213,3.4213,0.79361634,96023290.66,30856.78,1005325797.45
3407,9.3279,3.4217,3.4217,0.79353160,96026367.47,30850.31,1005354647.76
3408,9.3306,3.4222,3.4222,0.79344687,96029443.44,30843.86,1005383491.62
3409,9.3333,3.4226,3.4226,0.79336214,96032518.58,30837.40,1005412329.02
3410,9.3361,3.4231,3.4231,0.79327742,96035592.89,30830.94,1005441159.96
3411,9.3388,3.4236,3.4236,0.79319270,96038666.36,30824.49,1005469984.45
3412,9.3415,3.4240,3.4240,0.79310798,96041739.00,30818.04,1005498802.49
3413,9.3443,3.4245,3.4245,0.79302327,96044810.81,30811.59,1005527614.09
3414,9.3470,3.4249,3.4249,0.79293856,96047881.79,30805.14,1005556419.23
3415,9.3498,3.4254,3.4254,0.79285386,96050951.94,30798.70,1005585217.93
3416,9.3525,3.4259,3.4259,0.79276916,96054021.26,30792.26,1005614010.19
3417,9.3552,3.4263,3.4263,0.79268446,96057089.75,30785.82,1005642796.00
3418,9.3580,3.4268,3.4268,0.79259977,96060157.42,30779.38,1005671575.38
3419,9.3607,3.4272,3.4272,0.79251508,96063224.25,30772.94,1005700348.32
3420,9.3634,3.4277,3.4277,0.79243040,96066290.26,30766.50,1005729114.82
3421,9.3662,3.4281,3.4281,0.79234572,96069355.44,30760.07,1005757874.89
3422,9.3689,3.4286,3.4286,0.79226105,96072419.79,30753.64,1005786628.53
3423,9.3717,3.4291,3.4291,0.79217638,96075483.32,30747.21,1005815375.74
3424,9.3744,3.4295,3.4295,0.79209171,96078546.03,30740.78,1005844116.52
3425,9.3771,3.4300,3.4300,0.79200704,96081607.90,30734.36,1005872850.87
3426,9.3799,3.4304,3.4304,0.79192239,96084668.96,30727.93,1005901578.80
3427,9.3826,3.4309,3.4309,0.79183773,96087729.19,30721.51,1005930300.31
3428,9.3854,3.4313,3.4313,0.79175308,96090788.59,30715.09,1005959015.40
3429,9.3881,3.4318,3.4318,0.79166843,96093847.18,30708.67,1005987724.07
3430,9.3908,3.4323,3.4323,0.79158379,96096904.94,30702.26,1006016426.33
3431,9.3936,3.4327,3.4327,0.79149915,96099961.88,30695.84,1006045122.17
3432,9.3963,3.4332,3.4332,0.79141451,96103017.99,30689.43,1006073811.60
3433,9.3990,3.4336,3.4336,0.79132988,96106073.29,30683.02,1006102494.62
3434,9.4018,3.4341,3.4341,0.79124526,96109127.77,30676.61,1006131171.23
3435,9.4045,3.4346,3.4346,0.79116063,96112181.42,30670.20,1006159841.43
3436,9.4073,3.4350,3.4350,0.79107602,96115234.26,30663.80,1006188505.23
3437,9.4100,3.4355,3.4355,0.79099140,96118286.28,30657.40,1006217162.63
3438,9.4127,3.4359,3.4359,0.79090679,96121337.48,30651.00,1006245813.62
3439,9.4155,3.4364,3.4364,0.79082218,96124387.86,30644.60,1006274458.22
3440,9.4182,3.4369,3.4369,0.79073758,96127437.43,30638.20,1006303096.42
3441,9.4209,3.4373,3.4373,0.79065298,96130486.18,30631.81,1006331728.23
3442,9.4237,3.4378,3.4378,0.79056839,96133534.11,30625.41,1006360353.64
3443,9.4264,3.4382,3.4382,0.79048380,96136581.22,30619.02,1006388972.66
3444,9.4292,3.4387,3.4387,0.79039921,96139627.53,30612.63,1006417585.29
3445,9.4319,3.4392,3.4392,0.79031463,96142673.01,30606.24,1006446191.54
3446,9.4346,3.4396,3.4396,0.79023005,96145717.68,30599.86,1006474791.39
3447,9.4374,3.4401,3.4401,0.79014548,96148761.54,30593.48,1006503384.87
3448,9.4401,3.4405,3.4405,0.79006091,96151804.59,30587.09,1006531971.96
3449,9.4428,3.4410,3.4410,0.78997634,96154846.82,30580.71,1006560552.68
3450,9.4456,3.4415,3.4415,0.78989178,96157888.24,30574.34,1006589127.02
3451,9.4483,3.4419,3.4419,0.78980722,96160928.85,30567.96,1006617694.98
3452,9.4511,3.4424,3.4424,0.78972267,96163968.64,30561.59,1006646256.56
3453,9.4538,3.4428,3.4428,0.78963812,96167007.63,30555.22,1006674811.78
3454,9.4565,3.4433,3.4433,0.78955357,96170045.81,30548.85,1006703360.63
3455,9.4593,3.4438,3.4438,0.78946903,96173083.17,30542.48,1006731903.10
3456,9.4620,3.4442,3.4442,0.78938450,96176119.73,30536.11,1006760439.21
3457,9.4648,3.4447,3.4447,0.78929996,96179155.47,30529.75,1006788968.96
3458,9.4675,3.4451,3.4451,0.78921543,96182190.41,30523.38,1006817492.34
3459,9.4702,3.4456,3.4456,0.78913091,96185224.55,30517.02,1006846009.37
3460,9.4730,3.4461,3.4461,0.78904639,96188257.87,30510.67,1006874520.03
3461,9.4757,3.4465,3.4465,0.78896187,96191290.39,30504.31,1006903024.34
3462,9.4784,3.4470,3.4470,0.78887736,96194322.10,30497.95,1006931522.30
3463,9.4812,3.4474,3.4474,0.78879285,96197353.00,30491.60,1006960013.90
3464,9.4839,3.4479,3.4479,0.78870835,96200383.10,30485.25,1006988499.15
3465,9.4867,3.4484,3.4484,0.78862385,96203412.40,30478.90,1007016978.05
3466,9.4894,3.4488,3.4488,0.78853935,96206440.89,30472.55,1007045450.60
3467,9.4921,3.4493,3.4493,0.78845486,96209468.57,30466.21,1007073916.81
3468,9.4949,3.4497,3.4497,0.78837037,96212495.45,30459.87,1007102376.68
3469,9.4976,3.4502,3.4502,0.78828589,96215521.53,30453.52,1007130830.20
3470,9.5003,3.4507,3.4507,0.78820141,96218546.81,30447.18,1007159277.39
3471,9.5031,3.4511,3.4511,0.78811693,96221571.28,30440.85,1007187718.23
3472,9.5058,3.4516,3.4516,0.78803246,96224594.96,30434.51,1007216152.74
3473,9.5086,3.4521,3.4521,0.78794800,96227617.83,30428.18,1007244580.92
3474,9.5113,3.4525,3.4525,0.78786353,96230639.90,30421.85,1007273002.77
3475,9.5140,3.4530,3.4530,0.78777907,96233661.17,30415.52,1007301418.28
3476,9.5168,3.4534,3.4534,0.78769462,96236681.64,30409.19,1007329827.47
3477,9.5195,3.4539,3.4539,0.78761017,96239701.32,30402.86,1007358230.33
3478,9.5222,3.4544,3.4544,0.78752572,96242720.19,30396.54,1007386626.87
3479,9.5250,3.4548,3.4548,0.78744128,96245738.27,30390.21,1007415017.08
3480,9.5277,3.4553,3.4553,0.78735684,96248755.55,30383.89,1007443400.98
3481,9.5305,3.4557,3.4557,0.78727241,96251772.03,30377.58,1007471778.55
3482,9.5332,3.4562,3.4562,0.78718798,96254787.71,30371.26,1007500149.81
3483,9.5359,3.4567,3.4567,0.78710355,96257802.60,30364.94,1007528514.75
3484,9.5387,3.4571,3.4571,0.78701913,96260816.69,30358.63,1007556873.39
3485,9.5414,3.4576,3.4576,0.78693471,96263829.99,30352.32,1007585225.71
3486,9.5441,3.4581,3.4581,0.78685030,96266842.49,30346.01,1007613571.72
3487,9.5469,3.4585,3.4585,0.78676589,96269854.19,30339.70,1007641911.42
3488,9.5496,3.4590,3.4590,0.78668149,96272865.11,30333.40,1007670244.82
3489,9.5524,3.4594,3.4594,0.78659709,96275875.23,30327.09,1007698571.91
3490,9.5551,3.4599,3.4599,0.78651269,96278884.55,30320.79,1007726892.71
3491,9.5578,3.4604,3.4604,0.78642830,96281893.09,30314.49,1007755207.20
3492,9.5606,3.4608,3.4608,0.78634391,96284900.83,30308.20,1007783515.40
3493,9.5633,3.4613,3.4613,0.78625953,96287907.78,30301.90,1007811817.30
3494,9.5661,3.4618,3.4618,0.78617515,96290913.94,30295.61,1007840112.90
3495,9.5688,3.4622,3.4622,0.78609077,96293919.31,30289.31,1007868402.21
3496,9.5715,3.4627,3.4627,0.78600640,96296923.89,30283.02,1007896685.24
3497,9.5743,3.4631,3.4631,0.78592203,96299927.68,30276.74,1007924961.97
3498,9.5770,3.4636,3.4636,0.78583767,96302930.67,30270.45,1007953232.42
3499,9.5797,3.4641,3.4641,0.78575331,96305932.89,30264.16,1007981496.59
3500,9.5825,3.4645,3.4645,0.78566896,96308934.31,30257.88,1008009754.47
3501,9.5852,3.4650,3.4650,0.78558461,96311934.94,30251.60,1008038006.07
3502,9.5880,3.4655,3.4655,0.78550026,96314934.79,30245.32,1008066251.39
3503,9.5907,3.4659,3.4659,0.78541592,96317933.85,30239.04,1008094490.44
3504,9.5934,3.4664,3.4664,0.78533158,96320932.12,30232.77,1008122723.21
3505,9.5962,3.4669,3.4669,0.78524725,96323929.61,30226.50,1008150949.70
3506,9.5989,3.4673,3.4673,0.78516292,96326926.31,30220.23,1008179169.93
3507,9.6016,3.4678,3.4678,0.78507859,96329922.23,30213.96,1008207383.88
3508,9.6044,3.4682,3.4682,0.78499427,96332917.36,30207.69,1008235591.57
3509,9.6071,3.4687,3.4687,0.78490995,96335911.71,30201.42,1008263792.99
3510,9.6099,3.4692,3.4692,0.78482564,96338905.27,30195.16,1008291988.15
3511,9.6126,3.4696,3.4696,0.78474133,96341898.05,30188.90,1008320177.05
3512,9.6153,3.4701,3.4701,0.78465703,96344890.05,30182.64,1008348359.68
3513,9.6181,3.4706,3.4706,0.78457273,96347881.26,30176.38,1008376536.06
3514,9.6208,3.4710,3.4710,0.78448843,96350871.70,30170.12,1008404706.18
3515,9.6235,3.4715,3.4715,0.78440414,96353861.35,30163.87,1008432870.05
3516,9.6263,3.4720,3.4720,0.78431985,96356850.22,30157.61,1008461027.67
3517,9.6290,3.4724,3.4724,0.78423557,96359838.31,30151.36,1008489179.03
3518,9.6318,3.4729,3.4729,0.78415129,96362825.62,30145.12,1008517324.14
3519,9.6345,3.4733,3.4733,0.78406702,96365812.15,30138.87,1008545463.01
3520,9.6372,3.4738,3.4738,0.78398275,96368797.90,30132.62,1008573595.64
3521,9.6400,3.4743,3.4743,0.78389848,96371782.88,30126.38,1008601722.02
3522,9.6427,3.4747,3.4747,0.78381422,96374767.07,30120.14,1008629842.15
3523,9.6454,3.4752,3.4752,0.78372996,96377750.49,30113.90,1008657956.05
3524,9.6482,3.4757,3.4757,0.78364571,96380733.12,30107.66,1008686063.71
3525,9.6509,3.4761,3.4761,0.78356146,96383714.99,30101.43,1008714165.14
3526,9.6537,3.4766,3.4766,0.78347721,96386696.07,30095.19,1008742260.33
3527,9.6564,3.4771,3.4771,0.78339297,96389676.38,30088.96,1008770349.29
3528,9.6591,3.4775,3.4775,0.78330874,96392655.91,30082.73,1008798432.02
3529,9.6619,3.4780,3.4780,0.78322450,96395634.67,30076.50,1008826508.52
3530,9.6646,3.4785,3.4785,0.78314027,96398612.66,30070.28,1008854578.80
3531,9.6674,3.4789,3.4789,0.78305605,96401589.87,30064.05,1008882642.85
3532,9.6701,3.4794,3.4794,0.78297183,96404566.30,30057.83,1008910700.68
3533,9.6728,3.4799,3.4799,0.78288762,96407541.96,30051.61,1008938752.28
3534,9.6756,3.4803,3.4803,0.78280340,96410516.85,30045.39,1008966797.67
3535,9.6783,3.4808,3.4808,0.78271920,96413490.97,30039.17,1008994836.84
3536,9.6810,3.4812,3.4812,0.78263500,96416464.31,30032.96,1009022869.80
3537,9.6838,3.4817,3.4817,0.78255080,96419436.89,30026.74,1009050896.54
3538,9.6865,3.4822,3.4822,0.78246660,96422408.69,30020.53,1009078917.07
3539,9.6893,3.4826,3.4826,0.78238241,96425379.72,30014.32,1009106931.40
3540,9.6920,3.4831,3.4831,0.78229823,96428349.98,30008.11,1009134939.51
3541,9.6947,3.4836,3.4836,0.78221405,96431319.47,30001.91,1009162941.42
3542,9.6975,3.4840,3.4840,0.78212987,96434288.19,29995.70,1009190937.12
3543,9.7002,3.4845,3.4845,0.78204570,96437256.14,29989.50,1009218926.62
3544,9.7029,3.4850,3.4850,0.78196153,96440223.32,29983.30,1009246909.93
3545,9.7057,3.4854,3.4854,0.78187736,96443189.74,29977.10,1009274887.03
3546,9.7084,3.4859,3.4859,0.78179320,96446155.39,29970.91,1009302857.94
3547,9.7112,3.4864,3.4864,0.78170905,96449120.27,29964.71,1009330822.65
3548,9.7139,3.4868,3.4868,0.78162490,96452084.38,29958.52,1009358781.17
3549,9.7166,3.4873,3.4873,0.78154075,96455047.73,29952.33,1009386733.50
3550,9.7194,3.4878,3.4878,0.78145661,96458010.31,29946.14,1009414679.63
3551,9.7221,3.4882,3.4882,0.78137247,96460972.12,29939.95,1009442619.59
3552,9.7248,3.4887,3.4887,0.78128834,96463933.17,29933.77,1009470553.35
3553,9.7276,3.4892,3.4892,0.78120421,96466893.46,29927.58,1009498480.93
3554,9.7303,3.4896,3.4896,0.78112008,96469852.98,29921.40,1009526402.34
3555,9.7331,3.4901,3.4901,0.78103596,96472811.74,29915.22,1009554317.56
3556,9.7358,3.4906,3.4906,0.78095184,96475769.73,29909.04,1009582226.60
3557,9.7385,3.4910,3.4910,0.78086773,96478726.96,29902.87,1009610129.47
3558,9.7413,3.4915,3.4915,0.78078362,96481683.43,29896.69,1009638026.16
3559,9.7440,3.4920,3.4920,0.78069952,96484639.14,29890.52,1009665916.68
3560,9.7467,3.4924,3.4924,0.78061542,96487594.08,29884.35,1009693801.03
3561,9.7495,3.4929,3.4929,0.78053132,96490548.27,29878.18,1009721679.21
3562,9.7522,3.4934,3.4934,0.78044723,96493501.69,29872.01,1009749551.22
3563,9.7550,3.4938,3.4938,0.78036314,96496454.35,29865.85,1009777417.07
3564,9.7577,3.4943,3.4943,0.78027906,96499406.25,29859.69,1009805276.76
3565,9.7604,3.4948,3.4948,0.78019498,96502357.40,29853.52,1009833130.28
3566,9.7632,3.4952,3.4952,0.78011091,96505307.78,29847.36,1009860977.65
3567,9.7659,3.4957,3.4957,0.78002684,96508257.40,29841.21,1009888818.85
3568,9.7687,3.4962,3.4962,0.77994277,96511206.27,29835.05,1009916653.91
3569,9.7714,3.4966,3.4966,0.77985871,96514154.38,29828.90,1009944482.80
3570,9.7741,3.4971,3.4971,0.77977466,96517101.73,29822.75,1009972305.55
3571,9.7769,3.4976,3.4976,0.77969060,96520048.32,29816.59,1010000122.14
3572,9.7796,3.4980,3.4980,0.77960656,96522994.16,29810.45,1010027932.59
3573,9.7823,3.4985,3.4985,0.77952251,96525939.24,29804.30,1010055736.89
3574,9.7851,3.4990,3.4990,0.77943847,96528883.57,29798.15,1010083535.04
3575,9.7878,3.4994,3.4994,0.77935444,96531827.14,29792.01,1010111327.06
3576,9.7906,3.4999,3.4999,0.77927041,96534769.95,29785.87,1010139112.93
3577,9.7933,3.5004,3.5004,0.77918638,96537712.01,29779.73,1010166892.66
3578,9.7960,3.5008,3.5008,0.77910236,96540653.32,29773.59,1010194666.25
3579,9.7988,3.5013,3.5013,0.77901834,96543593.87,29767.46,1010222433.71
3580,9.8015,3.5018,3.5018,0.77893433,96546533.67,29761.33,1010250195.04
3581,9.8042,3.5022,3.5022,0.77885032,96549472.72,29755.19,1010277950.23
3582,9.8070,3.5027,3.5027,0.77876631,96552411.01,29749.06,1010305699.29
3583,9.8097,3.5032,3.5032,0.77868231,96555348.56,29742.93,1010333442.23
3584,9.8125,3.5037,3.5037,0.77859832,96558285.35,29736.81,1010361179.04
3585,9.8152,3.5041,3.5041,0.77851433,96561221.39,29730.68,1010388909.72
3586,9.8179,3.5046,3.5046,0.77843034,96564156.68,29724.56,1010416634.28
3587,9.8207,3.5051,3.5051,0.77834636,96567091.21,29718.44,1010444352.72
3588,9.8234,3.5055,3.5055,0.77826238,96570025.00,29712.32,1010472065.04
3589,9.8261,3.5060,3.5060,0.77817840,96572958.04,29706.20,1010499771.25
3590,9.8289,3.5065,3.5065,0.77809443,96575890.33,29700.09,1010527471.34
3591,9.8316,3.5069,3.5069,0.77801047,96578821.87,29693.98,1010555165.31
3592,9.8344,3.5074,3.5074,0.77792651,96581752.67,29687.86,1010582853.18
3593,9.8371,3.5079,3.5079,0.77784255,96584682.71,29681.75,1010610534.93
3594,9.8398,3.5083,3.5083,0.77775860,96587612.01,29675.65,1010638210.58
3595,9.8426,3.5088,3.5088,0.77767465,96590540.56,29669.54,1010665880.12
3596,9.8453,3.5093,3.5093,0.77759071,96593468.36,29663.44,1010693543.55
3597,9.8480,3.5097,3.5097,0.77750677,96596395.42,29657.33,1010721200.88
3598,9.8508,3.5102,3.5102,0.77742283,96599321.73,29651.23,1010748852.12
3599,9.8535,3.5107,3.5107,0.77733890,96602247.30,29645.13,1010776497.25
3600,9.8563,3.5112,3.5112,0.77725498,96605172.12,29639.04,1010804136.28
3601,9.8590,3.5116,3.5116,0.77717106,96608096.19,29632.94,1010831769.23
3602,9.8617,3.5121,3.5121,0.77708714,96611019.52,29626.85,1010859396.07
3603,9.8645,3.5126,3.5126,0.77700323,96613942.11,29620.76,1010887016.83
3604,9.8672,3.5130,3.5130,0.77691932,96616863.96,29614.67,1010914631.49
3605,9.8700,3.5135,3.5135,0.77683541,96619785.06,29608.58,1010942240.07
3606,9.8727,3.5140,3.5140,0.77675151,96622705.42,29602.49,1010969842.56
3607,9.8754,3.5144,3.5144,0.77666762,96625625.04,29596.41,1010997438.97
3608,9.8782,3.5149,3.5149,0.77658373,96628543.91,29590.33,1011025029.30
3609,9.8809,3.5154,3.5154,0.77649984,96631462.04,29584.24,1011052613.54
3610,9.8836,3.5159,3.5159,0.77641596,96634379.44,29578.17,1011080191.71
3611,9.8864,3.5163,3.5163,0.77633208,96637296.09,29572.09,1011107763.80
3612,9.8891,3.5168,3.5168,0.77624821,96640212.00,29566.01,1011135329.81
3613,9.8919,3.5173,3.5173,0.77616434,96643127.17,29559.94,1011162889.75
3614,9.8946,3.5177,3.5177,0.77608047,96646041.60,29553.87,1011190443.62
3615,9.8973,3.5182,3.5182,0.77599661,96648955.30,29547.80,1011217991.42
3616,9.9001,3.5187,3.5187,0.77591276,96651868.25,29541.73,1011245533.15
3617,9.9028,3.5191,3.5191,0.77582891,96654780.47,29535.67,1011273068.82
3618,9.9055,3.5196,3.5196,0.77574506,96657691.95,29529.60,1011300598.42
3619,9.9083,3.5201,3.5201,0.77566122,96660602.69,29523.54,1011328121.95
3620,9.9110,3.5206,3.5206,0.77557738,96663512.69,29517.48,1011355639.43
3621,9.9138,3.5210,3.5210,0.77549354,96666421.96,29511.42,1011383150.85
3622,9.9165,3.5215,3.5215,0.77540972,96669330.49,29505.36,1011410656.21
3623,9.9192,3.5220,3.5220,0.77532589,96672238.29,29499.31,1011438155.52
3624,9.9220,3.5224,3.5224,0.77524207,96675145.35,29493.25,1011465648.77
3625,9.9247,3.5229,3.5229,0.77515825,96678051.67,29487.20,1011493135.98
3626,9.9274,3.5234,3.5234,0.77507444,96680957.26,29481.15,1011520617.13
3627,9.9302,3.5239,3.5239,0.77499064,96683862.12,29475.10,1011548092.23
3628,9.9329,3.5243,3.5243,0.77490683,96686766.24,29469.06,1011575561.29
3629,9.9357,3.5248,3.5248,0.77482304,96689669.63,29463.01,1011603024.30
3630,9.9384,3.5253,3.5253,0.77473924,96692572.28,29456.97,1011630481.28
3631,9.9411,3.5257,3.5257,0.77465545,96695474.21,29450.93,1011657932.21
3632,9.9439,3.5262,3.5262,0.77457167,96698375.40,29444.89,1011685377.10
3633,9.9466,3.5267,3.5267,0.77448789,96701275.86,29438.85,1011712815.95
3634,9.9493,3.5271,3.5271,0.77440411,96704175.58,29432.82,1011740248.77
3635,9.9521,3.5276,3.5276,0.77432034,96707074.58,29426.79,1011767675.56
3636,9.9548,3.5281,3.5281,0.77423657,96709972.84,29420.75,1011795096.31
3637,9.9576,3.5286,3.5286,0.77415281,96712870.38,29414.72,1011822511.04
3638,9.9603,3.5290,3.5290,0.77406905,96715767.18,29408.70,1011849919.73
3639,9.9630,3.5295,3.5295,0.77398530,96718663.26,29402.67,1011877322.40
3640,9.9658,3.5300,3.5300,0.77390155,96721558.60,29396.65,1011904719.05
3641,9.9685,3.5305,3.5305,0.77381780,96724453.22,29390.62,1011932109.67
3642,9.9713,3.5309,3.5309,0.77373406,96727347.11,29384.60,1011959494.28
3643,9.9740,3.5314,3.5314,0.77365033,96730240.27,29378.58,1011986872.86
3644,9.9767,3.5319,3.5319,0.77356660,96733132.70,29372.57,1012014245.42
3645,9.9795,3.5323,3.5323,0.77348287,96736024.40,29366.55,1012041611.98
3646,9.9822,3.5328,3.5328,0.77339915,96738915.38,29360.54,1012068972.51
3647,9.9849,3.5333,3.5333,0.77331543,96741805.63,29354.53,1012096327.04
3648,9.9877,3.5338,3.5338,0.77323171,96744695.16,29348.52,1012123675.55
3649,9.9904,3.5342,3.5342,0.77314800,96747583.96,29342.51,1012151018.06
3650,9.9932,3.5347,3.5347,0.77306430,96750472.03,29336.50,1012178354.56
