day,year,rbp_eib,qap_eib,baseline_eib,cumsum,theta,simple_minted,baseline_minted,total_minted,daily_issuance,reward_per_win,reward_32gib_day,reward_tib_day,storage_pledge,consensus_pledge,total_pledge,circulating,roi_pct
1,0.0027,2.1697,18.4359,114.28,34529967.48,3508420.98,155516089.69,246328715.87,401844805.57,69460.73,4.82366191,0.00011229,0.00359315,0.00224572,0.16671240,0.16895812,832650794.06,24.2737
2,0.0055,2.1694,18.4333,114.35,34536215.32,3508668.24,155571300.17,246342943.94,401914244.12,69438.55,4.82212149,0.00011227,0.00359251,0.00224532,0.16673176,0.16897707,832801565.95,24.2667
3,0.0082,2.1691,18.4307,114.42,34542462.29,3508915.42,155626493.18,246357167.31,401983660.49,69416.38,4.82058162,0.00011225,0.00359186,0.00224491,0.16675112,0.16899603,832952315.66,24.2596
4,0.0110,2.1688,18.4281,114.49,34548708.38,3509162.53,155681668.73,246371385.97,402053054.70,69394.21,4.81904230,0.00011223,0.00359122,0.00224451,0.16677049,0.16901501,833103043.20,24.2525
5,0.0137,2.1685,18.4255,114.56,34554953.59,3509409.56,155736826.82,246385599.94,402122426.75,69372.05,4.81750352,0.00011221,0.00359058,0.00224411,0.16678988,0.16903399,833253748.58,24.2455
6,0.0164,2.1682,18.4229,114.63,34561197.92,3509656.52,155791967.45,246399809.20,402191776.65,69349.90,4.81596530,0.00011219,0.00358994,0.00224371,0.16680928,0.16905299,833404431.82,24.2384
7,0.0192,2.1679,18.4204,114.70,34567441.38,3509903.40,155847090.64,246414013.78,402261104.41,69327.76,4.81442762,0.00011217,0.00358929,0.00224331,0.16682868,0.16907199,833555092.91,24.2314
8,0.0219,2.1676,18.4178,114.77,34573683.95,3510150.21,155902196.38,246428213.66,402330410.03,69305.62,4.81289049,0.00011215,0.00358865,0.00224291,0.16684810,0.16909101,833705731.86,24.2243
9,0.0246,2.1673,18.4152,114.84,34579925.66,3510396.95,155957284.69,246442408.84,402399693.53,69283.50,4.81135391,0.00011213,0.00358801,0.00224251,0.16686753,0.16911004,833856348.69,24.2172
10,0.0274,2.1670,18.4126,114.91,34586166.48,3510643.61,156012355.56,246456599.35,402468954.91,69261.38,4.80981787,0.00011211,0.00358737,0.00224211,0.16688697,0.16912908,834006943.40,24.2102
11,0.0301,2.1666,18.4100,114.98,34592406.43,3510890.19,156067409.01,246470785.16,402538194.17,69239.27,4.80828239,0.00011209,0.00358673,0.00224171,0.16690642,0.16914813,834157516.00,24.2031
12,0.0329,2.1663,18.4074,115.05,34598645.50,3511136.70,156122445.04,246484966.30,402607411.34,69217.16,4.80674744,0.00011207,0.00358609,0.00224130,0.16692589,0.16916719,834308066.50,24.1961
13,0.0356,2.1660,18.4048,115.12,34604883.69,3511383.13,156177463.66,246499142.75,402676606.41,69195.07,4.80521305,0.00011205,0.00358545,0.00224090,0.16694536,0.16918627,834458594.90,24.1890
14,0.0383,2.1657,18.4022,115.19,34611121.01,3511629.49,156232464.86,246513314.52,402745779.39,69172.98,4.80367920,0.00011203,0.00358481,0.00224050,0.16696485,0.16920535,834609101.22,24.1820
15,0.0411,2.1654,18.3997,115.26,34617357.45,3511875.78,156287448.67,246527481.62,402814930.29,69150.90,4.80214590,0.00011201,0.00358417,0.00224010,0.16698434,0.16922445,834759585.45,24.1749
16,0.0438,2.1651,18.3971,115.33,34623593.01,3512121.99,156342415.07,246541644.04,402884059.12,69128.83,4.80061315,0.00011199,0.00358352,0.00223970,0.16700385,0.16924355,834910047.61,24.1679
17,0.0465,2.1648,18.3945,115.40,34629827.70,3512368.13,156397364.08,246555801.80,402953165.88,69106.77,4.79908094,0.00011197,0.00358288,0.00223930,0.16702337,0.16926267,835060487.71,24.1608
18,0.0493,2.1645,18.3919,115.47,34636061.51,3512614.19,156452295.71,246569954.88,403022250.59,69084.71,4.79754927,0.00011195,0.00358224,0.00223890,0.16704290,0.16928180,835210905.75,24.1538
19,0.0520,2.1642,18.3893,115.54,34642294.44,3512860.18,156507209.95,246584103.30,403091313.25,69062.66,4.79601816,0.00011193,0.00358160,0.00223850,0.16706244,0.16930094,835361301.75,24.1467
20,0.0548,2.1639,18.3867,115.61,34648526.50,3513106.09,156562106.82,246598247.05,403160353.87,69040.62,4.79448758,0.00011191,0.00358096,0.00223810,0.16708199,0.16932009,835511675.70,24.1397
21,0.0575,2.1636,18.3842,115.68,34654757.69,3513351.93,156616986.32,246612386.14,403229372.46,69018.59,4.79295755,0.00011189,0.00358033,0.00223770,0.16710155,0.16933926,835662027.63,24.1327
22,0.0602,2.1633,18.3816,115.75,34660987.99,3513597.69,156671848.45,246626520.58,403298369.03,68996.56,4.79142807,0.00011187,0.00357969,0.00223730,0.16712113,0.16935843,835812357.52,24.1256
23,0.0630,2.1630,18.3790,115.82,34667217.43,3513843.38,156726693.22,246640650.35,403367343.57,68974.55,4.78989913,0.00011185,0.00357905,0.00223690,0.16714071,0.16937762,835962665.40,24.1186
24,0.0657,2.1627,18.3764,115.89,34673445.99,3514089.00,156781520.64,246654775.47,403436296.11,68952.54,4.78837074,0.00011183,0.00357841,0.00223650,0.16716031,0.16939681,836112951.28,24.1115
25,0.0684,2.1624,18.3738,115.96,34679673.67,3514334.54,156836330.71,246668895.94,403505226.65,68930.54,4.78684288,0.00011181,0.00357777,0.00223611,0.16717992,0.16941602,836263215.15,24.1045
26,0.0712,2.1621,18.3712,116.04,34685900.47,3514580.00,156891123.44,246683011.76,403574135.19,68908.54,4.78531558,0.00011179,0.00357713,0.00223571,0.16719953,0.16943524,836413457.02,24.0975
27,0.0739,2.1618,18.3687,116.11,34692126.41,3514825.40,156945898.83,246697122.93,403643021.75,68886.56,4.78378881,0.00011177,0.00357649,0.00223531,0.16721916,0.16945447,836563676.92,24.0904
28,0.0767,2.1615,18.3661,116.18,34698351.46,3515070.72,157000656.88,246711229.45,403711886.34,68864.58,4.78226259,0.00011175,0.00357585,0.00223491,0.16723881,0.16947371,836713874.83,24.0834
29,0.0794,2.1612,18.3635,116.25,34704575.65,3515315.96,157055397.61,246725331.33,403780728.95,68842.61,4.78073691,0.00011173,0.00357521,0.00223451,0.16725846,0.16949297,836864050.78,24.0763
30,0.0821,2.1609,18.3609,116.32,34710798.95,3515561.13,157110121.02,246739428.57,403849549.60,68820.65,4.77921178,0.00011171,0.00357458,0.00223411,0.16727812,0.16951223,837014204.76,24.0693
31,0.0849,2.1606,18.3583,116.39,34717021.39,3515806.23,157164827.12,246753521.18,403918348.29,68798.70,4.77768718,0.00011169,0.00357394,0.00223371,0.16729779,0.16953151,837164336.79,24.0623
32,0.0876,2.1603,18.3558,116.46,34723242.95,3516051.25,157219515.90,246767609.14,403987125.04,68776.75,4.77616313,0.00011167,0.00357330,0.00223331,0.16731748,0.16955079,837314446.87,24.0552
33,0.0903,2.1600,18.3532,116.53,34729463.63,3516296.20,157274187.38,246781692.47,404055879.85,68754.81,4.77463962,0.00011165,0.00357266,0.00223291,0.16733718,0.16957009,837464535.01,24.0482
34,0.0931,2.1597,18.3506,116.60,34735683.44,3516541.07,157328841.56,246795771.17,404124612.73,68732.88,4.77311665,0.00011163,0.00357202,0.00223251,0.16735688,0.16958940,837614601.23,24.0412
35,0.0958,2.1594,18.3480,116.68,34741902.38,3516785.87,157383478.44,246809845.24,404193323.69,68710.96,4.77159423,0.00011161,0.00357139,0.00223212,0.16737660,0.16960872,837764645.52,24.0342
36,0.0986,2.1590,18.3454,116.75,34748120.44,3517030.60,157438098.04,246823914.69,404262012.73,68689.04,4.77007234,0.00011159,0.00357075,0.00223172,0.16739633,0.16962805,837914667.89,24.0271
37,0.1013,2.1587,18.3429,116.82,34754337.63,3517275.25,157492700.36,246837979.51,404330679.86,68667.13,4.76855100,0.00011157,0.00357011,0.00223132,0.16741607,0.16964739,838064668.36,24.0201
38,0.1040,2.1584,18.3403,116.89,34760553.95,3517519.83,157547285.39,246852039.71,404399325.10,68645.23,4.76703020,0.00011155,0.00356947,0.00223092,0.16743583,0.16966675,838214646.93,24.0131
39,0.1068,2.1581,18.3377,116.96,34766769.39,3517764.33,157601853.16,246866095.28,404467948.44,68623.34,4.76550993,0.00011153,0.00356884,0.00223052,0.16745559,0.16968611,838364603.60,24.0061
40,0.1095,2.1578,18.3351,117.03,34772983.96,3518008.77,157656403.66,246880146.24,404536549.90,68601.46,4.76399021,0.00011151,0.00356820,0.00223013,0.16747536,0.16970549,838514538.40,23.9990
41,0.1123,2.1575,18.3326,117.10,34779197.65,3518253.12,157710936.89,246894192.59,404605129.48,68579.58,4.76247103,0.00011149,0.00356756,0.00222973,0.16749515,0.16972488,838664451.31,23.9920
42,0.1150,2.1572,18.3300,117.18,34785410.47,3518497.41,157765452.88,246908234.32,404673687.20,68557.71,4.76095239,0.00011147,0.00356693,0.00222933,0.16751495,0.16974428,838814342.36,23.9850
43,0.1177,2.1569,18.3274,117.25,34791622.42,3518741.62,157819951.61,246922271.44,404742223.05,68535.85,4.75943428,0.00011145,0.00356629,0.00222893,0.16753475,0.16976369,838964211.55,23.9780
44,0.1205,2.1566,18.3248,117.32,34797833.50,3518985.75,157874433.10,246936303.96,404810737.05,68514.00,4.75791672,0.00011143,0.00356566,0.00222853,0.16755457,0.16978311,839114058.88,23.9709
45,0.1232,2.1563,18.3223,117.39,34804043.70,3519229.82,157928897.35,246950331.86,404879229.21,68492.16,4.75639970,0.00011141,0.00356502,0.00222814,0.16757440,0.16980254,839263884.37,23.9639
46,0.1259,2.1560,18.3197,117.46,34810253.03,3519473.81,157983344.36,246964355.17,404947699.53,68470.32,4.75488321,0.00011139,0.00356438,0.00222774,0.16759425,0.16982199,839413688.02,23.9569
47,0.1287,2.1557,18.3171,117.53,34816461.49,3519717.72,158037774.15,246978373.87,405016148.02,68448.49,4.75336727,0.00011137,0.00356375,0.00222734,0.16761410,0.16984144,839563469.84,23.9499
48,0.1314,2.1554,18.3145,117.61,34822669.08,3519961.56,158092186.71,246992387.97,405084574.68,68426.67,4.75185186,0.00011135,0.00356311,0.00222695,0.16763396,0.16986091,839713229.84,23.9429
49,0.1342,2.1551,18.3120,117.68,34828875.79,3520205.33,158146582.06,247006397.48,405152979.53,68404.85,4.75033699,0.00011133,0.00356248,0.00222655,0.16765384,0.16988039,839862968.03,23.9359
50,0.1369,2.1548,18.3094,117.75,34835081.63,3520449.03,158200960.19,247020402.39,405221362.58,68383.05,4.74882266,0.00011131,0.00356184,0.00222615,0.16767372,0.16989988,840012684.41,23.9289
51,0.1396,2.1545,18.3068,117.82,34841286.60,3520692.65,158255321.12,247034402.71,405289723.83,68361.25,4.74730886,0.00011129,0.00356121,0.00222575,0.16769362,0.16991938,840162378.99,23.9218
52,0.1424,2.1542,18.3042,117.89,34847490.70,3520936.20,158309664.85,247048398.44,405358063.29,68339.46,4.74579561,0.00011127,0.00356057,0.00222536,0.16771353,0.16993889,840312051.78,23.9148
53,0.1451,2.1539,18.3017,117.97,34853693.92,3521179.67,158363991.38,247062389.58,405426380.96,68317.67,4.74428289,0.00011125,0.00355994,0.00222496,0.16773345,0.16995841,840461702.79,23.9078
54,0.1478,2.1536,18.2991,118.04,34859896.28,3521423.08,158418300.72,247076376.13,405494676.86,68295.90,4.74277070,0.00011123,0.00355930,0.00222456,0.16775338,0.16997795,840611332.02,23.9008
55,0.1506,2.1533,18.2965,118.11,34866097.76,3521666.40,158472592.88,247090358.11,405562950.99,68274.13,4.74125906,0.00011121,0.00355867,0.00222417,0.16777332,0.16999749,840760939.48,23.8938
56,0.1533,2.1530,18.2940,118.18,34872298.37,3521909.66,158526867.86,247104335.50,405631203.36,68252.37,4.73974795,0.00011119,0.00355804,0.00222377,0.16779328,0.17001705,840910525.19,23.8868
57,0.1561,2.1527,18.2914,118.26,34878498.11,3522152.84,158581125.66,247118308.31,405699433.98,68230.62,4.73823738,0.00011117,0.00355740,0.00222338,0.16781324,0.17003662,841060089.14,23.8798
58,0.1588,2.1524,18.2888,118.33,34884696.98,3522395.95,158635366.30,247132276.55,405767642.85,68208.87,4.73672734,0.00011115,0.00355677,0.00222298,0.16783322,0.17005620,841209631.35,23.8728
59,0.1615,2.1521,18.2862,118.40,34890894.97,3522638.99,158689589.77,247146240.22,405835829.99,68187.14,4.73521784,0.00011113,0.00355613,0.00222258,0.16785321,0.17007579,841359151.82,23.8658
60,0.1643,2.1518,18.2837,118.47,34897092.10,3522881.95,158743796.09,247160199.31,405903995.39,68165.41,4.73370887,0.00011111,0.00355550,0.00222219,0.16787320,0.17009539,841508650.56,23.8588
61,0.1670,2.1515,18.2811,118.54,34903288.36,3523124.84,158797985.25,247174153.83,405972139.08,68143.69,4.73220045,0.00011109,0.00355487,0.00222179,0.16789321,0.17011500,841658127.58,23.8518
62,0.1697,2.1512,18.2785,118.62,34909483.74,3523367.66,158852157.27,247188103.79,406040261.05,68121.97,4.73069255,0.00011107,0.00355423,0.00222140,0.16791323,0.17013463,841807582.88,23.8448
63,0.1725,2.1509,18.2760,118.69,34915678.25,3523610.40,158906312.14,247202049.18,406108361.32,68100.27,4.72918519,0.00011105,0.00355360,0.00222100,0.16793327,0.17015427,841957016.48,23.8378
64,0.1752,2.1506,18.2734,118.76,34921871.90,3523853.07,158960449.88,247215990.01,406176439.89,68078.57,4.72767837,0.00011103,0.00355297,0.00222060,0.16795331,0.17017391,842106428.38,23.8308
65,0.1780,2.1503,18.2708,118.84,34928064.67,3524095.67,159014570.49,247229926.27,406244496.77,68056.88,4.72617208,0.00011101,0.00355233,0.00222021,0.16797336,0.17019357,842255818.60,23.8238
66,0.1807,2.1500,18.2683,118.91,34934256.58,3524338.20,159068673.98,247243857.98,406312531.96,68035.20,4.72466632,0.00011099,0.00355170,0.00221981,0.16799343,0.17021324,842405187.12,23.8168
67,0.1834,2.1497,18.2657,118.98,34940447.61,3524580.65,159122760.34,247257785.14,406380545.48,68013.52,4.72316110,0.00011097,0.00355107,0.00221942,0.16801351,0.17023292,842554533.98,23.8098
68,0.1862,2.1494,18.2631,119.05,34946637.77,3524823.03,159176829.59,247271707.74,406448537.33,67991.85,4.72165641,0.00011095,0.00355044,0.00221902,0.16803360,0.17025262,842703859.16,23.8028
69,0.1889,2.1491,18.2606,119.13,34952827.06,3525065.34,159230881.73,247285625.79,406516507.53,67970.19,4.72015226,0.00011093,0.00354980,0.00221863,0.16805369,0.17027232,842853162.69,23.7958
70,0.1916,2.1488,18.2580,119.20,34959015.49,3525307.57,159284916.77,247299539.29,406584456.07,67948.54,4.71864864,0.00011091,0.00354917,0.00221823,0.16807381,0.17029204,843002444.56,23.7888
71,0.1944,2.1485,18.2554,119.27,34965203.04,3525549.73,159338934.72,247313448.25,406652382.96,67926.90,4.71714555,0.00011089,0.00354854,0.00221784,0.16809393,0.17031176,843151704.79,23.7818
72,0.1971,2.1482,18.2529,119.34,34971389.73,3525791.82,159392935.56,247327352.66,406720288.22,67905.26,4.71564299,0.00011087,0.00354791,0.00221744,0.16811406,0.17033150,843300943.38,23.7748
73,0.1999,2.1479,18.2503,119.42,34977575.54,3526033.84,159446919.33,247341252.53,406788171.85,67883.63,4.71414097,0.00011085,0.00354728,0.00221705,0.16813421,0.17035125,843450160.35,23.7679
74,0.2026,2.1476,18.2477,119.49,34983760.49,3526275.78,159500886.01,247355147.85,406856033.86,67862.01,4.71263948,0.00011083,0.00354665,0.00221665,0.16815436,0.17037101,843599355.69,23.7609
75,0.2053,2.1472,18.2452,119.56,34989944.57,3526517.65,159554835.61,247369038.65,406923874.25,67840.39,4.71113852,0.00011081,0.00354601,0.00221626,0.16817453,0.17039079,843748529.42,23.7539
76,0.2081,2.1469,18.2426,119.64,34996127.77,3526759.45,159608768.14,247382924.90,406991693.04,67818.79,4.70963810,0.00011079,0.00354538,0.00221586,0.16819471,0.17041057,843897681.54,23.7469
77,0.2108,2.1466,18.2400,119.71,35002310.11,3527001.18,159662683.61,247396806.62,407059490.23,67797.19,4.70813820,0.00011077,0.00354475,0.00221547,0.16821490,0.17043037,844046812.06,23.7399
78,0.2136,2.1463,18.2375,119.78,35008491.58,3527242.83,159716582.02,247410683.81,407127265.83,67775.60,4.70663884,0.00011075,0.00354412,0.00221508,0.16823510,0.17045017,844195921.00,23.7329
79,0.2163,2.1460,18.2349,119.86,35014672.18,3527484.41,159770463.37,247424556.48,407195019.85,67754.02,4.70514001,0.00011073,0.00354349,0.00221468,0.16825531,0.17046999,844345008.34,23.7259
80,0.2190,2.1457,18.2324,119.93,35020851.92,3527725.92,159824327.67,247438424.61,407262752.29,67732.44,4.70364171,0.00011071,0.00354286,0.00221429,0.16827553,0.17048982,844494074.12,23.7190
81,0.2218,2.1454,18.2298,120.00,35027030.78,3527967.36,159878174.93,247452288.23,407330463.16,67710.87,4.70214394,0.00011069,0.00354223,0.00221389,0.16829577,0.17050966,844643118.32,23.7120
82,0.2245,2.1451,18.2272,120.08,35033208.78,3528208.72,159932005.16,247466147.32,407398152.47,67689.31,4.70064670,0.00011067,0.00354160,0.00221350,0.16831601,0.17052951,844792140.97,23.7050
83,0.2272,2.1448,18.2247,120.15,35039385.91,3528450.01,159985818.34,247480001.89,407465820.23,67667.76,4.69914999,0.00011066,0.00354097,0.00221311,0.16833627,0.17054938,844941142.06,23.6980
84,0.2300,2.1445,18.2221,120.22,35045562.17,3528691.23,160039614.50,247493851.94,407533466.45,67646.21,4.69765381,0.00011064,0.00354034,0.00221271,0.16835654,0.17056925,845090121.61,23.6911
85,0.2327,2.1442,18.2196,120.30,35051737.56,3528932.38,160093393.64,247507697.48,407601091.13,67624.68,4.69615816,0.00011062,0.00353971,0.00221232,0.16837682,0.17058914,845239079.62,23.6841
86,0.2355,2.1439,18.2170,120.37,35057912.08,3529173.45,160147155.76,247521538.51,407668694.27,67603.15,4.69466304,0.00011060,0.00353908,0.00221192,0.16839711,0.17060903,845388016.10,23.6771
87,0.2382,2.1436,18.2144,120.44,35064085.74,3529414.45,160200900.88,247535375.03,407736275.90,67581.63,4.69316845,0.00011058,0.00353845,0.00221153,0.16841741,0.17062894,845536931.06,23.6701
88,0.2409,2.1433,18.2119,120.52,35070258.53,3529655.38,160254628.98,247549207.03,407803836.01,67560.11,4.69167439,0.00011056,0.00353782,0.00221114,0.16843772,0.17064886,845685824.51,23.6632
89,0.2437,2.1430,18.2093,120.59,35076430.45,3529896.24,160308340.08,247563034.53,407871374.62,67538.60,4.69018086,0.00011054,0.00353719,0.00221074,0.16845805,0.17066879,845834696.45,23.6562
90,0.2464,2.1427,18.2068,120.67,35082601.51,3530137.03,160362034.19,247576857.53,407938891.72,67517.11,4.68868786,0.00011052,0.00353656,0.00221035,0.16847839,0.17068874,845983546.88,23.6492
91,0.2491,2.1424,18.2042,120.74,35088771.70,3530377.74,160415711.31,247590676.03,408006387.33,67495.61,4.68719538,0.00011050,0.00353593,0.00220996,0.16849873,0.17070869,846132375.83,23.6422
92,0.2519,2.1421,18.2016,120.81,35094941.02,3530618.39,160469371.44,247604490.02,408073861.46,67474.13,4.68570344,0.00011048,0.00353531,0.00220957,0.16851909,0.17072866,846281183.29,23.6353
93,0.2546,2.1418,18.1991,120.89,35101109.47,3530858.96,160523014.60,247618299.52,408141314.12,67452.65,4.68421202,0.00011046,0.00353468,0.00220917,0.16853946,0.17074863,846429969.28,23.6283
94,0.2574,2.1415,18.1965,120.96,35107277.06,3531099.45,160576640.78,247632104.53,408208745.30,67431.18,4.68272113,0.00011044,0.00353405,0.00220878,0.16855984,0.17076862,846578733.80,23.6213
95,0.2601,2.1412,18.1940,121.03,35113443.78,3531339.88,160630249.99,247645905.04,408276155.02,67409.72,4.68123077,0.00011042,0.00353342,0.00220839,0.16858024,0.17078862,846727476.85,23.6144
96,0.2628,2.1409,18.1914,121.11,35119609.63,3531580.23,160683842.24,247659701.06,408343543.29,67388.27,4.67974093,0.00011040,0.00353279,0.00220799,0.16860064,0.17080863,846876198.46,23.6074
97,0.2656,2.1406,18.1889,121.18,35125774.62,3531820.52,160737417.53,247673492.59,408410910.12,67366.82,4.67825162,0.00011038,0.00353216,0.00220760,0.16862106,0.17082866,847024898.61,23.6005
98,0.2683,2.1403,18.1863,121.26,35131938.74,3532060.73,160790975.87,247687279.64,408478255.50,67345.38,4.67676284,0.00011036,0.00353154,0.00220721,0.16864148,0.17084869,847173577.33,23.5935
99,0.2710,2.1400,18.1837,121.33,35138102.00,3532300.87,160844517.26,247701062.20,408545579.46,67323.95,4.67527459,0.00011034,0.00353091,0.00220682,0.16866192,0.17086874,847322234.62,23.5865
100,0.2738,2.1397,18.1812,121.41,35144264.38,3532540.93,160898041.71,247714840.28,408612881.99,67302.53,4.67378686,0.00011032,0.00353028,0.00220643,0.16868237,0.17088879,847470870.48,23.5796
101,0.2765,2.1394,18.1786,121.48,35150425.91,3532780.93,160951549.22,247728613.88,408680163.10,67281.12,4.67229966,0.00011030,0.00352965,0.00220603,0.16870283,0.17090886,847619484.93,23.5726
102,0.2793,2.1391,18.1761,121.55,35156586.56,3533020.85,161005039.80,247742383.01,408747422.81,67259.71,4.67081298,0.00011028,0.00352903,0.00220564,0.16872330,0.17092894,847768077.97,23.5657
103,0.2820,2.1388,18.1735,121.63,35162746.36,3533260.71,161058513.46,247756147.65,408814661.12,67238.31,4.66932683,0.00011026,0.00352840,0.00220525,0.16874379,0.17094903,847916649.61,23.5587
104,0.2847,2.1385,18.1710,121.70,35168905.28,3533500.49,161111970.20,247769907.83,408881878.03,67216.91,4.66784121,0.00011024,0.00352777,0.00220486,0.16876428,0.17096914,848065199.86,23.5517
105,0.2875,2.1382,18.1684,121.78,35175063.34,3533740.20,161165410.02,247783663.54,408949073.56,67195.53,4.66635611,0.00011022,0.00352715,0.00220447,0.16878479,0.17098925,848213728.72,23.5448
106,0.2902,2.1379,18.1659,121.85,35181220.54,3533979.83,161218832.93,247797414.78,409016247.71,67174.15,4.66487154,0.00011020,0.00352652,0.00220407,0.16880530,0.17100938,848362236.20,23.5378
107,0.2930,2.1376,18.1633,121.93,35187376.87,3534219.40,161272238.94,247811161.55,409083400.49,67152.78,4.66338749,0.00011018,0.00352589,0.00220368,0.16882583,0.17102951,848510722.32,23.5309
108,0.2957,2.1373,18.1608,122.00,35193532.33,3534458.89,161325628.05,247824903.85,409150531.90,67131.42,4.66190396,0.00011016,0.00352527,0.00220329,0.16884637,0.17104966,848659187.07,23.5239
109,0.2984,2.1370,18.1582,122.08,35199686.93,3534698.32,161379000.27,247838641.70,409217641.97,67110.06,4.66042097,0.00011015,0.00352464,0.00220290,0.16886692,0.17106982,848807630.46,23.5170
110,0.3012,2.1367,18.1557,122.15,35205840.67,3534937.67,161432355.59,247852375.09,409284730.68,67088.71,4.65893849,0.00011013,0.00352401,0.00220251,0.16888749,0.17108999,848956052.51,23.5100
111,0.3039,2.1364,18.1531,122.22,35211993.54,3535176.95,161485694.04,247866104.02,409351798.05,67067.37,4.65745654,0.00011011,0.00352339,0.00220212,0.16890806,0.17111018,849104453.22,23.5031
112,0.3066,2.1361,18.1506,122.30,35218145.54,3535416.16,161539015.61,247879828.49,409418844.10,67046.04,4.65597511,0.00011009,0.00352276,0.00220173,0.16892864,0.17113037,849252832.59,23.4961
113,0.3094,2.1358,18.1480,122.37,35224296.68,3535655.29,161592320.30,247893548.51,409485868.81,67024.72,4.65449421,0.00011007,0.00352214,0.00220134,0.16894924,0.17115058,849401190.64,23.4892
114,0.3121,2.1355,18.1455,122.45,35230446.96,3535894.36,161645608.13,247907264.08,409552872.21,67003.40,4.65301383,0.00011005,0.00352151,0.00220094,0.16896985,0.17117079,849549527.37,23.4823
115,0.3149,2.1352,18.1429,122.52,35236596.37,3536133.36,161698879.10,247920975.20,409619854.30,66982.09,4.65153397,0.00011003,0.00352089,0.00220055,0.16899047,0.17119102,849697842.80,23.4753
116,0.3176,2.1349,18.1404,122.60,35242744.92,3536372.28,161752133.21,247934681.88,409686815.09,66960.79,4.65005463,0.00011001,0.00352026,0.00220016,0.16901110,0.17121126,849846136.92,23.4684
117,0.3203,2.1346,18.1378,122.67,35248892.61,3536611.13,161805370.47,247948384.11,409753754.58,66939.49,4.64857582,0.00010999,0.00351964,0.00219977,0.16903174,0.17123151,849994409.74,23.4614
118,0.3231,2.1343,18.1353,122.75,35255039.43,3536849.91,161858590.89,247962081.90,409820672.78,66918.20,4.64709753,0.00010997,0.00351901,0.00219938,0.16905239,0.17125178,850142661.28,23.4545
119,0.3258,2.1340,18.1327,122.82,35261185.38,3537088.62,161911794.46,247975775.25,409887569.71,66896.92,4.64561976,0.00010995,0.00351839,0.00219899,0.16907306,0.17127205,850290891.54,23.4475
120,0.3285,2.1337,18.1302,122.90,35267330.48,3537327.26,161964981.20,247989464.16,409954445.36,66875.65,4.64414252,0.00010993,0.00351776,0.00219860,0.16909374,0.17129234,850439100.52,23.4406
121,0.3313,2.1334,18.1276,122.97,35273474.71,3537565.83,162018151.11,248003148.64,410021299.75,66854.39,4.64266579,0.00010991,0.00351714,0.00219821,0.16911442,0.17131263,850587288.24,23.4337
122,0.3340,2.1331,18.1251,123.05,35279618.07,3537804.33,162071304.20,248016828.68,410088132.88,66833.13,4.64118959,0.00010989,0.00351651,0.00219782,0.16913512,0.17133294,850735454.71,23.4267
123,0.3368,2.1328,18.1225,123.12,35285760.58,3538042.75,162124440.47,248030504.29,410154944.76,66811.88,4.63971391,0.00010987,0.00351589,0.00219743,0.16915583,0.17135326,850883599.92,23.4198
124,0.3395,2.1325,18.1200,123.20,35291902.22,3538281.11,162177559.92,248044175.48,410221735.40,66790.64,4.63823875,0.00010985,0.00351527,0.00219704,0.16917655,0.17137360,851031723.89,23.4129
125,0.3422,2.1322,18.1174,123.28,35298042.99,3538519.39,162230662.57,248057842.23,410288504.80,66769.40,4.63676411,0.00010983,0.00351464,0.00219665,0.16919729,0.17139394,851179826.63,23.4059
126,0.3450,2.1319,18.1149,123.35,35304182.91,3538757.61,162283748.41,248071504.56,410355252.98,66748.18,4.63528999,0.00010981,0.00351402,0.00219626,0.16921803,0.17141429,851327908.14,23.3990
127,0.3477,2.1316,18.1123,123.43,35310321.96,3538995.75,162336817.46,248085162.47,410421979.93,66726.96,4.63381640,0.00010979,0.00351340,0.00219587,0.16923879,0.17143466,851475968.43,23.3921
128,0.3504,2.1313,18.1098,123.50,35316460.15,3539233.82,162389869.71,248098815.96,410488685.68,66705.74,4.63234332,0.00010977,0.00351277,0.00219548,0.16925956,0.17145504,851624007.50,23.3851
129,0.3532,2.1310,18.1072,123.58,35322597.47,3539471.82,162442905.18,248112465.04,410555370.21,66684.54,4.63087076,0.00010975,0.00351215,0.00219509,0.16928033,0.17147543,851772025.38,23.3782
130,0.3559,2.1307,18.1047,123.65,35328733.94,3539709.75,162495923.86,248126109.69,410622033.56,66663.34,4.62939872,0.00010974,0.00351153,0.00219470,0.16930112,0.17149583,851920022.05,23.3713
131,0.3587,2.1304,18.1022,123.73,35334869.54,3539947.61,162548925.77,248139749.94,410688675.71,66642.15,4.62792720,0.00010972,0.00351090,0.00219431,0.16932193,0.17151624,852067997.54,23.3644
132,0.3614,2.1301,18.0996,123.80,35341004.28,3540185.40,162601910.91,248153385.77,410755296.68,66620.97,4.62645620,0.00010970,0.00351028,0.00219393,0.16934274,0.17153666,852215951.84,23.3574
133,0.3641,2.1298,18.0971,123.88,35347138.15,3540423.12,162654879.28,248167017.19,410821896.47,66599.79,4.62498572,0.00010968,0.00350966,0.00219354,0.16936356,0.17155710,852363884.97,23.3505
134,0.3669,2.1295,18.0945,123.96,35353271.17,3540660.76,162707830.89,248180644.20,410888475.10,66578.63,4.62351576,0.00010966,0.00350904,0.00219315,0.16938440,0.17157755,852511796.93,23.3436
135,0.3696,2.1292,18.0920,124.03,35359403.32,3540898.34,162760765.75,248194266.81,410955032.57,66557.47,4.62204632,0.00010964,0.00350841,0.00219276,0.16940525,0.17159800,852659687.73,23.3367
136,0.3723,2.1289,18.0894,124.11,35365534.61,3541135.84,162813683.86,248207885.02,411021568.88,66536.31,4.62057739,0.00010962,0.00350779,0.00219237,0.16942610,0.17161847,852807557.38,23.3297
137,0.3751,2.1286,18.0869,124.18,35371665.04,3541373.28,162866585.22,248221498.83,411088084.05,66515.17,4.61910899,0.00010960,0.00350717,0.00219198,0.16944697,0.17163895,852955405.88,23.3228
138,0.3778,2.1283,18.0844,124.26,35377794.61,3541610.65,162919469.85,248235108.23,411154578.08,66494.03,4.61764110,0.00010958,0.00350655,0.00219159,0.16946785,0.17165945,853103233.24,23.3159
139,0.3806,2.1280,18.0818,124.33,35383923.32,3541847.94,162972337.74,248248713.25,411221050.98,66472.90,4.61617373,0.00010956,0.00350593,0.00219120,0.16948875,0.17167995,853251039.48,23.3090
140,0.3833,2.1277,18.0793,124.41,35390051.17,3542085.16,163025188.90,248262313.86,411287502.76,66451.78,4.61470688,0.00010954,0.00350530,0.00219082,0.16950965,0.17170047,853398824.59,23.3021
141,0.3860,2.1274,18.0767,124.49,35396178.15,3542322.32,163078023.34,248275910.09,411353933.43,66430.66,4.61324054,0.00010952,0.00350468,0.00219043,0.16953057,0.17172099,853546588.59,23.2952
142,0.3888,2.1271,18.0742,124.56,35402304.28,3542559.40,163130841.06,248289501.93,411420342.98,66409.56,4.61177472,0.00010950,0.00350406,0.00219004,0.16955149,0.17174153,853694331.48,23.2882
143,0.3915,2.1268,18.0717,124.64,35408429.54,3542796.41,163183642.06,248303089.37,411486731.44,66388.46,4.61030942,0.00010948,0.00350344,0.00218965,0.16957243,0.17176208,853842053.27,23.2813
144,0.3943,2.1265,18.0691,124.72,35414553.94,3543033.35,163236426.36,248316672.44,411553098.80,66367.36,4.60884464,0.00010946,0.00350282,0.00218926,0.16959338,0.17178264,853989753.96,23.2744
145,0.3970,2.1262,18.0666,124.79,35420677.48,3543270.23,163289193.96,248330251.11,411619445.08,66346.28,4.60738037,0.00010944,0.00350220,0.00218887,0.16961434,0.17180322,854137433.57,23.2675
146,0.3997,2.1259,18.0640,124.87,35426800.16,3543507.03,163341944.86,248343825.41,411685770.28,66325.20,4.60591661,0.00010942,0.00350158,0.00218849,0.16963532,0.17182380,854285092.11,23.2606
147,0.4025,2.1256,18.0615,124.94,35432921.99,3543743.76,163394679.07,248357395.33,411752074.41,66304.13,4.60445338,0.00010940,0.00350096,0.00218810,0.16965630,0.17184440,854432729.57,23.2537
148,0.4052,2.1253,18.0590,125.02,35439042.95,3543980.42,163447396.60,248370960.87,411818357.47,66283.07,4.60299066,0.00010939,0.00350034,0.00218771,0.16967730,0.17186501,854580345.97,23.2468
149,0.4079,2.1250,18.0564,125.10,35445163.05,3544217.01,163500097.44,248384522.04,411884619.48,66262.01,4.60152845,0.00010937,0.00349972,0.00218732,0.16969830,0.17188563,854727941.31,23.2399
150,0.4107,2.1247,18.0539,125.17,35451282.29,3544453.53,163552781.61,248398078.83,411950860.44,66240.96,4.60006676,0.00010935,0.00349910,0.00218694,0.16971932,0.17190626,854875515.60,23.2330
151,0.4134,2.1244,18.0513,125.25,35457400.67,3544689.98,163605449.10,248411631.26,412017080.36,66219.92,4.59860559,0.00010933,0.00349848,0.00218655,0.16974035,0.17192690,855023068.86,23.2261
152,0.4162,2.1241,18.0488,125.33,35463518.19,3544926.37,163658099.93,248425179.31,412083279.25,66198.89,4.59714493,0.00010931,0.00349786,0.00218616,0.16976139,0.17194755,855170601.08,23.2192
153,0.4189,2.1238,18.0463,125.40,35469634.85,3545162.68,163710734.11,248438723.00,412149457.11,66177.86,4.59568478,0.00010929,0.00349724,0.00218577,0.16978244,0.17196822,855318112.27,23.2123
154,0.4216,2.1235,18.0437,125.48,35475750.65,3545398.92,163763351.62,248452262.33,412215613.95,66156.84,4.59422515,0.00010927,0.00349662,0.00218539,0.16980351,0.17198890,855465602.45,23.2054
155,0.4244,2.1232,18.0412,125.56,35481865.60,3545635.09,163815952.49,248465797.29,412281749.78,66135.83,4.59276604,0.00010925,0.00349600,0.00218500,0.16982458,0.17200958,855613071.61,23.1985
156,0.4271,2.1229,18.0387,125.63,35487979.68,3545871.19,163868536.71,248479327.90,412347864.61,66114.83,4.59130743,0.00010923,0.00349538,0.00218461,0.16984567,0.17203028,855760519.77,23.1916
157,0.4298,2.1226,18.0361,125.71,35494092.90,3546107.22,163921104.30,248492854.14,412413958.44,66093.83,4.58984934,0.00010921,0.00349476,0.00218423,0.16986677,0.17205100,855907946.94,23.1847
158,0.4326,2.1223,18.0336,125.79,35500205.27,3546343.18,163973655.25,248506376.03,412480031.28,66072.84,4.58839177,0.00010919,0.00349414,0.00218384,0.16988788,0.17207172,856055353.11,23.1778
159,0.4353,2.1221,18.0311,125.86,35506316.77,3546579.07,164026189.57,248519893.57,412546083.14,66051.86,4.58693471,0.00010917,0.00349352,0.00218345,0.16990900,0.17209245,856202738.30,23.1709
160,0.4381,2.1218,18.0285,125.94,35512427.42,3546814.89,164078707.27,248533406.75,412612114.03,66030.89,4.58547816,0.00010915,0.00349291,0.00218307,0.16993013,0.17211320,856350102.52,23.1640
161,0.4408,2.1215,18.0260,126.02,35518537.21,3547050.65,164131208.36,248546915.59,412678123.95,66009.92,4.58402212,0.00010913,0.00349229,0.00218268,0.16995128,0.17213396,856497445.78,23.1571
162,0.4435,2.1212,18.0235,126.10,35524646.14,3547286.33,164183692.83,248560420.08,412744112.90,65988.96,4.58256660,0.00010911,0.00349167,0.00218229,0.16997243,0.17215473,856644768.07,23.1502
163,0.4463,2.1209,18.0209,126.17,35530754.21,3547521.94,164236160.69,248573920.22,412810080.91,65968.01,4.58111159,0.00010910,0.00349105,0.00218191,0.16999360,0.17217551,856792069.41,23.1433
164,0.4490,2.1206,18.0184,126.25,35536861.43,3547757.48,164288611.95,248587416.03,412876027.97,65947.06,4.57965709,0.00010908,0.00349043,0.00218152,0.17001478,0.17219630,856939349.80,23.1364
165,0.4517,2.1203,18.0159,126.33,35542967.78,3547992.95,164341046.61,248600907.49,412941954.10,65926.12,4.57820310,0.00010906,0.00348982,0.00218113,0.17003597,0.17221710,857086609.26,23.1295
166,0.4545,2.1200,18.0133,126.40,35549073.28,3548228.36,164393464.68,248614394.61,413007859.29,65905.19,4.57674963,0.00010904,0.00348920,0.00218075,0.17005717,0.17223792,857233847.79,23.1226
167,0.4572,2.1197,18.0108,126.48,35555177.92,3548463.69,164445866.17,248627877.39,413073743.57,65884.27,4.57529667,0.00010902,0.00348858,0.00218036,0.17007839,0.17225875,857381065.39,23.1157
168,0.4600,2.1194,18.0083,126.56,35561281.70,3548698.96,164498251.08,248641355.85,413139606.92,65863.36,4.57384422,0.00010900,0.00348796,0.00217998,0.17009961,0.17227959,857528262.08,23.1088
169,0.4627,2.1191,18.0057,126.64,35567384.62,3548934.15,164550619.41,248654829.97,413205449.37,65842.45,4.57239228,0.00010898,0.00348735,0.00217959,0.17012085,0.17230044,857675437.87,23.1020
170,0.4654,2.1188,18.0032,126.71,35573486.69,3549169.27,164602971.16,248668299.75,413271270.92,65821.55,4.57094085,0.00010896,0.00348673,0.00217921,0.17014209,0.17232130,857822592.75,23.0951
171,0.4682,2.1185,18.0007,126.79,35579587.90,3549404.33,164655306.36,248681765.22,413337071.57,65800.65,4.56948993,0.00010894,0.00348611,0.00217882,0.17016335,0.17234217,857969726.74,23.0882
172,0.4709,2.1182,17.9982,126.87,35585688.25,3549639.32,164707624.99,248695226.35,413402851.34,65779.77,4.56803952,0.00010892,0.00348549,0.00217843,0.17018462,0.17236306,858116839.84,23.0813
173,0.4736,2.1179,17.9956,126.95,35591787.74,3549874.23,164759927.07,248708683.16,413468610.23,65758.89,4.56658962,0.00010890,0.00348488,0.00217805,0.17020591,0.17238395,858263932.06,23.0744
174,0.4764,2.1176,17.9931,127.02,35597886.38,3550109.08,164812212.60,248722135.65,413534348.25,65738.02,4.56514023,0.00010888,0.00348426,0.00217766,0.17022720,0.17240486,858411003.42,23.0676
175,0.4791,2.1173,17.9906,127.10,35603984.16,3550343.86,164864481.59,248735583.82,413600065.41,65717.16,4.56369136,0.00010886,0.00348365,0.00217728,0.17024850,0.17242578,858558053.90,23.0607
176,0.4819,2.1170,17.9880,127.18,35610081.08,3550578.57,164916734.03,248749027.67,413665761.71,65696.30,4.56224299,0.00010884,0.00348303,0.00217689,0.17026982,0.17244671,858705083.54,23.0538
177,0.4846,2.1167,17.9855,127.26,35616177.15,3550813.21,164968969.95,248762467.21,413731437.16,65675.45,4.56079513,0.00010883,0.00348241,0.00217651,0.17029115,0.17246766,858852092.32,23.0469
178,0.4873,2.1164,17.9830,127.33,35622272.36,3551047.78,165021189.33,248775902.44,413797091.77,65654.61,4.55934778,0.00010881,0.00348180,0.00217612,0.17031249,0.17248861,858999080.26,23.0400
179,0.4901,2.1161,17.9805,127.41,35628366.71,3551282.28,165073392.19,248789333.35,413862725.54,65633.77,4.55790094,0.00010879,0.00348118,0.00217574,0.17033384,0.17250958,859146047.37,23.0332
180,0.4928,2.1158,17.9779,127.49,35634460.21,3551516.71,165125578.53,248802759.95,413928338.49,65612.95,4.55645461,0.00010877,0.00348057,0.00217535,0.17035520,0.17253056,859292993.65,23.0263
181,0.4956,2.1155,17.9754,127.57,35640552.85,3551751.07,165177748.36,248816182.25,413993930.61,65592.13,4.55500878,0.00010875,0.00347995,0.00217497,0.17037658,0.17255154,859439919.11,23.0194
182,0.4983,2.1152,17.9729,127.65,35646644.64,3551985.36,165229901.68,248829600.24,414059501.93,65571.31,4.55356347,0.00010873,0.00347934,0.00217458,0.17039796,0.17257255,859586823.76,23.0126
183,0.5010,2.1149,17.9704,127.72,35652735.56,3552219.59,165282038.50,248843013.93,414125052.43,65550.51,4.55211866,0.00010871,0.00347872,0.00217420,0.17041936,0.17259356,859733707.60,23.0057
184,0.5038,2.1146,17.9678,127.80,35658825.64,3552453.74,165334158.83,248856423.32,414190582.15,65529.71,4.55067436,0.00010869,0.00347811,0.00217382,0.17044077,0.17261458,859880570.64,22.9988
185,0.5065,2.1143,17.9653,127.88,35664914.85,3552687.83,165386262.66,248869828.41,414256091.07,65508.92,4.54923057,0.00010867,0.00347749,0.00217343,0.17046219,0.17263562,860027412.89,22.9919
186,0.5092,2.1140,17.9628,127.96,35671003.22,3552921.85,165438350.00,248883229.20,414321579.20,65488.14,4.54778729,0.00010865,0.00347688,0.00217305,0.17048362,0.17265667,860174234.37,22.9851
187,0.5120,2.1137,17.9603,128.04,35677090.72,3553155.79,165490420.86,248896625.70,414387046.56,65467.36,4.54634451,0.00010863,0.00347626,0.00217266,0.17050506,0.17267772,860321035.06,22.9782
188,0.5147,2.1134,17.9577,128.12,35683177.37,3553389.67,165542475.25,248910017.91,414452493.16,65446.59,4.54490224,0.00010861,0.00347565,0.00217228,0.17052652,0.17269880,860467814.99,22.9714
189,0.5175,2.1131,17.9552,128.19,35689263.17,3553623.48,165594513.16,248923405.83,414517918.99,65425.83,4.54346048,0.00010859,0.00347503,0.00217190,0.17054798,0.17271988,860614574.15,22.9645
190,0.5202,2.1128,17.9527,128.27,35695348.11,3553857.23,165646534.61,248936789.45,414583324.06,65405.08,4.54201923,0.00010858,0.00347442,0.00217151,0.17056946,0.17274097,860761312.56,22.9576
191,0.5229,2.1125,17.9502,128.35,35701432.19,3554090.90,165698539.60,248950168.80,414648708.39,65384.33,4.54057848,0.00010856,0.00347380,0.00217113,0.17059095,0.17276208,860908030.22,22.9508
192,0.5257,2.1122,17.9476,128.43,35707515.42,3554324.50,165750528.13,248963543.85,414714071.98,65363.59,4.53913823,0.00010854,0.00347319,0.00217074,0.17061245,0.17278319,861054727.15,22.9439
193,0.5284,2.1119,17.9451,128.51,35713597.80,3554558.04,165802500.21,248976914.63,414779414.84,65342.86,4.53769850,0.00010852,0.00347258,0.00217036,0.17063396,0.17280432,861201403.34,22.9370
194,0.5311,2.1116,17.9426,128.59,35719679.32,3554791.50,165854455.85,248990281.13,414844736.98,65322.13,4.53625926,0.00010850,0.00347196,0.00216998,0.17065549,0.17282546,861348058.81,22.9302
195,0.5339,2.1113,17.9401,128.67,35725759.98,3555024.90,165906395.05,249003643.35,414910038.39,65301.42,4.53482054,0.00010848,0.00347135,0.00216959,0.17067702,0.17284662,861494693.55,22.9233
196,0.5366,2.1110,17.9376,128.74,35731839.79,3555258.23,165958317.81,249017001.29,414975319.10,65280.71,4.53338232,0.00010846,0.00347074,0.00216921,0.17069857,0.17286778,861641307.59,22.9165
197,0.5394,2.1107,17.9350,128.82,35737918.75,3555491.49,166010224.14,249030354.96,415040579.10,65260.00,4.53194460,0.00010844,0.00347012,0.00216883,0.17072013,0.17288895,861787900.93,22.9096
198,0.5421,2.1105,17.9325,128.90,35743996.85,3555724.68,166062114.05,249043704.36,415105818.41,65239.31,4.53050739,0.00010842,0.00346951,0.00216844,0.17074170,0.17291014,861934473.57,22.9028
199,0.5448,2.1102,17.9300,128.98,35750074.10,3555957.80,166113987.54,249057049.48,415171037.02,65218.62,4.52907069,0.00010840,0.00346890,0.00216806,0.17076328,0.17293134,862081025.52,22.8959
200,0.5476,2.1099,17.9275,129.06,35756150.50,3556190.86,166165844.61,249070390.35,415236234.96,65197.94,4.52763449,0.00010838,0.00346829,0.00216768,0.17078487,0.17295255,862227556.79,22.8891
201,0.5503,2.1096,17.9250,129.14,35762226.04,3556423.84,166217685.28,249083726.94,415301412.22,65177.26,4.52619879,0.00010836,0.00346767,0.00216730,0.17080648,0.17297377,862374067.39,22.8822
202,0.5530,2.1093,17.9224,129.22,35768300.73,3556656.76,166269509.55,249097059.27,415366568.82,65156.60,4.52476360,0.00010835,0.00346706,0.00216691,0.17082809,0.17299501,862520557.31,22.8754
203,0.5558,2.1090,17.9199,129.30,35774374.56,3556889.61,166321317.41,249110387.34,415431704.75,65135.94,4.52332891,0.00010833,0.00346645,0.00216653,0.17084972,0.17301625,862667026.58,22.8685
204,0.5585,2.1087,17.9174,129.37,35780447.54,3557122.39,166373108.88,249123711.16,415496820.04,65115.28,4.52189472,0.00010831,0.00346584,0.00216615,0.17087136,0.17303751,862813475.20,22.8617
205,0.5613,2.1084,17.9149,129.45,35786519.67,3557355.10,166424883.97,249137030.71,415561914.68,65094.64,4.52046104,0.00010829,0.00346522,0.00216577,0.17089301,0.17305878,862959903.17,22.8548
206,0.5640,2.1081,17.9124,129.53,35792590.94,3557587.74,166476642.67,249150346.01,415626988.68,65074.00,4.51902786,0.00010827,0.00346461,0.00216538,0.17091467,0.17308006,863106310.51,22.8480
207,0.5667,2.1078,17.9098,129.61,35798661.36,3557820.32,166528384.99,249163657.06,415692042.05,65053.37,4.51759519,0.00010825,0.00346400,0.00216500,0.17093635,0.17310135,863252697.21,22.8411
208,0.5695,2.1075,17.9073,129.69,35804730.93,3558052.82,166580110.94,249176963.85,415757074.80,65032.75,4.51616301,0.00010823,0.00346339,0.00216462,0.17095803,0.17312265,863399063.29,22.8343
209,0.5722,2.1072,17.9048,129.77,35810799.64,3558285.26,166631820.53,249190266.40,415822086.93,65012.13,4.51473134,0.00010821,0.00346278,0.00216424,0.17097973,0.17314397,863545408.76,22.8275
210,0.5749,2.1069,17.9023,129.85,35816867.50,3558517.63,166683513.75,249203564.70,415887078.45,64991.52,4.51330017,0.00010819,0.00346217,0.00216385,0.17100144,0.17316529,863691733.61,22.8206
211,0.5777,2.1066,17.8998,129.93,35822934.51,3558749.94,166735190.61,249216858.76,415952049.37,64970.92,4.51186951,0.00010817,0.00346156,0.00216347,0.17102316,0.17318663,863838037.87,22.8138
212,0.5804,2.1063,17.8973,130.01,35829000.67,3558982.17,166786851.13,249230148.57,416016999.70,64950.33,4.51043934,0.00010815,0.00346094,0.00216309,0.17104489,0.17320798,863984321.53,22.8069
213,0.5832,2.1060,17.8948,130.09,35835065.97,3559214.33,166838495.29,249243434.14,416081929.44,64929.74,4.50900968,0.00010814,0.00346033,0.00216271,0.17106663,0.17322934,864130584.60,22.8001
214,0.5859,2.1057,17.8922,130.17,35841130.42,3559446.43,166890123.12,249256715.48,416146838.60,64909.16,4.50758052,0.00010812,0.00345972,0.00216233,0.17108839,0.17325072,864276827.09,22.7933
215,0.5886,2.1054,17.8897,130.25,35847194.02,3559678.46,166941734.61,249269992.57,416211727.18,64888.59,4.50615186,0.00010810,0.00345911,0.00216195,0.17111015,0.17327210,864423049.01,22.7864
216,0.5914,2.1051,17.8872,130.33,35853256.77,3559910.42,166993329.77,249283265.44,416276595.21,64868.02,4.50472370,0.00010808,0.00345850,0.00216156,0.17113193,0.17329350,864569250.37,22.7796
217,0.5941,2.1048,17.8847,130.41,35859318.67,3560142.31,167044908.60,249296534.07,416341442.67,64847.46,4.50329605,0.00010806,0.00345789,0.00216118,0.17115372,0.17331491,864715431.16,22.7728
218,0.5969,2.1045,17.8822,130.49,35865379.71,3560374.14,167096471.11,249309798.47,416406269.58,64826.91,4.50186889,0.00010804,0.00345728,0.00216080,0.17117552,0.17333633,864861591.41,22.7659
219,0.5996,2.1042,17.8797,130.57,35871439.90,3560605.90,167148017.31,249323058.64,416471075.95,64806.37,4.50044223,0.00010802,0.00345667,0.00216042,0.17119734,0.17335776,865007731.11,22.7591
220,0.6023,2.1039,17.8772,130.65,35877499.24,3560837.59,167199547.20,249336314.58,416535861.78,64785.83,4.49901608,0.00010800,0.00345606,0.00216004,0.17121916,0.17337920,865153850.28,22.7523
221,0.6051,2.1036,17.8746,130.73,35883557.73,3561069.21,167251060.78,249349566.31,416600627.08,64765.30,4.49759042,0.00010798,0.00345545,0.00215966,0.17124100,0.17340066,865299948.91,22.7455
222,0.6078,2.1033,17.8721,130.81,35889615.37,3561300.76,167302558.06,249362813.80,416665371.86,64744.78,4.49616527,0.00010796,0.00345484,0.00215928,0.17126284,0.17342212,865446027.03,22.7386
223,0.6105,2.1031,17.8696,130.89,35895672.15,3561532.25,167354039.04,249376057.08,416730096.13,64724.26,4.49474061,0.00010794,0.00345423,0.00215890,0.17128470,0.17344360,865592084.62,22.7318
224,0.6133,2.1028,17.8671,130.97,35901728.09,3561763.66,167405503.74,249389296.14,416794799.88,64703.76,4.49331645,0.00010793,0.00345363,0.00215852,0.17130657,0.17346509,865738121.71,22.7250
225,0.6160,2.1025,17.8646,131.05,35907783.17,3561995.01,167456952.15,249402530.99,416859483.14,64683.26,4.49189280,0.00010791,0.00345302,0.00215814,0.17132846,0.17348659,865884138.30,22.7182
226,0.6188,2.1022,17.8621,131.13,35913837.41,3562226.29,167508384.29,249415761.62,416924145.90,64662.76,4.49046964,0.00010789,0.00345241,0.00215775,0.17135035,0.17350811,866030134.40,22.7113
227,0.6215,2.1019,17.8596,131.21,35919890.79,3562457.51,167559800.14,249428988.04,416988788.18,64642.28,4.48904698,0.00010787,0.00345180,0.00215737,0.17137226,0.17352963,866176110.01,22.7045
228,0.6242,2.1016,17.8571,131.29,35925943.32,3562688.66,167611199.73,249442210.24,417053409.98,64621.80,4.48762482,0.00010785,0.00345119,0.00215699,0.17139417,0.17355117,866322065.14,22.6977
229,0.6270,2.1013,17.8546,131.37,35931995.00,3562919.73,167662583.06,249455428.24,417118011.30,64601.33,4.48620315,0.00010783,0.00345058,0.00215661,0.17141610,0.17357272,866467999.80,22.6909
230,0.6297,2.1010,17.8521,131.45,35938045.84,3563150.74,167713950.12,249468642.04,417182592.16,64580.86,4.48478199,0.00010781,0.00344997,0.00215623,0.17143804,0.17359428,866613913.99,22.6840
231,0.6324,2.1007,17.8495,131.53,35944095.82,3563381.69,167765300.94,249481851.63,417247152.57,64560.40,4.48336132,0.00010779,0.00344937,0.00215585,0.17145999,0.17361585,866759807.73,22.6772
232,0.6352,2.1004,17.8470,131.61,35950144.95,3563612.56,167816635.50,249495057.02,417311692.52,64539.95,4.48194115,0.00010777,0.00344876,0.00215547,0.17148196,0.17363743,866905681.01,22.6704
233,0.6379,2.1001,17.8445,131.69,35956193.23,3563843.37,167867953.82,249508258.20,417376212.03,64519.51,4.48052148,0.00010775,0.00344815,0.00215509,0.17150393,0.17365903,867051533.86,22.6636
234,0.6407,2.0998,17.8420,131.77,35962240.66,3564074.11,167919255.91,249521455.20,417440711.10,64499.07,4.47910231,0.00010774,0.00344754,0.00215471,0.17152592,0.17368063,867197366.26,22.6568
235,0.6434,2.0995,17.8395,131.85,35968287.24,3564304.79,167970541.76,249534647.99,417505189.75,64478.64,4.47768363,0.00010772,0.00344693,0.00215433,0.17154792,0.17370225,867343178.24,22.6500
236,0.6461,2.0992,17.8370,131.93,35974332.97,3564535.39,168021811.38,249547836.59,417569647.97,64458.22,4.47626545,0.00010770,0.00344633,0.00215395,0.17156993,0.17372388,867488969.80,22.6432
237,0.6489,2.0989,17.8345,132.01,35980377.85,3564765.93,168073064.78,249561021.00,417634085.78,64437.81,4.47484776,0.00010768,0.00344572,0.00215357,0.17159195,0.17374553,867634740.94,22.6364
238,0.6516,2.0986,17.8320,132.09,35986421.89,3564996.40,168124301.96,249574201.22,417698503.18,64417.40,4.47343058,0.00010766,0.00344511,0.00215320,0.17161398,0.17376718,867780491.67,22.6295
239,0.6543,2.0983,17.8295,132.17,35992465.07,3565226.80,168175522.93,249587377.25,417762900.18,64397.00,4.47201389,0.00010764,0.00344451,0.00215282,0.17163603,0.17378884,867926222.01,22.6227
240,0.6571,2.0980,17.8270,132.25,35998507.40,3565457.14,168226727.69,249600549.09,417827276.78,64376.61,4.47059769,0.00010762,0.00344390,0.00215244,0.17165809,0.17381052,868071931.95,22.6159
241,0.6598,2.0977,17.8245,132.33,36004548.89,3565687.41,168277916.25,249613716.76,417891633.00,64356.22,4.46918199,0.00010760,0.00344329,0.00215206,0.17168015,0.17383221,868134288.17,22.6091
242,0.6626,2.0974,17.8220,132.42,36010589.52,3565917.61,168329088.61,249626880.24,417955968.84,64335.84,4.46776679,0.00010758,0.00344268,0.00215168,0.17168575,0.17383743,868196624.01,22.6045
243,0.6653,2.0971,17.8195,132.50,36016629.31,3566147.74,168380244.78,249640039.54,418020284.31,64315.47,4.46635208,0.00010756,0.00344208,0.00215130,0.17169137,0.17384266,868258939.48,22.5998
244,0.6680,2.0969,17.8170,132.58,36022668.25,3566377.81,168431384.76,249653194.66,418084579.42,64295.11,4.46493787,0.00010755,0.00344147,0.00215092,0.17169699,0.17384791,868321234.58,22.5951
245,0.6708,2.0966,17.8145,132.66,36028706.34,3566607.81,168482508.56,249666345.61,418148854.17,64274.75,4.46352415,0.00010753,0.00344087,0.00215054,0.17170263,0.17385317,868383509.33,22.5905
246,0.6735,2.0963,17.8120,132.74,36034743.58,3566837.74,168533616.19,249679492.38,418213108.57,64254.40,4.46211093,0.00010751,0.00344026,0.00215016,0.17170828,0.17385844,868445763.73,22.5858
247,0.6762,2.0960,17.8095,132.82,36040779.97,3567067.61,168584707.64,249692634.98,418277342.62,64234.05,4.46069820,0.00010749,0.00343965,0.00214978,0.17171394,0.17386373,868507997.78,22.5811
248,0.6790,2.0957,17.8070,132.90,36046815.52,3567297.41,168635782.93,249705773.41,418341556.34,64213.72,4.45928596,0.00010747,0.00343905,0.00214941,0.17171962,0.17386903,868570211.50,22.5765
249,0.6817,2.0954,17.8045,132.98,36052850.22,3567527.14,168686842.05,249718907.68,418405749.73,64193.39,4.45787422,0.00010745,0.00343844,0.00214903,0.17172531,0.17387434,868632404.89,22.5718
250,0.6845,2.0951,17.8019,133.06,36058884.06,3567756.80,168737885.02,249732037.77,418469922.79,64173.07,4.45646298,0.00010743,0.00343784,0.00214865,0.17173101,0.17387966,868694577.96,22.5672
251,0.6872,2.0948,17.7994,133.15,36064917.07,3567986.40,168788911.84,249745163.71,418534075.54,64152.75,4.45505223,0.00010741,0.00343723,0.00214827,0.17173673,0.17388500,868756730.71,22.5625
252,0.6899,2.0945,17.7969,133.23,36070949.22,3568215.93,168839922.51,249758285.48,418598207.99,64132.44,4.45364197,0.00010739,0.00343663,0.00214789,0.17174246,0.17389035,868818863.15,22.5578
253,0.6927,2.0942,17.7944,133.31,36076980.52,3568445.39,168890917.04,249771403.09,418662320.13,64112.14,4.45223220,0.00010738,0.00343602,0.00214751,0.17174820,0.17389571,868880975.30,22.5532
254,0.6954,2.0939,17.7919,133.39,36083010.98,3568674.79,168941895.43,249784516.55,418726411.98,64091.85,4.45082293,0.00010736,0.00343542,0.00214714,0.17175395,0.17390109,868943067.15,22.5485
255,0.6982,2.0936,17.7894,133.47,36089040.59,3568904.12,168992857.70,249797625.85,418790483.55,64071.56,4.44941415,0.00010734,0.00343481,0.00214676,0.17175972,0.17390648,869005138.71,22.5438
256,0.7009,2.0933,17.7869,133.55,36095069.36,3569133.38,169043803.84,249810730.99,418854534.83,64051.28,4.44800587,0.00010732,0.00343421,0.00214638,0.17176550,0.17391188,869067189.99,22.5392
257,0.7036,2.0930,17.7844,133.64,36101097.27,3569362.58,169094733.86,249823831.99,418918565.84,64031.01,4.44659807,0.00010730,0.00343360,0.00214600,0.17177129,0.17391730,869129221.01,22.5345
258,0.7064,2.0927,17.7819,133.72,36107124.34,3569591.70,169145647.76,249836928.83,418982576.59,64010.75,4.44519077,0.00010728,0.00343300,0.00214562,0.17177710,0.17392272,869191231.75,22.5298
259,0.7091,2.0924,17.7794,133.80,36113150.56,3569820.77,169196545.55,249850021.53,419046567.08,63990.49,4.44378396,0.00010726,0.00343239,0.00214525,0.17178292,0.17392816,869253222.24,22.5251
260,0.7118,2.0921,17.7769,133.88,36119175.94,3570049.76,169247427.24,249863110.08,419110537.32,63970.24,4.44237765,0.00010724,0.00343179,0.00214487,0.17178875,0.17393362,869315192.48,22.5205
261,0.7146,2.0919,17.7745,133.96,36125200.47,3570278.69,169298292.83,249876194.48,419174487.31,63949.99,4.44097182,0.00010722,0.00343119,0.00214449,0.17179459,0.17393909,869377142.47,22.5158
262,0.7173,2.0916,17.7720,134.04,36131224.15,3570507.55,169349142.32,249889274.75,419238417.07,63929.76,4.43956649,0.00010721,0.00343058,0.00214411,0.17180045,0.17394457,869439072.23,22.5111
263,0.7201,2.0913,17.7695,134.13,36137246.98,3570736.35,169399975.72,249902350.87,419302326.60,63909.53,4.43816164,0.00010719,0.00342998,0.00214374,0.17180632,0.17395006,869500981.76,22.5065
264,0.7228,2.0910,17.7670,134.21,36143268.97,3570965.07,169450793.04,249915422.86,419366215.90,63889.30,4.43675729,0.00010717,0.00342938,0.00214336,0.17181220,0.17395556,869562871.07,22.5018
265,0.7255,2.0907,17.7645,134.29,36149290.12,3571193.74,169501594.28,249928490.71,419430084.99,63869.09,4.43535343,0.00010715,0.00342877,0.00214298,0.17181810,0.17396108,869624740.15,22.4971
266,0.7283,2.0904,17.7620,134.37,36155310.41,3571422.33,169552379.44,249941554.43,419493933.87,63848.88,4.43395006,0.00010713,0.00342817,0.00214261,0.17182401,0.17396661,869686589.04,22.4924
267,0.7310,2.0901,17.7595,134.46,36161329.87,3571650.86,169603148.54,249954614.01,419557762.55,63828.68,4.43254718,0.00010711,0.00342757,0.00214223,0.17182993,0.17397216,869748417.71,22.4878
268,0.7337,2.0898,17.7570,134.54,36167348.47,3571879.32,169653901.57,249967669.47,419621571.04,63808.48,4.43114479,0.00010709,0.00342696,0.00214185,0.17183586,0.17397772,869810226.20,22.4831
269,0.7365,2.0895,17.7545,134.62,36173366.23,3572107.72,169704638.54,249980720.80,419685359.33,63788.30,4.42974289,0.00010707,0.00342636,0.00214148,0.17184181,0.17398329,869872014.50,22.4784
270,0.7392,2.0892,17.7520,134.70,36179383.14,3572336.05,169755359.45,249993768.00,419749127.45,63768.12,4.42834148,0.00010705,0.00342576,0.00214110,0.17184777,0.17398887,869933782.61,22.4737
271,0.7420,2.0889,17.7495,134.78,36185399.21,3572564.31,169806064.32,250006811.08,419812875.40,63747.94,4.42694056,0.00010704,0.00342516,0.00214072,0.17185374,0.17399447,869995530.56,22.4691
272,0.7447,2.0886,17.7470,134.87,36191414.44,3572792.50,169856753.14,250019850.03,419876603.17,63727.78,4.42554013,0.00010702,0.00342455,0.00214035,0.17185973,0.17400008,870057258.34,22.4644
273,0.7474,2.0883,17.7445,134.95,36197428.81,3573020.63,169907425.93,250032884.87,419940310.79,63707.62,4.42414019,0.00010700,0.00342395,0.00213997,0.17186573,0.17400570,870118965.96,22.4597
274,0.7502,2.0880,17.7420,135.03,36203442.35,3573248.70,169958082.68,250045915.58,420003998.26,63687.47,4.42274074,0.00010698,0.00342335,0.00213959,0.17187174,0.17401133,870180653.42,22.4550
275,0.7529,2.0877,17.7395,135.11,36209455.03,3573476.69,170008723.40,250058942.18,420067665.58,63667.32,4.42134178,0.00010696,0.00342275,0.00213922,0.17187776,0.17401698,870242320.74,22.4504
276,0.7556,2.0874,17.7370,135.20,36215466.88,3573704.63,170059348.09,250071964.67,420131312.76,63647.18,4.41994330,0.00010694,0.00342215,0.00213884,0.17188380,0.17402264,870303967.93,22.4457
277,0.7584,2.0872,17.7345,135.28,36221477.87,3573932.49,170109956.77,250084983.04,420194939.82,63627.05,4.41854532,0.00010692,0.00342154,0.00213847,0.17188985,0.17402832,870365594.98,22.4410
278,0.7611,2.0869,17.7320,135.36,36227488.03,3574160.29,170160549.44,250097997.31,420258546.75,63606.93,4.41714782,0.00010690,0.00342094,0.00213809,0.17189591,0.17403400,870427201.91,22.4363
279,0.7639,2.0866,17.7295,135.45,36233497.34,3574388.02,170211126.09,250111007.46,420322133.56,63586.81,4.41575081,0.00010689,0.00342034,0.00213771,0.17190199,0.17403970,870488788.72,22.4317
280,0.7666,2.0863,17.7271,135.53,36239505.80,3574615.69,170261686.75,250124013.51,420385700.26,63566.70,4.41435429,0.00010687,0.00341974,0.00213734,0.17190808,0.17404541,870550355.42,22.4270
281,0.7693,2.0860,17.7246,135.61,36245513.42,3574843.29,170312231.40,250137015.46,420449246.86,63546.60,4.41295825,0.00010685,0.00341914,0.00213696,0.17191418,0.17405114,870611902.02,22.4223
282,0.7721,2.0857,17.7221,135.69,36251520.20,3575070.82,170362760.06,250150013.30,420512773.36,63526.50,4.41156271,0.00010683,0.00341854,0.00213659,0.17192029,0.17405688,870673428.52,22.4176
283,0.7748,2.0854,17.7196,135.78,36257526.13,3575298.29,170413272.73,250163007.04,420576279.77,63506.41,4.41016765,0.00010681,0.00341794,0.00213621,0.17192642,0.17406263,870734934.94,22.4129
284,0.7775,2.0851,17.7171,135.86,36263531.21,3575525.69,170463769.42,250175996.69,420639766.11,63486.33,4.40877307,0.00010679,0.00341734,0.00213584,0.17193256,0.17406839,870796421.27,22.4083
285,0.7803,2.0848,17.7146,135.94,36269535.46,3575753.02,170514250.13,250188982.23,420703232.36,63466.26,4.40737899,0.00010677,0.00341674,0.00213546,0.17193871,0.17407417,870857887.53,22.4036
286,0.7830,2.0845,17.7121,136.03,36275538.86,3575980.29,170564714.87,250201963.69,420766678.55,63446.19,4.40598539,0.00010675,0.00341614,0.00213509,0.17194487,0.17407996,870919333.72,22.3989
287,0.7858,2.0842,17.7096,136.11,36281541.42,3576207.50,170615163.64,250214941.04,420830104.68,63426.13,4.40459227,0.00010674,0.00341554,0.00213471,0.17195105,0.17408576,870980759.85,22.3942
288,0.7885,2.0839,17.7071,136.19,36287543.13,3576434.63,170665596.44,250227914.31,420893510.76,63406.07,4.40319965,0.00010672,0.00341494,0.00213434,0.17195724,0.17409158,871042165.92,22.3895
289,0.7912,2.0836,17.7046,136.28,36293544.00,3576661.70,170716013.29,250240883.49,420956896.79,63386.03,4.40180751,0.00010670,0.00341434,0.00213396,0.17196345,0.17409741,871103551.95,22.3849
290,0.7940,2.0833,17.7022,136.36,36299544.02,3576888.71,170766414.19,250253848.59,421020262.77,63365.99,4.40041585,0.00010668,0.00341374,0.00213359,0.17196966,0.17410325,871164917.94,22.3802
291,0.7967,2.0830,17.6997,136.44,36305543.21,3577115.65,170816799.14,250266809.59,421083608.73,63345.96,4.39902468,0.00010666,0.00341314,0.00213321,0.17197589,0.17410910,871226263.89,22.3755
292,0.7995,2.0828,17.6972,136.53,36311541.55,3577342.52,170867168.14,250279766.52,421146934.66,63325.93,4.39763400,0.00010664,0.00341254,0.00213284,0.17198213,0.17411497,871287589.82,22.3708
293,0.8022,2.0825,17.6947,136.61,36317539.05,3577569.33,170917521.21,250292719.36,421210240.57,63305.91,4.39624380,0.00010662,0.00341194,0.00213246,0.17198839,0.17412085,871348895.73,22.3661
294,0.8049,2.0822,17.6922,136.69,36323535.70,3577796.07,170967858.34,250305668.13,421273526.47,63285.90,4.39485409,0.00010660,0.00341134,0.00213209,0.17199465,0.17412674,871410181.63,22.3614
295,0.8077,2.0819,17.6897,136.78,36329531.51,3578022.75,171018179.55,250318612.82,421336792.36,63265.89,4.39346486,0.00010659,0.00341074,0.00213171,0.17200093,0.17413264,871471447.53,22.3567
296,0.8104,2.0816,17.6872,136.86,36335526.48,3578249.36,171068484.83,250331553.43,421400038.26,63245.90,4.39207611,0.00010657,0.00341014,0.00213134,0.17200722,0.17413856,871532693.42,22.3521
297,0.8131,2.0813,17.6848,136.94,36341520.61,3578475.91,171118774.19,250344489.97,421463264.16,63225.91,4.39068785,0.00010655,0.00340954,0.00213096,0.17201353,0.17414449,871593919.33,22.3474
298,0.8159,2.0810,17.6823,137.03,36347513.89,3578702.39,171169047.65,250357422.44,421526470.08,63205.92,4.38930008,0.00010653,0.00340894,0.00213059,0.17201985,0.17415044,871655125.25,22.3427
299,0.8186,2.0807,17.6798,137.11,36353506.34,3578928.80,171219305.19,250370350.84,421589656.03,63185.94,4.38791278,0.00010651,0.00340834,0.00213022,0.17202618,0.17415639,871716311.19,22.3380
300,0.8214,2.0804,17.6773,137.20,36359497.94,3579155.15,171269546.84,250383275.17,421652822.00,63165.97,4.38652598,0.00010649,0.00340775,0.00212984,0.17203252,0.17416236,871777477.17,22.3333
301,0.8241,2.0801,17.6748,137.28,36365488.70,3579381.43,171319772.58,250396195.43,421715968.01,63146.01,4.38513965,0.00010647,0.00340715,0.00212947,0.17203888,0.17416835,871838623.18,22.3286
302,0.8268,2.0798,17.6723,137.36,36371478.61,3579607.65,171369982.43,250409111.63,421779094.07,63126.05,4.38375381,0.00010645,0.00340655,0.00212909,0.17204525,0.17417434,871899749.23,22.3239
303,0.8296,2.0795,17.6699,137.45,36377467.69,3579833.80,171420176.40,250422023.78,421842200.17,63106.11,4.38236845,0.00010644,0.00340595,0.00212872,0.17205163,0.17418035,871960855.34,22.3193
304,0.8323,2.0792,17.6674,137.53,36383455.92,3580059.89,171470354.48,250434931.86,421905286.34,63086.16,4.38098358,0.00010642,0.00340535,0.00212835,0.17205802,0.17418637,872021941.50,22.3146
305,0.8350,2.0790,17.6649,137.62,36389443.31,3580285.91,171520516.69,250447835.88,421968352.57,63066.23,4.37959919,0.00010640,0.00340476,0.00212797,0.17206443,0.17419240,872083007.73,22.3099
306,0.8378,2.0787,17.6624,137.70,36395429.86,3580511.86,171570663.02,250460735.85,422031398.87,63046.30,4.37821528,0.00010638,0.00340416,0.00212760,0.17207085,0.17419845,872144054.03,22.3052
307,0.8405,2.0784,17.6599,137.78,36401415.57,3580737.75,171620793.49,250473631.76,422094425.25,63026.38,4.37683185,0.00010636,0.00340356,0.00212723,0.17207728,0.17420451,872205080.41,22.3005
308,0.8433,2.0781,17.6574,137.87,36407400.44,3580963.58,171670908.09,250486523.62,422157431.71,63006.46,4.37544890,0.00010634,0.00340296,0.00212685,0.17208373,0.17421058,872266086.87,22.2958
309,0.8460,2.0778,17.6550,137.95,36413384.47,3581189.34,171721006.83,250499411.43,422220418.27,62986.56,4.37406644,0.00010632,0.00340237,0.00212648,0.17209019,0.17421666,872327073.43,22.2911
310,0.8487,2.0775,17.6525,138.04,36419367.66,3581415.03,171771089.73,250512295.19,422283384.92,62966.66,4.37268446,0.00010631,0.00340177,0.00212611,0.17209666,0.17422276,872388040.08,22.2864
311,0.8515,2.0772,17.6500,138.12,36425350.00,3581640.66,171821156.77,250525174.91,422346331.68,62946.76,4.37130296,0.00010629,0.00340117,0.00212573,0.17210314,0.17422887,872448986.85,22.2817
312,0.8542,2.0769,17.6475,138.21,36431331.51,3581866.22,171871207.98,250538050.58,422409258.56,62926.88,4.36992194,0.00010627,0.00340058,0.00212536,0.17210963,0.17423500,872509913.72,22.2770
313,0.8569,2.0766,17.6450,138.29,36437312.17,3582091.72,171921243.35,250550922.21,422472165.56,62907.00,4.36854140,0.00010625,0.00339998,0.00212499,0.17211614,0.17424113,872570820.72,22.2723
314,0.8597,2.0763,17.6426,138.37,36443292.00,3582317.15,171971262.88,250563789.80,422535052.68,62887.12,4.36716135,0.00010623,0.00339938,0.00212462,0.17212266,0.17424728,872631707.84,22.2677
315,0.8624,2.0760,17.6401,138.46,36449270.98,3582542.52,172021266.59,250576653.35,422597919.94,62867.26,4.36578177,0.00010621,0.00339879,0.00212424,0.17212920,0.17425344,872692575.10,22.2630
316,0.8652,2.0757,17.6376,138.54,36455249.12,3582767.82,172071254.47,250589512.86,422660767.34,62847.40,4.36440268,0.00010619,0.00339819,0.00212387,0.17213575,0.17425962,872753422.50,22.2583
317,0.8679,2.0755,17.6351,138.63,36461226.43,3582993.06,172121226.54,250602368.34,422723594.88,62827.55,4.36302406,0.00010617,0.00339760,0.00212350,0.17214231,0.17426580,872814250.05,22.2536
318,0.8706,2.0752,17.6326,138.71,36467202.89,3583218.23,172171182.79,250615219.79,422786402.58,62807.70,4.36164593,0.00010616,0.00339700,0.00212313,0.17214888,0.17427200,872875057.75,22.2489
319,0.8734,2.0749,17.6302,138.80,36473178.52,3583443.34,172221123.24,250628067.20,422849190.45,62787.86,4.36026827,0.00010614,0.00339640,0.00212275,0.17215546,0.17427821,872935845.61,22.2442
320,0.8761,2.0746,17.6277,138.88,36479153.30,3583668.38,172271047.89,250640910.59,422911958.48,62768.03,4.35889110,0.00010612,0.00339581,0.00212238,0.17216206,0.17428444,872996613.64,22.2395
321,0.8789,2.0743,17.6252,138.97,36485127.24,3583893.36,172320956.74,250653749.95,422974706.69,62748.21,4.35751440,0.00010610,0.00339521,0.00212201,0.17216867,0.17429068,873057361.85,22.2348
322,0.8816,2.0740,17.6227,139.05,36491100.35,3584118.27,172370849.79,250666585.28,423037435.08,62728.39,4.35613819,0.00010608,0.00339462,0.00212164,0.17217529,0.17429693,873118090.24,22.2301
323,0.8843,2.0737,17.6203,139.14,36497072.62,3584343.12,172420727.06,250679416.59,423100143.66,62708.58,4.35476245,0.00010606,0.00339402,0.00212126,0.17218193,0.17430319,873178798.82,22.2254
324,0.8871,2.0734,17.6178,139.22,36503044.04,3584567.90,172470588.55,250692243.88,423162832.43,62688.78,4.35338719,0.00010604,0.00339343,0.00212089,0.17218858,0.17430947,873239487.59,22.2207
325,0.8898,2.0731,17.6153,139.31,36509014.63,3584792.62,172520434.26,250705067.15,423225501.41,62668.98,4.35201241,0.00010603,0.00339283,0.00212052,0.17219524,0.17431576,873300156.57,22.2160
326,0.8925,2.0728,17.6128,139.39,36514984.38,3585017.27,172570264.20,250717886.40,423288150.60,62649.19,4.35063811,0.00010601,0.00339224,0.00212015,0.17220191,0.17432206,873360805.76,22.2113
327,0.8953,2.0725,17.6104,139.48,36520953.29,3585241.86,172620078.37,250730701.64,423350780.00,62629.41,4.34926429,0.00010599,0.00339164,0.00211978,0.17220860,0.17432837,873421435.17,22.2066
328,0.8980,2.0722,17.6079,139.56,36526921.36,3585466.38,172669876.78,250743512.86,423413389.63,62609.63,4.34789095,0.00010597,0.00339105,0.00211941,0.17221529,0.17433470,873482044.80,22.2019
329,0.9008,2.0720,17.6054,139.65,36532888.59,3585690.84,172719659.43,250756320.07,423475979.49,62589.86,4.34651808,0.00010595,0.00339046,0.00211903,0.17222201,0.17434104,873542634.66,22.1972
330,0.9035,2.0717,17.6029,139.73,36538854.99,3585915.23,172769426.32,250769123.27,423538549.59,62570.10,4.34514569,0.00010593,0.00338986,0.00211866,0.17222873,0.17434739,873603204.76,22.1925
331,0.9062,2.0714,17.6005,139.82,36544820.54,3586139.56,172819177.48,250781922.46,423601099.94,62550.34,4.34377378,0.00010591,0.00338927,0.00211829,0.17223547,0.17435376,873663755.10,22.1878
332,0.9090,2.0711,17.5980,139.91,36550785.26,3586363.83,172868912.88,250794717.65,423663630.53,62530.59,4.34240235,0.00010590,0.00338867,0.00211792,0.17224221,0.17436014,873724285.69,22.1831
333,0.9117,2.0708,17.5955,139.99,36556749.14,3586588.03,172918632.56,250807508.83,423726141.38,62510.85,4.34103139,0.00010588,0.00338808,0.00211755,0.17224898,0.17436653,873784796.54,22.1784
334,0.9144,2.0705,17.5930,140.08,36562712.18,3586812.16,172968336.49,250820296.00,423788632.50,62491.12,4.33966092,0.00010586,0.00338749,0.00211718,0.17225575,0.17437293,873845287.66,22.1737
335,0.9172,2.0702,17.5906,140.16,36568674.38,3587036.23,173018024.71,250833079.18,423851103.89,62471.39,4.33829091,0.00010584,0.00338689,0.00211681,0.17226254,0.17437935,873905759.05,22.1690
336,0.9199,2.0699,17.5881,140.25,36574635.75,3587260.24,173067697.19,250845858.36,423913555.56,62451.67,4.33692139,0.00010582,0.00338630,0.00211644,0.17226934,0.17438577,873966210.72,22.1643
337,0.9227,2.0696,17.5856,140.33,36580596.27,3587484.18,173117353.97,250858633.54,423975987.51,62431.95,4.33555234,0.00010580,0.00338571,0.00211607,0.17227615,0.17439222,874026642.67,22.1596
338,0.9254,2.0693,17.5832,140.42,36586555.96,3587708.05,173166995.03,250871404.73,424038399.76,62412.25,4.33418377,0.00010578,0.00338511,0.00211570,0.17228297,0.17439867,874087054.92,22.1549
339,0.9281,2.0690,17.5807,140.51,36592514.82,3587931.87,173216620.38,250884171.92,424100792.30,62392.55,4.33281567,0.00010577,0.00338452,0.00211532,0.17228981,0.17440514,874147447.46,22.1502
340,0.9309,2.0688,17.5782,140.59,36598472.83,3588155.61,173266230.03,250896935.13,424163165.15,62372.85,4.33144805,0.00010575,0.00338393,0.00211495,0.17229666,0.17441162,874207820.32,22.1455
341,0.9336,2.0685,17.5757,140.68,36604430.01,3588379.30,173315823.98,250909694.34,424225518.32,62353.17,4.33008090,0.00010573,0.00338333,0.00211458,0.17230353,0.17441811,874268173.48,22.1408
342,0.9363,2.0682,17.5733,140.76,36610386.35,3588602.92,173365402.24,250922449.57,424287851.80,62333.48,4.32871423,0.00010571,0.00338274,0.00211421,0.17231040,0.17442461,874328506.97,22.1361
343,0.9391,2.0679,17.5708,140.85,36616341.85,3588826.47,173414964.81,250935200.81,424350165.61,62313.81,4.32734804,0.00010569,0.00338215,0.00211384,0.17231729,0.17443113,874388820.78,22.1314
344,0.9418,2.0676,17.5683,140.94,36622296.52,3589049.96,173464511.70,250947948.06,424412459.76,62294.15,4.32598232,0.00010567,0.00338156,0.00211347,0.17232419,0.17443766,874449114.92,22.1267
345,0.9446,2.0673,17.5659,141.02,36628250.35,3589273.39,173514042.91,250960691.34,424474734.25,62274.49,4.32461707,0.00010566,0.00338096,0.00211310,0.17233110,0.17444420,874509389.41,22.1220
346,0.9473,2.0670,17.5634,141.11,36634203.35,3589496.75,173563558.45,250973430.63,424536989.08,62254.83,4.32325230,0.00010564,0.00338037,0.00211273,0.17233803,0.17445076,874569644.24,22.1173
347,0.9500,2.0667,17.5609,141.19,36640155.50,3589720.04,173613058.32,250986165.95,424599224.27,62235.19,4.32188801,0.00010562,0.00337978,0.00211236,0.17234497,0.17445733,874629879.43,22.1126
348,0.9528,2.0664,17.5585,141.28,36646106.82,3589943.28,173662542.52,250998897.29,424661439.81,62215.55,4.32052419,0.00010560,0.00337919,0.00211199,0.17235192,0.17446391,874690094.98,22.1079
349,0.9555,2.0661,17.5560,141.37,36652057.31,3590166.45,173712011.07,251011624.66,424723635.73,62195.92,4.31916084,0.00010558,0.00337860,0.00211162,0.17235888,0.17447050,874750290.89,22.1032
350,0.9582,2.0659,17.5535,141.45,36658006.96,3590389.55,173761463.97,251024348.05,424785812.02,62176.29,4.31779797,0.00010556,0.00337801,0.00211125,0.17236586,0.17447711,874810467.18,22.0985
351,0.9610,2.0656,17.5511,141.54,36663955.77,3590612.59,173810901.22,251037067.47,424847968.69,62156.67,4.31643557,0.00010554,0.00337742,0.00211088,0.17237284,0.17448373,874870623.86,22.0938
352,0.9637,2.0653,17.5486,141.63,36669903.75,3590835.57,173860322.82,251049782.93,424910105.75,62137.06,4.31507364,0.00010553,0.00337682,0.00211052,0.17237984,0.17449036,874930760.92,22.0891
353,0.9665,2.0650,17.5461,141.71,36675850.89,3591058.48,173909728.79,251062494.42,424972223.21,62117.46,4.31371219,0.00010551,0.00337623,0.00211015,0.17238686,0.17449700,874990878.37,22.0844
354,0.9692,2.0647,17.5437,141.80,36681797.19,3591281.33,173959119.13,251075201.94,425034321.07,62097.86,4.31235121,0.00010549,0.00337564,0.00210978,0.17239388,0.17450366,875050976.23,22.0796
355,0.9719,2.0644,17.5412,141.89,36687742.66,3591504.11,174008493.83,251087905.50,425096399.33,62078.27,4.31099070,0.00010547,0.00337505,0.00210941,0.17240092,0.17451033,875111054.50,22.0749
356,0.9747,2.0641,17.5387,141.97,36693687.29,3591726.83,174057852.92,251100605.10,425158458.01,62058.68,4.30963066,0.00010545,0.00337446,0.00210904,0.17240797,0.17451701,875171113.18,22.0702
357,0.9774,2.0638,17.5363,142.06,36699631.09,3591949.49,174107196.38,251113300.74,425220497.12,62039.10,4.30827110,0.00010543,0.00337387,0.00210867,0.17241504,0.17452371,875231152.28,22.0655
358,0.9802,2.0635,17.5338,142.15,36705574.06,3592172.08,174156524.23,251125992.42,425282516.65,62019.53,4.30691201,0.00010542,0.00337328,0.00210830,0.17242211,0.17453041,875291171.81,22.0608
359,0.9829,2.0632,17.5313,142.23,36711516.18,3592394.61,174205836.48,251138680.14,425344516.62,61999.97,4.30555339,0.00010540,0.00337269,0.00210793,0.17242920,0.17453713,875351171.78,22.0561
360,0.9856,2.0629,17.5289,142.32,36717457.48,3592617.07,174255133.12,251151363.92,425406497.03,61980.41,4.30419525,0.00010538,0.00337210,0.00210756,0.17243631,0.17454387,875411152.19,22.0514
361,0.9884,2.0627,17.5264,142.41,36723397.94,3592839.47,174304414.16,251164043.74,425468457.89,61960.86,4.30283757,0.00010536,0.00337151,0.00210719,0.17244342,0.17455061,875471113.06,22.0467
362,0.9911,2.0624,17.5240,142.50,36729337.56,3593061.81,174353679.61,251176719.60,425530399.21,61941.32,4.30148037,0.00010534,0.00337092,0.00210683,0.17245055,0.17455737,875531054.37,22.0420
363,0.9938,2.0621,17.5215,142.58,36735276.35,3593284.08,174402929.46,251189391.53,425592320.99,61921.78,4.30012364,0.00010532,0.00337033,0.00210646,0.17245768,0.17456414,875590976.15,22.0373
364,0.9966,2.0618,17.5190,142.67,36741214.30,3593506.29,174452163.74,251202059.50,425654223.24,61902.25,4.29876738,0.00010530,0.00336974,0.00210609,0.17246484,0.17457092,875650878.40,22.0326
365,0.9993,2.0615,17.5166,142.76,36747151.42,3593728.43,174501382.44,251214723.53,425716105.97,61882.73,4.29741159,0.00010529,0.00336915,0.00210572,0.17247200,0.17457772,875710761.13,22.0278
366,1.0021,2.0612,17.5141,142.84,36753087.71,3593950.52,174550585.56,251227383.62,425777969.18,61863.21,4.29605627,0.00010527,0.00336856,0.00210535,0.17247918,0.17458453,875770624.34,22.0231
367,1.0048,2.0609,17.5116,142.93,36759023.16,3594172.53,174599773.11,251240039.77,425839812.88,61843.70,4.29470142,0.00010525,0.00336797,0.00210498,0.17248637,0.17459135,875830468.04,22.0184
368,1.0075,2.0606,17.5092,143.02,36764957.78,3594394.49,174648945.10,251252691.97,425901637.08,61824.20,4.29334705,0.00010523,0.00336738,0.00210462,0.17249357,0.17459818,875890292.24,22.0137
369,1.0103,2.0603,17.5067,143.11,36770891.56,3594616.38,174698101.53,251265340.24,425963441.78,61804.70,4.29199314,0.00010521,0.00336680,0.00210425,0.17250078,0.17460503,875950096.94,22.0090
370,1.0130,2.0601,17.5043,143.19,36776824.51,3594838.20,174747242.41,251277984.58,426025226.99,61785.21,4.29063970,0.00010519,0.00336621,0.00210388,0.17250801,0.17461189,876009882.15,22.0043
371,1.0157,2.0598,17.5018,143.28,36782756.63,3595059.97,174796367.74,251290624.98,426086992.72,61765.73,4.28928673,0.00010518,0.00336562,0.00210351,0.17251525,0.17461876,876069647.88,21.9996
372,1.0185,2.0595,17.4993,143.37,36788687.91,3595281.67,174845477.52,251303261.45,426148738.97,61746.25,4.28793424,0.00010516,0.00336503,0.00210314,0.17252250,0.17462564,876129394.13,21.9949
373,1.0212,2.0592,17.4969,143.46,36794618.36,3595503.30,174894571.76,251315893.99,426210465.75,61726.78,4.28658221,0.00010514,0.00336444,0.00210278,0.17252976,0.17463254,876189120.92,21.9901
374,1.0240,2.0589,17.4944,143.54,36800547.97,3595724.88,174943650.47,251328522.60,426272173.08,61707.32,4.28523065,0.00010512,0.00336385,0.00210241,0.17253704,0.17463945,876248828.24,21.9854
375,1.0267,2.0586,17.4920,143.63,36806476.76,3595946.38,174992713.65,251341147.29,426333860.94,61687.87,4.28387956,0.00010510,0.00336327,0.00210204,0.17254433,0.17464637,876308516.10,21.9807
376,1.0294,2.0583,17.4895,143.72,36812404.71,3596167.83,175041761.31,251353768.05,426395529.36,61668.42,4.28252893,0.00010508,0.00336268,0.00210167,0.17255163,0.17465330,876368184.52,21.9760
377,1.0322,2.0580,17.4871,143.81,36818331.82,3596389.21,175090793.44,251366384.89,426457178.33,61648.97,4.28117878,0.00010507,0.00336209,0.00210131,0.17255894,0.17466025,876427833.50,21.9713
378,1.0349,2.0577,17.4846,143.90,36824258.10,3596610.53,175139810.06,251378997.81,426518807.87,61629.54,4.27982910,0.00010505,0.00336150,0.00210094,0.17256627,0.17466721,876487463.03,21.9666
379,1.0376,2.0574,17.4821,143.98,36830183.56,3596831.79,175188811.17,251391606.81,426580417.98,61610.11,4.27847988,0.00010503,0.00336092,0.00210057,0.17257361,0.17467418,876547073.14,21.9619
380,1.0404,2.0572,17.4797,144.07,36836108.17,3597052.98,175237796.78,251404211.89,426642008.67,61590.69,4.27713113,0.00010501,0.00336033,0.00210020,0.17258096,0.17468117,876606663.83,21.9571
381,1.0431,2.0569,17.4772,144.16,36842031.96,3597274.11,175286766.88,251416813.06,426703579.94,61571.27,4.27578285,0.00010499,0.00335974,0.00209984,0.17258833,0.17468816,876666235.11,21.9524
382,1.0459,2.0566,17.4748,144.25,36847954.91,3597495.17,175335721.49,251429410.32,426765131.81,61551.86,4.27443504,0.00010497,0.00335915,0.00209947,0.17259570,0.17469517,876725786.97,21.9477
383,1.0486,2.0563,17.4723,144.34,36853877.03,3597716.17,175384660.61,251442003.66,426826664.27,61532.46,4.27308769,0.00010496,0.00335857,0.00209910,0.17260309,0.17470220,876785319.43,21.9430
384,1.0513,2.0560,17.4699,144.42,36859798.32,3597937.11,175433584.25,251454593.09,426888177.34,61513.07,4.27174081,0.00010494,0.00335798,0.00209874,0.17261049,0.17470923,876844832.50,21.9383
385,1.0541,2.0557,17.4674,144.51,36865718.78,3598157.99,175482492.40,251467178.62,426949671.02,61493.68,4.27039440,0.00010492,0.00335739,0.00209837,0.17261791,0.17471628,876904326.18,21.9336
386,1.0568,2.0554,17.4649,144.60,36871638.40,3598378.80,175531385.08,251479760.24,427011145.32,61474.30,4.26904846,0.00010490,0.00335681,0.00209800,0.17262533,0.17472334,876963800.48,21.9288
387,1.0595,2.0551,17.4625,144.69,36877557.20,3598599.55,175580262.29,251492337.95,427072600.24,61454.92,4.26770298,0.00010488,0.00335622,0.00209764,0.17263277,0.17473041,877023255.40,21.9241
388,1.0623,2.0548,17.4600,144.78,36883475.16,3598820.23,175629124.03,251504911.77,427134035.79,61435.55,4.26635797,0.00010486,0.00335563,0.00209727,0.17264022,0.17473749,877082690.96,21.9194
389,1.0650,2.0546,17.4576,144.87,36889392.29,3599040.86,175677970.31,251517481.68,427195451.99,61416.19,4.26501342,0.00010485,0.00335505,0.00209691,0.17264769,0.17474459,877142107.15,21.9147
390,1.0678,2.0543,17.4551,144.96,36895308.58,3599261.42,175726801.13,251530047.69,427256848.82,61396.84,4.26366935,0.00010483,0.00335446,0.00209654,0.17265516,0.17475170,877201503.99,21.9100
391,1.0705,2.0540,17.4527,145.04,36901224.05,3599481.91,175775616.51,251542609.81,427318226.32,61377.49,4.26232573,0.00010481,0.00335388,0.00209617,0.17266265,0.17475882,877260881.48,21.9052
392,1.0732,2.0537,17.4502,145.13,36907138.69,3599702.35,175824416.43,251555168.03,427379584.46,61358.15,4.26098259,0.00010479,0.00335329,0.00209581,0.17267015,0.17476596,877320239.63,21.9005
393,1.0760,2.0534,17.4478,145.22,36913052.49,3599922.72,175873200.92,251567722.36,427440923.28,61338.81,4.25963990,0.00010477,0.00335271,0.00209544,0.17267766,0.17477311,877379578.44,21.8958
394,1.0787,2.0531,17.4453,145.31,36918965.46,3600143.03,175921969.97,251580272.80,427502242.77,61319.49,4.25829769,0.00010475,0.00335212,0.00209507,0.17268519,0.17478027,877438897.93,21.8911
395,1.0815,2.0528,17.4429,145.40,36924877.61,3600363.27,175970723.59,251592819.34,427563542.93,61300.17,4.25695594,0.00010474,0.00335153,0.00209471,0.17269273,0.17478744,877498198.09,21.8864
396,1.0842,2.0525,17.4404,145.49,36930788.92,3600583.45,176019461.78,251605362.00,427624823.78,61280.85,4.25561465,0.00010472,0.00335095,0.00209434,0.17270028,0.17479462,877557478.95,21.8816
397,1.0869,2.0523,17.4380,145.58,36936699.40,3600803.57,176068184.55,251617900.78,427686085.33,61261.54,4.25427383,0.00010470,0.00335036,0.00209398,0.17270784,0.17480182,877616740.49,21.8769
398,1.0897,2.0520,17.4355,145.67,36942609.05,3601023.63,176116891.90,251630435.67,427747327.57,61242.24,4.25293347,0.00010468,0.00334978,0.00209361,0.17271542,0.17480903,877675982.73,21.8722
399,1.0924,2.0517,17.4331,145.76,36948517.87,3601243.62,176165583.84,251642966.67,427808550.52,61222.95,4.25159358,0.00010466,0.00334919,0.00209325,0.17272301,0.17481625,877735205.68,21.8675
400,1.0951,2.0514,17.4306,145.84,36954425.86,3601463.55,176214260.38,251655493.80,427869754.17,61203.66,4.25025415,0.00010464,0.00334861,0.00209288,0.17273061,0.17482349,877794409.34,21.8628
401,1.0979,2.0511,17.4282,145.93,36960333.02,3601683.42,176262921.51,251668017.05,427930938.55,61184.38,4.24891519,0.00010463,0.00334803,0.00209252,0.17273822,0.17483073,877853593.72,21.8580
402,1.1006,2.0508,17.4257,146.02,36966239.35,3601903.22,176311567.24,251680536.42,427992103.66,61165.10,4.24757669,0.00010461,0.00334744,0.00209215,0.17274584,0.17483799,877912758.82,21.8533
403,1.1034,2.0505,17.4233,146.11,36972144.85,3602122.97,176360197.58,251693051.91,428053249.49,61145.84,4.24623865,0.00010459,0.00334686,0.00209179,0.17275348,0.17484527,877971904.66,21.8486
404,1.1061,2.0502,17.4208,146.20,36978049.52,3602342.65,176408812.53,251705563.54,428114376.07,61126.58,4.24490108,0.00010457,0.00334627,0.00209142,0.17276113,0.17485255,878031031.23,21.8439
405,1.1088,2.0499,17.4184,146.29,36983953.36,3602562.26,176457412.10,251718071.29,428175483.39,61107.32,4.24356397,0.00010455,0.00334569,0.00209106,0.17276879,0.17485985,878090138.55,21.8392
406,1.1116,2.0497,17.4159,146.38,36989856.37,3602781.82,176505996.30,251730575.17,428236571.46,61088.07,4.24222732,0.00010453,0.00334511,0.00209069,0.17277647,0.17486716,878149226.63,21.8344
407,1.1143,2.0494,17.4135,146.47,36995758.55,3603001.31,176554565.12,251743075.18,428297640.30,61068.83,4.24089114,0.00010452,0.00334452,0.00209033,0.17278415,0.17487448,878208295.46,21.8297
408,1.1170,2.0491,17.4110,146.56,37001659.90,3603220.74,176603118.57,251755571.33,428358689.89,61049.60,4.23955542,0.00010450,0.00334394,0.00208996,0.17279185,0.17488182,878267345.06,21.8250
409,1.1198,2.0488,17.4086,146.65,37007560.42,3603440.10,176651656.66,251768063.61,428419720.27,61030.37,4.23822016,0.00010448,0.00334336,0.00208960,0.17279957,0.17488916,878326375.43,21.8203
410,1.1225,2.0485,17.4061,146.74,37013460.12,3603659.41,176700179.39,251780552.03,428480731.41,61011.15,4.23688536,0.00010446,0.00334277,0.00208923,0.17280729,0.17489652,878385386.58,21.8155
411,1.1253,2.0482,17.4037,146.83,37019358.98,3603878.65,176748686.76,251793036.59,428541723.35,60991.93,4.23555103,0.00010444,0.00334219,0.00208887,0.17281503,0.17490389,878444378.51,21.8108
412,1.1280,2.0479,17.4013,146.92,37025257.02,3604097.83,176797178.79,251805517.29,428602696.08,60972.73,4.23421715,0.00010443,0.00334161,0.00208850,0.17282277,0.17491128,878503351.24,21.8061
413,1.1307,2.0476,17.3988,147.01,37031154.22,3604316.94,176845655.47,251817994.13,428663649.60,60953.53,4.23288374,0.00010441,0.00334102,0.00208814,0.17283054,0.17491868,878562304.76,21.8014
414,1.1335,2.0474,17.3964,147.10,37037050.60,3604536.00,176894116.82,251830467.12,428724583.93,60934.33,4.23155079,0.00010439,0.00334044,0.00208778,0.17283831,0.17492608,878621239.10,21.7966
415,1.1362,2.0471,17.3939,147.19,37042946.15,3604754.99,176942562.83,251842936.25,428785499.08,60915.14,4.23021831,0.00010437,0.00333986,0.00208741,0.17284610,0.17493351,878680154.24,21.7919
416,1.1389,2.0468,17.3915,147.28,37048840.87,3604973.92,176990993.51,251855401.53,428846395.04,60895.96,4.22888628,0.00010435,0.00333928,0.00208705,0.17285389,0.17494094,878739050.20,21.7872
417,1.1417,2.0465,17.3890,147.37,37054734.76,3605192.78,177039408.86,251867862.97,428907271.83,60876.79,4.22755471,0.00010433,0.00333869,0.00208668,0.17286170,0.17494839,878797926.99,21.7825
418,1.1444,2.0462,17.3866,147.46,37060627.83,3605411.59,177087808.90,251880320.55,428968129.45,60857.62,4.22622361,0.00010432,0.00333811,0.00208632,0.17286953,0.17495585,878856784.61,21.7777
419,1.1472,2.0459,17.3841,147.55,37066520.06,3605630.33,177136193.62,251892774.29,429028967.91,60838.46,4.22489296,0.00010430,0.00333753,0.00208596,0.17287736,0.17496332,878915623.07,21.7730
420,1.1499,2.0456,17.3817,147.64,37072411.47,3605849.01,177184563.03,251905224.18,429089787.21,60819.30,4.22356278,0.00010428,0.00333695,0.00208559,0.17288521,0.17497080,878974442.37,21.7683
421,1.1526,2.0453,17.3793,147.73,37078302.05,3606067.63,177232917.14,251917670.23,429150587.37,60800.16,4.22223306,0.00010426,0.00333637,0.00208523,0.17289307,0.17497830,879033242.53,21.7635
422,1.1554,2.0451,17.3768,147.82,37084191.80,3606286.18,177281255.94,251930112.44,429211368.38,60781.01,4.22090379,0.00010424,0.00333578,0.00208486,0.17290094,0.17498581,879092023.54,21.7588
423,1.1581,2.0448,17.3744,147.91,37090080.73,3606504.68,177329579.45,251942550.81,429272130.26,60761.88,4.21957499,0.00010423,0.00333520,0.00208450,0.17290883,0.17499333,879150785.42,21.7541
424,1.1608,2.0445,17.3719,148.00,37095968.83,3606723.11,177377887.67,251954985.34,429332873.01,60742.75,4.21824665,0.00010421,0.00333462,0.00208414,0.17291672,0.17500086,879209528.17,21.7494
425,1.1636,2.0442,17.3695,148.09,37101856.10,3606941.48,177426180.61,251967416.03,429393596.64,60723.63,4.21691876,0.00010419,0.00333404,0.00208377,0.17292463,0.17500841,879268251.81,21.7446
426,1.1663,2.0439,17.3670,148.18,37107742.54,3607159.78,177474458.26,251979842.90,429454301.16,60704.52,4.21559134,0.00010417,0.00333346,0.00208341,0.17293256,0.17501597,879326956.32,21.7399
427,1.1691,2.0436,17.3646,148.27,37113628.15,3607378.03,177522720.64,251992265.93,429514986.56,60685.41,4.21426437,0.00010415,0.00333288,0.00208305,0.17294049,0.17502354,879385641.73,21.7352
428,1.1718,2.0433,17.3622,148.36,37119512.94,3607596.21,177570967.74,252004685.13,429575652.87,60666.31,4.21293786,0.00010413,0.00333230,0.00208269,0.17294844,0.17503112,879444308.03,21.7304
429,1.1745,2.0430,17.3597,148.45,37125396.90,3607814.33,177619199.58,252017100.50,429636300.08,60647.21,4.21161181,0.00010412,0.00333172,0.00208232,0.17295639,0.17503872,879502955.24,21.7257
430,1.1773,2.0428,17.3573,148.54,37131280.04,3608032.39,177667416.16,252029512.04,429696928.20,60628.12,4.21028622,0.00010410,0.00333114,0.00208196,0.17296437,0.17504633,879561583.36,21.7210
431,1.1800,2.0425,17.3549,148.63,37137162.35,3608250.39,177715617.48,252041919.76,429757537.24,60609.04,4.20896109,0.00010408,0.00333055,0.00208160,0.17297235,0.17505395,879620192.40,21.7163
432,1.1828,2.0422,17.3524,148.73,37143043.83,3608468.32,177763803.55,252054323.65,429818127.21,60589.96,4.20763642,0.00010406,0.00332997,0.00208123,0.17298034,0.17506158,879678782.37,21.7115
433,1.1855,2.0419,17.3500,148.82,37148924.48,3608686.19,177811974.37,252066723.73,429878698.10,60570.90,4.20631220,0.00010404,0.00332939,0.00208087,0.17298835,0.17506922,879737353.26,21.7068
434,1.1882,2.0416,17.3475,148.91,37154804.31,3608904.01,177860129.95,252079119.98,429939249.93,60551.83,4.20498845,0.00010403,0.00332881,0.00208051,0.17299637,0.17507688,879795905.10,21.7021
435,1.1910,2.0413,17.3451,149.00,37160683.31,3609121.75,177908270.30,252091512.42,429999782.71,60532.78,4.20366515,0.00010401,0.00332823,0.00208015,0.17300440,0.17508455,879854437.88,21.6973
436,1.1937,2.0410,17.3427,149.09,37166561.49,3609339.44,177956395.41,252103901.04,430060296.44,60513.73,4.20234230,0.00010399,0.00332765,0.00207978,0.17301245,0.17509223,879912951.61,21.6926
437,1.1964,2.0407,17.3402,149.18,37172438.84,3609557.07,178004505.29,252116285.84,430120791.13,60494.69,4.20101992,0.00010397,0.00332708,0.00207942,0.17302051,0.17509993,879971446.29,21.6879
438,1.1992,2.0405,17.3378,149.27,37178315.37,3609774.63,178052599.95,252128666.83,430181266.78,60475.65,4.19969799,0.00010395,0.00332650,0.00207906,0.17302858,0.17510764,880029921.94,21.6831
439,1.2019,2.0402,17.3354,149.36,37184191.06,3609992.13,178100679.39,252141044.01,430241723.40,60456.62,4.19837652,0.00010393,0.00332592,0.00207870,0.17303666,0.17511535,880088378.56,21.6784
440,1.2047,2.0399,17.3329,149.45,37190065.94,3610209.57,178148743.61,252153417.39,430302161.00,60437.60,4.19705550,0.00010392,0.00332534,0.00207834,0.17304475,0.17512309,880146816.16,21.6737
441,1.2074,2.0396,17.3305,149.55,37195939.99,3610426.95,178196792.63,252165786.95,430362579.58,60418.58,4.19573495,0.00010390,0.00332476,0.00207797,0.17305286,0.17513083,880205234.75,21.6689
442,1.2101,2.0393,17.3280,149.64,37201813.21,3610644.27,178244826.45,252178152.71,430422979.16,60399.57,4.19441484,0.00010388,0.00332418,0.00207761,0.17306098,0.17513859,880263634.32,21.6642
443,1.2129,2.0390,17.3256,149.73,37207685.60,3610861.52,178292845.06,252190514.66,430483359.73,60380.57,4.19309520,0.00010386,0.00332360,0.00207725,0.17306911,0.17514636,880322014.89,21.6595
444,1.2156,2.0387,17.3232,149.82,37213557.18,3611078.71,178340848.49,252202872.82,430543721.30,60361.57,4.19177601,0.00010384,0.00332302,0.00207689,0.17307725,0.17515414,880380376.47,21.6547
445,1.2183,2.0385,17.3207,149.91,37219427.92,3611295.85,178388836.72,252215227.17,430604063.89,60342.58,4.19045727,0.00010383,0.00332244,0.00207653,0.17308540,0.17516193,880438719.05,21.6500
446,1.2211,2.0382,17.3183,150.00,37225297.84,3611512.92,178436809.77,252227577.72,430664387.49,60323.60,4.18913900,0.00010381,0.00332186,0.00207617,0.17309357,0.17516974,880497042.65,21.6453
447,1.2238,2.0379,17.3159,150.10,37231166.94,3611729.93,178484767.64,252239924.48,430724692.11,60304.62,4.18782117,0.00010379,0.00332129,0.00207580,0.17310175,0.17517756,880555347.28,21.6405
448,1.2266,2.0376,17.3134,150.19,37237035.21,3611946.87,178532710.33,252252267.44,430784977.77,60285.65,4.18650380,0.00010377,0.00332071,0.00207544,0.17310994,0.17518539,880613632.93,21.6358
449,1.2293,2.0373,17.3110,150.28,37242902.66,3612163.76,178580637.85,252264606.61,430845244.46,60266.69,4.18518689,0.00010375,0.00332013,0.00207508,0.17311815,0.17519323,880671899.62,21.6311
450,1.2320,2.0370,17.3086,150.37,37248769.28,3612380.58,178628550.21,252276941.98,430905492.20,60247.73,4.18387043,0.00010374,0.00331955,0.00207472,0.17312636,0.17520108,880730147.36,21.6263
451,1.2348,2.0367,17.3061,150.46,37254635.08,3612597.34,178676447.41,252289273.57,430965720.98,60228.78,4.18255443,0.00010372,0.00331897,0.00207436,0.17313459,0.17520895,880788376.14,21.6216
452,1.2375,2.0364,17.3037,150.56,37260500.06,3612814.05,178724329.45,252301601.37,431025930.82,60209.84,4.18123888,0.00010370,0.00331840,0.00207400,0.17314283,0.17521683,880846585.98,21.6169
453,1.2402,2.0362,17.3013,150.65,37266364.21,3613030.69,178772196.34,252313925.38,431086121.72,60190.90,4.17992379,0.00010368,0.00331782,0.00207364,0.17315109,0.17522472,880904776.88,21.6121
454,1.2430,2.0359,17.2988,150.74,37272227.53,3613247.26,178820048.09,252326245.61,431146293.69,60171.97,4.17860915,0.00010366,0.00331724,0.00207328,0.17315935,0.17523263,880962948.86,21.6074
455,1.2457,2.0356,17.2964,150.83,37278090.03,3613463.78,178867884.69,252338562.05,431206446.74,60153.05,4.17729496,0.00010365,0.00331666,0.00207292,0.17316763,0.17524054,881021101.90,21.6027
456,1.2485,2.0353,17.2940,150.92,37283951.71,3613680.24,178915706.16,252350874.71,431266580.87,60134.13,4.17598123,0.00010363,0.00331609,0.00207255,0.17317592,0.17524847,881079236.03,21.5979
457,1.2512,2.0350,17.2916,151.02,37289812.57,3613896.63,178963512.49,252363183.60,431326696.09,60115.22,4.17466795,0.00010361,0.00331551,0.00207219,0.17318422,0.17525642,881137351.25,21.5932
458,1.2539,2.0347,17.2891,151.11,37295672.60,3614112.96,179011303.70,252375488.70,431386792.40,60096.31,4.17335512,0.00010359,0.00331493,0.00207183,0.17319254,0.17526437,881195447.56,21.5885
459,1.2567,2.0344,17.2867,151.20,37301531.81,3614329.24,179059079.79,252387790.03,431446869.82,60077.42,4.17204275,0.00010357,0.00331436,0.00207147,0.17320086,0.17527234,881253524.98,21.5837
460,1.2594,2.0342,17.2843,151.29,37307390.19,3614545.45,179106840.75,252400087.59,431506928.34,60058.52,4.17073083,0.00010356,0.00331378,0.00207111,0.17320920,0.17528031,881311583.50,21.5790
461,1.2621,2.0339,17.2818,151.39,37313247.75,3614761.60,179154586.61,252412381.37,431566967.98,60039.64,4.16941936,0.00010354,0.00331320,0.00207075,0.17321755,0.17528830,881369623.14,21.5742
462,1.2649,2.0336,17.2794,151.48,37319104.49,3614977.68,179202317.36,252424671.38,431626988.74,60020.76,4.16810835,0.00010352,0.00331263,0.00207039,0.17322591,0.17529631,881427643.90,21.5695
463,1.2676,2.0333,17.2770,151.57,37324960.40,3615193.71,179250033.00,252436957.62,431686990.63,60001.89,4.16679778,0.00010350,0.00331205,0.00207003,0.17323429,0.17530432,881485645.79,21.5648
464,1.2704,2.0330,17.2746,151.66,37330815.50,3615409.68,179297733.55,252449240.10,431746973.65,59983.02,4.16548767,0.00010348,0.00331148,0.00206967,0.17324268,0.17531235,881543628.81,21.5600
465,1.2731,2.0327,17.2721,151.76,37336669.77,3615625.58,179345419.00,252461518.81,431806937.81,59964.16,4.16417802,0.00010347,0.00331090,0.00206931,0.17325108,0.17532039,881601592.98,21.5553
466,1.2758,2.0324,17.2697,151.85,37342523.21,3615841.43,179393089.37,252473793.76,431866883.13,59945.31,4.16286881,0.00010345,0.00331032,0.00206895,0.17325949,0.17532844,881659538.29,21.5506
467,1.2786,2.0322,17.2673,151.94,37348375.84,3616057.21,179440744.65,252486064.94,431926809.59,59926.46,4.16156006,0.00010343,0.00330975,0.00206859,0.17326791,0.17533651,881717464.75,21.5458
468,1.2813,2.0319,17.2648,152.04,37354227.64,3616272.93,179488384.85,252498332.36,431986717.22,59907.63,4.16025175,0.00010341,0.00330917,0.00206823,0.17327635,0.17534458,881775372.38,21.5411
469,1.2841,2.0316,17.2624,152.13,37360078.62,3616488.59,179536009.98,252510596.03,432046606.01,59888.79,4.15894390,0.00010339,0.00330860,0.00206787,0.17328480,0.17535267,881833261.17,21.5363
470,1.2868,2.0313,17.2600,152.22,37365928.78,3616704.19,179583620.04,252522855.94,432106475.97,59869.97,4.15763650,0.00010338,0.00330802,0.00206751,0.17329326,0.17536077,881891131.14,21.5316
471,1.2895,2.0310,17.2576,152.31,37371778.11,3616919.73,179631215.03,252535112.09,432166327.12,59851.15,4.15632955,0.00010336,0.00330745,0.00206715,0.17330173,0.17536889,881948982.28,21.5269
472,1.2923,2.0307,17.2551,152.41,37377626.62,3617135.21,179678794.96,252547364.49,432226159.45,59832.33,4.15502305,0.00010334,0.00330687,0.00206680,0.17331022,0.17537701,882006814.61,21.5221
473,1.2950,2.0304,17.2527,152.50,37383474.32,3617350.63,179726359.84,252559613.14,432285972.98,59813.52,4.15371700,0.00010332,0.00330630,0.00206644,0.17331871,0.17538515,882064628.14,21.5174
474,1.2977,2.0302,17.2503,152.59,37389321.19,3617565.98,179773909.67,252571858.03,432345767.70,59794.72,4.15241141,0.00010330,0.00330572,0.00206608,0.17332722,0.17539330,882122422.86,21.5126
475,1.3005,2.0299,17.2479,152.69,37395167.23,3617781.28,179821444.45,252584099.18,432405543.63,59775.93,4.15110626,0.00010329,0.00330515,0.00206572,0.17333574,0.17540146,882180198.79,21.5079
476,1.3032,2.0296,17.2454,152.78,37401012.46,3617996.51,179868964.19,252596336.58,432465300.77,59757.14,4.14980156,0.00010327,0.00330457,0.00206536,0.17334428,0.17540964,882237955.94,21.5032
477,1.3060,2.0293,17.2430,152.87,37406856.87,3618211.69,179916468.89,252608570.24,432525039.13,59738.36,4.14849732,0.00010325,0.00330400,0.00206500,0.17335282,0.17541782,882295694.30,21.4984
478,1.3087,2.0290,17.2406,152.97,37412700.45,3618426.80,179963958.56,252620800.16,432584758.72,59719.59,4.14719352,0.00010323,0.00330342,0.00206464,0.17336138,0.17542602,882353413.88,21.4937
479,1.3114,2.0287,17.2382,153.06,37418543.21,3618641.85,180011433.21,252633026.33,432644459.54,59700.82,4.14589017,0.00010321,0.00330285,0.00206428,0.17336995,0.17543423,882411114.70,21.4889
480,1.3142,2.0285,17.2358,153.15,37424385.16,3618856.84,180058892.83,252645248.76,432704141.60,59682.06,4.14458727,0.00010320,0.00330228,0.00206392,0.17337853,0.17544246,882468796.76,21.4842
481,1.3169,2.0282,17.2333,153.25,37430226.28,3619071.77,180106337.44,252657467.46,432763804.90,59663.30,4.14328482,0.00010318,0.00330170,0.00206356,0.17338713,0.17545069,882526460.06,21.4795
482,1.3196,2.0279,17.2309,153.34,37436066.58,3619286.64,180153767.03,252669682.42,432823449.45,59644.55,4.14198282,0.00010316,0.00330113,0.00206321,0.17339573,0.17545894,882584104.61,21.4747
483,1.3224,2.0276,17.2285,153.44,37441906.06,3619501.45,180201181.62,252681893.64,432883075.26,59625.81,4.14068127,0.00010314,0.00330056,0.00206285,0.17340435,0.17546720,882641730.42,21.4700
484,1.3251,2.0273,17.2261,153.53,37447744.72,3619716.20,180248581.20,252694101.13,432942682.33,59607.07,4.13938016,0.00010312,0.00329998,0.00206249,0.17341298,0.17547547,882699337.50,21.4652
485,1.3279,2.0270,17.2237,153.62,37453582.55,3619930.89,180295965.79,252706304.89,433002270.68,59588.34,4.13807951,0.00010311,0.00329941,0.00206213,0.17342163,0.17548376,882756925.84,21.4605
486,1.3306,2.0267,17.2212,153.72,37459419.57,3620145.52,180343335.38,252718504.92,433061840.30,59569.62,4.13677930,0.00010309,0.00329884,0.00206177,0.17343028,0.17549205,882814495.46,21.4557
487,1.3333,2.0265,17.2188,153.81,37465255.77,3620360.09,180390689.98,252730701.23,433121391.21,59550.91,4.13547954,0.00010307,0.00329826,0.00206141,0.17343895,0.17550036,882872046.37,21.4510
488,1.3361,2.0262,17.2164,153.91,37471091.15,3620574.59,180438029.60,252742893.80,433180923.40,59532.20,4.13418023,0.00010305,0.00329769,0.00206106,0.17344763,0.17550868,882929578.56,21.4463
489,1.3388,2.0259,17.2140,154.00,37476925.71,3620789.04,180485354.24,252755082.66,433240436.89,59513.49,4.13288137,0.00010303,0.00329712,0.00206070,0.17345632,0.17551702,882987092.06,21.4415
490,1.3415,2.0256,17.2116,154.09,37482759.44,3621003.43,180532663.90,252767267.79,433299931.69,59494.79,4.13158295,0.00010302,0.00329654,0.00206034,0.17346502,0.17552536,883044586.85,21.4368
491,1.3443,2.0253,17.2091,154.19,37488592.36,3621217.75,180579958.60,252779449.19,433359407.79,59476.10,4.13028499,0.00010300,0.00329597,0.00205998,0.17347374,0.17553372,883102062.95,21.4320
492,1.3470,2.0250,17.2067,154.28,37494424.46,3621432.02,180627238.33,252791626.88,433418865.21,59457.42,4.12898746,0.00010298,0.00329540,0.00205963,0.17348247,0.17554209,883159520.37,21.4273
493,1.3498,2.0247,17.2043,154.38,37500255.74,3621646.22,180674503.10,252803800.86,433478303.95,59438.74,4.12769039,0.00010296,0.00329483,0.00205927,0.17349121,0.17555047,883216959.12,21.4225
494,1.3525,2.0245,17.2019,154.47,37506086.20,3621860.37,180721752.91,252815971.11,433537724.02,59420.07,4.12639376,0.00010295,0.00329426,0.00205891,0.17349996,0.17555887,883274379.19,21.4178
495,1.3552,2.0242,17.1995,154.57,37511915.84,3622074.45,180768987.77,252828137.65,433597125.43,59401.41,4.12509758,0.00010293,0.00329368,0.00205855,0.17350872,0.17556727,883331780.59,21.4131
496,1.3580,2.0239,17.1970,154.66,37517744.66,3622288.48,180816207.69,252840300.48,433656508.18,59382.75,4.12380185,0.00010291,0.00329311,0.00205819,0.17351750,0.17557569,883389163.34,21.4083
497,1.3607,2.0236,17.1946,154.75,37523572.66,3622502.44,180863412.67,252852459.60,433715872.27,59364.09,4.12250656,0.00010289,0.00329254,0.00205784,0.17352629,0.17558412,883446527.43,21.4036
498,1.3634,2.0233,17.1922,154.85,37529399.85,3622716.34,180910602.70,252864615.01,433775217.72,59345.45,4.12121172,0.00010287,0.00329197,0.00205748,0.17353509,0.17559257,883503872.88,21.3988
499,1.3662,2.0230,17.1898,154.94,37535226.21,3622930.19,180957777.81,252876766.72,433834544.53,59326.81,4.11991732,0.00010286,0.00329140,0.00205712,0.17354390,0.17560102,883561199.69,21.3941
500,1.3689,2.0228,17.1874,155.04,37541051.76,3623143.97,181004937.99,252888914.71,433893852.70,59308.18,4.11862337,0.00010284,0.00329083,0.00205677,0.17355272,0.17560949,883618507.87,21.3893
501,1.3717,2.0225,17.1850,155.13,37546876.48,3623357.69,181052083.25,252901059.01,433953142.25,59289.55,4.11732986,0.00010282,0.00329025,0.00205641,0.17356156,0.17561797,883675797.42,21.3846
502,1.3744,2.0222,17.1826,155.23,37552700.39,3623571.36,181099213.59,252913199.60,434012413.18,59270.93,4.11603680,0.00010280,0.00328968,0.00205605,0.17357041,0.17562646,883733068.35,21.3798
503,1.3771,2.0219,17.1801,155.32,37558523.48,3623784.96,181146329.01,252925336.49,434071665.50,59252.32,4.11474419,0.00010278,0.00328911,0.00205570,0.17357927,0.17563496,883790320.66,21.3751
504,1.3799,2.0216,17.1777,155.42,37564345.75,3623998.50,181193429.53,252937469.68,434130899.21,59233.71,4.11345202,0.00010277,0.00328854,0.00205534,0.17358814,0.17564348,883847554.37,21.3703
505,1.3826,2.0213,17.1753,155.51,37570167.21,3624211.98,181240515.15,252949599.17,434190114.32,59215.11,4.11216030,0.00010275,0.00328797,0.00205498,0.17359703,0.17565201,883904769.48,21.3656
506,1.3854,2.0211,17.1729,155.61,37575987.84,3624425.41,181287585.86,252961724.97,434249310.83,59196.51,4.11086902,0.00010273,0.00328740,0.00205463,0.17360592,0.17566055,883961965.99,21.3609
507,1.3881,2.0208,17.1705,155.70,37581807.66,3624638.77,181334641.68,252973847.07,434308488.76,59177.93,4.10957818,0.00010271,0.00328683,0.00205427,0.17361483,0.17566910,884019143.92,21.3561
508,1.3908,2.0205,17.1681,155.80,37587626.66,3624852.07,181381682.61,252985965.49,434367648.10,59159.34,4.10828779,0.00010270,0.00328626,0.00205391,0.17362375,0.17567767,884076303.26,21.3514
509,1.3936,2.0202,17.1657,155.89,37593444.84,3625065.31,181428708.66,252998080.21,434426788.87,59140.77,4.10699784,0.00010268,0.00328569,0.00205356,0.17363269,0.17568624,884133444.03,21.3466
510,1.3963,2.0199,17.1632,155.99,37599262.21,3625278.50,181475719.83,253010191.24,434485911.07,59122.20,4.10570834,0.00010266,0.00328512,0.00205320,0.17364163,0.17569483,884190566.23,21.3419
511,1.3990,2.0196,17.1608,156.08,37605078.76,3625491.62,181522716.12,253022298.59,434545014.71,59103.64,4.10441928,0.00010264,0.00328455,0.00205284,0.17365059,0.17570343,884247669.87,21.3371
512,1.4018,2.0194,17.1584,156.18,37610894.49,3625704.68,181569697.54,253034402.25,434604099.79,59085.08,4.10313066,0.00010262,0.00328398,0.00205249,0.17365956,0.17571205,884304754.95,21.3324
513,1.4045,2.0191,17.1560,156.28,37616709.40,3625917.68,181616664.10,253046502.23,434663166.32,59066.53,4.10184249,0.00010261,0.00328341,0.00205213,0.17366854,0.17572067,884361821.48,21.3276
514,1.4073,2.0188,17.1536,156.37,37622523.50,3626130.63,181663615.79,253058598.52,434722214.31,59047.99,4.10055476,0.00010259,0.00328284,0.00205178,0.17367753,0.17572931,884418869.47,21.3229
515,1.4100,2.0185,17.1512,156.47,37628336.77,3626343.51,181710552.63,253070691.13,434781243.76,59029.45,4.09926747,0.00010257,0.00328227,0.00205142,0.17368654,0.17573796,884475898.92,21.3181
516,1.4127,2.0182,17.1488,156.56,37634149.24,3626556.33,181757474.61,253082780.07,434840254.68,59010.92,4.09798063,0.00010255,0.00328170,0.00205106,0.17369556,0.17574662,884532909.85,21.3134
517,1.4155,2.0179,17.1464,156.66,37639960.88,3626769.10,181804381.75,253094865.33,434899247.08,58992.40,4.09669423,0.00010254,0.00328113,0.00205071,0.17370458,0.17575529,884589902.24,21.3086
518,1.4182,2.0176,17.1440,156.75,37645771.71,3626981.80,181851274.05,253106946.91,434958220.96,58973.88,4.09540827,0.00010252,0.00328056,0.00205035,0.17371363,0.17576398,884646876.12,21.3039
519,1.4209,2.0174,17.1416,156.85,37651581.72,3627194.45,181898151.50,253119024.82,435017176.33,58955.37,4.09412275,0.00010250,0.00328000,0.00205000,0.17372268,0.17577268,884703831.49,21.2991
520,1.4237,2.0171,17.1391,156.95,37657390.92,3627407.03,181945014.13,253131099.06,435076113.19,58936.86,4.09283768,0.00010248,0.00327943,0.00204964,0.17373175,0.17578139,884760768.35,21.2944
521,1.4264,2.0168,17.1367,157.04,37663199.30,3627619.56,181991861.93,253143169.63,435135031.55,58918.36,4.09155305,0.00010246,0.00327886,0.00204929,0.17374082,0.17579011,884817686.72,21.2896
522,1.4292,2.0165,17.1343,157.14,37669006.86,3627832.02,182038694.90,253155236.52,435193931.42,58899.87,4.09026885,0.00010245,0.00327829,0.00204893,0.17374991,0.17579884,884874586.59,21.2849
523,1.4319,2.0162,17.1319,157.23,37674813.61,3628044.43,182085513.05,253167299.76,435252812.81,58881.39,4.08898511,0.00010243,0.00327772,0.00204858,0.17375901,0.17580759,884931467.97,21.2802
524,1.4346,2.0159,17.1295,157.33,37680619.54,3628256.77,182132316.39,253179359.32,435311675.72,58862.91,4.08770180,0.00010241,0.00327715,0.00204822,0.17376813,0.17581635,884988330.88,21.2754
525,1.4374,2.0157,17.1271,157.43,37686424.65,3628469.06,182179104.92,253191415.22,435370520.15,58844.43,4.08641893,0.00010239,0.00327659,0.00204787,0.17377725,0.17582512,885045175.31,21.2707
526,1.4401,2.0154,17.1247,157.52,37692228.95,3628681.29,182225878.65,253203467.47,435429346.11,58825.97,4.08513651,0.00010238,0.00327602,0.00204751,0.17378639,0.17583390,885102001.28,21.2659
527,1.4428,2.0151,17.1223,157.62,37698032.43,3628893.45,182272637.57,253215516.05,435488153.62,58807.51,4.08385452,0.00010236,0.00327545,0.00204716,0.17379554,0.17584270,885158808.78,21.2612
528,1.4456,2.0148,17.1199,157.72,37703835.10,3629105.56,182319381.70,253227560.97,435546942.67,58789.05,4.08257298,0.00010234,0.00327488,0.00204680,0.17380470,0.17585150,885215597.83,21.2564
529,1.4483,2.0145,17.1175,157.81,37709636.96,3629317.61,182366111.04,253239602.23,435605713.27,58770.60,4.08129188,0.00010232,0.00327431,0.00204645,0.17381387,0.17586032,885272368.44,21.2517
530,1.4511,2.0142,17.1151,157.91,37715437.99,3629529.60,182412825.59,253251639.84,435664465.43,58752.16,4.08001121,0.00010230,0.00327375,0.00204609,0.17382306,0.17586915,885329120.60,21.2469
531,1.4538,2.0140,17.1127,158.01,37721238.22,3629741.53,182459525.37,253263673.79,435723199.16,58733.73,4.07873099,0.00010229,0.00327318,0.00204574,0.17383226,0.17587799,885385854.32,21.2422
532,1.4565,2.0137,17.1103,158.10,37727037.62,3629953.40,182506210.36,253275704.10,435781914.46,58715.30,4.07745121,0.00010227,0.00327261,0.00204538,0.17384147,0.17588685,885442569.62,21.2374
533,1.4593,2.0134,17.1079,158.20,37732836.22,3630165.21,182552880.58,253287730.75,435840611.33,58696.87,4.07617186,0.00010225,0.00327205,0.00204503,0.17385069,0.17589572,885499266.50,21.2327
534,1.4620,2.0131,17.1055,158.30,37738633.99,3630376.96,182599536.04,253299753.75,435899289.79,58678.46,4.07489296,0.00010223,0.00327148,0.00204467,0.17385992,0.17590460,885555944.95,21.2279
535,1.4648,2.0128,17.1031,158.39,37744430.96,3630588.66,182646176.73,253311773.11,435957949.84,58660.05,4.07361450,0.00010222,0.00327091,0.00204432,0.17386917,0.17591349,885612605.00,21.2232
536,1.4675,2.0126,17.1007,158.49,37750227.10,3630800.29,182692802.66,253323788.82,436016591.49,58641.65,4.07233647,0.00010220,0.00327035,0.00204397,0.17387842,0.17592239,885669246.65,21.2184
537,1.4702,2.0123,17.0982,158.59,37756022.44,3631011.86,182739413.84,253335800.89,436075214.73,58623.25,4.07105889,0.00010218,0.00326978,0.00204361,0.17388769,0.17593130,885725869.90,21.2137
538,1.4730,2.0120,17.0958,158.68,37761816.96,3631223.38,182786010.27,253347809.32,436133819.59,58604.86,4.06978174,0.00010216,0.00326921,0.00204326,0.17389697,0.17594023,885782474.75,21.2089
539,1.4757,2.0117,17.0934,158.78,37767610.66,3631434.83,182832591.96,253359814.10,436192406.06,58586.47,4.06850503,0.00010215,0.00326865,0.00204290,0.17390627,0.17594917,885839061.23,21.2042
540,1.4784,2.0114,17.0910,158.88,37773403.55,3631646.23,182879158.91,253371815.25,436250974.16,58568.09,4.06722876,0.00010213,0.00326808,0.00204255,0.17391557,0.17595812,885895629.32,21.1994
541,1.4812,2.0111,17.0886,158.97,37779195.63,3631857.57,182925711.12,253383812.76,436309523.88,58549.72,4.06595293,0.00010211,0.00326751,0.00204220,0.17392489,0.17596709,885952179.04,21.1947
542,1.4839,2.0109,17.0862,159.07,37784986.89,3632068.84,182972248.61,253395806.63,436368055.24,58531.36,4.06467754,0.00010209,0.00326695,0.00204184,0.17393422,0.17597606,886008710.40,21.1899
543,1.4867,2.0106,17.0838,159.17,37790777.34,3632280.06,183018771.36,253407796.87,436426568.23,58513.00,4.06340259,0.00010207,0.00326638,0.00204149,0.17394356,0.17598505,886065223.40,21.1851
544,1.4894,2.0103,17.0814,159.27,37796566.98,3632491.22,183065279.40,253419783.48,436485062.88,58494.64,4.06212807,0.00010206,0.00326582,0.00204114,0.17395291,0.17599405,886121718.04,21.1804
545,1.4921,2.0100,17.0790,159.36,37802355.80,3632702.32,183111772.72,253431766.45,436543539.17,58476.30,4.06085399,0.00010204,0.00326525,0.00204078,0.17396228,0.17600306,886178194.34,21.1756
546,1.4949,2.0097,17.0766,159.46,37808143.81,3632913.36,183158251.33,253443745.80,436601997.13,58457.96,4.05958035,0.00010202,0.00326469,0.00204043,0.17397165,0.17601208,886234652.29,21.1709
547,1.4976,2.0094,17.0742,159.56,37813931.01,3633124.35,183204715.23,253455721.52,436660436.75,58439.62,4.05830714,0.00010200,0.00326412,0.00204008,0.17398104,0.17602112,886291091.92,21.1661
548,1.5003,2.0092,17.0718,159.66,37819717.39,3633335.27,183251164.43,253467693.62,436718858.05,58421.30,4.05703438,0.00010199,0.00326356,0.00203972,0.17399044,0.17603017,886347513.21,21.1614
549,1.5031,2.0089,17.0694,159.75,37825502.96,3633546.14,183297598.93,253479662.09,436777261.02,58402.97,4.05576205,0.00010197,0.00326299,0.00203937,0.17399986,0.17603922,886403916.19,21.1566
550,1.5058,2.0086,17.0670,159.85,37831287.71,3633756.94,183344018.74,253491626.94,436835645.68,58384.66,4.05449015,0.00010195,0.00326243,0.00203902,0.17400928,0.17604830,886460300.84,21.1519
551,1.5086,2.0083,17.0646,159.95,37837071.66,3633967.69,183390423.87,253503588.17,436894012.03,58366.35,4.05321870,0.00010193,0.00326186,0.00203866,0.17401872,0.17605738,886516667.19,21.1471
552,1.5113,2.0080,17.0622,160.05,37842854.79,3634178.38,183436814.30,253515545.77,436952360.08,58348.05,4.05194768,0.00010192,0.00326130,0.00203831,0.17402816,0.17606648,886573015.24,21.1424
553,1.5140,2.0077,17.0598,160.14,37848637.10,3634389.01,183483190.06,253527499.77,437010689.83,58329.75,4.05067709,0.00010190,0.00326073,0.00203796,0.17403763,0.17607558,886629344.99,21.1376
554,1.5168,2.0075,17.0574,160.24,37854418.61,3634599.58,183529551.15,253539450.14,437069001.29,58311.46,4.04940695,0.00010188,0.00326017,0.00203760,0.17404710,0.17608470,886685656.45,21.1329
555,1.5195,2.0072,17.0551,160.34,37860199.30,3634810.09,183575897.56,253551396.90,437127294.46,58293.18,4.04813723,0.00010186,0.00325960,0.00203725,0.17405658,0.17609383,886741949.63,21.1281
556,1.5222,2.0069,17.0527,160.44,37865979.18,3635020.54,183622229.31,253563340.05,437185569.36,58274.90,4.04686796,0.00010184,0.00325904,0.00203690,0.17406608,0.17610298,886798224.52,21.1234
557,1.5250,2.0066,17.0503,160.54,37871758.25,3635230.93,183668546.40,253575279.59,437243825.99,58256.63,4.04559912,0.00010183,0.00325848,0.00203655,0.17407558,0.17611213,886854481.15,21.1186
558,1.5277,2.0063,17.0479,160.63,37877536.51,3635441.27,183714848.84,253587215.52,437302064.35,58238.36,4.04433071,0.00010181,0.00325791,0.00203619,0.17408510,0.17612130,886910719.51,21.1139
559,1.5305,2.0061,17.0455,160.73,37883313.95,3635651.55,183761136.62,253599147.84,437360284.46,58220.10,4.04306274,0.00010179,0.00325735,0.00203584,0.17409464,0.17613048,886966939.62,21.1091
560,1.5332,2.0058,17.0431,160.83,37889090.58,3635861.76,183807409.75,253611076.55,437418486.31,58201.85,4.04179521,0.00010177,0.00325678,0.00203549,0.17410418,0.17613967,887023141.47,21.1044
561,1.5359,2.0055,17.0407,160.93,37894866.40,3636071.92,183853668.25,253623001.66,437476669.91,58183.60,4.04052811,0.00010176,0.00325622,0.00203514,0.17411374,0.17614887,887079325.07,21.0996
562,1.5387,2.0052,17.0383,161.03,37900641.41,3636282.02,183899912.11,253634923.17,437534835.28,58165.36,4.03926144,0.00010174,0.00325566,0.00203479,0.17412330,0.17615809,887135490.44,21.0948
563,1.5414,2.0049,17.0359,161.13,37906415.61,3636492.06,183946141.33,253646841.08,437592982.41,58147.13,4.03799521,0.00010172,0.00325509,0.00203443,0.17413288,0.17616732,887191637.57,21.0901
564,1.5441,2.0046,17.0335,161.23,37912189.00,3636702.05,183992355.93,253658755.38,437651111.31,58128.90,4.03672942,0.00010170,0.00325453,0.00203408,0.17414247,0.17617655,887247766.47,21.0853
565,1.5469,2.0044,17.0311,161.32,37917961.57,3636911.97,184038555.90,253670666.09,437709221.99,58110.68,4.03546406,0.00010169,0.00325397,0.00203373,0.17415208,0.17618581,887303877.16,21.0806
566,1.5496,2.0041,17.0287,161.42,37923733.34,3637121.84,184084741.26,253682573.20,437767314.46,58092.47,4.03419913,0.00010167,0.00325341,0.00203338,0.17416169,0.17619507,887359969.62,21.0758
567,1.5524,2.0038,17.0263,161.52,37929504.29,3637331.65,184130912.00,253694476.72,437825388.72,58074.26,4.03293463,0.00010165,0.00325284,0.00203303,0.17417132,0.17620434,887416043.88,21.0711
568,1.5551,2.0035,17.0239,161.62,37935274.43,3637541.39,184177068.13,253706376.65,437883444.78,58056.06,4.03167057,0.00010163,0.00325228,0.00203268,0.17418096,0.17621363,887472099.94,21.0663
569,1.5578,2.0032,17.0215,161.72,37941043.76,3637751.09,184223209.66,253718272.98,437941482.64,58037.86,4.03040695,0.00010162,0.00325172,0.00203232,0.17419061,0.17622293,887528137.80,21.0616
570,1.5606,2.0030,17.0191,161.82,37946812.28,3637960.72,184269336.58,253730165.72,437999502.31,58019.67,4.02914375,0.00010160,0.00325116,0.00203197,0.17420027,0.17623224,887584157.47,21.0568
571,1.5633,2.0027,17.0167,161.92,37952579.99,3638170.29,184315448.91,253742054.88,438057503.79,58001.49,4.02788099,0.00010158,0.00325059,0.00203162,0.17420994,0.17624156,887640158.95,21.0521
572,1.5661,2.0024,17.0144,162.02,37958346.89,3638379.81,184361546.65,253753940.45,438115487.10,57983.31,4.02661867,0.00010156,0.00325003,0.00203127,0.17421963,0.17625090,887696142.26,21.0473
573,1.5688,2.0021,17.0120,162.11,37964112.98,3638589.26,184407629.81,253765822.43,438173452.24,57965.14,4.02535677,0.00010155,0.00324947,0.00203092,0.17422933,0.17626024,887752107.40,21.0426
574,1.5715,2.0018,17.0096,162.21,37969878.26,3638798.66,184453698.38,253777700.83,438231399.21,57946.97,4.02409531,0.00010153,0.00324891,0.00203057,0.17423904,0.17626960,887808054.37,21.0378
575,1.5743,2.0016,17.0072,162.31,37975642.73,3639008.00,184499752.37,253789575.65,438289328.02,57928.81,4.02283428,0.00010151,0.00324835,0.00203022,0.17424876,0.17627897,887863983.19,21.0330
576,1.5770,2.0013,17.0048,162.41,37981406.39,3639217.28,184545791.79,253801446.89,438347238.69,57910.66,4.02157368,0.00010149,0.00324778,0.00202987,0.17425849,0.17628836,887919893.85,21.0283
577,1.5797,2.0010,17.0024,162.51,37987169.23,3639426.51,184591816.65,253813314.55,438405131.20,57892.51,4.02031352,0.00010148,0.00324722,0.00202951,0.17426823,0.17629775,887975786.36,21.0235
578,1.5825,2.0007,17.0000,162.61,37992931.27,3639635.67,184637826.94,253825178.63,438463005.57,57874.37,4.01905378,0.00010146,0.00324666,0.00202916,0.17427799,0.17630716,888031660.74,21.0188
579,1.5852,2.0004,16.9976,162.71,37998692.50,3639844.78,184683822.67,253837039.14,438520861.81,57856.24,4.01779448,0.00010144,0.00324610,0.00202881,0.17428776,0.17631657,888087516.98,21.0140
580,1.5880,2.0001,16.9952,162.81,38004452.92,3640053.83,184729803.85,253848896.08,438578699.93,57838.11,4.01653561,0.00010142,0.00324554,0.00202846,0.17429754,0.17632600,888143355.09,21.0093
581,1.5907,1.9999,16.9928,162.91,38010212.53,3640262.82,184775770.48,253860749.44,438636519.92,57819.99,4.01527718,0.00010141,0.00324498,0.00202811,0.17430733,0.17633545,888199175.08,21.0045
582,1.5934,1.9996,16.9905,163.01,38015971.33,3640471.75,184821722.57,253872599.23,438694321.80,57801.88,4.01401917,0.00010139,0.00324442,0.00202776,0.17431714,0.17634490,888254976.96,20.9998
583,1.5962,1.9993,16.9881,163.11,38021729.32,3640680.63,184867660.11,253884445.45,438752105.56,57783.77,4.01276159,0.00010137,0.00324386,0.00202741,0.17432695,0.17635437,888310760.72,20.9950
584,1.5989,1.9990,16.9857,163.21,38027486.51,3640889.44,184913583.12,253896288.11,438809871.23,57765.66,4.01150445,0.00010135,0.00324330,0.00202706,0.17433678,0.17636384,888366526.39,20.9902
585,1.6016,1.9987,16.9833,163.31,38033242.88,3641098.20,184959491.59,253908127.20,438867618.79,57747.57,4.01024773,0.00010134,0.00324274,0.00202671,0.17434662,0.17637333,888422273.96,20.9855
586,1.6044,1.9985,16.9809,163.41,38038998.45,3641306.90,185005385.55,253919962.72,438925348.27,57729.48,4.00899145,0.00010132,0.00324218,0.00202636,0.17435647,0.17638283,888478003.43,20.9807
587,1.6071,1.9982,16.9785,163.51,38044753.20,3641515.55,185051264.97,253931794.69,438983059.66,57711.39,4.00773560,0.00010130,0.00324162,0.00202601,0.17436634,0.17639235,888533714.83,20.9760
588,1.6099,1.9979,16.9761,163.61,38050507.15,3641724.13,185097129.89,253943623.09,439040752.98,57693.31,4.00648017,0.00010128,0.00324106,0.00202566,0.17437621,0.17640187,888589408.14,20.9712
589,1.6126,1.9976,16.9738,163.71,38056260.29,3641932.66,185142980.29,253955447.93,439098428.22,57675.24,4.00522518,0.00010127,0.00324050,0.00202531,0.17438610,0.17641141,888645083.38,20.9665
590,1.6153,1.9973,16.9714,163.81,38062012.62,3642141.12,185188816.18,253967269.22,439156085.40,57657.18,4.00397062,0.00010125,0.00323994,0.00202496,0.17439600,0.17642096,888700740.56,20.9617
591,1.6181,1.9971,16.9690,163.91,38067764.14,3642349.54,185234637.56,253979086.95,439213724.51,57639.12,4.00271648,0.00010123,0.00323938,0.00202461,0.17440591,0.17643052,888756379.68,20.9569
592,1.6208,1.9968,16.9666,164.01,38073514.85,3642557.89,185280444.45,253990901.13,439271345.58,57621.06,4.00146278,0.00010121,0.00323882,0.00202426,0.17441583,0.17644009,888812000.74,20.9522
593,1.6235,1.9965,16.9642,164.11,38079264.76,3642766.18,185326236.85,254002711.75,439328948.60,57603.02,4.00020951,0.00010120,0.00323826,0.00202391,0.17442576,0.17644968,888867603.76,20.9474
594,1.6263,1.9962,16.9618,164.21,38085013.86,3642974.42,185372014.75,254014518.82,439386533.57,57584.98,3.99895666,0.00010118,0.00323770,0.00202356,0.17443571,0.17645927,888923188.73,20.9427
595,1.6290,1.9959,16.9595,164.31,38090762.14,3643182.60,185417778.17,254026322.34,439444100.51,57566.94,3.99770424,0.00010116,0.00323714,0.00202321,0.17444567,0.17646888,888978755.68,20.9379
596,1.6318,1.9957,16.9571,164.41,38096509.63,3643390.72,185463527.11,254038122.31,439501649.42,57548.91,3.99645226,0.00010114,0.00323658,0.00202286,0.17445564,0.17647850,889034304.59,20.9332
597,1.6345,1.9954,16.9547,164.51,38102256.30,3643598.78,185509261.57,254049918.74,439559180.31,57530.89,3.99520070,0.00010113,0.00323602,0.00202251,0.17446562,0.17648813,889089835.48,20.9284
598,1.6372,1.9951,16.9523,164.61,38108002.17,3643806.79,185554981.57,254061711.62,439616693.19,57512.87,3.99394957,0.00010111,0.00323546,0.00202216,0.17447561,0.17649777,889145348.35,20.9237
599,1.6400,1.9948,16.9499,164.71,38113747.23,3644014.74,185600687.09,254073500.96,439674188.05,57494.86,3.99269887,0.00010109,0.00323490,0.00202182,0.17448562,0.17650743,889200843.21,20.9189
600,1.6427,1.9945,16.9475,164.81,38119491.48,3644222.63,185646378.15,254085286.76,439731664.91,57476.86,3.99144859,0.00010107,0.00323435,0.00202147,0.17449563,0.17651710,889256320.07,20.9141
601,1.6454,1.9943,16.9452,164.91,38125234.92,3644430.46,185692054.76,254097069.01,439789123.77,57458.86,3.99019875,0.00010106,0.00323379,0.00202112,0.17450566,0.17652678,889311778.94,20.9094
602,1.6482,1.9940,16.9428,165.01,38130977.56,3644638.23,185737716.91,254108847.73,439846564.64,57440.87,3.98894933,0.00010104,0.00323323,0.00202077,0.17451570,0.17653647,889367219.81,20.9046
603,1.6509,1.9937,16.9404,165.12,38136719.39,3644845.95,185783364.62,254120622.91,439903987.53,57422.88,3.98770034,0.00010102,0.00323267,0.00202042,0.17452575,0.17654617,889422642.69,20.8999
604,1.6537,1.9934,16.9380,165.22,38142460.42,3645053.61,185828997.87,254132394.56,439961392.43,57404.91,3.98645177,0.00010100,0.00323211,0.00202007,0.17453581,0.17655589,889478047.60,20.8951
605,1.6564,1.9931,16.9356,165.32,38148200.63,3645261.21,185874616.70,254144162.67,440018779.37,57386.93,3.98520364,0.00010099,0.00323156,0.00201972,0.17454589,0.17656561,889533434.53,20.8904
606,1.6591,1.9929,16.9333,165.42,38153940.04,3645468.76,185920221.08,254155927.25,440076148.33,57368.97,3.98395593,0.00010097,0.00323100,0.00201937,0.17455598,0.17657535,889588803.50,20.8856
607,1.6619,1.9926,16.9309,165.52,38159678.65,3645676.24,185965811.04,254167688.30,440133499.34,57351.00,3.98270865,0.00010095,0.00323044,0.00201903,0.17456608,0.17658510,889644154.50,20.8808
608,1.6646,1.9923,16.9285,165.62,38165416.45,3645883.67,186011386.57,254179445.82,440190832.39,57333.05,3.98146179,0.00010093,0.00322988,0.00201868,0.17457619,0.17659486,889699487.55,20.8761
609,1.6674,1.9920,16.9261,165.72,38171153.44,3646091.04,186056947.67,254191199.81,440248147.49,57315.10,3.98021537,0.00010092,0.00322933,0.00201833,0.17458631,0.17660464,889754802.65,20.8713
610,1.6701,1.9917,16.9237,165.82,38176889.62,3646298.36,186102494.37,254202950.28,440305444.65,57297.16,3.97896937,0.00010090,0.00322877,0.00201798,0.17459644,0.17661442,889810099.81,20.8666
611,1.6728,1.9915,16.9214,165.92,38182625.00,3646505.61,186148026.65,254214697.22,440362723.87,57279.22,3.97772379,0.00010088,0.00322821,0.00201763,0.17460659,0.17662422,889865379.03,20.8618
612,1.6756,1.9912,16.9190,166.03,38188359.58,3646712.81,186193544.52,254226440.64,440419985.16,57261.29,3.97647864,0.00010086,0.00322765,0.00201728,0.17461674,0.17663403,889920640.32,20.8570
613,1.6783,1.9909,16.9166,166.13,38194093.34,3646919.95,186239047.99,254238180.54,440477228.53,57243.37,3.97523392,0.00010085,0.00322710,0.00201694,0.17462691,0.17664385,889975883.69,20.8523
614,1.6810,1.9906,16.9142,166.23,38199826.31,3647127.04,186284537.06,254249916.92,440534453.98,57225.45,3.97398962,0.00010083,0.00322654,0.00201659,0.17463709,0.17665368,890031109.14,20.8475
615,1.6838,1.9903,16.9119,166.33,38205558.46,3647334.07,186330011.74,254261649.78,440591661.52,57207.54,3.97274575,0.00010081,0.00322598,0.00201624,0.17464729,0.17666353,890086316.68,20.8428
616,1.6865,1.9901,16.9095,166.43,38211289.81,3647541.04,186375472.03,254273379.13,440648851.15,57189.63,3.97150230,0.00010079,0.00322543,0.00201589,0.17465749,0.17667338,890141506.32,20.8380
617,1.6893,1.9898,16.9071,166.53,38217020.36,3647747.95,186420917.93,254285104.96,440706022.89,57171.73,3.97025928,0.00010078,0.00322487,0.00201554,0.17466771,0.17668325,890196678.05,20.8333
618,1.6920,1.9895,16.9047,166.64,38222750.10,3647954.80,186466349.46,254296827.27,440763176.73,57153.84,3.96901669,0.00010076,0.00322431,0.00201520,0.17467793,0.17669313,890251831.89,20.8285
619,1.6947,1.9892,16.9023,166.74,38228479.03,3648161.60,186511766.60,254308546.08,440820312.68,57135.95,3.96777452,0.00010074,0.00322376,0.00201485,0.17468817,0.17670302,890306967.84,20.8237
620,1.6975,1.9889,16.9000,166.84,38234207.16,3648368.34,186557169.38,254320261.37,440877430.75,57118.07,3.96653277,0.00010073,0.00322320,0.00201450,0.17469843,0.17671293,890362085.91,20.8190
621,1.7002,1.9887,16.8976,166.94,38239934.49,3648575.03,186602557.79,254331973.16,440934530.95,57100.20,3.96529145,0.00010071,0.00322265,0.00201415,0.17470869,0.17672284,890417186.11,20.8142
622,1.7029,1.9884,16.8952,167.04,38245661.01,3648781.65,186647931.84,254343681.43,440991613.28,57082.33,3.96405055,0.00010069,0.00322209,0.00201381,0.17471896,0.17673277,890472268.44,20.8095
623,1.7057,1.9881,16.8928,167.15,38251386.72,3648988.22,186693291.53,254355386.21,441048677.74,57064.47,3.96281008,0.00010067,0.00322154,0.00201346,0.17472925,0.17674271,890527332.90,20.8047
624,1.7084,1.9878,16.8905,167.25,38257111.64,3649194.73,186738636.87,254367087.48,441105724.35,57046.61,3.96157003,0.00010066,0.00322098,0.00201311,0.17473955,0.17675266,890582379.51,20.8000
625,1.7112,1.9875,16.8881,167.35,38262835.74,3649401.19,186783967.86,254378785.24,441162753.11,57028.76,3.96033040,0.00010064,0.00322042,0.00201277,0.17474986,0.17676262,890637408.27,20.7952
626,1.7139,1.9873,16.8857,167.45,38268559.04,3649607.58,186829284.51,254390479.51,441219764.02,57010.91,3.95909120,0.00010062,0.00321987,0.00201242,0.17476018,0.17677259,890692419.18,20.7904
627,1.7166,1.9870,16.8834,167.56,38274281.54,3649813.93,186874586.82,254402170.28,441276757.10,56993.07,3.95785243,0.00010060,0.00321931,0.00201207,0.17477051,0.17678258,890747412.26,20.7857
628,1.7194,1.9867,16.8810,167.66,38280003.24,3650020.21,186919874.79,254413857.55,441333732.34,56975.24,3.95661407,0.00010059,0.00321876,0.00201172,0.17478085,0.17679258,890802387.50,20.7809
629,1.7221,1.9864,16.8786,167.76,38285724.13,3650226.44,186965148.44,254425541.32,441390689.76,56957.42,3.95537614,0.00010057,0.00321820,0.00201138,0.17479121,0.17680259,890857344.92,20.7762
630,1.7248,1.9861,16.8762,167.86,38291444.21,3650432.60,187010407.75,254437221.60,441447629.35,56939.60,3.95413863,0.00010055,0.00321765,0.00201103,0.17480158,0.17681261,890912284.51,20.7714
631,1.7276,1.9859,16.8739,167.97,38297163.49,3650638.72,187055652.75,254448898.38,441504551.13,56921.78,3.95290155,0.00010053,0.00321710,0.00201068,0.17481196,0.17682264,890967206.30,20.7666
632,1.7303,1.9856,16.8715,168.07,38302881.97,3650844.77,187100883.43,254460571.68,441561455.11,56903.97,3.95166489,0.00010052,0.00321654,0.00201034,0.17482235,0.17683269,891022110.27,20.7619
633,1.7331,1.9853,16.8691,168.17,38308599.65,3651050.77,187146099.80,254472241.48,441618341.28,56886.17,3.95042865,0.00010050,0.00321599,0.00200999,0.17483275,0.17684274,891076996.44,20.7571
634,1.7358,1.9850,16.8668,168.27,38314316.52,3651256.71,187191301.86,254483907.80,441675209.66,56868.38,3.94919283,0.00010048,0.00321543,0.00200965,0.17484317,0.17685281,891131864.82,20.7524
635,1.7385,1.9847,16.8644,168.38,38320032.59,3651462.60,187236489.62,254495570.63,441732060.24,56850.59,3.94795744,0.00010046,0.00321488,0.00200930,0.17485359,0.17686289,891186715.41,20.7476
636,1.7413,1.9845,16.8620,168.48,38325747.85,3651668.43,187281663.08,254507229.97,441788893.05,56832.80,3.94672246,0.00010045,0.00321432,0.00200895,0.17486403,0.17687298,891241548.21,20.7428
637,1.7440,1.9842,16.8596,168.58,38331462.31,3651874.20,187326822.24,254518885.83,441845708.07,56815.03,3.94548791,0.00010043,0.00321377,0.00200861,0.17487448,0.17688308,891296363.24,20.7381
638,1.7467,1.9839,16.8573,168.69,38337175.97,3652079.91,187371967.12,254530538.21,441902505.33,56797.25,3.94425378,0.00010041,0.00321322,0.00200826,0.17488494,0.17689320,891351160.49,20.7333
639,1.7495,1.9836,16.8549,168.79,38342888.83,3652285.57,187417097.71,254542187.11,441959284.82,56779.49,3.94302008,0.00010040,0.00321266,0.00200791,0.17489541,0.17690333,891405939.98,20.7286
640,1.7522,1.9834,16.8525,168.89,38348600.88,3652491.17,187462214.02,254553832.53,442016046.55,56761.73,3.94178679,0.00010038,0.00321211,0.00200757,0.17490590,0.17691346,891460701.71,20.7238
641,1.7550,1.9831,16.8502,169.00,38354312.13,3652696.71,187507316.06,254565474.47,442072790.52,56743.98,3.94055393,0.00010036,0.00321156,0.00200722,0.17491639,0.17692361,891515445.69,20.7191
642,1.7577,1.9828,16.8478,169.10,38360022.58,3652902.20,187552403.82,254577112.93,442129516.75,56726.23,3.93932148,0.00010034,0.00321100,0.00200688,0.17492690,0.17693378,891570171.92,20.7143
643,1.7604,1.9825,16.8454,169.20,38365732.23,3653107.63,187597477.32,254588747.92,442186225.24,56708.49,3.93808946,0.00010033,0.00321045,0.00200653,0.17493742,0.17694395,891624880.40,20.7095
644,1.7632,1.9822,16.8431,169.31,38371441.07,3653313.00,187642536.55,254600379.44,442242915.99,56690.75,3.93685786,0.00010031,0.00320990,0.00200619,0.17494795,0.17695414,891679571.16,20.7048
645,1.7659,1.9820,16.8407,169.41,38377149.11,3653518.32,187687581.53,254612007.49,442299589.02,56673.02,3.93562668,0.00010029,0.00320934,0.00200584,0.17495849,0.17696433,891734244.18,20.7000
646,1.7687,1.9817,16.8383,169.51,38382856.35,3653723.58,187732612.26,254623632.06,442356244.32,56655.30,3.93439592,0.00010027,0.00320879,0.00200549,0.17496905,0.17697454,891788899.48,20.6953
647,1.7714,1.9814,16.8360,169.62,38388562.79,3653928.79,187777628.73,254635253.17,442412881.90,56637.58,3.93316557,0.00010026,0.00320824,0.00200515,0.17497961,0.17698476,891843537.07,20.6905
648,1.7741,1.9811,16.8336,169.72,38394268.42,3654133.93,187822630.96,254646870.81,442469501.78,56619.87,3.93193565,0.00010024,0.00320769,0.00200480,0.17499019,0.17699499,891898156.94,20.6857
649,1.7769,1.9808,16.8312,169.82,38399973.25,3654339.02,187867618.95,254658484.99,442526103.95,56602.17,3.93070615,0.00010022,0.00320713,0.00200446,0.17500078,0.17700524,891952759.11,20.6810
650,1.7796,1.9806,16.8289,169.93,38405677.29,3654544.06,187912592.71,254670095.70,442582688.42,56584.47,3.92947707,0.00010021,0.00320658,0.00200411,0.17501138,0.17701549,892007343.58,20.6762
651,1.7823,1.9803,16.8265,170.03,38411380.52,3654749.04,187957552.24,254681702.96,442639255.19,56566.78,3.92824841,0.00010019,0.00320603,0.00200377,0.17502199,0.17702576,892061910.36,20.6715
652,1.7851,1.9800,16.8241,170.14,38417082.95,3654953.96,188002497.54,254693306.75,442695804.28,56549.09,3.92702017,0.00010017,0.00320548,0.00200342,0.17503261,0.17703604,892116459.45,20.6667
653,1.7878,1.9797,16.8218,170.24,38422784.57,3655158.82,188047428.62,254704907.08,442752335.69,56531.41,3.92579235,0.00010015,0.00320493,0.00200308,0.17504325,0.17704633,892170990.86,20.6619
654,1.7906,1.9795,16.8194,170.34,38428485.40,3655363.63,188092345.48,254716503.95,442808849.43,56513.74,3.92456494,0.00010014,0.00320437,0.00200273,0.17505390,0.17705663,892225504.59,20.6572
655,1.7933,1.9792,16.8171,170.45,38434185.42,3655568.38,188137248.12,254728097.37,442865345.50,56496.07,3.92333796,0.00010012,0.00320382,0.00200239,0.17506455,0.17706694,892280000.66,20.6524
656,1.7960,1.9789,16.8147,170.55,38439884.65,3655773.08,188182136.56,254739687.33,442921823.90,56478.40,3.92211139,0.00010010,0.00320327,0.00200204,0.17507522,0.17707727,892334479.06,20.6477
657,1.7988,1.9786,16.8123,170.66,38445583.07,3655977.72,188227010.80,254751273.85,442978284.65,56460.75,3.92088524,0.00010008,0.00320272,0.00200170,0.17508591,0.17708761,892388939.81,20.6429
658,1.8015,1.9783,16.8100,170.76,38451280.69,3656182.30,188271870.84,254762856.91,443034727.74,56443.10,3.91965951,0.00010007,0.00320217,0.00200135,0.17509660,0.17709795,892443382.91,20.6382
659,1.8042,1.9781,16.8076,170.87,38456977.52,3656386.83,188316716.68,254774436.52,443091153.20,56425.45,3.91843420,0.00010005,0.00320162,0.00200101,0.17510730,0.17710831,892497808.36,20.6334
660,1.8070,1.9778,16.8052,170.97,38462673.54,3656591.30,188361548.33,254786012.68,443147561.01,56407.81,3.91720931,0.00010003,0.00320107,0.00200067,0.17511802,0.17711869,892552216.17,20.6286
661,1.8097,1.9775,16.8029,171.08,38468368.76,3656795.71,188406365.80,254797585.39,443203951.19,56390.18,3.91598484,0.00010002,0.00320051,0.00200032,0.17512875,0.17712907,892606606.35,20.6239
662,1.8125,1.9772,16.8005,171.18,38474063.18,3657000.07,188451169.09,254809154.66,443260323.75,56372.56,3.91476078,0.00010000,0.00319996,0.00199998,0.17513949,0.17713947,892660978.91,20.6191
663,1.8152,1.9770,16.7982,171.28,38479756.80,3657204.37,188495958.19,254820720.49,443316678.68,56354.93,3.91353714,0.00009998,0.00319941,0.00199963,0.17515024,0.17714987,892715333.84,20.6144
664,1.8179,1.9767,16.7958,171.39,38485449.62,3657408.61,188540733.13,254832282.87,443373016.00,56337.32,3.91231392,0.00009996,0.00319886,0.00199929,0.17516100,0.17716029,892769671.17,20.6096
665,1.8207,1.9764,16.7934,171.49,38491141.64,3657612.80,188585493.90,254843841.82,443429335.71,56319.71,3.91109111,0.00009995,0.00319831,0.00199895,0.17517178,0.17717072,892823990.88,20.6048
666,1.8234,1.9761,16.7911,171.60,38496832.86,3657816.93,188630240.50,254855397.32,443485637.82,56302.11,3.90986873,0.00009993,0.00319776,0.00199860,0.17518256,0.17718116,892878292.99,20.6001
667,1.8261,1.9758,16.7887,171.70,38502523.28,3658021.01,188674972.95,254866949.39,443541922.34,56284.51,3.90864676,0.00009991,0.00319721,0.00199826,0.17519336,0.17719162,892932577.50,20.5953
668,1.8289,1.9756,16.7864,171.81,38508212.90,3658225.03,188719691.24,254878498.02,443598189.26,56266.92,3.90742520,0.00009990,0.00319666,0.00199791,0.17520417,0.17720208,892986844.42,20.5906
669,1.8316,1.9753,16.7840,171.91,38513901.73,3658429.00,188764395.39,254890043.21,443654438.60,56249.34,3.90620406,0.00009988,0.00319611,0.00199757,0.17521499,0.17721256,893041093.76,20.5858
670,1.8344,1.9750,16.7816,172.02,38519589.75,3658632.90,188809085.38,254901584.98,443710670.36,56231.76,3.90498334,0.00009986,0.00319556,0.00199723,0.17522582,0.17722305,893095325.52,20.5810
671,1.8371,1.9747,16.7793,172.12,38525276.97,3658836.76,188853761.24,254913123.31,443766884.55,56214.19,3.90376304,0.00009984,0.00319501,0.00199688,0.17523666,0.17723355,893149539.71,20.5763
672,1.8398,1.9745,16.7769,172.23,38530963.40,3659040.55,188898422.96,254924658.21,443823081.17,56196.62,3.90254315,0.00009983,0.00319446,0.00199654,0.17524752,0.17724406,893203736.33,20.5715
673,1.8426,1.9742,16.7746,172.33,38536649.02,3659244.29,188943070.55,254936189.68,443879260.23,56179.06,3.90132368,0.00009981,0.00319391,0.00199620,0.17525838,0.17725458,893257915.39,20.5668
674,1.8453,1.9739,16.7722,172.44,38542333.85,3659447.98,188987704.01,254947717.73,443935421.74,56161.51,3.90010462,0.00009979,0.00319336,0.00199585,0.17526926,0.17726511,893312076.90,20.5620
675,1.8480,1.9736,16.7699,172.55,38548017.87,3659651.60,189032323.34,254959242.35,443991565.69,56143.96,3.89888598,0.00009978,0.00319282,0.00199551,0.17528015,0.17727566,893366220.86,20.5572
676,1.8508,1.9733,16.7675,172.65,38553701.10,3659855.18,189076928.56,254970763.55,444047692.11,56126.42,3.89766775,0.00009976,0.00319227,0.00199517,0.17529105,0.17728622,893420347.27,20.5525
677,1.8535,1.9731,16.7651,172.76,38559383.53,3660058.69,189121519.67,254982281.32,444103800.99,56108.88,3.89644994,0.00009974,0.00319172,0.00199482,0.17530196,0.17729679,893474456.15,20.5477
678,1.8563,1.9728,16.7628,172.86,38565065.16,3660262.15,189166096.66,254993795.67,444159892.34,56091.35,3.89523255,0.00009972,0.00319117,0.00199448,0.17531289,0.17730737,893528547.50,20.5430
679,1.8590,1.9725,16.7604,172.97,38570746.00,3660465.56,189210659.55,255005306.61,444215966.16,56073.82,3.89401557,0.00009971,0.00319062,0.00199414,0.17532382,0.17731796,893582621.32,20.5382
680,1.8617,1.9722,16.7581,173.07,38576426.03,3660668.91,189255208.34,255016814.12,444272022.47,56056.31,3.89279900,0.00009969,0.00319007,0.00199379,0.17533477,0.17732857,893636677.63,20.5335
681,1.8645,1.9720,16.7557,173.18,38582105.27,3660872.20,189299743.04,255028318.22,444328061.26,56038.79,3.89158285,0.00009967,0.00318952,0.00199345,0.17534573,0.17733918,893690716.42,20.5287
682,1.8672,1.9717,16.7534,173.29,38587783.71,3661075.44,189344263.64,255039818.91,444384082.55,56021.29,3.89036712,0.00009966,0.00318897,0.00199311,0.17535670,0.17734981,893744737.71,20.5239
683,1.8700,1.9714,16.7510,173.39,38593461.35,3661278.62,189388770.15,255051316.18,444440086.33,56003.79,3.88915179,0.00009964,0.00318843,0.00199277,0.17536768,0.17736045,893798741.50,20.5192
684,1.8727,1.9711,16.7487,173.50,38599138.19,3661481.74,189433262.58,255062810.04,444496072.62,55986.29,3.88793689,0.00009962,0.00318788,0.00199242,0.17537868,0.17737110,893852727.79,20.5144
685,1.8754,1.9708,16.7463,173.60,38604814.24,3661684.81,189477740.94,255074300.49,444552041.43,55968.80,3.88672239,0.00009960,0.00318733,0.00199208,0.17538968,0.17738176,893906696.59,20.5097
686,1.8782,1.9706,16.7440,173.71,38610489.48,3661887.83,189522205.22,255085787.53,444607992.75,55951.32,3.88550831,0.00009959,0.00318678,0.00199174,0.17540070,0.17739244,893960647.91,20.5049
687,1.8809,1.9703,16.7416,173.82,38616163.93,3662090.79,189566655.43,255097271.16,444663926.59,55933.84,3.88429465,0.00009957,0.00318624,0.00199140,0.17541172,0.17740312,894014581.75,20.5001
688,1.8836,1.9700,16.7392,173.92,38621837.59,3662293.69,189611091.57,255108751.39,444719842.96,55916.37,3.88308139,0.00009955,0.00318569,0.00199105,0.17542276,0.17741382,894068498.12,20.4954
689,1.8864,1.9697,16.7369,174.03,38627510.44,3662496.54,189655513.66,255120228.21,444775741.87,55898.91,3.88186855,0.00009954,0.00318514,0.00199071,0.17543381,0.17742453,894122397.03,20.4906
690,1.8891,1.9695,16.7345,174.14,38633182.50,3662699.33,189699921.68,255131701.63,444831623.32,55881.45,3.88065613,0.00009952,0.00318459,0.00199037,0.17544487,0.17743525,894176278.48,20.4859
691,1.8919,1.9692,16.7322,174.24,38638853.76,3662902.06,189744315.66,255143171.65,444887487.31,55864.00,3.87944411,0.00009950,0.00318405,0.00199003,0.17545595,0.17744598,894230142.47,20.4811
692,1.8946,1.9689,16.7298,174.35,38644524.22,3663104.74,189788695.59,255154638.27,444943333.86,55846.55,3.87823251,0.00009948,0.00318350,0.00198969,0.17546703,0.17745672,894283989.02,20.4763
693,1.8973,1.9686,16.7275,174.45,38650193.89,3663307.37,189833061.48,255166101.49,444999162.97,55829.11,3.87702132,0.00009947,0.00318295,0.00198934,0.17547813,0.17746747,894337818.13,20.4716
694,1.9001,1.9684,16.7251,174.56,38655862.76,3663509.94,189877413.32,255177561.32,445054974.64,55811.67,3.87581055,0.00009945,0.00318240,0.00198900,0.17548924,0.17747824,894391629.80,20.4668
695,1.9028,1.9681,16.7228,174.67,38661530.84,3663712.45,189921751.14,255189017.74,445110768.88,55794.24,3.87460019,0.00009943,0.00318186,0.00198866,0.17550036,0.17748902,894445424.04,20.4621
696,1.9055,1.9678,16.7204,174.78,38667198.11,3663914.91,189966074.92,255200470.78,445166545.70,55776.82,3.87339023,0.00009942,0.00318131,0.00198832,0.17551149,0.17749981,894499200.86,20.4573
697,1.9083,1.9675,16.7181,174.88,38672864.60,3664117.31,190010384.68,255211920.42,445222305.10,55759.40,3.87218070,0.00009940,0.00318077,0.00198798,0.17552263,0.17751061,894552960.27,20.4526
698,1.9110,1.9673,16.7157,174.99,38678530.28,3664319.66,190054680.42,255223366.67,445278047.09,55741.99,3.87097157,0.00009938,0.00318022,0.00198764,0.17553378,0.17752142,894606702.26,20.4478
699,1.9138,1.9670,16.7134,175.10,38684195.17,3664521.95,190098962.14,255234809.53,445333771.68,55724.59,3.86976285,0.00009936,0.00317967,0.00198730,0.17554495,0.17753224,894660426.84,20.4430
700,1.9165,1.9667,16.7110,175.20,38689859.26,3664724.19,190143229.86,255246249.01,445389478.86,55707.19,3.86855455,0.00009935,0.00317913,0.00198695,0.17555613,0.17754308,894714134.03,20.4383
701,1.9192,1.9664,16.7087,175.31,38695522.56,3664926.37,190187483.56,255257685.10,445445168.66,55689.79,3.86734666,0.00009933,0.00317858,0.00198661,0.17556731,0.17755393,894767823.82,20.4335
702,1.9220,1.9661,16.7063,175.42,38701185.06,3665128.49,190231723.26,255269117.80,445500841.06,55672.40,3.86613918,0.00009931,0.00317803,0.00198627,0.17557851,0.17756478,894821496.22,20.4288
703,1.9247,1.9659,16.7040,175.52,38706846.77,3665330.56,190275948.96,255280547.12,445556496.08,55655.02,3.86493211,0.00009930,0.00317749,0.00198593,0.17558972,0.17757565,894875151.24,20.4240
704,1.9274,1.9656,16.7016,175.63,38712507.68,3665532.58,190320160.67,255291973.06,445612133.73,55637.65,3.86372545,0.00009928,0.00317694,0.00198559,0.17560095,0.17758654,894928788.89,20.4192
705,1.9302,1.9653,16.6993,175.74,38718167.79,3665734.54,190364358.39,255303395.61,445667754.00,55620.28,3.86251920,0.00009926,0.00317640,0.00198525,0.17561218,0.17759743,894982409.17,20.4145
706,1.9329,1.9650,16.6970,175.85,38723827.11,3665936.44,190408542.13,255314814.79,445723356.92,55602.91,3.86131336,0.00009925,0.00317585,0.00198491,0.17562343,0.17760833,895036012.08,20.4097
707,1.9357,1.9648,16.6946,175.95,38729485.63,3666138.29,190452711.88,255326230.59,445778942.47,55585.55,3.86010793,0.00009923,0.00317531,0.00198457,0.17563468,0.17761925,895089597.63,20.4050
708,1.9384,1.9645,16.6923,176.06,38735143.36,3666340.09,190496867.66,255337643.02,445834510.67,55568.20,3.85890292,0.00009921,0.00317476,0.00198423,0.17564595,0.17763018,895143165.84,20.4002
709,1.9411,1.9642,16.6899,176.17,38740800.30,3666541.82,190541009.46,255349052.07,445890061.53,55550.86,3.85769831,0.00009919,0.00317422,0.00198389,0.17565723,0.17764111,895196716.69,20.3955
710,1.9439,1.9639,16.6876,176.28,38746456.44,3666743.51,190585137.30,255360457.74,445945595.04,55533.52,3.85649411,0.00009918,0.00317367,0.00198355,0.17566852,0.17765207,895250250.21,20.3907
711,1.9466,1.9637,16.6852,176.39,38752111.78,3666945.14,190629251.18,255371860.05,446001111.23,55516.18,3.85529032,0.00009916,0.00317313,0.00198320,0.17567982,0.17766303,895303766.39,20.3859
712,1.9493,1.9634,16.6829,176.49,38757766.33,3667146.71,190673351.09,255383258.98,446056610.08,55498.85,3.85408695,0.00009914,0.00317258,0.00198286,0.17569114,0.17767400,895357265.24,20.3812
713,1.9521,1.9631,16.6805,176.60,38763420.08,3667348.23,190717437.05,255394654.55,446112091.61,55481.53,3.85288398,0.00009913,0.00317204,0.00198252,0.17570246,0.17768499,895410746.77,20.3764
714,1.9548,1.9628,16.6782,176.71,38769073.04,3667549.69,190761509.07,255406046.75,446167555.82,55464.21,3.85168142,0.00009911,0.00317149,0.00198218,0.17571380,0.17769598,895464210.98,20.3717
715,1.9576,1.9626,16.6759,176.82,38774725.21,3667751.10,190805567.13,255417435.59,446223002.72,55446.90,3.85047927,0.00009909,0.00317095,0.00198184,0.17572515,0.17770699,895517657.88,20.3669
716,1.9603,1.9623,16.6735,176.93,38780376.58,3667952.45,190849611.26,255428821.06,446278432.32,55429.60,3.84927753,0.00009908,0.00317041,0.00198150,0.17573650,0.17771801,895571087.48,20.3621
717,1.9630,1.9620,16.6712,177.03,38786027.16,3668153.75,190893641.45,255440203.16,446333844.61,55412.30,3.84807619,0.00009906,0.00316986,0.00198116,0.17574788,0.17772904,895624499.78,20.3574
718,1.9658,1.9617,16.6688,177.14,38791676.94,3668354.99,190937657.71,255451581.91,446389239.62,55395.00,3.84687527,0.00009904,0.00316932,0.00198082,0.17575926,0.17774008,895677894.78,20.3526
719,1.9685,1.9615,16.6665,177.25,38797325.93,3668556.18,190981660.04,255462957.30,446444617.33,55377.72,3.84567476,0.00009902,0.00316877,0.00198048,0.17577065,0.17775113,895731272.50,20.3479
720,1.9713,1.9612,16.6641,177.36,38802974.13,3668757.32,191025648.45,255474329.32,446499977.77,55360.43,3.84447465,0.00009901,0.00316823,0.00198014,0.17578206,0.17776220,895784632.93,20.3431
721,1.9740,1.9609,16.6618,177.47,38808621.53,3668958.39,191069622.93,255485698.00,446555320.93,55343.16,3.84327495,0.00009899,0.00316769,0.00197980,0.17579347,0.17777328,895837976.09,20.3384
722,1.9767,1.9606,16.6595,177.58,38814268.14,3669159.42,191113583.51,255497063.31,446610646.82,55325.89,3.84207566,0.00009897,0.00316714,0.00197946,0.17580490,0.17778436,895891301.98,20.3336
723,1.9795,1.9604,16.6571,177.68,38819913.95,3669360.39,191157530.17,255508425.27,446665955.44,55308.63,3.84087678,0.00009896,0.00316660,0.00197912,0.17581634,0.17779546,895944610.61,20.3288
724,1.9822,1.9601,16.6548,177.79,38825558.98,3669561.30,191201462.93,255519783.88,446721246.81,55291.37,3.83967830,0.00009894,0.00316606,0.00197879,0.17582779,0.17780657,895997901.97,20.3241
725,1.9849,1.9598,16.6524,177.90,38831203.20,3669762.16,191245381.78,255531139.14,446776520.93,55274.12,3.83848023,0.00009892,0.00316551,0.00197845,0.17583925,0.17781770,896051176.09,20.3193
726,1.9877,1.9595,16.6501,178.01,38836846.64,3669962.96,191289286.74,255542491.05,446831777.80,55256.87,3.83728257,0.00009891,0.00316497,0.00197811,0.17585072,0.17782883,896104432.96,20.3146
727,1.9904,1.9593,16.6478,178.12,38842489.28,3670163.71,191333177.81,255553839.61,446887017.42,55239.63,3.83608532,0.00009889,0.00316443,0.00197777,0.17586221,0.17783998,896157672.59,20.3098
728,1.9932,1.9590,16.6454,178.23,38848131.13,3670364.41,191377054.99,255565184.83,446942239.82,55222.39,3.83488847,0.00009887,0.00316389,0.00197743,0.17587370,0.17785113,896210894.98,20.3051
729,1.9959,1.9587,16.6431,178.34,38853772.19,3670565.05,191420918.28,255576526.70,446997444.98,55205.17,3.83369204,0.00009885,0.00316334,0.00197709,0.17588521,0.17786230,896264100.15,20.3003
730,1.9986,1.9584,16.6407,178.45,38859412.45,3670765.63,191464767.70,255587865.23,447052632.93,55187.94,3.83249600,0.00009884,0.00316280,0.00197675,0.17589673,0.17787348,896317288.09,20.2955
731,2.0014,1.9581,16.6384,178.56,38865051.92,3670966.16,191508603.24,255599200.41,447107803.65,55170.73,3.83130038,0.00009882,0.00316226,0.00197641,0.17590826,0.17788467,896370458.81,20.2908
732,2.0041,1.9579,16.6361,178.66,38870690.60,3671166.64,191552424.91,255610532.25,447162957.17,55153.51,3.83010516,0.00009880,0.00316172,0.00197607,0.17591980,0.17789587,896423612.33,20.2860
733,2.0068,1.9576,16.6337,178.77,38876328.49,3671367.06,191596232.72,255621860.76,447218093.47,55136.31,3.82891034,0.00009879,0.00316117,0.00197573,0.17593135,0.17790709,896476748.64,20.2813
734,2.0096,1.9573,16.6314,178.88,38881965.58,3671567.42,191640026.66,255633185.93,447273212.58,55119.11,3.82771594,0.00009877,0.00316063,0.00197539,0.17594292,0.17791831,896529867.75,20.2765
735,2.0123,1.9570,16.6290,178.99,38887601.89,3671767.73,191683806.74,255644507.76,447328314.50,55101.92,3.82652194,0.00009875,0.00316009,0.00197506,0.17595449,0.17792955,896582969.66,20.2718
736,2.0151,1.9568,16.6267,179.10,38893237.40,3671967.99,191727572.98,255655826.25,447383399.23,55084.73,3.82532834,0.00009874,0.00315955,0.00197472,0.17596608,0.17794080,896636054.39,20.2670
737,2.0178,1.9565,16.6244,179.21,38898872.11,3672168.19,191771325.36,255667141.41,447438466.77,55067.55,3.82413515,0.00009872,0.00315901,0.00197438,0.17597768,0.17795206,896689121.94,20.2623
738,2.0205,1.9562,16.6220,179.32,38904506.04,3672368.34,191815063.90,255678453.25,447493517.14,55050.37,3.82294237,0.00009870,0.00315846,0.00197404,0.17598929,0.17796333,896742172.31,20.2575
739,2.0233,1.9559,16.6197,179.43,38910139.18,3672568.44,191858788.60,255689761.75,447548550.34,55033.20,3.82174999,0.00009869,0.00315792,0.00197370,0.17600091,0.17797461,896795205.51,20.2527
740,2.0260,1.9557,16.6174,179.54,38915771.52,3672768.47,191902499.46,255701066.92,447603566.38,55016.04,3.82055801,0.00009867,0.00315738,0.00197336,0.17601254,0.17798590,896848221.54,20.2480
741,2.0287,1.9554,16.6150,179.65,38921403.07,3672968.46,191946196.50,255712368.76,447658565.26,54998.88,3.81936644,0.00009865,0.00315684,0.00197303,0.17602418,0.17799721,896901220.42,20.2432
742,2.0315,1.9551,16.6127,179.76,38927033.83,3673168.39,191989879.70,255723667.28,447713546.98,54981.72,3.81817528,0.00009863,0.00315630,0.00197269,0.17603584,0.17800852,896954202.14,20.2385
743,2.0342,1.9549,16.6104,179.87,38932663.80,3673368.26,192033549.09,255734962.47,447768511.56,54964.58,3.81698452,0.00009862,0.00315576,0.00197235,0.17604750,0.17801985,897007166.72,20.2337
744,2.0370,1.9546,16.6080,179.98,38938292.98,3673568.09,192077204.65,255746254.34,447823458.99,54947.44,3.81579417,0.00009860,0.00315522,0.00197201,0.17605918,0.17803119,897060114.16,20.2290
745,2.0397,1.9543,16.6057,180.09,38943921.37,3673767.85,192120846.41,255757542.89,447878389.29,54930.30,3.81460421,0.00009858,0.00315468,0.00197167,0.17607087,0.17804254,897113044.46,20.2242
746,2.0424,1.9540,16.6034,180.20,38949548.96,3673967.56,192164474.35,255768828.12,447933302.47,54913.17,3.81341467,0.00009857,0.00315414,0.00197134,0.17608257,0.17805390,897165957.63,20.2194
747,2.0452,1.9538,16.6010,180.31,38955175.77,3674167.22,192208088.49,255780110.02,447988198.51,54896.05,3.81222553,0.00009855,0.00315360,0.00197100,0.17609428,0.17806528,897218853.68,20.2147
748,2.0479,1.9535,16.5987,180.42,38960801.78,3674366.83,192251688.83,255791388.62,448043077.44,54878.93,3.81103679,0.00009853,0.00315306,0.00197066,0.17610600,0.17807666,897271732.61,20.2099
749,2.0507,1.9532,16.5964,180.53,38966427.01,3674566.37,192295275.37,255802663.89,448097939.26,54861.82,3.80984845,0.00009852,0.00315252,0.00197032,0.17611774,0.17808806,897324594.42,20.2052
750,2.0534,1.9529,16.5940,180.64,38972051.44,3674765.87,192338848.12,255813935.85,448152783.97,54844.71,3.80866052,0.00009850,0.00315198,0.00196999,0.17612948,0.17809947,897377439.13,20.2004
751,2.0561,1.9527,16.5917,180.75,38977675.08,3674965.31,192382407.08,255825204.50,448207611.58,54827.61,3.80747299,0.00009848,0.00315144,0.00196965,0.17614124,0.17811088,897430266.75,20.1957
752,2.0589,1.9524,16.5894,180.86,38983297.94,3675164.70,192425952.26,255836469.84,448262422.10,54810.52,3.80628587,0.00009847,0.00315090,0.00196931,0.17615300,0.17812231,897483077.26,20.1909
753,2.0616,1.9521,16.5870,180.97,38988920.00,3675364.03,192469483.66,255847731.86,448317215.53,54793.43,3.80509915,0.00009845,0.00315036,0.00196897,0.17616478,0.17813376,897535870.69,20.1862
754,2.0643,1.9518,16.5847,181.08,38994541.27,3675563.31,192513001.29,255858990.58,448371991.87,54776.34,3.80391283,0.00009843,0.00314982,0.00196864,0.17617657,0.17814521,897588647.03,20.1814
755,2.0671,1.9516,16.5824,181.19,39000161.76,3675762.53,192556505.15,255870245.99,448426751.14,54759.27,3.80272691,0.00009841,0.00314928,0.00196830,0.17618837,0.17815667,897641406.30,20.1767
756,2.0698,1.9513,16.5800,181.31,39005781.45,3675961.70,192599995.24,255881498.10,448481493.34,54742.20,3.80154140,0.00009840,0.00314874,0.00196796,0.17620019,0.17816815,897694148.50,20.1719
757,2.0726,1.9510,16.5777,181.42,39011400.35,3676160.82,192643471.57,255892746.90,448536218.47,54725.13,3.80035629,0.00009838,0.00314820,0.00196762,0.17621201,0.17817964,897746873.63,20.1671
758,2.0753,1.9507,16.5754,181.53,39017018.47,3676359.88,192686934.14,255903992.39,448590926.54,54708.07,3.79917158,0.00009836,0.00314766,0.00196729,0.17622385,0.17819113,897799581.70,20.1624
759,2.0780,1.9505,16.5731,181.64,39022635.79,3676558.89,192730382.96,255915234.59,448645617.55,54691.02,3.79798727,0.00009835,0.00314712,0.00196695,0.17623569,0.17820264,897852272.72,20.1576
760,2.0808,1.9502,16.5707,181.75,39028252.33,3676757.84,192773818.04,255926473.48,448700291.52,54673.97,3.79680337,0.00009833,0.00314658,0.00196661,0.17624755,0.17821416,897904946.68,20.1529
761,2.0835,1.9499,16.5684,181.86,39033868.07,3676956.74,192817239.37,255937709.08,448754948.45,54656.93,3.79561986,0.00009831,0.00314604,0.00196628,0.17625942,0.17822570,897957603.61,20.1481
762,2.0862,1.9496,16.5661,181.97,39039483.03,3677155.58,192860646.96,255948941.38,448809588.34,54639.89,3.79443676,0.00009830,0.00314550,0.00196594,0.17627130,0.17823724,898010243.50,20.1434
763,2.0890,1.9494,16.5637,182.08,39045097.20,3677354.38,192904040.81,255960170.38,448864211.20,54622.86,3.79325406,0.00009828,0.00314497,0.00196560,0.17628319,0.17824879,898062866.36,20.1386
764,2.0917,1.9491,16.5614,182.19,39050710.58,3677553.11,192947420.93,255971396.09,448918817.03,54605.83,3.79207176,0.00009826,0.00314443,0.00196527,0.17629509,0.17826036,898115472.19,20.1339
765,2.0945,1.9488,16.5591,182.31,39056323.17,3677751.80,192990787.33,255982618.51,448973405.84,54588.81,3.79088987,0.00009825,0.00314389,0.00196493,0.17630701,0.17827194,898168061.01,20.1291
766,2.0972,1.9485,16.5568,182.42,39061934.97,3677950.43,193034140.01,255993837.64,449027977.64,54571.80,3.78970837,0.00009823,0.00314335,0.00196459,0.17631893,0.17828353,898220632.81,20.1244
767,2.0999,1.9483,16.5544,182.53,39067545.98,3678149.00,193077478.97,256005053.47,449082532.44,54554.79,3.78852728,0.00009821,0.00314281,0.00196426,0.17633087,0.17829513,898273187.60,20.1196
768,2.1027,1.9480,16.5521,182.64,39073156.21,3678347.52,193120804.21,256016266.02,449137070.23,54537.79,3.78734658,0.00009820,0.00314228,0.00196392,0.17634282,0.17830674,898325725.39,20.1148
769,2.1054,1.9477,16.5498,182.75,39078765.64,3678545.99,193164115.74,256027475.28,449191591.02,54520.79,3.78616629,0.00009818,0.00314174,0.00196359,0.17635478,0.17831836,898378246.18,20.1101
770,2.1081,1.9474,16.5475,182.86,39084374.29,3678744.40,193207413.58,256038681.25,449246094.83,54503.80,3.78498639,0.00009816,0.00314120,0.00196325,0.17636675,0.17833000,898430749.99,20.1053
771,2.1109,1.9472,16.5451,182.98,39089982.15,3678942.76,193250697.71,256049883.94,449300581.65,54486.82,3.78380690,0.00009815,0.00314066,0.00196291,0.17637873,0.17834164,898483236.81,20.1006
772,2.1136,1.9469,16.5428,183.09,39095589.22,3679141.07,193293968.14,256061083.35,449355051.49,54469.84,3.78262781,0.00009813,0.00314013,0.00196258,0.17639072,0.17835330,898535706.65,20.0958
773,2.1164,1.9466,16.5405,183.20,39101195.51,3679339.32,193337224.88,256072279.47,449409504.35,54452.87,3.78144911,0.00009811,0.00313959,0.00196224,0.17640272,0.17836497,898588159.52,20.0911
774,2.1191,1.9464,16.5382,183.31,39106801.00,3679537.52,193380467.94,256083472.32,449463940.25,54435.90,3.78027082,0.00009810,0.00313905,0.00196191,0.17641474,0.17837665,898640595.42,20.0863
775,2.1218,1.9461,16.5358,183.42,39112405.71,3679735.67,193423697.31,256094661.88,449518359.19,54418.94,3.77909293,0.00009808,0.00313851,0.00196157,0.17642676,0.17838834,898693014.35,20.0816
776,2.1246,1.9458,16.5335,183.54,39118009.63,3679933.76,193466913.00,256105848.17,449572761.17,54401.98,3.77791543,0.00009806,0.00313798,0.00196124,0.17643880,0.17840004,898745416.34,20.0768
777,2.1273,1.9455,16.5312,183.65,39123612.77,3680131.80,193510115.02,256117031.18,449627146.21,54385.03,3.77673834,0.00009804,0.00313744,0.00196090,0.17645085,0.17841175,898797801.37,20.0721
778,2.1300,1.9453,16.5289,183.76,39129215.11,3680329.78,193553303.37,256128210.92,449681514.29,54368.09,3.77556164,0.00009803,0.00313690,0.00196056,0.17646291,0.17842348,898850169.46,20.0673
779,2.1328,1.9450,16.5265,183.87,39134816.67,3680527.71,193596478.05,256139387.39,449735865.44,54351.15,3.77438534,0.00009801,0.00313637,0.00196023,0.17647498,0.17843521,898902520.60,20.0626
780,2.1355,1.9447,16.5242,183.98,39140417.44,3680725.59,193639639.08,256150560.58,449790199.66,54334.22,3.77320945,0.00009799,0.00313583,0.00195989,0.17648706,0.17844696,898954854.82,20.0578
781,2.1383,1.9444,16.5219,184.10,39146017.43,3680923.41,193682786.44,256161730.51,449844516.95,54317.29,3.77203395,0.00009798,0.00313529,0.00195956,0.17649916,0.17845872,899007172.11,20.0531
782,2.1410,1.9442,16.5196,184.21,39151616.62,3681121.18,193725920.15,256172897.16,449898817.31,54300.37,3.77085885,0.00009796,0.00313476,0.00195922,0.17651126,0.17847049,899059472.48,20.0483
783,2.1437,1.9439,16.5173,184.32,39157215.04,3681318.89,193769040.22,256184060.55,449953100.77,54283.45,3.76968414,0.00009794,0.00313422,0.00195889,0.17652338,0.17848227,899111755.93,20.0436
784,2.1465,1.9436,16.5149,184.44,39162812.66,3681516.56,193812146.63,256195220.67,450007367.31,54266.54,3.76850984,0.00009793,0.00313369,0.00195855,0.17653551,0.17849406,899164022.47,20.0388
785,2.1492,1.9433,16.5126,184.55,39168409.50,3681714.16,193855239.41,256206377.53,450061616.94,54249.64,3.76733593,0.00009791,0.00313315,0.00195822,0.17654764,0.17850586,899216272.11,20.0341
786,2.1520,1.9431,16.5103,184.66,39174005.55,3681911.72,193898318.56,256217531.12,450115849.68,54232.74,3.76616242,0.00009789,0.00313261,0.00195788,0.17655979,0.17851768,899268504.85,20.0293
787,2.1547,1.9428,16.5080,184.77,39179600.81,3682109.22,193941384.07,256228681.46,450170065.53,54215.85,3.76498931,0.00009788,0.00313208,0.00195755,0.17657195,0.17852950,899320720.69,20.0246
788,2.1574,1.9425,16.5057,184.89,39185195.29,3682306.67,193984435.96,256239828.53,450224264.49,54198.96,3.76381660,0.00009786,0.00313154,0.00195721,0.17658413,0.17854134,899372919.65,20.0198
789,2.1602,1.9423,16.5033,185.00,39190788.99,3682504.06,194027474.22,256250972.35,450278446.57,54182.08,3.76264428,0.00009784,0.00313101,0.00195688,0.17659631,0.17855319,899425101.73,20.0150
790,2.1629,1.9420,16.5010,185.11,39196381.89,3682701.41,194070498.87,256262112.90,450332611.77,54165.20,3.76147237,0.00009783,0.00313047,0.00195654,0.17660850,0.17856505,899477266.93,20.0103
791,2.1656,1.9417,16.4987,185.23,39201974.01,3682898.69,194113509.90,256273250.20,450386760.10,54148.33,3.76030085,0.00009781,0.00312994,0.00195621,0.17662071,0.17857692,899529415.26,20.0055
792,2.1684,1.9414,16.4964,185.34,39207565.35,3683095.93,194156507.32,256284384.25,450440891.57,54131.47,3.75912972,0.00009779,0.00312940,0.00195588,0.17663292,0.17858880,899581546.73,20.0008
793,2.1711,1.9412,16.4941,185.45,39213155.90,3683293.11,194199491.14,256295515.04,450495006.18,54114.61,3.75795899,0.00009778,0.00312887,0.00195554,0.17664515,0.17860069,899633661.34,19.9960
794,2.1739,1.9409,16.4917,185.57,39218745.66,3683490.24,194242461.35,256306642.58,450549103.93,54097.76,3.75678866,0.00009776,0.00312833,0.00195521,0.17665739,0.17861260,899685759.10,19.9913
795,2.1766,1.9406,16.4894,185.68,39224334.64,3683687.31,194285417.97,256317766.87,450603184.84,54080.91,3.75561873,0.00009774,0.00312780,0.00195487,0.17666964,0.17862451,899737840.01,19.9865
796,2.1793,1.9403,16.4871,185.79,39229922.83,3683884.33,194328361.00,256328887.92,450657248.91,54064.07,3.75444919,0.00009773,0.00312726,0.00195454,0.17668190,0.17863644,899789904.08,19.9818
797,2.1821,1.9401,16.4848,185.91,39235510.24,3684081.30,194371290.43,256340005.71,450711296.15,54047.23,3.75328005,0.00009771,0.00312673,0.00195420,0.17669417,0.17864838,899841951.31,19.9770
798,2.1848,1.9398,16.4825,186.02,39241096.86,3684278.22,194414206.29,256351120.26,450765326.55,54030.40,3.75211130,0.00009769,0.00312619,0.00195387,0.17670646,0.17866033,899893981.71,19.9723
799,2.1875,1.9395,16.4802,186.13,39246682.70,3684475.08,194457108.56,256362231.56,450819340.13,54013.58,3.75094296,0.00009768,0.00312566,0.00195354,0.17671875,0.17867229,899945995.29,19.9675
800,2.1903,1.9393,16.4778,186.25,39252267.75,3684671.89,194499997.26,256373339.62,450873336.89,53996.76,3.74977500,0.00009766,0.00312513,0.00195320,0.17673106,0.17868426,899997992.05,19.9628
801,2.1930,1.9390,16.4755,186.36,39257852.02,3684868.64,194542872.39,256384444.44,450927316.83,53979.95,3.74860744,0.00009764,0.00312459,0.00195287,0.17674337,0.17869624,900049972.00,19.9580
802,2.1958,1.9387,16.4732,186.48,39263435.50,3685065.34,194585733.95,256395546.02,450981279.97,53963.14,3.74744028,0.00009763,0.00312406,0.00195254,0.17675570,0.17870824,900101935.14,19.9533
803,2.1985,1.9384,16.4709,186.59,39269018.20,3685261.99,194628581.95,256406644.36,451035226.31,53946.34,3.74627351,0.00009761,0.00312352,0.00195220,0.17676804,0.17872024,900153881.48,19.9485
804,2.2012,1.9382,16.4686,186.70,39274600.11,3685458.59,194671416.40,256417739.46,451089155.86,53929.54,3.74510714,0.00009759,0.00312299,0.00195187,0.17678039,0.17873226,900205811.02,19.9438
805,2.2040,1.9379,16.4663,186.82,39280181.24,3685655.13,194714237.28,256428831.32,451143068.61,53912.75,3.74394116,0.00009758,0.00312246,0.00195154,0.17679275,0.17874429,900257723.77,19.9390
806,2.2067,1.9376,16.4640,186.93,39285761.59,3685851.62,194757044.62,256439919.95,451196964.58,53895.97,3.74277558,0.00009756,0.00312192,0.00195120,0.17680512,0.17875633,900309619.74,19.9343
807,2.2094,1.9373,16.4616,187.05,39291341.15,3686048.06,194799838.42,256451005.35,451250843.77,53879.19,3.74161039,0.00009754,0.00312139,0.00195087,0.17681751,0.17876838,900361498.93,19.9296
808,2.2122,1.9371,16.4593,187.16,39296919.92,3686244.44,194842618.67,256462087.51,451304706.18,53862.42,3.74044560,0.00009753,0.00312086,0.00195054,0.17682990,0.17878044,900413361.35,19.9248
809,2.2149,1.9368,16.4570,187.28,39302497.92,3686440.77,194885385.38,256473166.45,451358551.83,53845.65,3.73928120,0.00009751,0.00312032,0.00195020,0.17684231,0.17879251,900465207.00,19.9201
810,2.2177,1.9365,16.4547,187.39,39308075.13,3686637.05,194928138.57,256484242.15,451412380.72,53828.89,3.73811720,0.00009749,0.00311979,0.00194987,0.17685472,0.17880459,900517035.88,19.9153
811,2.2204,1.9363,16.4524,187.51,39313651.55,3686833.27,194970878.22,256495314.63,451466192.85,53812.13,3.73695359,0.00009748,0.00311926,0.00194954,0.17686715,0.17881669,900568848.01,19.9106
812,2.2231,1.9360,16.4501,187.62,39319227.19,3687029.45,195013604.36,256506383.88,451519988.23,53795.38,3.73579037,0.00009746,0.00311872,0.00194920,0.17687959,0.17882879,900620643.40,19.9058
813,2.2259,1.9357,16.4478,187.73,39324802.05,3687225.56,195056316.97,256517449.90,451573766.87,53778.64,3.73462755,0.00009744,0.00311819,0.00194887,0.17689204,0.17884091,900672422.03,19.9011
814,2.2286,1.9354,16.4455,187.85,39330376.13,3687421.63,195099016.07,256528512.70,451627528.77,53761.90,3.73346512,0.00009743,0.00311766,0.00194854,0.17690450,0.17885304,900724183.93,19.8963
815,2.2313,1.9352,16.4431,187.96,39335949.42,3687617.64,195141701.65,256539572.28,451681273.93,53745.16,3.73230308,0.00009741,0.00311713,0.00194820,0.17691698,0.17886518,900775929.09,19.8916
816,2.2341,1.9349,16.4408,188.08,39341521.93,3687813.60,195184373.73,256550628.64,451735002.37,53728.44,3.73114144,0.00009739,0.00311660,0.00194787,0.17692946,0.17887733,900827657.53,19.8868
817,2.2368,1.9346,16.4385,188.19,39347093.65,3688009.51,195227032.31,256561681.77,451788714.08,53711.71,3.72998019,0.00009738,0.00311606,0.00194754,0.17694195,0.17888949,900879369.25,19.8821
818,2.2396,1.9344,16.4362,188.31,39352664.60,3688205.36,195269677.39,256572731.69,451842409.08,53695.00,3.72881933,0.00009736,0.00311553,0.00194721,0.17695446,0.17890167,900931064.24,19.8773
819,2.2423,1.9341,16.4339,188.42,39358234.76,3688401.17,195312308.97,256583778.40,451896087.37,53678.29,3.72765887,0.00009734,0.00311500,0.00194687,0.17696698,0.17891385,900982742.53,19.8726
820,2.2450,1.9338,16.4316,188.54,39363804.13,3688596.91,195354927.07,256594821.88,451949748.95,53661.58,3.72649880,0.00009733,0.00311447,0.00194654,0.17697950,0.17892605,901034404.11,19.8678
821,2.2478,1.9335,16.4293,188.65,39369372.73,3688792.61,195397531.68,256605862.16,452003393.84,53644.88,3.72533912,0.00009731,0.00311394,0.00194621,0.17699204,0.17893825,901086049.00,19.8631
822,2.2505,1.9333,16.4270,188.77,39374940.54,3688988.25,195440122.81,256616899.22,452057022.02,53628.19,3.72417983,0.00009729,0.00311340,0.00194588,0.17700459,0.17895047,901137677.19,19.8583
823,2.2533,1.9330,16.4247,188.89,39380507.57,3689183.84,195482700.46,256627933.06,452110633.53,53611.50,3.72302094,0.00009728,0.00311287,0.00194555,0.17701715,0.17896270,901189288.69,19.8536
824,2.2560,1.9327,16.4224,189.00,39386073.82,3689379.38,195525264.64,256638963.70,452164228.35,53594.82,3.72186244,0.00009726,0.00311234,0.00194521,0.17702972,0.17897494,901240883.51,19.8488
825,2.2587,1.9325,16.4201,189.12,39391639.28,3689574.87,195567815.35,256649991.13,452217806.49,53578.14,3.72070433,0.00009724,0.00311181,0.00194488,0.17704231,0.17898719,901292461.65,19.8441
826,2.2615,1.9322,16.4177,189.23,39397203.96,3689770.30,195610352.60,256661015.36,452271367.96,53561.47,3.71954661,0.00009723,0.00311128,0.00194455,0.17705490,0.17899945,901344023.12,19.8394
827,2.2642,1.9319,16.4154,189.35,39402767.87,3689965.68,195652876.39,256672036.37,452324912.76,53544.81,3.71838928,0.00009721,0.00311075,0.00194422,0.17706751,0.17901173,901395567.93,19.8346
828,2.2669,1.9316,16.4131,189.46,39408330.98,3690161.01,195695386.72,256683054.19,452378440.91,53528.15,3.71723235,0.00009719,0.00311022,0.00194389,0.17708012,0.17902401,901447096.07,19.8299
829,2.2697,1.9314,16.4108,189.58,39413893.32,3690356.28,195737883.60,256694068.80,452431952.40,53511.49,3.71607580,0.00009718,0.00310969,0.00194355,0.17709275,0.17903631,901498607.56,19.8251
830,2.2724,1.9311,16.4085,189.70,39419454.88,3690551.50,195780367.04,256705080.21,452485447.24,53494.84,3.71491965,0.00009716,0.00310916,0.00194322,0.17710539,0.17904861,901550102.41,19.8204
831,2.2752,1.9308,16.4062,189.81,39425015.65,3690746.67,195822837.03,256716088.41,452538925.44,53478.20,3.71376389,0.00009714,0.00310863,0.00194289,0.17711804,0.17906093,901601580.61,19.8156
832,2.2779,1.9306,16.4039,189.93,39430575.65,3690941.79,195865293.59,256727093.42,452592387.01,53461.56,3.71260852,0.00009713,0.00310810,0.00194256,0.17713070,0.17907326,901653042.17,19.8109
833,2.2806,1.9303,16.4016,190.04,39436134.86,3691136.85,195907736.70,256738095.23,452645831.94,53444.93,3.71145354,0.00009711,0.00310757,0.00194223,0.17714337,0.17908560,901704487.10,19.8061
834,2.2834,1.9300,16.3993,190.16,39441693.29,3691331.87,195950166.39,256749093.85,452699260.24,53428.30,3.71029895,0.00009709,0.00310704,0.00194190,0.17715605,0.17909795,901755915.41,19.8014
835,2.2861,1.9297,16.3970,190.28,39447250.94,3691526.83,195992582.66,256760089.27,452752671.93,53411.68,3.70914475,0.00009708,0.00310651,0.00194157,0.17716875,0.17911031,901807327.09,19.7967
836,2.2888,1.9295,16.3947,190.39,39452807.81,3691721.73,196034985.50,256771081.50,452806067.00,53395.07,3.70799094,0.00009706,0.00310598,0.00194123,0.17718145,0.17912269,901858722.16,19.7919
837,2.2916,1.9292,16.3924,190.51,39458363.89,3691916.59,196077374.93,256782070.53,452859445.46,53378.46,3.70683752,0.00009705,0.00310545,0.00194090,0.17719417,0.17913507,901910100.62,19.7872
838,2.2943,1.9289,16.3901,190.63,39463919.20,3692111.39,196119750.94,256793056.38,452912807.31,53361.86,3.70568450,0.00009703,0.00310492,0.00194057,0.17720689,0.17914747,901961462.48,19.7824
839,2.2971,1.9287,16.3878,190.74,39469473.73,3692306.14,196162113.54,256804039.03,452966152.57,53345.26,3.70453186,0.00009701,0.00310439,0.00194024,0.17721963,0.17915987,902012807.74,19.7777
840,2.2998,1.9284,16.3855,190.86,39475027.47,3692500.84,196204462.74,256815018.50,453019481.24,53328.67,3.70337961,0.00009700,0.00310386,0.00193991,0.17723238,0.17917229,902064136.40,19.7729
841,2.3025,1.9281,16.3832,190.98,39480580.44,3692695.48,196246798.54,256825994.78,453072793.32,53312.08,3.70222775,0.00009698,0.00310333,0.00193958,0.17724514,0.17918472,902115448.48,19.7682
842,2.3053,1.9278,16.3809,191.09,39486132.62,3692890.07,196289120.94,256836967.87,453126088.82,53295.50,3.70107628,0.00009696,0.00310280,0.00193925,0.17725791,0.17919716,902166743.98,19.7634
843,2.3080,1.9276,16.3786,191.21,39491684.03,3693084.62,196331429.95,256847937.79,453179367.74,53278.92,3.69992520,0.00009695,0.00310227,0.00193892,0.17727069,0.17920961,902218022.90,19.7587
844,2.3107,1.9273,16.3763,191.33,39497234.65,3693279.10,196373725.58,256858904.51,453232630.09,53262.35,3.69877451,0.00009693,0.00310174,0.00193859,0.17728348,0.17922207,902269285.26,19.7540
845,2.3135,1.9270,16.3740,191.44,39502784.50,3693473.54,196416007.82,256869868.06,453285875.88,53245.79,3.69762420,0.00009691,0.00310121,0.00193826,0.17729629,0.17923455,902320531.04,19.7492
846,2.3162,1.9268,16.3717,191.56,39508333.56,3693667.92,196458276.68,256880828.43,453339105.11,53229.23,3.69647429,0.00009690,0.00310068,0.00193793,0.17730910,0.17924703,902371760.27,19.7445
847,2.3190,1.9265,16.3694,191.68,39513881.85,3693862.25,196500532.17,256891785.62,453392317.79,53212.68,3.69532476,0.00009688,0.00310015,0.00193760,0.17732193,0.17925952,902422972.95,19.7397
848,2.3217,1.9262,16.3671,191.79,39519429.35,3694056.53,196542774.28,256902739.63,453445513.92,53196.13,3.69417562,0.00009686,0.00309963,0.00193727,0.17733477,0.17927203,902474169.08,19.7350
849,2.3244,1.9259,16.3648,191.91,39524976.08,3694250.76,196585003.03,256913690.47,453498693.50,53179.59,3.69302688,0.00009685,0.00309910,0.00193694,0.17734761,0.17928455,902525348.67,19.7302
850,2.3272,1.9257,16.3625,192.03,39530522.03,3694444.94,196627218.42,256924638.13,453551856.55,53163.05,3.69187851,0.00009683,0.00309857,0.00193661,0.17736047,0.17929708,902576511.72,19.7255
851,2.3299,1.9254,16.3602,192.15,39536067.19,3694639.06,196669420.45,256935582.62,453605003.07,53146.52,3.69073054,0.00009681,0.00309804,0.00193628,0.17737334,0.17930962,902627658.24,19.7208
852,2.3326,1.9251,16.3579,192.26,39541611.58,3694833.13,196711609.13,256946523.94,453658133.07,53129.99,3.68958296,0.00009680,0.00309751,0.00193595,0.17738622,0.17932217,902678788.23,19.7160
853,2.3354,1.9249,16.3556,192.38,39547155.19,3695027.15,196753784.46,256957462.09,453711246.54,53113.47,3.68843576,0.00009678,0.00309698,0.00193562,0.17739911,0.17933473,902729901.71,19.7113
854,2.3381,1.9246,16.3533,192.50,39552698.02,3695221.11,196795946.44,256968397.07,453764343.50,53096.96,3.68728895,0.00009676,0.00309646,0.00193529,0.17741202,0.17934730,902780998.67,19.7065
855,2.3409,1.9243,16.3510,192.62,39558240.07,3695415.03,196838095.08,256979328.88,453817423.96,53080.45,3.68614253,0.00009675,0.00309593,0.00193496,0.17742493,0.17935989,902832079.12,19.7018
856,2.3436,1.9241,16.3487,192.74,39563781.34,3695608.89,196880230.38,256990257.52,453870487.91,53063.95,3.68499649,0.00009673,0.00309540,0.00193463,0.17743785,0.17937248,902883143.07,19.6971
857,2.3463,1.9238,16.3464,192.85,39569321.84,3695802.70,196922352.35,257001183.01,453923535.36,53047.45,3.68385084,0.00009671,0.00309487,0.00193430,0.17745079,0.17938509,902934190.52,19.6923
858,2.3491,1.9235,16.3441,192.97,39574861.55,3695996.46,196964461.00,257012105.32,453976566.32,53030.96,3.68270558,0.00009670,0.00309435,0.00193397,0.17746374,0.17939770,902985221.48,19.6876
859,2.3518,1.9232,16.3418,193.09,39580400.49,3696190.17,197006556.32,257023024.48,454029580.79,53014.47,3.68156071,0.00009668,0.00309382,0.00193364,0.17747669,0.17941033,903036235.96,19.6828
860,2.3546,1.9230,16.3395,193.21,39585938.65,3696383.82,197048638.32,257033940.47,454082578.79,52997.99,3.68041622,0.00009667,0.00309329,0.00193331,0.17748966,0.17942297,903087233.95,19.6781
861,2.3573,1.9227,16.3372,193.33,39591476.03,3696577.42,197090707.00,257044853.31,454135560.31,52981.52,3.67927212,0.00009665,0.00309277,0.00193298,0.17750264,0.17943562,903138215.47,19.6734
862,2.3600,1.9224,16.3349,193.44,39597012.63,3696770.97,197132762.37,257055762.98,454188525.35,52965.05,3.67812841,0.00009663,0.00309224,0.00193265,0.17751563,0.17944828,903189180.52,19.6686
863,2.3628,1.9222,16.3326,193.56,39602548.46,3696964.47,197174804.44,257066669.50,454241473.94,52948.59,3.67698508,0.00009662,0.00309171,0.00193232,0.17752863,0.17946095,903240129.10,19.6639
864,2.3655,1.9219,16.3303,193.68,39608083.50,3697157.92,197216833.20,257077572.87,454294406.07,52932.13,3.67584213,0.00009660,0.00309119,0.00193199,0.17754164,0.17947364,903291061.23,19.6591
865,2.3682,1.9216,16.3280,193.80,39613617.77,3697351.32,197258848.66,257088473.08,454347321.74,52915.67,3.67469958,0.00009658,0.00309066,0.00193166,0.17755467,0.17948633,903341976.90,19.6544
866,2.3710,1.9214,16.3257,193.92,39619151.26,3697544.66,197300850.83,257099370.14,454400220.97,52899.23,3.67355741,0.00009657,0.00309013,0.00193133,0.17756770,0.17949903,903392876.13,19.6497
867,2.3737,1.9211,16.3234,194.04,39624683.97,3697737.95,197342839.71,257110264.04,454453103.75,52882.78,3.67241562,0.00009655,0.00308961,0.00193100,0.17758075,0.17951175,903443758.91,19.6449
868,2.3765,1.9208,16.3211,194.15,39630215.91,3697931.19,197384815.30,257121154.80,454505970.10,52866.35,3.67127422,0.00009653,0.00308908,0.00193067,0.17759380,0.17952448,903494625.26,19.6402
869,2.3792,1.9205,16.3188,194.27,39635747.07,3698124.38,197426777.61,257132042.41,454558820.02,52849.92,3.67013321,0.00009652,0.00308855,0.00193035,0.17760687,0.17953722,903545475.18,19.6355
870,2.3819,1.9203,16.3165,194.39,39641277.45,3698317.51,197468726.64,257142926.87,454611653.51,52833.49,3.66899258,0.00009650,0.00308803,0.00193002,0.17761995,0.17954996,903596308.67,19.6307
871,2.3847,1.9200,16.3143,194.51,39646807.05,3698510.60,197510662.40,257153808.18,454664470.59,52817.07,3.66785233,0.00009648,0.00308750,0.00192969,0.17763304,0.17956272,903647125.75,19.6260
872,2.3874,1.9197,16.3120,194.63,39652335.88,3698703.63,197552584.89,257164686.36,454717271.25,52800.66,3.66671247,0.00009647,0.00308698,0.00192936,0.17764614,0.17957550,903697926.41,19.6212
873,2.3901,1.9195,16.3097,194.75,39657863.93,3698896.61,197594494.11,257175561.38,454770055.50,52784.25,3.66557300,0.00009645,0.00308645,0.00192903,0.17765925,0.17958828,903748710.66,19.6165
874,2.3929,1.9192,16.3074,194.87,39663391.20,3699089.54,197636390.08,257186433.27,454822823.34,52767.85,3.66443391,0.00009644,0.00308593,0.00192870,0.17767237,0.17960107,903799478.51,19.6118
875,2.3956,1.9189,16.3051,194.99,39668917.70,3699282.42,197678272.78,257197302.01,454875574.80,52751.45,3.66329520,0.00009642,0.00308540,0.00192837,0.17768550,0.17961387,903850229.96,19.6070
876,2.3984,1.9187,16.3028,195.11,39674443.42,3699475.25,197720142.24,257208167.62,454928309.85,52735.06,3.66215688,0.00009640,0.00308487,0.00192805,0.17769864,0.17962669,903900965.02,19.6023
877,2.4011,1.9184,16.3005,195.23,39679968.36,3699668.02,197761998.44,257219030.08,454981028.53,52718.67,3.66101894,0.00009639,0.00308435,0.00192772,0.17771180,0.17963952,903951683.69,19.5976
878,2.4038,1.9181,16.2982,195.34,39685492.53,3699860.74,197803841.40,257229889.42,455033730.82,52702.29,3.65988139,0.00009637,0.00308382,0.00192739,0.17772496,0.17965235,904002385.98,19.5928
879,2.4066,1.9178,16.2959,195.46,39691015.92,3700053.41,197845671.13,257240745.61,455086416.74,52685.92,3.65874422,0.00009635,0.00308330,0.00192706,0.17773814,0.17966520,904053071.90,19.5881
880,2.4093,1.9176,16.2936,195.58,39696538.54,3700246.03,197887487.61,257251598.67,455139086.28,52669.55,3.65760744,0.00009634,0.00308277,0.00192673,0.17775133,0.17967806,904103741.45,19.5834
881,2.4120,1.9173,16.2913,195.70,39702060.37,3700438.60,197929290.86,257262448.60,455191739.47,52653.18,3.65647103,0.00009632,0.00308225,0.00192641,0.17776452,0.17969093,904154394.63,19.5786
882,2.4148,1.9170,16.2891,195.82,39707581.44,3700631.12,197971080.89,257273295.40,455244376.29,52636.82,3.65533501,0.00009630,0.00308173,0.00192608,0.17777773,0.17970381,904205031.45,19.5739
883,2.4175,1.9168,16.2868,195.94,39713101.72,3700823.58,198012857.69,257284139.07,455296996.76,52620.47,3.65419938,0.00009629,0.00308120,0.00192575,0.17779095,0.17971670,904255651.92,19.5691
884,2.4203,1.9165,16.2845,196.06,39718621.24,3701016.00,198054621.28,257294979.61,455349600.89,52604.12,3.65306413,0.00009627,0.00308068,0.00192542,0.17780418,0.17972960,904306256.05,19.5644
885,2.4230,1.9162,16.2822,196.18,39724139.97,3701208.36,198096371.65,257305817.02,455402188.67,52587.78,3.65192926,0.00009625,0.00308015,0.00192510,0.17781742,0.17974252,904356843.83,19.5597
886,2.4257,1.9160,16.2799,196.30,39729657.93,3701400.67,198138108.80,257316651.31,455454760.11,52571.44,3.65079477,0.00009624,0.00307963,0.00192477,0.17783068,0.17975544,904407415.27,19.5549
887,2.4285,1.9157,16.2776,196.42,39735175.12,3701592.93,198179832.76,257327482.47,455507315.22,52555.11,3.64966067,0.00009622,0.00307910,0.00192444,0.17784394,0.17976838,904457970.39,19.5502
888,2.4312,1.9154,16.2753,196.54,39740691.53,3701785.14,198221543.50,257338310.51,455559854.01,52538.79,3.64852694,0.00009621,0.00307858,0.00192411,0.17785721,0.17978133,904508509.18,19.5455
889,2.4339,1.9152,16.2730,196.66,39746207.16,3701977.30,198263241.06,257349135.42,455612376.48,52522.47,3.64739360,0.00009619,0.00307806,0.00192379,0.17787050,0.17979428,904559031.64,19.5407
890,2.4367,1.9149,16.2707,196.78,39751722.02,3702169.40,198304925.41,257359957.22,455664882.63,52506.15,3.64626065,0.00009617,0.00307753,0.00192346,0.17788379,0.17980725,904609537.80,19.5360
891,2.4394,1.9146,16.2685,196.90,39757236.10,3702361.46,198346596.58,257370775.90,455717372.48,52489.84,3.64512807,0.00009616,0.00307701,0.00192313,0.17789710,0.17982023,904660027.64,19.5313
892,2.4422,1.9143,16.2662,197.02,39762749.41,3702553.46,198388254.56,257381591.46,455769846.02,52473.54,3.64399588,0.00009614,0.00307649,0.00192280,0.17791042,0.17983322,904710501.18,19.5265
893,2.4449,1.9141,16.2639,197.14,39768261.95,3702745.41,198429899.36,257392403.90,455822303.26,52457.24,3.64286407,0.00009612,0.00307596,0.00192248,0.17792375,0.17984622,904760958.42,19.5218
894,2.4476,1.9138,16.2616,197.26,39773773.71,3702937.31,198471530.99,257403213.23,455874744.21,52440.95,3.64173264,0.00009611,0.00307544,0.00192215,0.17793708,0.17985923,904811399.37,19.5171
895,2.4504,1.9135,16.2593,197.39,39779284.69,3703129.16,198513149.43,257414019.44,455927168.87,52424.66,3.64060159,0.00009609,0.00307492,0.00192182,0.17795043,0.17987226,904861824.04,19.5123
896,2.4531,1.9133,16.2570,197.51,39784794.91,3703320.96,198554754.72,257424822.54,455979577.26,52408.38,3.63947092,0.00009607,0.00307439,0.00192150,0.17796380,0.17988529,904912232.42,19.5076
897,2.4559,1.9130,16.2548,197.63,39790304.34,3703512.71,198596346.83,257435622.53,456031969.36,52392.11,3.63834064,0.00009606,0.00307387,0.00192117,0.17797717,0.17989834,904962624.52,19.5029
898,2.4586,1.9127,16.2525,197.75,39795813.01,3703704.40,198637925.79,257446419.41,456084345.20,52375.83,3.63721073,0.00009604,0.00307335,0.00192084,0.17799055,0.17991139,905013000.36,19.4981
899,2.4613,1.9125,16.2502,197.87,39801320.89,3703896.05,198679491.59,257457213.18,456136704.76,52359.57,3.63608121,0.00009603,0.00307283,0.00192052,0.17800394,0.17992446,905063359.93,19.4934
900,2.4641,1.9122,16.2479,197.99,39806828.01,3704087.64,198721044.23,257468003.84,456189048.07,52343.31,3.63495206,0.00009601,0.00307230,0.00192019,0.17801735,0.17993754,905113703.24,19.4887
901,2.4668,1.9119,16.2456,198.11,39812334.35,3704279.18,198762583.73,257478791.40,456241375.13,52327.06,3.63382330,0.00009599,0.00307178,0.00191986,0.17803076,0.17995062,905164030.29,19.4840
902,2.4695,1.9117,16.2433,198.23,39817839.92,3704470.67,198804110.08,257489575.85,456293685.94,52310.81,3.63269492,0.00009598,0.00307126,0.00191954,0.17804419,0.17996372,905214341.10,19.4792
903,2.4723,1.9114,16.2411,198.35,39823344.71,3704662.11,198845623.30,257500357.20,456345980.50,52294.56,3.63156692,0.00009596,0.00307074,0.00191921,0.17805762,0.17997683,905264635.66,19.4745
904,2.4750,1.9111,16.2388,198.47,39828848.73,3704853.50,198887123.38,257511135.45,456398258.83,52278.33,3.63043930,0.00009594,0.00307021,0.00191888,0.17807107,0.17998996,905314913.99,19.4698
905,2.4778,1.9108,16.2365,198.60,39834351.98,3705044.84,198928610.32,257521910.60,456450520.92,52262.09,3.62931205,0.00009593,0.00306969,0.00191856,0.17808453,0.18000309,905365176.08,19.4650
906,2.4805,1.9106,16.2342,198.72,39839854.45,3705236.13,198970084.14,257532682.64,456502766.79,52245.87,3.62818519,0.00009591,0.00306917,0.00191823,0.17809800,0.18001623,905415421.95,19.4603
907,2.4832,1.9103,16.2319,198.84,39845356.15,3705427.36,199011544.84,257543451.59,456554996.43,52229.65,3.62705871,0.00009590,0.00306865,0.00191791,0.17811148,0.18002938,905465651.59,19.4556
908,2.4860,1.9100,16.2296,198.96,39850857.08,3705618.55,199052992.42,257554217.44,456607209.86,52213.43,3.62593261,0.00009588,0.00306813,0.00191758,0.17812497,0.18004255,905515865.02,19.4508
909,2.4887,1.9098,16.2274,199.08,39856357.23,3705809.68,199094426.88,257564980.20,456659407.08,52197.22,3.62480688,0.00009586,0.00306761,0.00191725,0.17813847,0.18005573,905566062.24,19.4461
910,2.4914,1.9095,16.2251,199.20,39861856.61,3706000.76,199135848.23,257575739.86,456711588.10,52181.01,3.62368154,0.00009585,0.00306708,0.00191693,0.17815198,0.18006891,905616243.26,19.4414
911,2.4942,1.9092,16.2228,199.33,39867355.22,3706191.80,199177256.48,257586496.43,456763752.91,52164.81,3.62255658,0.00009583,0.00306656,0.00191660,0.17816551,0.18008211,905666408.07,19.4367
912,2.4969,1.9090,16.2205,199.45,39872853.06,3706382.78,199218651.62,257597249.91,456815901.53,52148.62,3.62143199,0.00009581,0.00306604,0.00191628,0.17817904,0.18009532,905716556.69,19.4319
913,2.4997,1.9087,16.2182,199.57,39878350.12,3706573.71,199260033.67,257608000.30,456868033.96,52132.43,3.62030778,0.00009580,0.00306552,0.00191595,0.17819259,0.18010854,905766689.13,19.4272
914,2.5024,1.9084,16.2160,199.69,39883846.41,3706764.59,199301402.62,257618747.59,456920150.21,52116.25,3.61918395,0.00009578,0.00306500,0.00191562,0.17820614,0.18012177,905816805.37,19.4225
915,2.5051,1.9082,16.2137,199.81,39889341.93,3706955.41,199342758.48,257629491.81,456972250.28,52100.07,3.61806050,0.00009576,0.00306448,0.00191530,0.17821971,0.18013501,905866905.45,19.4177
916,2.5079,1.9079,16.2114,199.94,39894836.67,3707146.19,199384101.25,257640232.93,457024334.18,52083.90,3.61693743,0.00009575,0.00306396,0.00191497,0.17823329,0.18014826,905916989.34,19.4130
917,2.5106,1.9076,16.2091,200.06,39900330.65,3707336.92,199425430.94,257650970.97,457076401.91,52067.73,3.61581474,0.00009573,0.00306344,0.00191465,0.17824687,0.18016152,905967057.08,19.4083
918,2.5133,1.9074,16.2069,200.18,39905823.85,3707527.60,199466747.56,257661705.93,457128453.48,52051.57,3.61469243,0.00009572,0.00306292,0.00191432,0.17826047,0.18017480,906017108.65,19.4036
919,2.5161,1.9071,16.2046,200.30,39911316.28,3707718.22,199508051.10,257672437.80,457180488.90,52035.42,3.61357049,0.00009570,0.00306240,0.00191400,0.17827408,0.18018808,906067144.06,19.3988
920,2.5188,1.9068,16.2023,200.43,39916807.94,3707908.80,199549341.57,257683166.59,457232508.16,52019.26,3.61244893,0.00009568,0.00306188,0.00191367,0.17828770,0.18020138,906117163.33,19.3941
921,2.5216,1.9066,16.2000,200.55,39922298.82,3708099.32,199590618.98,257693892.30,457284511.28,52003.12,3.61132775,0.00009567,0.00306136,0.00191335,0.17830133,0.18021468,906167166.45,19.3894
922,2.5243,1.9063,16.1977,200.67,39927788.94,3708289.79,199631883.33,257704614.94,457336498.26,51986.98,3.61020694,0.00009565,0.00306084,0.00191302,0.17831498,0.18022800,906217153.43,19.3847
923,2.5270,1.9060,16.1955,200.79,39933278.28,3708480.22,199673134.62,257715334.49,457388469.11,51970.85,3.60908652,0.00009563,0.00306032,0.00191270,0.17832863,0.18024133,906267124.27,19.3799
924,2.5298,1.9058,16.1932,200.92,39938766.85,3708670.59,199714372.85,257726050.97,457440423.83,51954.72,3.60796647,0.00009562,0.00305980,0.00191237,0.17834229,0.18025466,906317078.99,19.3752
925,2.5325,1.9055,16.1909,201.04,39944254.66,3708860.91,199755598.04,257736764.38,457492362.42,51938.59,3.60684680,0.00009560,0.00305928,0.00191205,0.17835597,0.18026801,906367017.58,19.3705
926,2.5352,1.9052,16.1886,201.16,39949741.69,3709051.18,199796810.18,257747474.71,457544284.90,51922.48,3.60572750,0.00009559,0.00305876,0.00191172,0.17836965,0.18028137,906416940.06,19.3658
927,2.5380,1.9050,16.1864,201.29,39955227.94,3709241.40,199838009.29,257758181.97,457596191.26,51906.36,3.60460858,0.00009557,0.00305824,0.00191140,0.17838335,0.18029475,906466846.42,19.3610
928,2.5407,1.9047,16.1841,201.41,39960713.43,3709431.57,199879195.35,257768886.16,457648081.52,51890.26,3.60349004,0.00009555,0.00305772,0.00191107,0.17839705,0.18030813,906516736.68,19.3563
929,2.5435,1.9044,16.1818,201.53,39966198.15,3709621.69,199920368.39,257779587.29,457699955.67,51874.15,3.60237187,0.00009554,0.00305720,0.00191075,0.17841077,0.18032152,906566610.83,19.3516
930,2.5462,1.9041,16.1795,201.65,39971682.10,3709811.76,199961528.39,257790285.34,457751813.73,51858.06,3.60125409,0.00009552,0.00305668,0.00191043,0.17842450,0.18033492,906616468.89,19.3469
931,2.5489,1.9039,16.1773,201.78,39977165.27,3710001.77,200002675.37,257800980.32,457803655.70,51841.97,3.60013667,0.00009551,0.00305616,0.00191010,0.17843824,0.18034834,906666310.86,19.3421
932,2.5517,1.9036,16.1750,201.90,39982647.68,3710191.74,200043809.34,257811672.24,457855481.58,51825.88,3.59901964,0.00009549,0.00305564,0.00190978,0.17845199,0.18036176,906716136.74,19.3374
933,2.5544,1.9033,16.1727,202.02,39988129.31,3710381.66,200084930.28,257822361.10,457907291.38,51809.80,3.59790298,0.00009547,0.00305512,0.00190945,0.17846575,0.18037520,906765946.55,19.3327
934,2.5572,1.9031,16.1705,202.15,39993610.18,3710571.53,200126038.22,257833046.89,457959085.11,51793.73,3.59678669,0.00009546,0.00305461,0.00190913,0.17847952,0.18038865,906815740.28,19.3280
935,2.5599,1.9028,16.1682,202.27,39999090.27,3710761.34,200167133.15,257843729.62,458010862.77,51777.66,3.59567078,0.00009544,0.00305409,0.00190880,0.17849330,0.18040210,906865517.93,19.3232
936,2.5626,1.9025,16.1659,202.40,40004569.59,3710951.11,200208215.07,257854409.30,458062624.37,51761.60,3.59455525,0.00009542,0.00305357,0.00190848,0.17850709,0.18041557,906915279.53,19.3185
937,2.5654,1.9023,16.1636,202.52,40010048.15,3711140.82,200249284.00,257865085.91,458114369.90,51745.54,3.59344009,0.00009541,0.00305305,0.00190816,0.17852090,0.18042905,906965025.07,19.3138
938,2.5681,1.9020,16.1614,202.64,40015525.93,3711330.49,200290339.93,257875759.46,458166099.39,51729.48,3.59232531,0.00009539,0.00305253,0.00190783,0.17853471,0.18044254,907014754.55,19.3091
939,2.5708,1.9017,16.1591,202.77,40021002.95,3711520.10,200331382.87,257886429.96,458217812.83,51713.44,3.59121090,0.00009538,0.00305201,0.00190751,0.17854853,0.18045604,907064467.99,19.3044
940,2.5736,1.9015,16.1568,202.89,40026479.19,3711709.67,200372412.82,257897097.40,458269510.22,51697.39,3.59009686,0.00009536,0.00305150,0.00190718,0.17856237,0.18046955,907114165.38,19.2996
941,2.5763,1.9012,16.1546,203.02,40031954.67,3711899.18,200413429.79,257907761.79,458321191.58,51681.36,3.58898321,0.00009534,0.00305098,0.00190686,0.17857622,0.18048308,907163846.74,19.2949
942,2.5791,1.9009,16.1523,203.14,40037429.37,3712088.64,200454433.78,257918423.13,458372856.91,51665.33,3.58786992,0.00009533,0.00305046,0.00190654,0.17859007,0.18049661,907213512.07,19.2902
943,2.5818,1.9007,16.1500,203.26,40042903.31,3712278.06,200495424.80,257929081.41,458424506.21,51649.30,3.58675701,0.00009531,0.00304994,0.00190621,0.17860394,0.18051015,907263161.37,19.2855
944,2.5845,1.9004,16.1477,203.39,40048376.48,3712467.42,200536402.84,257939736.65,458476139.49,51633.28,3.58564448,0.00009529,0.00304942,0.00190589,0.17861782,0.18052371,907312794.65,19.2808
945,2.5873,1.9001,16.1455,203.51,40053848.88,3712656.73,200577367.92,257950388.83,458527756.75,51617.27,3.58453232,0.00009528,0.00304891,0.00190557,0.17863171,0.18053727,907362411.92,19.2760
946,2.5900,1.8999,16.1432,203.64,40059320.51,3712845.99,200618320.04,257961037.97,458579358.01,51601.26,3.58342053,0.00009526,0.00304839,0.00190524,0.17864561,0.18055085,907412013.17,19.2713
947,2.5927,1.8996,16.1409,203.76,40064791.37,3713035.21,200659259.20,257971684.06,458630943.26,51585.25,3.58230912,0.00009525,0.00304787,0.00190492,0.17865952,0.18056444,907461598.42,19.2666
948,2.5955,1.8993,16.1387,203.89,40070261.46,3713224.37,200700185.40,257982327.11,458682512.51,51569.25,3.58119808,0.00009523,0.00304736,0.00190460,0.17867344,0.18057803,907511167.68,19.2619
949,2.5982,1.8991,16.1364,204.01,40075730.78,3713413.48,200741098.66,257992967.11,458734065.77,51553.26,3.58008741,0.00009521,0.00304684,0.00190427,0.17868737,0.18059164,907560720.93,19.2572
950,2.6010,1.8988,16.1341,204.14,40081199.34,3713602.54,200781998.97,258003604.07,458785603.04,51537.27,3.57897712,0.00009520,0.00304632,0.00190395,0.17870131,0.18060526,907610258.20,19.2524
951,2.6037,1.8985,16.1319,204.26,40086667.12,3713791.55,200822886.34,258014237.99,458837124.33,51521.29,3.57786720,0.00009518,0.00304581,0.00190363,0.17871526,0.18061889,907659779.49,19.2477
952,2.6064,1.8983,16.1296,204.39,40092134.14,3713980.52,200863760.77,258024868.87,458888629.64,51505.31,3.57675766,0.00009517,0.00304529,0.00190331,0.17872923,0.18063253,907709284.80,19.2430
953,2.6092,1.8980,16.1273,204.51,40097600.39,3714169.43,200904622.26,258035496.72,458940118.98,51489.34,3.57564849,0.00009515,0.00304477,0.00190298,0.17874320,0.18064619,907758774.14,19.2383
954,2.6119,1.8977,16.1251,204.64,40103065.87,3714358.29,200945470.83,258046121.52,458991592.35,51473.37,3.57453969,0.00009513,0.00304426,0.00190266,0.17875719,0.18065985,907808247.51,19.2336
955,2.6146,1.8975,16.1228,204.76,40108530.59,3714547.10,200986306.47,258056743.29,459043049.76,51457.41,3.57343126,0.00009512,0.00304374,0.00190234,0.17877118,0.18067352,907857704.92,19.2288
956,2.6174,1.8972,16.1205,204.89,40113994.53,3714735.86,201027129.19,258067362.02,459094491.21,51441.45,3.57232321,0.00009510,0.00304322,0.00190201,0.17878519,0.18068720,907907146.38,19.2241
957,2.6201,1.8969,16.1183,205.01,40119457.71,3714924.57,201067938.99,258077977.72,459145916.72,51425.50,3.57121553,0.00009508,0.00304271,0.00190169,0.17879921,0.18070090,907956571.88,19.2194
958,2.6229,1.8967,16.1160,205.14,40124920.12,3715113.23,201108735.88,258088590.39,459197326.28,51409.56,3.57010822,0.00009507,0.00304219,0.00190137,0.17881323,0.18071460,908005981.44,19.2147
959,2.6256,1.8964,16.1137,205.26,40130381.76,3715301.85,201149519.87,258099200.03,459248719.89,51393.62,3.56900128,0.00009505,0.00304168,0.00190105,0.17882727,0.18072832,908055375.06,19.2100
960,2.6283,1.8961,16.1115,205.39,40135842.64,3715490.41,201190290.94,258109806.64,459300097.58,51377.68,3.56789472,0.00009504,0.00304116,0.00190072,0.17884132,0.18074205,908104752.74,19.2053
961,2.6311,1.8959,16.1092,205.51,40141302.75,3715678.92,201231049.12,258120410.22,459351459.33,51361.75,3.56678853,0.00009502,0.00304064,0.00190040,0.17885538,0.18075578,908154114.50,19.2005
962,2.6338,1.8956,16.1070,205.64,40146762.09,3715867.38,201271794.40,258131010.77,459402805.16,51345.83,3.56568270,0.00009500,0.00304013,0.00190008,0.17886945,0.18076953,908203460.33,19.1958
963,2.6366,1.8953,16.1047,205.76,40152220.66,3716055.79,201312526.78,258141608.30,459454135.08,51329.91,3.56457726,0.00009499,0.00303961,0.00189976,0.17888353,0.18078329,908252790.24,19.1911
964,2.6393,1.8951,16.1024,205.89,40157678.47,3716244.15,201353246.28,258152202.80,459505449.08,51314.00,3.56347218,0.00009497,0.00303910,0.00189944,0.17889763,0.18079706,908302104.24,19.1864
965,2.6420,1.8948,16.1002,206.02,40163135.51,3716432.47,201393952.89,258162794.28,459556747.17,51298.09,3.56236747,0.00009496,0.00303858,0.00189911,0.17891173,0.18081084,908351402.33,19.1817
966,2.6448,1.8945,16.0979,206.14,40168591.78,3716620.73,201434646.62,258173382.73,459608029.36,51282.19,3.56126314,0.00009494,0.00303807,0.00189879,0.17892584,0.18082463,908400684.52,19.1770
967,2.6475,1.8943,16.0956,206.27,40174047.28,3716808.94,201475327.48,258183968.17,459659295.65,51266.29,3.56015917,0.00009492,0.00303755,0.00189847,0.17893996,0.18083844,908449950.81,19.1723
968,2.6502,1.8940,16.0934,206.39,40179502.02,3716997.10,201515995.46,258194550.59,459710546.05,51250.40,3.55905558,0.00009491,0.00303704,0.00189815,0.17895410,0.18085225,908499201.21,19.1675
969,2.6530,1.8937,16.0911,206.52,40184956.00,3717185.22,201556650.58,258205129.98,459761780.56,51234.51,3.55795236,0.00009489,0.00303652,0.00189783,0.17896824,0.18086607,908548435.73,19.1628
970,2.6557,1.8935,16.0889,206.65,40190409.20,3717373.28,201597292.83,258215706.37,459812999.20,51218.63,3.55684951,0.00009488,0.00303601,0.00189751,0.17898240,0.18087991,908597654.36,19.1581
971,2.6585,1.8932,16.0866,206.77,40195861.64,3717561.29,201637922.22,258226279.73,459864201.95,51202.76,3.55574702,0.00009486,0.00303549,0.00189718,0.17899657,0.18089375,908646857.12,19.1534
972,2.6612,1.8929,16.0843,206.90,40201313.32,3717749.26,201678538.76,258236850.08,459915388.84,51186.89,3.55464491,0.00009484,0.00303498,0.00189686,0.17901074,0.18090761,908696044.00,19.1487
973,2.6639,1.8927,16.0821,207.03,40206764.23,3717937.17,201719142.44,258247417.42,459966559.86,51171.02,3.55354317,0.00009483,0.00303447,0.00189654,0.17902493,0.18092147,908745215.02,19.1440
974,2.6667,1.8924,16.0798,207.15,40212214.37,3718125.03,201759733.27,258257981.75,460017715.02,51155.16,3.55244180,0.00009481,0.00303395,0.00189622,0.17903913,0.18093535,908794370.19,19.1393
975,2.6694,1.8921,16.0776,207.28,40217663.74,3718312.85,201800311.27,258268543.07,460068854.33,51139.31,3.55134080,0.00009479,0.00303344,0.00189590,0.17905334,0.18094924,908843509.49,19.1346
976,2.6721,1.8919,16.0753,207.41,40223112.35,3718500.61,201840876.42,258279101.37,460119977.79,51123.46,3.55024017,0.00009478,0.00303292,0.00189558,0.17906756,0.18096313,908892632.95,19.1299
977,2.6749,1.8916,16.0730,207.53,40228560.20,3718688.33,201881428.73,258289656.67,460171085.40,51107.61,3.54913991,0.00009476,0.00303241,0.00189526,0.17908179,0.18097704,908941740.57,19.1251
978,2.6776,1.8913,16.0708,207.66,40234007.28,3718875.99,201921968.22,258300208.96,460222177.18,51091.78,3.54804002,0.00009475,0.00303190,0.00189493,0.17909603,0.18099096,908990832.34,19.1204
979,2.6804,1.8911,16.0685,207.79,40239453.59,3719063.61,201962494.87,258310758.25,460273253.12,51075.94,3.54694050,0.00009473,0.00303138,0.00189461,0.17911028,0.18100489,909039908.29,19.1157
980,2.6831,1.8908,16.0663,207.91,40244899.14,3719251.18,202003008.71,258321304.53,460324313.24,51060.12,3.54584134,0.00009471,0.00303087,0.00189429,0.17912454,0.18101883,909088968.40,19.1110
981,2.6858,1.8905,16.0640,208.04,40250343.92,3719438.69,202043509.72,258331847.81,460375357.53,51044.29,3.54474256,0.00009470,0.00303036,0.00189397,0.17913881,0.18103278,909138012.69,19.1063
982,2.6886,1.8903,16.0617,208.17,40255787.94,3719626.16,202083997.92,258342388.09,460426386.01,51028.48,3.54364415,0.00009468,0.00302984,0.00189365,0.17915310,0.18104675,909187041.17,19.1016
983,2.6913,1.8900,16.0595,208.30,40261231.19,3719813.58,202124473.31,258352925.36,460477398.67,51012.66,3.54254610,0.00009467,0.00302933,0.00189333,0.17916739,0.18106072,909236053.83,19.0969
984,2.6940,1.8898,16.0572,208.42,40266673.68,3720000.95,202164935.89,258363459.64,460528395.53,50996.86,3.54144842,0.00009465,0.00302882,0.00189301,0.17918169,0.18107470,909285050.69,19.0922
985,2.6968,1.8895,16.0550,208.55,40272115.41,3720188.27,202205385.66,258373990.92,460579376.58,50981.06,3.54035111,0.00009463,0.00302830,0.00189269,0.17919601,0.18108870,909334031.75,19.0875
986,2.6995,1.8892,16.0527,208.68,40277556.37,3720375.53,202245822.64,258384519.20,460630341.84,50965.26,3.53925417,0.00009462,0.00302779,0.00189237,0.17921033,0.18110270,909382997.01,19.0828
987,2.7023,1.8890,16.0505,208.81,40282996.56,3720562.75,202286246.82,258395044.49,460681291.31,50949.47,3.53815760,0.00009460,0.00302728,0.00189205,0.17922467,0.18111672,909431946.48,19.0780
988,2.7050,1.8887,16.0482,208.93,40288435.99,3720749.93,202326658.21,258405566.78,460732225.00,50933.68,3.53706140,0.00009459,0.00302676,0.00189173,0.17923902,0.18113074,909480880.16,19.0733
989,2.7077,1.8884,16.0460,209.06,40293874.65,3720937.05,202367056.82,258416086.08,460783142.90,50917.90,3.53596556,0.00009457,0.00302625,0.00189141,0.17925337,0.18114478,909529798.07,19.0686
990,2.7105,1.8882,16.0437,209.19,40299312.56,3721124.12,202407442.64,258426602.39,460834045.03,50902.13,3.53487009,0.00009455,0.00302574,0.00189109,0.17926774,0.18115883,909578700.19,19.0639
991,2.7132,1.8879,16.0414,209.32,40304749.69,3721311.14,202447815.68,258437115.71,460884931.39,50886.36,3.53377499,0.00009454,0.00302523,0.00189077,0.17928212,0.18117289,909627586.55,19.0592
992,2.7159,1.8876,16.0392,209.44,40310186.07,3721498.11,202488175.95,258447626.04,460935801.99,50870.60,3.53268026,0.00009452,0.00302472,0.00189045,0.17929651,0.18118695,909676457.15,19.0545
993,2.7187,1.8874,16.0369,209.57,40315621.68,3721685.04,202528523.45,258458133.38,460986656.82,50854.84,3.53158590,0.00009451,0.00302420,0.00189013,0.17931091,0.18120103,909725311.99,19.0498
994,2.7214,1.8871,16.0347,209.70,40321056.52,3721871.91,202568858.17,258468637.73,461037495.91,50839.08,3.53049190,0.00009449,0.00302369,0.00188981,0.17932532,0.18121512,909774151.07,19.0451
995,2.7242,1.8868,16.0324,209.83,40326490.60,3722058.74,202609180.14,258479139.10,461088319.24,50823.34,3.52939827,0.00009447,0.00302318,0.00188949,0.17933974,0.18122922,909822974.41,19.0404
996,2.7269,1.8866,16.0302,209.96,40331923.92,3722245.51,202649489.35,258489637.49,461139126.83,50807.59,3.52830500,0.00009446,0.00302267,0.00188917,0.17935417,0.18124334,909871782.00,19.0357
997,2.7296,1.8863,16.0279,210.09,40337356.47,3722432.24,202689785.80,258500132.89,461189918.69,50791.85,3.52721211,0.00009444,0.00302216,0.00188885,0.17936861,0.18125746,909920573.85,19.0310
998,2.7324,1.8860,16.0257,210.21,40342788.27,3722618.92,202730069.51,258510625.31,461240694.81,50776.12,3.52611958,0.00009443,0.00302164,0.00188853,0.17938306,0.18127159,909969349.97,19.0263
999,2.7351,1.8858,16.0234,210.34,40348219.29,3722805.55,202770340.46,258521114.74,461291455.21,50760.39,3.52502741,0.00009441,0.00302113,0.00188821,0.17939752,0.18128573,910018110.37,19.0216
1000,2.7379,1.8855,16.0212,210.47,40353649.56,3722992.13,202810598.68,258531601.20,461342199.88,50744.67,3.52393561,0.00009439,0.00302062,0.00188789,0.17941200,0.18129989,910066855.04,19.0169
1001,2.7406,1.8852,16.0189,210.60,40359079.06,3723178.66,202850844.15,258542084.68,461392928.84,50728.96,3.52284418,0.00009438,0.00302011,0.00188757,0.17942648,0.18131405,910115584.00,19.0122
1002,2.7433,1.8850,16.0167,210.73,40364507.80,3723365.14,202891076.89,258552565.19,461443642.08,50713.24,3.52175312,0.00009436,0.00301960,0.00188725,0.17944098,0.18132823,910164297.24,19.0075
1003,2.7461,1.8847,16.0144,210.86,40369935.78,3723551.57,202931296.90,258563042.72,461494339.62,50697.54,3.52066242,0.00009435,0.00301909,0.00188693,0.17945548,0.18134241,910212994.78,19.0028
1004,2.7488,1.8844,16.0122,210.99,40375362.99,3723737.95,202971504.18,258573517.27,461545021.46,50681.84,3.51957209,0.00009433,0.00301858,0.00188661,0.17947000,0.18135661,910261676.62,18.9981
1005,2.7515,1.8842,16.0099,211.12,40380789.44,3723924.29,203011698.74,258583988.85,461595687.60,50666.14,3.51848212,0.00009431,0.00301807,0.00188629,0.17948452,0.18137081,910310342.76,18.9934
1006,2.7543,1.8839,16.0077,211.25,40386215.13,3724110.57,203051880.59,258594457.46,461646338.05,50650.45,3.51739252,0.00009430,0.00301756,0.00188597,0.17949906,0.18138503,910358993.21,18.9887
1007,2.7570,1.8837,16.0054,211.37,40391640.05,3724296.81,203092049.72,258604923.10,461696972.82,50634.77,3.51630328,0.00009428,0.00301705,0.00188565,0.17951361,0.18139926,910407627.98,18.9840
1008,2.7598,1.8834,16.0032,211.50,40397064.22,3724482.99,203132206.13,258615385.77,461747591.91,50619.09,3.51521441,0.00009427,0.00301654,0.00188534,0.17952816,0.18141350,910456247.07,18.9793
1009,2.7625,1.8831,16.0009,211.63,40402487.62,3724669.13,203172349.84,258625845.48,461798195.32,50603.41,3.51412591,0.00009425,0.00301603,0.00188502,0.17954273,0.18142775,910504850.48,18.9746
1010,2.7652,1.8829,15.9987,211.76,40407910.26,3724855.22,203212480.85,258636302.21,461848783.06,50587.74,3.51303776,0.00009423,0.00301552,0.00188470,0.17955731,0.18144201,910553438.23,18.9699
1011,2.7680,1.8826,15.9964,211.89,40413332.13,3725041.26,203252599.16,258646755.98,461899355.14,50572.08,3.51194999,0.00009422,0.00301501,0.00188438,0.17957190,0.18145628,910602010.31,18.9652
1012,2.7707,1.8823,15.9942,212.02,40418753.25,3725227.25,203292704.78,258657206.78,461949911.56,50556.42,3.51086258,0.00009420,0.00301450,0.00188406,0.17958650,0.18147056,910650566.73,18.9605
1013,2.7734,1.8821,15.9919,212.15,40424173.60,3725413.19,203332797.71,258667654.63,462000452.33,50540.77,3.50977553,0.00009419,0.00301399,0.00188374,0.17960111,0.18148485,910699107.49,18.9558
1014,2.7762,1.8818,15.9897,212.28,40429593.19,3725599.08,203372877.95,258678099.50,462050977.45,50525.12,3.50868885,0.00009417,0.00301348,0.00188342,0.17961573,0.18149915,910747632.61,18.9511
1015,2.7789,1.8815,15.9874,212.41,40435012.02,3725784.93,203412945.50,258688541.42,462101486.93,50509.48,3.50760253,0.00009416,0.00301297,0.00188310,0.17963036,0.18151346,910796142.09,18.9464
1016,2.7817,1.8813,15.9852,212.54,40440430.09,3725970.72,203453000.38,258698980.38,462151980.77,50493.84,3.50651658,0.00009414,0.00301246,0.00188279,0.17964500,0.18152779,910844635.93,18.9417
1017,2.7844,1.8810,15.9829,212.67,40445847.40,3726156.47,203493042.59,258709416.38,462202458.97,50478.21,3.50543099,0.00009412,0.00301195,0.00188247,0.17965965,0.18154212,910893114.14,18.9370
1018,2.7871,1.8807,15.9807,212.80,40451263.94,3726342.16,203533072.12,258719849.43,462252921.55,50462.58,3.50434577,0.00009411,0.00301144,0.00188215,0.17967432,0.18155647,910941576.71,18.9323
1019,2.7899,1.8805,15.9784,212.93,40456679.73,3726527.81,203573088.99,258730279.52,462303368.51,50446.96,3.50326090,0.00009409,0.00301093,0.00188183,0.17968899,0.18157082,910990023.67,18.9276
1020,2.7926,1.8802,15.9762,213.06,40462094.75,3726713.41,203613093.20,258740706.65,462353799.85,50431.34,3.50217641,0.00009408,0.00301042,0.00188151,0.17970367,0.18158519,911038455.01,18.9229
1021,2.7953,1.8800,15.9740,213.19,40467509.02,3726898.96,203653084.75,258751130.83,462404215.58,50415.73,3.50109227,0.00009406,0.00300991,0.00188119,0.17971837,0.18159956,911086870.74,18.9182
1022,2.7981,1.8797,15.9717,213.32,40472922.52,3727084.46,203693063.64,258761552.06,462454615.70,50400.12,3.50000850,0.00009404,0.00300940,0.00188088,0.17973307,0.18161395,911135270.86,18.9135
1023,2.8008,1.8794,15.9695,213.45,40478335.26,3727269.92,203733029.88,258771970.34,462505000.22,50384.52,3.49892509,0.00009403,0.00300889,0.00188056,0.17974779,0.18162835,911183655.38,18.9088
1024,2.8036,1.8792,15.9672,213.58,40483747.24,3727455.32,203772983.48,258782385.66,462555369.15,50368.93,3.49784205,0.00009401,0.00300838,0.00188024,0.17976251,0.18164275,911232024.31,18.9041
1025,2.8063,1.8789,15.9650,213.71,40489158.46,3727640.68,203812924.44,258792798.04,462605722.48,50353.33,3.49675937,0.00009400,0.00300788,0.00187992,0.17977725,0.18165717,911280377.64,18.8994
1026,2.8090,1.8786,15.9627,213.84,40494568.92,3727825.99,203852852.76,258803207.48,462656060.23,50337.75,3.49567705,0.00009398,0.00300737,0.00187960,0.17979200,0.18167160,911328715.39,18.8947
1027,2.8118,1.8784,15.9605,213.97,40499978.62,3728011.24,203892768.44,258813613.96,462706382.40,50322.17,3.49459509,0.00009396,0.00300686,0.00187929,0.17980675,0.18168604,911377037.56,18.8900
1028,2.8145,1.8781,15.9582,214.11,40505387.56,3728196.45,203932671.49,258824017.50,462756689.00,50306.59,3.49351350,0.00009395,0.00300635,0.00187897,0.17982152,0.18170049,911425344.16,18.8853
1029,2.8172,1.8778,15.9560,214.24,40510795.74,3728381.61,203972561.92,258834418.10,462806980.02,50291.02,3.49243227,0.00009393,0.00300584,0.00187865,0.17983630,0.18171495,911473635.18,18.8806
1030,2.8200,1.8776,15.9538,214.37,40516203.16,3728566.73,204012439.72,258844815.76,462857255.48,50275.46,3.49135140,0.00009392,0.00300534,0.00187833,0.17985109,0.18172942,911521910.64,18.8759
1031,2.8227,1.8773,15.9515,214.50,40521609.82,3728751.79,204052304.91,258855210.47,462907515.38,50259.90,3.49027089,0.00009390,0.00300483,0.00187802,0.17986588,0.18174390,911570170.54,18.8712
1032,2.8255,1.8770,15.9493,214.63,40527015.72,3728936.81,204092157.48,258865602.25,462957759.73,50244.35,3.48919075,0.00009388,0.00300432,0.00187770,0.17988069,0.18175839,911618414.89,18.8665
1033,2.8282,1.8768,15.9470,214.76,40532420.86,3729121.77,204131997.44,258875991.08,463007988.53,50228.80,3.48811097,0.00009387,0.00300381,0.00187738,0.17989551,0.18177290,911666643.69,18.8618
1034,2.8309,1.8765,15.9448,214.89,40537825.24,3729306.69,204171824.80,258886376.98,463058201.78,50213.25,3.48703155,0.00009385,0.00300330,0.00187707,0.17991034,0.18178741,911714856.94,18.8571
1035,2.8337,1.8763,15.9426,215.02,40543228.86,3729491.56,204211639.55,258896759.94,463108399.50,50197.72,3.48595249,0.00009384,0.00300280,0.00187675,0.17992518,0.18180193,911763054.66,18.8524
1036,2.8364,1.8760,15.9403,215.16,40548631.72,3729676.38,204251441.71,258907139.97,463158581.68,50182.18,3.48487379,0.00009382,0.00300229,0.00187643,0.17994004,0.18181647,911811236.84,18.8478
1037,2.8392,1.8757,15.9381,215.29,40554033.83,3729861.16,204291231.27,258917517.06,463208748.33,50166.65,3.48379545,0.00009381,0.00300178,0.00187611,0.17995490,0.18183101,911859403.50,18.8431
1038,2.8419,1.8755,15.9358,215.42,40559435.17,3730045.88,204331008.24,258927891.22,463258899.46,50151.13,3.48271748,0.00009379,0.00300128,0.00187580,0.17996977,0.18184557,911907554.63,18.8384
1039,2.8446,1.8752,15.9336,215.55,40564835.76,3730230.56,204370772.62,258938262.45,463309035.08,50135.61,3.48163986,0.00009377,0.00300077,0.00187548,0.17998465,0.18186013,911955690.24,18.8337
1040,2.8474,1.8749,15.9314,215.68,40570235.58,3730415.18,204410524.43,258948630.75,463359155.18,50120.10,3.48056261,0.00009376,0.00300026,0.00187516,0.17999954,0.18187471,912003810.34,18.8290
1041,2.8501,1.8747,15.9291,215.81,40575634.65,3730599.76,204450263.65,258958996.12,463409259.77,50104.59,3.47948572,0.00009374,0.00299975,0.00187485,0.18001445,0.18188929,912051914.94,18.8243
1042,2.8528,1.8744,15.9269,215.95,40581032.96,3730784.29,204489990.30,258969358.57,463459348.87,50089.09,3.47840919,0.00009373,0.00299925,0.00187453,0.18002936,0.18190389,912100004.03,18.8196
1043,2.8556,1.8741,15.9246,216.08,40586430.51,3730968.77,204529704.38,258979718.08,463509422.46,50073.60,3.47733301,0.00009371,0.00299874,0.00187421,0.18004429,0.18191850,912148077.62,18.8149
1044,2.8583,1.8739,15.9224,216.21,40591827.30,3731153.21,204569405.89,258990074.67,463559480.57,50058.10,3.47625720,0.00009369,0.00299824,0.00187390,0.18005922,0.18193312,912196135.73,18.8102
1045,2.8611,1.8736,15.9202,216.34,40597223.33,3731337.59,204609094.84,259000428.34,463609523.18,50042.62,3.47518175,0.00009368,0.00299773,0.00187358,0.18007416,0.18194775,912244178.35,18.8055
1046,2.8638,1.8734,15.9179,216.47,40602618.61,3731521.93,204648771.23,259010779.08,463659550.32,50027.14,3.47410666,0.00009366,0.00299722,0.00187326,0.18008912,0.18196238,912292205.48,18.8009
1047,2.8665,1.8731,15.9157,216.61,40608013.12,3731706.22,204688435.07,259021126.91,463709561.98,50011.66,3.47303193,0.00009365,0.00299672,0.00187295,0.18010409,0.18197703,912340217.14,18.7962
1048,2.8693,1.8728,15.9135,216.74,40613406.88,3731890.46,204728086.36,259031471.81,463759558.17,49996.19,3.47195756,0.00009363,0.00299621,0.00187263,0.18011906,0.18199169,912388213.33,18.7915
1049,2.8720,1.8726,15.9112,216.87,40618799.88,3732074.65,204767725.10,259041813.79,463809538.89,49980.72,3.47088355,0.00009362,0.00299570,0.00187232,0.18013405,0.18200636,912436194.05,18.7868
1050,2.8747,1.8723,15.9090,217.00,40624192.12,3732258.80,204807351.30,259052152.86,463859504.15,49965.26,3.46980990,0.00009360,0.00299520,0.00187200,0.18014905,0.18202104,912484159.32,18.7821
1051,2.8775,1.8720,15.9068,217.14,40629583.61,3732442.89,204846964.96,259062489.00,463909453.96,49949.81,3.46873660,0.00009358,0.00299469,0.00187168,0.18016405,0.18203574,912532109.12,18.7774
1052,2.8802,1.8718,15.9045,217.27,40634974.34,3732626.94,204886566.08,259072822.24,463959388.32,49934.36,3.46766367,0.00009357,0.00299419,0.00187137,0.18017907,0.18205044,912580043.48,18.7727
1053,2.8830,1.8715,15.9023,217.40,40640364.31,3732810.94,204926154.67,259083152.55,464009307.23,49918.91,3.46659110,0.00009355,0.00299368,0.00187105,0.18019410,0.18206515,912627962.39,18.7680
1054,2.8857,1.8713,15.9000,217.54,40645753.52,3732994.89,204965730.74,259093479.96,464059210.70,49903.47,3.46551888,0.00009354,0.00299318,0.00187074,0.18020914,0.18207987,912675865.86,18.7634
1055,2.8884,1.8710,15.8978,217.67,40651141.98,3733178.80,205005294.29,259103804.45,464109098.74,49888.04,3.46444703,0.00009352,0.00299267,0.00187042,0.18022419,0.18209461,912723753.90,18.7587
1056,2.8912,1.8707,15.8956,217.80,40656529.67,3733362.65,205044845.31,259114126.03,464158971.35,49872.61,3.46337553,0.00009351,0.00299217,0.00187010,0.18023925,0.18210935,912771626.51,18.7540
1057,2.8939,1.8705,15.8933,217.94,40661916.61,3733546.46,205084383.82,259124444.71,464208828.53,49857.18,3.46230439,0.00009349,0.00299166,0.00186979,0.18025432,0.18212410,912819483.69,18.7493
1058,2.8966,1.8702,15.8911,218.07,40667302.80,3733730.22,205123909.82,259134760.47,464258670.29,49841.76,3.46123361,0.00009347,0.00299116,0.00186947,0.18026940,0.18213887,912867325.46,18.7446
1059,2.8994,1.8699,15.8889,218.20,40672688.23,3733913.93,205163423.32,259145073.33,464308496.64,49826.35,3.46016319,0.00009346,0.00299065,0.00186916,0.18028449,0.18215364,912915151.81,18.7399
1060,2.9021,1.8697,15.8866,218.34,40678072.90,3734097.59,205202924.31,259155383.28,464358307.58,49810.94,3.45909313,0.00009344,0.00299015,0.00186884,0.18029959,0.18216843,912962962.75,18.7353
1061,2.9049,1.8694,15.8844,218.47,40683456.81,3734281.20,205242412.80,259165690.32,464408103.12,49795.54,3.45802342,0.00009343,0.00298964,0.00186853,0.18031470,0.18218322,913010758.28,18.7306
1062,2.9076,1.8692,15.8822,218.60,40688839.97,3734464.77,205281888.79,259175994.47,464457883.26,49780.14,3.45695407,0.00009341,0.00298914,0.00186821,0.18032982,0.18219803,913058538.42,18.7259
1063,2.9103,1.8689,15.8800,218.74,40694222.37,3734648.29,205321352.30,259186295.71,464507648.00,49764.75,3.45588508,0.00009339,0.00298863,0.00186790,0.18034495,0.18221285,913106303.17,18.7212
1064,2.9131,1.8686,15.8777,218.87,40699604.01,3734831.76,205360803.32,259196594.04,464557397.36,49749.36,3.45481645,0.00009338,0.00298813,0.00186758,0.18036009,0.18222768,913154052.52,18.7165
1065,2.9158,1.8684,15.8755,219.00,40704984.90,3735015.18,205400241.85,259206889.48,464607131.34,49733.97,3.45374818,0.00009336,0.00298763,0.00186727,0.18037525,0.18224251,913201786.50,18.7118
1066,2.9185,1.8681,15.8733,219.14,40710365.03,3735198.56,205439667.91,259217182.02,464656849.93,49718.60,3.45268026,0.00009335,0.00298712,0.00186695,0.18039041,0.18225736,913249505.09,18.7072
1067,2.9213,1.8678,15.8710,219.27,40715744.41,3735381.88,205479081.49,259227471.66,464706553.15,49703.22,3.45161270,0.00009333,0.00298662,0.00186664,0.18040558,0.18227222,913297208.32,18.7025
1068,2.9240,1.8676,15.8688,219.41,40721123.03,3735565.16,205518482.60,259237758.41,464756241.01,49687.86,3.45054549,0.00009332,0.00298611,0.00186632,0.18042077,0.18228709,913344896.17,18.6978
1069,2.9268,1.8673,15.8666,219.54,40726500.89,3735748.39,205557871.24,259248042.26,464805913.50,49672.49,3.44947865,0.00009330,0.00298561,0.00186601,0.18043596,0.18230197,913392568.66,18.6931
1070,2.9295,1.8671,15.8643,219.67,40731878.00,3735931.58,205597247.42,259258323.22,464855570.64,49657.14,3.44841216,0.00009328,0.00298511,0.00186569,0.18045117,0.18231686,913440225.80,18.6884
1071,2.9322,1.8668,15.8621,219.81,40737254.36,3736114.71,205636611.14,259268601.28,464905212.42,49641.78,3.44734603,0.00009327,0.00298460,0.00186538,0.18046638,0.18233176,913487867.58,18.6838
1072,2.9350,1.8665,15.8599,219.94,40742629.95,3736297.80,205675962.40,259278876.45,464954838.86,49626.44,3.44628025,0.00009325,0.00298410,0.00186506,0.18048161,0.18234667,913535494.02,18.6791
1073,2.9377,1.8663,15.8577,220.08,40748004.80,3736480.84,205715301.21,259289148.74,465004449.95,49611.09,3.44521483,0.00009324,0.00298360,0.00186475,0.18049684,0.18236159,913583105.11,18.6744
1074,2.9405,1.8660,15.8554,220.21,40753378.88,3736663.83,205754627.58,259299418.13,465054045.71,49595.76,3.44414977,0.00009322,0.00298309,0.00186443,0.18051209,0.18237652,913630700.87,18.6697
1075,2.9432,1.8657,15.8532,220.35,40758752.21,3736846.78,205793941.50,259309684.63,465103626.13,49580.42,3.44308506,0.00009321,0.00298259,0.00186412,0.18052734,0.18239146,913678281.29,18.6651
1076,2.9459,1.8655,15.8510,220.48,40764124.79,3737029.67,205833242.98,259319948.25,465153191.23,49565.10,3.44202071,0.00009319,0.00298209,0.00186380,0.18054261,0.18240641,913725846.39,18.6604
1077,2.9487,1.8652,15.8487,220.62,40769496.61,3737212.52,205872532.02,259330208.98,465202741.01,49549.78,3.44095672,0.00009317,0.00298158,0.00186349,0.18055789,0.18242138,913773396.17,18.6557
1078,2.9514,1.8650,15.8465,220.75,40774867.68,3737395.32,205911808.64,259340466.83,465252275.47,49534.46,3.43989308,0.00009316,0.00298108,0.00186318,0.18057317,0.18243635,913820930.63,18.6510
1079,2.9541,1.8647,15.8443,220.89,40780237.99,3737578.07,205951072.82,259350721.79,465301794.61,49519.15,3.43882979,0.00009314,0.00298058,0.00186286,0.18058847,0.18245133,913868449.78,18.6463
1080,2.9569,1.8644,15.8421,221.02,40785607.55,3737760.78,205990324.58,259360973.87,465351298.46,49503.84,3.43776686,0.00009313,0.00298008,0.00186255,0.18060378,0.18246633,913915953.62,18.6417
1081,2.9596,1.8642,15.8398,221.16,40790976.35,3737943.44,206029563.92,259371223.08,465400787.00,49488.54,3.43670429,0.00009311,0.00297957,0.00186223,0.18061910,0.18248133,913963442.16,18.6370
1082,2.9624,1.8639,15.8376,221.29,40796344.40,3738126.05,206068790.85,259381469.40,465450260.25,49473.25,3.43564207,0.00009310,0.00297907,0.00186192,0.18063443,0.18249635,914010915.41,18.6323
1083,2.9651,1.8636,15.8354,221.43,40801711.70,3738308.61,206108005.36,259391712.84,465499718.20,49457.96,3.43458021,0.00009308,0.00297857,0.00186161,0.18064976,0.18251137,914058373.36,18.6276
1084,2.9678,1.8634,15.8332,221.56,40807078.24,3738491.12,206147207.47,259401953.40,465549160.87,49442.67,3.43351870,0.00009306,0.00297807,0.00186129,0.18066511,0.18252641,914105816.03,18.6230
1085,2.9706,1.8631,15.8309,221.70,40812444.02,3738673.59,206186397.17,259412191.09,465598588.26,49427.39,3.43245755,0.00009305,0.00297757,0.00186098,0.18068047,0.18254145,914153243.42,18.6183
1086,2.9733,1.8629,15.8287,221.83,40817809.05,3738856.01,206225574.46,259422425.91,465648000.37,49412.11,3.43139675,0.00009303,0.00297706,0.00186066,0.18069584,0.18255651,914200655.53,18.6136
1087,2.9760,1.8626,15.8265,221.97,40823173.33,3739038.38,206264739.37,259432657.85,465697397.21,49396.84,3.43033631,0.00009302,0.00297656,0.00186035,0.18071122,0.18257157,914248052.38,18.6090
1088,2.9788,1.8623,15.8243,222.10,40828536.86,3739220.71,206303891.88,259442886.91,465746778.79,49381.58,3.42927622,0.00009300,0.00297606,0.00186004,0.18072661,0.18258665,914295433.95,18.6043
1089,2.9815,1.8621,15.8220,222.24,40833899.63,3739402.99,206343032.00,259453113.11,465796145.11,49366.32,3.42821649,0.00009299,0.00297556,0.00185972,0.18074201,0.18260174,914342800.27,18.5996
1090,2.9843,1.8618,15.8198,222.38,40839261.64,3739585.21,206382159.74,259463336.44,465845496.17,49351.06,3.42715711,0.00009297,0.00297506,0.00185941,0.18075742,0.18261684,914390151.33,18.5949
1091,2.9870,1.8615,15.8176,222.51,40844622.91,3739767.40,206421275.09,259473556.89,465894831.98,49335.81,3.42609808,0.00009295,0.00297456,0.00185910,0.18077285,0.18263194,914437487.15,18.5903
1092,2.9897,1.8613,15.8154,222.65,40849983.42,3739949.53,206460378.07,259483774.48,465944152.55,49320.57,3.42503941,0.00009294,0.00297405,0.00185878,0.18078828,0.18264706,914484807.71,18.5856
1093,2.9925,1.8610,15.8131,222.78,40855343.18,3740131.62,206499468.68,259493989.20,465993457.88,49305.33,3.42398109,0.00009292,0.00297355,0.00185847,0.18080372,0.18266219,914532113.04,18.5809
1094,2.9952,1.8608,15.8109,222.92,40860702.18,3740313.66,206538546.91,259504201.06,466042747.97,49290.09,3.42292312,0.00009291,0.00297305,0.00185816,0.18081917,0.18267733,914579403.13,18.5763
1095,2.9979,1.8605,15.8087,223.06,40866060.43,3740495.65,206577612.78,259514410.05,466092022.84,49274.86,3.42186551,0.00009289,0.00297255,0.00185784,0.18083463,0.18269248,914626678.00,18.5716
1096,3.0007,1.8602,15.8065,223.19,40871417.93,3740677.59,206616666.29,259524616.18,466141282.47,49259.64,3.42080825,0.00009288,0.00297205,0.00185753,0.18085011,0.18270764,914673937.64,18.5669
1097,3.0034,1.8600,15.8043,223.33,40876774.67,3740859.49,206655707.45,259534819.45,466190526.89,49244.42,3.41975135,0.00009286,0.00297155,0.00185722,0.18086559,0.18272281,914721182.06,18.5622
1098,3.0062,1.8597,15.8020,223.47,40882130.66,3741041.34,206694736.25,259545019.85,466239756.10,49229.21,3.41869479,0.00009285,0.00297105,0.00185691,0.18088108,0.18273799,914768411.26,18.5576
1099,3.0089,1.8595,15.7998,223.60,40887485.90,3741223.14,206733752.70,259555217.40,466288970.09,49214.00,3.41763860,0.00009283,0.00297055,0.00185659,0.18089659,0.18275318,914815625.26,18.5529
1100,3.0116,1.8592,15.7976,223.74,40892840.39,3741404.90,206772756.80,259565412.09,466338168.89,49198.79,3.41658275,0.00009281,0.00297005,0.00185628,0.18091210,0.18276838,914862824.05,18.5482
1101,3.0144,1.8589,15.7954,223.88,40898194.13,3741586.61,206811748.56,259575603.92,466387352.48,49183.59,3.41552726,0.00009280,0.00296955,0.00185597,0.18092762,0.18278359,914910007.64,18.5436
1102,3.0171,1.8587,15.7932,224.01,40903547.11,3741768.27,206850727.99,259585792.89,466436520.88,49168.40,3.41447211,0.00009278,0.00296905,0.00185565,0.18094316,0.18279881,914957176.04,18.5389
1103,3.0198,1.8584,15.7909,224.15,40908899.34,3741949.88,206889695.08,259595979.01,466485674.09,49153.21,3.41341733,0.00009277,0.00296855,0.00185534,0.18095870,0.18281404,915004329.25,18.5342
1104,3.0226,1.8582,15.7887,224.29,40914250.82,3742131.45,206928649.84,259606162.27,466534812.11,49138.03,3.41236289,0.00009275,0.00296805,0.00185503,0.18097426,0.18282929,915051467.27,18.5296
1105,3.0253,1.8579,15.7865,224.43,40919601.54,3742312.97,206967592.27,259616342.69,466583934.96,49122.85,3.41130880,0.00009274,0.00296755,0.00185472,0.18098982,0.18284454,915098590.12,18.5249
1106,3.0281,1.8576,15.7843,224.56,40924951.52,3742494.44,207006522.39,259626520.25,466633042.63,49107.67,3.41025507,0.00009272,0.00296705,0.00185441,0.18100540,0.18285980,915145697.79,18.5202
1107,3.0308,1.8574,15.7821,224.70,40930300.74,3742675.86,207045440.18,259636694.96,466682135.14,49092.50,3.40920169,0.00009270,0.00296655,0.00185409,0.18102098,0.18287508,915192790.30,18.5156
1108,3.0335,1.8571,15.7798,224.84,40935649.21,3742857.24,207084345.66,259646866.82,466731212.48,49077.34,3.40814866,0.00009269,0.00296605,0.00185378,0.18103658,0.18289036,915239867.64,18.5109
1109,3.0363,1.8568,15.7776,224.97,40940996.93,3743038.57,207123238.83,259657035.83,466780274.66,49062.18,3.40709599,0.00009267,0.00296555,0.00185347,0.18105218,0.18290565,915286929.82,18.5062
1110,3.0390,1.8566,15.7754,225.11,40946343.90,3743219.85,207162119.69,259667202.00,466829321.69,49047.03,3.40604366,0.00009266,0.00296505,0.00185316,0.18106780,0.18292096,915333976.85,18.5016
1111,3.0418,1.8563,15.7732,225.25,40951690.11,3743401.09,207200988.25,259677365.32,466878353.57,49031.88,3.40499169,0.00009264,0.00296455,0.00185284,0.18108343,0.18293627,915381008.73,18.4969
1112,3.0445,1.8561,15.7710,225.39,40957035.58,3743582.28,207239844.51,259687525.79,466927370.31,49016.74,3.40394006,0.00009263,0.00296405,0.00185253,0.18109906,0.18295160,915428025.47,18.4923
1113,3.0472,1.8558,15.7688,225.53,40962380.29,3743763.42,207278688.48,259697683.43,466976371.90,49001.60,3.40288879,0.00009261,0.00296355,0.00185222,0.18111471,0.18296693,915475027.07,18.4876
1114,3.0500,1.8555,15.7665,225.66,40967724.26,3743944.51,207317520.15,259707838.22,467025358.37,48986.47,3.40183787,0.00009260,0.00296305,0.00185191,0.18113037,0.18298228,915522013.53,18.4829
1115,3.0527,1.8553,15.7643,225.80,40973067.47,3744125.56,207356339.54,259717990.17,467074329.71,48971.34,3.40078730,0.00009258,0.00296256,0.00185160,0.18114603,0.18299763,915568984.87,18.4783
1116,3.0554,1.8550,15.7621,225.94,40978409.93,3744306.56,207395146.64,259728139.28,467123285.92,48956.21,3.39973708,0.00009256,0.00296206,0.00185129,0.18116171,0.18301300,915615941.08,18.4736
1117,3.0582,1.8548,15.7599,226.08,40983751.64,3744487.52,207433941.47,259738285.55,467172227.02,48941.10,3.39868721,0.00009255,0.00296156,0.00185097,0.18117740,0.18302837,915662882.18,18.4689
1118,3.0609,1.8545,15.7577,226.22,40989092.60,3744668.42,207472724.02,259748428.98,467221153.00,48925.98,3.39763769,0.00009253,0.00296106,0.00185066,0.18119310,0.18304376,915709808.16,18.4643
1119,3.0637,1.8542,15.7555,226.35,40994432.81,3744849.28,207511494.30,259758569.58,467270063.87,48910.87,3.39658853,0.00009252,0.00296056,0.00185035,0.18120881,0.18305916,915756719.04,18.4596
1120,3.0664,1.8540,15.7533,226.49,40999772.27,3745030.09,207550252.31,259768707.34,467318959.65,48895.77,3.39553971,0.00009250,0.00296006,0.00185004,0.18122452,0.18307456,915803614.81,18.4550
1121,3.0691,1.8537,15.7510,226.63,41005110.98,3745210.86,207588998.05,259778842.27,467367840.32,48880.67,3.39449124,0.00009249,0.00295957,0.00184973,0.18124025,0.18308998,915850495.48,18.4503
1122,3.0719,1.8535,15.7488,226.77,41010448.94,3745391.58,207627731.54,259788974.36,467416705.90,48865.58,3.39344312,0.00009247,0.00295907,0.00184942,0.18125599,0.18310541,915897361.06,18.4456
1123,3.0746,1.8532,15.7466,226.91,41015786.14,3745572.25,207666452.77,259799103.63,467465556.39,48850.49,3.39239536,0.00009246,0.00295857,0.00184911,0.18127174,0.18312085,915944211.56,18.4410
1124,3.0773,1.8529,15.7444,227.05,41021122.60,3745752.87,207705161.75,259809230.06,467514391.80,48835.41,3.39134794,0.00009244,0.00295807,0.00184879,0.18128750,0.18313629,915991046.97,18.4363
1125,3.0801,1.8527,15.7422,227.19,41026458.31,3745933.45,207743858.47,259819353.66,467563212.14,48820.33,3.39030087,0.00009242,0.00295757,0.00184848,0.18130327,0.18315175,916037867.30,18.4317
1126,3.0828,1.8524,15.7400,227.33,41031793.27,3746113.98,207782542.96,259829474.44,467612017.40,48805.26,3.38925415,0.00009241,0.00295708,0.00184817,0.18131905,0.18316722,916084672.56,18.4270
1127,3.0856,1.8522,15.7378,227.46,41037127.48,3746294.47,207821215.20,259839592.38,467660807.59,48790.19,3.38820778,0.00009239,0.00295658,0.00184786,0.18133484,0.18318270,916131462.75,18.4224
1128,3.0883,1.8519,15.7356,227.60,41042460.94,3746474.90,207859875.21,259849707.51,467709582.72,48775.13,3.38716176,0.00009238,0.00295608,0.00184755,0.18135064,0.18319819,916178237.88,18.4177
1129,3.0910,1.8516,15.7333,227.74,41047793.65,3746655.30,207898522.99,259859819.80,467758342.79,48760.07,3.38611609,0.00009236,0.00295558,0.00184724,0.18136645,0.18321369,916224997.95,18.4130
1130,3.0938,1.8514,15.7311,227.88,41053125.61,3746835.64,207937158.53,259869929.28,467807087.81,48745.02,3.38507076,0.00009235,0.00295509,0.00184693,0.18138227,0.18322920,916271742.97,18.4084
1131,3.0965,1.8511,15.7289,228.02,41058456.82,3747015.94,207975781.85,259880035.93,467855817.78,48729.97,3.38402579,0.00009233,0.00295459,0.00184662,0.18139810,0.18324472,916318472.94,18.4037
1132,3.0992,1.8509,15.7267,228.16,41063787.28,3747196.19,208014392.95,259890139.76,467904532.71,48714.93,3.38298116,0.00009232,0.00295409,0.00184631,0.18141394,0.18326025,916365187.87,18.3991
1133,3.1020,1.8506,15.7245,228.30,41069117.00,3747376.39,208052991.83,259900240.77,467953232.60,48699.89,3.38193688,0.00009230,0.00295360,0.00184600,0.18142979,0.18327579,916411887.76,18.3944
1134,3.1047,1.8503,15.7223,228.44,41074445.96,3747556.55,208091578.50,259910338.96,468001917.46,48684.86,3.38089295,0.00009228,0.00295310,0.00184569,0.18144565,0.18329134,916458572.62,18.3898
1135,3.1075,1.8501,15.7201,228.58,41079774.18,3747736.66,208130152.96,259920434.33,468050587.29,48669.83,3.37984937,0.00009227,0.00295260,0.00184538,0.18146152,0.18330690,916505242.45,18.3851
1136,3.1102,1.8498,15.7179,228.72,41085101.64,3747916.72,208168715.21,259930526.88,468099242.10,48654.81,3.37880614,0.00009225,0.00295211,0.00184507,0.18147741,0.18332247,916551897.26,18.3805
1137,3.1129,1.8496,15.7157,228.86,41090428.36,3748096.74,208207265.27,259940616.62,468147881.89,48639.79,3.37776326,0.00009224,0.00295161,0.00184476,0.18149330,0.18333805,916598537.05,18.3758
1138,3.1157,1.8493,15.7135,229.00,41095754.33,3748276.71,208245803.12,259950703.55,468196506.67,48624.78,3.37672072,0.00009222,0.00295111,0.00184445,0.18150920,0.18335364,916645161.83,18.3712
1139,3.1184,1.8490,15.7113,229.14,41101079.55,3748456.63,208284328.78,259960787.66,468245116.44,48609.77,3.37567853,0.00009221,0.00295062,0.00184414,0.18152511,0.18336925,916691771.60,18.3665
1140,3.1211,1.8488,15.7090,229.28,41106404.03,3748636.51,208322842.25,259970868.96,468293711.21,48594.77,3.37463669,0.00009219,0.00295012,0.00184383,0.18154103,0.18338486,916738366.37,18.3619
1141,3.1239,1.8485,15.7068,229.42,41111727.75,3748816.34,208361343.53,259980947.45,468342290.98,48579.77,3.37359519,0.00009218,0.00294963,0.00184352,0.18155696,0.18340048,916784946.14,18.3572
1142,3.1266,1.8483,15.7046,229.56,41117050.73,3748996.12,208399832.63,259991023.13,468390855.75,48564.78,3.37255405,0.00009216,0.00294913,0.00184321,0.18157291,0.18341611,916831510.92,18.3526
1143,3.1294,1.8480,15.7024,229.70,41122372.96,3749175.86,208438309.55,260001096.00,468439405.55,48549.79,3.37151325,0.00009214,0.00294863,0.00184290,0.18158886,0.18343176,916878060.71,18.3479
1144,3.1321,1.8477,15.7002,229.84,41127694.44,3749355.55,208476774.29,260011166.06,468487940.35,48534.81,3.37047279,0.00009213,0.00294814,0.00184259,0.18160482,0.18344741,916924595.52,18.3433
1145,3.1348,1.8475,15.6980,229.98,41133015.17,3749535.19,208515226.87,260021233.32,468536460.18,48519.83,3.36943269,0.00009211,0.00294764,0.00184228,0.18162079,0.18346307,916971115.35,18.3386
1146,3.1376,1.8472,15.6958,230.12,41138335.16,3749714.79,208553667.27,260031297.77,468584965.04,48504.86,3.36839293,0.00009210,0.00294715,0.00184197,0.18163678,0.18347874,917017620.21,18.3340
1147,3.1403,1.8470,15.6936,230.26,41143654.39,3749894.34,208592095.52,260041359.41,468633454.93,48489.89,3.36735352,0.00009208,0.00294665,0.00184166,0.18165277,0.18349443,917064110.10,18.3293
1148,3.1431,1.8467,15.6914,230.40,41148972.88,3750073.84,208630511.60,260051418.26,468681929.86,48474.93,3.36631445,0.00009207,0.00294616,0.00184135,0.18166877,0.18351012,917110585.02,18.3247
1149,3.1458,1.8464,15.6892,230.54,41154290.63,3750253.30,208668915.53,260061474.30,468730389.83,48459.97,3.36527573,0.00009205,0.00294566,0.00184104,0.18168479,0.18352583,917157044.99,18.3200
1150,3.1485,1.8462,15.6870,230.69,41159607.62,3750432.71,208707307.31,260071527.54,468778834.85,48445.02,3.36423736,0.00009204,0.00294517,0.00184073,0.18170081,0.18354154,917203490.01,18.3154
1151,3.1513,1.8459,15.6848,230.83,41164923.87,3750612.08,208745686.94,260081577.98,468827264.92,48430.07,3.36319933,0.00009202,0.00294467,0.00184042,0.18171684,0.18355726,917249920.08,18.3107
1152,3.1540,1.8457,15.6826,230.97,41170239.37,3750791.40,208784054.42,260091625.63,468875680.05,48415.13,3.36216165,0.00009201,0.00294418,0.00184011,0.18173289,0.18357300,917296335.21,18.3061
1153,3.1567,1.8454,15.6804,231.11,41175554.13,3750970.67,208822409.77,260101670.47,468924080.24,48400.19,3.36112431,0.00009199,0.00294368,0.00183980,0.18174894,0.18358874,917342735.40,18.3014
1154,3.1595,1.8451,15.6782,231.25,41180868.14,3751149.89,208860752.97,260111712.52,468972465.50,48385.26,3.36008732,0.00009197,0.00294319,0.00183949,0.18176501,0.18360450,917389120.66,18.2968
1155,3.1622,1.8449,15.6760,231.39,41186181.40,3751329.07,208899084.05,260121751.78,469020835.82,48370.33,3.35905068,0.00009196,0.00294269,0.00183918,0.18178108,0.18362026,917435490.99,18.2921
1156,3.1650,1.8446,15.6738,231.53,41191493.91,3751508.21,208937403.00,260131788.24,469069191.23,48355.41,3.35801438,0.00009194,0.00294220,0.00183887,0.18179716,0.18363604,917481846.39,18.2875
1157,3.1677,1.8444,15.6716,231.67,41196805.68,3751687.29,208975709.82,260141821.90,469117531.72,48340.49,3.35697843,0.00009193,0.00294170,0.00183856,0.18181326,0.18365182,917528186.88,18.2829
1158,3.1704,1.8441,15.6694,231.82,41202116.70,3751866.33,209014004.52,260151852.78,469165857.30,48325.58,3.35594282,0.00009191,0.00294121,0.00183826,0.18182936,0.18366762,917574512.46,18.2782
1159,3.1732,1.8438,15.6672,231.96,41207426.98,3752045.33,209052287.10,260161880.86,469214167.97,48310.67,3.35490755,0.00009190,0.00294072,0.00183795,0.18184548,0.18368342,917620823.13,18.2736
1160,3.1759,1.8436,15.6650,232.10,41212736.51,3752224.28,209090557.57,260171906.16,469262463.73,48295.77,3.35387264,0.00009188,0.00294022,0.00183764,0.18186160,0.18369924,917667118.90,18.2689
1161,3.1786,1.8433,15.6628,232.24,41218045.29,3752403.18,209128815.93,260181928.67,469310744.60,48280.87,3.35283806,0.00009187,0.00293973,0.00183733,0.18187774,0.18371507,917713399.76,18.2643
1162,3.1814,1.8431,15.6606,232.38,41223353.33,3752582.03,209167062.19,260191948.39,469359010.58,48265.98,3.35180383,0.00009185,0.00293923,0.00183702,0.18189388,0.18373090,917759665.74,18.2596
1163,3.1841,1.8428,15.6584,232.53,41228660.62,3752760.84,209205296.34,260201965.32,469407261.66,48251.09,3.35076995,0.00009184,0.00293874,0.00183671,0.18191004,0.18374675,917805916.83,18.2550
1164,3.1869,1.8426,15.6562,232.67,41233967.16,3752939.61,209243518.39,260211979.47,469455497.87,48236.20,3.34973641,0.00009182,0.00293825,0.00183640,0.18192620,0.18376260,917852153.03,18.2504
1165,3.1896,1.8423,15.6540,232.81,41239272.96,3753118.32,209281728.35,260221990.84,469503719.19,48221.33,3.34870321,0.00009180,0.00293775,0.00183610,0.18194238,0.18377847,917898374.36,18.2457
1166,3.1923,1.8420,15.6518,232.95,41244578.02,3753296.99,209319926.22,260231999.42,469551925.65,48206.45,3.34767036,0.00009179,0.00293726,0.00183579,0.18195856,0.18379435,917944580.81,18.2411
1167,3.1951,1.8418,15.6496,233.10,41249882.33,3753475.62,209358112.01,260242005.23,469600117.23,48191.59,3.34663786,0.00009177,0.00293677,0.00183548,0.18197476,0.18381024,917990772.39,18.2364
1168,3.1978,1.8415,15.6474,233.24,41255185.89,3753654.20,209396285.71,260252008.25,469648293.95,48176.72,3.34560569,0.00009176,0.00293627,0.00183517,0.18199096,0.18382613,918036949.12,18.2318
1169,3.2005,1.8413,15.6452,233.38,41260488.71,3753832.73,209434447.33,260262008.49,469696455.82,48161.86,3.34457387,0.00009174,0.00293578,0.00183486,0.18200718,0.18384204,918083110.98,18.2272
1170,3.2033,1.8410,15.6430,233.52,41265790.78,3754011.22,209472596.87,260272005.96,469744602.83,48147.01,3.34354240,0.00009173,0.00293529,0.00183455,0.18202340,0.18385796,918129257.99,18.2225
1171,3.2060,1.8407,15.6408,233.67,41271092.11,3754189.66,209510734.35,260282000.64,469792734.99,48132.16,3.34251127,0.00009171,0.00293479,0.00183425,0.18203964,0.18387388,918175390.15,18.2179
1172,3.2088,1.8405,15.6386,233.81,41276392.69,3754368.05,209548859.76,260291992.55,469840852.31,48117.32,3.34148048,0.00009170,0.00293430,0.00183394,0.18205588,0.18388982,918221507.47,18.2132
1173,3.2115,1.8402,15.6364,233.95,41281692.53,3754546.40,209586973.10,260301981.69,469888954.79,48102.48,3.34045003,0.00009168,0.00293381,0.00183363,0.18207214,0.18390577,918267609.95,18.2086
1174,3.2142,1.8400,15.6342,234.09,41286991.62,3754724.70,209625074.38,260311968.05,469937042.44,48087.65,3.33941993,0.00009167,0.00293332,0.00183332,0.18208841,0.18392173,918313697.60,18.2040
1175,3.2170,1.8397,15.6320,234.24,41292289.97,3754902.96,209663163.61,260321951.65,469985115.26,48072.82,3.33839017,0.00009165,0.00293282,0.00183301,0.18210468,0.18393770,918359770.42,18.1993
1176,3.2197,1.8394,15.6298,234.38,41297587.58,3755081.17,209701240.79,260331932.47,470033173.25,48057.99,3.33736075,0.00009164,0.00293233,0.00183271,0.18212097,0.18395367,918405828.41,18.1947
1177,3.2225,1.8392,15.6276,234.52,41302884.44,3755259.33,209739305.91,260341910.51,470081216.43,48043.18,3.33633168,0.00009162,0.00293184,0.00183240,0.18213726,0.18396966,918451871.59,18.1901
1178,3.2252,1.8389,15.6254,234.67,41308180.55,3755437.45,209777358.99,260351885.79,470129244.79,48028.36,3.33530295,0.00009160,0.00293135,0.00183209,0.18215357,0.18398566,918497899.95,18.1854
1179,3.2279,1.8387,15.6232,234.81,41313475.92,3755615.52,209815400.04,260361858.31,470177258.34,48013.55,3.33427456,0.00009159,0.00293086,0.00183178,0.18216988,0.18400167,918543913.51,18.1808
1180,3.2307,1.8384,15.6210,234.96,41318770.55,3755793.55,209853429.04,260371828.05,470225257.09,47998.75,3.33324651,0.00009157,0.00293036,0.00183148,0.18218621,0.18401769,918589912.26,18.1762
1181,3.2334,1.8382,15.6188,235.10,41324064.43,3755971.53,209891446.01,260381795.03,470273241.04,47983.95,3.33221881,0.00009156,0.00292987,0.00183117,0.18220255,0.18403372,918635896.21,18.1715
1182,3.2361,1.8379,15.6166,235.24,41329357.57,3756149.46,209929450.95,260391759.25,470321210.20,47969.16,3.33119145,0.00009154,0.00292938,0.00183086,0.18221889,0.18404976,918681865.36,18.1669
1183,3.2389,1.8376,15.6144,235.39,41334649.97,3756327.35,209967443.87,260401720.70,470369164.57,47954.37,3.33016443,0.00009153,0.00292889,0.00183056,0.18223525,0.18406580,918727819.73,18.1623
1184,3.2416,1.8374,15.6122,235.53,41339941.62,3756505.19,210005424.76,260411679.39,470417104.15,47939.58,3.32913775,0.00009151,0.00292840,0.00183025,0.18225162,0.18408186,918773759.31,18.1576
1185,3.2444,1.8371,15.6100,235.67,41345232.53,3756682.99,210043393.64,260421635.32,470465028.96,47924.80,3.32811142,0.00009150,0.00292791,0.00182994,0.18226799,0.18409793,918819684.12,18.1530
1186,3.2471,1.8369,15.6078,235.82,41350522.69,3756860.74,210081350.50,260431588.48,470512938.99,47910.03,3.32708542,0.00009148,0.00292741,0.00182963,0.18228438,0.18411401,918865594.15,18.1484
1187,3.2498,1.8366,15.6056,235.96,41355812.11,3757038.45,210119295.35,260441538.89,470560834.25,47895.26,3.32605977,0.00009147,0.00292692,0.00182933,0.18230077,0.18413010,918911489.41,18.1437
1188,3.2526,1.8363,15.6034,236.11,41361100.79,3757216.11,210157228.20,260451486.54,470608714.74,47880.50,3.32503446,0.00009145,0.00292643,0.00182902,0.18231718,0.18414620,918957369.91,18.1391
1189,3.2553,1.8361,15.6012,236.25,41366388.73,3757393.72,210195149.04,260461431.44,470656580.48,47865.74,3.32400949,0.00009144,0.00292594,0.00182871,0.18233360,0.18416231,919003235.64,18.1345
1190,3.2580,1.8358,15.5991,236.40,41371675.92,3757571.29,210233057.89,260471373.58,470704431.46,47850.98,3.32298486,0.00009142,0.00292545,0.00182841,0.18235002,0.18417843,919049086.62,18.1299
1191,3.2608,1.8356,15.5969,236.54,41376962.37,3757748.81,210270954.73,260481312.96,470752267.69,47836.23,3.32196057,0.00009140,0.00292496,0.00182810,0.18236646,0.18419456,919094922.86,18.1252
1192,3.2635,1.8353,15.5947,236.69,41382248.07,3757926.29,210308839.59,260491249.59,470800089.18,47821.49,3.32093662,0.00009139,0.00292447,0.00182779,0.18238291,0.18421070,919140744.34,18.1206
1193,3.2663,1.8351,15.5925,236.83,41387533.04,3758103.72,210346712.46,260501183.47,470847895.93,47806.75,3.31991301,0.00009137,0.00292398,0.00182749,0.18239936,0.18422685,919186551.09,18.1160
1194,3.2690,1.8348,15.5903,236.97,41392817.26,3758281.10,210384573.35,260511114.59,470895687.94,47792.01,3.31888975,0.00009136,0.00292349,0.00182718,0.18241583,0.18424301,919232343.10,18.1113
1195,3.2717,1.8345,15.5881,237.12,41398100.74,3758458.44,210422422.25,260521042.97,470943465.22,47777.28,3.31786682,0.00009134,0.00292300,0.00182687,0.18243231,0.18425918,919278120.39,18.1067
1196,3.2745,1.8343,15.5859,237.26,41403383.47,3758635.73,210460259.18,260530968.60,470991227.78,47762.56,3.31684424,0.00009133,0.00292251,0.00182657,0.18244879,0.18427536,919323882.94,18.1021
1197,3.2772,1.8340,15.5837,237.41,41408665.46,3758812.98,210498084.14,260540891.48,471038975.62,47747.84,3.31582199,0.00009131,0.00292202,0.00182626,0.18246529,0.18429155,919369630.78,18.0975
1198,3.2799,1.8338,15.5815,237.55,41413946.72,3758990.19,210535897.13,260550811.61,471086708.74,47733.12,3.31480009,0.00009130,0.00292153,0.00182595,0.18248179,0.18430775,919415363.90,18.0928
1199,3.2827,1.8335,15.5793,237.70,41419227.22,3759167.34,210573698.15,260560729.00,471134427.15,47718.41,3.31377852,0.00009128,0.00292104,0.00182565,0.18249831,0.18432396,919461082.31,18.0882
1200,3.2854,1.8333,15.5771,237.85,41424506.99,3759344.45,210611487.21,260570643.64,471182130.85,47703.71,3.31275730,0.00009127,0.00292055,0.00182534,0.18251484,0.18434018,919506786.02,18.0836
1201,3.2882,1.8330,15.5750,237.99,41429786.02,3759521.52,210649264.32,260580555.54,471229819.86,47689.00,3.31173641,0.00009125,0.00292006,0.00182504,0.18253137,0.18435641,919552475.02,18.0790
1202,3.2909,1.8327,15.5728,238.14,41435064.30,3759698.54,210687029.47,260590464.70,471277494.17,47674.31,3.31071586,0.00009124,0.00291957,0.00182473,0.18254792,0.18437265,919598149.33,18.0743
1203,3.2936,1.8325,15.5706,238.28,41440341.84,3759875.51,210724782.67,260600371.11,471325153.78,47659.62,3.30969566,0.00009122,0.00291908,0.00182442,0.18256448,0.18438890,919643808.95,18.0697
1204,3.2964,1.8322,15.5684,238.43,41445618.64,3760052.44,210762523.93,260610274.79,471372798.71,47644.93,3.30867579,0.00009121,0.00291859,0.00182412,0.18258104,0.18440516,919689453.88,18.0651
1205,3.2991,1.8320,15.5662,238.57,41450894.70,3760229.33,210800253.24,260620175.72,471420428.97,47630.25,3.30765626,0.00009119,0.00291810,0.00182381,0.18259762,0.18442143,919735084.13,18.0605
1206,3.3018,1.8317,15.5640,238.72,41456170.02,3760406.17,210837970.62,260630073.92,471468044.54,47615.57,3.30663707,0.00009118,0.00291761,0.00182351,0.18261421,0.18443771,919780699.70,18.0558
1207,3.3046,1.8314,15.5618,238.87,41461444.59,3760582.96,210875676.06,260639969.38,471515645.44,47600.90,3.30561822,0.00009116,0.00291712,0.00182320,0.18263080,0.18445400,919826300.60,18.0512
1208,3.3073,1.8312,15.5596,239.01,41466718.43,3760759.71,210913369.57,260649862.11,471563231.68,47586.24,3.30459971,0.00009114,0.00291663,0.00182290,0.18264741,0.18447030,919871886.84,18.0466
1209,3.3101,1.8309,15.5575,239.16,41471991.52,3760936.41,210951051.15,260659752.10,471610803.25,47571.57,3.30358154,0.00009113,0.00291614,0.00182259,0.18266402,0.18448661,919917458.41,18.0420
1210,3.3128,1.8307,15.5553,239.30,41477263.87,3761113.06,210988720.81,260669639.36,471658360.17,47556.92,3.30256371,0.00009111,0.00291566,0.00182228,0.18268065,0.18450294,919963015.33,18.0374
1211,3.3155,1.8304,15.5531,239.45,41482535.49,3761289.68,211026378.55,260679523.88,471705902.43,47542.27,3.30154621,0.00009110,0.00291517,0.00182198,0.18269729,0.18451927,920008557.60,18.0327
1212,3.3183,1.8302,15.5509,239.60,41487806.36,3761466.24,211064024.38,260689405.68,471753430.05,47527.62,3.30052905,0.00009108,0.00291468,0.00182167,0.18271393,0.18453561,920054085.22,18.0281
1213,3.3210,1.8299,15.5487,239.74,41493076.49,3761642.76,211101658.29,260699284.74,471800943.03,47512.98,3.29951223,0.00009107,0.00291419,0.00182137,0.18273059,0.18455196,920099598.19,18.0235
1214,3.3238,1.8296,15.5465,239.89,41498345.88,3761819.24,211139280.29,260709161.07,471848441.37,47498.34,3.29849575,0.00009105,0.00291370,0.00182106,0.18274726,0.18456832,920145096.53,18.0189
1215,3.3265,1.8294,15.5443,240.04,41503614.53,3761995.67,211176890.39,260719034.68,471895925.07,47483.71,3.29747961,0.00009104,0.00291321,0.00182076,0.18276393,0.18458469,920190580.24,18.0143
1216,3.3292,1.8291,15.5422,240.18,41508882.44,3762172.05,211214488.59,260728905.56,471943394.15,47469.08,3.29646380,0.00009102,0.00291273,0.00182045,0.18278062,0.18460107,920236049.32,18.0097
1217,3.3320,1.8289,15.5400,240.33,41514149.60,3762348.39,211252074.90,260738773.71,471990848.61,47454.46,3.29544834,0.00009101,0.00291224,0.00182015,0.18279731,0.18461746,920281503.77,18.0050
1218,3.3347,1.8286,15.5378,240.48,41519416.03,3762524.68,211289649.31,260748639.14,472038288.45,47439.84,3.29443321,0.00009099,0.00291175,0.00181984,0.18281402,0.18463386,920326943.61,18.0004
1219,3.3374,1.8284,15.5356,240.62,41524681.72,3762700.93,211327211.83,260758501.85,472085713.67,47425.23,3.29341841,0.00009098,0.00291126,0.00181954,0.18283074,0.18465027,920372368.83,17.9958
1220,3.3402,1.8281,15.5334,240.77,41529946.67,3762877.14,211364762.46,260768361.83,472133124.29,47410.62,3.29240396,0.00009096,0.00291077,0.00181923,0.18284746,0.18466669,920417779.45,17.9912
1221,3.3429,1.8279,15.5312,240.92,41535210.88,3763053.29,211402301.21,260778219.09,472180520.30,47396.01,3.29138984,0.00009095,0.00291029,0.00181893,0.18286420,0.18468313,920463175.47,17.9866
1222,3.3457,1.8276,15.5291,241.07,41540474.35,3763229.41,211439828.09,260788073.63,472227901.72,47381.42,3.29037606,0.00009093,0.00290980,0.00181862,0.18288094,0.18469957,920508556.88,17.9820
1223,3.3484,1.8273,15.5269,241.21,41545737.08,3763405.48,211477343.09,260797925.45,472275268.54,47366.82,3.28936262,0.00009092,0.00290931,0.00181832,0.18289770,0.18471602,920553923.70,17.9774
1224,3.3511,1.8271,15.5247,241.36,41550999.07,3763581.50,211514846.22,260807774.56,472322620.77,47352.23,3.28834951,0.00009090,0.00290882,0.00181801,0.18291446,0.18473248,920599275.94,17.9727
1225,3.3539,1.8268,15.5225,241.51,41556260.32,3763757.48,211552337.48,260817620.94,472369958.42,47337.65,3.28733674,0.00009089,0.00290834,0.00181771,0.18293124,0.18474895,920644613.58,17.9681
1226,3.3566,1.8266,15.5203,241.66,41561520.83,3763933.41,211589816.88,260827464.61,472417281.49,47323.07,3.28632430,0.00009087,0.00290785,0.00181741,0.18294802,0.18476543,920689936.65,17.9635
1227,3.3593,1.8263,15.5182,241.80,41566780.60,3764109.29,211627284.42,260837305.57,472464589.99,47308.50,3.28531221,0.00009086,0.00290736,0.00181710,0.18296482,0.18478192,920735245.15,17.9589
1228,3.3621,1.8261,15.5160,241.95,41572039.63,3764285.14,211664740.11,260847143.81,472511883.91,47293.93,3.28430044,0.00009084,0.00290688,0.00181680,0.18298162,0.18479842,920780539.08,17.9543
1229,3.3648,1.8258,15.5138,242.10,41577297.93,3764460.93,211702183.94,260856979.34,472559163.28,47279.36,3.28328902,0.00009082,0.00290639,0.00181649,0.18299844,0.18481493,920825818.44,17.9497
1230,3.3676,1.8255,15.5116,242.25,41582555.48,3764636.69,211739615.92,260866812.15,472606428.08,47264.80,3.28227793,0.00009081,0.00290590,0.00181619,0.18301527,0.18483145,920871083.24,17.9451
1231,3.3703,1.8253,15.5094,242.40,41587812.30,3764812.39,211777036.06,260876642.26,472653678.33,47250.25,3.28126718,0.00009079,0.00290542,0.00181588,0.18303210,0.18484798,920916333.49,17.9405
1232,3.3730,1.8250,15.5073,242.54,41593068.38,3764988.05,211814444.36,260886469.66,472700914.02,47235.70,3.28025676,0.00009078,0.00290493,0.00181558,0.18304894,0.18486453,920961569.19,17.9359
1233,3.3758,1.8248,15.5051,242.69,41598323.71,3765163.67,211851840.83,260896294.35,472748135.17,47221.15,3.27924668,0.00009076,0.00290444,0.00181528,0.18306580,0.18488108,921006790.34,17.9313
1234,3.3785,1.8245,15.5029,242.84,41603578.31,3765339.24,211889225.46,260906116.33,472795341.79,47206.61,3.27823693,0.00009075,0.00290396,0.00181497,0.18308266,0.18489764,921051996.95,17.9266
1235,3.3812,1.8243,15.5007,242.99,41608832.18,3765514.77,211926598.26,260915935.60,472842533.86,47192.08,3.27722752,0.00009073,0.00290347,0.00181467,0.18309954,0.18491421,921097189.03,17.9220
1236,3.3840,1.8240,15.4985,243.14,41614085.30,3765690.25,211963959.24,260925752.17,472889711.41,47177.55,3.27621845,0.00009072,0.00290298,0.00181437,0.18311642,0.18493079,921142366.57,17.9174
1237,3.3867,1.8237,15.4964,243.29,41619337.69,3765865.69,212001308.39,260935566.04,472936874.43,47163.02,3.27520971,0.00009070,0.00290250,0.00181406,0.18313332,0.18494738,921187529.59,17.9128
1238,3.3895,1.8235,15.4942,243.44,41624589.33,3766041.08,212038645.73,260945377.20,472984022.93,47148.50,3.27420130,0.00009069,0.00290201,0.00181376,0.18315022,0.18496398,921232678.09,17.9082
1239,3.3922,1.8232,15.4920,243.58,41629840.24,3766216.43,212075971.25,260955185.66,473031156.91,47133.98,3.27319323,0.00009067,0.00290153,0.00181345,0.18316714,0.18498059,921277812.07,17.9036
1240,3.3949,1.8230,15.4898,243.73,41635090.42,3766391.73,212113284.96,260964991.42,473078276.38,47119.47,3.27218549,0.00009066,0.00290104,0.00181315,0.18318406,0.18499721,921322931.54,17.8990
1241,3.3977,1.8227,15.4877,243.88,41640339.85,3766566.99,212150586.86,260974794.48,473125381.34,47104.96,3.27117809,0.00009064,0.00290056,0.00181285,0.18320099,0.18501384,921368036.51,17.8944
1242,3.4004,1.8225,15.4855,244.03,41645588.55,3766742.20,212187876.96,260984594.85,473172471.81,47090.46,3.27017103,0.00009063,0.00290007,0.00181254,0.18321794,0.18503048,921413126.97,17.8898
1243,3.4031,1.8222,15.4833,244.18,41650836.50,3766917.37,212225155.26,260994392.51,473219547.77,47075.97,3.26916430,0.00009061,0.00289958,0.00181224,0.18323489,0.18504713,921458202.94,17.8852
1244,3.4059,1.8220,15.4811,244.33,41656083.73,3767092.49,212262421.77,261004187.48,473266609.25,47061.47,3.26815790,0.00009060,0.00289910,0.00181194,0.18325186,0.18506379,921503264.41,17.8806
1245,3.4086,1.8217,15.4789,244.48,41661330.21,3767267.57,212299676.48,261013979.75,473313656.23,47046.99,3.26715183,0.00009058,0.00289861,0.00181163,0.18326883,0.18508046,921548311.40,17.8760
1246,3.4114,1.8214,15.4768,244.63,41666575.96,3767442.60,212336919.41,261023769.33,473360688.74,47032.50,3.26614610,0.00009057,0.00289813,0.00181133,0.18328581,0.18509714,921593343.90,17.8714
1247,3.4141,1.8212,15.4746,244.78,41671820.97,3767617.59,212374150.55,261033556.21,473407706.76,47018.03,3.26514071,0.00009055,0.00289764,0.00181103,0.18330281,0.18511383,921638361.93,17.8668
1248,3.4168,1.8209,15.4724,244.93,41677065.24,3767792.53,212411369.91,261043340.41,473454710.32,47003.55,3.26413565,0.00009054,0.00289716,0.00181072,0.18331981,0.18513053,921683365.48,17.8622
1249,3.4196,1.8207,15.4703,245.08,41682308.77,3767967.43,212448577.49,261053121.91,473501699.40,46989.09,3.26313092,0.00009052,0.00289667,0.00181042,0.18333682,0.18514724,921728354.57,17.8576
1250,3.4223,1.8204,15.4681,245.23,41687551.57,3768142.28,212485773.30,261062900.72,473548674.02,46974.62,3.26212653,0.00009051,0.00289619,0.00181012,0.18335384,0.18516396,921773329.19,17.8530
1251,3.4251,1.8202,15.4659,245.38,41692793.64,3768317.09,212522957.34,261072676.84,473595634.19,46960.16,3.26112246,0.00009049,0.00289571,0.00180982,0.18337088,0.18518069,921818289.35,17.8484
1252,3.4278,1.8199,15.4637,245.53,41698034.96,3768491.86,212560129.62,261082450.28,473642579.90,46945.71,3.26011874,0.00009048,0.00289522,0.00180951,0.18338792,0.18519743,921863235.06,17.8438
1253,3.4305,1.8196,15.4616,245.68,41703275.55,3768666.58,212597290.13,261092221.03,473689511.16,46931.26,3.25911534,0.00009046,0.00289474,0.00180921,0.18340497,0.18521418,921908166.32,17.8392
1254,3.4333,1.8194,15.4594,245.83,41708515.40,3768841.25,212634438.89,261101989.09,473736427.98,46916.82,3.25811228,0.00009045,0.00289425,0.00180891,0.18342203,0.18523094,921953083.14,17.8346
1255,3.4360,1.8191,15.4572,245.98,41713754.52,3769015.88,212671575.89,261111754.47,473783330.35,46902.38,3.25710955,0.00009043,0.00289377,0.00180861,0.18343911,0.18524771,921997985.52,17.8300
1256,3.4387,1.8189,15.4550,246.13,41718992.90,3769190.47,212708701.13,261121517.16,473830218.30,46887.94,3.25610716,0.00009042,0.00289328,0.00180830,0.18345619,0.18526449,922042873.46,17.8254
1257,3.4415,1.8186,15.4529,246.28,41724230.54,3769365.01,212745814.64,261131277.17,473877091.81,46873.51,3.25510509,0.00009040,0.00289280,0.00180800,0.18347328,0.18528128,922087746.97,17.8208
1258,3.4442,1.8184,15.4507,246.43,41729467.45,3769539.51,212782916.39,261141034.50,473923950.90,46859.09,3.25410336,0.00009038,0.00289232,0.00180770,0.18349038,0.18529808,922132606.06,17.8162
1259,3.4470,1.8181,15.4485,246.58,41734703.62,3769713.96,212820006.41,261150789.15,473970795.57,46844.67,3.25310197,0.00009037,0.00289183,0.00180740,0.18350749,0.18531489,922177450.73,17.8116
1260,3.4497,1.8179,15.4464,246.73,41739939.06,3769888.37,212857084.69,261160541.13,474017625.82,46830.25,3.25210090,0.00009035,0.00289135,0.00180709,0.18352461,0.18533171,922222280.98,17.8070
1261,3.4524,1.8176,15.4442,246.88,41745173.76,3770062.73,212894151.24,261170290.42,474064441.66,46815.84,3.25110017,0.00009034,0.00289087,0.00180679,0.18354174,0.18534854,922267096.82,17.8024
1262,3.4552,1.8173,15.4420,247.03,41750407.73,3770237.05,212931206.06,261180037.03,474111243.10,46801.44,3.25009977,0.00009032,0.00289038,0.00180649,0.18355889,0.18536537,922311898.26,17.7978
1263,3.4579,1.8171,15.4398,247.18,41755640.96,3770411.32,212968249.16,261189780.97,474158030.13,46787.04,3.24909970,0.00009031,0.00288990,0.00180619,0.18357604,0.18538222,922356685.30,17.7932
1264,3.4606,1.8168,15.4377,247.34,41760873.45,3770585.55,213005280.54,261199522.24,474204802.77,46772.64,3.24809996,0.00009029,0.00288942,0.00180588,0.18359320,0.18539908,922401457.94,17.7886
1265,3.4634,1.8166,15.4355,247.49,41766105.21,3770759.74,213042300.19,261209260.83,474251561.02,46758.25,3.24710055,0.00009028,0.00288893,0.00180558,0.18361037,0.18541595,922446216.18,17.7840
1266,3.4661,1.8163,15.4333,247.64,41771336.23,3770933.88,213079308.14,261218996.75,474298304.88,46743.86,3.24610148,0.00009026,0.00288845,0.00180528,0.18362755,0.18543283,922490960.05,17.7795
1267,3.4689,1.8161,15.4312,247.79,41776566.52,3771107.97,213116304.37,261228729.99,474345034.36,46729.48,3.24510274,0.00009025,0.00288797,0.00180498,0.18364474,0.18544972,922535689.52,17.7749
1268,3.4716,1.8158,15.4290,247.94,41781796.08,3771282.02,213153288.90,261238460.57,474391749.46,46715.10,3.24410433,0.00009023,0.00288748,0.00180468,0.18366194,0.18546662,922580404.63,17.7703
1269,3.4743,1.8156,15.4268,248.09,41787024.89,3771456.03,213190261.72,261248188.47,474438450.19,46700.73,3.24310625,0.00009022,0.00288700,0.00180438,0.18367915,0.18548352,922625105.36,17.7657
1270,3.4771,1.8153,15.4247,248.25,41792252.98,3771629.99,213227222.85,261257913.71,474485136.56,46686.36,3.24210850,0.00009020,0.00288652,0.00180407,0.18369637,0.18550044,922669791.72,17.7611
1271,3.4798,1.8151,15.4225,248.40,41797480.33,3771803.91,213264172.28,261267636.28,474531808.56,46672.00,3.24111108,0.00009019,0.00288604,0.00180377,0.18371360,0.18551737,922714463.72,17.7565
1272,3.4825,1.8148,15.4203,248.55,41802706.94,3771977.79,213301110.01,261277356.18,474578466.20,46657.64,3.24011399,0.00009017,0.00288555,0.00180347,0.18373084,0.18553431,922759121.36,17.7519
1273,3.4853,1.8145,15.4182,248.70,41807932.82,3772151.61,213338036.06,261287073.42,474625109.49,46643.29,3.23911723,0.00009016,0.00288507,0.00180317,0.18374808,0.18555125,922803764.65,17.7473
1274,3.4880,1.8143,15.4160,248.85,41813157.97,3772325.40,213374950.43,261296787.99,474671738.43,46628.94,3.23812081,0.00009014,0.00288459,0.00180287,0.18376534,0.18556821,922848393.59,17.7427
1275,3.4908,1.8140,15.4138,249.01,41818382.38,3772499.14,213411853.12,261306499.90,474718353.02,46614.60,3.23712471,0.00009013,0.00288411,0.00180257,0.18378261,0.18558518,922893008.18,17.7382
1276,3.4935,1.8138,15.4117,249.16,41823606.06,3772672.84,213448744.13,261316209.15,474764953.28,46600.26,3.23612895,0.00009011,0.00288363,0.00180227,0.18379989,0.18560216,922937608.44,17.7336
1277,3.4962,1.8135,15.4095,249.31,41828829.00,3772846.49,213485623.46,261325915.74,474811539.20,46585.92,3.23513351,0.00009010,0.00288314,0.00180196,0.18381718,0.18561914,922982194.36,17.7290
1278,3.4990,1.8133,15.4073,249.46,41834051.21,3773020.10,213522491.13,261335619.67,474858110.79,46571.59,3.23413841,0.00009008,0.00288266,0.00180166,0.18383448,0.18563614,923026765.96,17.7244
1279,3.5017,1.8130,15.4052,249.61,41839272.69,3773193.66,213559347.13,261345320.93,474904668.06,46557.27,3.23314363,0.00009007,0.00288218,0.00180136,0.18385178,0.18565315,923071323.22,17.7198
1280,3.5044,1.8128,15.4030,249.77,41844493.43,3773367.18,213596191.47,261355019.54,474951211.01,46542.95,3.23214919,0.00009005,0.00288170,0.00180106,0.18386910,0.18567016,923115866.17,17.7152
1281,3.5072,1.8125,15.4008,249.92,41849713.44,3773540.66,213633024.15,261364715.50,474997739.64,46528.63,3.23115507,0.00009004,0.00288122,0.00180076,0.18388643,0.18568719,923160394.81,17.7106
1282,3.5099,1.8122,15.3987,250.07,41854932.72,3773714.09,213669845.17,261374408.79,475044253.97,46514.32,3.23016129,0.00009002,0.00288074,0.00180046,0.18390376,0.18570422,923204909.13,17.7061
1283,3.5127,1.8120,15.3965,250.23,41860151.26,3773887.47,213706654.55,261384099.44,475090753.98,46500.02,3.22916783,0.00009001,0.00288025,0.00180016,0.18392111,0.18572127,923249409.15,17.7015
1284,3.5154,1.8117,15.3943,250.38,41865369.07,3774060.82,213743452.28,261393787.42,475137239.70,46485.72,3.22817470,0.00008999,0.00287977,0.00179986,0.18393847,0.18573833,923293894.86,17.6969
1285,3.5181,1.8115,15.3922,250.53,41870586.14,3774234.11,213780238.36,261403472.76,475183711.12,46471.42,3.22718191,0.00008998,0.00287929,0.00179956,0.18395583,0.18575539,923338366.28,17.6923
1286,3.5209,1.8112,15.3900,250.69,41875802.48,3774407.37,213817012.80,261413155.44,475230168.25,46457.13,3.22618944,0.00008996,0.00287881,0.00179926,0.18397321,0.18577247,923382823.41,17.6877
1287,3.5236,1.8110,15.3879,250.84,41881018.09,3774580.58,213853775.61,261422835.48,475276611.09,46442.84,3.22519730,0.00008995,0.00287833,0.00179896,0.18399060,0.18578955,923427266.25,17.6832
1288,3.5264,1.8107,15.3857,250.99,41886232.97,3774753.75,213890526.79,261432512.86,475323039.65,46428.56,3.22420549,0.00008993,0.00287785,0.00179866,0.18400799,0.18580665,923471694.81,17.6786
1289,3.5291,1.8105,15.3835,251.15,41891447.11,3774926.87,213927266.33,261442187.60,475369453.93,46414.28,3.22321401,0.00008992,0.00287737,0.00179836,0.18402540,0.18582375,923516109.09,17.6740
1290,3.5318,1.8102,15.3814,251.30,41896660.52,3775099.95,213963994.25,261451859.68,475415853.94,46400.01,3.22222285,0.00008990,0.00287689,0.00179806,0.18404281,0.18584087,923560509.10,17.6694
1291,3.5346,1.8100,15.3792,251.45,41901873.20,3775272.98,214000710.55,261461529.13,475462239.68,46385.74,3.22123203,0.00008989,0.00287641,0.00179776,0.18406024,0.18585799,923604894.84,17.6648
1292,3.5373,1.8097,15.3770,251.61,41907085.15,3775445.97,214037415.23,261471195.92,475508611.16,46371.48,3.22024153,0.00008987,0.00287593,0.00179745,0.18407767,0.18587513,923649266.32,17.6603
1293,3.5400,1.8094,15.3749,251.76,41912296.36,3775618.92,214074108.30,261480860.07,475554968.38,46357.22,3.21925137,0.00008986,0.00287545,0.00179715,0.18409512,0.18589227,923693623.54,17.6557
1294,3.5428,1.8092,15.3727,251.91,41917506.84,3775791.82,214110789.76,261490521.58,475601311.34,46342.97,3.21826153,0.00008984,0.00287497,0.00179685,0.18411257,0.18590943,923737966.50,17.6511
1295,3.5455,1.8089,15.3706,252.07,41922716.59,3775964.67,214147459.61,261500180.45,475647640.06,46328.72,3.21727201,0.00008983,0.00287449,0.00179655,0.18413003,0.18592659,923782295.22,17.6465
1296,3.5483,1.8087,15.3684,252.22,41927925.61,3776137.49,214184117.86,261509836.68,475693954.53,46314.47,3.21628283,0.00008981,0.00287401,0.00179625,0.18414751,0.18594376,923826609.69,17.6419
1297,3.5510,1.8084,15.3662,252.38,41933133.89,3776310.26,214220764.50,261519490.26,475740254.76,46300.23,3.21529397,0.00008980,0.00287353,0.00179595,0.18416499,0.18596095,923870909.93,17.6374
1298,3.5537,1.8082,15.3641,252.53,41938341.45,3776482.98,214257399.56,261529141.21,475786540.76,46286.00,3.21430545,0.00008978,0.00287305,0.00179566,0.18418248,0.18597814,923915195.93,17.6328
1299,3.5565,1.8079,15.3619,252.69,41943548.27,3776655.67,214294023.02,261538789.52,475832812.53,46271.77,3.21331725,0.00008977,0.00287257,0.00179536,0.18419999,0.18599534,923959467.69,17.6282
1300,3.5592,1.8077,15.3598,252.84,41948754.36,3776828.30,214330634.89,261548435.19,475879070.07,46257.54,3.21232937,0.00008975,0.00287209,0.00179506,0.18421750,0.18601256,924003725.24,17.6237
1301,3.5619,1.8074,15.3576,252.99,41953959.71,3777000.90,214367235.17,261558078.22,475925313.40,46243.32,3.21134183,0.00008974,0.00287161,0.00179476,0.18423502,0.18602978,924047968.56,17.6191
1302,3.5647,1.8072,15.3555,253.15,41959164.34,3777173.45,214403823.88,261567718.62,475971542.50,46229.11,3.21035461,0.00008972,0.00287113,0.00179446,0.18425255,0.18604701,924092197.67,17.6145
1303,3.5674,1.8069,15.3533,253.30,41964368.24,3777345.95,214440401.01,261577356.39,476017757.40,46214.90,3.20936772,0.00008971,0.00287065,0.00179416,0.18427010,0.18606425,924136412.56,17.6099
1304,3.5702,1.8067,15.3511,253.46,41969571.40,3777518.42,214476966.56,261586991.53,476063958.09,46200.69,3.20838115,0.00008969,0.00287017,0.00179386,0.18428765,0.18608151,924180613.25,17.6054
1305,3.5729,1.8064,15.3490,253.61,41974773.83,3777690.84,214513520.54,261596624.03,476110144.57,46186.49,3.20739491,0.00008968,0.00286969,0.00179356,0.18430521,0.18609877,924224799.74,17.6008
1306,3.5756,1.8061,15.3468,253.77,41979975.54,3777863.21,214550062.96,261606253.90,476156316.86,46172.29,3.20640900,0.00008966,0.00286921,0.00179326,0.18432278,0.18611604,924268972.03,17.5962
1307,3.5784,1.8059,15.3447,253.92,41985176.51,3778035.54,214586593.82,261615881.14,476202474.96,46158.10,3.20542342,0.00008965,0.00286874,0.00179296,0.18434036,0.18613332,924313130.12,17.5916
1308,3.5811,1.8056,15.3425,254.08,41990376.75,3778207.83,214623113.11,261625505.76,476248618.87,46143.91,3.20443816,0.00008963,0.00286826,0.00179266,0.18435795,0.18615061,924357274.03,17.5871
1309,3.5838,1.8054,15.3404,254.23,41995576.26,3778380.07,214659620.85,261635127.74,476294748.60,46129.73,3.20345323,0.00008962,0.00286778,0.00179236,0.18437555,0.18616791,924401403.76,17.5825
1310,3.5866,1.8051,15.3382,254.39,42000775.03,3778552.27,214696117.04,261644747.10,476340864.14,46115.55,3.20246862,0.00008960,0.00286730,0.00179206,0.18439316,0.18618522,924445519.31,17.5779
1311,3.5893,1.8049,15.3360,254.55,42005973.08,3778724.43,214732601.68,261654363.84,476386965.52,46101.37,3.20148434,0.00008959,0.00286682,0.00179176,0.18441078,0.18620254,924489620.68,17.5734
1312,3.5921,1.8046,15.3339,254.70,42011170.40,3778896.54,214769074.78,261663977.95,476433052.72,46087.21,3.20050039,0.00008957,0.00286634,0.00179146,0.18442841,0.18621987,924533707.89,17.5688
1313,3.5948,1.8044,15.3317,254.86,42016366.99,3779068.61,214805536.33,261673589.43,476479125.77,46073.04,3.19951676,0.00008956,0.00286586,0.00179117,0.18444605,0.18623721,924577780.93,17.5642
1314,3.5975,1.8041,15.3296,255.01,42021562.84,3779240.63,214841986.35,261683198.30,476525184.65,46058.88,3.19853346,0.00008954,0.00286539,0.00179087,0.18446370,0.18625456,924621839.81,17.5597
1315,3.6003,1.8039,15.3274,255.17,42026757.97,3779412.61,214878424.83,261692804.54,476571229.37,46044.73,3.19755048,0.00008953,0.00286491,0.00179057,0.18448136,0.18627192,924665884.54,17.5551
1316,3.6030,1.8036,15.3253,255.33,42031952.37,3779584.55,214914851.79,261702408.17,476617259.95,46030.58,3.19656783,0.00008951,0.00286443,0.00179027,0.18449902,0.18628929,924709915.11,17.5505
1317,3.6057,1.8034,15.3231,255.48,42037146.04,3779756.45,214951267.21,261712009.17,476663276.38,46016.43,3.19558551,0.00008950,0.00286395,0.00178997,0.18451670,0.18630667,924753931.55,17.5460
1318,3.6085,1.8031,15.3210,255.64,42042338.97,3779928.30,214987671.12,261721607.55,476709278.67,46002.29,3.19460351,0.00008948,0.00286347,0.00178967,0.18453439,0.18632406,924797933.84,17.5414
1319,3.6112,1.8028,15.3188,255.79,42047531.18,3780100.10,215024063.51,261731203.32,476755266.83,45988.15,3.19362183,0.00008947,0.00286300,0.00178937,0.18455209,0.18634146,924841921.99,17.5369
1320,3.6140,1.8026,15.3167,255.95,42052722.66,3780271.87,215060444.38,261740796.47,476801240.85,45974.02,3.19264048,0.00008945,0.00286252,0.00178907,0.18456979,0.18635887,924885896.01,17.5323
1321,3.6167,1.8023,15.3145,256.11,42057913.41,3780443.59,215096813.73,261750387.01,476847200.75,45959.90,3.19165946,0.00008944,0.00286204,0.00178878,0.18458751,0.18637629,924929855.91,17.5277
1322,3.6194,1.8021,15.3124,256.26,42063103.43,3780615.26,215133171.59,261759974.94,476893146.52,45945.77,3.19067876,0.00008942,0.00286156,0.00178848,0.18460524,0.18639371,924973801.68,17.5232
1323,3.6222,1.8018,15.3102,256.42,42068292.72,3780786.89,215169517.93,261769560.25,476939078.18,45931.66,3.18969838,0.00008941,0.00286109,0.00178818,0.18462297,0.18641115,925017733.34,17.5186
1324,3.6249,1.8016,15.3081,256.58,42073481.28,3780958.48,215205852.78,261779142.94,476984995.72,45917.54,3.18871833,0.00008939,0.00286061,0.00178788,0.18464072,0.18642860,925061650.88,17.5140
1325,3.6277,1.8013,15.3059,256.73,42078669.11,3781130.03,215242176.13,261788723.03,477030899.16,45903.44,3.18773860,0.00008938,0.00286013,0.00178758,0.18465847,0.18644605,925105554.32,17.5095
1326,3.6304,1.8011,15.3038,256.89,42083856.21,3781301.53,215278487.98,261798300.51,477076788.49,45889.33,3.18675920,0.00008936,0.00285966,0.00178729,0.18467624,0.18646352,925149443.65,17.5049
1327,3.6331,1.8008,15.3016,257.05,42089042.58,3781472.99,215314788.35,261807875.38,477122663.72,45875.23,3.18578012,0.00008935,0.00285918,0.00178699,0.18469401,0.18648100,925193318.89,17.5004
1328,3.6359,1.8006,15.2995,257.21,42094228.23,3781644.40,215351077.23,261817447.64,477168524.86,45861.14,3.18480137,0.00008933,0.00285870,0.00178669,0.18471179,0.18649848,925237180.03,17.4958
1329,3.6386,1.8003,15.2973,257.36,42099413.14,3781815.77,215387354.62,261827017.29,477214371.91,45847.05,3.18382294,0.00008932,0.00285823,0.00178639,0.18472959,0.18651598,925281027.08,17.4912
1330,3.6413,1.8001,15.2952,257.52,42104597.33,3781987.10,215423620.54,261836584.34,477260204.88,45832.97,3.18284483,0.00008930,0.00285775,0.00178609,0.18474739,0.18653349,925324860.04,17.4867
1331,3.6441,1.7998,15.2930,257.68,42109780.79,3782158.39,215459874.98,261846148.78,477306023.76,45818.89,3.18186705,0.00008929,0.00285727,0.00178580,0.18476521,0.18655100,925368678.93,17.4821
1332,3.6468,1.7996,15.2909,257.84,42114963.52,3782329.63,215496117.95,261855710.62,477351828.57,45804.81,3.18088959,0.00008927,0.00285680,0.00178550,0.18478303,0.18656853,925412483.74,17.4776
1333,3.6496,1.7993,15.2887,257.99,42120145.52,3782500.82,215532349.46,261865269.86,477397619.31,45790.74,3.17991245,0.00008926,0.00285632,0.00178520,0.18480086,0.18658606,925456274.48,17.4730
1334,3.6523,1.7991,15.2866,258.15,42125326.80,3782671.98,215568569.49,261874826.49,477443395.99,45776.67,3.17893564,0.00008925,0.00285584,0.00178490,0.18481870,0.18660361,925500051.15,17.4685
1335,3.6550,1.7988,15.2844,258.31,42130507.34,3782843.09,215604778.07,261884380.53,477489158.60,45762.61,3.17795915,0.00008923,0.00285537,0.00178461,0.18483655,0.18662116,925543813.76,17.4639
1336,3.6578,1.7985,15.2823,258.47,42135687.16,3783014.16,215640975.19,261893931.96,477534907.15,45748.55,3.17698298,0.00008922,0.00285489,0.00178431,0.18485442,0.18663872,925587562.32,17.4594
1337,3.6605,1.7983,15.2801,258.62,42140866.25,3783185.18,215677160.86,261903480.80,477580641.66,45734.50,3.17600714,0.00008920,0.00285442,0.00178401,0.18487229,0.18665630,925631296.82,17.4548
1338,3.6632,1.7980,15.2780,258.78,42146044.61,3783356.16,215713335.07,261913027.04,477626362.11,45720.46,3.17503162,0.00008919,0.00285394,0.00178371,0.18489017,0.18667388,925675017.27,17.4503
1339,3.6660,1.7978,15.2758,258.94,42151222.25,3783527.10,215749497.84,261922570.68,477672068.52,45706.41,3.17405642,0.00008917,0.00285347,0.00178342,0.18490806,0.18669147,925718723.69,17.4457
1340,3.6687,1.7975,15.2737,259.10,42156399.16,3783697.99,215785649.17,261932111.73,477717760.90,45692.37,3.17308155,0.00008916,0.00285299,0.00178312,0.18492596,0.18670908,925762416.06,17.4411
1341,3.6715,1.7973,15.2715,259.26,42161575.34,3783868.85,215821789.06,261941650.18,477763439.24,45678.34,3.17210700,0.00008914,0.00285251,0.00178282,0.18494387,0.18672669,925806094.40,17.4366
1342,3.6742,1.7970,15.2694,259.42,42166750.79,3784039.65,215857917.51,261951186.04,477809103.55,45664.31,3.17113277,0.00008913,0.00285204,0.00178252,0.18496179,0.18674431,925849758.71,17.4320
1343,3.6769,1.7968,15.2672,259.57,42171925.51,3784210.42,215894034.54,261960719.30,477854753.84,45650.29,3.17015886,0.00008911,0.00285156,0.00178223,0.18497971,0.18676194,925893409.00,17.4275
1344,3.6797,1.7965,15.2651,259.73,42177099.51,3784381.14,215930140.13,261970249.98,477900390.11,45636.27,3.16918527,0.00008910,0.00285109,0.00178193,0.18499765,0.18677958,925937045.27,17.4229
1345,3.6824,1.7963,15.2629,259.89,42182272.78,3784551.82,215966234.30,261979778.06,477946012.36,45622.25,3.16821201,0.00008908,0.00285061,0.00178163,0.18501560,0.18679723,925980667.52,17.4184
1346,3.6851,1.7960,15.2608,260.05,42187445.33,3784722.45,216002317.04,261989303.56,477991620.60,45608.24,3.16723907,0.00008907,0.00285014,0.00178134,0.18503356,0.18681490,926024275.77,17.4139
1347,3.6879,1.7958,15.2587,260.21,42192617.15,3784893.05,216038388.37,261998826.46,478037214.84,45594.24,3.16626645,0.00008905,0.00284966,0.00178104,0.18505153,0.18683257,926067870.00,17.4093
1348,3.6906,1.7955,15.2565,260.37,42197788.24,3785063.59,216074448.29,262008346.78,478082795.08,45580.24,3.16529415,0.00008904,0.00284919,0.00178074,0.18506950,0.18685025,926111450.24,17.4048
1349,3.6934,1.7953,15.2544,260.53,42202958.60,3785234.10,216110496.80,262017864.52,478128361.31,45566.24,3.16432217,0.00008902,0.00284872,0.00178045,0.18508749,0.18686794,926155016.48,17.4002
1350,3.6961,1.7950,15.2522,260.69,42208128.24,3785404.56,216146533.90,262027379.66,478173913.56,45552.25,3.16335052,0.00008901,0.00284824,0.00178015,0.18510548,0.18688564,926198568.72,17.3957
1351,3.6988,1.7948,15.2501,260.85,42213297.15,3785574.98,216182559.59,262036892.23,478219451.82,45538.26,3.16237918,0.00008899,0.00284777,0.00177985,0.18512349,0.18690334,926242106.98,17.3911
1352,3.7016,1.7945,15.2479,261.01,42218465.33,3785745.36,216218573.89,262046402.21,478264976.10,45524.28,3.16140817,0.00008898,0.00284729,0.00177956,0.18514151,0.18692106,926285631.26,17.3866
1353,3.7043,1.7943,15.2458,261.17,42223632.79,3785915.69,216254576.79,262055909.61,478310486.40,45510.30,3.16043748,0.00008896,0.00284682,0.00177926,0.18515953,0.18693879,926329141.56,17.3820
1354,3.7070,1.7940,15.2437,261.33,42228799.52,3786085.98,216290568.30,262065414.42,478355982.73,45496.33,3.15946711,0.00008895,0.00284634,0.00177896,0.18517756,0.18695653,926372637.89,17.3775
1355,3.7098,1.7938,15.2415,261.49,42233965.53,3786256.23,216326548.42,262074916.66,478401465.08,45482.36,3.15849706,0.00008893,0.00284587,0.00177867,0.18519561,0.18697428,926416120.25,17.3729
1356,3.7125,1.7935,15.2394,261.65,42239130.81,3786426.43,216362517.16,262084416.32,478446933.48,45468.39,3.15752733,0.00008892,0.00284540,0.00177837,0.18521366,0.18699203,926459588.64,17.3684
1357,3.7153,1.7932,15.2372,261.81,42244295.36,3786596.59,216398474.52,262093913.40,478492387.91,45454.43,3.15655792,0.00008890,0.00284492,0.00177808,0.18523173,0.18700980,926503043.07,17.3639
1358,3.7180,1.7930,15.2351,261.97,42249459.19,3786766.71,216434420.49,262103407.90,478537828.39,45440.48,3.15558883,0.00008889,0.00284445,0.00177778,0.18524980,0.18702758,926546483.55,17.3593
1359,3.7207,1.7927,15.2329,262.13,42254622.30,3786936.79,216470355.10,262112899.82,478583254.92,45426.53,3.15462007,0.00008887,0.00284397,0.00177748,0.18526788,0.18704537,926589910.08,17.3548
1360,3.7235,1.7925,15.2308,262.29,42259784.67,3787106.82,216506278.33,262122389.17,478628667.50,45412.58,3.15365162,0.00008886,0.00284350,0.00177719,0.18528597,0.18706316,926633322.67,17.3502
1361,3.7262,1.7922,15.2287,262.45,42264946.33,3787276.81,216542190.20,262131875.95,478674066.14,45398.64,3.15268349,0.00008884,0.00284303,0.00177689,0.18530407,0.18708097,926676721.31,17.3457
1362,3.7290,1.7920,15.2265,262.61,42270107.25,3787446.75,216578090.70,262141360.15,478719450.85,45384.71,3.15171568,0.00008883,0.00284255,0.00177660,0.18532219,0.18709878,926720106.01,17.3412
1363,3.7317,1.7917,15.2244,262.77,42275267.45,3787616.66,216613979.84,262150841.78,478764821.62,45370.77,3.15074820,0.00008882,0.00284208,0.00177630,0.18534031,0.18711661,926763476.79,17.3366
1364,3.7344,1.7915,15.2222,262.93,42280426.93,3787786.52,216649857.63,262160320.84,478810178.47,45356.85,3.14978103,0.00008880,0.00284161,0.00177601,0.18535844,0.18713444,926806833.63,17.3321
1365,3.7372,1.7912,15.2201,263.09,42285585.68,3787956.34,216685724.06,262169797.33,478855521.40,45342.92,3.14881418,0.00008879,0.00284114,0.00177571,0.18537658,0.18715229,926850176.56,17.3275
1366,3.7399,1.7910,15.2180,263.25,42290743.71,3788126.11,216721579.15,262179271.25,478900850.40,45329.01,3.14784765,0.00008877,0.00284066,0.00177541,0.18539473,0.18717014,926893505.56,17.3230
1367,3.7426,1.7907,15.2158,263.41,42295901.01,3788295.84,216757422.89,262188742.61,478946165.49,45315.09,3.14688144,0.00008876,0.00284019,0.00177512,0.18541288,0.18718800,926936820.66,17.3185
1368,3.7454,1.7905,15.2137,263.57,42301057.59,3788465.53,216793255.29,262198211.39,478991466.68,45301.18,3.14591555,0.00008874,0.00283972,0.00177482,0.18543105,0.18720588,926980121.84,17.3139
1369,3.7481,1.7902,15.2116,263.73,42306213.44,3788635.18,216829076.35,262207677.61,479036753.96,45287.28,3.14494998,0.00008873,0.00283924,0.00177453,0.18544923,0.18722376,927023409.12,17.3094
1370,3.7509,1.7900,15.2094,263.90,42311368.57,3788804.78,216864886.07,262217141.27,479082027.34,45273.38,3.14398473,0.00008871,0.00283877,0.00177423,0.18546742,0.18724165,927066682.50,17.3049
1371,3.7536,1.7897,15.2073,264.06,42316522.97,3788974.34,216900684.47,262226602.36,479127286.82,45259.49,3.14301980,0.00008870,0.00283830,0.00177394,0.18548562,0.18725955,927109941.99,17.3003
1372,3.7563,1.7895,15.2051,264.22,42321676.65,3789143.86,216936471.53,262236060.88,479172532.42,45245.59,3.14205519,0.00008868,0.00283783,0.00177364,0.18550382,0.18727746,927153187.58,17.2958
1373,3.7591,1.7892,15.2030,264.38,42326829.61,3789313.33,216972247.28,262245516.85,479217764.13,45231.71,3.14109089,0.00008867,0.00283735,0.00177335,0.18552204,0.18729539,927196419.29,17.2913
1374,3.7618,1.7890,15.2009,264.54,42331981.84,3789482.77,217008011.70,262254970.25,479262981.95,45217.83,3.14012692,0.00008865,0.00283688,0.00177305,0.18554027,0.18731332,927239637.12,17.2867
1375,3.7645,1.7887,15.1987,264.70,42337133.34,3789652.16,217043764.81,262264421.10,479308185.91,45203.95,3.13916326,0.00008864,0.00283641,0.00177276,0.18555850,0.18733126,927282841.07,17.2822
1376,3.7673,1.7885,15.1966,264.86,42342284.13,3789821.50,217079506.60,262273869.38,479353375.98,45190.08,3.13819992,0.00008862,0.00283594,0.00177246,0.18557675,0.18734921,927326031.15,17.2777
1377,3.7700,1.7882,15.1945,265.03,42347434.19,3789990.81,217115237.08,262283315.11,479398552.20,45176.21,3.13723690,0.00008861,0.00283547,0.00177217,0.18559500,0.18736717,927369207.36,17.2731
1378,3.7728,1.7880,15.1923,265.19,42352583.52,3790160.07,217150956.26,262292758.28,479443714.54,45162.35,3.13627420,0.00008859,0.00283499,0.00177187,0.18561326,0.18738514,927412369.71,17.2686
1379,3.7755,1.7877,15.1902,265.35,42357732.13,3790329.29,217186664.14,262302198.90,479488863.03,45148.49,3.13531181,0.00008858,0.00283452,0.00177158,0.18563154,0.18740311,927455518.20,17.2641
1380,3.7782,1.7875,15.1881,265.51,42362880.02,3790498.46,217222360.72,262311636.95,479533997.67,45134.64,3.13434974,0.00008856,0.00283405,0.00177128,0.18564982,0.18742110,927498652.83,17.2596
1381,3.7810,1.7872,15.1859,265.68,42368027.19,3790667.60,217258046.00,262321072.46,479579118.46,45120.79,3.13338799,0.00008855,0.00283358,0.00177099,0.18566811,0.18743910,927541773.62,17.2550
1382,3.7837,1.7870,15.1838,265.84,42373173.63,3790836.69,217293719.99,262330505.41,479624225.40,45106.94,3.13242656,0.00008853,0.00283311,0.00177069,0.18568642,0.18745711,927584880.56,17.2505
1383,3.7864,1.7867,15.1817,266.00,42378319.35,3791005.74,217329382.69,262339935.81,479669318.50,45093.10,3.13146545,0.00008852,0.00283264,0.00177040,0.18570473,0.18747513,927627973.67,17.2460
1384,3.7892,1.7865,15.1795,266.16,42383464.34,3791174.74,217365034.11,262349363.66,479714397.77,45079.27,3.13050465,0.00008851,0.00283217,0.00177010,0.18572305,0.18749315,927671052.93,17.2414
1385,3.7919,1.7862,15.1774,266.33,42388608.62,3791343.70,217400674.25,262358788.96,479759463.21,45065.44,3.12954417,0.00008849,0.00283170,0.00176981,0.18574138,0.18751119,927714118.37,17.2369
1386,3.7947,1.7860,15.1753,266.49,42393752.17,3791512.62,217436303.11,262368211.71,479804514.82,45051.61,3.12858401,0.00008848,0.00283122,0.00176952,0.18575972,0.18752924,927757169.98,17.2324
1387,3.7974,1.7857,15.1731,266.65,42398894.99,3791681.50,217471920.69,262377631.91,479849552.60,45037.79,3.12762417,0.00008846,0.00283075,0.00176922,0.18577807,0.18754729,927800207.77,17.2279
1388,3.8001,1.7855,15.1710,266.82,42404037.10,3791850.34,217507527.01,262387049.57,479894576.57,45023.97,3.12666464,0.00008845,0.00283028,0.00176893,0.18579643,0.18756536,927843231.74,17.2233
1389,3.8029,1.7852,15.1689,266.98,42409178.48,3792019.13,217543122.06,262396464.68,479939586.73,45010.16,3.12570543,0.00008843,0.00282981,0.00176863,0.18581480,0.18758343,927886241.90,17.2188
1390,3.8056,1.7850,15.1667,267.14,42414319.14,3792187.88,217578705.84,262405877.24,479984583.08,44996.35,3.12474653,0.00008842,0.00282934,0.00176834,0.18583318,0.18760151,927929238.25,17.2143
1391,3.8084,1.7847,15.1646,267.30,42419459.08,3792356.59,217614278.37,262415287.26,480029565.63,44982.55,3.12378796,0.00008840,0.00282887,0.00176804,0.18585156,0.18761961,927972220.79,17.2098
1392,3.8111,1.7844,15.1625,267.47,42424598.29,3792525.26,217649839.64,262424694.74,480074534.38,44968.75,3.12282969,0.00008839,0.00282840,0.00176775,0.18586996,0.18763771,928015189.54,17.2053
1393,3.8138,1.7842,15.1603,267.63,42429736.78,3792693.88,217685389.66,262434099.67,480119489.33,44954.95,3.12187175,0.00008837,0.00282793,0.00176746,0.18588837,0.18765582,928058144.49,17.2007
1394,3.8166,1.7839,15.1582,267.80,42434874.55,3792862.46,217720928.43,262443502.07,480164430.49,44941.16,3.12091412,0.00008836,0.00282746,0.00176716,0.18590678,0.18767395,928101085.66,17.1962
1395,3.8193,1.7837,15.1561,267.96,42440011.60,3793031.00,217756455.95,262452901.92,480209357.87,44927.38,3.11995681,0.00008834,0.00282699,0.00176687,0.18592521,0.18769208,928144013.03,17.1917
1396,3.8220,1.7834,15.1539,268.12,42445147.93,3793199.49,217791972.24,262462299.23,480254271.47,44913.60,3.11899981,0.00008833,0.00282652,0.00176658,0.18594365,0.18771022,928186926.63,17.1872
1397,3.8248,1.7832,15.1518,268.29,42450283.53,3793367.95,217827477.28,262471694.01,480299171.29,44899.82,3.11804313,0.00008831,0.00282605,0.00176628,0.18596209,0.18772837,928229826.45,17.1827
1398,3.8275,1.7829,15.1497,268.45,42455418.42,3793536.36,217862971.09,262481086.25,480344057.34,44886.05,3.11708677,0.00008830,0.00282558,0.00176599,0.18598054,0.18774653,928272712.50,17.1781
1399,3.8303,1.7827,15.1476,268.62,42460552.58,3793704.73,217898453.67,262490475.95,480388929.62,44872.28,3.11613072,0.00008828,0.00282511,0.00176569,0.18599901,0.18776470,928315584.78,17.1736
1400,3.8330,1.7824,15.1454,268.78,42465686.02,3793873.05,217933925.02,262499863.12,480433788.14,44858.52,3.11517499,0.00008827,0.00282464,0.00176540,0.18601748,0.18778288,928358443.30,17.1691
1401,3.8357,1.7822,15.1433,268.94,42470818.74,3794041.34,217969385.15,262509247.76,480478632.90,44844.76,3.11421957,0.00008826,0.00282417,0.00176511,0.18603596,0.18780107,928401288.07,17.1646
1402,3.8385,1.7819,15.1412,269.11,42475950.74,3794209.58,218004834.06,262518629.86,480523463.91,44831.01,3.11326447,0.00008824,0.00282370,0.00176481,0.18605446,0.18781927,928444119.07,17.1601
1403,3.8412,1.7817,15.1390,269.27,42481082.01,3794377.78,218040271.75,262528009.43,480568281.17,44817.26,3.11230968,0.00008823,0.00282323,0.00176452,0.18607296,0.18783748,928486936.33,17.1556
1404,3.8439,1.7814,15.1369,269.44,42486212.57,3794545.93,218075698.22,262537386.46,480613084.69,44803.51,3.11135521,0.00008821,0.00282276,0.00176423,0.18609147,0.18785570,928529739.85,17.1510
1405,3.8467,1.7812,15.1348,269.60,42491342.40,3794714.05,218111113.49,262546760.97,480657874.46,44789.78,3.11040105,0.00008820,0.00282230,0.00176393,0.18610999,0.18787392,928572529.62,17.1465
1406,3.8494,1.7809,15.1327,269.77,42496471.52,3794882.12,218146517.55,262556132.95,480702650.50,44776.04,3.10944721,0.00008818,0.00282183,0.00176364,0.18612852,0.18789216,928615305.66,17.1420
1407,3.8522,1.7807,15.1305,269.93,42501599.91,3795050.15,218181910.41,262565502.40,480747412.81,44762.31,3.10849368,0.00008817,0.00282136,0.00176335,0.18614706,0.18791041,928658067.97,17.1375
1408,3.8549,1.7804,15.1284,270.10,42506727.58,3795218.14,218217292.07,262574869.32,480792161.39,44748.58,3.10754047,0.00008815,0.00282089,0.00176306,0.18616561,0.18792866,928700816.56,17.1330
1409,3.8576,1.7802,15.1263,270.26,42511854.53,3795386.09,218252662.53,262584233.72,480836896.25,44734.86,3.10658757,0.00008814,0.00282042,0.00176276,0.18618417,0.18794693,928743551.42,17.1285
1410,3.8604,1.7799,15.1242,270.43,42516980.77,3795553.99,218288021.81,262593595.59,480881617.40,44721.14,3.10563498,0.00008812,0.00281995,0.00176247,0.18620273,0.18796520,928786272.56,17.1240
1411,3.8631,1.7797,15.1220,270.59,42522106.28,3795721.85,218323369.89,262602954.94,480926324.83,44707.43,3.10468272,0.00008811,0.00281948,0.00176218,0.18622131,0.18798349,928828979.99,17.1195
1412,3.8658,1.7794,15.1199,270.76,42527231.07,3795889.67,218358706.79,262612311.76,480971018.55,44693.72,3.10373076,0.00008809,0.00281901,0.00176188,0.18623990,0.18800178,928871673.71,17.1149
1413,3.8686,1.7792,15.1178,270.92,42532355.14,3796057.45,218394032.51,262621666.06,481015698.57,44680.02,3.10277912,0.00008808,0.00281855,0.00176159,0.18625850,0.18802009,928914353.73,17.1104
1414,3.8713,1.7789,15.1157,271.09,42537478.49,3796225.18,218429347.05,262631017.84,481060364.89,44666.32,3.10182779,0.00008806,0.00281808,0.00176130,0.18627710,0.18803840,928957020.05,17.1059
1415,3.8741,1.7787,15.1135,271.26,42542601.12,3796392.88,218464650.41,262640367.10,481105017.52,44652.63,3.10087678,0.00008805,0.00281761,0.00176101,0.18629572,0.18805672,928999672.68,17.1014
1416,3.8768,1.7784,15.1114,271.42,42547723.03,3796560.53,218499942.61,262649713.85,481149656.45,44638.94,3.09992608,0.00008804,0.00281714,0.00176071,0.18631434,0.18807505,929042311.61,17.0969
1417,3.8795,1.7782,15.1093,271.59,42552844.22,3796728.14,218535223.63,262659058.07,481194281.70,44625.25,3.09897569,0.00008802,0.00281667,0.00176042,0.18633297,0.18809340,929084936.86,17.0924
1418,3.8823,1.7779,15.1072,271.75,42557964.69,3796895.70,218570493.50,262668399.77,481238893.27,44611.57,3.09802562,0.00008801,0.00281621,0.00176013,0.18635162,0.18811175,929127548.43,17.0879
1419,3.8850,1.7777,15.1050,271.92,42563084.44,3797063.23,218605752.20,262677738.96,481283491.16,44597.89,3.09707586,0.00008799,0.00281574,0.00175984,0.18637027,0.18813011,929170146.33,17.0834
1420,3.8877,1.7774,15.1029,272.09,42568203.48,3797230.71,218640999.75,262687075.63,481328075.38,44584.22,3.09612641,0.00008798,0.00281527,0.00175954,0.18638893,0.18814848,929212730.55,17.0789
1421,3.8905,1.7772,15.1008,272.25,42573321.79,3797398.15,218676236.14,262696409.79,481372645.94,44570.55,3.09517728,0.00008796,0.00281480,0.00175925,0.18640761,0.18816686,929255301.10,17.0744
1422,3.8932,1.7769,15.0987,272.42,42578439.38,3797565.55,218711461.39,262705741.44,481417202.83,44556.89,3.09422846,0.00008795,0.00281434,0.00175896,0.18642629,0.18818525,929297857.99,17.0699
1423,3.8960,1.7767,15.0966,272.59,42583556.26,3797732.91,218746675.49,262715070.57,481461746.06,44543.23,3.09327995,0.00008793,0.00281387,0.00175867,0.18644498,0.18820365,929340401.22,17.0654
1424,3.8987,1.7764,15.0944,272.75,42588672.42,3797900.22,218781878.44,262724397.19,481506275.64,44529.58,3.09233176,0.00008792,0.00281340,0.00175838,0.18646368,0.18822205,929382930.80,17.0609
1425,3.9014,1.7762,15.0923,272.92,42593787.85,3798067.49,218817070.26,262733721.30,481550791.56,44515.93,3.09138388,0.00008790,0.00281293,0.00175808,0.18648239,0.18824047,929425446.73,17.0564
1426,3.9042,1.7759,15.0902,273.09,42598902.57,3798234.72,218852250.94,262743042.91,481595293.85,44502.28,3.09043631,0.00008789,0.00281247,0.00175779,0.18650111,0.18825890,929467949.01,17.0519
1427,3.9069,1.7757,15.0881,273.25,42604016.57,3798401.91,218887420.49,262752362.00,481639782.49,44488.64,3.08948905,0.00008788,0.00281200,0.00175750,0.18651983,0.18827733,929510437.65,17.0474
1428,3.9097,1.7754,15.0860,273.42,42609129.85,3798569.06,218922578.91,262761678.58,481684257.49,44475.01,3.08854211,0.00008786,0.00281153,0.00175721,0.18653857,0.18829578,929552912.66,17.0429
1429,3.9124,1.7752,15.0838,273.59,42614242.41,3798736.17,218957726.21,262770992.66,481728718.87,44461.37,3.08759548,0.00008785,0.00281107,0.00175692,0.18655732,0.18831424,929595374.03,17.0384
1430,3.9151,1.7749,15.0817,273.75,42619354.26,3798903.23,218992862.38,262780304.24,481773166.62,44447.75,3.08664916,0.00008783,0.00281060,0.00175663,0.18657608,0.18833270,929637821.78,17.0339
1431,3.9179,1.7747,15.0796,273.92,42624465.38,3799070.25,219027987.44,262789613.30,481817600.74,44434.13,3.08570315,0.00008782,0.00281013,0.00175633,0.18659484,0.18835118,929680255.91,17.0294
1432,3.9206,1.7744,15.0775,274.09,42629575.79,3799237.23,219063101.38,262798919.87,481862021.25,44420.51,3.08475746,0.00008780,0.00280967,0.00175604,0.18661362,0.18836966,929722676.41,17.0249
1433,3.9233,1.7742,15.0754,274.26,42634685.48,3799404.17,219098204.21,262808223.93,481906428.14,44406.89,3.08381207,0.00008779,0.00280920,0.00175575,0.18663240,0.18838815,929765083.31,17.0204
1434,3.9261,1.7739,15.0732,274.43,42639794.45,3799571.06,219133295.94,262817525.49,481950821.43,44393.28,3.08286700,0.00008777,0.00280874,0.00175546,0.18665120,0.18840666,929807476.59,17.0159
1435,3.9288,1.7737,15.0711,274.59,42644902.70,3799737.92,219168376.56,262826824.55,481995201.11,44379.68,3.08192224,0.00008776,0.00280827,0.00175517,0.18667000,0.18842517,929849856.27,17.0114
1436,3.9316,1.7734,15.0690,274.76,42650010.24,3799904.73,219203446.08,262836121.11,482039567.19,44366.08,3.08097779,0.00008774,0.00280780,0.00175488,0.18668881,0.18844369,929892222.35,17.0069
1437,3.9343,1.7732,15.0669,274.93,42655117.06,3800071.50,219238504.50,262845415.17,482083919.67,44352.48,3.08003365,0.00008773,0.00280734,0.00175459,0.18670764,0.18846222,929934574.84,17.0024
1438,3.9370,1.7730,15.0648,275.10,42660223.16,3800238.23,219273551.83,262854706.73,482128258.57,44338.89,3.07908983,0.00008771,0.00280687,0.00175429,0.18672647,0.18848076,929976913.73,16.9979
1439,3.9398,1.7727,15.0627,275.27,42665328.54,3800404.91,219308588.07,262863995.80,482172583.87,44325.31,3.07814631,0.00008770,0.00280641,0.00175400,0.18674531,0.18849931,930019239.04,16.9934
1440,3.9425,1.7725,15.0605,275.43,42670433.20,3800571.56,219343613.23,262873282.37,482216895.60,44311.72,3.07720311,0.00008769,0.00280594,0.00175371,0.18676416,0.18851787,930061550.76,16.9889
1441,3.9452,1.7722,15.0584,275.60,42675537.15,3800738.16,219378627.30,262882566.45,482261193.75,44298.15,3.07626021,0.00008767,0.00280547,0.00175342,0.18678302,0.18853644,930103848.91,16.9844
1442,3.9480,1.7720,15.0563,275.77,42680640.38,3800904.72,219413630.29,262891848.03,482305478.32,44284.57,3.07531763,0.00008766,0.00280501,0.00175313,0.18680189,0.18855502,930146133.48,16.9799
1443,3.9507,1.7717,15.0542,275.94,42685742.90,3801071.24,219448622.21,262901127.12,482349749.32,44271.01,3.07437536,0.00008764,0.00280454,0.00175284,0.18682077,0.18857361,930188404.49,16.9755
1444,3.9535,1.7715,15.0521,276.11,42690844.69,3801237.72,219483603.05,262910403.71,482394006.77,44257.44,3.07343340,0.00008763,0.00280408,0.00175255,0.18683966,0.18859220,930230661.93,16.9710
1445,3.9562,1.7712,15.0500,276.28,42695945.77,3801404.16,219518572.83,262919677.82,482438250.65,44243.88,3.07249174,0.00008761,0.00280361,0.00175226,0.18685855,0.18861081,930272905.81,16.9665
1446,3.9589,1.7710,15.0478,276.45,42701046.14,3801570.55,219553531.54,262928949.43,482482480.97,44230.33,3.07155040,0.00008760,0.00280315,0.00175197,0.18687746,0.18862943,930315136.14,16.9620
1447,3.9617,1.7707,15.0457,276.61,42706145.78,3801736.91,219588479.19,262938218.56,482526697.75,44216.77,3.07060937,0.00008758,0.00280268,0.00175168,0.18689638,0.18864805,930357352.91,16.9575
1448,3.9644,1.7705,15.0436,276.78,42711244.71,3801903.22,219623415.78,262947485.19,482570900.98,44203.23,3.06966865,0.00008757,0.00280222,0.00175139,0.18691530,0.18866669,930399556.14,16.9530
1449,3.9671,1.7702,15.0415,276.95,42716342.92,3802069.49,219658341.32,262956749.35,482615090.66,44189.69,3.06872824,0.00008755,0.00280175,0.00175110,0.18693424,0.18868533,930441745.83,16.9485
1450,3.9699,1.7700,15.0394,277.12,42721440.42,3802235.72,219693255.80,262966011.01,482659266.81,44176.15,3.06778814,0.00008754,0.00280129,0.00175081,0.18695318,0.18870399,930483921.97,16.9440
1451,3.9726,1.7697,15.0373,277.29,42726537.20,3802401.90,219728159.24,262975270.19,482703429.43,44162.62,3.06684835,0.00008753,0.00280082,0.00175052,0.18697213,0.18872265,930526084.59,16.9396
1452,3.9754,1.7695,15.0352,277.46,42731633.27,3802568.05,219763051.63,262984526.88,482747578.52,44149.09,3.06590887,0.00008751,0.00280036,0.00175022,0.18699110,0.18874132,930568233.68,16.9351
1453,3.9781,1.7692,15.0330,277.63,42736728.61,3802734.15,219797932.99,262993781.09,482791714.08,44135.56,3.06496969,0.00008750,0.00279990,0.00174993,0.18701007,0.18876000,930610369.24,16.9306
1454,3.9808,1.7690,15.0309,277.80,42741823.25,3802900.22,219832803.30,263003032.82,482835836.12,44122.04,3.06403083,0.00008748,0.00279943,0.00174964,0.18702905,0.18877870,930652491.29,16.9261
1455,3.9836,1.7687,15.0288,277.97,42746917.16,3803066.24,219867662.58,263012282.07,482879944.65,44108.53,3.06309228,0.00008747,0.00279897,0.00174935,0.18704804,0.18879740,930694599.82,16.9216
1456,3.9863,1.7685,15.0267,278.14,42752010.36,3803232.22,219902510.83,263021528.84,482924039.67,44095.02,3.06215403,0.00008745,0.00279850,0.00174906,0.18706704,0.18881611,930736694.83,16.9171
1457,3.9890,1.7682,15.0246,278.31,42757102.85,3803398.15,219937348.06,263030773.12,482968121.18,44081.51,3.06121610,0.00008744,0.00279804,0.00174877,0.18708605,0.18883483,930778776.35,16.9127
1458,3.9918,1.7680,15.0225,278.48,42762194.62,3803564.05,219972174.26,263040014.93,483012189.19,44068.01,3.06027847,0.00008742,0.00279757,0.00174848,0.18710507,0.18885356,930820844.36,16.9082
1459,3.9945,1.7677,15.0204,278.65,42767285.67,3803729.91,220006989.44,263049254.26,483056243.71,44054.51,3.05934116,0.00008741,0.00279711,0.00174819,0.18712410,0.18887229,930862898.87,16.9037
1460,3.9973,1.7675,15.0183,278.82,42772376.01,3803895.72,220041793.61,263058491.12,483100284.72,44041.02,3.05840415,0.00008740,0.00279665,0.00174790,0.18714314,0.18889104,930904939.89,16.8992
1461,4.0000,1.7672,15.0162,278.99,42777465.63,3804061.49,220076586.76,263067725.50,483144312.26,44027.53,3.05746745,0.00008738,0.00279618,0.00174761,0.18716219,0.18890980,930946967.42,16.8947
1462,4.0027,1.7670,15.0140,279.16,42782554.54,3804227.22,220111368.90,263076957.40,483188326.30,44014.05,3.05653106,0.00008737,0.00279572,0.00174733,0.18718124,0.18892857,930988981.47,16.8903
1463,4.0055,1.7667,15.0119,279.33,42787642.73,3804392.91,220146140.04,263086186.83,483232326.87,44000.57,3.05559497,0.00008735,0.00279526,0.00174704,0.18720031,0.18894734,931030982.03,16.8858
1464,4.0082,1.7665,15.0098,279.50,42792730.21,3804558.56,220180900.17,263095413.79,483276313.96,43987.09,3.05465920,0.00008734,0.00279479,0.00174675,0.18721938,0.18896613,931072969.13,16.8813
1465,4.0110,1.7662,15.0077,279.68,42797816.97,3804724.17,220215649.31,263104638.27,483320287.58,43973.62,3.05372373,0.00008732,0.00279433,0.00174646,0.18723847,0.18898492,931114942.75,16.8768
1466,4.0137,1.7660,15.0056,279.85,42802903.02,3804889.73,220250387.45,263113860.29,483364247.74,43960.16,3.05278857,0.00008731,0.00279387,0.00174617,0.18725756,0.18900373,931156902.90,16.8724
1467,4.0164,1.7657,15.0035,280.02,42807988.35,3805055.25,220285114.60,263123079.83,483408194.43,43946.69,3.05185372,0.00008729,0.00279340,0.00174588,0.18727666,0.18902254,931198849.60,16.8679
1468,4.0192,1.7655,15.0014,280.19,42813072.97,3805220.74,220319830.76,263132296.91,483452127.67,43933.24,3.05091918,0.00008728,0.00279294,0.00174559,0.18729578,0.18904136,931240782.83,16.8634
1469,4.0219,1.7652,14.9993,280.36,42818156.88,3805386.18,220354535.94,263141511.52,483496047.45,43919.78,3.04998494,0.00008726,0.00279248,0.00174530,0.18731490,0.18906020,931282702.62,16.8589
1470,4.0246,1.7650,14.9972,280.53,42823240.07,3805551.58,220389230.13,263150723.66,483539953.79,43906.33,3.04905102,0.00008725,0.00279202,0.00174501,0.18733403,0.18907904,931324608.95,16.8545
1471,4.0274,1.7647,14.9951,280.70,42828322.54,3805716.94,220423913.35,263159933.33,483583846.68,43892.89,3.04811740,0.00008724,0.00279155,0.00174472,0.18735317,0.18909789,931366501.84,16.8500
1472,4.0301,1.7645,14.9930,280.87,42833404.30,3805882.25,220458585.59,263169140.54,483627726.13,43879.45,3.04718408,0.00008722,0.00279109,0.00174443,0.18737232,0.18911675,931408381.29,16.8455
1473,4.0329,1.7643,14.9909,281.05,42838485.35,3806047.53,220493246.86,263178345.29,483671592.14,43866.02,3.04625108,0.00008721,0.00279063,0.00174414,0.18739148,0.18913562,931450247.31,16.8410
1474,4.0356,1.7640,14.9887,281.22,42843565.68,3806212.77,220527897.16,263187547.57,483715444.73,43852.58,3.04531838,0.00008719,0.00279017,0.00174385,0.18741065,0.18915450,931492099.89,16.8366
1475,4.0383,1.7638,14.9866,281.39,42848645.30,3806377.96,220562536.50,263196747.39,483759283.89,43839.16,3.04438599,0.00008718,0.00278970,0.00174356,0.18742982,0.18917339,931533939.05,16.8321
1476,4.0411,1.7635,14.9845,281.56,42853724.21,3806543.11,220597164.88,263205944.75,483803109.62,43825.74,3.04345390,0.00008716,0.00278924,0.00174328,0.18744901,0.18919229,931575764.79,16.8276
1477,4.0438,1.7633,14.9824,281.73,42858802.40,3806708.22,220631782.30,263215139.64,483846921.94,43812.32,3.04252213,0.00008715,0.00278878,0.00174299,0.18746821,0.18921119,931617577.11,16.8232
1478,4.0465,1.7630,14.9803,281.91,42863879.88,3806873.29,220666388.77,263224332.08,483890720.85,43798.91,3.04159065,0.00008713,0.00278832,0.00174270,0.18748741,0.18923011,931659376.01,16.8187
1479,4.0493,1.7628,14.9782,282.08,42868956.64,3807038.32,220700984.28,263233522.06,483934506.34,43785.50,3.04065949,0.00008712,0.00278786,0.00174241,0.18750663,0.18924904,931701161.51,16.8142
1480,4.0520,1.7625,14.9761,282.25,42874032.70,3807203.31,220735568.85,263242709.58,483978278.44,43772.09,3.03972863,0.00008711,0.00278739,0.00174212,0.18752585,0.18926797,931742933.60,16.8098
1481,4.0548,1.7623,14.9740,282.42,42879108.03,3807368.26,220770142.48,263251894.65,484022037.13,43758.69,3.03879808,0.00008709,0.00278693,0.00174183,0.18754509,0.18928692,931784692.29,16.8053
1482,4.0575,1.7620,14.9719,282.60,42884182.66,3807533.16,220804705.17,263261077.26,484065782.43,43745.30,3.03786784,0.00008708,0.00278647,0.00174154,0.18756433,0.18930587,931826437.59,16.8008
1483,4.0602,1.7618,14.9698,282.77,42889256.57,3807698.03,220839256.92,263270257.41,484109514.33,43731.91,3.03693790,0.00008706,0.00278601,0.00174126,0.18758358,0.18932484,931868169.49,16.7964
1484,4.0630,1.7615,14.9677,282.94,42894329.77,3807862.85,220873797.74,263279435.11,484153232.85,43718.52,3.03600826,0.00008705,0.00278555,0.00174097,0.18760284,0.18934381,931909888.01,16.7919
1485,4.0657,1.7613,14.9656,283.12,42899402.26,3808027.63,220908327.63,263288610.36,484196937.99,43705.14,3.03507894,0.00008703,0.00278509,0.00174068,0.18762211,0.18936279,931951593.15,16.7874
1486,4.0684,1.7610,14.9635,283.29,42904474.03,3808192.37,220942846.59,263297783.16,484240629.75,43691.76,3.03414991,0.00008702,0.00278462,0.00174039,0.18764139,0.18938178,931993284.91,16.7830
1487,4.0712,1.7608,14.9614,283.46,42909545.09,3808357.08,220977354.63,263306953.50,484284308.13,43678.39,3.03322120,0.00008701,0.00278416,0.00174010,0.18766068,0.18940078,932034963.29,16.7785
1488,4.0739,1.7605,14.9593,283.64,42914615.44,3808521.73,221011851.75,263316121.40,484327973.15,43665.02,3.03229279,0.00008699,0.00278370,0.00173981,0.18767998,0.18941979,932076628.31,16.7740
1489,4.0767,1.7603,14.9572,283.81,42919685.07,3808686.35,221046337.95,263325286.85,484371624.80,43651.65,3.03136468,0.00008698,0.00278324,0.00173953,0.18769929,0.18943881,932118279.96,16.7696
1490,4.0794,1.7600,14.9551,283.98,42924754.00,3808850.93,221080813.25,263334449.84,484415263.09,43638.29,3.03043689,0.00008696,0.00278278,0.00173924,0.18771860,0.18945784,932159918.25,16.7651
1491,4.0821,1.7598,14.9530,284.16,42929822.21,3809015.47,221115277.63,263343610.39,484458888.03,43624.94,3.02950939,0.00008695,0.00278232,0.00173895,0.18773793,0.18947688,932201543.19,16.7607
1492,4.0849,1.7595,14.9509,284.33,42934889.71,3809179.96,221149731.11,263352768.50,484502499.61,43611.58,3.02858220,0.00008693,0.00278186,0.00173866,0.18775726,0.18949593,932243154.77,16.7562
1493,4.0876,1.7593,14.9488,284.50,42939956.49,3809344.42,221184173.69,263361924.16,484546097.85,43598.24,3.02765532,0.00008692,0.00278140,0.00173837,0.18777661,0.18951498,932284753.01,16.7517
1494,4.0903,1.7591,14.9467,284.68,42945022.57,3809508.83,221218605.37,263371077.37,484589682.74,43584.89,3.02672874,0.00008690,0.00278094,0.00173809,0.18779596,0.18953405,932326337.90,16.7473
1495,4.0931,1.7588,14.9446,284.85,42950087.93,3809673.20,221253026.15,263380228.15,484633254.30,43571.56,3.02580247,0.00008689,0.00278048,0.00173780,0.18781533,0.18955313,932367909.46,16.7428
1496,4.0958,1.7586,14.9425,285.03,42955152.58,3809837.53,221287436.04,263389376.47,484676812.52,43558.22,3.02487650,0.00008688,0.00278002,0.00173751,0.18783470,0.18957221,932409467.68,16.7384
1497,4.0986,1.7583,14.9404,285.20,42960216.52,3810001.82,221321835.05,263398522.36,484720357.41,43544.89,3.02395083,0.00008686,0.00277956,0.00173722,0.18785408,0.18959130,932451012.57,16.7339
1498,4.1013,1.7581,14.9383,285.38,42965279.75,3810166.07,221356223.17,263407665.81,484763888.98,43531.57,3.02302547,0.00008685,0.00277910,0.00173694,0.18787347,0.18961041,932492544.14,16.7295
1499,4.1040,1.7578,14.9362,285.55,42970342.26,3810330.28,221390600.40,263416806.82,484807407.22,43518.25,3.02210041,0.00008683,0.00277864,0.00173665,0.18789287,0.18962952,932534062.38,16.7250
1500,4.1068,1.7576,14.9341,285.72,42975404.07,3810494.45,221424966.77,263425945.39,484850912.15,43504.93,3.02117566,0.00008682,0.00277818,0.00173636,0.18791228,0.18964864,932575567.31,16.7205
1501,4.1095,1.7573,14.9320,285.90,42980465.16,3810658.58,221459322.25,263435081.52,484894403.77,43491.62,3.02025122,0.00008680,0.00277772,0.00173607,0.18793170,0.18966777,932617058.93,16.7161
1502,4.1123,1.7571,14.9299,286.07,42985525.55,3810822.67,221493666.87,263444215.21,484937882.08,43478.31,3.01932707,0.00008679,0.00277726,0.00173579,0.18795113,0.18968691,932658537.24,16.7116
1503,4.1150,1.7568,14.9278,286.25,42990585.22,3810986.71,221528000.62,263453346.47,484981347.08,43465.01,3.01840323,0.00008677,0.00277680,0.00173550,0.18797057,0.18970606,932700002.25,16.7072
1504,4.1177,1.7566,14.9257,286.42,42995644.18,3811150.72,221562323.50,263462475.29,485024798.79,43451.71,3.01747970,0.00008676,0.00277634,0.00173521,0.18799001,0.18972522,932741453.96,16.7027
1505,4.1205,1.7563,14.9236,286.60,43000702.43,3811314.68,221596635.52,263471601.68,485068237.21,43438.41,3.01655646,0.00008675,0.00277588,0.00173492,0.18800947,0.18974439,932782892.37,16.6983
1506,4.1232,1.7561,14.9215,286.77,43005759.96,3811478.60,221630936.69,263480725.64,485111662.33,43425.12,3.01563353,0.00008673,0.00277542,0.00173464,0.18802893,0.18976357,932824317.49,16.6938
1507,4.1259,1.7558,14.9194,286.95,43010816.79,3811642.49,221665227.01,263489847.16,485155074.17,43411.84,3.01471091,0.00008672,0.00277496,0.00173435,0.18804841,0.18978276,932865729.33,16.6894
1508,4.1287,1.7556,14.9173,287.13,43015872.91,3811806.33,221699506.47,263498966.25,485198472.72,43398.56,3.01378859,0.00008670,0.00277450,0.00173406,0.18806789,0.18980195,932907127.88,16.6849
1509,4.1314,1.7553,14.9152,287.30,43020928.32,3811970.13,221733775.08,263508082.92,485241858.00,43385.28,3.01286657,0.00008669,0.00277404,0.00173378,0.18808738,0.18982116,932948513.16,16.6805
1510,4.1342,1.7551,14.9131,287.48,43025983.01,3812133.89,221768032.86,263517197.15,485285230.01,43372.01,3.01194485,0.00008667,0.00277358,0.00173349,0.18810688,0.18984037,932989885.17,16.6760
1511,4.1369,1.7549,14.9110,287.65,43031037.00,3812297.61,221802279.79,263526308.95,485328588.74,43358.74,3.01102344,0.00008666,0.00277313,0.00173320,0.18812639,0.18985960,933031243.91,16.6716
1512,4.1396,1.7546,14.9089,287.83,43036090.28,3812461.29,221836515.89,263535418.33,485371934.22,43345.47,3.01010233,0.00008665,0.00277267,0.00173292,0.18814591,0.18987883,933072589.38,16.6672
1513,4.1424,1.7544,14.9068,288.00,43041142.84,3812624.93,221870741.15,263544525.28,485415266.43,43332.21,3.00918153,0.00008663,0.00277221,0.00173263,0.18816544,0.18989807,933113921.59,16.6627
1514,4.1451,1.7541,14.9047,288.18,43046194.70,3812788.53,221904955.58,263553629.80,485458585.39,43318.96,3.00826102,0.00008662,0.00277175,0.00173234,0.18818498,0.18991733,933155240.55,16.6583
1515,4.1478,1.7539,14.9026,288.36,43051245.84,3812952.08,221939159.19,263562731.90,485501891.10,43305.71,3.00734082,0.00008660,0.00277129,0.00173206,0.18820453,0.18993659,933196546.26,16.6538
1516,4.1506,1.7536,14.9005,288.53,43056296.28,3813115.60,221973351.98,263571831.58,485545183.56,43292.46,3.00642092,0.00008659,0.00277083,0.00173177,0.18822409,0.18995586,933237838.72,16.6494
1517,4.1533,1.7534,14.8984,288.71,43061346.01,3813279.08,222007533.94,263580928.83,485588462.78,43279.22,3.00550133,0.00008657,0.00277037,0.00173148,0.18824365,0.18997514,933279117.94,16.6449
1518,4.1561,1.7531,14.8964,288.89,43066395.02,3813442.51,222041705.09,263590023.67,485631728.76,43265.98,3.00458203,0.00008656,0.00276992,0.00173120,0.18826323,0.18999443,933320383.92,16.6405
1519,4.1588,1.7529,14.8943,289.06,43071443.33,3813605.91,222075865.43,263599116.08,485674981.51,43252.75,3.00366304,0.00008655,0.00276946,0.00173091,0.18828281,0.19001373,933361636.67,16.6360
1520,4.1615,1.7526,14.8922,289.24,43076490.93,3813769.26,222110014.96,263608206.07,485718221.03,43239.52,3.00274435,0.00008653,0.00276900,0.00173063,0.18830241,0.19003303,933402876.19,16.6316
1521,4.1643,1.7524,14.8901,289.42,43081537.82,3813932.57,222144153.68,263617293.64,485761447.32,43226.29,3.00182596,0.00008652,0.00276854,0.00173034,0.18832201,0.19005235,933444102.48,16.6272
1522,4.1670,1.7521,14.8880,289.59,43086584.00,3814095.85,222178281.60,263626378.79,485804660.39,43213.07,3.00090787,0.00008650,0.00276808,0.00173005,0.18834162,0.19007168,933485315.56,16.6227
1523,4.1697,1.7519,14.8859,289.77,43091629.47,3814259.08,222212398.72,263635461.53,485847860.25,43199.86,2.99999009,0.00008649,0.00276763,0.00172977,0.18836124,0.19009101,933526515.41,16.6183
1524,4.1725,1.7517,14.8838,289.95,43096674.23,3814422.27,222246505.05,263644541.85,485891046.90,43186.65,2.99907261,0.00008647,0.00276717,0.00172948,0.18838087,0.19011036,933567702.06,16.6138
1525,4.1752,1.7514,14.8817,290.12,43101718.28,3814585.42,222280600.58,263653619.75,485934220.33,43173.44,2.99815543,0.00008646,0.00276671,0.00172920,0.18840051,0.19012971,933608875.50,16.6094
1526,4.1780,1.7512,14.8796,290.30,43106761.63,3814748.53,222314685.33,263662695.24,485977380.57,43160.24,2.99723855,0.00008645,0.00276625,0.00172891,0.18842016,0.19014907,933650035.73,16.6050
1527,4.1807,1.7509,14.8775,290.48,43111804.26,3814911.61,222348759.29,263671768.32,486020527.60,43147.04,2.99632197,0.00008643,0.00276580,0.00172862,0.18843982,0.19016845,933691182.77,16.6005
1528,4.1834,1.7507,14.8754,290.66,43116846.19,3815074.64,222382822.47,263680838.98,486063661.45,43133.84,2.99540569,0.00008642,0.00276534,0.00172834,0.18845949,0.19018783,933732316.61,16.5961
1529,4.1862,1.7504,14.8733,290.84,43121887.41,3815237.63,222416874.87,263689907.23,486106782.10,43120.65,2.99448971,0.00008640,0.00276488,0.00172805,0.18847917,0.19020722,933773437.26,16.5917
1530,4.1889,1.7502,14.8713,291.01,43126927.92,3815400.57,222450916.49,263698973.07,486149889.56,43107.47,2.99357404,0.00008639,0.00276443,0.00172777,0.18849885,0.19022662,933814544.73,16.5872
1531,4.1916,1.7499,14.8692,291.19,43131967.72,3815563.48,222484947.35,263708036.50,486192983.85,43094.28,2.99265866,0.00008637,0.00276397,0.00172748,0.18851855,0.19024603,933855639.01,16.5828
1532,4.1944,1.7497,14.8671,291.37,43137006.81,3815726.35,222518967.43,263717097.52,486236064.96,43081.11,2.99174359,0.00008636,0.00276351,0.00172720,0.18853825,0.19026545,933896720.12,16.5784
1533,4.1971,1.7494,14.8650,291.55,43142045.20,3815889.18,222552976.75,263726156.14,486279132.89,43067.93,2.99082881,0.00008635,0.00276306,0.00172691,0.18855796,0.19028487,933937788.05,16.5739
1534,4.1999,1.7492,14.8629,291.73,43147082.87,3816051.97,222586975.31,263735212.34,486322187.66,43054.77,2.98991434,0.00008633,0.00276260,0.00172662,0.18857769,0.19030431,933978842.82,16.5695
1535,4.2026,1.7489,14.8608,291.90,43152119.84,3816214.72,222620963.12,263744266.14,486365229.26,43041.60,2.98900017,0.00008632,0.00276214,0.00172634,0.18859742,0.19032376,934019884.42,16.5651
1536,4.2053,1.7487,14.8587,292.08,43157156.10,3816377.42,222654940.16,263753317.54,486408257.70,43028.44,2.98808630,0.00008630,0.00276169,0.00172605,0.18861716,0.19034321,934060912.87,16.5606
1537,4.2081,1.7485,14.8566,292.26,43162191.66,3816540.09,222688906.46,263762366.53,486451272.99,43015.29,2.98717272,0.00008629,0.00276123,0.00172577,0.18863691,0.19036268,934101928.15,16.5562
1538,4.2108,1.7482,14.8545,292.44,43167226.50,3816702.72,222722862.01,263771413.12,486494275.13,43002.14,2.98625945,0.00008627,0.00276077,0.00172548,0.18865667,0.19038215,934142930.29,16.5518
1539,4.2136,1.7480,14.8525,292.62,43172260.64,3816865.30,222756806.81,263780457.30,486537264.12,42988.99,2.98534648,0.00008626,0.00276032,0.00172520,0.18867644,0.19040163,934183919.28,16.5474
1540,4.2163,1.7477,14.8504,292.80,43177294.07,3817027.85,222790740.88,263789499.09,486580239.96,42975.85,2.98443381,0.00008625,0.00275986,0.00172491,0.18869621,0.19042113,934224895.13,16.5429
1541,4.2190,1.7475,14.8483,292.98,43182326.80,3817190.36,222824664.20,263798538.47,486623202.67,42962.71,2.98352144,0.00008623,0.00275941,0.00172463,0.18871600,0.19044063,934265857.83,16.5385
1542,4.2218,1.7472,14.8462,293.16,43187358.81,3817352.82,222858576.80,263807575.45,486666152.25,42949.57,2.98260936,0.00008622,0.00275895,0.00172434,0.18873579,0.19046014,934306807.41,16.5341
1543,4.2245,1.7470,14.8441,293.34,43192390.12,3817515.25,222892478.66,263816610.03,486709088.69,42936.45,2.98169759,0.00008620,0.00275849,0.00172406,0.18875560,0.19047966,934347743.85,16.5296
1544,4.2272,1.7467,14.8420,293.51,43197420.73,3817677.63,222926369.79,263825642.22,486752012.01,42923.32,2.98078612,0.00008619,0.00275804,0.00172377,0.18877541,0.19049919,934388667.17,16.5252
1545,4.2300,1.7465,14.8399,293.69,43202450.62,3817839.98,222960250.20,263834672.01,486794922.21,42910.20,2.97987494,0.00008617,0.00275758,0.00172349,0.18879524,0.19051873,934429577.37,16.5208
1546,4.2327,1.7462,14.8379,293.87,43207479.81,3818002.28,222994119.89,263843699.40,486837819.29,42897.08,2.97896407,0.00008616,0.00275713,0.00172320,0.18881507,0.19053827,934470474.46,16.5164
1547,4.2355,1.7460,14.8358,294.05,43212508.29,3818164.55,223027978.86,263852724.40,486880703.26,42883.97,2.97805349,0.00008615,0.00275667,0.00172292,0.18883491,0.19055783,934511358.43,16.5120
1548,4.2382,1.7458,14.8337,294.23,43217536.07,3818326.77,223061827.12,263861747.00,486923574.13,42870.86,2.97714321,0.00008613,0.00275622,0.00172264,0.18885476,0.19057740,934552229.29,16.5075
1549,4.2409,1.7455,14.8316,294.41,43222563.14,3818488.96,223095664.67,263870767.21,486966431.88,42857.76,2.97623323,0.00008612,0.00275576,0.00172235,0.18887462,0.19059697,934593087.05,16.5031
1550,4.2437,1.7453,14.8295,294.59,43227589.50,3818651.10,223129491.51,263879785.03,487009276.54,42844.66,2.97532355,0.00008610,0.00275531,0.00172207,0.18889449,0.19061655,934633931.71,16.4987
1551,4.2464,1.7450,14.8274,294.77,43232615.16,3818813.20,223163307.65,263888800.46,487052108.11,42831.56,2.97441417,0.00008609,0.00275485,0.00172178,0.18891437,0.19063615,934674763.27,16.4943
1552,4.2491,1.7448,14.8253,294.95,43237640.11,3818975.27,223197113.09,263897813.49,487094926.58,42818.47,2.97350509,0.00008607,0.00275440,0.00172150,0.18893425,0.19065575,934715581.74,16.4898
1553,4.2519,1.7445,14.8233,295.13,43242664.35,3819137.29,223230907.83,263906824.14,487137731.97,42805.39,2.97259631,0.00008606,0.00275394,0.00172121,0.18895415,0.19067536,934756387.13,16.4854
1554,4.2546,1.7443,14.8212,295.31,43247687.89,3819299.28,223264691.88,263915832.39,487180524.27,42792.30,2.97168782,0.00008605,0.00275349,0.00172093,0.18897405,0.19069498,934797179.44,16.4810
1555,4.2574,1.7440,14.8191,295.49,43252710.72,3819461.22,223298465.24,263924838.26,487223303.50,42779.23,2.97077963,0.00008603,0.00275303,0.00172064,0.18899397,0.19071461,934837958.66,16.4766
1556,4.2601,1.7438,14.8170,295.68,43257732.85,3819623.12,223332227.91,263933841.74,487266069.65,42766.15,2.96987174,0.00008602,0.00275258,0.00172036,0.18901389,0.19073425,934878724.82,16.4722
1557,4.2628,1.7435,14.8149,295.86,43262754.27,3819784.99,223365979.90,263942842.84,487308822.74,42753.08,2.96896415,0.00008600,0.00275212,0.00172008,0.18903382,0.19075390,934919477.90,16.4678
1558,4.2656,1.7433,14.8129,296.04,43267774.99,3819946.81,223399721.20,263951841.55,487351562.76,42740.02,2.96805686,0.00008599,0.00275167,0.00171979,0.18905377,0.19077356,934960217.92,16.4633
1559,4.2683,1.7431,14.8108,296.22,43272795.00,3820108.59,223433451.84,263960837.88,487394289.71,42726.96,2.96714986,0.00008598,0.00275121,0.00171951,0.18907372,0.19079323,935000944.88,16.4589
1560,4.2710,1.7428,14.8087,296.40,43277814.30,3820270.34,223467171.79,263969831.82,487437003.61,42713.90,2.96624317,0.00008596,0.00275076,0.00171922,0.18909368,0.19081290,935041658.78,16.4545
1561,4.2738,1.7426,14.8066,296.58,43282832.90,3820432.04,223500881.08,263978823.38,487479704.46,42700.85,2.96533677,0.00008595,0.00275031,0.00171894,0.18911365,0.19083259,935082359.63,16.4501
1562,4.2765,1.7423,14.8045,296.76,43287850.79,3820593.71,223534579.71,263987812.56,487522392.27,42687.80,2.96443066,0.00008593,0.00274985,0.00171866,0.18913362,0.19085228,935123047.43,16.4457
1563,4.2793,1.7421,14.8024,296.94,43292867.98,3820755.33,223568267.66,263996799.36,487565067.02,42674.76,2.96352486,0.00008592,0.00274940,0.00171837,0.18915361,0.19087198,935163722.19,16.4413
1564,4.2820,1.7418,14.8004,297.13,43297884.46,3820916.91,223601944.96,264005783.78,487607728.74,42661.72,2.96261935,0.00008590,0.00274894,0.00171809,0.18917361,0.19089170,935204383.90,16.4369
1565,4.2847,1.7416,14.7983,297.31,43302900.24,3821078.46,223635611.61,264014765.82,487650377.43,42648.68,2.96171414,0.00008589,0.00274849,0.00171781,0.18919361,0.19091142,935245032.59,16.4325
1566,4.2875,1.7413,14.7962,297.49,43307915.32,3821239.96,223669267.60,264023745.48,487693013.08,42635.65,2.96080922,0.00008588,0.00274804,0.00171752,0.18921363,0.19093115,935285668.24,16.4280
1567,4.2902,1.7411,14.7941,297.67,43312929.69,3821401.43,223702912.94,264032722.76,487735635.70,42622.63,2.95990461,0.00008586,0.00274758,0.00171724,0.18923365,0.19095089,935326290.87,16.4236
1568,4.2930,1.7409,14.7921,297.85,43317943.35,3821562.85,223736547.64,264041697.67,487778245.31,42609.60,2.95900029,0.00008585,0.00274713,0.00171696,0.18925368,0.19097064,935366900.47,16.4192
1569,4.2957,1.7406,14.7900,298.03,43322956.31,3821724.24,223770171.69,264050670.21,487820841.90,42596.59,2.95809626,0.00008583,0.00274668,0.00171667,0.18927373,0.19099040,935407497.06,16.4148
1570,4.2984,1.7404,14.7879,298.22,43327968.57,3821885.58,223803785.10,264059640.37,487863425.47,42583.57,2.95719254,0.00008582,0.00274622,0.00171639,0.18929378,0.19101017,935448080.63,16.4104
1571,4.3012,1.7401,14.7858,298.40,43332980.12,3822046.88,223837387.88,264068608.15,487905996.03,42570.56,2.95628910,0.00008581,0.00274577,0.00171611,0.18931384,0.19102994,935488651.19,16.4060
1572,4.3039,1.7399,14.7837,298.58,43337990.96,3822208.15,223870980.02,264077573.57,487948553.59,42557.56,2.95538597,0.00008579,0.00274532,0.00171582,0.18933391,0.19104973,935529208.75,16.4016
1573,4.3066,1.7396,14.7817,298.76,43343001.11,3822369.38,223904561.54,264086536.61,487991098.15,42544.56,2.95448313,0.00008578,0.00274486,0.00171554,0.18935398,0.19106952,935569753.31,16.3972
1574,4.3094,1.7394,14.7796,298.95,43348010.55,3822530.56,223938132.43,264095497.28,488033629.71,42531.56,2.95358059,0.00008576,0.00274441,0.00171526,0.18937407,0.19108933,935610284.87,16.3928
1575,4.3121,1.7391,14.7775,299.13,43353019.28,3822691.71,223971692.69,264104455.58,488076148.27,42518.57,2.95267835,0.00008575,0.00274396,0.00171497,0.18939417,0.19110914,935650803.44,16.3884
1576,4.3149,1.7389,14.7754,299.31,43358027.31,3822852.81,224005242.34,264113411.51,488118653.85,42505.58,2.95177640,0.00008573,0.00274351,0.00171469,0.18941427,0.19112896,935691309.02,16.3840
1577,4.3176,1.7387,14.7734,299.50,43363034.64,3823013.88,224038781.37,264122365.08,488161146.45,42492.60,2.95087474,0.00008572,0.00274305,0.00171441,0.18943439,0.19114879,935731801.61,16.3796
1578,4.3203,1.7384,14.7713,299.68,43368041.26,3823174.90,224072309.79,264131316.28,488203626.07,42479.62,2.94997338,0.00008571,0.00274260,0.00171413,0.18945451,0.19116863,935772281.23,16.3752
1579,4.3231,1.7382,14.7692,299.86,43373047.18,3823335.89,224105827.60,264140265.11,488246092.71,42466.64,2.94907232,0.00008569,0.00274215,0.00171384,0.18947464,0.19118848,935812747.87,16.3708
1580,4.3258,1.7379,14.7671,300.05,43378052.40,3823496.84,224139334.81,264149211.57,488288546.38,42453.67,2.94817155,0.00008568,0.00274170,0.00171356,0.18949478,0.19120834,935853201.54,16.3664
1581,4.3285,1.7377,14.7651,300.23,43383056.91,3823657.75,224172831.41,264158155.67,488330987.08,42440.70,2.94727108,0.00008566,0.00274124,0.00171328,0.18951493,0.19122821,935893642.25,16.3620
1582,4.3313,1.7374,14.7630,300.41,43388060.72,3823818.61,224206317.41,264167097.41,488373414.82,42427.74,2.94637091,0.00008565,0.00274079,0.00171299,0.18953509,0.19124809,935934069.99,16.3576
1583,4.3340,1.7372,14.7609,300.60,43393063.83,3823979.44,224239792.82,264176036.79,488415829.61,42414.78,2.94547103,0.00008564,0.00274034,0.00171271,0.18955526,0.19126797,935974484.77,16.3532
1584,4.3368,1.7369,14.7588,300.78,43398066.24,3824140.23,224273257.63,264184973.80,488458231.44,42401.83,2.94457144,0.00008562,0.00273989,0.00171243,0.18957544,0.19128787,936014886.60,16.3488
1585,4.3395,1.7367,14.7568,300.96,43403067.94,3824300.98,224306711.86,264193908.46,488500620.31,42388.88,2.94367215,0.00008561,0.00273944,0.00171215,0.18959563,0.19130777,936055275.48,16.3444
1586,4.3422,1.7365,14.7547,301.15,43408068.94,3824461.69,224340155.50,264202840.75,488542996.25,42375.93,2.94277315,0.00008559,0.00273898,0.00171187,0.18961582,0.19132769,936095651.41,16.3400
1587,4.3450,1.7362,14.7526,301.33,43413069.23,3824622.36,224373588.56,264211770.68,488585359.24,42362.99,2.94187445,0.00008558,0.00273853,0.00171158,0.18963603,0.19134761,936136014.40,16.3356
1588,4.3477,1.7360,14.7505,301.52,43418068.82,3824782.99,224407011.04,264220698.26,488627709.30,42350.06,2.94097605,0.00008557,0.00273808,0.00171130,0.18965624,0.19136754,936176364.46,16.3312
1589,4.3504,1.7357,14.7485,301.70,43423067.71,3824943.58,224440422.94,264229623.48,488670046.42,42337.12,2.94007793,0.00008555,0.00273763,0.00171102,0.18967646,0.19138748,936216701.58,16.3268
1590,4.3532,1.7355,14.7464,301.89,43428065.90,3825104.13,224473824.27,264238546.34,488712370.61,42324.19,2.93918012,0.00008554,0.00273718,0.00171074,0.18969670,0.19140743,936257025.77,16.3224
1591,4.3559,1.7352,14.7443,302.07,43433063.39,3825264.64,224507215.03,264247466.85,488754681.88,42311.27,2.93828259,0.00008552,0.00273673,0.00171045,0.18971694,0.19142739,936297337.04,16.3180
1592,4.3587,1.7350,14.7422,302.26,43438060.17,3825425.11,224540595.23,264256385.00,488796980.23,42298.35,2.93738537,0.00008551,0.00273628,0.00171017,0.18973719,0.19144736,936337635.39,16.3136
1593,4.3614,1.7348,14.7402,302.44,43443056.25,3825585.54,224573964.86,264265300.80,488839265.66,42285.43,2.93648843,0.00008549,0.00273582,0.00170989,0.18975745,0.19146734,936377920.83,16.3092
1594,4.3641,1.7345,14.7381,302.62,43448051.63,3825745.94,224607323.94,264274214.25,488881538.18,42272.52,2.93559179,0.00008548,0.00273537,0.00170961,0.18977772,0.19148732,936418193.35,16.3049
1595,4.3669,1.7343,14.7360,302.81,43453046.31,3825906.29,224640672.46,264283125.34,488923797.80,42259.61,2.93469544,0.00008547,0.00273492,0.00170933,0.18979799,0.19150732,936458452.96,16.3005
1596,4.3696,1.7340,14.7340,303.00,43458040.28,3826066.60,224674010.43,264292034.08,488966044.51,42246.71,2.93379939,0.00008545,0.00273447,0.00170904,0.18981828,0.19152732,936498699.67,16.2961
1597,4.3723,1.7338,14.7319,303.18,43463033.56,3826226.88,224707337.85,264300940.48,489008278.32,42233.81,2.93290363,0.00008544,0.00273402,0.00170876,0.18983857,0.19154734,936538933.49,16.2917
1598,4.3751,1.7335,14.7298,303.37,43468026.13,3826387.11,224740654.72,264309844.52,489050499.24,42220.92,2.93200817,0.00008542,0.00273357,0.00170848,0.18985888,0.19156736,936579154.40,16.2873
1599,4.3778,1.7333,14.7278,303.55,43473018.00,3826547.31,224773961.05,264318746.22,489092707.27,42208.03,2.93111299,0.00008541,0.00273312,0.00170820,0.18987919,0.19158739,936619362.43,16.2829
1600,4.3806,1.7330,14.7257,303.74,43478009.17,3826707.46,224807256.84,264327645.56,489134902.41,42195.14,2.93021812,0.00008540,0.00273267,0.00170792,0.18989951,0.19160743,936659557.57,16.2785
1601,4.3833,1.7328,14.7236,303.92,43482999.64,3826867.58,224840542.10,264336542.57,489177084.67,42182.26,2.92932353,0.00008538,0.00273222,0.00170764,0.18991984,0.19162748,936699739.83,16.2741
1602,4.3860,1.7326,14.7215,304.11,43487989.40,3827027.66,224873816.83,264345437.22,489219254.05,42169.38,2.92842924,0.00008537,0.00273177,0.00170736,0.18994019,0.19164754,936739909.21,16.2698
1603,4.3888,1.7323,14.7195,304.29,43492978.47,3827187.69,224907081.02,264354329.53,489261410.56,42156.51,2.92753524,0.00008535,0.00273132,0.00170707,0.18996053,0.19166761,936780065.72,16.2654
1604,4.3915,1.7321,14.7174,304.48,43497966.83,3827347.69,224940334.69,264363219.50,489303554.19,42143.64,2.92664153,0.00008534,0.00273087,0.00170679,0.18998089,0.19168769,936820209.36,16.2610
1605,4.3943,1.7318,14.7153,304.67,43502954.50,3827507.65,224973577.84,264372107.13,489345684.97,42130.77,2.92574812,0.00008533,0.00273042,0.00170651,0.19000126,0.19170777,936860340.13,16.2566
1606,4.3970,1.7316,14.7133,304.85,43507941.46,3827667.57,225006810.47,264380992.41,489387802.88,42117.91,2.92485500,0.00008531,0.00272997,0.00170623,0.19002164,0.19172787,936900458.04,16.2522
1607,4.3997,1.7313,14.7112,305.04,43512927.72,3827827.45,225040032.58,264389875.35,489429907.93,42105.06,2.92396217,0.00008530,0.00272952,0.00170595,0.19004202,0.19174797,936940563.10,16.2478
1608,4.4025,1.7311,14.7091,305.23,43517913.28,3827987.29,225073244.19,264398755.95,489472000.14,42092.20,2.92306964,0.00008528,0.00272907,0.00170567,0.19006242,0.19176808,936980655.30,16.2435
1609,4.4052,1.7309,14.7071,305.41,43522898.14,3828147.09,225106445.28,264407634.21,489514079.49,42079.35,2.92217740,0.00008527,0.00272862,0.00170539,0.19008282,0.19178821,937020734.65,16.2391
1610,4.4079,1.7306,14.7050,305.60,43527882.30,3828306.86,225139635.87,264416510.14,489556146.00,42066.51,2.92128544,0.00008526,0.00272817,0.00170511,0.19010323,0.19180834,937060801.16,16.2347
1611,4.4107,1.7304,14.7029,305.79,43532865.76,3828466.58,225172815.95,264425383.72,489598199.67,42053.67,2.92039379,0.00008524,0.00272772,0.00170483,0.19012365,0.19182848,937100854.84,16.2303
1612,4.4134,1.7301,14.7009,305.97,43537848.52,3828626.26,225205985.54,264434254.97,489640240.51,42040.83,2.91950242,0.00008523,0.00272727,0.00170454,0.19014408,0.19184863,937140895.67,16.2259
1613,4.4162,1.7299,14.6988,306.16,43542830.58,3828785.91,225239144.63,264443123.88,489682268.51,42028.00,2.91861135,0.00008521,0.00272682,0.00170426,0.19016452,0.19186879,937180923.67,16.2216
1614,4.4189,1.7296,14.6967,306.35,43547811.94,3828945.51,225272293.23,264451990.46,489724283.69,42015.18,2.91772057,0.00008520,0.00272637,0.00170398,0.19018497,0.19188895,937220938.85,16.2172
1615,4.4216,1.7294,14.6947,306.54,43552792.60,3829105.08,225305431.33,264460854.70,489766286.04,42002.35,2.91683007,0.00008519,0.00272592,0.00170370,0.19020543,0.19190913,937260941.20,16.2128
1616,4.4244,1.7292,14.6926,306.72,43557772.55,3829264.61,225338558.96,264469716.62,489808275.57,41989.53,2.91593988,0.00008517,0.00272548,0.00170342,0.19022589,0.19192932,937300930.74,16.2084
1617,4.4271,1.7289,14.6905,306.91,43562751.81,3829424.09,225371676.10,264478576.19,489850252.29,41976.72,2.91504997,0.00008516,0.00272503,0.00170314,0.19024637,0.19194951,937340907.46,16.2041
1618,4.4298,1.7287,14.6885,307.10,43567730.37,3829583.54,225404782.76,264487433.44,489892216.20,41963.91,2.91416035,0.00008514,0.00272458,0.00170286,0.19026685,0.19196972,937380871.37,16.1997
1619,4.4326,1.7284,14.6864,307.29,43572708.23,3829742.95,225437878.95,264496288.36,489934167.31,41951.10,2.91327103,0.00008513,0.00272413,0.00170258,0.19028735,0.19198993,937420822.47,16.1953
1620,4.4353,1.7282,14.6844,307.47,43577685.39,3829902.32,225470964.66,264505140.94,489976105.61,41938.30,2.91238200,0.00008512,0.00272368,0.00170230,0.19030785,0.19201015,937460760.77,16.1909
1621,4.4381,1.7279,14.6823,307.66,43582661.86,3830061.65,225504039.91,264513991.20,490018031.11,41925.50,2.91149326,0.00008510,0.00272323,0.00170202,0.19032836,0.19203038,937500686.27,16.1866
1622,4.4408,1.7277,14.6802,307.85,43587637.62,3830220.94,225537104.69,264522839.13,490059943.82,41912.71,2.91060481,0.00008509,0.00272278,0.00170174,0.19034888,0.19205062,937540598.98,16.1822
1623,4.4435,1.7275,14.6782,308.04,43592612.68,3830380.20,225570159.01,264531684.73,490101843.74,41899.92,2.90971665,0.00008507,0.00272234,0.00170146,0.19036941,0.19207087,937580498.90,16.1778
1624,4.4463,1.7272,14.6761,308.23,43597587.04,3830539.41,225603202.86,264540528.01,490143730.87,41887.13,2.90882878,0.00008506,0.00272189,0.00170118,0.19038995,0.19209113,937620386.04,16.1735
1625,4.4490,1.7270,14.6740,308.42,43602560.71,3830698.59,225636236.27,264549368.96,490185605.23,41874.35,2.90794120,0.00008504,0.00272144,0.00170090,0.19041050,0.19211139,937660260.39,16.1691
1626,4.4517,1.7267,14.6720,308.60,43607533.67,3830857.72,225669259.22,264558207.59,490227466.80,41861.58,2.90705391,0.00008503,0.00272099,0.00170062,0.19043105,0.19213167,937700121.96,16.1647
1627,4.4545,1.7265,14.6699,308.79,43612505.94,3831016.82,225702271.72,264567043.89,490269315.61,41848.80,2.90616692,0.00008502,0.00272054,0.00170034,0.19045162,0.19215196,937739970.77,16.1604
1628,4.4572,1.7262,14.6679,308.98,43617477.51,3831175.88,225735273.77,264575877.87,490311151.64,41836.04,2.90528021,0.00008500,0.00272010,0.00170006,0.19047219,0.19217225,937779806.80,16.1560
1629,4.4600,1.7260,14.6658,309.17,43622448.38,3831334.89,225768265.39,264584709.53,490352974.91,41823.27,2.90439379,0.00008499,0.00271965,0.00169978,0.19049277,0.19219255,937819630.07,16.1516
1630,4.4627,1.7258,14.6637,309.36,43627418.55,3831493.87,225801246.56,264593538.86,490394785.42,41810.51,2.90350767,0.00008497,0.00271920,0.00169950,0.19051336,0.19221286,937859440.58,16.1473
1631,4.4654,1.7255,14.6617,309.55,43632388.02,3831652.81,225834217.30,264602365.88,490436583.18,41797.75,2.90262183,0.00008496,0.00271875,0.00169922,0.19053397,0.19223319,937899238.34,16.1429
1632,4.4682,1.7253,14.6596,309.74,43637356.80,3831811.72,225867177.60,264611190.58,490478368.18,41785.00,2.90173629,0.00008495,0.00271830,0.00169894,0.19055457,0.19225352,937939023.34,16.1385
1633,4.4709,1.7250,14.6575,309.93,43642324.87,3831970.58,225900127.47,264620012.96,490520140.43,41772.25,2.90085103,0.00008493,0.00271786,0.00169866,0.19057519,0.19227385,937978795.60,16.1342
1634,4.4736,1.7248,14.6555,310.12,43647292.25,3832129.40,225933066.92,264628833.02,490561899.95,41759.51,2.89996607,0.00008492,0.00271741,0.00169838,0.19059582,0.19229420,938018555.11,16.1298
1635,4.4764,1.7245,14.6534,310.31,43652258.93,3832288.19,225965995.95,264637650.77,490603646.72,41746.77,2.89908139,0.00008491,0.00271696,0.00169810,0.19061646,0.19231456,938058301.88,16.1254
1636,4.4791,1.7243,14.6514,310.50,43657224.91,3832446.93,225998914.56,264646466.20,490645380.75,41734.04,2.89819701,0.00008489,0.00271652,0.00169782,0.19063710,0.19233493,938098035.92,16.1211
1637,4.4819,1.7241,14.6493,310.69,43662190.20,3832605.64,226031822.75,264655279.31,490687102.06,41721.31,2.89731291,0.00008488,0.00271607,0.00169754,0.19065776,0.19235530,938137757.22,16.1167
1638,4.4846,1.7238,14.6473,310.88,43667154.78,3832764.31,226064720.53,264664090.11,490728810.64,41708.58,2.89642910,0.00008486,0.00271562,0.00169726,0.19067842,0.19237568,938177465.80,16.1124
1639,4.4873,1.7236,14.6452,311.07,43672118.67,3832922.94,226097607.89,264672898.60,490770506.50,41695.86,2.89554558,0.00008485,0.00271517,0.00169698,0.19069909,0.19239608,938217161.66,16.1080
1640,4.4901,1.7233,14.6431,311.26,43677081.86,3833081.53,226130484.86,264681704.78,490812189.63,41683.14,2.89466235,0.00008484,0.00271473,0.00169671,0.19071977,0.19241648,938256844.80,16.1036
1641,4.4928,1.7231,14.6411,311.45,43682044.36,3833240.08,226163351.42,264690508.64,490853860.06,41670.42,2.89377941,0.00008482,0.00271428,0.00169643,0.19074046,0.19243689,938296515.22,16.0993
1642,4.4956,1.7228,14.6390,311.64,43687006.15,3833398.59,226196207.57,264699310.20,490895517.77,41657.71,2.89289676,0.00008481,0.00271383,0.00169615,0.19076116,0.19245731,938336172.93,16.0949
1643,4.4983,1.7226,14.6370,311.83,43691967.25,3833557.06,226229053.34,264708109.44,490937162.78,41645.01,2.89201440,0.00008479,0.00271339,0.00169587,0.19078187,0.19247774,938375817.94,16.0906
1644,4.5010,1.7224,14.6349,312.02,43696927.66,3833715.50,226261888.71,264716906.38,490978795.08,41632.31,2.89113233,0.00008478,0.00271294,0.00169559,0.19080259,0.19249818,938415450.25,16.0862
1645,4.5038,1.7221,14.6329,312.21,43701887.36,3833873.89,226294713.69,264725701.00,491020414.69,41619.61,2.89025054,0.00008477,0.00271250,0.00169531,0.19082331,0.19251862,938455069.85,16.0819
1646,4.5065,1.7219,14.6308,312.40,43706846.37,3834032.25,226327528.28,264734493.32,491062021.61,41606.91,2.88936905,0.00008475,0.00271205,0.00169503,0.19084405,0.19253908,938494676.77,16.0775
1647,4.5092,1.7216,14.6287,312.59,43711804.68,3834190.57,226360332.49,264743283.34,491103615.83,41594.22,2.88848784,0.00008474,0.00271160,0.00169475,0.19086479,0.19255954,938534270.99,16.0732
1648,4.5120,1.7214,14.6267,312.78,43716762.30,3834348.85,226393126.32,264752071.05,491145197.37,41581.54,2.88760692,0.00008472,0.00271116,0.00169447,0.19088554,0.19258002,938573852.53,16.0688
1649,4.5147,1.7212,14.6246,312.97,43721719.21,3834507.09,226425909.77,264760856.45,491186766.23,41568.86,2.88672629,0.00008471,0.00271071,0.00169419,0.19090631,0.19260050,938613421.39,16.0645
1650,4.5175,1.7209,14.6226,313.16,43726675.44,3834665.29,226458682.85,264769639.56,491228322.41,41556.18,2.88584595,0.00008470,0.00271027,0.00169392,0.19092708,0.19262099,938652977.57,16.0601
1651,4.5202,1.7207,14.6205,313.36,43731630.96,3834823.46,226491445.56,264778420.35,491269865.92,41543.51,2.88496589,0.00008468,0.00270982,0.00169364,0.19094786,0.19264149,938692521.08,16.0558
1652,4.5229,1.7204,14.6185,313.55,43736585.79,3834981.58,226524197.91,264787198.85,491311396.76,41530.84,2.88408613,0.00008467,0.00270937,0.00169336,0.19096864,0.19266200,938732051.92,16.0514
1653,4.5257,1.7202,14.6164,313.74,43741539.92,3835139.67,226556939.89,264795975.05,491352914.94,41518.18,2.88320665,0.00008465,0.00270893,0.00169308,0.19098944,0.19268252,938771570.10,16.0471
1654,4.5284,1.7199,14.6144,313.93,43746493.36,3835297.71,226589671.51,264804748.94,491394420.45,41505.52,2.88232746,0.00008464,0.00270848,0.00169280,0.19101025,0.19270305,938811075.61,16.0427
1655,4.5311,1.7197,14.6123,314.12,43751446.10,3835455.72,226622392.77,264813520.54,491435913.31,41492.86,2.88144856,0.00008463,0.00270804,0.00169252,0.19103106,0.19272359,938850568.47,16.0384
1656,4.5339,1.7195,14.6103,314.32,43756398.14,3835613.69,226655103.68,264822289.84,491477393.52,41480.21,2.88056994,0.00008461,0.00270759,0.00169225,0.19105189,0.19274413,938890048.68,16.0340
1657,4.5366,1.7192,14.6082,314.51,43761349.49,3835771.62,226687804.24,264831056.84,491518861.08,41467.56,2.87969161,0.00008460,0.00270715,0.00169197,0.19107272,0.19276469,938929516.24,16.0297
1658,4.5394,1.7190,14.6061,314.70,43766300.14,3835929.52,226720494.45,264839821.54,491560315.99,41454.92,2.87881357,0.00008458,0.00270670,0.00169169,0.19109356,0.19278525,938968971.15,16.0253
1659,4.5421,1.7187,14.6041,314.89,43771250.10,3836087.37,226753174.32,264848583.95,491601758.27,41442.28,2.87793582,0.00008457,0.00270626,0.00169141,0.19111441,0.19280582,939008413.43,16.0210
1660,4.5448,1.7185,14.6020,315.09,43776199.36,3836245.19,226785843.84,264857344.07,491643187.91,41429.64,2.87705835,0.00008456,0.00270581,0.00169113,0.19113527,0.19282640,939047843.07,16.0166
1661,4.5476,1.7183,14.6000,315.28,43781147.93,3836402.96,226818503.03,264866101.89,491684604.92,41417.01,2.87618117,0.00008454,0.00270537,0.00169085,0.19115614,0.19284699,939087260.08,16.0123
1662,4.5503,1.7180,14.5979,315.47,43786095.80,3836560.70,226851151.89,264874857.41,491726009.30,41404.38,2.87530428,0.00008453,0.00270492,0.00169058,0.19117701,0.19286759,939126664.46,16.0080
1663,4.5530,1.7178,14.5959,315.66,43791042.97,3836718.40,226883790.41,264883610.65,491767401.06,41391.76,2.87442767,0.00008451,0.00270448,0.00169030,0.19119790,0.19288820,939166056.22,16.0036
1664,4.5558,1.7175,14.5938,315.86,43795989.45,3836876.06,226916418.61,264892361.59,491808780.20,41379.14,2.87355135,0.00008450,0.00270403,0.00169002,0.19121879,0.19290882,939205435.36,15.9993
1665,4.5585,1.7173,14.5918,316.05,43800935.24,3837033.68,226949036.48,264901110.24,491850146.72,41366.52,2.87267532,0.00008449,0.00270359,0.00168974,0.19123970,0.19292944,939244801.88,15.9949
1666,4.5613,1.7170,14.5897,316.24,43805880.33,3837191.27,226981644.03,264909856.60,491891500.63,41353.91,2.87179957,0.00008447,0.00270315,0.00168947,0.19126061,0.19295008,939284155.80,15.9906
1667,4.5640,1.7168,14.5877,316.44,43810824.72,3837348.81,227014241.27,264918600.68,491932841.94,41341.31,2.87092411,0.00008446,0.00270270,0.00168919,0.19128153,0.19297072,939323497.10,15.9863
1668,4.5667,1.7166,14.5856,316.63,43815768.43,3837506.32,227046828.18,264927342.46,491974170.65,41328.70,2.87004894,0.00008445,0.00270226,0.00168891,0.19130246,0.19299137,939362825.81,15.9819
1669,4.5695,1.7163,14.5836,316.82,43820711.43,3837663.79,227079404.79,264936081.96,492015486.75,41316.11,2.86917405,0.00008443,0.00270181,0.00168863,0.19132340,0.19301203,939402141.92,15.9776
1670,4.5722,1.7161,14.5815,317.02,43825653.74,3837821.22,227111971.09,264944819.17,492056790.26,41303.51,2.86829945,0.00008442,0.00270137,0.00168836,0.19134435,0.19303271,939441445.43,15.9732
1671,4.5749,1.7158,14.5795,317.21,43830595.36,3837978.61,227144527.09,264953554.10,492098081.19,41290.92,2.86742514,0.00008440,0.00270092,0.00168808,0.19136531,0.19305338,939480736.35,15.9689
1672,4.5777,1.7156,14.5774,317.41,43835536.28,3838135.96,227177072.78,264962286.74,492139359.52,41278.34,2.86655111,0.00008439,0.00270048,0.00168780,0.19138627,0.19307407,939520014.69,15.9646
1673,4.5804,1.7154,14.5754,317.60,43840476.51,3838293.28,227209608.18,264971017.10,492180625.28,41265.75,2.86567736,0.00008438,0.00270004,0.00168752,0.19140725,0.19309477,939559280.44,15.9602
1674,4.5832,1.7151,14.5733,317.79,43845416.04,3838450.56,227242133.28,264979745.17,492221878.45,41253.18,2.86480391,0.00008436,0.00269959,0.00168725,0.19142823,0.19311548,939598533.62,15.9559
1675,4.5859,1.7149,14.5713,317.99,43850354.88,3838607.79,227274648.09,264988470.97,492263119.06,41240.60,2.86393073,0.00008435,0.00269915,0.00168697,0.19144922,0.19313619,939637774.22,15.9516
1676,4.5886,1.7146,14.5692,318.18,43855293.03,3838764.99,227307152.61,264997194.48,492304347.09,41228.03,2.86305785,0.00008433,0.00269871,0.00168669,0.19147022,0.19315692,939677002.25,15.9472
1677,4.5914,1.7144,14.5672,318.38,43860230.48,3838922.15,227339646.85,265005915.71,492345562.56,41215.47,2.86218525,0.00008432,0.00269826,0.00168641,0.19149123,0.19317765,939716217.72,15.9429
1678,4.5941,1.7142,14.5652,318.57,43865167.24,3839079.28,227372130.80,265014634.66,492386765.46,41202.91,2.86131293,0.00008431,0.00269782,0.00168614,0.19151225,0.19319839,939755420.63,15.9386
1679,4.5969,1.7139,14.5631,318.77,43870103.30,3839236.36,227404604.48,265023351.34,492427955.81,41190.35,2.86044090,0.00008429,0.00269738,0.00168586,0.19153328,0.19321914,939794610.97,15.9343
1680,4.5996,1.7137,14.5611,318.96,43875038.67,3839393.41,227437067.88,265032065.73,492469133.61,41177.80,2.85956915,0.00008428,0.00269693,0.00168558,0.19155432,0.19323990,939833788.77,15.9299
1681,4.6023,1.7134,14.5590,319.16,43879973.35,3839550.42,227469521.00,265040777.85,492510298.85,41165.25,2.85869769,0.00008427,0.00269649,0.00168531,0.19157536,0.19326067,939872954.02,15.9256
1682,4.6051,1.7132,14.5570,319.35,43884907.33,3839707.39,227501963.86,265049487.69,492551451.56,41152.70,2.85782652,0.00008425,0.00269605,0.00168503,0.19159642,0.19328145,939912106.72,15.9213
1683,4.6078,1.7129,14.5549,319.55,43889840.62,3839864.32,227534396.46,265058195.26,492592591.72,41140.16,2.85695562,0.00008424,0.00269561,0.00168475,0.19161748,0.19330223,939951246.88,15.9169
1684,4.6105,1.7127,14.5529,319.74,43894773.22,3840021.21,227566818.79,265066900.55,492633719.34,41127.62,2.85608502,0.00008422,0.00269516,0.00168448,0.19163855,0.19332303,939990374.50,15.9126
1685,4.6133,1.7125,14.5508,319.94,43899705.13,3840178.06,227599230.86,265075603.57,492674834.43,41115.09,2.85521470,0.00008421,0.00269472,0.00168420,0.19165963,0.19334383,940029489.60,15.9083
1686,4.6160,1.7122,14.5488,320.13,43904636.34,3840334.88,227631632.68,265084304.32,492715937.00,41102.56,2.85434466,0.00008420,0.00269428,0.00168392,0.19168072,0.19336465,940068592.16,15.9040
1687,4.6188,1.7120,14.5467,320.33,43909566.85,3840491.66,227664024.24,265093002.80,492757027.03,41090.04,2.85347490,0.00008418,0.00269383,0.00168365,0.19170182,0.19338547,940107682.20,15.8996
1688,4.6215,1.7117,14.5447,320.53,43914496.68,3840648.40,227696405.55,265101699.00,492798104.55,41077.52,2.85260544,0.00008417,0.00269339,0.00168337,0.19172293,0.19340630,940146759.72,15.8953
1689,4.6242,1.7115,14.5427,320.72,43919425.81,3840805.10,227728776.62,265110392.93,492839169.55,41065.00,2.85173625,0.00008415,0.00269295,0.00168309,0.19174404,0.19342714,940185824.72,15.8910
1690,4.6270,1.7113,14.5406,320.92,43924354.25,3840961.76,227761137.45,265119084.60,492880222.04,41052.49,2.85086735,0.00008414,0.00269251,0.00168282,0.19176517,0.19344799,940224877.21,15.8867
1691,4.6297,1.7110,14.5386,321.11,43929282.00,3841118.39,227793488.03,265127774.00,492921262.03,41039.98,2.84999873,0.00008413,0.00269207,0.00168254,0.19178630,0.19346884,940263917.19,15.8824
1692,4.6324,1.7108,14.5365,321.31,43934209.05,3841274.98,227825828.38,265136461.12,492962289.50,41027.48,2.84913040,0.00008411,0.00269162,0.00168226,0.19180744,0.19348971,940302944.67,15.8780
1693,4.6352,1.7105,14.5345,321.51,43939135.42,3841431.53,227858158.50,265145145.99,493003304.48,41014.98,2.84826235,0.00008410,0.00269118,0.00168199,0.19182860,0.19351059,940341959.64,15.8737
1694,4.6379,1.7103,14.5324,321.70,43944061.09,3841588.04,227890478.38,265153828.58,493044306.96,41002.48,2.84739458,0.00008409,0.00269074,0.00168171,0.19184976,0.19353147,940380962.13,15.8694
1695,4.6407,1.7101,14.5304,321.90,43948986.07,3841744.51,227922788.04,265162508.91,493085296.95,40989.99,2.84652710,0.00008407,0.00269030,0.00168144,0.19187093,0.19355236,940419952.12,15.8651
1696,4.6434,1.7098,14.5284,322.10,43953910.35,3841900.94,227955087.48,265171186.98,493126274.46,40977.50,2.84565990,0.00008406,0.00268986,0.00168116,0.19189210,0.19357326,940458929.62,15.8608
1697,4.6461,1.7096,14.5263,322.29,43958833.95,3842057.34,227987376.69,265179862.78,493167239.48,40965.02,2.84479299,0.00008404,0.00268942,0.00168088,0.19191329,0.19359417,940497894.64,15.8564
1698,4.6489,1.7093,14.5243,322.49,43963756.85,3842213.70,228019655.69,265188536.33,493208192.02,40952.54,2.84392636,0.00008403,0.00268897,0.00168061,0.19193449,0.19361509,940536847.18,15.8521
1699,4.6516,1.7091,14.5222,322.69,43968679.06,3842370.02,228051924.47,265197207.61,493249132.08,40940.06,2.84306001,0.00008402,0.00268853,0.00168033,0.19195569,0.19363602,940575787.24,15.8478
1700,4.6543,1.7089,14.5202,322.89,43973600.58,3842526.30,228084183.05,265205876.62,493290059.67,40927.59,2.84219394,0.00008400,0.00268809,0.00168006,0.19197690,0.19365696,940614714.83,15.8435
1701,4.6571,1.7086,14.5181,323.08,43978521.40,3842682.55,228116431.41,265214543.38,493330974.80,40915.13,2.84132816,0.00008399,0.00268765,0.00167978,0.19199812,0.19367791,940653629.96,15.8392
1702,4.6598,1.7084,14.5161,323.28,43983441.54,3842838.75,228148669.58,265223207.88,493371877.46,40902.66,2.84046266,0.00008398,0.00268721,0.00167951,0.19201935,0.19369886,940692532.62,15.8349
1703,4.6626,1.7081,14.5141,323.48,43988360.98,3842994.92,228180897.54,265231870.12,493412767.66,40890.20,2.83959744,0.00008396,0.00268677,0.00167923,0.19204059,0.19371982,940731422.83,15.8306
1704,4.6653,1.7079,14.5120,323.68,43993279.74,3843151.05,228213115.30,265240530.11,493453645.41,40877.75,2.83873250,0.00008395,0.00268633,0.00167895,0.19206184,0.19374080,940770300.57,15.8263
1705,4.6680,1.7077,14.5100,323.87,43998197.80,3843307.14,228245322.87,265249187.83,493494510.71,40865.30,2.83786785,0.00008393,0.00268589,0.00167868,0.19208310,0.19376178,940809165.87,15.8219
1706,4.6708,1.7074,14.5080,324.07,44003115.17,3843463.20,228277520.25,265257843.31,493535363.56,40852.85,2.83700348,0.00008392,0.00268545,0.00167840,0.19210436,0.19378277,940848018.72,15.8176
1707,4.6735,1.7072,14.5059,324.27,44008031.85,3843619.21,228309707.44,265266496.52,493576203.97,40840.41,2.83613939,0.00008391,0.00268500,0.00167813,0.19212564,0.19380377,940886859.13,15.8133
1708,4.6762,1.7069,14.5039,324.47,44012947.84,3843775.19,228341884.45,265275147.49,493617031.93,40827.97,2.83527559,0.00008389,0.00268456,0.00167785,0.19214692,0.19382478,940925687.10,15.8090
1709,4.6790,1.7067,14.5018,324.67,44017863.14,3843931.13,228374051.27,265283796.19,493657847.47,40815.53,2.83441206,0.00008388,0.00268412,0.00167758,0.19216821,0.19384579,940964502.63,15.8047
1710,4.6817,1.7065,14.4998,324.87,44022777.75,3844087.03,228406207.92,265292442.65,493698650.57,40803.10,2.83354882,0.00008387,0.00268368,0.00167730,0.19218952,0.19386682,941003305.73,15.8004
1711,4.6845,1.7062,14.4978,325.06,44027691.66,3844242.90,228438354.39,265301086.86,493739441.25,40790.68,2.83268586,0.00008385,0.00268324,0.00167703,0.19221082,0.19388785,941042096.41,15.7961
1712,4.6872,1.7060,14.4957,325.26,44032604.89,3844398.72,228470490.69,265309728.81,493780219.50,40778.25,2.83182319,0.00008384,0.00268280,0.00167675,0.19223214,0.19390890,941080874.66,15.7918
1713,4.6899,1.7057,14.4937,325.46,44037517.42,3844554.51,228502616.82,265318368.52,493820985.34,40765.84,2.83096079,0.00008382,0.00268236,0.00167648,0.19225347,0.19392995,941119640.50,15.7875
1714,4.6927,1.7055,14.4917,325.66,44042429.27,3844710.26,228534732.78,265327005.97,493861738.76,40753.42,2.83009868,0.00008381,0.00268192,0.00167620,0.19227481,0.19395101,941158393.92,15.7832
1715,4.6954,1.7053,14.4896,325.86,44047340.43,3844865.98,228566838.59,265335641.18,493902479.77,40741.01,2.82923684,0.00008380,0.00268148,0.00167593,0.19229615,0.19397208,941197134.93,15.7789
1716,4.6982,1.7050,14.4876,326.06,44052250.89,3845021.65,228598934.23,265344274.14,493943208.37,40728.60,2.82837529,0.00008378,0.00268104,0.00167565,0.19231750,0.19399316,941235863.53,15.7746
1717,4.7009,1.7048,14.4855,326.26,44057160.67,3845177.29,228631019.72,265352904.85,493983924.57,40716.20,2.82751402,0.00008377,0.00268060,0.00167538,0.19233887,0.19401424,941274579.74,15.7703
1718,4.7036,1.7045,14.4835,326.46,44062069.75,3845332.89,228663095.06,265361533.32,494024628.38,40703.80,2.82665303,0.00008376,0.00268016,0.00167510,0.19236024,0.19403534,941313283.54,15.7660
1719,4.7064,1.7043,14.4815,326.66,44066978.15,3845488.45,228695160.24,265370159.54,494065319.79,40691.41,2.82579232,0.00008374,0.00267972,0.00167483,0.19238162,0.19405645,941351974.95,15.7617
1720,4.7091,1.7041,14.4794,326.86,44071885.85,3845643.97,228727215.28,265378783.52,494105998.81,40679.02,2.82493190,0.00008373,0.00267928,0.00167455,0.19240301,0.19407756,941390653.97,15.7574
1721,4.7118,1.7038,14.4774,327.06,44076792.87,3845799.46,228759260.18,265387405.26,494146665.44,40666.63,2.82407175,0.00008371,0.00267885,0.00167428,0.19242440,0.19409868,941429320.60,15.7531
1722,4.7146,1.7036,14.4754,327.26,44081699.20,3845954.90,228791294.94,265396024.75,494187319.69,40654.25,2.82321189,0.00008370,0.00267841,0.00167400,0.19244581,0.19411981,941467974.85,15.7488
1723,4.7173,1.7033,14.4733,327.46,44086604.83,3846110.31,228823319.56,265404642.00,494227961.56,40641.87,2.82235230,0.00008369,0.00267797,0.00167373,0.19246722,0.19414095,941506616.73,15.7445
1724,4.7201,1.7031,14.4713,327.66,44091509.78,3846265.69,228855334.05,265413257.02,494268591.06,40629.50,2.82149300,0.00008367,0.00267753,0.00167346,0.19248865,0.19416210,941545246.23,15.7402
1725,4.7228,1.7029,14.4693,327.86,44096414.04,3846421.02,228887338.40,265421869.79,494309208.19,40617.13,2.82063397,0.00008366,0.00267709,0.00167318,0.19251008,0.19418326,941583863.35,15.7359
1726,4.7255,1.7026,14.4672,328.06,44101317.61,3846576.32,228919332.64,265430480.32,494349812.96,40604.76,2.81977523,0.00008365,0.00267665,0.00167291,0.19253152,0.19420443,941622468.12,15.7316
1727,4.7283,1.7024,14.4652,328.26,44106220.49,3846731.58,228951316.74,265439088.61,494390405.36,40592.40,2.81891677,0.00008363,0.00267621,0.00167263,0.19255297,0.19422560,941661060.52,15.7273
1728,4.7310,1.7021,14.4632,328.46,44111122.68,3846886.80,228983290.73,265447694.67,494430985.40,40580.04,2.81805858,0.00008362,0.00267577,0.00167236,0.19257443,0.19424679,941699640.56,15.7230
1729,4.7337,1.7019,14.4611,328.66,44116024.18,3847041.98,229015254.60,265456298.49,494471553.09,40567.69,2.81720068,0.00008360,0.00267533,0.00167208,0.19259590,0.19426798,941738208.25,15.7187
1730,4.7365,1.7017,14.4591,328.86,44120925.00,3847197.13,229047208.35,265464900.08,494512108.43,40555.34,2.81634306,0.00008359,0.00267490,0.00167181,0.19261737,0.19428918,941776763.59,15.7144
1731,4.7392,1.7014,14.4571,329.06,44125825.12,3847352.24,229079152.00,265473499.42,494552651.42,40542.99,2.81548572,0.00008358,0.00267446,0.00167154,0.19263886,0.19431039,941815306.59,15.7101
1732,4.7420,1.7012,14.4550,329.26,44130724.56,3847507.31,229111085.54,265482096.54,494593182.08,40530.65,2.81462865,0.00008356,0.00267402,0.00167126,0.19266035,0.19433161,941853837.24,15.7058
1733,4.7447,1.7010,14.4530,329.47,44135623.31,3847662.34,229143008.97,265490691.42,494633700.39,40518.31,2.81377187,0.00008355,0.00267358,0.00167099,0.19268185,0.19435284,941892355.55,15.7016
1734,4.7474,1.7007,14.4510,329.67,44140521.37,3847817.34,229174922.30,265499284.07,494674206.37,40505.98,2.81291537,0.00008354,0.00267314,0.00167071,0.19270336,0.19437408,941930861.54,15.6973
1735,4.7502,1.7005,14.4489,329.87,44145418.74,3847972.30,229206825.53,265507874.49,494714700.03,40493.65,2.81205914,0.00008352,0.00267270,0.00167044,0.19272488,0.19439532,941969355.19,15.6930
1736,4.7529,1.7002,14.4469,330.07,44150315.42,3848127.22,229238718.67,265516462.68,494755181.35,40481.33,2.81120320,0.00008351,0.00267227,0.00167017,0.19274641,0.19441658,942007836.51,15.6887
1737,4.7556,1.7000,14.4449,330.27,44155211.42,3848282.10,229270601.72,265525048.64,494795650.36,40469.00,2.81034753,0.00008349,0.00267183,0.00166989,0.19276795,0.19443784,942046305.52,15.6844
1738,4.7584,1.6998,14.4429,330.47,44160106.73,3848436.94,229302474.68,265533632.37,494836107.04,40456.69,2.80949215,0.00008348,0.00267139,0.00166962,0.19278950,0.19445911,942084762.21,15.6801
1739,4.7611,1.6995,14.4408,330.68,44165001.35,3848591.75,229334337.55,265542213.87,494876551.42,40444.37,2.80863704,0.00008347,0.00267095,0.00166935,0.19281105,0.19448039,942123206.58,15.6758
1740,4.7639,1.6993,14.4388,330.88,44169895.28,3848746.52,229366190.34,265550793.14,494916983.48,40432.06,2.80778221,0.00008345,0.00267051,0.00166907,0.19283261,0.19450168,942161638.64,15.6715
1741,4.7666,1.6990,14.4368,331.08,44174788.52,3848901.25,229398033.05,265559370.19,494957403.24,40419.76,2.80692766,0.00008344,0.00267008,0.00166880,0.19285418,0.19452298,942200058.40,15.6673
1742,4.7693,1.6988,14.4347,331.28,44179681.08,3849055.95,229429865.69,265567945.01,494997810.69,40407.46,2.80607339,0.00008343,0.00266964,0.00166852,0.19287577,0.19454429,942238465.86,15.6630
1743,4.7721,1.6986,14.4327,331.49,44184572.95,3849210.61,229461688.25,265576517.60,495038205.85,40395.16,2.80521940,0.00008341,0.00266920,0.00166825,0.19289735,0.19456561,942276861.02,15.6587
1744,4.7748,1.6983,14.4307,331.69,44189464.13,3849365.23,229493500.75,265585087.97,495078588.72,40382.87,2.80436569,0.00008340,0.00266876,0.00166798,0.19291895,0.19458693,942315243.88,15.6544
1745,4.7775,1.6981,14.4287,331.89,44194354.62,3849519.81,229525303.17,265593656.12,495118959.30,40370.58,2.80351225,0.00008339,0.00266833,0.00166770,0.19294056,0.19460826,942353614.46,15.6501
1746,4.7803,1.6978,14.4266,332.09,44199244.43,3849674.35,229557095.54,265602222.05,495159317.59,40358.29,2.80265910,0.00008337,0.00266789,0.00166743,0.19296218,0.19462961,942391972.75,15.6459
1747,4.7830,1.6976,14.4246,332.30,44204133.55,3849828.86,229588877.85,265610785.75,495199663.60,40346.01,2.80180622,0.00008336,0.00266745,0.00166716,0.19298380,0.19465096,942430318.76,15.6416
1748,4.7858,1.6974,14.4226,332.50,44209021.98,3849983.33,229620650.09,265619347.24,495239997.33,40333.73,2.80095362,0.00008334,0.00266702,0.00166689,0.19300543,0.19467232,942468652.49,15.6373
1749,4.7885,1.6971,14.4205,332.70,44213909.73,3850137.76,229652412.29,265627906.50,495280318.79,40321.46,2.80010130,0.00008333,0.00266658,0.00166661,0.19302707,0.19469369,942506973.95,15.6330
1750,4.7912,1.6969,14.4185,332.91,44218796.79,3850292.16,229684164.43,265636463.54,495320627.98,40309.19,2.79924925,0.00008332,0.00266614,0.00166634,0.19304872,0.19471506,942545283.14,15.6287
1751,4.7940,1.6967,14.4165,333.11,44223683.16,3850446.52,229715906.53,265645018.37,495360924.90,40296.92,2.79839749,0.00008330,0.00266571,0.00166607,0.19307038,0.19473645,942583580.06,15.6245
1752,4.7967,1.6964,14.4145,333.32,44228568.84,3850600.84,229747638.59,265653570.98,495401209.56,40284.66,2.79754600,0.00008329,0.00266527,0.00166579,0.19309205,0.19475784,942621864.73,15.6202
1753,4.7995,1.6962,14.4124,333.52,44233453.84,3850755.12,229779360.60,265662121.37,495441481.97,40272.40,2.79669479,0.00008328,0.00266483,0.00166552,0.19311373,0.19477925,942660137.13,15.6159
1754,4.8022,1.6959,14.4104,333.72,44238338.16,3850909.37,229811072.58,265670669.54,495481742.12,40260.15,2.79584386,0.00008326,0.00266440,0.00166525,0.19313541,0.19480066,942698397.28,15.6116
1755,4.8049,1.6957,14.4084,333.93,44243221.78,3851063.58,229842774.52,265679215.50,495521990.02,40247.90,2.79499320,0.00008325,0.00266396,0.00166498,0.19315711,0.19482208,942736645.18,15.6074
1756,4.8077,1.6955,14.4064,334.13,44248104.72,3851217.75,229874466.43,265687759.25,495562225.68,40235.66,2.79414282,0.00008324,0.00266352,0.00166470,0.19317881,0.19484351,942774880.84,15.6031
1757,4.8104,1.6952,14.4043,334.34,44252986.98,3851371.88,229906148.31,265696300.78,495602449.09,40223.42,2.79329272,0.00008322,0.00266309,0.00166443,0.19320052,0.19486495,942813104.26,15.5988
1758,4.8131,1.6950,14.4023,334.54,44257868.55,3851525.98,229937820.17,265704840.10,495642660.27,40211.18,2.79244290,0.00008321,0.00266265,0.00166416,0.19322224,0.19488640,942851315.43,15.5946
1759,4.8159,1.6948,14.4003,334.74,44262749.43,3851680.04,229969482.00,265713377.21,495682859.22,40198.94,2.79159335,0.00008319,0.00266222,0.00166389,0.19324397,0.19490785,942889514.38,15.5903
1760,4.8186,1.6945,14.3983,334.95,44267629.62,3851834.06,230001133.82,265721912.11,495723045.93,40186.71,2.79074409,0.00008318,0.00266178,0.00166361,0.19326571,0.19492932,942927701.09,15.5860
1761,4.8214,1.6943,14.3962,335.15,44272509.13,3851988.04,230032775.62,265730444.80,495763220.42,40174.49,2.78989509,0.00008317,0.00266134,0.00166334,0.19328745,0.19495079,942965875.58,15.5818
1762,4.8241,1.6940,14.3942,335.36,44277387.96,3852141.99,230064407.41,265738975.28,495803382.69,40162.27,2.78904638,0.00008315,0.00266091,0.00166307,0.19330921,0.19497227,943004037.85,15.5775
1763,4.8268,1.6938,14.3922,335.56,44282266.10,3852295.90,230096029.19,265747503.54,495843532.74,40150.05,2.78819794,0.00008314,0.00266047,0.00166280,0.19333097,0.19499376,943042187.90,15.5732
1764,4.8296,1.6936,14.3902,335.77,44287143.55,3852449.77,230127640.97,265756029.61,495883670.58,40137.84,2.78734978,0.00008313,0.00266004,0.00166252,0.19335274,0.19501526,943080325.74,15.5690
1765,4.8323,1.6933,14.3882,335.97,44292020.32,3852603.61,230159242.74,265764553.46,495923796.20,40125.63,2.78650189,0.00008311,0.00265960,0.00166225,0.19337452,0.19503677,943118451.37,15.5647
1766,4.8350,1.6931,14.3861,336.18,44296896.40,3852757.41,230190834.51,265773075.11,495963909.62,40113.42,2.78565428,0.00008310,0.00265917,0.00166198,0.19339631,0.19505829,943156564.79,15.5604
1767,4.8378,1.6928,14.3841,336.39,44301771.80,3852911.17,230222416.29,265781594.55,496004010.84,40101.22,2.78480695,0.00008309,0.00265873,0.00166171,0.19341811,0.19507982,943194666.01,15.5562
1768,4.8405,1.6926,14.3821,336.59,44306646.51,3853064.89,230253988.07,265790111.79,496044099.87,40089.02,2.78395989,0.00008307,0.00265830,0.00166144,0.19343991,0.19510135,943232755.03,15.5519
1769,4.8433,1.6924,14.3801,336.80,44311520.54,3853218.58,230285549.87,265798626.83,496084176.70,40076.83,2.78311311,0.00008306,0.00265786,0.00166116,0.19346173,0.19512289,943270831.86,15.5476
1770,4.8460,1.6921,14.3781,337.00,44316393.88,3853372.23,230317101.67,265807139.66,496124241.33,40064.64,2.78226661,0.00008304,0.00265743,0.00166089,0.19348355,0.19514445,943308896.50,15.5434
1771,4.8487,1.6919,14.3760,337.21,44321266.54,3853525.84,230348643.50,265815650.29,496164293.79,40052.45,2.78142038,0.00008303,0.00265699,0.00166062,0.19350539,0.19516601,943346948.95,15.5391
1772,4.8515,1.6917,14.3740,337.42,44326138.52,3853679.41,230380175.34,265824158.72,496204334.06,40040.27,2.78057443,0.00008302,0.00265656,0.00166035,0.19352723,0.19518758,943384989.22,15.5349
1773,4.8542,1.6914,14.3720,337.62,44331009.80,3853832.95,230411697.20,265832664.95,496244362.15,40028.09,2.77972875,0.00008300,0.00265612,0.00166008,0.19354908,0.19520915,943423017.32,15.5306
1774,4.8569,1.6912,14.3700,337.83,44335880.41,3853986.45,230443209.10,265841168.98,496284378.07,40015.92,2.77888335,0.00008299,0.00265569,0.00165980,0.19357094,0.19523074,943461033.24,15.5263
1775,4.8597,1.6909,14.3680,338.03,44340750.33,3854139.92,230474711.02,265849670.81,496324381.82,40003.75,2.77803822,0.00008298,0.00265525,0.00165953,0.19359280,0.19525234,943499036.99,15.5221
1776,4.8624,1.6907,14.3659,338.24,44345619.56,3854293.35,230506202.97,265858170.44,496364373.41,39991.58,2.77719337,0.00008296,0.00265482,0.00165926,0.19361468,0.19527394,943537028.57,15.5178
1777,4.8652,1.6905,14.3639,338.45,44350488.11,3854446.73,230537684.96,265866667.88,496404352.83,39979.42,2.77634879,0.00008295,0.00265438,0.00165899,0.19363656,0.19529555,943575007.99,15.5136
1778,4.8679,1.6902,14.3619,338.66,44355355.98,3854600.09,230569156.98,265875163.12,496444320.10,39967.26,2.77550449,0.00008294,0.00265395,0.00165872,0.19365846,0.19531717,943612975.26,15.5093
1779,4.8706,1.6900,14.3599,338.86,44360223.16,3854753.40,230600619.05,265883656.16,496484275.21,39955.11,2.77466047,0.00008292,0.00265352,0.00165845,0.19368036,0.19533880,943650930.37,15.5051
1780,4.8734,1.6898,14.3579,339.07,44365089.66,3854906.68,230632071.16,265892147.01,496524218.17,39942.96,2.77381672,0.00008291,0.00265308,0.00165818,0.19370227,0.19536044,943688873.33,15.5008
1781,4.8761,1.6895,14.3558,339.28,44369955.48,3855059.92,230663513.32,265900635.66,496564148.98,39930.81,2.77297325,0.00008290,0.00265265,0.00165790,0.19372419,0.19538209,943726804.15,15.4965
1782,4.8789,1.6893,14.3538,339.48,44374820.61,3855213.13,230694945.53,265909122.12,496604067.66,39918.67,2.77213004,0.00008288,0.00265221,0.00165763,0.19374611,0.19540375,943764722.82,15.4923
1783,4.8816,1.6890,14.3518,339.69,44379685.06,3855366.30,230726367.80,265917606.39,496643974.19,39906.53,2.77128712,0.00008287,0.00265178,0.00165736,0.19376805,0.19542541,943802629.35,15.4880
1784,4.8843,1.6888,14.3498,339.90,44384548.82,3855519.43,230757780.12,265926088.47,496683868.59,39894.40,2.77044447,0.00008285,0.00265135,0.00165709,0.19379000,0.19544709,943840523.75,15.4838
1785,4.8871,1.6886,14.3478,340.11,44389411.90,3855672.52,230789182.50,265934568.36,496723750.86,39882.27,2.76960209,0.00008284,0.00265091,0.00165682,0.19381195,0.19546877,943878406.02,15.4795
1786,4.8898,1.6883,14.3458,340.32,44394274.30,3855825.58,230820574.95,265943046.06,496763621.00,39870.14,2.76875999,0.00008283,0.00265048,0.00165655,0.19383391,0.19549046,943916276.17,15.4753
1787,4.8925,1.6881,14.3437,340.52,44399136.02,3855978.60,230851957.46,265951521.57,496803479.03,39858.02,2.76791816,0.00008281,0.00265005,0.00165628,0.19385588,0.19551216,943954134.19,15.4710
1788,4.8953,1.6879,14.3417,340.73,44403997.05,3856131.58,230883330.04,265959994.89,496843324.93,39845.90,2.76707661,0.00008280,0.00264961,0.00165601,0.19387786,0.19553387,943991980.09,15.4668
1789,4.8980,1.6876,14.3397,340.94,44408857.40,3856284.52,230914692.70,265968466.02,496883158.72,39833.79,2.76623533,0.00008279,0.00264918,0.00165574,0.19389985,0.19555558,944029813.88,15.4626
1790,4.9008,1.6874,14.3377,341.15,44413717.06,3856437.43,230946045.43,265976934.96,496922980.40,39821.68,2.76539433,0.00008277,0.00264875,0.00165547,0.19392184,0.19557731,944067635.56,15.4583
1791,4.9035,1.6871,14.3357,341.36,44418576.04,3856590.31,230977388.24,265985401.72,496962789.97,39809.57,2.76455360,0.00008276,0.00264831,0.00165520,0.19394385,0.19559904,944105445.13,15.4541
1792,4.9062,1.6869,14.3337,341.57,44423434.34,3856743.14,231008721.14,265993866.30,497002587.44,39797.47,2.76371314,0.00008275,0.00264788,0.00165492,0.19396586,0.19562079,944143242.60,15.4498
1793,4.9090,1.6867,14.3317,341.78,44428291.96,3856895.94,231040044.12,266002328.69,497042372.81,39785.37,2.76287295,0.00008273,0.00264745,0.00165465,0.19398789,0.19564254,944181027.97,15.4456
1794,4.9117,1.6864,14.3296,341.98,44433148.89,3857048.70,231071357.19,266010788.90,497082146.08,39773.28,2.76203304,0.00008272,0.00264701,0.00165438,0.19400992,0.19566430,944218801.25,15.4413
1795,4.9144,1.6862,14.3276,342.19,44438005.14,3857201.43,231102660.35,266019246.92,497121907.27,39761.19,2.76119341,0.00008271,0.00264658,0.00165411,0.19403196,0.19568607,944256562.43,15.4371
1796,4.9172,1.6860,14.3256,342.40,44442860.71,3857354.11,231133953.60,266027702.77,497161656.37,39749.10,2.76035405,0.00008269,0.00264615,0.00165384,0.19405400,0.19570785,944294311.53,15.4328
1797,4.9199,1.6857,14.3236,342.61,44447715.60,3857506.76,231165236.95,266036156.43,497201393.38,39737.02,2.75951496,0.00008268,0.00264572,0.00165357,0.19407606,0.19572963,944332048.54,15.4286
1798,4.9227,1.6855,14.3216,342.82,44452569.81,3857659.38,231196510.41,266044607.91,497241118.32,39724.94,2.75867614,0.00008267,0.00264528,0.00165330,0.19409813,0.19575143,944369773.48,15.4244
1799,4.9254,1.6853,14.3196,343.03,44457423.33,3857811.96,231227773.97,266053057.21,497280831.18,39712.86,2.75783760,0.00008265,0.00264485,0.00165303,0.19412020,0.19577323,944407486.34,15.4201
1800,4.9281,1.6850,14.3176,343.24,44462276.17,3857964.50,231259027.63,266061504.34,497320531.97,39700.79,2.75699933,0.00008264,0.00264442,0.00165276,0.19414228,0.19579504,944445187.13,15.4159
1801,4.9309,1.6848,14.3156,343.45,44467128.33,3858117.00,231290271.41,266069949.28,497360220.69,39688.72,2.75616133,0.00008262,0.00264399,0.00165249,0.19416437,0.19581687,944482875.86,15.4117
1802,4.9336,1.6845,14.3135,343.66,44471979.80,3858269.47,231321505.30,266078392.05,497399897.35,39676.66,2.75532361,0.00008261,0.00264355,0.00165222,0.19418647,0.19583870,944520552.52,15.4074
1803,4.9363,1.6843,14.3115,343.87,44476830.60,3858421.90,231352729.31,266086832.64,497439561.95,39664.60,2.75448616,0.00008260,0.00264312,0.00165195,0.19420858,0.19586053,944558217.12,15.4032
1804,4.9391,1.6841,14.3095,344.08,44481680.71,3858574.29,231383943.44,266095271.06,497479214.50,39652.55,2.75364898,0.00008258,0.00264269,0.00165168,0.19423070,0.19588238,944595869.66,15.3989
1805,4.9418,1.6838,14.3075,344.29,44486530.14,3858726.65,231415147.69,266103707.30,497518854.99,39640.49,2.75281207,0.00008257,0.00264226,0.00165141,0.19425282,0.19590424,944633510.16,15.3947
1806,4.9446,1.6836,14.3055,344.50,44491378.90,3858878.97,231446342.07,266112141.37,497558483.44,39628.45,2.75197544,0.00008256,0.00264183,0.00165114,0.19427496,0.19592610,944671138.60,15.3905
1807,4.9473,1.6834,14.3035,344.71,44496226.96,3859031.25,231477526.57,266120573.27,497598099.84,39616.40,2.75113908,0.00008254,0.00264139,0.00165087,0.19429710,0.19594797,944708755.00,15.3862
1808,4.9500,1.6831,14.3015,344.92,44501074.35,3859183.50,231508701.21,266129002.99,497637704.20,39604.36,2.75030299,0.00008253,0.00264096,0.00165060,0.19431925,0.19596985,944746359.37,15.3820
1809,4.9528,1.6829,14.2995,345.13,44505921.06,3859335.71,231539865.99,266137430.54,497677296.53,39592.33,2.74946717,0.00008252,0.00264053,0.00165033,0.19434141,0.19599174,944783951.69,15.3778
1810,4.9555,1.6826,14.2975,345.35,44510767.09,3859487.88,231571020.90,266145855.92,497716876.83,39580.30,2.74863163,0.00008250,0.00264010,0.00165006,0.19436358,0.19601364,944821531.99,15.3736
1811,4.9582,1.6824,14.2954,345.56,44515612.43,3859640.02,231602165.96,266154279.14,497756445.10,39568.27,2.74779635,0.00008249,0.00263967,0.00164979,0.19438576,0.19603555,944859100.26,15.3693
1812,4.9610,1.6822,14.2934,345.77,44520457.09,3859792.12,231633301.16,266162700.18,497796001.34,39556.24,2.74696135,0.00008248,0.00263924,0.00164952,0.19440794,0.19605747,944896656.50,15.3651
1813,4.9637,1.6819,14.2914,345.98,44525301.08,3859944.18,231664426.51,266171119.05,497835545.56,39544.22,2.74612662,0.00008246,0.00263881,0.00164925,0.19443014,0.19607939,944934200.72,15.3609
1814,4.9665,1.6817,14.2894,346.19,44530144.38,3860096.21,231695542.01,266179535.76,497875077.77,39532.21,2.74529217,0.00008245,0.00263837,0.00164898,0.19445234,0.19610132,944971732.93,15.3566
1815,4.9692,1.6815,14.2874,346.40,44534987.00,3860248.20,231726647.66,266187950.30,497914597.96,39520.19,2.74445798,0.00008244,0.00263794,0.00164871,0.19447455,0.19612327,945009253.13,15.3524
1816,4.9719,1.6812,14.2854,346.61,44539828.94,3860400.15,231757743.48,266196362.67,497954106.15,39508.19,2.74362407,0.00008242,0.00263751,0.00164845,0.19449677,0.19614522,945046761.31,15.3482
1817,4.9747,1.6810,14.2834,346.83,44544670.20,3860552.07,231788829.45,266204772.88,497993602.33,39496.18,2.74279043,0.00008241,0.00263708,0.00164818,0.19451900,0.19616718,945084257.50,15.3440
1818,4.9774,1.6808,14.2814,347.04,44549510.78,3860703.95,231819905.59,266213180.93,498033086.51,39484.18,2.74195705,0.00008240,0.00263665,0.00164791,0.19454124,0.19618914,945121741.68,15.3397
1819,4.9802,1.6805,14.2794,347.25,44554350.68,3860855.79,231850971.89,266221586.81,498072558.70,39472.18,2.74112395,0.00008238,0.00263622,0.00164764,0.19456348,0.19621112,945159213.86,15.3355
1820,4.9829,1.6803,14.2774,347.46,44559189.91,3861007.60,231882028.36,266229990.53,498112018.89,39460.19,2.74029113,0.00008237,0.00263579,0.00164737,0.19458574,0.19623310,945196674.05,15.3313
1821,4.9856,1.6800,14.2754,347.68,44564028.45,3861159.37,231913075.01,266238392.09,498151467.09,39448.20,2.73945857,0.00008235,0.00263536,0.00164710,0.19460800,0.19625510,945234122.26,15.3271
1822,4.9884,1.6798,14.2734,347.89,44568866.31,3861311.11,231944111.83,266246791.48,498190903.31,39436.22,2.73862628,0.00008234,0.00263493,0.00164683,0.19463027,0.19627710,945271558.48,15.3228
1823,4.9911,1.6796,14.2714,348.10,44573703.49,3861462.81,231975138.83,266255188.72,498230327.55,39424.24,2.73779427,0.00008233,0.00263450,0.00164656,0.19465255,0.19629911,945308982.71,15.3186
1824,4.9938,1.6793,14.2694,348.31,44578539.99,3861614.47,232006156.02,266263583.79,498269739.81,39412.26,2.73696252,0.00008231,0.00263407,0.00164629,0.19467484,0.19632113,945346394.97,15.3144
1825,4.9966,1.6791,14.2674,348.53,44583375.81,3861766.09,232037163.39,266271976.71,498309140.10,39400.29,2.73613105,0.00008230,0.00263364,0.00164602,0.19469713,0.19634316,945383795.26,15.3102
1826,4.9993,1.6789,14.2653,348.74,44588210.95,3861917.68,232068160.95,266280367.47,498348528.42,39388.32,2.73529984,0.00008229,0.00263321,0.00164576,0.19471944,0.19636519,945421183.58,15.3060
1827,5.0021,1.6786,14.2633,348.95,44593045.41,3862069.23,232099148.70,266288756.07,498387904.77,39376.35,2.73446891,0.00008227,0.00263278,0.00164549,0.19474175,0.19638724,945458559.93,15.3018
1828,5.0048,1.6784,14.2613,349.17,44597879.20,3862220.75,232130126.64,266297142.52,498427269.16,39364.39,2.73363824,0.00008226,0.00263235,0.00164522,0.19476408,0.19640929,945495924.32,15.2975
1829,5.0075,1.6782,14.2593,349.38,44602712.30,3862372.23,232161094.78,266305526.81,498466621.59,39352.43,2.73280785,0.00008225,0.00263192,0.00164495,0.19478641,0.19643136,945533276.75,15.2933
1830,5.0103,1.6779,14.2573,349.59,44607544.73,3862523.67,232192053.13,266313908.94,498505962.07,39340.48,2.73197773,0.00008223,0.00263149,0.00164468,0.19480875,0.19645343,945570617.23,15.2891
1831,5.0130,1.6777,14.2553,349.81,44612376.47,3862675.08,232223001.67,266322288.93,498545290.60,39328.53,2.73114788,0.00008222,0.00263106,0.00164441,0.19483109,0.19647551,945607945.76,15.2849
1832,5.0157,1.6775,14.2533,350.02,44617207.54,3862826.45,232253940.43,266330666.75,498584607.18,39316.58,2.73031829,0.00008221,0.00263063,0.00164414,0.19485345,0.19649759,945645262.35,15.2807
1833,5.0185,1.6772,14.2513,350.24,44622037.93,3862977.78,232284869.39,266339042.43,498623911.83,39304.64,2.72948898,0.00008219,0.00263020,0.00164388,0.19487582,0.19651969,945682566.99,15.2765
1834,5.0212,1.6770,14.2493,350.45,44626867.63,3863129.08,232315788.57,266347415.96,498663204.53,39292.70,2.72865994,0.00008218,0.00262977,0.00164361,0.19489819,0.19654180,945719859.69,15.2723
1835,5.0240,1.6767,14.2473,350.66,44631696.66,3863280.34,232346697.97,266355787.33,498702485.30,39280.77,2.72783116,0.00008217,0.00262934,0.00164334,0.19492057,0.19656391,945757140.46,15.2680
1836,5.0267,1.6765,14.2453,350.88,44636525.02,3863431.56,232377597.58,266364156.55,498741754.14,39268.84,2.72700266,0.00008215,0.00262891,0.00164307,0.19494296,0.19658603,945794409.30,15.2638
1837,5.0294,1.6763,14.2433,351.09,44641352.69,3863582.75,232408487.42,266372523.63,498781011.05,39256.91,2.72617443,0.00008214,0.00262848,0.00164280,0.19496536,0.19660816,945831666.21,15.2596
1838,5.0322,1.6760,14.2413,351.31,44646179.68,3863733.90,232439367.48,266380888.55,498820256.04,39244.99,2.72534646,0.00008213,0.00262805,0.00164253,0.19498777,0.19663030,945868911.20,15.2554
1839,5.0349,1.6758,14.2393,351.52,44651006.00,3863885.02,232470237.78,266389251.33,498859489.11,39233.07,2.72451877,0.00008211,0.00262763,0.00164227,0.19501019,0.19665245,945906144.27,15.2512
1840,5.0376,1.6756,14.2373,351.74,44655831.64,3864036.10,232501098.30,266397611.96,498898710.26,39221.16,2.72369134,0.00008210,0.00262720,0.00164200,0.19503261,0.19667461,945943365.42,15.2470
1841,5.0404,1.6753,14.2353,351.95,44660656.60,3864187.14,232531949.06,266405970.45,498937919.51,39209.24,2.72286418,0.00008209,0.00262677,0.00164173,0.19505504,0.19669677,945980574.67,15.2428
1842,5.0431,1.6751,14.2333,352.17,44665480.88,3864338.15,232562790.06,266414326.79,498977116.84,39197.34,2.72203729,0.00008207,0.00262634,0.00164146,0.19507749,0.19671895,946017772.01,15.2386
1843,5.0459,1.6749,14.2313,352.38,44670304.49,3864489.12,232593621.30,266422680.98,499016302.28,39185.43,2.72121067,0.00008206,0.00262591,0.00164119,0.19509994,0.19674113,946054957.44,15.2344
1844,5.0486,1.6746,14.2293,352.60,44675127.41,3864640.05,232624442.78,266431033.03,499055475.81,39173.53,2.72038432,0.00008205,0.00262548,0.00164093,0.19512239,0.19676332,946092130.97,15.2302
1845,5.0513,1.6744,14.2273,352.81,44679949.66,3864790.95,232655254.51,266439382.94,499094637.45,39161.64,2.71955824,0.00008203,0.00262505,0.00164066,0.19514486,0.19678552,946129292.61,15.2260
1846,5.0541,1.6742,14.2253,353.03,44684771.23,3864941.81,232686056.49,266447730.71,499133787.20,39149.75,2.71873243,0.00008202,0.00262463,0.00164039,0.19516734,0.19680773,946166442.36,15.2218
1847,5.0568,1.6739,14.2233,353.25,44689592.13,3865092.64,232716848.72,266456076.33,499172925.06,39137.86,2.71790688,0.00008201,0.00262420,0.00164012,0.19518982,0.19682995,946203580.22,15.2176
1848,5.0595,1.6737,14.2213,353.46,44694412.34,3865243.43,232747631.22,266464419.81,499212051.03,39125.98,2.71708161,0.00008199,0.00262377,0.00163986,0.19521231,0.19685217,946240706.19,15.2134
1849,5.0623,1.6735,14.2193,353.68,44699231.88,3865394.18,232778403.97,266472761.16,499251165.13,39114.10,2.71625660,0.00008198,0.00262334,0.00163959,0.19523482,0.19687440,946277820.29,15.2092
1850,5.0650,1.6732,14.2173,353.90,44704050.74,3865544.90,232809166.98,266481100.36,499290267.34,39102.22,2.71543186,0.00008197,0.00262291,0.00163932,0.19525733,0.19689665,946314922.51,15.2050
1851,5.0678,1.6730,14.2153,354.11,44708868.93,3865695.58,232839920.26,266489437.43,499329357.69,39090.35,2.71460739,0.00008195,0.00262249,0.00163905,0.19527984,0.19691890,946352012.85,15.2008
1852,5.0705,1.6727,14.2133,354.33,44713686.44,3865846.23,232870663.81,266497772.36,499368436.17,39078.48,2.71378319,0.00008194,0.00262206,0.00163879,0.19530237,0.19694116,946389091.33,15.1966
1853,5.0732,1.6725,14.2113,354.54,44718503.27,3865996.83,232901397.63,266506105.15,499407502.78,39066.61,2.71295925,0.00008193,0.00262163,0.00163852,0.19532491,0.19696342,946426157.95,15.1924
1854,5.0760,1.6723,14.2093,354.76,44723319.42,3866147.41,232932121.73,266514435.81,499446557.53,39054.75,2.71213558,0.00008191,0.00262120,0.00163825,0.19534745,0.19698570,946463212.70,15.1882
1855,5.0787,1.6720,14.2073,354.98,44728134.90,3866297.94,232962836.10,266522764.33,499485600.43,39042.90,2.71131218,0.00008190,0.00262077,0.00163798,0.19537000,0.19700799,946500255.59,15.1840
1856,5.0815,1.6718,14.2053,355.20,44732949.70,3866448.44,232993540.76,266531090.72,499524631.47,39031.04,2.71048905,0.00008189,0.00262035,0.00163772,0.19539256,0.19703028,946537286.64,15.1798
1857,5.0842,1.6716,14.2033,355.41,44737763.82,3866598.91,233024235.70,266539414.97,499563650.67,39019.19,2.70966619,0.00008187,0.00261992,0.00163745,0.19541513,0.19705258,946574305.83,15.1756
1858,5.0869,1.6713,14.2013,355.63,44742577.27,3866749.34,233054920.92,266547737.09,499602658.01,39007.35,2.70884359,0.00008186,0.00261949,0.00163718,0.19543771,0.19707489,946611313.18,15.1714
1859,5.0897,1.6711,14.1993,355.85,44747390.04,3866899.73,233085596.44,266556057.08,499641653.52,38995.51,2.70802126,0.00008185,0.00261907,0.00163692,0.19546030,0.19709721,946648308.68,15.1672
1860,5.0924,1.6709,14.1973,356.07,44752202.13,3867050.09,233116262.25,266564374.94,499680637.19,38983.67,2.70719920,0.00008183,0.00261864,0.00163665,0.19548289,0.19711954,946685292.35,15.1630
1861,5.0951,1.6706,14.1954,356.28,44757013.55,3867200.41,233146918.36,266572690.66,499719609.02,38971.83,2.70637740,0.00008182,0.00261821,0.00163638,0.19550549,0.19714188,946722264.19,15.1588
1862,5.0979,1.6704,14.1934,356.50,44761824.30,3867350.69,233177564.77,266581004.26,499758569.03,38960.00,2.70555588,0.00008181,0.00261778,0.00163612,0.19552811,0.19716422,946759224.19,15.1547
1863,5.1006,1.6702,14.1914,356.72,44766634.36,3867500.94,233208201.48,266589315.73,499797517.21,38948.18,2.70473461,0.00008179,0.00261736,0.00163585,0.19555073,0.19718657,946796172.37,15.1505
1864,5.1034,1.6699,14.1894,356.94,44771443.75,3867651.15,233238828.49,266597625.07,499836453.56,38936.36,2.70391362,0.00008178,0.00261693,0.00163558,0.19557335,0.19720894,946833108.72,15.1463
1865,5.1061,1.6697,14.1874,357.16,44776252.47,3867801.33,233269445.82,266605932.28,499875378.10,38924.54,2.70309289,0.00008177,0.00261650,0.00163532,0.19559599,0.19723131,946870033.26,15.1421
1866,5.1088,1.6695,14.1854,357.37,44781060.51,3867951.47,233300053.46,266614237.36,499914290.82,38912.72,2.70227243,0.00008175,0.00261608,0.00163505,0.19561864,0.19725368,946906945.99,15.1379
1867,5.1116,1.6692,14.1834,357.59,44785867.87,3868101.57,233330651.41,266622540.32,499953191.73,38900.91,2.70145224,0.00008174,0.00261565,0.00163478,0.19564129,0.19727607,946943846.90,15.1337
1868,5.1143,1.6690,14.1814,357.81,44790674.56,3868251.64,233361239.68,266630841.16,499992080.84,38889.11,2.70063231,0.00008173,0.00261522,0.00163452,0.19566395,0.19729847,946980736.00,15.1295
1869,5.1170,1.6688,14.1794,358.03,44795480.57,3868401.67,233391818.27,266639139.87,500030958.14,38877.30,2.69981265,0.00008171,0.00261480,0.00163425,0.19568662,0.19732087,947017613.31,15.1253
1870,5.1198,1.6685,14.1774,358.25,44800285.91,3868551.67,233422387.19,266647436.46,500069823.65,38865.50,2.69899326,0.00008170,0.00261437,0.00163398,0.19570930,0.19734329,947054478.81,15.1212
1871,5.1225,1.6683,14.1754,358.47,44805090.57,3868701.63,233452946.43,266655730.92,500108677.35,38853.71,2.69817413,0.00008169,0.00261395,0.00163372,0.19573199,0.19736571,947091332.52,15.1170
1872,5.1253,1.6681,14.1734,358.69,44809894.55,3868851.55,233483496.01,266664023.26,500147519.27,38841.92,2.69735527,0.00008167,0.00261352,0.00163345,0.19575469,0.19738814,947128174.43,15.1128
1873,5.1280,1.6678,14.1714,358.91,44814697.87,3869001.44,233514035.91,266672313.48,500186349.40,38830.13,2.69653667,0.00008166,0.00261309,0.00163318,0.19577739,0.19741058,947165004.56,15.1086
1874,5.1307,1.6676,14.1694,359.13,44819500.50,3869151.30,233544566.16,266680601.58,500225167.74,38818.34,2.69571834,0.00008165,0.00261267,0.00163292,0.19580010,0.19743302,947201822.90,15.1044
1875,5.1335,1.6673,14.1675,359.35,44824302.46,3869301.11,233575086.74,266688887.56,500263974.30,38806.56,2.69490028,0.00008163,0.00261224,0.00163265,0.19582283,0.19745548,947238629.47,15.1003
1876,5.1362,1.6671,14.1655,359.57,44829103.75,3869450.89,233605597.67,266697171.42,500302769.09,38794.79,2.69408248,0.00008162,0.00261182,0.00163239,0.19584556,0.19747794,947275424.26,15.0961
1877,5.1389,1.6669,14.1635,359.79,44833904.36,3869600.64,233636098.94,266705453.17,500341552.11,38783.02,2.69326495,0.00008161,0.00261139,0.00163212,0.19586829,0.19750041,947312207.27,15.0919
1878,5.1417,1.6666,14.1615,360.01,44838704.30,3869750.35,233666590.56,266713732.79,500380323.35,38771.25,2.69244768,0.00008159,0.00261097,0.00163185,0.19589104,0.19752289,947348978.52,15.0877
1879,5.1444,1.6664,14.1595,360.23,44843503.56,3869900.02,233697072.53,266722010.30,500419082.84,38759.48,2.69163068,0.00008158,0.00261054,0.00163159,0.19591380,0.19754538,947385738.00,15.0836
1880,5.1472,1.6662,14.1575,360.45,44848302.15,3870049.66,233727544.86,266730285.70,500457830.56,38747.72,2.69081394,0.00008157,0.00261011,0.00163132,0.19593656,0.19756788,947422485.72,15.0794
1881,5.1499,1.6659,14.1555,360.67,44853100.07,3870199.26,233758007.54,266738558.98,500496566.52,38735.96,2.68999747,0.00008155,0.00260969,0.00163106,0.19595933,0.19759039,947459221.68,15.0752
1882,5.1526,1.6657,14.1535,360.89,44857897.31,3870348.83,233788460.59,266746830.14,500535290.73,38724.21,2.68918127,0.00008154,0.00260926,0.00163079,0.19598211,0.19761290,947495945.89,15.0710
1883,5.1554,1.6655,14.1515,361.11,44862693.87,3870498.36,233818904.00,266755099.19,500574003.19,38712.46,2.68836532,0.00008153,0.00260884,0.00163052,0.19600490,0.19763543,947532658.35,15.0669
1884,5.1581,1.6652,14.1495,361.33,44867489.76,3870647.86,233849337.78,266763366.13,500612703.91,38700.71,2.68754965,0.00008151,0.00260841,0.00163026,0.19602770,0.19765796,947569359.07,15.0627
1885,5.1608,1.6650,14.1476,361.55,44872284.98,3870797.32,233879761.93,266771630.95,500651392.88,38688.97,2.68673424,0.00008150,0.00260799,0.00162999,0.19605051,0.19768050,947606048.04,15.0585
1886,5.1636,1.6648,14.1456,361.77,44877079.53,3870946.74,233910176.45,266779893.67,500690070.11,38677.23,2.68591909,0.00008149,0.00260756,0.00162973,0.19607332,0.19770305,947642725.28,15.0543
1887,5.1663,1.6645,14.1436,361.99,44881873.40,3871096.13,233940581.34,266788154.27,500728735.61,38665.50,2.68510421,0.00008147,0.00260714,0.00162946,0.19609614,0.19772561,947679390.78,15.0502
1888,5.1691,1.6643,14.1416,362.21,44886666.60,3871245.48,233970976.62,266796412.77,500767389.39,38653.77,2.68428960,0.00008146,0.00260671,0.00162920,0.19611897,0.19774817,947716044.55,15.0460
1889,5.1718,1.6641,14.1396,362.43,44891459.12,3871394.79,234001362.28,266804669.15,500806031.43,38642.04,2.68347524,0.00008145,0.00260629,0.00162893,0.19614181,0.19777075,947752686.59,15.0418
1890,5.1745,1.6638,14.1376,362.66,44896250.97,3871544.08,234031738.32,266812923.43,500844661.75,38630.32,2.68266116,0.00008143,0.00260587,0.00162867,0.19616466,0.19779333,947789316.91,15.0377
1891,5.1773,1.6636,14.1356,362.88,44901042.15,3871693.32,234062104.75,266821175.60,500883280.35,38618.60,2.68184733,0.00008142,0.00260544,0.00162840,0.19618752,0.19781592,947825935.51,15.0335
1892,5.1800,1.6634,14.1336,363.10,44905832.65,3871842.53,234092461.57,266829425.66,500921887.24,38606.89,2.68103378,0.00008141,0.00260502,0.00162814,0.19621038,0.19783852,947862542.40,15.0293
1893,5.1828,1.6631,14.1317,363.32,44910622.48,3871991.70,234122808.79,266837673.62,500960482.41,38595.17,2.68022048,0.00008139,0.00260459,0.00162787,0.19623326,0.19786113,947899137.57,15.0252
1894,5.1855,1.6629,14.1297,363.54,44915411.64,3872140.84,234153146.41,266845919.47,500999065.88,38583.47,2.67940745,0.00008138,0.00260417,0.00162761,0.19625614,0.19788374,947935721.04,15.0210
1895,5.1882,1.6627,14.1277,363.77,44920200.12,3872289.94,234183474.42,266854163.22,501037637.64,38571.76,2.67859469,0.00008137,0.00260374,0.00162734,0.19627903,0.19790637,947972292.81,15.0169
1896,5.1910,1.6624,14.1257,363.99,44924987.93,3872439.01,234213792.84,266862404.87,501076197.71,38560.06,2.67778218,0.00008135,0.00260332,0.00162708,0.19630193,0.19792900,948008852.87,15.0127
1897,5.1937,1.6622,14.1237,364.21,44929775.07,3872588.04,234244101.67,266870644.41,501114746.07,38548.37,2.67696994,0.00008134,0.00260290,0.00162681,0.19632483,0.19795164,948045401.24,15.0085
1898,5.1964,1.6620,14.1217,364.43,44934561.54,3872737.04,234274400.90,266878881.85,501153282.75,38536.67,2.67615797,0.00008133,0.00260247,0.00162655,0.19634775,0.19797430,948081937.91,15.0044
1899,5.1992,1.6617,14.1198,364.66,44939347.33,3872886.00,234304690.55,266887117.18,501191807.73,38524.99,2.67534626,0.00008131,0.00260205,0.00162628,0.19637067,0.19799695,948118462.90,15.0002
1900,5.2019,1.6615,14.1178,364.88,44944132.45,3873034.92,234334970.61,266895350.42,501230321.04,38513.30,2.67453481,0.00008130,0.00260163,0.00162602,0.19639361,0.19801962,948154976.20,14.9960
1901,5.2047,1.6613,14.1158,365.10,44948916.90,3873183.81,234365241.10,266903581.56,501268822.66,38501.62,2.67372363,0.00008129,0.00260120,0.00162575,0.19641655,0.19804230,948191477.82,14.9919
1902,5.2074,1.6610,14.1138,365.33,44953700.68,3873332.67,234395502.00,266911810.60,501307312.60,38489.94,2.67291271,0.00008127,0.00260078,0.00162549,0.19643950,0.19806498,948227967.76,14.9877
1903,5.2101,1.6608,14.1118,365.55,44958483.78,3873481.48,234425753.33,266920037.54,501345790.87,38478.27,2.67210205,0.00008126,0.00260036,0.00162522,0.19646245,0.19808767,948264446.03,14.9836
1904,5.2129,1.6606,14.1098,365.77,44963266.21,3873630.27,234455995.09,266928262.38,501384257.47,38466.60,2.67129165,0.00008125,0.00259993,0.00162496,0.19648542,0.19811038,948300912.63,14.9794
1905,5.2156,1.6603,14.1079,366.00,44968047.97,3873779.01,234486227.27,266936485.13,501422712.40,38454.93,2.67048152,0.00008123,0.00259951,0.00162469,0.19650839,0.19813309,948337367.56,14.9753
1906,5.2183,1.6601,14.1059,366.22,44972829.06,3873927.72,234516449.90,266944705.78,501461155.67,38443.27,2.66967165,0.00008122,0.00259909,0.00162443,0.19653137,0.19815580,948373810.84,14.9711
1907,5.2211,1.6599,14.1039,366.44,44977609.47,3874076.40,234546662.95,266952924.33,501499587.29,38431.61,2.66886205,0.00008121,0.00259866,0.00162416,0.19655437,0.19817853,948410242.45,14.9670
1908,5.2238,1.6596,14.1019,366.67,44982389.22,3874225.04,234576866.45,266961140.79,501538007.25,38419.96,2.66805271,0.00008119,0.00259824,0.00162390,0.19657737,0.19820126,948446662.41,14.9628
1909,5.2266,1.6594,14.0999,366.89,44987168.29,3874373.65,234607060.39,266969355.16,501576415.55,38408.31,2.66724363,0.00008118,0.00259782,0.00162364,0.19660037,0.19822401,948483070.72,14.9587
1910,5.2293,1.6592,14.0979,367.12,44991946.69,3874522.22,234637244.78,266977567.43,501614812.22,38396.66,2.66643481,0.00008117,0.00259739,0.00162337,0.19662339,0.19824676,948519467.38,14.9545
1911,5.2320,1.6589,14.0960,367.34,44996724.42,3874670.75,234667419.62,266985777.62,501653197.23,38385.02,2.66562625,0.00008116,0.00259697,0.00162311,0.19664641,0.19826952,948555852.40,14.9504
1912,5.2348,1.6587,14.0940,367.57,45001501.48,3874819.25,234697584.91,266993985.71,501691570.61,38373.38,2.66481796,0.00008114,0.00259655,0.00162284,0.19666945,0.19829229,948592225.78,14.9462
1913,5.2375,1.6585,14.0920,367.79,45006277.87,3874967.71,234727740.65,267002191.71,501729932.36,38361.74,2.66400993,0.00008113,0.00259613,0.00162258,0.19669249,0.19831507,948628587.52,14.9421
1914,5.2402,1.6582,14.0900,368.02,45011053.58,3875116.14,234757886.85,267010395.62,501768282.47,38350.11,2.66320216,0.00008112,0.00259570,0.00162231,0.19671554,0.19833785,948664937.63,14.9379
1915,5.2430,1.6580,14.0880,368.24,45015828.63,3875264.53,234788023.51,267018597.44,501806620.95,38338.48,2.66239466,0.00008110,0.00259528,0.00162205,0.19673859,0.19836065,948701276.11,14.9338
1916,5.2457,1.6578,14.0861,368.47,45020603.00,3875412.89,234818150.64,267026797.17,501844947.81,38326.86,2.66158741,0.00008109,0.00259486,0.00162179,0.19676166,0.19838345,948737602.97,14.9296
1917,5.2485,1.6575,14.0841,368.69,45025376.70,3875561.21,234848268.23,267034994.81,501883263.05,38315.24,2.66078043,0.00008108,0.00259444,0.00162152,0.19678474,0.19840626,948773918.21,14.9255
1918,5.2512,1.6573,14.0821,368.92,45030149.74,3875709.50,234878376.30,267043190.37,501921566.67,38303.62,2.65997371,0.00008106,0.00259401,0.00162126,0.19680782,0.19842908,948810221.83,14.9213
1919,5.2539,1.6571,14.0801,369.14,45034922.10,3875857.75,234908474.83,267051383.84,501959858.68,38292.01,2.65916725,0.00008105,0.00259359,0.00162100,0.19683091,0.19845191,948846513.84,14.9172
1920,5.2567,1.6568,14.0781,369.37,45039693.79,3876005.97,234938563.85,267059575.23,501998139.08,38280.40,2.65836106,0.00008104,0.00259317,0.00162073,0.19685401,0.19847474,948882794.24,14.9130
1921,5.2594,1.6566,14.0762,369.59,45044464.81,3876154.15,234968643.34,267067764.53,502036407.87,38268.79,2.65755512,0.00008102,0.00259275,0.00162047,0.19687712,0.19849759,948919063.03,14.9089
1922,5.2621,1.6564,14.0742,369.82,45049235.16,3876302.29,234998713.32,267075951.75,502074665.06,38257.19,2.65674945,0.00008101,0.00259233,0.00162020,0.19690023,0.19852044,948955320.22,14.9048
1923,5.2649,1.6561,14.0722,370.05,45054004.84,3876450.40,235028773.78,267084136.88,502112910.66,38245.59,2.65594404,0.00008100,0.00259191,0.00161994,0.19692336,0.19854330,948991565.82,14.9006
1924,5.2676,1.6559,14.0702,370.27,45058773.85,3876598.48,235058824.72,267092319.93,502151144.66,38234.00,2.65513889,0.00008098,0.00259148,0.00161968,0.19694649,0.19856617,949027799.82,14.8965
1925,5.2704,1.6557,14.0683,370.50,45063542.19,3876746.52,235088866.16,267100500.90,502189367.07,38222.41,2.65433400,0.00008097,0.00259106,0.00161941,0.19696963,0.19858905,949064022.23,14.8923
1926,5.2731,1.6554,14.0663,370.73,45068309.85,3876894.52,235118898.10,267108679.79,502227577.89,38210.82,2.65352937,0.00008096,0.00259064,0.00161915,0.19699278,0.19861194,949100233.05,14.8882
1927,5.2758,1.6552,14.0643,370.95,45073076.85,3877042.49,235148920.53,267116856.60,502265777.13,38199.24,2.65272500,0.00008094,0.00259022,0.00161889,0.19701594,0.19863483,949136432.29,14.8841
1928,5.2786,1.6550,14.0623,371.18,45077843.18,3877190.42,235178933.46,267125031.33,502303964.79,38187.66,2.65192089,0.00008093,0.00258980,0.00161862,0.19703911,0.19865773,949172619.95,14.8799
1929,5.2813,1.6547,14.0604,371.41,45082608.84,3877338.32,235208936.89,267133203.98,502342140.87,38176.09,2.65111705,0.00008092,0.00258938,0.00161836,0.19706228,0.19868065,949208796.04,14.8758
1930,5.2841,1.6545,14.0584,371.63,45087373.83,3877486.19,235238930.83,267141374.56,502380305.39,38164.51,2.65031346,0.00008090,0.00258896,0.00161810,0.19708547,0.19870357,949244960.55,14.8717
1931,5.2868,1.6543,14.0564,371.86,45092138.15,3877634.01,235268915.28,267149543.05,502418458.33,38152.95,2.64951014,0.00008089,0.00258854,0.00161783,0.19710866,0.19872649,949281113.50,14.8675
1932,5.2895,1.6540,14.0544,372.09,45096901.80,3877781.81,235298890.25,267157709.47,502456599.72,38141.38,2.64870708,0.00008088,0.00258811,0.00161757,0.19713186,0.19874943,949317254.88,14.8634
1933,5.2923,1.6538,14.0524,372.32,45101664.78,3877929.56,235328855.72,267165873.82,502494729.54,38129.82,2.64790427,0.00008087,0.00258769,0.00161731,0.19715507,0.19877238,949353384.70,14.8593
1934,5.2950,1.6536,14.0505,372.54,45106427.10,3878077.29,235358811.72,267174036.08,502532847.80,38118.26,2.64710173,0.00008085,0.00258727,0.00161705,0.19717828,0.19879533,949389502.97,14.8551
1935,5.2977,1.6533,14.0485,372.77,45111188.74,3878224.98,235388758.24,267182196.28,502570954.52,38106.71,2.64629945,0.00008084,0.00258685,0.00161678,0.19720151,0.19881829,949425609.68,14.8510
1936,5.3005,1.6531,14.0465,373.00,45115949.71,3878372.63,235418695.28,267190354.40,502609049.68,38095.16,2.64549743,0.00008083,0.00258643,0.00161652,0.19722474,0.19884126,949461704.84,14.8469
1937,5.3032,1.6529,14.0446,373.23,45120710.02,3878520.24,235448622.85,267198510.45,502647133.30,38083.62,2.64469566,0.00008081,0.00258601,0.00161626,0.19724798,0.19886424,949497788.46,14.8427
1938,5.3060,1.6527,14.0426,373.46,45125469.65,3878667.83,235478540.94,267206664.43,502685205.37,38072.08,2.64389416,0.00008080,0.00258559,0.00161599,0.19727123,0.19888723,949533860.53,14.8386
1939,5.3087,1.6524,14.0406,373.68,45130228.62,3878815.37,235508449.58,267214816.33,502723265.91,38060.54,2.64309292,0.00008079,0.00258517,0.00161573,0.19729449,0.19891022,949569921.07,14.8345
1940,5.3114,1.6522,14.0386,373.91,45134986.92,3878962.89,235538348.74,267222966.17,502761314.91,38049.00,2.64229194,0.00008077,0.00258475,0.00161547,0.19731776,0.19893323,949605970.08,14.8304
1941,5.3142,1.6520,14.0367,374.14,45139744.55,3879110.36,235568238.45,267231113.93,502799352.39,38037.47,2.64149121,0.00008076,0.00258433,0.00161521,0.19734103,0.19895624,949642007.55,14.8262
1942,5.3169,1.6517,14.0347,374.37,45144501.51,3879257.81,235598118.70,267239259.63,502837378.33,38025.95,2.64069075,0.00008075,0.00258391,0.00161494,0.19736432,0.19897926,949678033.50,14.8221
1943,5.3196,1.6515,14.0327,374.60,45149257.80,3879405.21,235627989.50,267247403.26,502875392.76,38014.42,2.63989055,0.00008073,0.00258349,0.00161468,0.19738761,0.19900229,949714047.92,14.8180
1944,5.3224,1.6513,14.0307,374.83,45154013.43,3879552.58,235657850.84,267255544.82,502913395.66,38002.90,2.63909060,0.00008072,0.00258307,0.00161442,0.19741091,0.19902533,949750050.83,14.8139
1945,5.3251,1.6510,14.0288,375.06,45158768.38,3879699.92,235687702.74,267263684.32,502951387.05,37991.39,2.63829092,0.00008071,0.00258265,0.00161416,0.19743422,0.19904837,949786042.21,14.8097
1946,5.3279,1.6508,14.0268,375.29,45163522.67,3879847.22,235717545.18,267271821.75,502989366.93,37979.88,2.63749149,0.00008069,0.00258223,0.00161389,0.19745753,0.19907143,949822022.09,14.8056
1947,5.3306,1.6506,14.0248,375.52,45168276.29,3879994.49,235747378.19,267279957.11,503027335.30,37968.37,2.63669233,0.00008068,0.00258181,0.00161363,0.19748086,0.19909449,949857990.46,14.8015
1948,5.3333,1.6503,14.0229,375.75,45173029.24,3880141.72,235777201.76,267288090.41,503065292.16,37956.87,2.63589342,0.00008067,0.00258139,0.00161337,0.19750419,0.19911756,949893947.33,14.7974
1949,5.3361,1.6501,14.0209,375.98,45177781.52,3880288.92,235807015.89,267296221.64,503103237.53,37945.36,2.63509477,0.00008066,0.00258097,0.00161311,0.19752753,0.19914064,949929892.69,14.7933
1950,5.3388,1.6499,14.0189,376.21,45182533.14,3880436.08,235836820.58,267304350.82,503141171.40,37933.87,2.63429638,0.00008064,0.00258055,0.00161285,0.19755088,0.19916373,949965826.56,14.7891
1951,5.3415,1.6496,14.0169,376.44,45187284.09,3880583.21,235866615.85,267312477.93,503179093.77,37922.37,2.63349825,0.00008063,0.00258013,0.00161258,0.19757424,0.19918683,950001748.93,14.7850
1952,5.3443,1.6494,14.0150,376.67,45192034.37,3880730.30,235896401.68,267320602.97,503217004.66,37910.89,2.63270038,0.00008062,0.00257971,0.00161232,0.19759761,0.19920993,950037659.82,14.7809
1953,5.3470,1.6492,14.0130,376.90,45196783.98,3880877.36,235926178.09,267328725.96,503254904.06,37899.40,2.63190277,0.00008060,0.00257930,0.00161206,0.19762098,0.19923304,950073559.22,14.7768
1954,5.3498,1.6489,14.0110,377.13,45201532.93,3881024.38,235955945.08,267336846.89,503292791.97,37887.92,2.63110541,0.00008059,0.00257888,0.00161180,0.19764437,0.19925616,950109447.14,14.7727
1955,5.3525,1.6487,14.0091,377.36,45206281.21,3881171.37,235985702.66,267344965.76,503330668.41,37876.44,2.63030832,0.00008058,0.00257846,0.00161154,0.19766776,0.19927929,950145323.58,14.7686
1956,5.3552,1.6485,14.0071,377.59,45211028.82,3881318.32,236015450.81,267353082.57,503368533.38,37864.97,2.62951148,0.00008056,0.00257804,0.00161127,0.19769116,0.19930243,950181188.54,14.7644
1957,5.3580,1.6482,14.0051,377.82,45215775.76,3881465.24,236045189.55,267361197.32,503406386.87,37853.49,2.62871490,0.00008055,0.00257762,0.00161101,0.19771457,0.19932558,950217042.04,14.7603
1958,5.3607,1.6480,14.0032,378.05,45220522.04,3881612.12,236074918.88,267369310.02,503444228.90,37842.03,2.62791858,0.00008054,0.00257720,0.00161075,0.19773798,0.19934873,950252884.06,14.7562
1959,5.3634,1.6478,14.0012,378.28,45225267.65,3881758.97,236104638.81,267377420.66,503482059.47,37830.56,2.62712252,0.00008052,0.00257678,0.00161049,0.19776141,0.19937189,950288714.63,14.7521
1960,5.3662,1.6475,13.9992,378.51,45230012.59,3881905.78,236134349.33,267385529.24,503519878.57,37819.10,2.62632671,0.00008051,0.00257636,0.00161023,0.19778484,0.19939507,950324533.73,14.7480
1961,5.3689,1.6473,13.9973,378.74,45234756.87,3882052.56,236164050.45,267393635.77,503557686.22,37807.65,2.62553116,0.00008050,0.00257595,0.00160997,0.19780828,0.19941825,950360341.38,14.7439
1962,5.3717,1.6471,13.9953,378.98,45239500.48,3882199.30,236193742.17,267401740.24,503595482.42,37796.20,2.62473587,0.00008049,0.00257553,0.00160970,0.19783173,0.19944143,950396137.58,14.7398
1963,5.3744,1.6469,13.9933,379.21,45244243.42,3882346.01,236223424.50,267409842.66,503633267.16,37784.75,2.62394084,0.00008047,0.00257511,0.00160944,0.19785519,0.19946463,950431922.33,14.7357
1964,5.3771,1.6466,13.9914,379.44,45248985.70,3882492.68,236253097.44,267417943.03,503671040.47,37773.30,2.62314607,0.00008046,0.00257469,0.00160918,0.19787865,0.19948783,950467695.63,14.7316
1965,5.3799,1.6464,13.9894,379.67,45253727.31,3882639.32,236282760.98,267426041.35,503708802.33,37761.86,2.62235155,0.00008045,0.00257427,0.00160892,0.19790213,0.19951105,950503457.49,14.7275
1966,5.3826,1.6462,13.9874,379.90,45258468.26,3882785.92,236312415.14,267434137.61,503746552.75,37750.43,2.62155729,0.00008043,0.00257385,0.00160866,0.19792561,0.19953427,950539207.92,14.7234
1967,5.3854,1.6459,13.9855,380.14,45263208.53,3882932.49,236342059.92,267442231.83,503784291.75,37738.99,2.62076329,0.00008042,0.00257344,0.00160840,0.19794910,0.19955750,950574946.91,14.7192
1968,5.3881,1.6457,13.9835,380.37,45267948.15,3883079.03,236371695.31,267450324.00,503822019.31,37727.56,2.61996955,0.00008041,0.00257302,0.00160814,0.19797260,0.19958074,950610674.47,14.7151
1969,5.3908,1.6455,13.9815,380.60,45272687.09,3883225.53,236401321.33,267458414.11,503859735.44,37716.14,2.61917606,0.00008039,0.00257260,0.00160788,0.19799611,0.19960398,950646390.61,14.7110
1970,5.3936,1.6452,13.9796,380.83,45277425.37,3883371.99,236430937.98,267466502.18,503897440.16,37704.71,2.61838283,0.00008038,0.00257218,0.00160761,0.19801962,0.19962724,950682095.32,14.7069
1971,5.3963,1.6450,13.9776,381.07,45282162.99,3883518.42,236460545.25,267474588.20,503935133.45,37693.29,2.61758986,0.00008037,0.00257177,0.00160735,0.19804315,0.19965050,950717788.61,14.7028
1972,5.3990,1.6448,13.9756,381.30,45286899.93,3883664.82,236490143.15,267482672.18,503972815.33,37681.88,2.61679714,0.00008035,0.00257135,0.00160709,0.19806668,0.19967377,950753470.49,14.6987
1973,5.4018,1.6445,13.9737,381.53,45291636.22,3883811.18,236519731.69,267490754.10,504010485.80,37670.47,2.61600468,0.00008034,0.00257093,0.00160683,0.19809022,0.19969705,950789140.96,14.6946
1974,5.4045,1.6443,13.9717,381.77,45296371.83,3883957.51,236549310.87,267498833.99,504048144.86,37659.06,2.61521248,0.00008033,0.00257051,0.00160657,0.19811377,0.19972034,950824800.02,14.6905
1975,5.4073,1.6441,13.9698,382.00,45301106.79,3884103.80,236578880.69,267506911.82,504085792.51,37647.66,2.61442053,0.00008032,0.00257010,0.00160631,0.19813732,0.19974363,950860447.67,14.6864
1976,5.4100,1.6438,13.9678,382.23,45305841.07,3884250.05,236608441.15,267514987.62,504123428.77,37636.26,2.61362884,0.00008030,0.00256968,0.00160605,0.19816089,0.19976694,950896083.93,14.6823
1977,5.4127,1.6436,13.9658,382.47,45310574.69,3884396.28,236637992.25,267523061.37,504161053.63,37624.86,2.61283741,0.00008029,0.00256926,0.00160579,0.19818446,0.19979025,950931708.79,14.6783
1978,5.4155,1.6434,13.9639,382.70,45315307.65,3884542.46,236667534.01,267531133.08,504198667.09,37613.47,2.61204623,0.00008028,0.00256884,0.00160553,0.19820805,0.19981357,950967322.25,14.6742
1979,5.4182,1.6432,13.9619,382.93,45320039.94,3884688.62,236697066.42,267539202.75,504236269.17,37602.08,2.61125531,0.00008026,0.00256843,0.00160527,0.19823164,0.19983690,951002924.33,14.6701
1980,5.4209,1.6429,13.9599,383.17,45324771.57,3884834.74,236726589.48,267547270.37,504273859.86,37590.69,2.61046465,0.00008025,0.00256801,0.00160501,0.19825523,0.19986024,951038515.02,14.6660
1981,5.4237,1.6427,13.9580,383.40,45329502.53,3884980.82,236756103.21,267555335.96,504311439.17,37579.31,2.60967424,0.00008024,0.00256759,0.00160475,0.19827884,0.19988359,951074094.33,14.6619
1982,5.4264,1.6425,13.9560,383.64,45334232.82,3885126.87,236785607.59,267563399.51,504349007.10,37567.93,2.60888409,0.00008022,0.00256718,0.00160449,0.19830245,0.19990694,951109662.26,14.6578
1983,5.4292,1.6422,13.9541,383.87,45338962.46,3885272.88,236815102.64,267571461.02,504386563.66,37556.56,2.60809419,0.00008021,0.00256676,0.00160423,0.19832608,0.19993030,951145218.82,14.6537
1984,5.4319,1.6420,13.9521,384.11,45343691.42,3885418.86,236844588.35,267579520.49,504424108.84,37545.19,2.60730455,0.00008020,0.00256634,0.00160397,0.19834971,0.19995367,951180764.00,14.6496
1985,5.4346,1.6418,13.9501,384.34,45348419.73,3885564.81,236874064.74,267587577.92,504461642.66,37533.82,2.60651517,0.00008019,0.00256593,0.00160370,0.19837335,0.19997705,951216297.82,14.6455
1986,5.4374,1.6415,13.9482,384.58,45353147.36,3885710.72,236903531.80,267595633.32,504499165.11,37522.45,2.60572604,0.00008017,0.00256551,0.00160344,0.19839700,0.20000044,951251820.28,14.6414
1987,5.4401,1.6413,13.9462,384.81,45357874.34,3885856.60,236932989.53,267603686.68,504536676.21,37511.10,2.60493717,0.00008016,0.00256510,0.00160318,0.19842065,0.20002384,951287331.37,14.6373
1988,5.4428,1.6411,13.9443,385.05,45362600.65,3886002.44,236962437.94,267611738.00,504574175.95,37499.74,2.60414855,0.00008015,0.00256468,0.00160292,0.19844432,0.20004724,951322831.11,14.6332
1989,5.4456,1.6408,13.9423,385.28,45367326.29,3886148.24,236991877.04,267619787.30,504611664.33,37488.39,2.60336018,0.00008013,0.00256426,0.00160266,0.19846799,0.20007065,951358319.50,14.6292
1990,5.4483,1.6406,13.9403,385.52,45372051.27,3886294.02,237021306.82,267627834.55,504649141.37,37477.04,2.60257208,0.00008012,0.00256385,0.00160240,0.19849167,0.20009407,951393796.54,14.6251
1991,5.4511,1.6404,13.9384,385.75,45376775.59,3886439.76,237050727.29,267635879.78,504686607.07,37465.69,2.60178423,0.00008011,0.00256343,0.00160214,0.19851536,0.20011750,951429262.23,14.6210
1992,5.4538,1.6402,13.9364,385.99,45381499.24,3886585.46,237080138.45,267643922.97,504724061.42,37454.35,2.60099663,0.00008009,0.00256302,0.00160188,0.19853906,0.20014094,951464716.58,14.6169
1993,5.4565,1.6399,13.9345,386.23,45386222.23,3886731.13,237109540.30,267651964.13,504761504.43,37443.01,2.60020929,0.00008008,0.00256260,0.00160162,0.19856276,0.20016439,951500159.59,14.6128
1994,5.4593,1.6397,13.9325,386.46,45390944.56,3886876.76,237138932.85,267660003.26,504798936.11,37431.68,2.59942220,0.00008007,0.00256218,0.00160136,0.19858647,0.20018784,951535591.27,14.6087
1995,5.4620,1.6395,13.9305,386.70,45395666.22,3887022.36,237168316.09,267668040.37,504836356.46,37420.35,2.59863537,0.00008006,0.00256177,0.00160111,0.19861020,0.20021130,951571011.62,14.6047
1996,5.4648,1.6392,13.9286,386.94,45400387.22,3887167.93,237197690.05,267676075.44,504873765.48,37409.02,2.59784879,0.00008004,0.00256135,0.00160085,0.19863393,0.20023477,951606420.65,14.6006
1997,5.4675,1.6390,13.9266,387.17,45405107.56,3887313.46,237227054.70,267684108.48,504911163.18,37397.70,2.59706247,0.00008003,0.00256094,0.00160059,0.19865766,0.20025825,951641818.34,14.5965
1998,5.4702,1.6388,13.9247,387.41,45409827.23,3887458.96,237256410.07,267692139.50,504948549.56,37386.38,2.59627640,0.00008002,0.00256052,0.00160033,0.19868141,0.20028174,951677204.72,14.5924
1999,5.4730,1.6385,13.9227,387.65,45414546.24,3887604.42,237285756.14,267700168.48,504985924.63,37375.06,2.59549058,0.00008000,0.00256011,0.00160007,0.19870517,0.20030523,951712579.79,14.5883
2000,5.4757,1.6383,13.9208,387.88,45419264.58,3887749.85,237315092.93,267708195.45,505023288.38,37363.75,2.59470502,0.00007999,0.00255969,0.00159981,0.19872893,0.20032874,951747943.54,14.5843
2001,5.4784,1.6381,13.9188,388.12,45423982.27,3887895.24,237344420.44,267716220.38,505060640.82,37352.44,2.59391972,0.00007998,0.00255928,0.00159955,0.19875270,0.20035225,951783295.99,14.5802
2002,5.4812,1.6379,13.9168,388.36,45428699.29,3888040.60,237373738.67,267724243.30,505097981.96,37341.14,2.59313467,0.00007996,0.00255886,0.00159929,0.19877648,0.20037577,951818637.12,14.5761
2003,5.4839,1.6376,13.9149,388.59,45433415.64,3888185.93,237403047.62,267732264.18,505135311.80,37329.84,2.59234987,0.00007995,0.00255845,0.00159903,0.19880027,0.20039930,951853966.96,14.5720
2004,5.4867,1.6374,13.9129,388.83,45438131.34,3888331.22,237432347.29,267740283.05,505172630.34,37318.54,2.59156533,0.00007994,0.00255803,0.00159877,0.19882406,0.20042283,951889285.50,14.5680
2005,5.4894,1.6372,13.9110,389.07,45442846.37,3888476.48,237461637.70,267748299.89,505209937.59,37307.25,2.59078104,0.00007993,0.00255762,0.00159851,0.19884787,0.20044638,951924592.75,14.5639
2006,5.4921,1.6369,13.9090,389.31,45447560.74,3888621.70,237490918.84,267756314.71,505247233.54,37295.96,2.58999701,0.00007991,0.00255720,0.00159825,0.19887168,0.20046993,951959888.71,14.5598
2007,5.4949,1.6367,13.9071,389.55,45452274.45,3888766.89,237520190.71,267764327.51,505284518.22,37284.67,2.58921322,0.00007990,0.00255679,0.00159799,0.19889550,0.20049349,951995173.38,14.5558
2008,5.4976,1.6365,13.9051,389.78,45456987.49,3888912.04,237549453.32,267772338.28,505321791.60,37273.39,2.58842970,0.00007989,0.00255637,0.00159773,0.19891933,0.20051706,952030446.77,14.5517
2009,5.5003,1.6362,13.9032,390.02,45461699.87,3889057.16,237578706.67,267780347.04,505359053.71,37262.11,2.58764642,0.00007987,0.00255596,0.00159747,0.19894316,0.20054064,952065708.87,14.5476
2010,5.5031,1.6360,13.9012,390.26,45466411.59,3889202.25,237607950.76,267788353.78,505396304.54,37250.83,2.58686340,0.00007986,0.00255554,0.00159722,0.19896701,0.20056422,952100959.71,14.5435
2011,5.5058,1.6358,13.8993,390.50,45471122.65,3889347.30,237637185.60,267796358.50,505433544.11,37239.56,2.58608063,0.00007985,0.00255513,0.00159696,0.19899086,0.20058782,952136199.27,14.5395
2012,5.5086,1.6356,13.8973,390.74,45475833.05,3889492.31,237666411.20,267804361.20,505470772.40,37228.29,2.58529812,0.00007983,0.00255472,0.00159670,0.19901472,0.20061142,952171427.56,14.5354
2013,5.5113,1.6353,13.8954,390.98,45480542.78,3889637.30,237695627.54,267812361.89,505507989.43,37217.03,2.58451586,0.00007982,0.00255430,0.00159644,0.19903859,0.20063503,952206644.59,14.5313
2014,5.5140,1.6351,13.8934,391.22,45485251.85,3889782.24,237724834.64,267820360.56,505545195.19,37205.77,2.58373385,0.00007981,0.00255389,0.00159618,0.19906247,0.20065865,952241850.36,14.5273
2015,5.5168,1.6349,13.8914,391.46,45489960.26,3889927.16,237754032.49,267828357.21,505582389.70,37194.51,2.58295210,0.00007980,0.00255347,0.00159592,0.19908636,0.20068228,952277044.87,14.5232
2016,5.5195,1.6346,13.8895,391.70,45494668.01,3890072.04,237783221.11,267836351.85,505619572.96,37183.26,2.58217060,0.00007978,0.00255306,0.00159566,0.19911025,0.20070591,952312228.12,14.5191
2017,5.5222,1.6344,13.8875,391.94,45499375.10,3890216.88,237812400.49,267844344.48,505656744.97,37172.01,2.58138935,0.00007977,0.00255265,0.00159540,0.19913415,0.20072956,952347400.13,14.5151
2018,5.5250,1.6342,13.8856,392.17,45504081.53,3890361.69,237841570.64,267852335.09,505693905.73,37160.76,2.58060835,0.00007976,0.00255223,0.00159515,0.19915806,0.20075321,952382560.89,14.5110
2019,5.5277,1.6339,13.8836,392.41,45508787.29,3890506.47,237870731.56,267860323.69,505731055.25,37149.52,2.57982761,0.00007974,0.00255182,0.00159489,0.19918198,0.20077687,952417710.41,14.5070
2020,5.5305,1.6337,13.8817,392.65,45513492.39,3890651.22,237899883.25,267868310.28,505768193.52,37138.28,2.57904712,0.00007973,0.00255141,0.00159463,0.19920591,0.20080054,952452848.69,14.5029
2021,5.5332,1.6335,13.8797,392.89,45518196.84,3890795.92,237929025.72,267876294.85,505805320.57,37127.04,2.57826688,0.00007972,0.00255099,0.00159437,0.19922985,0.20082422,952487975.73,14.4988
2022,5.5359,1.6333,13.8778,393.14,45522900.62,3890940.60,237958158.96,267884277.42,505842436.38,37115.81,2.57748690,0.00007971,0.00255058,0.00159411,0.19925379,0.20084790,952523091.54,14.4948
2023,5.5387,1.6330,13.8758,393.38,45527603.74,3891085.24,237987282.99,267892257.97,505879540.96,37104.58,2.57670716,0.00007969,0.00255017,0.00159385,0.19927774,0.20087159,952558196.12,14.4907
2024,5.5414,1.6328,13.8739,393.62,45532306.20,3891229.85,238016397.80,267900236.52,505916634.32,37093.36,2.57592768,0.00007968,0.00254975,0.00159360,0.19930170,0.20089530,952593289.48,14.4867
2025,5.5441,1.6326,13.8719,393.86,45537007.99,3891374.42,238045503.40,267908213.06,505953716.46,37082.14,2.57514845,0.00007967,0.00254934,0.00159334,0.19932567,0.20091900,952628371.62,14.4826
2026,5.5469,1.6323,13.8700,394.10,45541709.13,3891518.96,238074599.79,267916187.59,505990787.38,37070.92,2.57436948,0.00007965,0.00254893,0.00159308,0.19934964,0.20094272,952663442.54,14.4786
2027,5.5496,1.6321,13.8680,394.34,45546409.61,3891663.46,238103686.97,267924160.11,506027847.09,37059.71,2.57359075,0.00007964,0.00254851,0.00159282,0.19937363,0.20096645,952698502.25,14.4745
2028,5.5524,1.6319,13.8661,394.58,45551109.43,3891807.93,238132764.95,267932130.63,506064895.58,37048.50,2.57281228,0.00007963,0.00254810,0.00159256,0.19939762,0.20099018,952733550.74,14.4705
2029,5.5551,1.6317,13.8641,394.82,45555808.58,3891952.37,238161833.73,267940099.14,506101932.87,37037.29,2.57203406,0.00007962,0.00254769,0.00159231,0.19942162,0.20101393,952768588.04,14.4664
2030,5.5578,1.6314,13.8622,395.06,45560507.08,3892096.77,238190893.31,267948065.65,506138958.96,37026.09,2.57125609,0.00007960,0.00254728,0.00159205,0.19944563,0.20103768,952803614.12,14.4623
2031,5.5606,1.6312,13.8602,395.30,45565204.91,3892241.14,238219943.70,267956030.15,506175973.85,37014.89,2.57047837,0.00007959,0.00254686,0.00159179,0.19946965,0.20106144,952838629.01,14.4583
2032,5.5633,1.6310,13.8583,395.55,45569902.09,3892385.47,238248984.89,267963992.65,506212977.54,37003.69,2.56970090,0.00007958,0.00254645,0.00159153,0.19949367,0.20108520,952873632.70,14.4542
2033,5.5661,1.6307,13.8564,395.79,45574598.60,3892529.77,238278016.89,267971953.15,506249970.04,36992.50,2.56892369,0.00007956,0.00254604,0.00159127,0.19951770,0.20110898,952908625.21,14.4502
2034,5.5688,1.6305,13.8544,396.03,45579294.46,3892674.04,238307039.71,267979911.65,506286951.36,36981.31,2.56814672,0.00007955,0.00254563,0.00159102,0.19954175,0.20113276,952943606.52,14.4461
2035,5.5715,1.6303,13.8525,396.27,45583989.66,3892818.27,238336053.34,267987868.14,506323921.48,36970.13,2.56737001,0.00007954,0.00254521,0.00159076,0.19956579,0.20115655,952978576.65,14.4421
2036,5.5743,1.6300,13.8505,396.51,45588684.19,3892962.47,238365057.80,267995822.63,506360880.43,36958.95,2.56659355,0.00007953,0.00254480,0.00159050,0.19958985,0.20118035,953013535.59,14.4381
2037,5.5770,1.6298,13.8486,396.76,45593378.07,3893106.63,238394053.07,268003775.13,506397828.20,36947.77,2.56581734,0.00007951,0.00254439,0.00159024,0.19961392,0.20120416,953048483.36,14.4340
2038,5.5797,1.6296,13.8466,397.00,45598071.28,3893250.76,238423039.17,268011725.62,506434764.80,36936.60,2.56504138,0.00007950,0.00254398,0.00158999,0.19963799,0.20122798,953083419.96,14.4300
2039,5.5825,1.6294,13.8447,397.24,45602763.84,3893394.86,238452016.10,268019674.12,506471690.22,36925.43,2.56426567,0.00007949,0.00254357,0.00158973,0.19966207,0.20125180,953118345.38,14.4259
2040,5.5852,1.6291,13.8427,397.49,45607455.74,3893538.92,238480983.86,268027620.62,506508604.48,36914.26,2.56349022,0.00007947,0.00254315,0.00158947,0.19968616,0.20127564,953153259.64,14.4219
2041,5.5880,1.6289,13.8408,397.73,45612146.98,3893682.95,238509942.46,268035565.12,506545507.58,36903.10,2.56271501,0.00007946,0.00254274,0.00158921,0.19971026,0.20129948,953188162.74,14.4178
2042,5.5907,1.6287,13.8388,397.97,45616837.56,3893826.94,238538891.89,268043507.63,506582399.51,36891.94,2.56194005,0.00007945,0.00254233,0.00158896,0.19973437,0.20132333,953223054.68,14.4138
2043,5.5934,1.6284,13.8369,398.21,45621527.48,3893970.90,238567832.16,268051448.14,506619280.30,36880.78,2.56116535,0.00007943,0.00254192,0.00158870,0.19975848,0.20134718,953257935.46,14.4097
2044,5.5962,1.6282,13.8349,398.46,45626216.74,3894114.83,238596763.27,268059386.65,506656149.92,36869.63,2.56039089,0.00007942,0.00254151,0.00158844,0.19978261,0.20137105,953292805.09,14.4057
2045,5.5989,1.6280,13.8330,398.70,45630905.34,3894258.72,238625685.23,268067323.17,506693008.40,36858.48,2.55961669,0.00007941,0.00254110,0.00158818,0.19980674,0.20139492,953327663.57,14.4017
2046,5.6016,1.6278,13.8311,398.95,45635593.28,3894402.58,238654598.04,268075257.70,506729855.74,36847.34,2.55884274,0.00007940,0.00254068,0.00158793,0.19983088,0.20141880,953362510.90,14.3976
2047,5.6044,1.6275,13.8291,399.19,45640280.57,3894546.41,238683501.70,268083190.23,506766691.93,36836.19,2.55806903,0.00007938,0.00254027,0.00158767,0.19985502,0.20144269,953397347.10,14.3936
2048,5.6071,1.6273,13.8272,399.43,45644967.19,3894690.20,238712396.21,268091120.78,506803516.99,36825.06,2.55729558,0.00007937,0.00253986,0.00158741,0.19987918,0.20146659,953432172.15,14.3896
2049,5.6099,1.6271,13.8252,399.68,45649653.16,3894833.96,238741281.58,268099049.33,506840330.91,36813.92,2.55652237,0.00007936,0.00253945,0.00158716,0.19990334,0.20149050,953466986.08,14.3855
2050,5.6126,1.6268,13.8233,399.92,45654338.47,3894977.68,238770157.81,268106975.89,506877133.70,36802.79,2.55574942,0.00007934,0.00253904,0.00158690,0.19992751,0.20151441,953501788.87,14.3815
2051,5.6153,1.6266,13.8213,400.17,45659023.12,3895121.37,238799024.91,268114900.46,506913925.37,36791.66,2.55497672,0.00007933,0.00253863,0.00158664,0.19995169,0.20153834,953536580.53,14.3774
2052,5.6181,1.6264,13.8194,400.41,45663707.11,3895265.02,238827882.87,268122823.04,506950705.91,36780.54,2.55420426,0.00007932,0.00253822,0.00158639,0.19997588,0.20156227,953571361.07,14.3734
2053,5.6208,1.6262,13.8175,400.66,45668390.45,3895408.65,238856731.69,268130743.64,506987475.33,36769.42,2.55343206,0.00007931,0.00253781,0.00158613,0.20000008,0.20158621,953606130.49,14.3694
2054,5.6235,1.6259,13.8155,400.90,45673073.12,3895552.24,238885571.39,268138662.24,507024233.64,36758.31,2.55266010,0.00007929,0.00253740,0.00158587,0.20002428,0.20161015,953640888.80,14.3653
2055,5.6263,1.6257,13.8136,401.15,45677755.14,3895695.79,238914401.97,268146578.86,507060980.83,36747.19,2.55188840,0.00007928,0.00253699,0.00158562,0.20004849,0.20163411,953675635.99,14.3613
2056,5.6290,1.6255,13.8116,401.39,45682436.50,3895839.31,238943223.42,268154493.50,507097716.91,36736.08,2.55111694,0.00007927,0.00253658,0.00158536,0.20007271,0.20165807,953710372.08,14.3573
2057,5.6318,1.6252,13.8097,401.64,45687117.20,3895982.80,238972035.75,268162406.14,507134441.89,36724.98,2.55034574,0.00007926,0.00253616,0.00158510,0.20009694,0.20168205,953745097.06,14.3533
2058,5.6345,1.6250,13.8078,401.88,45691797.25,3896126.25,239000838.97,268170316.80,507171155.77,36713.88,2.54957478,0.00007924,0.00253575,0.00158485,0.20012118,0.20170603,953779810.93,14.3492
2059,5.6372,1.6248,13.8058,402.13,45696476.63,3896269.67,239029633.07,268178225.48,507207858.55,36702.78,2.54880407,0.00007923,0.00253534,0.00158459,0.20014542,0.20173001,953814513.71,14.3452
2060,5.6400,1.6246,13.8039,402.38,45701155.36,3896413.06,239058418.06,268186132.18,507244550.23,36691.68,2.54803361,0.00007922,0.00253493,0.00158433,0.20016968,0.20175401,953849205.39,14.3412
2061,5.6427,1.6243,13.8019,402.62,45705833.43,3896556.41,239087193.94,268194036.89,507281230.83,36680.59,2.54726340,0.00007920,0.00253452,0.00158408,0.20019394,0.20177802,953883885.99,14.3371
2062,5.6454,1.6241,13.8000,402.87,45710510.85,3896699.73,239115960.71,268201939.62,507317900.33,36669.51,2.54649344,0.00007919,0.00253411,0.00158382,0.20021821,0.20180203,953918555.49,14.3331
2063,5.6482,1.6239,13.7981,403.11,45715187.61,3896843.01,239144718.39,268209840.36,507354558.75,36658.42,2.54572373,0.00007918,0.00253370,0.00158357,0.20024248,0.20182605,953953213.92,14.3291
2064,5.6509,1.6236,13.7961,403.36,45719863.71,3896986.26,239173466.96,268217739.13,507391206.09,36647.34,2.54495426,0.00007917,0.00253329,0.00158331,0.20026677,0.20185008,953987861.26,14.3251
2065,5.6537,1.6234,13.7942,403.61,45724539.15,3897129.48,239202206.44,268225635.92,507427842.36,36636.26,2.54418505,0.00007915,0.00253288,0.00158305,0.20029106,0.20187412,954022497.52,14.3211
2066,5.6564,1.6232,13.7922,403.85,45729213.94,3897272.66,239230936.82,268233530.73,507464467.55,36625.19,2.54341608,0.00007914,0.00253247,0.00158280,0.20031536,0.20189816,954057122.71,14.3170
2067,5.6591,1.6230,13.7903,404.10,45733888.06,3897415.82,239259658.12,268241423.56,507501081.67,36614.12,2.54264736,0.00007913,0.00253207,0.00158254,0.20033967,0.20192221,954091736.83,14.3130
2068,5.6619,1.6227,13.7884,404.35,45738561.54,3897558.93,239288370.32,268249314.41,507537684.73,36603.06,2.54187889,0.00007911,0.00253166,0.00158228,0.20036399,0.20194628,954126339.89,14.3090
2069,5.6646,1.6225,13.7864,404.60,45743234.35,3897702.01,239317073.44,268257203.28,507574276.72,36591.99,2.54111067,0.00007910,0.00253125,0.00158203,0.20038832,0.20197035,954160931.88,14.3050
2070,5.6674,1.6223,13.7845,404.84,45747906.51,3897845.06,239345767.48,268265090.18,507610857.66,36580.93,2.54034270,0.00007909,0.00253084,0.00158177,0.20041265,0.20199442,954195512.82,14.3010
2071,5.6701,1.6220,13.7826,405.09,45752578.01,3897988.08,239374452.44,268272975.10,507647427.54,36569.88,2.53957497,0.00007908,0.00253043,0.00158152,0.20043699,0.20201851,954230082.70,14.2969
2072,5.6728,1.6218,13.7806,405.34,45757248.86,3898131.06,239403128.32,268280858.05,507683986.36,36558.83,2.53880750,0.00007906,0.00253002,0.00158126,0.20046134,0.20204260,954264641.53,14.2929
2073,5.6756,1.6216,13.7787,405.59,45761919.05,3898274.01,239431795.13,268288739.02,507720534.14,36547.78,2.53804027,0.00007905,0.00252961,0.00158101,0.20048570,0.20206671,954299189.31,14.2889
2074,5.6783,1.6214,13.7767,405.83,45766588.58,3898416.93,239460452.86,268296618.02,507757070.88,36536.74,2.53727329,0.00007904,0.00252920,0.00158075,0.20051007,0.20209082,954333726.04,14.2849
2075,5.6810,1.6211,13.7748,406.08,45771257.46,3898559.81,239489101.53,268304495.04,507793596.57,36525.69,2.53650655,0.00007902,0.00252879,0.00158049,0.20053444,0.20211494,954368251.74,14.2809
2076,5.6838,1.6209,13.7729,406.33,45775925.68,3898702.66,239517741.14,268312370.09,507830111.23,36514.66,2.53574007,0.00007901,0.00252838,0.00158024,0.20055882,0.20213906,954402766.39,14.2769
2077,5.6865,1.6207,13.7709,406.58,45780593.24,3898845.47,239546371.68,268320243.18,507866614.85,36503.62,2.53497383,0.00007900,0.00252797,0.00157998,0.20058321,0.20216320,954437270.02,14.2728
2078,5.6893,1.6205,13.7690,406.83,45785260.15,3898988.25,239574993.16,268328114.29,507903107.45,36492.59,2.53420784,0.00007899,0.00252756,0.00157973,0.20060761,0.20218734,954471762.61,14.2688
2079,5.6920,1.6202,13.7671,407.08,45789926.41,3899131.00,239603605.59,268335983.43,507939589.01,36481.57,2.53344210,0.00007897,0.00252716,0.00157947,0.20063202,0.20221149,954506244.18,14.2648
2080,5.6947,1.6200,13.7651,407.33,45794592.01,3899273.71,239632208.96,268343850.60,507976059.56,36470.54,2.53267660,0.00007896,0.00252675,0.00157922,0.20065643,0.20223565,954540714.72,14.2608
2081,5.6975,1.6198,13.7632,407.57,45799256.95,3899416.39,239660803.28,268351715.80,508012519.08,36459.52,2.53191135,0.00007895,0.00252634,0.00157896,0.20068086,0.20225982,954575174.24,14.2568
2082,5.7002,1.6195,13.7613,407.82,45803921.23,3899559.04,239689388.55,268359579.03,508048967.59,36448.51,2.53114635,0.00007894,0.00252593,0.00157871,0.20070529,0.20228399,954609622.75,14.2528
2083,5.7029,1.6193,13.7593,408.07,45808584.86,3899701.65,239717964.78,268367440.30,508085405.08,36437.49,2.53038159,0.00007892,0.00252552,0.00157845,0.20072973,0.20230818,954644060.24,14.2488
2084,5.7057,1.6191,13.7574,408.32,45813247.84,3899844.23,239746531.97,268375299.60,508121831.57,36426.49,2.52961709,0.00007891,0.00252511,0.00157820,0.20075417,0.20233237,954678486.73,14.2448
2085,5.7084,1.6189,13.7555,408.57,45817910.16,3899986.78,239775090.12,268383156.93,508158247.05,36415.48,2.52885283,0.00007890,0.00252471,0.00157794,0.20077863,0.20235657,954712902.21,14.2408
2086,5.7112,1.6186,13.7535,408.82,45822571.83,3900129.29,239803639.23,268391012.30,508194651.53,36404.48,2.52808881,0.00007888,0.00252430,0.00157769,0.20080309,0.20238078,954747306.69,14.2368
2087,5.7139,1.6184,13.7516,409.07,45827232.84,3900271.77,239832179.31,268398865.70,508231045.01,36393.48,2.52732504,0.00007887,0.00252389,0.00157743,0.20082756,0.20240499,954781700.17,14.2328
2088,5.7166,1.6182,13.7497,409.32,45831893.19,3900414.22,239860710.35,268406717.14,508267427.49,36382.49,2.52656152,0.00007886,0.00252348,0.00157718,0.20085204,0.20242922,954816082.66,14.2288
2089,5.7194,1.6180,13.7477,409.57,45836552.89,3900556.63,239889232.37,268414566.62,508303798.99,36371.49,2.52579825,0.00007885,0.00252307,0.00157692,0.20087653,0.20245345,954850454.15,14.2248
2090,5.7221,1.6177,13.7458,409.82,45841211.94,3900699.01,239917745.37,268422414.13,508340159.50,36360.51,2.52503522,0.00007883,0.00252267,0.00157667,0.20090102,0.20247769,954884814.66,14.2208
2091,5.7248,1.6175,13.7439,410.07,45845870.33,3900841.36,239946249.34,268430259.68,508376509.02,36349.52,2.52427244,0.00007882,0.00252226,0.00157641,0.20092553,0.20250194,954919164.18,14.2168
2092,5.7276,1.6173,13.7419,410.32,45850528.07,3900983.67,239974744.29,268438103.27,508412847.56,36338.54,2.52350991,0.00007881,0.00252185,0.00157616,0.20095004,0.20252620,954953502.72,14.2128
2093,5.7303,1.6170,13.7400,410.58,45855185.15,3901125.95,240003230.23,268445944.90,508449175.13,36327.57,2.52274762,0.00007880,0.00252144,0.00157590,0.20097456,0.20255046,954987830.29,14.2088
2094,5.7331,1.6168,13.7381,410.83,45859841.58,3901268.20,240031707.15,268453784.57,508485491.72,36316.59,2.52198558,0.00007878,0.00252104,0.00157565,0.20099909,0.20257474,955022146.88,14.2048
2095,5.7358,1.6166,13.7361,411.08,45864497.35,3901410.41,240060175.06,268461622.28,508521797.34,36305.62,2.52122378,0.00007877,0.00252063,0.00157539,0.20102362,0.20259902,955056452.51,14.2008
2096,5.7385,1.6164,13.7342,411.33,45869152.47,3901552.59,240088633.97,268469458.03,508558092.00,36294.66,2.52046223,0.00007876,0.00252022,0.00157514,0.20104817,0.20262331,955090747.16,14.1968
2097,5.7413,1.6161,13.7323,411.58,45873806.93,3901694.74,240117083.86,268477291.83,508594375.69,36283.69,2.51970092,0.00007874,0.00251982,0.00157488,0.20107272,0.20264760,955125030.85,14.1928
2098,5.7440,1.6159,13.7304,411.83,45878460.74,3901836.85,240145524.76,268485123.66,508630648.43,36272.73,2.51893987,0.00007873,0.00251941,0.00157463,0.20109728,0.20267191,955159303.59,14.1888
2099,5.7467,1.6157,13.7284,412.08,45883113.90,3901978.93,240173956.66,268492953.55,508666910.20,36261.78,2.51817905,0.00007872,0.00251900,0.00157438,0.20112185,0.20269622,955193565.37,14.1848
2100,5.7495,1.6155,13.7265,412.34,45887766.40,3902120.98,240202379.56,268500781.47,508703161.03,36250.83,2.51741848,0.00007871,0.00251859,0.00157412,0.20114642,0.20272054,955227816.19,14.1808
2101,5.7522,1.6152,13.7246,412.59,45892418.25,3902262.99,240230793.47,268508607.44,508739400.91,36239.88,2.51665816,0.00007869,0.00251819,0.00157387,0.20117101,0.20274487,955262056.07,14.1768
2102,5.7550,1.6150,13.7226,412.84,45897069.45,3902404.97,240259198.38,268516431.46,508775629.84,36228.93,2.51589809,0.00007868,0.00251778,0.00157361,0.20119560,0.20276921,955296285.00,14.1728
2103,5.7577,1.6148,13.7207,413.09,45901719.99,3902546.92,240287594.31,268524253.52,508811847.83,36217.99,2.51513825,0.00007867,0.00251737,0.00157336,0.20122020,0.20279356,955330502.99,14.1688
2104,5.7604,1.6145,13.7188,413.35,45906369.88,3902688.83,240315981.26,268532073.63,508848054.88,36207.05,2.51437867,0.00007866,0.00251697,0.00157310,0.20124481,0.20281791,955364710.05,14.1648
2105,5.7632,1.6143,13.7169,413.60,45911019.11,3902830.71,240344359.22,268539891.78,508884251.00,36196.12,2.51361933,0.00007864,0.00251656,0.00157285,0.20126942,0.20284227,955398906.16,14.1608
2106,5.7659,1.6141,13.7149,413.85,45915667.70,3902972.56,240372728.20,268547707.99,508920436.19,36185.19,2.51286023,0.00007863,0.00251615,0.00157260,0.20129405,0.20286664,955433091.35,14.1569
2107,5.7687,1.6139,13.7130,414.10,45920315.62,3903114.37,240401088.21,268555522.24,508956610.45,36174.26,2.51210138,0.00007862,0.00251575,0.00157234,0.20131868,0.20289102,955467265.61,14.1529
2108,5.7714,1.6136,13.7111,414.36,45924962.90,3903256.15,240429439.24,268563334.55,508992773.79,36163.34,2.51134277,0.00007860,0.00251534,0.00157209,0.20134332,0.20291541,955501428.95,14.1489
2109,5.7741,1.6134,13.7091,414.61,45929609.52,3903397.90,240457781.30,268571144.90,509028926.20,36152.42,2.51058441,0.00007859,0.00251494,0.00157183,0.20136797,0.20293980,955535581.36,14.1449
2110,5.7769,1.6132,13.7072,414.86,45934255.49,3903539.62,240486114.39,268578953.31,509065067.70,36141.50,2.50982630,0.00007858,0.00251453,0.00157158,0.20139262,0.20296420,955569722.86,14.1409
2111,5.7796,1.6130,13.7053,415.12,45938900.81,3903681.30,240514438.52,268586759.77,509101198.28,36130.59,2.50906843,0.00007857,0.00251412,0.00157133,0.20141729,0.20298862,955603853.45,14.1369
2112,5.7823,1.6127,13.7034,415.37,45943545.47,3903822.94,240542753.68,268594564.28,509137317.96,36119.68,2.50831080,0.00007855,0.00251372,0.00157107,0.20144196,0.20301303,955637973.12,14.1330
2113,5.7851,1.6125,13.7014,415.63,45948189.48,3903964.56,240571059.89,268602366.84,509173426.73,36108.77,2.50755342,0.00007854,0.00251331,0.00157082,0.20146664,0.20303746,955672081.89,14.1290
2114,5.7878,1.6123,13.6995,415.88,45952832.84,3904106.14,240599357.14,268610167.46,509209524.60,36097.87,2.50679628,0.00007853,0.00251291,0.00157057,0.20149133,0.20306190,955706179.76,14.1250
2115,5.7906,1.6121,13.6976,416.13,45957475.55,3904247.69,240627645.43,268617966.13,509245611.56,36086.97,2.50603938,0.00007852,0.00251250,0.00157031,0.20151603,0.20308634,955740266.73,14.1210
2116,5.7933,1.6118,13.6957,416.39,45962117.60,3904389.21,240655924.78,268625762.86,509281687.63,36076.07,2.50528273,0.00007850,0.00251209,0.00157006,0.20154073,0.20311079,955774342.80,14.1170
2117,5.7960,1.6116,13.6937,416.64,45966759.00,3904530.69,240684195.17,268633557.64,509317752.81,36065.18,2.50452633,0.00007849,0.00251169,0.00156981,0.20156544,0.20313525,955808407.98,14.1130
2118,5.7988,1.6114,13.6918,416.90,45971399.75,3904672.14,240712456.62,268641350.48,509353807.10,36054.29,2.50377017,0.00007848,0.00251128,0.00156955,0.20159016,0.20315972,955842462.27,14.1091
2119,5.8015,1.6111,13.6899,417.15,45976039.85,3904813.55,240740709.13,268649141.38,509389850.51,36043.41,2.50301425,0.00007846,0.00251088,0.00156930,0.20161489,0.20318419,955876505.67,14.1051
2120,5.8042,1.6109,13.6880,417.41,45980679.29,3904954.94,240768952.70,268656930.33,509425883.03,36032.52,2.50225858,0.00007845,0.00251047,0.00156905,0.20163963,0.20320867,955910538.20,14.1011
2121,5.8070,1.6107,13.6861,417.66,45985318.09,3905096.29,240797187.33,268664717.35,509461904.68,36021.65,2.50150315,0.00007844,0.00251007,0.00156879,0.20166437,0.20323316,955944559.84,14.0971
2122,5.8097,1.6105,13.6841,417.92,45989956.23,3905237.61,240825413.03,268672502.42,509497915.45,36010.77,2.50074796,0.00007843,0.00250966,0.00156854,0.20168912,0.20325766,955978570.61,14.0932
2123,5.8125,1.6102,13.6822,418.17,45994593.72,3905378.89,240853629.80,268680285.55,509533915.35,35999.90,2.49999302,0.00007841,0.00250926,0.00156829,0.20171389,0.20328217,956012570.51,14.0892
2124,5.8152,1.6100,13.6803,418.43,45999230.56,3905520.14,240881837.63,268688066.75,509569904.38,35989.03,2.49923832,0.00007840,0.00250885,0.00156803,0.20173865,0.20330669,956046559.54,14.0852
2125,5.8179,1.6098,13.6784,418.69,46003866.74,3905661.36,240910036.55,268695846.00,509605882.55,35978.17,2.49848386,0.00007839,0.00250845,0.00156778,0.20176343,0.20333121,956080537.71,14.0813
2126,5.8207,1.6096,13.6764,418.94,46008502.28,3905802.54,240938226.54,268703623.32,509641849.85,35967.31,2.49772965,0.00007838,0.00250804,0.00156753,0.20178821,0.20335574,956114505.02,14.0773
2127,5.8234,1.6093,13.6745,419.20,46013137.16,3905943.70,240966407.61,268711398.70,509677806.30,35956.45,2.49697568,0.00007836,0.00250764,0.00156727,0.20181301,0.20338028,956148461.47,14.0733
2128,5.8261,1.6091,13.6726,419.46,46017771.39,3906084.82,240994579.76,268719172.14,509713751.90,35945.60,2.49622196,0.00007835,0.00250723,0.00156702,0.20183781,0.20340483,956182407.06,14.0693
2129,5.8289,1.6089,13.6707,419.71,46022404.97,3906225.90,241022743.00,268726943.65,509749686.65,35934.75,2.49546847,0.00007834,0.00250683,0.00156677,0.20186262,0.20342938,956216341.81,14.0654
2130,5.8316,1.6087,13.6688,419.97,46027037.90,3906366.96,241050897.32,268734713.22,509785610.55,35923.90,2.49471524,0.00007833,0.00250642,0.00156652,0.20188743,0.20345395,956250265.71,14.0614
2131,5.8344,1.6084,13.6668,420.23,46031670.18,3906507.98,241079042.74,268742480.86,509821523.60,35913.06,2.49396224,0.00007831,0.00250602,0.00156626,0.20191226,0.20347852,956284178.77,14.0574
2132,5.8371,1.6082,13.6649,420.48,46036301.81,3906648.96,241107179.25,268750246.57,509857425.82,35902.22,2.49320949,0.00007830,0.00250562,0.00156601,0.20193709,0.20350310,956318080.98,14.0535
2133,5.8398,1.6080,13.6630,420.74,46040932.79,3906789.92,241135306.86,268758010.34,509893317.20,35891.38,2.49245697,0.00007829,0.00250521,0.00156576,0.20196193,0.20352769,956351972.36,14.0495
2134,5.8426,1.6078,13.6611,421.00,46045563.11,3906930.84,241163425.57,268765772.18,509929197.75,35880.55,2.49170471,0.00007828,0.00250481,0.00156550,0.20198678,0.20355228,956385852.91,14.0455
2135,5.8453,1.6075,13.6592,421.25,46050192.79,3907071.73,241191535.38,268773532.08,509965067.47,35869.72,2.49095268,0.00007826,0.00250440,0.00156525,0.20201164,0.20357689,956419722.63,14.0416
2136,5.8480,1.6073,13.6572,421.51,46054821.82,3907212.59,241219636.30,268781290.06,510000926.36,35858.89,2.49020090,0.00007825,0.00250400,0.00156500,0.20203650,0.20360150,956453581.52,14.0376
2137,5.8508,1.6071,13.6553,421.77,46059450.19,3907353.41,241247728.33,268789046.10,510036774.43,35848.07,2.48944936,0.00007824,0.00250360,0.00156475,0.20206137,0.20362612,956487429.59,14.0337
2138,5.8535,1.6068,13.6534,422.03,46064077.91,3907494.20,241275811.46,268796800.22,510072611.68,35837.25,2.48869806,0.00007822,0.00250319,0.00156450,0.20208625,0.20365075,956521266.84,14.0297
2139,5.8563,1.6066,13.6515,422.29,46068704.99,3907634.96,241303885.71,268804552.41,510108438.12,35826.44,2.48794700,0.00007821,0.00250279,0.00156424,0.20211114,0.20367538,956555093.28,14.0257
2140,5.8590,1.6064,13.6496,422.54,46073331.41,3907775.68,241331951.08,268812302.66,510144253.74,35815.63,2.48719619,0.00007820,0.00250238,0.00156399,0.20213604,0.20370003,956588908.91,14.0218
2141,5.8617,1.6062,13.6476,422.80,46077957.19,3907916.37,241360007.57,268820050.99,510180058.56,35804.82,2.48644562,0.00007819,0.00250198,0.00156374,0.20216094,0.20372468,956622713.72,14.0178
2142,5.8645,1.6059,13.6457,423.06,46082582.31,3908057.03,241388055.18,268827797.40,510215852.57,35794.01,2.48569529,0.00007817,0.00250158,0.00156349,0.20218585,0.20374934,956656507.74,14.0139
2143,5.8672,1.6057,13.6438,423.32,46087206.78,3908197.66,241416093.91,268835541.87,510251635.78,35783.21,2.48494520,0.00007816,0.00250117,0.00156323,0.20221077,0.20377401,956690290.95,14.0099
2144,5.8700,1.6055,13.6419,423.58,46091830.61,3908338.25,241444123.77,268843284.42,510287408.20,35772.41,2.48419535,0.00007815,0.00250077,0.00156298,0.20223570,0.20379869,956724063.36,14.0060
2145,5.8727,1.6053,13.6400,423.84,46096453.78,3908478.81,241472144.76,268851025.05,510323169.82,35761.62,2.48344575,0.00007814,0.00250037,0.00156273,0.20226064,0.20382337,956757824.98,14.0020
2146,5.8754,1.6050,13.6381,424.10,46101076.31,3908619.34,241500156.89,268858763.75,510358920.64,35750.83,2.48269639,0.00007812,0.00249996,0.00156248,0.20228558,0.20384806,956791575.81,13.9980
2147,5.8782,1.6048,13.6361,424.36,46105698.18,3908759.84,241528160.15,268866500.53,510394660.68,35740.04,2.48194727,0.00007811,0.00249956,0.00156223,0.20231054,0.20387276,956825315.85,13.9941
2148,5.8809,1.6046,13.6342,424.62,46110319.41,3908900.30,241556154.56,268874235.39,510430389.94,35729.26,2.48119839,0.00007810,0.00249916,0.00156197,0.20233550,0.20389747,956859045.10,13.9901
2149,5.8836,1.6044,13.6323,424.87,46114939.98,3909040.73,241584140.10,268881968.32,510466108.42,35718.48,2.48044975,0.00007809,0.00249876,0.00156172,0.20236046,0.20392219,956892763.58,13.9862
2150,5.8864,1.6041,13.6304,425.13,46119559.91,3909181.12,241612116.79,268889699.33,510501816.12,35707.70,2.47970135,0.00007807,0.00249835,0.00156147,0.20238544,0.20394691,956926471.28,13.9822
2151,5.8891,1.6039,13.6285,425.39,46124179.19,3909321.49,241640084.62,268897428.42,510537513.04,35696.93,2.47895320,0.00007806,0.00249795,0.00156122,0.20241042,0.20397164,956960168.21,13.9783
2152,5.8919,1.6037,13.6266,425.65,46128797.82,3909461.82,241668043.61,268905155.59,510573199.20,35686.16,2.47820528,0.00007805,0.00249755,0.00156097,0.20243542,0.20399638,956993854.36,13.9743
2153,5.8946,1.6035,13.6246,425.92,46133415.80,3909602.12,241695993.75,268912880.84,510608874.59,35675.39,2.47745761,0.00007804,0.00249714,0.00156072,0.20246042,0.20402113,957027529.75,13.9704
2154,5.8973,1.6032,13.6227,426.18,46138033.13,3909742.38,241723935.05,268920604.17,510644539.21,35664.63,2.47671018,0.00007802,0.00249674,0.00156046,0.20248542,0.20404589,957061194.38,13.9665
2155,5.9001,1.6030,13.6208,426.44,46142649.81,3909882.62,241751867.50,268928325.58,510680193.08,35653.87,2.47596299,0.00007801,0.00249634,0.00156021,0.20251044,0.20407065,957094848.24,13.9625
2156,5.9028,1.6028,13.6189,426.70,46147265.84,3910022.82,241779791.12,268936045.08,510715836.19,35643.11,2.47521604,0.00007800,0.00249594,0.00155996,0.20253546,0.20409542,957128491.36,13.9586
2157,5.9055,1.6026,13.6170,426.96,46151881.23,3910162.99,241807705.90,268943762.65,510751468.55,35632.36,2.47446933,0.00007799,0.00249553,0.00155971,0.20256050,0.20412021,957162123.71,13.9546
2158,5.9083,1.6023,13.6151,427.22,46156495.96,3910303.12,241835611.84,268951478.32,510787090.16,35621.61,2.47372286,0.00007797,0.00249513,0.00155946,0.20258554,0.20414499,957195745.32,13.9507
2159,5.9110,1.6021,13.6132,427.48,46161110.05,3910443.22,241863508.96,268959192.06,510822701.02,35610.86,2.47297663,0.00007796,0.00249473,0.00155921,0.20261058,0.20416979,957229356.19,13.9467
2160,5.9138,1.6019,13.6112,427.74,46165723.49,3910583.29,241891397.25,268966903.89,510858301.14,35600.12,2.47223064,0.00007795,0.00249433,0.00155896,0.20263564,0.20419459,957262956.31,13.9428
2161,5.9165,1.6017,13.6093,428.00,46170336.28,3910723.33,241919276.72,268974613.81,510893890.53,35589.38,2.47148490,0.00007794,0.00249393,0.00155870,0.20266070,0.20421941,957296545.69,13.9388
2162,5.9192,1.6014,13.6074,428.27,46174948.42,3910863.34,241947147.36,268982321.81,510929469.17,35578.65,2.47073939,0.00007792,0.00249352,0.00155845,0.20268577,0.20424423,957330124.34,13.9349
2163,5.9220,1.6012,13.6055,428.53,46179559.92,3911003.31,241975009.19,268990027.90,510965037.09,35567.92,2.46999412,0.00007791,0.00249312,0.00155820,0.20271085,0.20426906,957363692.25,13.9310
2164,5.9247,1.6010,13.6036,428.79,46184170.76,3911143.25,242002862.20,268997732.08,511000594.28,35557.19,2.46924910,0.00007790,0.00249272,0.00155795,0.20273594,0.20429389,957397249.44,13.9270
2165,5.9274,1.6008,13.6017,429.05,46188780.96,3911283.16,242030706.39,269005434.35,511036140.74,35546.46,2.46850431,0.00007788,0.00249232,0.00155770,0.20276104,0.20431874,957430795.90,13.9231
2166,5.9302,1.6005,13.5998,429.31,46193390.51,3911423.03,242058541.78,269013134.70,511071676.48,35535.74,2.46775976,0.00007787,0.00249192,0.00155745,0.20278614,0.20434359,957464331.64,13.9192
2167,5.9329,1.6003,13.5979,429.58,46197999.41,3911562.87,242086368.35,269020833.15,511107201.50,35525.02,2.46701546,0.00007786,0.00249152,0.00155720,0.20281125,0.20436845,957497856.66,13.9152
2168,5.9357,1.6001,13.5960,429.84,46202607.67,3911702.68,242114186.13,269028529.68,511142715.81,35514.31,2.46627139,0.00007785,0.00249111,0.00155695,0.20283637,0.20439332,957531370.97,13.9113
2169,5.9384,1.5999,13.5940,430.10,46207215.28,3911842.46,242141995.10,269036224.31,511178219.41,35503.60,2.46552756,0.00007783,0.00249071,0.00155670,0.20286150,0.20441819,957564874.57,13.9074
2170,5.9411,1.5996,13.5921,430.36,46211822.24,3911982.20,242169795.27,269043917.03,511213712.30,35492.89,2.46478397,0.00007782,0.00249031,0.00155645,0.20288663,0.20444308,957598367.46,13.9034
2171,5.9439,1.5994,13.5902,430.63,46216428.55,3912121.91,242197586.64,269051607.84,511249194.48,35482.19,2.46404063,0.00007781,0.00248991,0.00155619,0.20291178,0.20446797,957631849.64,13.8995
2172,5.9466,1.5992,13.5883,430.89,46221034.22,3912261.59,242225369.22,269059296.74,511284665.97,35471.48,2.46329752,0.00007780,0.00248951,0.00155594,0.20293693,0.20449287,957665321.13,13.8956
2173,5.9493,1.5990,13.5864,431.15,46225639.24,3912401.24,242253143.01,269066983.74,511320126.75,35460.79,2.46255465,0.00007778,0.00248911,0.00155569,0.20296209,0.20451778,957698781.92,13.8916
2174,5.9521,1.5987,13.5845,431.42,46230243.61,3912540.86,242280908.02,269074668.83,511355576.85,35450.09,2.46181202,0.00007777,0.00248871,0.00155544,0.20298725,0.20454269,957732232.01,13.8877
2175,5.9548,1.5985,13.5826,431.68,46234847.33,3912680.44,242308664.23,269082352.02,511391016.25,35439.40,2.46106963,0.00007776,0.00248831,0.00155519,0.20301243,0.20456762,957765671.41,13.8838
2176,5.9576,1.5983,13.5807,431.95,46239450.41,3912819.99,242336411.67,269090033.30,511426444.96,35428.72,2.46032748,0.00007775,0.00248791,0.00155494,0.20303761,0.20459255,957799100.13,13.8798
2177,5.9603,1.5981,13.5788,432.21,46244052.84,3912959.50,242364150.32,269097712.68,511461863.00,35418.03,2.45958557,0.00007773,0.00248751,0.00155469,0.20306280,0.20461749,957832518.16,13.8759
2178,5.9630,1.5978,13.5769,432.47,46248654.62,3913098.99,242391880.20,269105390.15,511497270.35,35407.35,2.45884389,0.00007772,0.00248711,0.00155444,0.20308800,0.20464244,957865925.51,13.8720
2179,5.9658,1.5976,13.5750,432.74,46253255.76,3913238.44,242419601.30,269113065.73,511532667.02,35396.68,2.45810246,0.00007771,0.00248670,0.00155419,0.20311320,0.20466740,957899322.19,13.8681
2180,5.9685,1.5974,13.5730,433.00,46257856.25,3913377.86,242447313.63,269120739.40,511568053.03,35386.00,2.45736126,0.00007770,0.00248630,0.00155394,0.20313842,0.20469236,957932708.19,13.8641
2181,5.9713,1.5972,13.5711,433.27,46262456.10,3913517.25,242475017.19,269128411.17,511603428.36,35375.33,2.45662031,0.00007768,0.00248590,0.00155369,0.20316364,0.20471733,957966083.52,13.8602
2182,5.9740,1.5969,13.5692,433.53,46267055.29,3913656.60,242502711.99,269136081.04,511638793.02,35364.67,2.45587959,0.00007767,0.00248550,0.00155344,0.20318887,0.20474231,957999448.19,13.8563
2183,5.9767,1.5967,13.5673,433.80,46271653.85,3913795.93,242530398.02,269143749.01,511674147.03,35354.00,2.45513911,0.00007766,0.00248510,0.00155319,0.20321411,0.20476730,958032802.19,13.8524
2184,5.9795,1.5965,13.5654,434.06,46276251.75,3913935.22,242558075.29,269151415.08,511709490.37,35343.34,2.45439887,0.00007765,0.00248470,0.00155294,0.20323936,0.20479229,958066145.53,13.8485
2185,5.9822,1.5963,13.5635,434.33,46280849.01,3914074.47,242585743.81,269159079.25,511744823.06,35332.69,2.45365887,0.00007763,0.00248430,0.00155269,0.20326461,0.20481730,958099478.22,13.8445
2186,5.9849,1.5960,13.5616,434.60,46285445.62,3914213.70,242613403.56,269166741.53,511780145.09,35322.04,2.45291910,0.00007762,0.00248390,0.00155244,0.20328987,0.20484231,958132800.26,13.8406
2187,5.9877,1.5958,13.5597,434.86,46290041.59,3914352.89,242641054.57,269174401.91,511815456.48,35311.39,2.45217958,0.00007761,0.00248350,0.00155219,0.20331514,0.20486733,958166111.64,13.8367
2188,5.9904,1.5956,13.5578,435.13,46294636.91,3914492.05,242668696.83,269182060.39,511850757.22,35300.74,2.45144029,0.00007760,0.00248310,0.00155194,0.20334042,0.20489236,958199412.38,13.8328
2189,5.9932,1.5954,13.5559,435.39,46299231.59,3914631.18,242696330.34,269189716.98,511886047.32,35290.10,2.45070124,0.00007758,0.00248270,0.00155169,0.20336570,0.20491739,958232702.48,13.8289
2190,5.9959,1.5951,13.5540,435.66,46303825.62,3914770.28,242723955.11,269197371.67,511921326.78,35279.46,2.44996243,0.00007757,0.00248230,0.00155144,0.20339100,0.20494244,958265981.94,13.8249
2191,5.9986,1.5949,13.5521,435.93,46308419.00,3914909.34,242751571.14,269205024.46,511956595.60,35268.82,2.44922385,0.00007756,0.00248190,0.00155119,0.20341630,0.20496749,958299250.76,13.8210
2192,6.0014,1.5947,13.5502,436.19,46313011.74,3915048.37,242779178.42,269212675.37,511991853.79,35258.19,2.44848552,0.00007755,0.00248151,0.00155094,0.20344161,0.20499255,958332508.95,13.8171
2193,6.0041,1.5945,13.5483,436.46,46317603.84,3915187.37,242806776.98,269220324.38,512027101.35,35247.56,2.44774742,0.00007753,0.00248111,0.00155069,0.20346692,0.20501762,958365756.52,13.8132
2194,6.0068,1.5943,13.5464,436.73,46322195.29,3915326.34,242834366.80,269227971.50,512062338.29,35236.94,2.44700956,0.00007752,0.00248071,0.00155044,0.20349225,0.20504269,958398993.45,13.8093
2195,6.0096,1.5940,13.5445,436.99,46326786.09,3915465.28,242861947.89,269235616.72,512097564.61,35226.32,2.44627194,0.00007751,0.00248031,0.00155019,0.20351758,0.20506777,958432219.77,13.8054
2196,6.0123,1.5938,13.5426,437.26,46331376.25,3915604.18,242889520.25,269243260.06,512132780.31,35215.70,2.44553455,0.00007750,0.00247991,0.00154994,0.20354292,0.20509287,958465435.47,13.8015
2197,6.0151,1.5936,13.5407,437.53,46335965.76,3915743.05,242917083.89,269250901.50,512167985.39,35205.08,2.44479740,0.00007748,0.00247951,0.00154969,0.20356827,0.20511796,958498640.55,13.7976
2198,6.0178,1.5934,13.5388,437.80,46340554.63,3915881.89,242944638.80,269258541.06,512203179.86,35194.47,2.44406049,0.00007747,0.00247911,0.00154944,0.20359363,0.20514307,958531835.02,13.7936
2199,6.0205,1.5931,13.5369,438.06,46345142.85,3916020.69,242972185.00,269266178.72,512238363.72,35183.86,2.44332382,0.00007746,0.00247871,0.00154919,0.20361899,0.20516819,958565018.88,13.7897
2200,6.0233,1.5929,13.5350,438.33,46349730.43,3916159.47,242999722.48,269273814.50,512273536.98,35173.26,2.44258738,0.00007745,0.00247831,0.00154895,0.20364436,0.20519331,958598192.14,13.7858
2201,6.0260,1.5927,13.5330,438.60,46354317.37,3916298.21,243027251.25,269281448.39,512308699.64,35162.66,2.44185118,0.00007743,0.00247791,0.00154870,0.20366974,0.20521844,958631354.80,13.7819
2202,6.0287,1.5925,13.5311,438.87,46358903.66,3916436.92,243054771.31,269289080.39,512343851.70,35152.06,2.44111522,0.00007742,0.00247751,0.00154845,0.20369513,0.20524358,958664506.86,13.7780
2203,6.0315,1.5922,13.5292,439.14,46363489.30,3916575.59,243082282.66,269296710.51,512378993.16,35141.46,2.44037950,0.00007741,0.00247712,0.00154820,0.20372053,0.20526873,958697648.32,13.7741
2204,6.0342,1.5920,13.5273,439.40,46368074.30,3916714.24,243109785.30,269304338.74,512414124.04,35130.87,2.43964401,0.00007740,0.00247672,0.00154795,0.20374593,0.20529388,958730779.20,13.7702
2205,6.0370,1.5918,13.5254,439.67,46372658.66,3916852.85,243137279.24,269311965.08,512449244.32,35120.29,2.43890876,0.00007738,0.00247632,0.00154770,0.20377134,0.20531904,958763899.48,13.7663
2206,6.0397,1.5916,13.5235,439.94,46377242.37,3916991.43,243164764.48,269319589.54,512484354.02,35109.70,2.43817374,0.00007737,0.00247592,0.00154745,0.20379676,0.20534421,958797009.19,13.7624
2207,6.0424,1.5913,13.5216,440.21,46381825.44,3917129.98,243192241.03,269327212.12,512519453.14,35099.12,2.43743896,0.00007736,0.00247552,0.00154720,0.20382219,0.20536939,958830108.31,13.7585
2208,6.0452,1.5911,13.5197,440.48,46386407.86,3917268.50,243219708.88,269334832.81,512554541.69,35088.54,2.43670442,0.00007735,0.00247512,0.00154695,0.20384763,0.20539458,958863196.85,13.7546
2209,6.0479,1.5909,13.5178,440.75,46390989.64,3917406.98,243247168.04,269342451.62,512589619.66,35077.97,2.43597011,0.00007734,0.00247473,0.00154670,0.20387307,0.20541977,958896274.82,13.7507
2210,6.0507,1.5907,13.5159,441.02,46395570.78,3917545.43,243274618.51,269350068.55,512624687.06,35067.40,2.43523605,0.00007732,0.00247433,0.00154646,0.20389852,0.20544498,958929342.22,13.7468
2211,6.0534,1.5904,13.5140,441.29,46400151.27,3917683.85,243302060.29,269357683.60,512659743.89,35056.83,2.43450221,0.00007731,0.00247393,0.00154621,0.20392398,0.20547019,958962399.05,13.7429
2212,6.0561,1.5902,13.5121,441.56,46404731.12,3917822.24,243329493.39,269365296.76,512694790.16,35046.27,2.43376862,0.00007730,0.00247353,0.00154596,0.20394945,0.20549540,958995445.32,13.7390
2213,6.0589,1.5900,13.5102,441.83,46409310.33,3917960.60,243356917.82,269372908.05,512729825.86,35035.71,2.43303525,0.00007729,0.00247313,0.00154571,0.20397492,0.20552063,959028481.03,13.7351
2214,6.0616,1.5898,13.5083,442.10,46413888.89,3918098.92,243384333.56,269380517.46,512764851.01,35025.15,2.43230213,0.00007727,0.00247274,0.00154546,0.20400040,0.20554586,959061506.18,13.7312
2215,6.0643,1.5896,13.5064,442.37,46418466.81,3918237.21,243411740.63,269388124.98,512799865.61,35014.60,2.43156924,0.00007726,0.00247234,0.00154521,0.20402589,0.20557110,959094520.77,13.7273
2216,6.0671,1.5893,13.5046,442.64,46423044.08,3918375.47,243439139.02,269395730.64,512834869.66,35004.05,2.43083659,0.00007725,0.00247194,0.00154496,0.20405139,0.20559635,959127524.82,13.7234
2217,6.0698,1.5891,13.5027,442.91,46427620.72,3918513.70,243466528.75,269403334.41,512869863.16,34993.50,2.43010417,0.00007724,0.00247154,0.00154471,0.20407690,0.20562161,959160518.32,13.7195
2218,6.0726,1.5889,13.5008,443.18,46432196.70,3918651.90,243493909.81,269410936.31,512904846.12,34982.96,2.42937199,0.00007722,0.00247115,0.00154447,0.20410241,0.20564688,959193501.28,13.7157
2219,6.0753,1.5887,13.4989,443.45,46436772.05,3918790.06,243521282.21,269418536.33,512939818.53,34972.42,2.42864004,0.00007721,0.00247075,0.00154422,0.20412793,0.20567215,959226473.69,13.7118
2220,6.0780,1.5884,13.4970,443.72,46441346.75,3918928.19,243548645.94,269426134.47,512974780.41,34961.88,2.42790833,0.00007720,0.00247035,0.00154397,0.20415346,0.20569743,959259435.57,13.7079
2221,6.0808,1.5882,13.4951,443.99,46445920.81,3919066.29,243576001.02,269433730.74,513009731.76,34951.35,2.42717686,0.00007719,0.00246995,0.00154372,0.20417900,0.20572272,959292386.92,13.7040
2222,6.0835,1.5880,13.4932,444.27,46450494.23,3919204.36,243603347.44,269441325.14,513044672.58,34940.82,2.42644562,0.00007717,0.00246956,0.00154347,0.20420455,0.20574802,959325327.74,13.7001
2223,6.0862,1.5878,13.4913,444.54,46455067.01,3919342.40,243630685.21,269448917.66,513079602.87,34930.29,2.42571462,0.00007716,0.00246916,0.00154323,0.20423010,0.20577332,959358258.03,13.6962
2224,6.0890,1.5875,13.4894,444.81,46459639.14,3919480.40,243658014.32,269456508.31,513114522.63,34919.77,2.42498385,0.00007715,0.00246876,0.00154298,0.20425566,0.20579864,959391177.80,13.6923
2225,6.0917,1.5873,13.4875,445.08,46464210.63,3919618.37,243685334.79,269464097.09,513149431.88,34909.25,2.42425331,0.00007714,0.00246837,0.00154273,0.20428123,0.20582396,959424087.04,13.6884
2226,6.0945,1.5871,13.4856,445.35,46468781.48,3919756.31,243712646.62,269471683.99,513184330.61,34898.73,2.42352301,0.00007712,0.00246797,0.00154248,0.20430681,0.20584929,959456985.78,13.6846
2227,6.0972,1.5869,13.4837,445.63,46473351.68,3919894.22,243739949.80,269479269.03,513219218.83,34888.22,2.42279295,0.00007711,0.00246757,0.00154223,0.20433239,0.20587462,959489873.99,13.6807
2228,6.0999,1.5867,13.4818,445.90,46477921.24,3920032.10,243767244.35,269486852.19,513254096.54,34877.71,2.42206312,0.00007710,0.00246718,0.00154199,0.20435798,0.20589997,959522751.70,13.6768
2229,6.1027,1.5864,13.4799,446.17,46482490.17,3920169.94,243794530.25,269494433.49,513288963.74,34867.20,2.42133353,0.00007709,0.00246678,0.00154174,0.20438358,0.20592532,959555618.91,13.6729
2230,6.1054,1.5862,13.4780,446.44,46487058.44,3920307.75,243821807.53,269502012.92,513323820.44,34856.70,2.42060417,0.00007707,0.00246638,0.00154149,0.20440919,0.20595068,959588475.61,13.6690
2231,6.1081,1.5860,13.4761,446.72,46491626.08,3920445.54,243849076.17,269509590.47,513358666.64,34846.20,2.41987504,0.00007706,0.00246599,0.00154124,0.20443481,0.20597605,959621321.81,13.6651
2232,6.1109,1.5858,13.4742,446.99,46496193.08,3920583.28,243876336.18,269517166.17,513393502.35,34835.70,2.41914615,0.00007705,0.00246559,0.00154099,0.20446043,0.20600142,959654157.51,13.6613
2233,6.1136,1.5855,13.4723,447.26,46500759.43,3920721.00,243903587.57,269524739.99,513428327.56,34825.21,2.41841750,0.00007704,0.00246519,0.00154075,0.20448606,0.20602681,959686982.72,13.6574
2234,6.1164,1.5853,13.4704,447.54,46505325.14,3920858.69,243930830.34,269532311.95,513463142.28,34814.72,2.41768907,0.00007702,0.00246480,0.00154050,0.20451170,0.20605220,959719797.45,13.6535
2235,6.1191,1.5851,13.4685,447.81,46509890.21,3920996.34,243958064.48,269539882.04,513497946.52,34804.24,2.41696089,0.00007701,0.00246440,0.00154025,0.20453735,0.20607760,959752601.68,13.6496
2236,6.1218,1.5849,13.4666,448.08,46514454.64,3921133.96,243985290.01,269547450.27,513532740.27,34793.75,2.41623293,0.00007700,0.00246401,0.00154000,0.20456300,0.20610301,959785395.44,13.6458
2237,6.1246,1.5846,13.4648,448.36,46519018.43,3921271.55,244012506.92,269555016.63,513567523.55,34783.28,2.41550522,0.00007699,0.00246361,0.00153976,0.20458867,0.20612842,959818178.71,13.6419
2238,6.1273,1.5844,13.4629,448.63,46523581.57,3921409.11,244039715.22,269562581.13,513602296.35,34772.80,2.41477773,0.00007698,0.00246321,0.00153951,0.20461434,0.20615385,959850951.51,13.6380
2239,6.1300,1.5842,13.4610,448.91,46528144.08,3921546.63,244066914.91,269570143.76,513637058.68,34762.33,2.41405048,0.00007696,0.00246282,0.00153926,0.20464002,0.20617928,959883713.84,13.6341
2240,6.1328,1.5840,13.4591,449.18,46532705.94,3921684.13,244094106.00,269577704.53,513671810.53,34751.86,2.41332346,0.00007695,0.00246242,0.00153901,0.20466570,0.20620472,959916465.70,13.6303
2241,6.1355,1.5838,13.4572,449.46,46537267.16,3921821.59,244121288.48,269585263.45,513706551.93,34741.39,2.41259668,0.00007694,0.00246203,0.00153877,0.20469140,0.20623016,959949207.09,13.6264
2242,6.1383,1.5835,13.4553,449.73,46541827.75,3921959.02,244148462.36,269592820.49,513741282.86,34730.93,2.41187013,0.00007693,0.00246163,0.00153852,0.20471710,0.20625562,959981938.02,13.6225
2243,6.1410,1.5833,13.4534,450.01,46546387.69,3922096.42,244175627.64,269600375.68,513776003.33,34720.47,2.41114381,0.00007691,0.00246124,0.00153827,0.20474281,0.20628108,960014658.49,13.6187
2244,6.1437,1.5831,13.4515,450.28,46550946.99,3922233.79,244202784.33,269607929.01,513810713.34,34710.02,2.41041773,0.00007690,0.00246084,0.00153803,0.20476853,0.20630655,960047368.50,13.6148
2245,6.1465,1.5829,13.4496,450.56,46555505.65,3922371.12,244229932.42,269615480.48,513845412.90,34699.56,2.40969188,0.00007689,0.00246045,0.00153778,0.20479425,0.20633203,960080068.07,13.6109
2246,6.1492,1.5826,13.4477,450.83,46560063.66,3922508.42,244257071.92,269623030.10,513880102.02,34689.11,2.40896627,0.00007688,0.00246005,0.00153753,0.20481998,0.20635752,960112757.18,13.6071
2247,6.1520,1.5824,13.4458,451.11,46564621.04,3922645.70,244284202.84,269630577.85,513914780.69,34678.67,2.40824089,0.00007686,0.00245966,0.00153728,0.20484572,0.20638301,960145435.85,13.6032
2248,6.1547,1.5822,13.4440,451.38,46569177.78,3922782.94,244311325.17,269638123.75,513949448.91,34668.23,2.40751574,0.00007685,0.00245926,0.00153704,0.20487147,0.20640851,960178104.08,13.5993
2249,6.1574,1.5820,13.4421,451.66,46573733.88,3922920.14,244338438.92,269645667.78,513984106.70,34657.79,2.40679082,0.00007684,0.00245887,0.00153679,0.20489723,0.20643402,960210761.86,13.5955
2250,6.1602,1.5818,13.4402,451.94,46578289.33,3923057.32,244365544.09,269653209.97,514018754.05,34647.35,2.40606614,0.00007683,0.00245847,0.00153654,0.20492299,0.20645954,960243409.22,13.5916
2251,6.1629,1.5815,13.4383,452.21,46582844.15,3923194.47,244392640.68,269660750.30,514053390.97,34636.92,2.40534169,0.00007681,0.00245808,0.00153630,0.20494877,0.20648506,960276046.14,13.5877
2252,6.1656,1.5813,13.4364,452.49,46587398.33,3923331.58,244419728.70,269668288.77,514088017.47,34626.49,2.40461747,0.00007680,0.00245768,0.00153605,0.20497455,0.20651060,960308672.63,13.5839
2253,6.1684,1.5811,13.4345,452.77,46591951.87,3923468.66,244446808.14,269675825.39,514122633.53,34616.07,2.40389349,0.00007679,0.00245729,0.00153580,0.20500034,0.20653614,960341288.70,13.5800
2254,6.1711,1.5809,13.4326,453.04,46596504.76,3923605.71,244473879.02,269683360.15,514157239.18,34605.64,2.40316974,0.00007678,0.00245689,0.00153556,0.20502613,0.20656169,960373894.34,13.5761
2255,6.1739,1.5806,13.4307,453.32,46601057.02,3923742.73,244500941.33,269690893.07,514191834.40,34595.23,2.40244622,0.00007677,0.00245650,0.00153531,0.20505193,0.20658725,960406489.56,13.5723
2256,6.1766,1.5804,13.4289,453.60,46605608.64,3923879.72,244527995.08,269698424.13,514226419.21,34584.81,2.40172293,0.00007675,0.00245610,0.00153506,0.20507775,0.20661281,960439074.38,13.5684
2257,6.1793,1.5802,13.4270,453.87,46610159.62,3924016.67,244555040.27,269705953.34,514260993.61,34574.40,2.40099988,0.00007674,0.00245571,0.00153482,0.20510356,0.20663838,960471648.77,13.5646
2258,6.1821,1.5800,13.4251,454.15,46614709.96,3924153.59,244582076.91,269713480.69,514295557.60,34563.99,2.40027706,0.00007673,0.00245531,0.00153457,0.20512939,0.20666396,960504212.76,13.5607
2259,6.1848,1.5798,13.4232,454.43,46619259.66,3924290.49,244609104.98,269721006.20,514330111.18,34553.58,2.39955447,0.00007672,0.00245492,0.00153433,0.20515523,0.20668955,960536766.35,13.5569
2260,6.1875,1.5795,13.4213,454.71,46623808.72,3924427.35,244636124.51,269728529.86,514364654.37,34543.18,2.39883211,0.00007670,0.00245453,0.00153408,0.20518107,0.20671515,960569309.53,13.5530
2261,6.1903,1.5793,13.4194,454.99,46628357.14,3924564.18,244663135.48,269736051.67,514399187.15,34532.78,2.39810999,0.00007669,0.00245413,0.00153383,0.20520692,0.20674075,960601842.31,13.5492
2262,6.1930,1.5791,13.4175,455.26,46632904.92,3924700.97,244690137.91,269743571.63,514433709.54,34522.39,2.39738810,0.00007668,0.00245374,0.00153359,0.20523278,0.20676636,960634364.70,13.5453
2263,6.1958,1.5789,13.4156,455.54,46637452.06,3924837.74,244717131.79,269751089.74,514468221.54,34512.00,2.39666644,0.00007667,0.00245334,0.00153334,0.20525864,0.20679198,960666876.70,13.5414
2264,6.1985,1.5786,13.4138,455.82,46641998.56,3924974.47,244744117.14,269758606.01,514502723.14,34501.61,2.39594501,0.00007665,0.00245295,0.00153309,0.20528452,0.20681761,960699378.31,13.5376
2265,6.2012,1.5784,13.4119,456.10,46646544.43,3925111.18,244771093.94,269766120.43,514537214.37,34491.22,2.39522381,0.00007664,0.00245256,0.00153285,0.20531040,0.20684325,960731869.53,13.5337
2266,6.2040,1.5782,13.4100,456.38,46651089.65,3925247.85,244798062.21,269773633.00,514571695.21,34480.84,2.39450285,0.00007663,0.00245216,0.00153260,0.20533629,0.20686889,960764350.37,13.5299
2267,6.2067,1.5780,13.4081,456.66,46655634.24,3925384.49,244825021.94,269781143.73,514606165.67,34470.46,2.39378212,0.00007662,0.00245177,0.00153236,0.20536218,0.20689454,960796820.83,13.5260
2268,6.2094,1.5778,13.4062,456.94,46660178.19,3925521.09,244851973.14,269788652.61,514640625.76,34460.09,2.39306161,0.00007661,0.00245138,0.00153211,0.20538809,0.20692020,960829280.92,13.5222
2269,6.2122,1.5775,13.4043,457.22,46664721.50,3925657.67,244878915.82,269796159.65,514675075.47,34449.72,2.39234135,0.00007659,0.00245098,0.00153186,0.20541400,0.20694587,960861730.64,13.5184
2270,6.2149,1.5773,13.4025,457.50,46669264.17,3925794.22,244905849.97,269803664.85,514709514.82,34439.35,2.39162131,0.00007658,0.00245059,0.00153162,0.20543992,0.20697154,960894169.98,13.5145
2271,6.2177,1.5771,13.4006,457.78,46673806.21,3925930.73,244932775.60,269811168.20,514743943.80,34428.98,2.39090150,0.00007657,0.00245020,0.00153137,0.20546585,0.20699722,960926598.96,13.5107
2272,6.2204,1.5769,13.3987,458.06,46678347.60,3926067.21,244959692.71,269818669.72,514778362.42,34418.62,2.39018193,0.00007656,0.00244980,0.00153113,0.20549179,0.20702291,960959017.58,13.5068
2273,6.2231,1.5767,13.3968,458.34,46682888.36,3926203.66,244986601.30,269826169.39,514812770.68,34408.26,2.38946258,0.00007654,0.00244941,0.00153088,0.20551773,0.20704861,960991425.85,13.5030
2274,6.2259,1.5764,13.3949,458.62,46687428.48,3926340.08,245013501.37,269833667.22,514847168.59,34397.91,2.38874347,0.00007653,0.00244902,0.00153064,0.20554368,0.20707432,961023823.75,13.4991
2275,6.2286,1.5762,13.3930,458.90,46691967.96,3926476.47,245040392.94,269841163.21,514881556.14,34387.55,2.38802459,0.00007652,0.00244862,0.00153039,0.20556964,0.20710003,961056211.31,13.4953
2276,6.2313,1.5760,13.3912,459.18,46696506.80,3926612.83,245067275.99,269848657.36,514915933.35,34377.21,2.38730593,0.00007651,0.00244823,0.00153014,0.20559561,0.20712575,961088588.51,13.4914
2277,6.2341,1.5758,13.3893,459.46,46701045.01,3926749.15,245094150.54,269856149.67,514950300.21,34366.86,2.38658751,0.00007649,0.00244784,0.00152990,0.20562158,0.20715148,961120955.37,13.4876
2278,6.2368,1.5755,13.3874,459.74,46705582.57,3926885.44,245121016.59,269863640.14,514984656.73,34356.52,2.38586933,0.00007648,0.00244745,0.00152965,0.20564756,0.20717722,961153311.89,13.4838
2279,6.2396,1.5753,13.3855,460.02,46710119.50,3927021.71,245147874.13,269871128.77,515019002.91,34346.18,2.38515137,0.00007647,0.00244705,0.00152941,0.20567355,0.20720296,961185658.07,13.4799
2280,6.2423,1.5751,13.3836,460.30,46714655.80,3927157.94,245174723.18,269878615.57,515053338.75,34335.84,2.38443364,0.00007646,0.00244666,0.00152916,0.20569955,0.20722871,961217993.91,13.4761
2281,6.2450,1.5749,13.3818,460.58,46719191.45,3927294.14,245201563.73,269886100.54,515087664.26,34325.51,2.38371614,0.00007645,0.00244627,0.00152892,0.20572556,0.20725448,961250319.43,13.4723
2282,6.2478,1.5747,13.3799,460.86,46723726.47,3927430.30,245228395.79,269893583.66,515121979.45,34315.18,2.38299888,0.00007643,0.00244588,0.00152867,0.20575157,0.20728024,961282634.61,13.4684
2283,6.2505,1.5744,13.3780,461.15,46728260.85,3927566.44,245255219.35,269901064.95,515156284.31,34304.86,2.38228184,0.00007642,0.00244548,0.00152843,0.20577759,0.20730602,961314939.47,13.4646
2284,6.2533,1.5742,13.3761,461.43,46732794.59,3927702.55,245282034.43,269908544.41,515190578.84,34294.54,2.38156503,0.00007641,0.00244509,0.00152818,0.20580362,0.20733180,961347234.00,13.4608
2285,6.2560,1.5740,13.3742,461.71,46737327.70,3927838.62,245308841.03,269916022.03,515224863.06,34284.22,2.38084846,0.00007640,0.00244470,0.00152794,0.20582966,0.20735760,961379518.22,13.4569
2286,6.2587,1.5738,13.3724,461.99,46741860.17,3927974.66,245335639.14,269923497.82,515259136.96,34273.90,2.38013211,0.00007638,0.00244431,0.00152769,0.20585570,0.20738339,961411792.12,13.4531
2287,6.2615,1.5736,13.3705,462.28,46746392.00,3928110.67,245362428.77,269930971.78,515293400.55,34263.59,2.37941600,0.00007637,0.00244391,0.00152745,0.20588176,0.20740920,961444055.72,13.4493
2288,6.2642,1.5733,13.3686,462.56,46750923.20,3928246.65,245389209.93,269938443.90,515327653.83,34253.28,2.37870011,0.00007636,0.00244352,0.00152720,0.20590782,0.20743502,961476309.00,13.4454
2289,6.2669,1.5731,13.3667,462.84,46755453.75,3928382.60,245415982.61,269945914.20,515361896.81,34242.98,2.37798445,0.00007635,0.00244313,0.00152696,0.20593388,0.20746084,961508551.97,13.4416
2290,6.2697,1.5729,13.3648,463.12,46759983.68,3928518.52,245442746.82,269953382.66,515396129.48,34232.67,2.37726903,0.00007634,0.00244274,0.00152671,0.20595996,0.20748667,961540784.65,13.4378
2291,6.2724,1.5727,13.3630,463.41,46764512.96,3928654.41,245469502.57,269960849.29,515430351.86,34222.38,2.37655383,0.00007632,0.00244235,0.00152647,0.20598604,0.20751251,961573007.02,13.4339
2292,6.2752,1.5724,13.3611,463.69,46769041.61,3928790.26,245496249.84,269968314.10,515464563.94,34212.08,2.37583887,0.00007631,0.00244196,0.00152622,0.20601213,0.20753836,961605219.10,13.4301
2293,6.2779,1.5722,13.3592,463.97,46773569.62,3928926.08,245522988.65,269975777.07,515498765.73,34201.79,2.37512413,0.00007630,0.00244156,0.00152598,0.20603823,0.20756421,961637420.89,13.4263
2294,6.2806,1.5720,13.3573,464.26,46778097.00,3929061.88,245549719.01,269983238.22,515532957.23,34191.50,2.37440962,0.00007629,0.00244117,0.00152573,0.20606434,0.20759007,961669612.39,13.4225
2295,6.2834,1.5718,13.3555,464.54,46782623.74,3929197.64,245576440.90,269990697.54,515567138.44,34181.21,2.37369535,0.00007627,0.00244078,0.00152549,0.20609045,0.20761594,961701793.60,13.4186
2296,6.2861,1.5716,13.3536,464.83,46787149.84,3929333.37,245603154.34,269998155.03,515601309.37,34170.93,2.37298130,0.00007626,0.00244039,0.00152524,0.20611657,0.20764182,961733964.53,13.4148
2297,6.2888,1.5713,13.3517,465.11,46791675.31,3929469.07,245629859.32,270005610.70,515635470.02,34160.65,2.37226748,0.00007625,0.00244000,0.00152500,0.20614270,0.20766770,961766125.18,13.4110
2298,6.2916,1.5711,13.3498,465.39,46796200.15,3929604.73,245656555.86,270013064.54,515669620.40,34150.38,2.37155389,0.00007624,0.00243961,0.00152475,0.20616884,0.20769360,961798275.56,13.4072
2299,6.2943,1.5709,13.3480,465.68,46800724.34,3929740.37,245683243.95,270020516.55,515703760.50,34140.10,2.37084053,0.00007623,0.00243922,0.00152451,0.20619499,0.20771950,961830415.66,13.4033
2300,6.2971,1.5707,13.3461,465.96,46805247.90,3929875.98,245709923.59,270027966.74,515737890.33,34129.83,2.37012740,0.00007621,0.00243883,0.00152427,0.20622114,0.20774541,961862545.50,13.3995
2301,6.2998,1.5705,13.3442,466.25,46809770.83,3930011.55,245736594.79,270035415.11,515772009.90,34119.57,2.36941449,0.00007620,0.00243843,0.00152402,0.20624730,0.20777132,961894665.07,13.3957
2302,6.3025,1.5702,13.3423,466.53,46814293.12,3930147.09,245763257.55,270042861.66,515806119.21,34109.31,2.36870182,0.00007619,0.00243804,0.00152378,0.20627347,0.20779725,961926774.37,13.3919
2303,6.3053,1.5700,13.3404,466.82,46818814.77,3930282.60,245789911.88,270050306.38,515840218.26,34099.05,2.36798938,0.00007618,0.00243765,0.00152353,0.20629965,0.20782318,961958873.42,13.3881
2304,6.3080,1.5698,13.3386,467.11,46823335.79,3930418.08,245816557.77,270057749.28,515874307.05,34088.79,2.36727716,0.00007616,0.00243726,0.00152329,0.20632583,0.20784912,961990962.21,13.3843
2305,6.3107,1.5696,13.3367,467.39,46827856.17,3930553.53,245843195.23,270065190.35,515908385.59,34078.54,2.36656517,0.00007615,0.00243687,0.00152304,0.20635202,0.20787507,962023040.75,13.3804
2306,6.3135,1.5694,13.3348,467.68,46832375.92,3930688.95,245869824.26,270072629.61,515942453.88,34068.29,2.36585341,0.00007614,0.00243648,0.00152280,0.20637822,0.20790102,962055109.04,13.3766
2307,6.3162,1.5691,13.3330,467.96,46836895.03,3930824.34,245896444.87,270080067.05,515976511.92,34058.04,2.36514188,0.00007613,0.00243609,0.00152256,0.20640443,0.20792698,962087167.08,13.3728
2308,6.3190,1.5689,13.3311,468.25,46841413.51,3930959.70,245923057.05,270087502.67,516010559.72,34047.80,2.36443058,0.00007612,0.00243570,0.00152231,0.20643064,0.20795295,962119214.88,13.3690
2309,6.3217,1.5687,13.3292,468.54,46845931.35,3931095.02,245949660.81,270094936.47,516044597.28,34037.56,2.36371951,0.00007610,0.00243531,0.00152207,0.20645686,0.20797893,962151252.44,13.3652
2310,6.3244,1.5685,13.3273,468.82,46850448.56,3931230.31,245976256.16,270102368.45,516078624.60,34027.32,2.36300866,0.00007609,0.00243492,0.00152182,0.20648309,0.20800492,962183279.77,13.3614
2311,6.3272,1.5683,13.3255,469.11,46854965.14,3931365.58,246002843.08,270109798.61,516112641.70,34017.09,2.36229805,0.00007608,0.00243453,0.00152158,0.20650933,0.20803091,962215296.86,13.3576
2312,6.3299,1.5680,13.3236,469.40,46859481.08,3931500.81,246029421.60,270117226.96,516146648.56,34006.86,2.36158766,0.00007607,0.00243414,0.00152134,0.20653558,0.20805692,962247303.72,13.3538
2313,6.3326,1.5678,13.3217,469.68,46863996.38,3931636.01,246055991.70,270124653.49,516180645.19,33996.64,2.36087750,0.00007605,0.00243375,0.00152109,0.20656183,0.20808292,962279300.36,13.3500
2314,6.3354,1.5676,13.3198,469.97,46868511.05,3931771.18,246082553.40,270132078.20,516214631.61,33986.41,2.36016756,0.00007604,0.00243336,0.00152085,0.20658809,0.20810894,962311286.77,13.3461
2315,6.3381,1.5674,13.3180,470.26,46873025.08,3931906.32,246109106.70,270139501.10,516248607.80,33976.19,2.35945786,0.00007603,0.00243297,0.00152061,0.20661436,0.20813497,962343262.96,13.3423
2316,6.3409,1.5672,13.3161,470.54,46877538.49,3932041.42,246135651.59,270146922.19,516282573.78,33965.98,2.35874838,0.00007602,0.00243258,0.00152036,0.20664064,0.20816100,962375228.94,13.3385
2317,6.3436,1.5669,13.3142,470.83,46882051.25,3932176.50,246162188.08,270154341.46,516316529.54,33955.76,2.35803913,0.00007601,0.00243219,0.00152012,0.20666692,0.20818704,962407184.70,13.3347
2318,6.3463,1.5667,13.3124,471.12,46886563.38,3932311.55,246188716.17,270161758.92,516350475.09,33945.55,2.35733011,0.00007599,0.00243180,0.00151988,0.20669321,0.20821309,962439130.26,13.3309
2319,6.3491,1.5665,13.3105,471.41,46891074.88,3932446.56,246215235.88,270169174.57,516384410.44,33935.35,2.35662132,0.00007598,0.00243141,0.00151963,0.20671951,0.20823915,962471065.60,13.3271
2320,6.3518,1.5663,13.3086,471.70,46895585.75,3932581.54,246241747.19,270176588.40,516418335.58,33925.14,2.35591275,0.00007597,0.00243102,0.00151939,0.20674582,0.20826521,962502990.75,13.3233
2321,6.3546,1.5661,13.3067,471.99,46900095.98,3932716.50,246268250.11,270184000.42,516452250.53,33914.94,2.35520441,0.00007596,0.00243063,0.00151915,0.20677214,0.20829128,962534905.69,13.3195
2322,6.3573,1.5658,13.3049,472.27,46904605.58,3932851.42,246294744.64,270191410.63,516486155.28,33904.75,2.35449630,0.00007595,0.00243024,0.00151890,0.20679846,0.20831736,962566810.44,13.3157
2323,6.3600,1.5656,13.3030,472.56,46909114.54,3932986.31,246321230.79,270198819.03,516520049.83,33894.55,2.35378841,0.00007593,0.00242985,0.00151866,0.20682479,0.20834345,962598704.99,13.3119
2324,6.3628,1.5654,13.3011,472.85,46913622.87,3933121.17,246347708.56,270206225.63,516553934.19,33884.36,2.35308075,0.00007592,0.00242946,0.00151842,0.20685113,0.20836954,962630589.35,13.3081
2325,6.3655,1.5652,13.2993,473.14,46918130.56,3933256.00,246374177.96,270213630.41,516587808.37,33874.18,2.35237332,0.00007591,0.00242908,0.00151817,0.20687747,0.20839565,962662463.53,13.3043
2326,6.3682,1.5650,13.2974,473.43,46922637.63,3933390.80,246400638.97,270221033.39,516621672.36,33863.99,2.35166612,0.00007590,0.00242869,0.00151793,0.20690383,0.20842176,962694327.52,13.3005
2327,6.3710,1.5647,13.2955,473.72,46927144.06,3933525.56,246427091.62,270228434.55,516655526.17,33853.81,2.35095914,0.00007588,0.00242830,0.00151769,0.20693019,0.20844787,962726181.33,13.2967
2328,6.3737,1.5645,13.2937,474.01,46931649.85,3933660.30,246453535.89,270235833.91,516689369.81,33843.63,2.35025239,0.00007587,0.00242791,0.00151744,0.20695656,0.20847400,962758024.97,13.2929
2329,6.3765,1.5643,13.2918,474.30,46936155.02,3933795.00,246479971.80,270243231.47,516723203.27,33833.46,2.34954587,0.00007586,0.00242752,0.00151720,0.20698293,0.20850013,962789858.43,13.2891
2330,6.3792,1.5641,13.2899,474.59,46940659.55,3933929.68,246506399.34,270250627.22,516757026.56,33823.29,2.34883957,0.00007585,0.00242713,0.00151696,0.20700932,0.20852627,962821681.72,13.2853
2331,6.3819,1.5639,13.2881,474.88,46945163.44,3934064.32,246532818.52,270258021.16,516790839.68,33813.12,2.34813350,0.00007584,0.00242674,0.00151671,0.20703571,0.20855242,962853494.84,13.2816
2332,6.3847,1.5636,13.2862,475.17,46949666.71,3934198.93,246559229.34,270265413.30,516824642.64,33802.96,2.34742766,0.00007582,0.00242635,0.00151647,0.20706211,0.20857858,962885297.80,13.2778
2333,6.3874,1.5634,13.2843,475.46,46954169.34,3934333.51,246585631.80,270272803.63,516858435.43,33792.80,2.34672204,0.00007581,0.00242597,0.00151623,0.20708852,0.20860474,962917090.60,13.2740
2334,6.3901,1.5632,13.2825,475.75,46958671.34,3934468.07,246612025.91,270280192.16,516892218.07,33782.64,2.34601665,0.00007580,0.00242558,0.00151599,0.20711493,0.20863092,962948873.24,13.2702
2335,6.3929,1.5630,13.2806,476.04,46963172.70,3934602.59,246638411.67,270287578.89,516925990.56,33772.49,2.34531149,0.00007579,0.00242519,0.00151574,0.20714135,0.20865710,962980645.72,13.2664
2336,6.3956,1.5628,13.2787,476.33,46967673.44,3934737.07,246664789.08,270294963.82,516959752.89,33762.33,2.34460655,0.00007578,0.00242480,0.00151550,0.20716778,0.20868328,963012408.06,13.2626
2337,6.3984,1.5625,13.2769,476.62,46972173.54,3934871.53,246691158.14,270302346.94,516993505.08,33752.19,2.34390184,0.00007576,0.00242441,0.00151526,0.20719422,0.20870948,963044160.24,13.2588
2338,6.4011,1.5623,13.2750,476.92,46976673.01,3935005.96,246717518.85,270309728.27,517027247.12,33742.04,2.34319736,0.00007575,0.00242402,0.00151502,0.20722067,0.20873568,963075902.28,13.2550
2339,6.4038,1.5621,13.2731,477.21,46981171.84,3935140.36,246743871.23,270317107.79,517060979.02,33731.90,2.34249310,0.00007574,0.00242364,0.00151477,0.20724712,0.20876189,963107634.19,13.2512
2340,6.4066,1.5619,13.2713,477.50,46985670.05,3935274.72,246770215.27,270324485.52,517094700.79,33721.76,2.34178906,0.00007573,0.00242325,0.00151453,0.20727358,0.20878811,963139355.95,13.2475
2341,6.4093,1.5617,13.2694,477.79,46990167.62,3935409.06,246796550.97,270331861.44,517128412.41,33711.63,2.34108525,0.00007571,0.00242286,0.00151429,0.20730005,0.20881434,963171067.58,13.2437
2342,6.4120,1.5614,13.2675,478.08,46994664.56,3935543.36,246822878.34,270339235.57,517162113.91,33701.50,2.34038167,0.00007570,0.00242247,0.00151405,0.20732653,0.20884057,963202769.07,13.2399
2343,6.4148,1.5612,13.2657,478.38,46999160.87,3935677.64,246849197.38,270346607.90,517195805.28,33691.37,2.33967832,0.00007569,0.00242209,0.00151380,0.20735301,0.20886682,963234460.44,13.2361
2344,6.4175,1.5610,13.2638,478.67,47003656.54,3935811.88,246875508.09,270353978.43,517229486.52,33681.24,2.33897518,0.00007568,0.00242170,0.00151356,0.20737950,0.20889306,963266141.68,13.2323
2345,6.4203,1.5608,13.2619,478.96,47008151.59,3935946.09,246901810.48,270361347.16,517263157.64,33671.12,2.33827228,0.00007567,0.00242131,0.00151332,0.20740600,0.20891932,963297812.80,13.2285
2346,6.4230,1.5606,13.2601,479.25,47012646.00,3936080.27,246928104.54,270368714.10,517296818.64,33661.00,2.33756960,0.00007565,0.00242092,0.00151308,0.20743251,0.20894559,963329473.80,13.2248
2347,6.4257,1.5603,13.2582,479.55,47017139.78,3936214.42,246954390.28,270376079.25,517330469.53,33650.89,2.33686715,0.00007564,0.00242054,0.00151283,0.20745902,0.20897186,963361124.69,13.2210
2348,6.4285,1.5601,13.2564,479.84,47021632.93,3936348.54,246980667.71,270383442.60,517364110.30,33640.77,2.33616492,0.00007563,0.00242015,0.00151259,0.20748555,0.20899814,963392765.47,13.2172
2349,6.4312,1.5599,13.2545,480.13,47026125.45,3936482.63,247006936.82,270390804.15,517397740.97,33630.67,2.33546291,0.00007562,0.00241976,0.00151235,0.20751208,0.20902443,963424396.13,13.2134
2350,6.4339,1.5597,13.2526,480.43,47030617.34,3936616.69,247033197.62,270398163.91,517431361.53,33620.56,2.33476113,0.00007561,0.00241937,0.00151211,0.20753861,0.20905072,963456016.69,13.2097
2351,6.4367,1.5595,13.2508,480.72,47035108.60,3936750.72,247059450.10,270405521.88,517464971.99,33610.46,2.33405958,0.00007559,0.00241899,0.00151187,0.20756516,0.20907703,963487627.15,13.2059
2352,6.4394,1.5592,13.2489,481.02,47039599.22,3936884.71,247085694.29,270412878.06,517498572.35,33600.36,2.33335825,0.00007558,0.00241860,0.00151163,0.20759171,0.20910334,963519227.51,13.2021
2353,6.4422,1.5590,13.2470,481.31,47044089.21,3937018.68,247111930.16,270420232.45,517532162.61,33590.26,2.33265715,0.00007557,0.00241821,0.00151138,0.20761827,0.20912966,963550817.77,13.1983
2354,6.4449,1.5588,13.2452,481.60,47048578.58,3937152.62,247138157.74,270427585.04,517565742.78,33580.17,2.33195627,0.00007556,0.00241783,0.00151114,0.20764484,0.20915598,963582397.94,13.1946
2355,6.4476,1.5586,13.2433,481.90,47053067.31,3937286.52,247164377.02,270434935.84,517599312.86,33570.08,2.33125561,0.00007554,0.00241744,0.00151090,0.20767142,0.20918232,963613968.02,13.1908
2356,6.4504,1.5584,13.2415,482.19,47057555.41,3937420.40,247190588.00,270442284.86,517632872.86,33559.99,2.33055518,0.00007553,0.00241705,0.00151066,0.20769800,0.20920866,963645528.02,13.1870
2357,6.4531,1.5581,13.2396,482.49,47062042.88,3937554.24,247216790.69,270449632.08,517666422.77,33549.91,2.32985498,0.00007552,0.00241667,0.00151042,0.20772459,0.20923501,963677077.93,13.1833
2358,6.4559,1.5579,13.2377,482.78,47066529.72,3937688.05,247242985.08,270456977.52,517699962.60,33539.83,2.32915500,0.00007551,0.00241628,0.00151017,0.20775119,0.20926137,963708617.76,13.1795
2359,6.4586,1.5577,13.2359,483.08,47071015.93,3937821.84,247269171.19,270464321.16,517733492.35,33529.76,2.32845524,0.00007550,0.00241589,0.00150993,0.20777780,0.20928773,963740147.52,13.1757
2360,6.4613,1.5575,13.2340,483.37,47075501.51,3937955.59,247295349.01,270471663.02,517767012.04,33519.68,2.32775571,0.00007548,0.00241551,0.00150969,0.20780441,0.20931411,963771667.20,13.1719
2361,6.4641,1.5573,13.2322,483.67,47079986.46,3938089.31,247321518.55,270479003.10,517800521.65,33509.61,2.32705640,0.00007547,0.00241512,0.00150945,0.20783104,0.20934049,963803176.81,13.1682
2362,6.4668,1.5571,13.2303,483.97,47084470.78,3938223.00,247347679.81,270486341.39,517834021.19,33499.55,2.32635732,0.00007546,0.00241473,0.00150921,0.20785766,0.20936687,963834676.36,13.1644
2363,6.4695,1.5568,13.2284,484.26,47088954.47,3938356.66,247373832.79,270493677.89,517867510.68,33489.48,2.32565846,0.00007545,0.00241435,0.00150897,0.20788430,0.20939327,963866165.84,13.1607
2364,6.4723,1.5566,13.2266,484.56,47093437.53,3938490.29,247399977.49,270501012.60,517900990.10,33479.42,2.32495982,0.00007544,0.00241396,0.00150873,0.20791095,0.20941967,963897645.26,13.1569
2365,6.4750,1.5564,13.2247,484.85,47097919.96,3938623.89,247426113.93,270508345.54,517934459.46,33469.36,2.32426141,0.00007542,0.00241358,0.00150849,0.20793760,0.20944608,963929114.62,13.1531
2366,6.4778,1.5562,13.2229,485.15,47102401.75,3938757.46,247452242.09,270515676.68,517967918.77,33459.31,2.32356323,0.00007541,0.00241319,0.00150824,0.20796426,0.20947250,963960573.94,13.1494
2367,6.4805,1.5560,13.2210,485.45,47106882.92,3938891.00,247478361.98,270523006.05,518001368.03,33449.26,2.32286526,0.00007540,0.00241280,0.00150800,0.20799093,0.20949893,963992023.20,13.1456
2368,6.4832,1.5557,13.2191,485.74,47111363.46,3939024.50,247504473.61,270530333.63,518034807.24,33439.21,2.32216752,0.00007539,0.00241242,0.00150776,0.20801760,0.20952536,964023462.41,13.1418
2369,6.4860,1.5555,13.2173,486.04,47115843.37,3939157.98,247530576.98,270537659.43,518068236.41,33429.17,2.32147001,0.00007538,0.00241203,0.00150752,0.20804429,0.20955181,964054891.58,13.1381
2370,6.4887,1.5553,13.2154,486.34,47120322.65,3939291.43,247556672.09,270544983.45,518101655.54,33419.13,2.32077271,0.00007536,0.00241165,0.00150728,0.20807098,0.20957826,964086310.70,13.1343
2371,6.4914,1.5551,13.2136,486.64,47124801.30,3939424.84,247582758.94,270552305.69,518135064.63,33409.09,2.32007564,0.00007535,0.00241126,0.00150704,0.20809767,0.20960471,964117719.79,13.1306
2372,6.4942,1.5549,13.2117,486.93,47129279.33,3939558.23,247608837.53,270559626.15,518168463.68,33399.05,2.31937880,0.00007534,0.00241088,0.00150680,0.20812438,0.20963118,964149118.85,13.1268
2373,6.4969,1.5547,13.2099,487.23,47133756.72,3939691.58,247634907.88,270566944.83,518201852.71,33389.02,2.31868218,0.00007533,0.00241049,0.00150656,0.20815109,0.20965765,964180507.87,13.1231
2374,6.4997,1.5544,13.2080,487.53,47138233.48,3939824.91,247660969.97,270574261.73,518235231.70,33379.00,2.31798578,0.00007532,0.00241011,0.00150632,0.20817782,0.20968413,964211886.87,13.1193
2375,6.5024,1.5542,13.2061,487.83,47142709.61,3939958.20,247687023.82,270581576.85,518268600.67,33368.97,2.31728960,0.00007530,0.00240972,0.00150608,0.20820454,0.20971062,964243255.84,13.1155
2376,6.5051,1.5540,13.2043,488.13,47147185.12,3940091.47,247713069.42,270588890.20,518301959.62,33358.95,2.31659365,0.00007529,0.00240934,0.00150583,0.20823128,0.20973712,964274614.78,13.1118
2377,6.5079,1.5538,13.2024,488.42,47151660.00,3940224.70,247739106.79,270596201.76,518335308.55,33348.93,2.31589792,0.00007528,0.00240895,0.00150559,0.20825802,0.20976362,964305963.71,13.1080
2378,6.5106,1.5536,13.2006,488.72,47156134.24,3940357.90,247765135.91,270603511.55,518368647.47,33338.91,2.31520241,0.00007527,0.00240857,0.00150535,0.20828478,0.20979013,964337302.63,13.1043
2379,6.5133,1.5533,13.1987,489.02,47160607.86,3940491.08,247791156.80,270610819.57,518401976.37,33328.90,2.31450713,0.00007526,0.00240818,0.00150511,0.20831154,0.20981665,964368631.53,13.1005
2380,6.5161,1.5531,13.1969,489.32,47165080.85,3940624.22,247817169.45,270618125.81,518435295.26,33318.89,2.31381207,0.00007524,0.00240780,0.00150487,0.20833830,0.20984318,964399950.43,13.0968
2381,6.5188,1.5529,13.1950,489.62,47169553.21,3940757.33,247843173.88,270625430.27,518468604.15,33308.89,2.31311723,0.00007523,0.00240741,0.00150463,0.20836508,0.20986971,964431259.31,13.0930
2382,6.5216,1.5527,13.1932,489.92,47174024.95,3940890.41,247869170.07,270632732.96,518501903.04,33298.89,2.31242261,0.00007522,0.00240703,0.00150439,0.20839186,0.20989625,964462558.20,13.0893
2383,6.5243,1.5525,13.1913,490.22,47178496.05,3941023.46,247895158.04,270640033.88,518535191.92,33288.89,2.31172822,0.00007521,0.00240664,0.00150415,0.20841865,0.20992280,964493847.09,13.0856
2384,6.5270,1.5522,13.1895,490.52,47182966.53,3941156.48,247921137.79,270647333.03,518568470.81,33278.89,2.31103405,0.00007520,0.00240626,0.00150391,0.20844545,0.20994936,964525125.98,13.0818
2385,6.5298,1.5520,13.1876,490.82,47187436.38,3941289.47,247947109.31,270654630.40,518601739.71,33268.90,2.31034010,0.00007518,0.00240587,0.00150367,0.20847225,0.20997592,964556394.87,13.0781
2386,6.5325,1.5518,13.1858,491.12,47191905.60,3941422.43,247973072.62,270661926.00,518634998.62,33258.91,2.30964638,0.00007517,0.00240549,0.00150343,0.20849906,0.21000249,964587653.78,13.0743
2387,6.5352,1.5516,13.1839,491.42,47196374.19,3941555.36,247999027.71,270669219.83,518668247.54,33248.92,2.30895287,0.00007516,0.00240510,0.00150319,0.20852588,0.21002907,964618902.70,13.0706
2388,6.5380,1.5514,13.1820,491.72,47200842.15,3941688.26,248024974.59,270676511.89,518701486.48,33238.94,2.30825959,0.00007515,0.00240472,0.00150295,0.20855271,0.21005566,964650141.64,13.0668
2389,6.5407,1.5512,13.1802,492.02,47205309.49,3941821.13,248050913.26,270683802.17,518734715.44,33228.96,2.30756653,0.00007514,0.00240434,0.00150271,0.20857955,0.21008226,964681370.60,13.0631
2390,6.5435,1.5509,13.1783,492.32,47209776.20,3941953.97,248076843.72,270691090.69,518767934.42,33218.98,2.30687370,0.00007512,0.00240395,0.00150247,0.20860639,0.21010886,964712589.58,13.0593
2391,6.5462,1.5507,13.1765,492.62,47214242.28,3942086.78,248102765.98,270698377.44,518801143.42,33209.01,2.30618108,0.00007511,0.00240357,0.00150223,0.20863324,0.21013547,964743798.59,13.0556
2392,6.5489,1.5505,13.1746,492.92,47218707.73,3942219.56,248128680.03,270705662.43,518834342.46,33199.04,2.30548869,0.00007510,0.00240318,0.00150199,0.20866010,0.21016209,964774997.62,13.0519
2393,6.5517,1.5503,13.1728,493.22,47223172.56,3942352.30,248154585.89,270712945.64,518867531.53,33189.07,2.30479652,0.00007509,0.00240280,0.00150175,0.20868697,0.21018872,964806186.69,13.0481
2394,6.5544,1.5501,13.1709,493.53,47227636.75,3942485.02,248180483.55,270720227.09,518900710.64,33179.11,2.30410457,0.00007508,0.00240242,0.00150151,0.20871384,0.21021535,964837365.80,13.0444
2395,6.5572,1.5499,13.1691,493.83,47232100.33,3942617.71,248206373.01,270727506.77,518933879.78,33169.14,2.30341284,0.00007506,0.00240203,0.00150127,0.20874072,0.21024199,964868534.94,13.0407
2396,6.5599,1.5496,13.1672,494.13,47236563.27,3942750.37,248232254.28,270734784.69,518967038.97,33159.19,2.30272133,0.00007505,0.00240165,0.00150103,0.20876761,0.21026864,964899694.13,13.0369
2397,6.5626,1.5494,13.1654,494.43,47241025.59,3942882.99,248258127.36,270742060.84,519000188.20,33149.23,2.30203005,0.00007504,0.00240126,0.00150079,0.20879451,0.21029530,964930843.36,13.0332
2398,6.5654,1.5492,13.1635,494.73,47245487.28,3943015.59,248283992.26,270749335.23,519033327.48,33139.28,2.30133898,0.00007503,0.00240088,0.00150055,0.20882141,0.21032196,964961982.65,13.0295
2399,6.5681,1.5490,13.1617,495.04,47249948.34,3943148.16,248309848.97,270756607.85,519066456.82,33129.33,2.30064814,0.00007502,0.00240050,0.00150031,0.20884832,0.21034863,964993111.98,13.0257
2400,6.5708,1.5488,13.1598,495.34,47254408.77,3943280.69,248335697.50,270763878.71,519099576.20,33119.39,2.29995752,0.00007500,0.00240011,0.00150007,0.20887524,0.21037531,965024231.37,13.0220
2401,6.5736,1.5485,13.1580,495.64,47258868.58,3943413.20,248361537.85,270771147.80,519132685.65,33109.45,2.29926712,0.00007499,0.00239973,0.00149983,0.20890217,0.21040200,965055340.81,13.0183
2402,6.5763,1.5483,13.1561,495.95,47263327.77,3943545.67,248387370.02,270778415.14,519165785.16,33099.51,2.29857694,0.00007498,0.00239935,0.00149959,0.20892910,0.21042869,965086440.32,13.0145
2403,6.5791,1.5481,13.1543,496.25,47267786.32,3943678.12,248413194.02,270785680.71,519198874.73,33089.57,2.29788698,0.00007497,0.00239896,0.00149935,0.20895604,0.21045540,965117529.89,13.0108
2404,6.5818,1.5479,13.1524,496.55,47272244.25,3943810.53,248439009.85,270792944.52,519231954.37,33079.64,2.29719725,0.00007496,0.00239858,0.00149911,0.20898299,0.21048211,965148609.53,13.0071
2405,6.5845,1.5477,13.1506,496.86,47276701.55,3943942.92,248464817.51,270800206.58,519265024.08,33069.71,2.29650773,0.00007494,0.00239820,0.00149887,0.20900995,0.21050882,965179679.25,13.0033
2406,6.5873,1.5475,13.1487,497.16,47281158.23,3944075.27,248490617.00,270807466.87,519298083.87,33059.79,2.29581844,0.00007493,0.00239782,0.00149864,0.20903691,0.21053555,965210739.03,12.9996
2407,6.5900,1.5472,13.1469,497.46,47285614.28,3944207.60,248516408.33,270814725.40,519331133.73,33049.86,2.29512936,0.00007492,0.00239743,0.00149840,0.20906389,0.21056228,965241788.89,12.9959
2408,6.5927,1.5470,13.1450,497.77,47290069.70,3944339.89,248542191.50,270821982.17,519364173.68,33039.94,2.29444051,0.00007491,0.00239705,0.00149816,0.20909086,0.21058902,965272828.84,12.9922
2409,6.5955,1.5468,13.1432,498.07,47294524.50,3944472.16,248567966.51,270829237.19,519397203.70,33030.03,2.29375188,0.00007490,0.00239667,0.00149792,0.20911785,0.21061577,965303858.86,12.9884
2410,6.5982,1.5466,13.1414,498.38,47298978.67,3944604.39,248593733.37,270836490.45,519430223.82,33020.11,2.29306346,0.00007488,0.00239629,0.00149768,0.20914485,0.21064253,965334878.98,12.9847
2411,6.6010,1.5464,13.1395,498.68,47303432.22,3944736.60,248619492.07,270843741.95,519463234.02,33010.20,2.29237527,0.00007487,0.00239590,0.00149744,0.20917185,0.21066929,965365889.18,12.9810
2412,6.6037,1.5462,13.1377,498.99,47307885.14,3944868.77,248645242.62,270850991.70,519496234.32,33000.30,2.29168730,0.00007486,0.00239552,0.00149720,0.20919886,0.21069606,965396889.48,12.9773
2413,6.6064,1.5459,13.1358,499.29,47312337.44,3945000.92,248670985.02,270858239.69,519529224.71,32990.39,2.29099955,0.00007485,0.00239514,0.00149696,0.20922588,0.21072284,965427879.87,12.9736
2414,6.6092,1.5457,13.1340,499.60,47316789.10,3945133.03,248696719.28,270865485.92,519562205.20,32980.49,2.29031202,0.00007484,0.00239476,0.00149672,0.20925290,0.21074962,965458860.37,12.9698
2415,6.6119,1.5455,13.1321,499.90,47321240.15,3945265.11,248722445.40,270872730.40,519595175.80,32970.60,2.28962471,0.00007482,0.00239437,0.00149648,0.20927994,0.21077642,965489830.96,12.9661
2416,6.6146,1.5453,13.1303,500.21,47325690.57,3945397.17,248748163.37,270879973.13,519628136.50,32960.70,2.28893762,0.00007481,0.00239399,0.00149624,0.20930698,0.21080322,965520791.66,12.9624
2417,6.6174,1.5451,13.1284,500.51,47330140.36,3945529.19,248773873.21,270887214.11,519661087.31,32950.81,2.28825075,0.00007480,0.00239361,0.00149601,0.20933402,0.21083003,965551742.47,12.9587
2418,6.6201,1.5448,13.1266,500.82,47334589.53,3945661.19,248799574.91,270894453.33,519694028.23,32940.92,2.28756409,0.00007479,0.00239323,0.00149577,0.20936108,0.21085685,965582683.40,12.9550
2419,6.6229,1.5446,13.1247,501.13,47339038.07,3945793.15,248825268.48,270901690.80,519726959.27,32931.04,2.28687766,0.00007478,0.00239285,0.00149553,0.20938814,0.21088367,965613614.44,12.9513
2420,6.6256,1.5444,13.1229,501.43,47343485.98,3945925.08,248850953.92,270908926.51,519759880.43,32921.16,2.28619145,0.00007476,0.00239246,0.00149529,0.20941521,0.21091050,965644535.59,12.9475
2421,6.6283,1.5442,13.1211,501.74,47347933.28,3946056.99,248876631.23,270916160.48,519792791.71,32911.28,2.28550546,0.00007475,0.00239208,0.00149505,0.20944229,0.21093734,965675446.87,12.9438
2422,6.6311,1.5440,13.1192,502.05,47352379.94,3946188.86,248902300.41,270923392.70,519825693.11,32901.40,2.28481969,0.00007474,0.00239170,0.00149481,0.20946938,0.21096419,965706348.28,12.9401
2423,6.6338,1.5438,13.1174,502.35,47356825.99,3946320.71,248927961.48,270930623.16,519858584.64,32891.53,2.28413414,0.00007473,0.00239132,0.00149457,0.20949647,0.21099104,965737239.81,12.9364
2424,6.6366,1.5435,13.1155,502.66,47361271.40,3946452.52,248953614.42,270937851.88,519891466.31,32881.66,2.28344880,0.00007472,0.00239094,0.00149434,0.20952357,0.21101791,965768121.47,12.9327
2425,6.6393,1.5433,13.1137,502.97,47365716.20,3946584.30,248979259.25,270945078.85,519924338.10,32871.80,2.28276369,0.00007470,0.00239056,0.00149410,0.20955068,0.21104478,965798993.27,12.9290
2426,6.6420,1.5431,13.1118,503.28,47370160.36,3946716.06,249004895.96,270952304.07,519957200.04,32861.93,2.28207879,0.00007469,0.00239017,0.00149386,0.20957779,0.21107165,965829855.20,12.9253
2427,6.6448,1.5429,13.1100,503.58,47374603.91,3946847.78,249030524.57,270959527.55,519990052.11,32852.08,2.28139412,0.00007468,0.00238979,0.00149362,0.20960492,0.21109854,965860707.28,12.9216
2428,6.6475,1.5427,13.1082,503.89,47379046.83,3946979.48,249056145.06,270966749.28,520022894.33,32842.22,2.28070966,0.00007467,0.00238941,0.00149338,0.20963205,0.21112543,965891549.50,12.9179
2429,6.6502,1.5425,13.1063,504.20,47383489.12,3947111.14,249081757.44,270973969.26,520055726.70,32832.37,2.28002543,0.00007466,0.00238903,0.00149314,0.20965919,0.21115233,965922381.86,12.9142
2430,6.6530,1.5422,13.1045,504.51,47387930.79,3947242.77,249107361.72,270981187.49,520088549.22,32822.52,2.27934141,0.00007465,0.00238865,0.00149291,0.20968633,0.21117924,965953204.38,12.9105
2431,6.6557,1.5420,13.1026,504.82,47392371.84,3947374.38,249132957.90,270988403.98,520121361.88,32812.67,2.27865761,0.00007463,0.00238827,0.00149267,0.20971349,0.21120616,965984017.05,12.9067
2432,6.6585,1.5418,13.1008,505.13,47396812.26,3947505.95,249158545.98,270995618.73,520154164.71,32802.83,2.27797403,0.00007462,0.00238789,0.00149243,0.20974065,0.21123308,966014819.87,12.9030
2433,6.6612,1.5416,13.0989,505.43,47401252.06,3947637.50,249184125.96,271002831.73,520186957.70,32792.99,2.27729067,0.00007461,0.00238751,0.00149219,0.20976782,0.21126001,966045612.86,12.8993
2434,6.6639,1.5414,13.0971,505.74,47405691.23,3947769.01,249209697.85,271010042.99,520219740.84,32783.15,2.27660752,0.00007460,0.00238713,0.00149195,0.20979499,0.21128695,966076396.01,12.8956
2435,6.6667,1.5412,13.0953,506.05,47410129.79,3947900.50,249235261.65,271017252.51,520252514.16,32773.31,2.27592460,0.00007459,0.00238675,0.00149172,0.20982218,0.21131389,966107169.32,12.8919
2436,6.6694,1.5409,13.0934,506.36,47414567.71,3948031.95,249260817.36,271024460.28,520285277.64,32763.48,2.27524189,0.00007457,0.00238636,0.00149148,0.20984937,0.21134085,966137932.81,12.8882
2437,6.6721,1.5407,13.0916,506.67,47419005.02,3948163.38,249286364.98,271031666.32,520318031.30,32753.66,2.27455941,0.00007456,0.00238598,0.00149124,0.20987657,0.21136781,966168686.46,12.8845
2438,6.6749,1.5405,13.0897,506.98,47423441.70,3948294.77,249311904.52,271038870.61,520350775.13,32743.83,2.27387714,0.00007455,0.00238560,0.00149100,0.20990378,0.21139478,966199430.29,12.8808
2439,6.6776,1.5403,13.0879,507.29,47427877.75,3948426.14,249337435.98,271046073.16,520383509.14,32734.01,2.27319509,0.00007454,0.00238522,0.00149076,0.20993099,0.21142175,966230164.30,12.8771
2440,6.6804,1.5401,13.0861,507.60,47432313.19,3948557.47,249362959.35,271053273.98,520416233.33,32724.19,2.27251326,0.00007453,0.00238484,0.00149053,0.20995821,0.21144874,966260888.49,12.8735
2441,6.6831,1.5399,13.0842,507.91,47436748.00,3948688.78,249388474.66,271060473.05,520448947.70,32714.38,2.27183164,0.00007451,0.00238446,0.00149029,0.20998544,0.21147573,966291602.87,12.8698
2442,6.6858,1.5396,13.0824,508.22,47441182.18,3948820.05,249413981.88,271067670.38,520481652.27,32704.56,2.27115025,0.00007450,0.00238408,0.00149005,0.21001268,0.21150273,966322307.43,12.8661
2443,6.6886,1.5394,13.0806,508.53,47445615.75,3948951.30,249439481.04,271074865.98,520514347.02,32694.75,2.27046907,0.00007449,0.00238370,0.00148981,0.21003992,0.21152974,966353002.19,12.8624
2444,6.6913,1.5392,13.0787,508.85,47450048.69,3949082.51,249464972.13,271082059.84,520547031.97,32684.95,2.26978811,0.00007448,0.00238332,0.00148958,0.21006717,0.21155675,966383687.13,12.8587
2445,6.6940,1.5390,13.0769,509.16,47454481.01,3949213.70,249490455.15,271089251.96,520579707.12,32675.15,2.26910737,0.00007447,0.00238294,0.00148934,0.21009443,0.21158377,966414362.28,12.8550
2446,6.6968,1.5388,13.0750,509.47,47458912.70,3949344.86,249515930.11,271096442.35,520612372.46,32665.35,2.26842684,0.00007446,0.00238256,0.00148910,0.21012170,0.21161080,966445027.63,12.8513
2447,6.6995,1.5386,13.0732,509.78,47463343.77,3949475.98,249541397.01,271103631.00,520645028.01,32655.55,2.26774654,0.00007444,0.00238218,0.00148886,0.21014897,0.21163784,966475683.18,12.8476
2448,6.7023,1.5384,13.0714,510.09,47467774.22,3949607.08,249566855.85,271110817.92,520677673.77,32645.76,2.26706645,0.00007443,0.00238180,0.00148863,0.21017625,0.21166488,966506328.93,12.8439
2449,6.7050,1.5381,13.0695,510.40,47472204.05,3949738.15,249592306.64,271118003.10,520710309.74,32635.97,2.26638658,0.00007442,0.00238142,0.00148839,0.21020354,0.21169193,966536964.90,12.8402
2450,6.7077,1.5379,13.0677,510.72,47476633.25,3949869.19,249617749.37,271125186.55,520742935.92,32626.18,2.26570692,0.00007441,0.00238104,0.00148815,0.21023084,0.21171899,966567591.08,12.8365
2451,6.7105,1.5377,13.0659,511.03,47481061.84,3950000.19,249643184.05,271132368.26,520775552.31,32616.40,2.26502749,0.00007440,0.00238066,0.00148792,0.21025815,0.21174606,966598207.48,12.8329
2452,6.7132,1.5375,13.0640,511.34,47485489.80,3950131.17,249668610.68,271139548.25,520808158.93,32606.62,2.26434827,0.00007438,0.00238029,0.00148768,0.21028546,0.21177314,966628814.09,12.8292
2453,6.7159,1.5373,13.0622,511.65,47489917.13,3950262.12,249694029.27,271146726.50,520840755.77,32596.84,2.26366926,0.00007437,0.00237991,0.00148744,0.21031278,0.21180022,966659410.93,12.8255
2454,6.7187,1.5371,13.0603,511.97,47494343.85,3950393.04,249719439.81,271153903.01,520873342.83,32587.06,2.26299048,0.00007436,0.00237953,0.00148720,0.21034010,0.21182731,966689997.99,12.8218
2455,6.7214,1.5368,13.0585,512.28,47498769.94,3950523.93,249744842.32,271161077.80,520905920.12,32577.29,2.26231191,0.00007435,0.00237915,0.00148697,0.21036744,0.21185441,966720575.28,12.8181
2456,6.7242,1.5366,13.0567,512.59,47503195.41,3950654.79,249770236.78,271168250.86,520938487.64,32567.52,2.26163356,0.00007434,0.00237877,0.00148673,0.21039478,0.21188151,966751142.81,12.8144
2457,6.7269,1.5364,13.0548,512.91,47507620.26,3950785.62,249795623.22,271175422.19,520971045.40,32557.76,2.26095543,0.00007432,0.00237839,0.00148649,0.21042213,0.21190862,966781700.56,12.8107
2458,6.7296,1.5362,13.0530,513.22,47512044.49,3950916.42,249821001.61,271182591.78,521003593.40,32548.00,2.26027751,0.00007431,0.00237801,0.00148626,0.21044949,0.21193574,966812248.56,12.8071
2459,6.7324,1.5360,13.0512,513.53,47516468.10,3951047.19,249846371.98,271189759.65,521036131.63,32538.24,2.25959981,0.00007430,0.00237763,0.00148602,0.21047685,0.21196287,966842786.80,12.8034
2460,6.7351,1.5358,13.0493,513.85,47520891.08,3951177.93,249871734.32,271196925.80,521068660.12,32528.48,2.25892233,0.00007429,0.00237725,0.00148578,0.21050422,0.21199001,966873315.28,12.7997
2461,6.7379,1.5355,13.0475,514.16,47525313.45,3951308.64,249897088.64,271204090.21,521101178.85,32518.73,2.25824506,0.00007428,0.00237687,0.00148555,0.21053160,0.21201715,966903834.01,12.7960
2462,6.7406,1.5353,13.0457,514.48,47529735.19,3951439.32,249922434.93,271211252.90,521133687.82,32508.98,2.25756801,0.00007427,0.00237650,0.00148531,0.21055899,0.21204430,966934342.99,12.7924
2463,6.7433,1.5351,13.0438,514.79,47534156.31,3951569.97,249947773.20,271218413.86,521166187.06,32499.23,2.25689118,0.00007425,0.00237612,0.00148507,0.21058639,0.21207146,966964842.22,12.7887
2464,6.7461,1.5349,13.0420,515.11,47538576.81,3951700.60,249973103.45,271225573.09,521198676.55,32489.49,2.25621456,0.00007424,0.00237574,0.00148484,0.21061379,0.21209862,966995331.71,12.7850
2465,6.7488,1.5347,13.0402,515.42,47542996.68,3951831.19,249998425.69,271232730.60,521231156.30,32479.75,2.25553816,0.00007423,0.00237536,0.00148460,0.21064120,0.21212580,967025811.46,12.7813
2466,6.7515,1.5345,13.0383,515.74,47547415.94,3951961.75,250023739.92,271239886.39,521263626.31,32470.01,2.25486198,0.00007422,0.00237498,0.00148436,0.21066861,0.21215298,967056281.47,12.7777
2467,6.7543,1.5342,13.0365,516.05,47551834.58,3952092.28,250049046.14,271247040.45,521296086.59,32460.28,2.25418601,0.00007421,0.00237460,0.00148413,0.21069604,0.21218017,967086741.75,12.7740
2468,6.7570,1.5340,13.0347,516.37,47556252.59,3952222.79,250074344.35,271254192.79,521328537.14,32450.55,2.25351026,0.00007419,0.00237422,0.00148389,0.21072347,0.21220736,967117192.30,12.7703
2469,6.7598,1.5338,13.0328,516.68,47560669.99,3952353.26,250099634.55,271261343.41,521360977.96,32440.82,2.25283472,0.00007418,0.00237385,0.00148365,0.21075091,0.21223457,967147633.12,12.7666
2470,6.7625,1.5336,13.0310,517.00,47565086.76,3952483.71,250124916.75,271268492.30,521393409.05,32431.10,2.25215940,0.00007417,0.00237347,0.00148342,0.21077836,0.21226178,967178064.21,12.7630
2471,6.7652,1.5334,13.0292,517.31,47569502.91,3952614.12,250150190.96,271275639.47,521425830.43,32421.37,2.25148430,0.00007416,0.00237309,0.00148318,0.21080581,0.21228899,967208485.59,12.7593
2472,6.7680,1.5332,13.0274,517.63,47573918.44,3952744.51,250175457.16,271282784.92,521458242.08,32411.66,2.25080941,0.00007415,0.00237271,0.00148295,0.21083327,0.21231622,967238897.24,12.7556
2473,6.7707,1.5330,13.0255,517.95,47578333.36,3952874.86,250200715.37,271289928.65,521490644.02,32401.94,2.25013474,0.00007414,0.00237233,0.00148271,0.21086074,0.21234345,967269299.18,12.7520
2474,6.7734,1.5327,13.0237,518.26,47582747.65,3953005.19,250225965.59,271297070.66,521523036.25,32392.23,2.24946028,0.00007412,0.00237196,0.00148247,0.21088822,0.21237069,967299691.41,12.7483
2475,6.7762,1.5325,13.0219,518.58,47587161.32,3953135.49,250251207.82,271304210.95,521555418.77,32382.52,2.24878604,0.00007411,0.00237158,0.00148224,0.21091571,0.21239794,967330073.93,12.7446
2476,6.7789,1.5323,13.0200,518.90,47591574.37,3953265.76,250276442.06,271311349.52,521587791.58,32372.81,2.24811202,0.00007410,0.00237120,0.00148200,0.21094320,0.21242520,967360446.74,12.7410
2477,6.7817,1.5321,13.0182,519.22,47595986.80,3953395.99,250301668.31,271318486.38,521620154.69,32363.11,2.24743821,0.00007409,0.00237082,0.00148176,0.21097070,0.21245246,967390809.85,12.7373
2478,6.7844,1.5319,13.0164,519.53,47600398.61,3953526.20,250326886.59,271325621.51,521652508.10,32353.41,2.24676461,0.00007408,0.00237045,0.00148153,0.21099821,0.21247973,967421163.26,12.7336
2479,6.7871,1.5317,13.0145,519.85,47604809.80,3953656.38,250352096.88,271332754.93,521684851.82,32343.71,2.24609124,0.00007406,0.00237007,0.00148129,0.21102572,0.21250701,967451506.98,12.7300
2480,6.7899,1.5314,13.0127,520.17,47609220.37,3953786.53,250377299.20,271339886.64,521717185.84,32334.02,2.24541807,0.00007405,0.00236969,0.00148106,0.21105324,0.21253430,967481841.00,12.7263
2481,6.7926,1.5312,13.0109,520.49,47613630.32,3953916.65,250402493.54,271347016.62,521749510.17,32324.33,2.24474512,0.00007404,0.00236931,0.00148082,0.21108077,0.21256159,967512165.33,12.7227
2482,6.7953,1.5310,13.0091,520.80,47618039.65,3954046.74,250427679.91,271354144.89,521781824.81,32314.64,2.24407239,0.00007403,0.00236894,0.00148059,0.21110831,0.21258889,967542479.97,12.7190
2483,6.7981,1.5308,13.0072,521.12,47622448.37,3954176.80,250452858.32,271361271.45,521814129.77,32304.96,2.24339987,0.00007402,0.00236856,0.00148035,0.21113585,0.21261620,967572784.93,12.7154
2484,6.8008,1.5306,13.0054,521.44,47626856.46,3954306.84,250478028.75,271368396.29,521846425.04,32295.28,2.24272757,0.00007401,0.00236818,0.00148011,0.21116341,0.21264352,967603080.21,12.7117
2485,6.8036,1.5304,13.0036,521.76,47631263.93,3954436.84,250503191.22,271375519.42,521878710.64,32285.60,2.24205548,0.00007399,0.00236781,0.00147988,0.21119096,0.21267084,967633365.80,12.7080
2486,6.8063,1.5302,13.0017,522.08,47635670.78,3954566.81,250528345.73,271382640.84,521910986.57,32275.92,2.24138361,0.00007398,0.00236743,0.00147964,0.21121853,0.21269817,967663641.73,12.7044
2487,6.8090,1.5299,12.9999,522.40,47640077.02,3954696.75,250553492.28,271389760.54,521943252.82,32266.25,2.24071195,0.00007397,0.00236705,0.00147941,0.21124611,0.21272551,967693907.98,12.7007
2488,6.8118,1.5297,12.9981,522.72,47644482.63,3954826.67,250578630.87,271396878.53,521975509.40,32256.58,2.24004050,0.00007396,0.00236668,0.00147917,0.21127369,0.21275286,967724164.56,12.6971
2489,6.8145,1.5295,12.9963,523.04,47648887.63,3954956.55,250603761.51,271403994.81,522007756.32,32246.92,2.23936927,0.00007395,0.00236630,0.00147894,0.21130128,0.21278021,967754411.48,12.6934
2490,6.8172,1.5293,12.9944,523.36,47653292.01,3955086.41,250628884.19,271411109.38,522039993.57,32237.25,2.23869826,0.00007394,0.00236592,0.00147870,0.21132887,0.21280758,967784648.74,12.6898
2491,6.8200,1.5291,12.9926,523.68,47657695.76,3955216.24,250653998.93,271418222.24,522072221.17,32227.60,2.23802746,0.00007392,0.00236555,0.00147847,0.21135648,0.21283494,967814876.33,12.6861
2492,6.8227,1.5289,12.9908,524.00,47662098.90,3955346.03,250679105.72,271425333.39,522104439.11,32217.94,2.23735687,0.00007391,0.00236517,0.00147823,0.21138409,0.21286232,967845094.27,12.6825
2493,6.8255,1.5287,12.9890,524.32,47666501.42,3955475.80,250704204.56,271432442.83,522136647.39,32208.29,2.23668650,0.00007390,0.00236479,0.00147800,0.21141171,0.21288971,967875302.56,12.6788
2494,6.8282,1.5284,12.9871,524.64,47670903.33,3955605.54,250729295.47,271439550.56,522168846.03,32198.64,2.23601634,0.00007389,0.00236442,0.00147776,0.21143934,0.21291710,967905501.19,12.6752
2495,6.8309,1.5282,12.9853,524.96,47675304.61,3955735.25,250754378.43,271446656.59,522201035.02,32188.99,2.23534640,0.00007388,0.00236404,0.00147753,0.21146697,0.21294450,967935690.18,12.6715
2496,6.8337,1.5280,12.9835,525.28,47679705.27,3955864.93,250779453.46,271453760.91,522233214.36,32179.34,2.23467667,0.00007386,0.00236366,0.00147729,0.21149461,0.21297190,967965869.52,12.6679
2497,6.8364,1.5278,12.9817,525.60,47684105.32,3955994.58,250804520.55,271460863.52,522265384.06,32169.70,2.23400715,0.00007385,0.00236329,0.00147706,0.21152226,0.21299932,967996039.23,12.6642
2498,6.8392,1.5276,12.9798,525.92,47688504.75,3956124.20,250829579.71,271467964.42,522297544.13,32160.07,2.23333785,0.00007384,0.00236291,0.00147682,0.21154992,0.21302674,968026199.29,12.6606
2499,6.8419,1.5274,12.9780,526.25,47692903.56,3956253.79,250854630.94,271475063.62,522329694.56,32150.43,2.23266876,0.00007383,0.00236254,0.00147659,0.21157758,0.21305417,968056349.72,12.6569
2500,6.8446,1.5271,12.9762,526.57,47697301.75,3956383.35,250879674.25,271482161.11,522361835.36,32140.80,2.23199989,0.00007382,0.00236216,0.00147635,0.21160525,0.21308160,968086490.52,12.6533
2501,6.8474,1.5269,12.9744,526.89,47701699.33,3956512.88,250904709.63,271489256.90,522393966.53,32131.17,2.23133123,0.00007381,0.00236178,0.00147612,0.21163293,0.21310905,968116621.69,12.6497
2502,6.8501,1.5267,12.9725,527.21,47706096.28,3956642.39,250929737.09,271496350.99,522426088.07,32121.54,2.23066278,0.00007379,0.00236141,0.00147588,0.21166062,0.21313650,968146743.23,12.6460
2503,6.8528,1.5265,12.9707,527.53,47710492.62,3956771.86,250954756.63,271503443.37,522458199.99,32111.92,2.22999455,0.00007378,0.00236103,0.00147565,0.21168831,0.21316396,968176855.16,12.6424
2504,6.8556,1.5263,12.9689,527.86,47714888.34,3956901.31,250979768.25,271510534.05,522490302.30,32102.30,2.22932653,0.00007377,0.00236066,0.00147541,0.21171601,0.21319143,968206957.46,12.6387
2505,6.8583,1.5261,12.9671,528.18,47719283.44,3957030.72,251004771.96,271517623.02,522522394.98,32092.69,2.22865872,0.00007376,0.00236028,0.00147518,0.21174372,0.21321890,968237050.14,12.6351
2506,6.8611,1.5259,12.9653,528.50,47723677.93,3957160.11,251029767.75,271524710.30,522554478.05,32083.07,2.22799113,0.00007375,0.00235991,0.00147494,0.21177144,0.21324638,968267133.22,12.6315
2507,6.8638,1.5256,12.9634,528.83,47728071.79,3957289.47,251054755.64,271531795.87,522586551.52,32073.46,2.22732375,0.00007374,0.00235953,0.00147471,0.21179916,0.21327387,968297206.68,12.6278
2508,6.8665,1.5254,12.9616,529.15,47732465.04,3957418.80,251079735.62,271538879.75,522618615.37,32063.85,2.22665659,0.00007372,0.00235916,0.00147447,0.21182689,0.21330137,968327270.53,12.6242
2509,6.8693,1.5252,12.9598,529.47,47736857.68,3957548.10,251104707.70,271545961.92,522650669.62,32054.25,2.22598963,0.00007371,0.00235878,0.00147424,0.21185463,0.21332887,968357324.78,12.6206
2510,6.8720,1.5250,12.9580,529.80,47741249.69,3957677.37,251129671.88,271553042.39,522682714.27,32044.65,2.22532289,0.00007370,0.00235841,0.00147400,0.21188238,0.21335638,968387369.43,12.6169
2511,6.8747,1.5248,12.9561,530.12,47745641.09,3957806.61,251154628.15,271560121.17,522714749.32,32035.05,2.22465637,0.00007369,0.00235803,0.00147377,0.21191013,0.21338390,968417404.48,12.6133
2512,6.8775,1.5246,12.9543,530.44,47750031.87,3957935.82,251179576.53,271567198.25,522746774.78,32025.46,2.22399005,0.00007368,0.00235766,0.00147354,0.21193789,0.21341143,968447429.94,12.6097
2513,6.8802,1.5244,12.9525,530.77,47754422.04,3958065.00,251204517.02,271574273.63,522778790.64,32015.86,2.22332395,0.00007367,0.00235728,0.00147330,0.21196566,0.21343896,968477445.81,12.6060
2514,6.8830,1.5241,12.9507,531.09,47758811.58,3958194.16,251229449.61,271581347.31,522810796.92,32006.28,2.22265806,0.00007365,0.00235691,0.00147307,0.21199344,0.21346650,968507452.08,12.6024
2515,6.8857,1.5239,12.9489,531.42,47763200.51,3958323.28,251254374.31,271588419.30,522842793.61,31996.69,2.22199239,0.00007364,0.00235653,0.00147283,0.21202122,0.21349405,968537448.77,12.5988
2516,6.8884,1.5237,12.9470,531.74,47767588.83,3958452.37,251279291.13,271595489.59,522874780.72,31987.11,2.22132692,0.00007363,0.00235616,0.00147260,0.21204901,0.21352161,968567435.88,12.5951
2517,6.8912,1.5235,12.9452,532.07,47771976.53,3958581.44,251304200.06,271602558.18,522906758.25,31977.53,2.22066167,0.00007362,0.00235578,0.00147236,0.21207681,0.21354917,968597413.41,12.5915
2518,6.8939,1.5233,12.9434,532.39,47776363.61,3958710.48,251329101.12,271609625.08,522938726.20,31967.95,2.21999663,0.00007361,0.00235541,0.00147213,0.21210462,0.21357675,968627381.36,12.5879
2519,6.8966,1.5231,12.9416,532.72,47780750.07,3958839.49,251353994.29,271616690.29,522970684.58,31958.38,2.21933181,0.00007359,0.00235503,0.00147190,0.21213243,0.21360432,968657339.74,12.5842
2520,6.8994,1.5229,12.9398,533.05,47785135.92,3958968.46,251378879.58,271623753.80,523002633.38,31948.81,2.21866719,0.00007358,0.00235466,0.00147166,0.21216025,0.21363191,968687288.55,12.5806
2521,6.9021,1.5226,12.9380,533.37,47789521.15,3959097.41,251403757.01,271630815.62,523034572.62,31939.24,2.21800279,0.00007357,0.00235428,0.00147143,0.21218808,0.21365951,968717227.79,12.5770
2522,6.9049,1.5224,12.9361,533.70,47793905.77,3959226.33,251428626.56,271637875.74,523066502.30,31929.68,2.21733860,0.00007356,0.00235391,0.00147119,0.21221591,0.21368711,968747157.46,12.5734
2523,6.9076,1.5222,12.9343,534.02,47798289.76,3959355.23,251453488.24,271644934.18,523098422.41,31920.11,2.21667463,0.00007355,0.00235354,0.00147096,0.21224376,0.21371472,968777077.58,12.5698
2524,6.9103,1.5220,12.9325,534.35,47802673.15,3959484.09,251478342.05,271651990.92,523130332.97,31910.56,2.21601086,0.00007354,0.00235316,0.00147073,0.21227161,0.21374233,968806988.13,12.5661
2525,6.9131,1.5218,12.9307,534.68,47807055.91,3959612.92,251503188.00,271659045.97,523162233.97,31901.00,2.21534731,0.00007352,0.00235279,0.00147049,0.21229946,0.21376996,968836889.13,12.5625
2526,6.9158,1.5216,12.9289,535.00,47811438.07,3959741.73,251528026.09,271666099.33,523194125.42,31891.45,2.21468397,0.00007351,0.00235241,0.00147026,0.21232733,0.21379759,968866780.58,12.5589
2527,6.9185,1.5214,12.9271,535.33,47815819.60,3959870.50,251552856.31,271673151.01,523226007.32,31881.90,2.21402084,0.00007350,0.00235204,0.00147003,0.21235520,0.21382523,968896662.48,12.5553
2528,6.9213,1.5212,12.9252,535.66,47820200.52,3959999.25,251577678.69,271680200.99,523257879.67,31872.35,2.21335792,0.00007349,0.00235167,0.00146979,0.21238308,0.21385287,968926534.84,12.5517
2529,6.9240,1.5209,12.9234,535.99,47824580.83,3960127.96,251602493.20,271687249.28,523289742.49,31862.81,2.21269522,0.00007348,0.00235129,0.00146956,0.21241097,0.21388053,968956397.65,12.5480
2530,6.9268,1.5207,12.9216,536.31,47828960.51,3960256.65,251627299.87,271694295.89,523321595.76,31853.27,2.21203272,0.00007347,0.00235092,0.00146932,0.21243886,0.21390819,968986250.92,12.5444
2531,6.9295,1.5205,12.9198,536.64,47833339.59,3960385.31,251652098.68,271701340.81,523353439.49,31843.73,2.21137044,0.00007345,0.00235055,0.00146909,0.21246677,0.21393586,969016094.65,12.5408
2532,6.9322,1.5203,12.9180,536.97,47837718.04,3960513.94,251676889.65,271708384.04,523385273.69,31834.20,2.21070837,0.00007344,0.00235017,0.00146886,0.21249467,0.21396353,969045928.85,12.5372
2533,6.9350,1.5201,12.9162,537.30,47842095.89,3960642.54,251701672.78,271715425.58,523417098.36,31824.67,2.21004651,0.00007343,0.00234980,0.00146862,0.21252259,0.21399122,969075753.52,12.5336
2534,6.9377,1.5199,12.9143,537.63,47846473.11,3960771.12,251726448.06,271722465.44,523448913.50,31815.14,2.20938486,0.00007342,0.00234943,0.00146839,0.21255052,0.21401891,969105568.67,12.5300
2535,6.9405,1.5197,12.9125,537.96,47850849.73,3960899.66,251751215.50,271729503.62,523480719.12,31805.62,2.20872342,0.00007341,0.00234905,0.00146816,0.21257845,0.21404661,969135374.28,12.5264
2536,6.9432,1.5194,12.9107,538.29,47855225.72,3961028.17,251775975.11,271736540.11,523512515.22,31796.10,2.20806219,0.00007340,0.00234868,0.00146792,0.21260639,0.21407431,969165170.38,12.5227
2537,6.9459,1.5192,12.9089,538.61,47859601.11,3961156.66,251800726.88,271743574.91,523544301.79,31786.58,2.20740118,0.00007338,0.00234831,0.00146769,0.21263433,0.21410203,969194956.96,12.5191
2538,6.9487,1.5190,12.9071,538.94,47863975.87,3961285.11,251825470.82,271750608.03,523576078.85,31777.06,2.20674038,0.00007337,0.00234793,0.00146746,0.21266229,0.21412975,969224734.02,12.5155
2539,6.9514,1.5188,12.9053,539.27,47868350.03,3961413.54,251850206.93,271757639.47,523607846.40,31767.55,2.20607978,0.00007336,0.00234756,0.00146723,0.21269025,0.21415748,969254501.57,12.5119
2540,6.9541,1.5186,12.9035,539.60,47872723.57,3961541.94,251874935.21,271764669.23,523639604.44,31758.04,2.20541940,0.00007335,0.00234719,0.00146699,0.21271822,0.21418521,969284259.61,12.5083
2541,6.9569,1.5184,12.9016,539.93,47877096.49,3961670.31,251899655.67,271771697.30,523671352.98,31748.53,2.20475923,0.00007334,0.00234681,0.00146676,0.21274620,0.21421295,969314008.14,12.5047
2542,6.9596,1.5182,12.8998,540.26,47881468.80,3961798.65,251924368.31,271778723.70,523703092.01,31739.03,2.20409927,0.00007333,0.00234644,0.00146653,0.21277418,0.21424071,969343747.17,12.5011
2543,6.9624,1.5179,12.8980,540.59,47885840.49,3961926.96,251949073.13,271785748.41,523734821.53,31729.53,2.20343952,0.00007331,0.00234607,0.00146629,0.21280217,0.21426846,969373476.70,12.4975
2544,6.9651,1.5177,12.8962,540.92,47890211.57,3962055.25,251973770.13,271792771.44,523766541.57,31720.03,2.20277998,0.00007330,0.00234570,0.00146606,0.21283017,0.21429623,969403196.73,12.4939
2545,6.9678,1.5175,12.8944,541.25,47894582.04,3962183.50,251998459.31,271799792.79,523798252.10,31710.54,2.20212065,0.00007329,0.00234532,0.00146583,0.21285818,0.21432400,969432907.27,12.4903
2546,6.9706,1.5173,12.8926,541.59,47898951.89,3962311.73,252023140.68,271806812.47,523829953.15,31701.05,2.20146153,0.00007328,0.00234495,0.00146559,0.21288619,0.21435178,969462608.31,12.4867
2547,6.9733,1.5171,12.8908,541.92,47903321.13,3962439.92,252047814.25,271813830.46,523861644.71,31691.56,2.20080262,0.00007327,0.00234458,0.00146536,0.21291421,0.21437957,969492299.87,12.4831
2548,6.9760,1.5169,12.8890,542.25,47907689.75,3962568.09,252072480.00,271820846.78,523893326.78,31682.07,2.20014392,0.00007326,0.00234421,0.00146513,0.21294224,0.21440737,969521981.94,12.4795
2549,6.9788,1.5167,12.8871,542.58,47912057.76,3962696.23,252097137.95,271827861.42,523924999.37,31672.59,2.19948544,0.00007324,0.00234383,0.00146490,0.21297027,0.21443517,969551654.53,12.4759
2550,6.9815,1.5165,12.8853,542.91,47916425.16,3962824.34,252121788.10,271834874.38,523956662.48,31663.11,2.19882716,0.00007323,0.00234346,0.00146466,0.21299832,0.21446298,969581317.64,12.4723
2551,6.9843,1.5162,12.8835,543.24,47920791.94,3962952.42,252146430.45,271841885.66,523988316.12,31653.63,2.19816909,0.00007322,0.00234309,0.00146443,0.21302637,0.21449080,969610971.28,12.4687
2552,6.9870,1.5160,12.8817,543.58,47925158.11,3963080.47,252171065.00,271848895.27,524019960.28,31644.16,2.19751123,0.00007321,0.00234272,0.00146420,0.21305442,0.21451862,969640615.44,12.4651
2553,6.9897,1.5158,12.8799,543.91,47929523.67,3963208.50,252195691.76,271855903.21,524051594.97,31634.69,2.19685359,0.00007320,0.00234235,0.00146397,0.21308249,0.21454646,969670250.13,12.4615
2554,6.9925,1.5156,12.8781,544.24,47933888.61,3963336.49,252220310.73,271862909.47,524083220.19,31625.22,2.19619615,0.00007319,0.00234197,0.00146373,0.21311056,0.21457430,969699875.36,12.4579
2555,6.9952,1.5154,12.8763,544.57,47938252.94,3963464.46,252244921.90,271869914.05,524114835.95,31615.76,2.19553892,0.00007318,0.00234160,0.00146350,0.21313864,0.21460214,969729491.12,12.4543
2556,6.9979,1.5152,12.8745,544.91,47942616.65,3963592.39,252269525.29,271876916.97,524146442.25,31606.30,2.19488190,0.00007316,0.00234123,0.00146327,0.21316673,0.21463000,969759097.42,12.4507
2557,7.0007,1.5150,12.8727,545.24,47946979.76,3963720.30,252294120.89,271883918.21,524178039.10,31596.84,2.19422509,0.00007315,0.00234086,0.00146304,0.21319482,0.21465786,969788694.26,12.4471
2558,7.0034,1.5148,12.8709,545.57,47951342.25,3963848.18,252318708.71,271890917.77,524209626.48,31587.39,2.19356850,0.00007314,0.00234049,0.00146280,0.21322293,0.21468573,969818281.64,12.4435
2559,7.0062,1.5145,12.8690,545.91,47955704.12,3963976.03,252343288.75,271897915.67,524241204.42,31577.93,2.19291211,0.00007313,0.00234012,0.00146257,0.21325104,0.21471361,969847859.58,12.4399
2560,7.0089,1.5143,12.8672,546.24,47960065.39,3964103.85,252367861.01,271904911.89,524272772.90,31568.49,2.19225593,0.00007312,0.00233974,0.00146234,0.21327915,0.21474149,969877428.06,12.4363
2561,7.0116,1.5141,12.8654,546.58,47964426.04,3964231.65,252392425.49,271911906.45,524304331.94,31559.04,2.19159996,0.00007311,0.00233937,0.00146211,0.21330728,0.21476939,969906987.10,12.4328
2562,7.0144,1.5139,12.8636,546.91,47968786.07,3964359.41,252416982.21,271918899.33,524335881.54,31549.60,2.19094419,0.00007309,0.00233900,0.00146188,0.21333541,0.21479728,969936536.70,12.4292
2563,7.0171,1.5137,12.8618,547.24,47973145.50,3964487.15,252441531.15,271925890.54,524367421.69,31540.16,2.19028864,0.00007308,0.00233863,0.00146164,0.21336355,0.21482519,969966076.86,12.4256
2564,7.0198,1.5135,12.8600,547.58,47977504.31,3964614.86,252466072.33,271932880.09,524398952.41,31530.72,2.18963330,0.00007307,0.00233826,0.00146141,0.21339169,0.21485311,969995607.58,12.4220
2565,7.0226,1.5133,12.8582,547.91,47981862.51,3964742.53,252490605.74,271939867.96,524430473.70,31521.29,2.18897816,0.00007306,0.00233789,0.00146118,0.21341985,0.21488103,970025128.86,12.4184
2566,7.0253,1.5131,12.8564,548.25,47986220.10,3964870.18,252515131.38,271946854.17,524461985.55,31511.85,2.18832324,0.00007305,0.00233752,0.00146095,0.21344801,0.21490896,970054640.72,12.4148
2567,7.0281,1.5128,12.8546,548.58,47990577.07,3964997.80,252539649.27,271953838.71,524493487.98,31502.43,2.18766852,0.00007304,0.00233715,0.00146072,0.21347618,0.21493689,970084143.14,12.4112
2568,7.0308,1.5126,12.8528,548.92,47994933.44,3965125.40,252564159.40,271960821.58,524524980.98,31493.00,2.18701402,0.00007302,0.00233678,0.00146048,0.21350435,0.21496484,970113636.14,12.4077
2569,7.0335,1.5124,12.8510,549.25,47999289.19,3965252.96,252588661.77,271967802.79,524556464.56,31483.58,2.18635972,0.00007301,0.00233640,0.00146025,0.21353254,0.21499279,970143119.72,12.4041
2570,7.0363,1.5122,12.8492,549.59,48003644.33,3965380.50,252613156.39,271974782.33,524587938.72,31474.16,2.18570563,0.00007300,0.00233603,0.00146002,0.21356073,0.21502075,970172593.89,12.4005
2571,7.0390,1.5120,12.8474,549.93,48007998.85,3965508.00,252637643.26,271981760.21,524619403.47,31464.75,2.18505175,0.00007299,0.00233566,0.00145979,0.21358893,0.21504872,970202058.63,12.3969
2572,7.0418,1.5118,12.8456,550.26,48012352.77,3965635.48,252662122.38,271988736.42,524650858.80,31455.33,2.18439808,0.00007298,0.00233529,0.00145956,0.21361713,0.21507669,970231513.96,12.3933
2573,7.0445,1.5116,12.8438,550.60,48016706.07,3965762.93,252686593.76,271995710.96,524682304.72,31445.92,2.18374461,0.00007297,0.00233492,0.00145933,0.21364534,0.21510467,970260959.89,12.3898
2574,7.0472,1.5114,12.8420,550.94,48021058.76,3965890.35,252711057.39,272002683.85,524713741.24,31436.52,2.18309136,0.00007295,0.00233455,0.00145909,0.21367356,0.21513266,970290396.40,12.3862
2575,7.0500,1.5111,12.8401,551.27,48025410.84,3966017.74,252735513.28,272009655.07,524745168.35,31427.11,2.18243831,0.00007294,0.00233418,0.00145886,0.21370179,0.21516066,970319823.51,12.3826
2576,7.0527,1.5109,12.8383,551.61,48029762.31,3966145.11,252759961.44,272016624.62,524776586.06,31417.71,2.18178547,0.00007293,0.00233381,0.00145863,0.21373003,0.21518866,970349241.22,12.3790
2577,7.0554,1.5107,12.8365,551.95,48034113.17,3966272.44,252784401.85,272023592.52,524807994.37,31408.31,2.18113284,0.00007292,0.00233344,0.00145840,0.21375827,0.21521667,970378649.54,12.3755
2578,7.0582,1.5105,12.8347,552.29,48038463.41,3966399.75,252808834.54,272030558.75,524839393.29,31398.92,2.18048042,0.00007291,0.00233307,0.00145817,0.21378652,0.21524469,970408048.45,12.3719
2579,7.0609,1.5103,12.8329,552.62,48042813.05,3966527.03,252833259.49,272037523.33,524870782.82,31389.53,2.17982820,0.00007290,0.00233270,0.00145794,0.21381478,0.21527271,970437437.98,12.3683
2580,7.0637,1.5101,12.8311,552.96,48047162.07,3966654.27,252857676.71,272044486.24,524902162.95,31380.14,2.17917620,0.00007289,0.00233233,0.00145771,0.21384304,0.21530075,970466818.12,12.3647
2581,7.0664,1.5099,12.8293,553.30,48051510.48,3966781.50,252882086.21,272051447.49,524933533.71,31370.75,2.17852440,0.00007287,0.00233196,0.00145748,0.21387131,0.21532879,970496188.87,12.3612
2582,7.0691,1.5097,12.8275,553.64,48055858.28,3966908.69,252906487.99,272058407.09,524964895.07,31361.37,2.17787281,0.00007286,0.00233159,0.00145724,0.21389959,0.21535684,970525550.24,12.3576
2583,7.0719,1.5094,12.8257,553.98,48060205.47,3967035.85,252930882.04,272065365.02,524996247.06,31351.99,2.17722142,0.00007285,0.00233122,0.00145701,0.21392788,0.21538489,970554902.23,12.3540
2584,7.0746,1.5092,12.8239,554.31,48064552.05,3967162.99,252955268.37,272072321.30,525027589.67,31342.61,2.17657025,0.00007284,0.00233085,0.00145678,0.21395617,0.21541295,970584244.84,12.3505
2585,7.0773,1.5090,12.8221,554.65,48068898.02,3967290.09,252979646.99,272079275.92,525058922.91,31333.24,2.17591928,0.00007283,0.00233048,0.00145655,0.21398447,0.21544102,970613578.07,12.3469
2586,7.0801,1.5088,12.8203,554.99,48073243.37,3967417.17,253004017.90,272086228.88,525090246.78,31323.87,2.17526852,0.00007282,0.00233011,0.00145632,0.21401278,0.21546910,970642901.94,12.3433
2587,7.0828,1.5086,12.8185,555.33,48077588.12,3967544.22,253028381.09,272093180.19,525121561.28,31314.50,2.17461797,0.00007280,0.00232974,0.00145609,0.21404110,0.21549719,970672216.44,12.3398
2588,7.0856,1.5084,12.8167,555.67,48081932.26,3967671.24,253052736.57,272100129.84,525152866.41,31305.13,2.17396763,0.00007279,0.00232937,0.00145586,0.21406942,0.21552528,970701521.57,12.3362
2589,7.0883,1.5082,12.8149,556.01,48086275.78,3967798.23,253077084.35,272107077.84,525184162.18,31295.77,2.17331749,0.00007278,0.00232900,0.00145563,0.21409775,0.21555338,970730817.35,12.3326
2590,7.0910,1.5080,12.8131,556.35,48090618.70,3967925.20,253101424.42,272114024.18,525215448.60,31286.41,2.17266756,0.00007277,0.00232863,0.00145540,0.21412609,0.21558149,970760103.76,12.3291
2591,7.0938,1.5077,12.8113,556.69,48094961.00,3968052.13,253125756.79,272120968.86,525246725.65,31277.06,2.17201783,0.00007276,0.00232827,0.00145517,0.21415444,0.21560960,970789380.82,12.3255
2592,7.0965,1.5075,12.8095,557.03,48099302.70,3968179.04,253150081.46,272127911.89,525277993.36,31267.70,2.17136832,0.00007275,0.00232790,0.00145494,0.21418279,0.21563772,970818648.52,12.3219
2593,7.0992,1.5073,12.8077,557.37,48103643.78,3968305.92,253174398.44,272134853.27,525309251.71,31258.35,2.17071901,0.00007274,0.00232753,0.00145470,0.21421115,0.21566585,970847906.87,12.3184
2594,7.1020,1.5071,12.8059,557.71,48107984.26,3968432.77,253198707.72,272141793.00,525340500.72,31249.01,2.17006991,0.00007272,0.00232716,0.00145447,0.21423952,0.21569399,970877155.88,12.3148
2595,7.1047,1.5069,12.8041,558.06,48112324.12,3968559.59,253223009.31,272148731.07,525371740.38,31239.66,2.16942101,0.00007271,0.00232679,0.00145424,0.21426789,0.21572213,970906395.54,12.3113
2596,7.1075,1.5067,12.8023,558.40,48116663.38,3968686.38,253247303.21,272155667.50,525402970.70,31230.32,2.16877232,0.00007270,0.00232642,0.00145401,0.21429627,0.21575029,970935625.86,12.3077
2597,7.1102,1.5065,12.8005,558.74,48121002.02,3968813.15,253271589.42,272162602.27,525434191.68,31220.98,2.16812384,0.00007269,0.00232605,0.00145378,0.21432466,0.21577844,970964846.85,12.3041
2598,7.1129,1.5063,12.7987,559.08,48125340.06,3968939.89,253295867.94,272169535.39,525465403.33,31211.65,2.16747557,0.00007268,0.00232568,0.00145355,0.21435306,0.21580661,970994058.50,12.3006
2599,7.1157,1.5061,12.7969,559.42,48129677.48,3969066.59,253320138.79,272176466.86,525496605.65,31202.32,2.16682750,0.00007267,0.00232531,0.00145332,0.21438146,0.21583478,971023260.81,12.2970
2600,7.1184,1.5058,12.7951,559.76,48134014.30,3969193.27,253344401.95,272183396.68,525527798.64,31192.99,2.16617964,0.00007265,0.00232495,0.00145309,0.21440987,0.21586297,971052453.80,12.2935
2601,7.1211,1.5056,12.7933,560.11,48138350.51,3969319.93,253368657.44,272190324.85,525558982.30,31183.66,2.16553199,0.00007264,0.00232458,0.00145286,0.21443829,0.21589115,971081637.46,12.2899
2602,7.1239,1.5054,12.7915,560.45,48142686.11,3969446.55,253392905.25,272197251.38,525590156.63,31174.34,2.16488454,0.00007263,0.00232421,0.00145263,0.21446672,0.21591935,971110811.80,12.2864
2603,7.1266,1.5052,12.7897,560.79,48147021.09,3969573.14,253417145.39,272204176.26,525621321.65,31165.02,2.16423730,0.00007262,0.00232384,0.00145240,0.21449515,0.21594755,971139976.81,12.2828
2604,7.1294,1.5050,12.7879,561.13,48151355.47,3969699.71,253441377.86,272211099.49,525652477.35,31155.70,2.16359026,0.00007261,0.00232347,0.00145217,0.21452359,0.21597576,971169132.51,12.2793
2605,7.1321,1.5048,12.7861,561.48,48155689.24,3969826.25,253465602.67,272218021.07,525683623.74,31146.39,2.16294343,0.00007260,0.00232310,0.00145194,0.21455204,0.21600398,971198278.90,12.2757
2606,7.1348,1.5046,12.7843,561.82,48160022.41,3969952.76,253489819.80,272224941.01,525714760.81,31137.07,2.16229681,0.00007259,0.00232274,0.00145171,0.21458050,0.21603221,971227415.97,12.2722
2607,7.1376,1.5044,12.7825,562.16,48164354.96,3970079.24,253514029.28,272231859.30,525745888.58,31127.77,2.16165039,0.00007257,0.00232237,0.00145148,0.21460896,0.21606044,971256543.74,12.2686
2608,7.1403,1.5041,12.7807,562.51,48168686.90,3970205.69,253538231.09,272238775.94,525777007.04,31118.46,2.16100418,0.00007256,0.00232200,0.00145125,0.21463743,0.21608868,971285662.20,12.2651
2609,7.1431,1.5039,12.7789,562.85,48173018.24,3970332.12,253562425.25,272245690.95,525808116.19,31109.16,2.16035817,0.00007255,0.00232163,0.00145102,0.21466591,0.21611693,971314771.36,12.2615
2610,7.1458,1.5037,12.7771,563.20,48177348.96,3970458.51,253586611.75,272252604.30,525839216.05,31099.86,2.15971237,0.00007254,0.00232126,0.00145079,0.21469439,0.21614518,971343871.21,12.2580
2611,7.1485,1.5035,12.7754,563.54,48181679.08,3970584.88,253610790.60,272259516.02,525870306.61,31090.56,2.15906678,0.00007253,0.00232090,0.00145056,0.21472288,0.21617344,971372961.78,12.2544
2612,7.1513,1.5033,12.7736,563.89,48186008.59,3970711.22,253634961.79,272266426.09,525901387.88,31081.27,2.15842139,0.00007252,0.00232053,0.00145033,0.21475138,0.21620171,971402043.04,12.2509
2613,7.1540,1.5031,12.7718,564.23,48190337.49,3970837.53,253659125.34,272273334.52,525932459.86,31071.98,2.15777621,0.00007251,0.00232016,0.00145010,0.21477989,0.21622999,971431115.02,12.2474
2614,7.1567,1.5029,12.7700,564.58,48194665.78,3970963.81,253683281.24,272280241.31,525963522.55,31062.69,2.15713123,0.00007249,0.00231979,0.00144987,0.21480840,0.21625828,971460177.71,12.2438
2615,7.1595,1.5027,12.7682,564.92,48198993.47,3971090.07,253707429.50,272287146.45,525994575.95,31053.41,2.15648646,0.00007248,0.00231943,0.00144964,0.21483693,0.21628657,971489231.12,12.2403
2616,7.1622,1.5025,12.7664,565.27,48203320.55,3971216.30,253731570.12,272294049.96,526025620.08,31044.12,2.15584190,0.00007247,0.00231906,0.00144941,0.21486545,0.21631487,971518275.24,12.2367
2617,7.1650,1.5022,12.7646,565.61,48207647.01,3971342.50,253755703.10,272300951.82,526056654.92,31034.84,2.15519754,0.00007246,0.00231869,0.00144918,0.21489399,0.21634317,971547310.08,12.2332
2618,7.1677,1.5020,12.7628,565.96,48211972.87,3971468.67,253779828.44,272307852.05,526087680.49,31025.57,2.15455338,0.00007245,0.00231832,0.00144895,0.21492253,0.21637149,971576335.65,12.2297
2619,7.1704,1.5018,12.7610,566.30,48216298.13,3971594.81,253803946.15,272314750.64,526118696.79,31016.30,2.15390943,0.00007244,0.00231796,0.00144872,0.21495108,0.21639981,971605351.95,12.2261
2620,7.1732,1.5016,12.7592,566.65,48220622.77,3971720.92,253828056.23,272321647.58,526149703.81,31007.03,2.15326569,0.00007242,0.00231759,0.00144849,0.21497964,0.21642814,971634358.97,12.2226
2621,7.1759,1.5014,12.7574,567.00,48224946.81,3971847.01,253852158.68,272328542.89,526180701.57,30997.76,2.15262215,0.00007241,0.00231722,0.00144826,0.21500821,0.21645647,971663356.73,12.2191
2622,7.1786,1.5012,12.7556,567.34,48229270.24,3971973.06,253876253.50,272335436.57,526211690.07,30988.49,2.15197882,0.00007240,0.00231686,0.00144804,0.21503678,0.21648482,971692345.23,12.2155
2623,7.1814,1.5010,12.7538,567.69,48233593.06,3972099.09,253900340.70,272342328.60,526242669.30,30979.23,2.15133569,0.00007239,0.00231649,0.00144781,0.21506536,0.21651317,971721324.46,12.2120
2624,7.1841,1.5008,12.7520,568.04,48237915.27,3972225.09,253924420.27,272349219.00,526273639.28,30969.98,2.15069276,0.00007238,0.00231612,0.00144758,0.21509395,0.21654152,971750294.44,12.2085
2625,7.1869,1.5006,12.7502,568.38,48242236.88,3972351.07,253948492.23,272356107.76,526304600.00,30960.72,2.15005004,0.00007237,0.00231576,0.00144735,0.21512254,0.21656989,971779255.16,12.2049
2626,7.1896,1.5003,12.7484,568.73,48246557.88,3972477.01,253972556.57,272362994.89,526335551.46,30951.47,2.14940753,0.00007236,0.00231539,0.00144712,0.21515114,0.21659826,971808206.63,12.2014
2627,7.1923,1.5001,12.7467,569.08,48250878.27,3972602.93,253996613.30,272369880.39,526366493.68,30942.22,2.14876522,0.00007234,0.00231502,0.00144689,0.21517975,0.21662664,971837148.85,12.1979
2628,7.1951,1.4999,12.7449,569.43,48255198.06,3972728.82,254020662.41,272376764.24,526397426.66,30932.97,2.14812311,0.00007233,0.00231466,0.00144666,0.21520837,0.21665503,971866081.82,12.1943
2629,7.1978,1.4997,12.7431,569.78,48259517.24,3972854.68,254044703.92,272383646.47,526428350.39,30923.73,2.14748121,0.00007232,0.00231429,0.00144643,0.21523699,0.21668342,971895005.55,12.1908
2630,7.2005,1.4995,12.7413,570.12,48263835.81,3972980.51,254068737.81,272390527.06,526459264.87,30914.49,2.14683952,0.00007231,0.00231392,0.00144620,0.21526563,0.21671183,971923920.04,12.1873
2631,7.2033,1.4993,12.7395,570.47,48268153.77,3973106.31,254092764.11,272397406.02,526490170.13,30905.25,2.14619802,0.00007230,0.00231356,0.00144597,0.21529426,0.21674024,971952825.29,12.1837
2632,7.2060,1.4991,12.7377,570.82,48272471.13,3973232.09,254116782.80,272404283.35,526521066.14,30896.02,2.14555674,0.00007229,0.00231319,0.00144574,0.21532291,0.21676865,971981721.31,12.1802
2633,7.2088,1.4989,12.7359,571.17,48276787.88,3973357.84,254140793.88,272411159.04,526551952.93,30886.79,2.14491565,0.00007228,0.00231282,0.00144552,0.21535156,0.21679708,972010608.09,12.1767
2634,7.2115,1.4987,12.7341,571.52,48281104.03,3973483.56,254164797.38,272418033.11,526582830.49,30877.56,2.14427477,0.00007226,0.00231246,0.00144529,0.21538022,0.21682551,972039485.65,12.1732
2635,7.2142,1.4985,12.7323,571.87,48285419.56,3973609.25,254188793.27,272424905.54,526613698.82,30868.33,2.14363410,0.00007225,0.00231209,0.00144506,0.21540889,0.21685395,972068353.98,12.1696
2636,7.2170,1.4982,12.7305,572.22,48289734.50,3973734.91,254212781.58,272431776.35,526644557.92,30859.11,2.14299363,0.00007224,0.00231173,0.00144483,0.21543757,0.21688239,972097213.09,12.1661
2637,7.2197,1.4980,12.7288,572.57,48294048.82,3973860.55,254236762.29,272438645.52,526675407.81,30849.89,2.14235336,0.00007223,0.00231136,0.00144460,0.21546625,0.21691085,972126062.98,12.1626
2638,7.2225,1.4978,12.7270,572.92,48298362.54,3973986.16,254260735.42,272445513.07,526706248.48,30840.67,2.14171330,0.00007222,0.00231099,0.00144437,0.21549494,0.21693931,972154903.65,12.1591
2639,7.2252,1.4976,12.7252,573.27,48302675.65,3974111.74,254284700.96,272452378.99,526737079.94,30831.46,2.14107344,0.00007221,0.00231063,0.00144414,0.21552363,0.21696778,972183735.11,12.1556
2640,7.2279,1.4974,12.7234,573.62,48306988.16,3974237.29,254308658.91,272459243.28,526767902.19,30822.25,2.14043378,0.00007220,0.00231026,0.00144391,0.21555234,0.21699625,972212557.35,12.1520
2641,7.2307,1.4972,12.7216,573.97,48311300.06,3974362.81,254332609.29,272466105.94,526798715.23,30813.04,2.13979433,0.00007218,0.00230990,0.00144369,0.21558105,0.21702473,972241370.39,12.1485
2642,7.2334,1.4970,12.7198,574.32,48315611.36,3974488.31,254356552.09,272472966.97,526829519.06,30803.83,2.13915508,0.00007217,0.00230953,0.00144346,0.21560977,0.21705323,972270174.22,12.1450
2643,7.2361,1.4968,12.7180,574.67,48319922.05,3974613.77,254380487.31,272479826.38,526860313.69,30794.63,2.13851604,0.00007216,0.00230917,0.00144323,0.21563849,0.21708172,972298968.85,12.1415
2644,7.2389,1.4966,12.7162,575.03,48324232.13,3974739.21,254404414.96,272486684.17,526891099.12,30785.43,2.13787720,0.00007215,0.00230880,0.00144300,0.21566723,0.21711023,972327754.29,12.1380
2645,7.2416,1.4963,12.7145,575.38,48328541.61,3974864.62,254428335.03,272493540.33,526921875.36,30776.24,2.13723856,0.00007214,0.00230844,0.00144277,0.21569597,0.21713874,972356530.52,12.1345
2646,7.2444,1.4961,12.7127,575.73,48332850.48,3974990.01,254452247.54,272500394.86,526952642.40,30767.04,2.13660013,0.00007213,0.00230807,0.00144254,0.21572472,0.21716726,972385297.56,12.1310
2647,7.2471,1.4959,12.7109,576.08,48337158.75,3975115.36,254476152.48,272507247.77,526983400.25,30757.85,2.13596189,0.00007212,0.00230771,0.00144232,0.21575347,0.21719579,972414055.41,12.1274
2648,7.2498,1.4957,12.7091,576.43,48341466.41,3975240.69,254500049.86,272514099.06,527014148.91,30748.66,2.13532387,0.00007210,0.00230734,0.00144209,0.21578223,0.21722432,972442804.08,12.1239
2649,7.2526,1.4955,12.7073,576.79,48345773.46,3975365.99,254523939.67,272520948.72,527044888.39,30739.48,2.13468604,0.00007209,0.00230698,0.00144186,0.21581100,0.21725286,972471543.56,12.1204
2650,7.2553,1.4953,12.7055,577.14,48350079.91,3975491.26,254547821.93,272527796.76,527075618.69,30730.30,2.13404842,0.00007208,0.00230661,0.00144163,0.21583978,0.21728141,972500273.85,12.1169
2651,7.2580,1.4951,12.7037,577.49,48354385.76,3975616.50,254571696.63,272534643.18,527106339.81,30721.12,2.13341100,0.00007207,0.00230625,0.00144140,0.21586856,0.21730997,972528994.97,12.1134
2652,7.2608,1.4949,12.7020,577.84,48358691.00,3975741.72,254595563.78,272541487.98,527137051.75,30711.94,2.13277379,0.00007206,0.00230588,0.00144118,0.21589736,0.21733853,972557706.91,12.1099
2653,7.2635,1.4947,12.7002,578.20,48362995.64,3975866.91,254619423.37,272548331.15,527167754.52,30702.77,2.13213677,0.00007205,0.00230552,0.00144095,0.21592615,0.21736710,972586409.68,12.1064
2654,7.2663,1.4945,12.6984,578.55,48367299.67,3975992.07,254643275.41,272555172.71,527198448.12,30693.60,2.13149996,0.00007204,0.00230515,0.00144072,0.21595496,0.21739568,972615103.28,12.1029
2655,7.2690,1.4942,12.6966,578.91,48371603.09,3976117.20,254667119.91,272562012.65,527229132.55,30684.43,2.13086336,0.00007202,0.00230479,0.00144049,0.21598377,0.21742427,972643787.72,12.0994
2656,7.2717,1.4940,12.6948,579.26,48375905.91,3976242.30,254690956.86,272568850.96,527259807.82,30675.27,2.13022695,0.00007201,0.00230442,0.00144026,0.21601259,0.21745286,972672462.98,12.0959
2657,7.2745,1.4938,12.6930,579.61,48380208.13,3976367.38,254714786.27,272575687.66,527290473.93,30666.11,2.12959075,0.00007200,0.00230406,0.00144004,0.21604142,0.21748146,972701129.09,12.0924
2658,7.2772,1.4936,12.6912,579.97,48384509.74,3976492.43,254738608.14,272582522.74,527321130.88,30656.95,2.12895475,0.00007199,0.00230369,0.00143981,0.21607026,0.21751007,972729786.04,12.0889
2659,7.2799,1.4934,12.6895,580.32,48388810.75,3976617.45,254762422.47,272589356.20,527351778.67,30647.79,2.12831895,0.00007198,0.00230333,0.00143958,0.21609910,0.21753868,972758433.83,12.0854
2660,7.2827,1.4932,12.6877,580.68,48393111.15,3976742.44,254786229.26,272596188.05,527382417.31,30638.64,2.12768336,0.00007197,0.00230296,0.00143935,0.21612795,0.21756730,972787072.47,12.0819
2661,7.2854,1.4930,12.6859,581.03,48397410.95,3976867.40,254810028.52,272603018.28,527413046.80,30629.49,2.12704797,0.00007196,0.00230260,0.00143913,0.21615681,0.21759593,972815701.96,12.0784
2662,7.2882,1.4928,12.6841,581.39,48401710.15,3976992.34,254833820.26,272609846.89,527443667.14,30620.34,2.12641278,0.00007194,0.00230224,0.00143890,0.21618567,0.21762457,972844322.31,12.0749
2663,7.2909,1.4926,12.6823,581.74,48406008.74,3977117.25,254857604.46,272616673.89,527474278.35,30611.20,2.12577779,0.00007193,0.00230187,0.00143867,0.21621454,0.21765321,972872933.51,12.0714
2664,7.2936,1.4924,12.6806,582.10,48410306.73,3977242.13,254881381.14,272623499.27,527504880.40,30602.06,2.12514300,0.00007192,0.00230151,0.00143844,0.21624342,0.21768186,972901535.57,12.0679
2665,7.2964,1.4921,12.6788,582.46,48414604.11,3977366.98,254905150.29,272630323.04,527535473.33,30592.92,2.12450842,0.00007191,0.00230114,0.00143822,0.21627231,0.21771052,972930128.49,12.0644
2666,7.2991,1.4919,12.6770,582.81,48418900.89,3977491.81,254928911.92,272637145.19,527566057.11,30583.79,2.12387404,0.00007190,0.00230078,0.00143799,0.21630120,0.21773919,972958712.27,12.0609
2667,7.3018,1.4917,12.6752,583.17,48423197.06,3977616.61,254952666.04,272643965.73,527596631.77,30574.65,2.12323986,0.00007189,0.00230042,0.00143776,0.21633010,0.21776786,972987286.93,12.0574
2668,7.3046,1.4915,12.6734,583.52,48427492.63,3977741.38,254976412.64,272650784.65,527627197.29,30565.52,2.12260588,0.00007188,0.00230005,0.00143753,0.21635901,0.21779654,973015852.45,12.0539
2669,7.3073,1.4913,12.6716,583.88,48431787.60,3977866.12,255000151.72,272657601.97,527657753.69,30556.40,2.12197211,0.00007187,0.00229969,0.00143731,0.21638792,0.21782523,973044408.85,12.0504
2670,7.3101,1.4911,12.6699,584.24,48436081.96,3977990.83,255023883.29,272664417.67,527688300.96,30547.27,2.12133853,0.00007185,0.00229933,0.00143708,0.21641685,0.21785393,973072956.13,12.0469
2671,7.3128,1.4909,12.6681,584.60,48440375.73,3978115.52,255047607.36,272671231.76,527718839.12,30538.15,2.12070516,0.00007184,0.00229896,0.00143685,0.21644578,0.21788263,973101494.28,12.0434
2672,7.3155,1.4907,12.6663,584.95,48444668.88,3978240.18,255071323.91,272678044.24,527749368.15,30529.04,2.12007199,0.00007183,0.00229860,0.00143662,0.21647471,0.21791134,973130023.32,12.0399
2673,7.3183,1.4905,12.6645,585.31,48448961.44,3978364.81,255095032.97,272684855.11,527779888.08,30519.92,2.11943902,0.00007182,0.00229824,0.00143640,0.21650366,0.21794006,973158543.24,12.0364
2674,7.3210,1.4903,12.6627,585.67,48453253.39,3978489.41,255118734.52,272691664.37,527810398.89,30510.81,2.11880625,0.00007181,0.00229787,0.00143617,0.21653261,0.21796878,973187054.05,12.0329
2675,7.3238,1.4901,12.6610,586.03,48457544.74,3978613.99,255142428.57,272698472.02,527840900.59,30501.70,2.11817368,0.00007180,0.00229751,0.00143594,0.21656157,0.21799751,973215555.75,12.0295
2676,7.3265,1.4898,12.6592,586.39,48461835.48,3978738.53,255166115.12,272705278.06,527871393.18,30492.59,2.11754132,0.00007179,0.00229715,0.00143572,0.21659053,0.21802625,973244048.35,12.0260
2677,7.3292,1.4896,12.6574,586.74,48466125.62,3978863.05,255189794.18,272712082.50,527901876.67,30483.49,2.11690915,0.00007177,0.00229678,0.00143549,0.21661951,0.21805500,973272531.84,12.0225
2678,7.3320,1.4894,12.6556,587.10,48470415.16,3978987.55,255213465.74,272718885.32,527932351.07,30474.39,2.11627719,0.00007176,0.00229642,0.00143526,0.21664849,0.21808375,973301006.23,12.0190
2679,7.3347,1.4892,12.6539,587.46,48474704.10,3979112.01,255237129.82,272725686.54,527962816.36,30465.29,2.11564543,0.00007175,0.00229606,0.00143504,0.21667748,0.21811251,973329471.52,12.0155
2680,7.3374,1.4890,12.6521,587.82,48478992.43,3979236.45,255260786.41,272732486.15,527993272.56,30456.20,2.11501387,0.00007174,0.00229569,0.00143481,0.21670647,0.21814128,973357927.72,12.0120
2681,7.3402,1.4888,12.6503,588.18,48483280.16,3979360.86,255284435.51,272739284.16,528023719.67,30447.11,2.11438251,0.00007173,0.00229533,0.00143458,0.21673547,0.21817005,973386374.83,12.0086
2682,7.3429,1.4886,12.6485,588.54,48487567.29,3979485.24,255308077.13,272746080.56,528054157.69,30438.02,2.11375135,0.00007172,0.00229497,0.00143436,0.21676448,0.21819884,973414812.85,12.0051
2683,7.3457,1.4884,12.6467,588.90,48491853.82,3979609.59,255331711.27,272752875.36,528084586.62,30428.93,2.11312039,0.00007171,0.00229461,0.00143413,0.21679350,0.21822763,973443241.78,12.0016
2684,7.3484,1.4882,12.6450,589.26,48496139.74,3979733.92,255355337.93,272759668.55,528115006.47,30419.85,2.11248963,0.00007170,0.00229424,0.00143390,0.21682252,0.21825642,973471661.63,11.9981
2685,7.3511,1.4880,12.6432,589.62,48500425.06,3979858.22,255378957.11,272766460.13,528145417.24,30410.77,2.11185908,0.00007168,0.00229388,0.00143368,0.21685155,0.21828523,973500072.40,11.9946
2686,7.3539,1.4877,12.6414,589.98,48504709.78,3979982.49,255402568.82,272773250.12,528175818.94,30401.69,2.11122872,0.00007167,0.00229352,0.00143345,0.21688059,0.21831404,973528474.10,11.9912
2687,7.3566,1.4875,12.6396,590.34,48508993.90,3980106.73,255426173.06,272780038.50,528206211.56,30392.62,2.11059856,0.00007166,0.00229316,0.00143322,0.21690964,0.21834286,973556866.72,11.9877
2688,7.3593,1.4873,12.6379,590.70,48513277.41,3980230.95,255449769.83,272786825.27,528236595.10,30383.55,2.10996861,0.00007165,0.00229279,0.00143300,0.21693869,0.21837169,973585250.27,11.9842
2689,7.3621,1.4871,12.6361,591.06,48517560.33,3980355.13,255473359.13,272793610.45,528266969.58,30374.48,2.10933885,0.00007164,0.00229243,0.00143277,0.21696775,0.21840052,973613624.75,11.9807
2690,7.3648,1.4869,12.6343,591.43,48521842.64,3980479.29,255496940.97,272800394.02,528297335.00,30365.41,2.10870930,0.00007163,0.00229207,0.00143254,0.21699682,0.21842936,973641990.16,11.9773
2691,7.3676,1.4867,12.6325,591.79,48526124.35,3980603.43,255520515.35,272807176.00,528327691.35,30356.35,2.10807994,0.00007162,0.00229171,0.00143232,0.21702589,0.21845821,973670346.51,11.9738
2692,7.3703,1.4865,12.6308,592.15,48530405.46,3980727.53,255544082.27,272813956.37,528358038.64,30347.29,2.10745079,0.00007160,0.00229135,0.00143209,0.21705497,0.21848707,973698693.80,11.9703
2693,7.3730,1.4863,12.6290,592.51,48534685.96,3980851.61,255567641.73,272820735.14,528388376.87,30338.23,2.10682184,0.00007159,0.00229098,0.00143187,0.21708406,0.21851593,973727032.04,11.9668
2694,7.3758,1.4861,12.6272,592.87,48538965.87,3980975.66,255591193.74,272827512.32,528418706.05,30329.18,2.10619308,0.00007158,0.00229062,0.00143164,0.21711316,0.21854480,973755361.22,11.9634
2695,7.3785,1.4859,12.6254,593.24,48543245.17,3981099.68,255614738.29,272834287.89,528449026.18,30320.13,2.10556453,0.00007157,0.00229026,0.00143141,0.21714226,0.21857368,973783681.35,11.9599
2696,7.3812,1.4857,12.6237,593.60,48547523.87,3981223.68,255638275.39,272841061.87,528479337.26,30311.08,2.10493617,0.00007156,0.00228990,0.00143119,0.21717137,0.21860256,973811992.43,11.9564
2697,7.3840,1.4855,12.6219,593.96,48551801.97,3981347.64,255661805.05,272847834.25,528509639.30,30302.04,2.10430802,0.00007155,0.00228954,0.00143096,0.21720049,0.21863145,973840294.46,11.9530
2698,7.3867,1.4852,12.6201,594.33,48556079.47,3981471.58,255685327.26,272854605.03,528539932.29,30292.99,2.10368006,0.00007154,0.00228918,0.00143073,0.21722962,0.21866035,973868587.46,11.9495
2699,7.3895,1.4850,12.6183,594.69,48560356.37,3981595.49,255708842.03,272861374.22,528570216.25,30283.95,2.10305231,0.00007153,0.00228881,0.00143051,0.21725875,0.21868926,973896871.41,11.9460
2700,7.3922,1.4848,12.6166,595.05,48564632.67,3981719.38,255732349.36,272868141.80,528600491.16,30274.92,2.10242476,0.00007151,0.00228845,0.00143028,0.21728789,0.21871817,973925146.32,11.9426
2701,7.3949,1.4846,12.6148,595.42,48568908.37,3981843.24,255755849.25,272874907.80,528630757.04,30265.88,2.10179740,0.00007150,0.00228809,0.00143006,0.21731704,0.21874709,973953412.21,11.9391
2702,7.3977,1.4844,12.6130,595.78,48573183.46,3981967.07,255779341.70,272881672.20,528661013.90,30256.85,2.10117024,0.00007149,0.00228773,0.00142983,0.21734619,0.21877602,973981669.06,11.9356
2703,7.4004,1.4842,12.6112,596.15,48577457.96,3982090.87,255802826.72,272888435.00,528691261.72,30247.82,2.10054329,0.00007148,0.00228737,0.00142961,0.21737535,0.21880496,974009916.88,11.9322
2704,7.4031,1.4840,12.6095,596.51,48581731.85,3982214.64,255826304.31,272895196.21,528721500.52,30238.80,2.09991653,0.00007147,0.00228701,0.00142938,0.21740452,0.21883390,974038155.68,11.9287
2705,7.4059,1.4838,12.6077,596.87,48586005.15,3982338.39,255849774.47,272901955.82,528751730.29,30229.78,2.09928997,0.00007146,0.00228665,0.00142915,0.21743370,0.21886285,974066385.46,11.9252
2706,7.4086,1.4836,12.6059,597.24,48590277.84,3982462.11,255873237.20,272908713.85,528781951.05,30220.76,2.09866361,0.00007145,0.00228629,0.00142893,0.21746288,0.21889181,974094606.21,11.9218
2707,7.4114,1.4834,12.6042,597.60,48594549.93,3982585.80,255896692.51,272915470.28,528812162.79,30211.74,2.09803745,0.00007144,0.00228592,0.00142870,0.21749207,0.21892077,974122817.95,11.9183
2708,7.4141,1.4832,12.6024,597.97,48598821.43,3982709.47,255920140.40,272922225.11,528842365.51,30202.73,2.09741149,0.00007142,0.00228556,0.00142848,0.21752127,0.21894975,974151020.68,11.9149
2709,7.4168,1.4829,12.6006,598.34,48603092.32,3982833.10,255943580.87,272928978.36,528872559.23,30193.71,2.09678573,0.00007141,0.00228520,0.00142825,0.21755047,0.21897872,974179214.39,11.9114
2710,7.4196,1.4827,12.5988,598.70,48607362.61,3982956.71,255967013.92,272935730.01,528902743.93,30184.71,2.09616017,0.00007140,0.00228484,0.00142803,0.21757968,0.21900771,974207399.10,11.9080
2711,7.4223,1.4825,12.5971,599.07,48611632.30,3983080.29,255990439.56,272942480.08,528932919.64,30175.70,2.09553481,0.00007139,0.00228448,0.00142780,0.21760890,0.21903670,974235574.80,11.9045
2712,7.4251,1.4823,12.5953,599.43,48615901.40,3983203.85,256013857.78,272949228.55,528963086.34,30166.70,2.09490964,0.00007138,0.00228412,0.00142758,0.21763813,0.21906571,974263741.50,11.9010
2713,7.4278,1.4821,12.5935,599.80,48620169.89,3983327.38,256037268.60,272955975.44,528993244.03,30157.70,2.09428468,0.00007137,0.00228376,0.00142735,0.21766736,0.21909471,974291899.20,11.8976
2714,7.4305,1.4819,12.5918,600.17,48624437.78,3983450.88,256060672.00,272962720.74,529023392.74,30148.70,2.09365991,0.00007136,0.00228340,0.00142713,0.21769660,0.21912373,974320047.90,11.8941
2715,7.4333,1.4817,12.5900,600.53,48628705.07,3983574.35,256084068.00,272969464.44,529053532.45,30139.71,2.09303534,0.00007135,0.00228304,0.00142690,0.21772585,0.21915275,974348187.61,11.8907
2716,7.4360,1.4815,12.5882,600.90,48632971.77,3983697.79,256107456.60,272976206.56,529083663.16,30130.72,2.09241097,0.00007133,0.00228268,0.00142667,0.21775511,0.21918178,974376318.33,11.8872
2717,7.4387,1.4813,12.5865,601.27,48637237.86,3983821.21,256130837.80,272982947.10,529113784.89,30121.73,2.09178680,0.00007132,0.00228232,0.00142645,0.21778437,0.21921082,974404440.06,11.8838
2718,7.4415,1.4811,12.5847,601.64,48641503.35,3983944.60,256154211.60,272989686.04,529143897.64,30112.74,2.09116283,0.00007131,0.00228196,0.00142622,0.21781364,0.21923986,974432552.80,11.8803
2719,7.4442,1.4809,12.5829,602.00,48645768.25,3984067.96,256177578.00,272996423.40,529174001.40,30103.76,2.09053905,0.00007130,0.00228160,0.00142600,0.21784292,0.21926892,974460656.56,11.8769
2720,7.4470,1.4807,12.5812,602.37,48650032.55,3984191.30,256200937.01,273003159.17,529204096.18,30094.78,2.08991548,0.00007129,0.00228124,0.00142577,0.21787220,0.21929797,974488751.35,11.8734
2721,7.4497,1.4805,12.5794,602.74,48654296.24,3984314.61,256224288.63,273009893.36,529234181.99,30085.81,2.08929210,0.00007128,0.00228088,0.00142555,0.21790149,0.21932704,974516837.15,11.8700
2722,7.4524,1.4802,12.5776,603.11,48658559.34,3984437.89,256247632.86,273016625.97,529264258.82,30076.83,2.08866892,0.00007127,0.00228052,0.00142532,0.21793079,0.21935611,974544913.99,11.8665
2723,7.4552,1.4800,12.5758,603.48,48662821.84,3984561.14,256270969.70,273023356.98,529294326.68,30067.86,2.08804594,0.00007125,0.00228016,0.00142510,0.21796010,0.21938520,974572981.85,11.8631
2724,7.4579,1.4798,12.5741,603.85,48667083.74,3984684.37,256294299.16,273030086.42,529324385.58,30058.89,2.08742315,0.00007124,0.00227980,0.00142488,0.21798941,0.21941428,974601040.74,11.8597
2725,7.4606,1.4796,12.5723,604.22,48671345.04,3984807.57,256317621.23,273036814.27,529354435.51,30049.93,2.08680057,0.00007123,0.00227944,0.00142465,0.21801873,0.21944338,974629090.67,11.8562
2726,7.4634,1.4794,12.5705,604.59,48675605.74,3984930.74,256340935.93,273043540.54,529384476.47,30040.97,2.08617818,0.00007122,0.00227908,0.00142443,0.21804806,0.21947248,974657131.63,11.8528
2727,7.4661,1.4792,12.5688,604.96,48679865.84,3985053.88,256364243.25,273050265.23,529414508.48,30032.01,2.08555599,0.00007121,0.00227872,0.00142420,0.21807739,0.21950159,974685163.64,11.8493
2728,7.4689,1.4790,12.5670,605.33,48684125.35,3985177.00,256387543.20,273056988.33,529444531.53,30023.05,2.08493400,0.00007120,0.00227836,0.00142398,0.21810673,0.21953071,974713186.69,11.8459
2729,7.4716,1.4788,12.5653,605.70,48688384.25,3985300.09,256410835.77,273063709.86,529474545.62,30014.10,2.08431220,0.00007119,0.00227800,0.00142375,0.21813608,0.21955983,974741200.79,11.8424
2730,7.4743,1.4786,12.5635,606.07,48692642.56,3985423.15,256434120.97,273070429.80,529504550.77,30005.14,2.08369061,0.00007118,0.00227764,0.00142353,0.21816544,0.21958896,974769205.93,11.8390
2731,7.4771,1.4784,12.5617,606.44,48696900.27,3985546.19,256457398.80,273077148.16,529534546.96,29996.20,2.08306921,0.00007117,0.00227728,0.00142330,0.21819480,0.21961810,974797202.13,11.8356
2732,7.4798,1.4782,12.5600,606.81,48701157.38,3985669.20,256480669.27,273083864.94,529564534.22,29987.25,2.08244801,0.00007115,0.00227692,0.00142308,0.21822417,0.21964725,974825189.38,11.8321
2733,7.4825,1.4780,12.5582,607.18,48705413.89,3985792.18,256503932.38,273090580.15,529594512.52,29978.31,2.08182700,0.00007114,0.00227657,0.00142285,0.21825355,0.21967640,974853167.69,11.8287
2734,7.4853,1.4777,12.5564,607.55,48709669.81,3985915.13,256527188.12,273097293.77,529624481.89,29969.37,2.08120619,0.00007113,0.00227621,0.00142263,0.21828293,0.21970556,974881137.06,11.8253
2735,7.4880,1.4775,12.5547,607.92,48713925.12,3986038.06,256550436.50,273104005.82,529654442.33,29960.43,2.08058558,0.00007112,0.00227585,0.00142240,0.21831233,0.21973473,974909097.49,11.8218
2736,7.4908,1.4773,12.5529,608.29,48718179.84,3986160.96,256573677.53,273110716.29,529684393.82,29951.50,2.07996517,0.00007111,0.00227549,0.00142218,0.21834172,0.21976390,974937048.99,11.8184
2737,7.4935,1.4771,12.5511,608.67,48722433.96,3986283.83,256596911.21,273117425.18,529714336.39,29942.57,2.07934496,0.00007110,0.00227513,0.00142196,0.21837113,0.21979309,974964991.55,11.8150
2738,7.4962,1.4769,12.5494,609.04,48726687.48,3986406.67,256620137.53,273124132.50,529744270.03,29933.64,2.07872494,0.00007109,0.00227477,0.00142173,0.21840054,0.21982228,974992925.19,11.8115
2739,7.4990,1.4767,12.5476,609.41,48730940.41,3986529.49,256643356.51,273130838.24,529774194.74,29924.71,2.07810512,0.00007108,0.00227441,0.00142151,0.21842997,0.21985147,975020849.91,11.8081
2740,7.5017,1.4765,12.5458,609.78,48735192.73,3986652.28,256666568.13,273137542.40,529804110.54,29915.79,2.07748549,0.00007106,0.00227405,0.00142128,0.21845939,0.21988068,975048765.70,11.8047
2741,7.5044,1.4763,12.5441,610.16,48739444.46,3986775.04,256689772.42,273144244.99,529834017.41,29906.87,2.07686606,0.00007105,0.00227370,0.00142106,0.21848883,0.21990989,975076672.57,11.8012
2742,7.5072,1.4761,12.5423,610.53,48743695.60,3986897.78,256712969.36,273150946.01,529863915.36,29897.95,2.07624683,0.00007104,0.00227334,0.00142084,0.21851827,0.21993911,975104570.52,11.7978
2743,7.5099,1.4759,12.5406,610.90,48747946.13,3987020.49,256736158.96,273157645.45,529893804.40,29889.04,2.07562780,0.00007103,0.00227298,0.00142061,0.21854772,0.21996833,975132459.56,11.7944
2744,7.5127,1.4757,12.5388,611.28,48752196.07,3987143.17,256759341.22,273164343.31,529923684.53,29880.13,2.07500896,0.00007102,0.00227262,0.00142039,0.21857718,0.21999756,975160339.69,11.7910
2745,7.5154,1.4755,12.5370,611.65,48756445.41,3987265.82,256782516.15,273171039.61,529953555.75,29871.22,2.07439032,0.00007101,0.00227226,0.00142016,0.21860664,0.22002680,975188210.91,11.7875
2746,7.5181,1.4753,12.5353,612.02,48760694.15,3987388.45,256805683.74,273177734.33,529983418.07,29862.32,2.07377188,0.00007100,0.00227190,0.00141994,0.21863611,0.22005605,975216073.23,11.7841
2747,7.5209,1.4751,12.5335,612.40,48764942.30,3987511.05,256828844.00,273184427.48,530013271.48,29853.41,2.07315363,0.00007099,0.00227155,0.00141972,0.21866559,0.22008531,975243926.64,11.7807
2748,7.5236,1.4748,12.5317,612.77,48769189.85,3987633.62,256851996.94,273191119.05,530043115.99,29844.51,2.07253558,0.00007097,0.00227119,0.00141949,0.21869508,0.22011457,975271771.15,11.7773
2749,7.5264,1.4746,12.5300,613.15,48773436.80,3987756.17,256875142.55,273197809.06,530072951.61,29835.62,2.07191773,0.00007096,0.00227083,0.00141927,0.21872457,0.22014384,975299606.77,11.7738
2750,7.5291,1.4744,12.5282,613.52,48777683.16,3987878.69,256898280.83,273204497.50,530102778.33,29826.72,2.07130007,0.00007095,0.00227047,0.00141904,0.21875407,0.22017311,975327433.49,11.7704
2751,7.5318,1.4742,12.5265,613.90,48781928.92,3988001.18,256921411.80,273211184.36,530132596.16,29817.83,2.07068260,0.00007094,0.00227011,0.00141882,0.21878357,0.22020240,975355251.32,11.7670
2752,7.5346,1.4740,12.5247,614.27,48786174.08,3988123.64,256944535.44,273217869.66,530162405.10,29808.94,2.07006534,0.00007093,0.00226976,0.00141860,0.21881309,0.22023169,975383060.26,11.7636
2753,7.5373,1.4738,12.5229,614.65,48790418.64,3988246.08,256967651.77,273224553.39,530192205.15,29800.06,2.06944827,0.00007092,0.00226940,0.00141837,0.21884261,0.22026098,975410860.32,11.7602
2754,7.5400,1.4736,12.5212,615.03,48794662.61,3988368.49,256990760.78,273231235.55,530221996.33,29791.17,2.06883139,0.00007091,0.00226904,0.00141815,0.21887214,0.22029029,975438651.49,11.7567
2755,7.5428,1.4734,12.5194,615.40,48798905.99,3988490.87,257013862.48,273237916.14,530251778.62,29782.29,2.06821472,0.00007090,0.00226868,0.00141793,0.21890167,0.22031960,975466433.78,11.7533
2756,7.5455,1.4732,12.5177,615.78,48803148.76,3988613.23,257036956.87,273244595.16,530281552.03,29773.41,2.06759823,0.00007089,0.00226833,0.00141770,0.21893122,0.22034892,975494207.19,11.7499
2757,7.5483,1.4730,12.5159,616.15,48807390.94,3988735.56,257060043.96,273251272.62,530311316.57,29764.54,2.06698195,0.00007087,0.00226797,0.00141748,0.21896077,0.22037825,975521971.73,11.7465
2758,7.5510,1.4728,12.5141,616.53,48811632.53,3988857.86,257083123.73,273257948.51,530341072.24,29755.67,2.06636586,0.00007086,0.00226761,0.00141726,0.21899032,0.22040758,975549727.40,11.7431
2759,7.5537,1.4726,12.5124,616.91,48815873.52,3988980.13,257106196.21,273264622.83,530370819.04,29746.80,2.06574996,0.00007085,0.00226725,0.00141703,0.21901989,0.22043692,975577474.20,11.7397
2760,7.5565,1.4724,12.5106,617.29,48820113.91,3989102.38,257129261.38,273271295.59,530400556.97,29737.93,2.06513426,0.00007084,0.00226690,0.00141681,0.21904946,0.22046627,975605212.14,11.7363
2761,7.5592,1.4722,12.5089,617.66,48824353.71,3989224.60,257152319.26,273277966.78,530430286.04,29729.07,2.06451876,0.00007083,0.00226654,0.00141659,0.21907904,0.22049563,975632941.21,11.7329
2762,7.5619,1.4719,12.5071,618.04,48828592.91,3989346.79,257175369.84,273284636.41,530460006.25,29720.21,2.06390345,0.00007082,0.00226618,0.00141636,0.21910862,0.22052499,975660661.42,11.7294
2763,7.5647,1.4717,12.5054,618.42,48832831.51,3989468.96,257198413.13,273291304.48,530489717.60,29711.35,2.06328834,0.00007081,0.00226583,0.00141614,0.21913822,0.22055436,975688372.77,11.7260
2764,7.5674,1.4715,12.5036,618.80,48837069.52,3989591.10,257221449.12,273297970.98,530519420.10,29702.50,2.06267342,0.00007080,0.00226547,0.00141592,0.21916782,0.22058374,975716075.26,11.7226
2765,7.5702,1.4713,12.5018,619.17,48841306.94,3989713.21,257244477.83,273304635.92,530549113.75,29693.65,2.06205870,0.00007078,0.00226511,0.00141569,0.21919742,0.22061312,975743768.91,11.7192
2766,7.5729,1.4711,12.5001,619.55,48845543.75,3989835.30,257267499.25,273311299.30,530578798.54,29684.80,2.06144417,0.00007077,0.00226475,0.00141547,0.21922704,0.22064251,975771453.71,11.7158
2767,7.5756,1.4709,12.4983,619.93,48849779.98,3989957.36,257290513.38,273317961.11,530608474.49,29675.95,2.06082984,0.00007076,0.00226440,0.00141525,0.21925666,0.22067191,975799129.66,11.7124
2768,7.5784,1.4707,12.4966,620.31,48854015.61,3990079.39,257313520.23,273324621.36,530638141.60,29667.11,2.06021570,0.00007075,0.00226404,0.00141503,0.21928629,0.22070132,975826796.76,11.7090
2769,7.5811,1.4705,12.4948,620.69,48858250.64,3990201.39,257336519.81,273331280.06,530667799.86,29658.27,2.05960176,0.00007074,0.00226368,0.00141480,0.21931593,0.22073073,975854455.03,11.7056
2770,7.5838,1.4703,12.4931,621.07,48862485.08,3990323.37,257359512.10,273337937.19,530697449.29,29649.43,2.05898801,0.00007073,0.00226333,0.00141458,0.21934557,0.22076015,975882104.45,11.7022
2771,7.5866,1.4701,12.4913,621.45,48866718.92,3990445.32,257382497.12,273344592.76,530727089.88,29640.59,2.05837446,0.00007072,0.00226297,0.00141436,0.21937522,0.22078958,975909745.05,11.6988
2772,7.5893,1.4699,12.4896,621.83,48870952.17,3990567.25,257405474.87,273351246.77,530756721.64,29631.76,2.05776110,0.00007071,0.00226262,0.00141413,0.21940488,0.22081901,975937376.81,11.6954
2773,7.5921,1.4697,12.4878,622.21,48875184.82,3990689.14,257428445.35,273357899.23,530786344.57,29622.93,2.05714794,0.00007070,0.00226226,0.00141391,0.21943454,0.22084845,975964999.74,11.6920
2774,7.5948,1.4695,12.4860,622.59,48879416.88,3990811.01,257451408.55,273364550.12,530815958.68,29614.10,2.05653497,0.00007068,0.00226190,0.00141369,0.21946421,0.22087790,975992613.84,11.6886
2775,7.5975,1.4693,12.4843,622.97,48883648.34,3990932.86,257474364.50,273371199.46,530845563.96,29605.28,2.05592220,0.00007067,0.00226155,0.00141347,0.21949389,0.22090736,976020219.12,11.6852
2776,7.6003,1.4691,12.4825,623.35,48887879.21,3991054.67,257497313.17,273377847.24,530875160.42,29596.46,2.05530962,0.00007066,0.00226119,0.00141324,0.21952358,0.22093682,976047815.58,11.6818
2777,7.6030,1.4688,12.4808,623.73,48892109.48,3991176.46,257520254.59,273384493.47,530904748.06,29587.64,2.05469724,0.00007065,0.00226083,0.00141302,0.21955327,0.22096629,976075403.22,11.6784
2778,7.6057,1.4686,12.4790,624.12,48896339.16,3991298.23,257543188.75,273391138.13,530934326.88,29578.82,2.05408505,0.00007064,0.00226048,0.00141280,0.21958297,0.22099577,976102982.04,11.6750
2779,7.6085,1.4684,12.4773,624.50,48900568.25,3991419.96,257566115.65,273397781.24,530963896.89,29570.01,2.05347306,0.00007063,0.00226012,0.00141258,0.21961268,0.22102525,976130552.06,11.6716
2780,7.6112,1.4682,12.4755,624.88,48904796.74,3991541.67,257589035.30,273404422.80,530993458.10,29561.20,2.05286125,0.00007062,0.00225977,0.00141235,0.21964239,0.22105475,976158113.26,11.6682
2781,7.6140,1.4680,12.4738,625.26,48909024.64,3991663.35,257611947.69,273411062.80,531023010.49,29552.39,2.05224965,0.00007061,0.00225941,0.00141213,0.21967211,0.22108425,976185665.65,11.6648
2782,7.6167,1.4678,12.4720,625.64,48913251.94,3991785.01,257634852.83,273417701.25,531052554.08,29543.59,2.05163824,0.00007060,0.00225906,0.00141191,0.21970184,0.22111375,976213209.24,11.6614
2783,7.6194,1.4676,12.4703,626.03,48917478.65,3991906.64,257657750.73,273424338.14,531082088.87,29534.79,2.05102702,0.00007058,0.00225870,0.00141169,0.21973158,0.22114327,976240744.03,11.6580
2784,7.6222,1.4674,12.4685,626.41,48921704.76,3992028.24,257680641.38,273430973.48,531111614.86,29525.99,2.05041599,0.00007057,0.00225834,0.00141147,0.21976132,0.22117279,976268270.02,11.6546
2785,7.6249,1.4672,12.4668,626.79,48925930.29,3992149.81,257703524.79,273437607.27,531141132.05,29517.19,2.04980516,0.00007056,0.00225799,0.00141124,0.21979107,0.22120232,976295787.22,11.6512
2786,7.6277,1.4670,12.4650,627.18,48930155.21,3992271.36,257726400.96,273444239.50,531170640.46,29508.40,2.04919453,0.00007055,0.00225763,0.00141102,0.21982083,0.22123185,976323295.62,11.6479
2787,7.6304,1.4668,12.4633,627.56,48934379.55,3992392.88,257749269.88,273450870.18,531200140.07,29499.61,2.04858408,0.00007054,0.00225728,0.00141080,0.21985059,0.22126139,976350795.23,11.6445
2788,7.6331,1.4666,12.4615,627.94,48938603.29,3992514.37,257772131.58,273457499.31,531229630.89,29490.82,2.04797383,0.00007053,0.00225692,0.00141058,0.21988037,0.22129094,976378286.05,11.6411
2789,7.6359,1.4664,12.4597,628.33,48942826.43,3992635.84,257794986.03,273464126.89,531259112.93,29482.04,2.04736378,0.00007052,0.00225657,0.00141035,0.21991015,0.22132050,976405768.09,11.6377
2790,7.6386,1.4662,12.4580,628.71,48947048.99,3992757.28,257817833.26,273470752.92,531288586.18,29473.26,2.04675392,0.00007051,0.00225621,0.00141013,0.21993993,0.22135006,976433241.35,11.6343
2791,7.6413,1.4660,12.4562,629.10,48951270.95,3992878.69,257840673.26,273477377.40,531318050.66,29464.48,2.04614425,0.00007050,0.00225586,0.00140991,0.21996972,0.22137964,976460705.82,11.6309
2792,7.6441,1.4658,12.4545,629.48,48955492.31,3993000.08,257863506.03,273484000.33,531347506.36,29455.70,2.04553478,0.00007048,0.00225550,0.00140969,0.21999952,0.22140921,976488161.53,11.6275
2793,7.6468,1.4655,12.4527,629.87,48959713.09,3993121.44,257886331.57,273490621.72,531376953.29,29446.93,2.04492549,0.00007047,0.00225515,0.00140947,0.22002933,0.22143880,976515608.45,11.6242
2794,7.6496,1.4653,12.4510,630.25,48963933.27,3993242.78,257909149.90,273497241.55,531406391.45,29438.16,2.04431641,0.00007046,0.00225479,0.00140925,0.22005915,0.22146839,976543046.61,11.6208
2795,7.6523,1.4651,12.4492,630.64,48968152.85,3993364.08,257931961.00,273503859.83,531435820.83,29429.39,2.04370751,0.00007045,0.00225444,0.00140902,0.22008897,0.22149799,976570476.00,11.6174
2796,7.6550,1.4649,12.4475,631.02,48972371.85,3993485.36,257954764.88,273510476.57,531465241.46,29420.62,2.04309881,0.00007044,0.00225408,0.00140880,0.22011880,0.22152760,976597896.62,11.6140
2797,7.6578,1.4647,12.4457,631.41,48976590.25,3993606.61,257977561.55,273517091.76,531494653.32,29411.86,2.04249030,0.00007043,0.00225373,0.00140858,0.22014863,0.22155721,976625308.48,11.6106
2798,7.6605,1.4645,12.4440,631.79,48980808.06,3993727.84,258000351.01,273523705.41,531524056.42,29403.10,2.04188199,0.00007042,0.00225337,0.00140836,0.22017848,0.22158683,976652711.58,11.6073
2799,7.6632,1.4643,12.4423,632.18,48985025.27,3993849.04,258023133.25,273530317.51,531553450.76,29394.34,2.04127387,0.00007041,0.00225302,0.00140814,0.22020833,0.22161646,976680105.92,11.6039
2800,7.6660,1.4641,12.4405,632.57,48989241.90,3993970.21,258045908.29,273536928.06,531582836.35,29385.59,2.04066594,0.00007040,0.00225266,0.00140792,0.22023818,0.22164610,976707491.51,11.6005
2801,7.6687,1.4639,12.4388,632.95,48993457.93,3994091.36,258068676.12,273543537.07,531612213.19,29376.84,2.04005820,0.00007038,0.00225231,0.00140769,0.22026805,0.22167574,976734868.35,11.5971
2802,7.6715,1.4637,12.4370,633.34,48997673.37,3994212.48,258091436.74,273550144.53,531641581.28,29368.09,2.03945066,0.00007037,0.00225196,0.00140747,0.22029792,0.22170539,976762236.44,11.5937
2803,7.6742,1.4635,12.4353,633.73,49001888.21,3994333.57,258114190.17,273556750.45,531670940.62,29359.34,2.03884331,0.00007036,0.00225160,0.00140725,0.22032780,0.22173505,976789595.79,11.5904
2804,7.6769,1.4633,12.4335,634.12,49006102.47,3994454.64,258136936.39,273563354.83,531700291.22,29350.60,2.03823615,0.00007035,0.00225125,0.00140703,0.22035768,0.22176471,976816946.39,11.5870
2805,7.6797,1.4631,12.4318,634.50,49010316.13,3994575.68,258159675.42,273569957.67,531729633.08,29341.86,2.03762919,0.00007034,0.00225089,0.00140681,0.22038758,0.22179438,976844288.25,11.5836
2806,7.6824,1.4629,12.4300,634.89,49014529.20,3994696.69,258182407.25,273576558.96,531758966.21,29333.12,2.03702241,0.00007033,0.00225054,0.00140659,0.22041748,0.22182406,976871621.37,11.5803
2807,7.6851,1.4627,12.4283,635.28,49018741.67,3994817.68,258205131.89,273583158.71,531788290.59,29324.39,2.03641583,0.00007032,0.00225019,0.00140637,0.22044738,0.22185375,976898945.76,11.5769
2808,7.6879,1.4625,12.4265,635.67,49022953.56,3994938.64,258227849.33,273589756.92,531817606.25,29315.66,2.03580945,0.00007031,0.00224983,0.00140614,0.22047730,0.22188344,976926261.41,11.5735
2809,7.6906,1.4623,12.4248,636.06,49027164.85,3995059.57,258250559.59,273596353.58,531846913.18,29306.93,2.03520325,0.00007030,0.00224948,0.00140592,0.22050722,0.22191314,976953568.34,11.5701
2810,7.6934,1.4620,12.4230,636.45,49031375.56,3995180.48,258273262.67,273602948.71,531876211.38,29298.20,2.03459725,0.00007029,0.00224912,0.00140570,0.22053715,0.22194285,976980866.54,11.5668
2811,7.6961,1.4618,12.4213,636.83,49035585.67,3995301.36,258295958.56,273609542.30,531905500.85,29289.48,2.03399144,0.00007027,0.00224877,0.00140548,0.22056708,0.22197256,977008156.02,11.5634
2812,7.6988,1.4616,12.4195,637.22,49039795.18,3995422.21,258318647.26,273616134.35,531934781.61,29280.76,2.03338582,0.00007026,0.00224842,0.00140526,0.22059703,0.22200229,977035436.77,11.5600
2813,7.7016,1.4614,12.4178,637.61,49044004.11,3995543.03,258341328.79,273622724.85,531964053.65,29272.04,2.03278040,0.00007025,0.00224806,0.00140504,0.22062698,0.22203202,977062708.81,11.5567
2814,7.7043,1.4612,12.4161,638.00,49048212.45,3995663.83,258364003.15,273629313.82,531993316.97,29263.32,2.03217516,0.00007024,0.00224771,0.00140482,0.22065693,0.22206175,977089972.13,11.5533
2815,7.7070,1.4610,12.4143,638.39,49052420.19,3995784.61,258386670.32,273635901.26,532022571.58,29254.61,2.03157012,0.00007023,0.00224736,0.00140460,0.22068690,0.22209149,977117226.74,11.5500
2816,7.7098,1.4608,12.4126,638.78,49056627.35,3995905.35,258409330.33,273642487.15,532051817.48,29245.90,2.03096527,0.00007022,0.00224700,0.00140438,0.22071687,0.22212124,977144472.64,11.5466
2817,7.7125,1.4606,12.4108,639.17,49060833.91,3996026.07,258431983.16,273649071.51,532081054.67,29237.19,2.03036061,0.00007021,0.00224665,0.00140416,0.22074685,0.22215100,977171709.83,11.5432
2818,7.7153,1.4604,12.4091,639.57,49065039.88,3996146.77,258454628.83,273655654.33,532110283.16,29228.49,2.02975615,0.00007020,0.00224630,0.00140394,0.22077683,0.22218077,977198938.32,11.5399
2819,7.7180,1.4602,12.4073,639.96,49069245.26,3996267.43,258477267.33,273662235.62,532139502.95,29219.79,2.02915187,0.00007019,0.00224594,0.00140371,0.22080682,0.22221054,977226158.11,11.5365
2820,7.7207,1.4600,12.4056,640.35,49073450.05,3996388.07,258499898.67,273668815.37,532168714.04,29211.09,2.02854779,0.00007017,0.00224559,0.00140349,0.22083682,0.22224032,977253369.20,11.5331
2821,7.7235,1.4598,12.4038,640.74,49077654.24,3996508.69,258522522.85,273675393.58,532197916.43,29202.39,2.02794390,0.00007016,0.00224524,0.00140327,0.22086683,0.22227010,977280571.59,11.5298
2822,7.7262,1.4596,12.4021,641.13,49081857.85,3996629.28,258545139.86,273681970.26,532227110.13,29193.70,2.02734020,0.00007015,0.00224488,0.00140305,0.22089684,0.22229990,977307765.29,11.5264
2823,7.7290,1.4594,12.4004,641.52,49086060.87,3996749.84,258567749.73,273688545.41,532256295.14,29185.01,2.02673669,0.00007014,0.00224453,0.00140283,0.22092686,0.22232970,977334950.30,11.5231
2824,7.7317,1.4592,12.3986,641.92,49090263.29,3996870.37,258590352.43,273695119.02,532285471.46,29176.32,2.02613337,0.00007013,0.00224418,0.00140261,0.22095689,0.22235950,977362126.62,11.5197
2825,7.7344,1.4590,12.3969,642.31,49094465.13,3996990.88,258612947.99,273701691.10,532314639.09,29167.64,2.02553025,0.00007012,0.00224383,0.00140239,0.22098693,0.22238932,977389294.25,11.5164
2826,7.7372,1.4588,12.3951,642.70,49098666.37,3997111.36,258635536.39,273708261.65,532343798.04,29158.95,2.02492731,0.00007011,0.00224347,0.00140217,0.22101697,0.22241914,977416453.21,11.5130
2827,7.7399,1.4586,12.3934,643.09,49102867.03,3997231.81,258658117.65,273714830.67,532372948.32,29150.27,2.02432457,0.00007010,0.00224312,0.00140195,0.22104702,0.22244897,977443603.48,11.5097
2828,7.7426,1.4584,12.3916,643.49,49107067.09,3997352.24,258680691.77,273721398.15,532402089.92,29141.60,2.02372202,0.00007009,0.00224277,0.00140173,0.22107708,0.22247881,977470745.08,11.5063
2829,7.7454,1.4582,12.3899,643.88,49111266.57,3997472.64,258703258.74,273727964.10,532431222.84,29132.92,2.02311966,0.00007008,0.00224242,0.00140151,0.22110714,0.22250865,977497878.00,11.5030
2830,7.7481,1.4579,12.3882,644.28,49115465.45,3997593.02,258725818.57,273734528.52,532460347.09,29124.25,2.02251749,0.00007006,0.00224206,0.00140129,0.22113721,0.22253850,977525002.25,11.4996
2831,7.7509,1.4577,12.3864,644.67,49119663.74,3997713.37,258748371.26,273741091.42,532489462.67,29115.58,2.02191551,0.00007005,0.00224171,0.00140107,0.22116729,0.22256836,977552117.84,11.4963
2832,7.7536,1.4575,12.3847,645.06,49123861.45,3997833.69,258770916.81,273747652.78,532518569.59,29106.92,2.02131372,0.00007004,0.00224136,0.00140085,0.22119737,0.22259822,977579224.75,11.4929
2833,7.7563,1.4573,12.3829,645.46,49128058.56,3997953.99,258793455.23,273754212.61,532547667.85,29098.25,2.02071212,0.00007003,0.00224101,0.00140063,0.22122746,0.22262809,977606323.01,11.4896
2834,7.7591,1.4571,12.3812,645.85,49132255.09,3998074.26,258815986.52,273760770.92,532576757.44,29089.59,2.02011072,0.00007002,0.00224065,0.00140041,0.22125756,0.22265797,977633412.60,11.4862
2835,7.7618,1.4569,12.3795,646.25,49136451.02,3998194.50,258838510.68,273767327.69,532605838.38,29080.94,2.01950950,0.00007001,0.00224030,0.00140019,0.22128767,0.22268786,977660493.54,11.4829
2836,7.7645,1.4567,12.3777,646.64,49140646.37,3998314.72,258861027.72,273773882.94,532634910.66,29072.28,2.01890848,0.00007000,0.00223995,0.00139997,0.22131778,0.22271775,977687565.82,11.4795
2837,7.7673,1.4565,12.3760,647.04,49144841.12,3998434.91,258883537.62,273780436.67,532663974.29,29063.63,2.01830764,0.00006999,0.00223960,0.00139975,0.22134790,0.22274765,977714629.45,11.4762
2838,7.7700,1.4563,12.3742,647.43,49149035.29,3998555.07,258906040.41,273786988.86,532693029.27,29054.98,2.01770700,0.00006998,0.00223925,0.00139953,0.22137803,0.22277756,977741684.43,11.4728
2839,7.7728,1.4561,12.3725,647.83,49153228.87,3998675.21,258928536.07,273793539.53,532722075.60,29046.33,2.01710655,0.00006997,0.00223889,0.00139931,0.22140816,0.22280747,977768730.77,11.4695
2840,7.7755,1.4559,12.3708,648.23,49157421.85,3998795.32,258951024.62,273800088.67,532751113.29,29037.69,2.01650628,0.00006995,0.00223854,0.00139909,0.22143831,0.22283740,977795768.46,11.4662
2841,7.7782,1.4557,12.3690,648.62,49161614.25,3998915.40,258973506.05,273806636.29,532780142.34,29029.05,2.01590621,0.00006994,0.00223819,0.00139887,0.22146845,0.22286732,977822797.51,11.4628
2842,7.7810,1.4555,12.3673,649.02,49165806.06,3999035.46,258995980.37,273813182.39,532809162.76,29020.41,2.01530633,0.00006993,0.00223784,0.00139865,0.22149861,0.22289726,977849817.92,11.4595
2843,7.7837,1.4553,12.3656,649.42,49169997.28,3999155.49,259018447.58,273819726.96,532838174.53,29011.78,2.01470664,0.00006992,0.00223749,0.00139843,0.22152877,0.22292720,977876829.69,11.4561
2844,7.7864,1.4551,12.3638,649.81,49174187.91,3999275.50,259040907.67,273826270.00,532867177.67,29003.14,2.01410713,0.00006991,0.00223714,0.00139821,0.22155894,0.22295715,977903832.84,11.4528
2845,7.7892,1.4549,12.3621,650.21,49178377.95,3999395.48,259063360.66,273832811.52,532896172.19,28994.51,2.01350782,0.00006990,0.00223679,0.00139799,0.22158912,0.22298711,977930827.35,11.4495
2846,7.7919,1.4547,12.3603,650.61,49182567.41,3999515.43,259085806.55,273839351.52,532925158.07,28985.89,2.01290870,0.00006989,0.00223643,0.00139777,0.22161930,0.22301707,977957813.23,11.4461
2847,7.7947,1.4545,12.3586,651.01,49186756.27,3999635.36,259108245.33,273845890.00,532954135.33,28977.26,2.01230977,0.00006988,0.00223608,0.00139755,0.22164949,0.22304705,977984790.49,11.4428
2848,7.7974,1.4543,12.3569,651.40,49190944.55,3999755.26,259130677.01,273852426.96,532983103.97,28968.64,2.01171103,0.00006987,0.00223573,0.00139733,0.22167969,0.22307703,978011759.13,11.4394
2849,7.8001,1.4541,12.3551,651.80,49195132.24,3999875.13,259153101.60,273858962.39,533012063.99,28960.02,2.01111247,0.00006986,0.00223538,0.00139711,0.22170990,0.22310701,978038719.15,11.4361
2850,7.8029,1.4539,12.3534,652.20,49199319.33,3999994.98,259175519.09,273865496.31,533041015.39,28951.40,2.01051411,0.00006984,0.00223503,0.00139689,0.22174011,0.22313700,978065670.56,11.4328
2851,7.8056,1.4536,12.3517,652.60,49203505.85,4000114.80,259197929.48,273872028.70,533069958.18,28942.79,2.00991594,0.00006983,0.00223468,0.00139667,0.22177033,0.22316700,978092613.35,11.4295
2852,7.8084,1.4534,12.3499,653.00,49207691.77,4000234.59,259220332.79,273878559.57,533098892.36,28934.18,2.00931796,0.00006982,0.00223433,0.00139645,0.22180056,0.22319701,978119547.52,11.4261
2853,7.8111,1.4532,12.3482,653.40,49211877.10,4000354.36,259242729.01,273885088.93,533127817.93,28925.57,2.00872016,0.00006981,0.00223398,0.00139624,0.22183079,0.22322703,978146473.09,11.4228
2854,7.8138,1.4530,12.3465,653.80,49216061.85,4000474.10,259265118.14,273891616.76,533156734.90,28916.96,2.00812256,0.00006980,0.00223363,0.00139602,0.22186103,0.22325705,978173390.06,11.4195
2855,7.8166,1.4528,12.3447,654.20,49220246.01,4000593.82,259287500.18,273898143.08,533185643.26,28908.36,2.00752514,0.00006979,0.00223328,0.00139580,0.22189128,0.22328708,978200298.42,11.4161
2856,7.8193,1.4526,12.3430,654.60,49224429.58,4000713.51,259309875.14,273904667.88,533214543.02,28899.76,2.00692792,0.00006978,0.00223293,0.00139558,0.22192153,0.22331711,978227198.18,11.4128
2857,7.8220,1.4524,12.3413,655.00,49228612.56,4000833.17,259332243.03,273911191.16,533243434.19,28891.16,2.00633088,0.00006977,0.00223257,0.00139536,0.22195179,0.22334715,978254089.35,11.4095
2858,7.8248,1.4522,12.3395,655.40,49232794.95,4000952.81,259354603.83,273917712.92,533272316.76,28882.57,2.00573403,0.00006976,0.00223222,0.00139514,0.22198206,0.22337720,978280971.92,11.4062
2859,7.8275,1.4520,12.3378,655.80,49236976.76,4001072.42,259376957.56,273924233.17,533301190.73,28873.98,2.00513738,0.00006975,0.00223187,0.00139492,0.22201234,0.22340726,978307845.90,11.4028
2860,7.8303,1.4518,12.3360,656.20,49241157.98,4001192.01,259399304.22,273930751.90,533330056.12,28865.39,2.00454091,0.00006974,0.00223152,0.00139470,0.22204262,0.22343732,978334711.29,11.3995
2861,7.8330,1.4516,12.3343,656.60,49245338.61,4001311.56,259421643.80,273937269.12,533358912.93,28856.80,2.00394463,0.00006972,0.00223117,0.00139448,0.22207291,0.22346740,978361568.09,11.3962
2862,7.8357,1.4514,12.3326,657.00,49249518.66,4001431.10,259443976.32,273943784.82,533387761.14,28848.22,2.00334854,0.00006971,0.00223082,0.00139426,0.22210321,0.22349747,978388416.31,11.3929
2863,7.8385,1.4512,12.3308,657.41,49253698.11,4001550.60,259466301.77,273950299.01,533416600.78,28839.64,2.00275263,0.00006970,0.00223047,0.00139405,0.22213351,0.22352756,978415255.95,11.3895
2864,7.8412,1.4510,12.3291,657.81,49257876.98,4001670.08,259488620.16,273956811.68,533445431.84,28831.06,2.00215692,0.00006969,0.00223012,0.00139383,0.22216383,0.22355765,978442087.00,11.3862
2865,7.8439,1.4508,12.3274,658.21,49262055.26,4001789.54,259510931.48,273963322.84,533474254.33,28822.48,2.00156140,0.00006968,0.00222977,0.00139361,0.22219414,0.22358775,978468909.49,11.3829
2866,7.8467,1.4506,12.3257,658.61,49266232.96,4001908.96,259533235.75,273969832.49,533503068.24,28813.91,2.00096606,0.00006967,0.00222942,0.00139339,0.22222447,0.22361786,978495723.40,11.3796
2867,7.8494,1.4504,12.3239,659.01,49270410.07,4002028.36,259555532.95,273976340.63,533531873.58,28805.34,2.00037091,0.00006966,0.00222907,0.00139317,0.22225480,0.22364797,978522528.74,11.3763
2868,7.8522,1.4502,12.3222,659.42,49274586.59,4002147.74,259577823.10,273982847.25,533560670.35,28796.77,1.99977596,0.00006965,0.00222872,0.00139295,0.22228514,0.22367809,978549325.52,11.3729
2869,7.8549,1.4500,12.3205,659.82,49278762.52,4002267.09,259600106.20,273989352.36,533589458.56,28788.21,1.99918119,0.00006964,0.00222837,0.00139273,0.22231549,0.22370822,978576113.72,11.3696
2870,7.8576,1.4498,12.3187,660.22,49282937.87,4002386.41,259622382.25,273995855.96,533618238.21,28779.65,1.99858661,0.00006963,0.00222802,0.00139251,0.22234584,0.22373836,978602893.37,11.3663
2871,7.8604,1.4496,12.3170,660.63,49287112.63,4002505.71,259644651.25,274002358.05,533647009.30,28771.09,1.99799221,0.00006961,0.00222767,0.00139230,0.22237620,0.22376850,978629664.46,11.3630
2872,7.8631,1.4494,12.3153,661.03,49291286.81,4002624.98,259666913.20,274008858.63,533675771.83,28762.53,1.99739801,0.00006960,0.00222732,0.00139208,0.22240657,0.22379865,978656426.99,11.3597
2873,7.8658,1.4492,12.3135,661.44,49295460.39,4002744.22,259689168.11,274015357.69,533704525.81,28753.98,1.99680399,0.00006959,0.00222698,0.00139186,0.22243694,0.22382880,978683180.97,11.3564
2874,7.8686,1.4490,12.3118,661.84,49299633.39,4002863.44,259711415.98,274021855.25,533733271.23,28745.43,1.99621016,0.00006958,0.00222663,0.00139164,0.22246733,0.22385897,978709926.39,11.3531
2875,7.8713,1.4488,12.3101,662.25,49303805.81,4002982.63,259733656.80,274028351.31,533762008.11,28736.88,1.99561652,0.00006957,0.00222628,0.00139142,0.22249772,0.22388914,978736663.27,11.3497
2876,7.8741,1.4486,12.3083,662.65,49307977.64,4003101.80,259755890.59,274034845.85,533790736.44,28728.33,1.99502307,0.00006956,0.00222593,0.00139120,0.22252811,0.22391932,978763391.60,11.3464
2877,7.8768,1.4483,12.3066,663.06,49312148.88,4003220.94,259778117.35,274041338.88,533819456.23,28719.79,1.99442981,0.00006955,0.00222558,0.00139099,0.22255851,0.22394950,978790111.39,11.3431
2878,7.8795,1.4481,12.3049,663.46,49316319.54,4003340.05,259800337.07,274047830.41,533848167.48,28711.25,1.99383673,0.00006954,0.00222523,0.00139077,0.22258892,0.22397969,978816822.64,11.3398
2879,7.8823,1.4479,12.3032,663.87,49320489.61,4003459.14,259822549.76,274054320.43,533876870.19,28702.71,1.99324384,0.00006953,0.00222488,0.00139055,0.22261934,0.22400989,978843525.35,11.3365
2880,7.8850,1.4477,12.3014,664.27,49324659.09,4003578.20,259844755.42,274060808.95,533905564.37,28694.18,1.99265114,0.00006952,0.00222453,0.00139033,0.22264977,0.22404010,978870219.53,11.3332
2881,7.8877,1.4475,12.2997,664.68,49328827.99,4003697.24,259866954.06,274067295.96,533934250.01,28685.64,1.99205863,0.00006951,0.00222418,0.00139011,0.22268020,0.22407031,978896905.17,11.3299
2882,7.8905,1.4473,12.2980,665.09,49332996.30,4003816.25,259889145.67,274073781.46,533962927.13,28677.11,1.99146631,0.00006949,0.00222383,0.00138990,0.22271064,0.22410053,978923582.29,11.3266
2883,7.8932,1.4471,12.2962,665.49,49337164.03,4003935.23,259911330.26,274080265.46,533991595.72,28668.59,1.99087417,0.00006948,0.00222348,0.00138968,0.22274108,0.22413076,978950250.88,11.3233
2884,7.8960,1.4469,12.2945,665.90,49341331.17,4004054.19,259933507.83,274086747.95,534020255.78,28660.06,1.99028222,0.00006947,0.00222314,0.00138946,0.22277153,0.22416099,978976910.94,11.3200
2885,7.8987,1.4467,12.2928,666.31,49345497.72,4004173.12,259955678.38,274093228.94,534048907.32,28651.54,1.98969046,0.00006946,0.00222279,0.00138924,0.22280199,0.22419123,979003562.48,11.3167
2886,7.9014,1.4465,12.2911,666.71,49349663.69,4004292.02,259977841.91,274099708.43,534077550.35,28643.02,1.98909888,0.00006945,0.00222244,0.00138902,0.22283246,0.22422148,979030205.51,11.3134
2887,7.9042,1.4463,12.2893,667.12,49353829.08,4004410.90,259999998.44,274106186.41,534106184.85,28634.51,1.98850750,0.00006944,0.00222209,0.00138881,0.22286293,0.22425174,979056840.02,11.3101
2888,7.9069,1.4461,12.2876,667.53,49357993.88,4004529.76,260022147.95,274112662.90,534134810.85,28625.99,1.98791630,0.00006943,0.00222174,0.00138859,0.22289341,0.22428200,979083466.01,11.3068
2889,7.9097,1.4459,12.2859,667.94,49362158.09,4004648.58,260044290.46,274119137.88,534163428.33,28617.48,1.98732528,0.00006942,0.00222139,0.00138837,0.22292390,0.22431227,979110083.49,11.3035
2890,7.9124,1.4457,12.2842,668.35,49366321.72,4004767.39,260066425.95,274125611.35,534192037.31,28608.98,1.98673446,0.00006941,0.00222104,0.00138815,0.22295440,0.22434255,979136692.47,11.3002
2891,7.9151,1.4455,12.2824,668.76,49370484.76,4004886.16,260088554.45,274132083.33,534220637.78,28600.47,1.98614382,0.00006940,0.00222070,0.00138794,0.22298490,0.22437283,979163292.94,11.2969
2892,7.9179,1.4453,12.2807,669.16,49374647.22,4005004.91,260110675.94,274138553.81,534249229.75,28591.97,1.98555337,0.00006939,0.00222035,0.00138772,0.22301541,0.22440312,979189884.91,11.2936
2893,7.9206,1.4451,12.2790,669.57,49378809.10,4005123.63,260132790.43,274145022.78,534277813.22,28583.47,1.98496310,0.00006938,0.00222000,0.00138750,0.22304592,0.22443342,979216468.38,11.2903
2894,7.9233,1.4449,12.2772,669.98,49382970.38,4005242.33,260154897.93,274151490.26,534306388.19,28574.97,1.98437303,0.00006936,0.00221965,0.00138728,0.22307644,0.22446373,979243043.35,11.2870
2895,7.9261,1.4447,12.2755,670.39,49387131.09,4005361.00,260176998.43,274157956.24,534334954.67,28566.48,1.98378314,0.00006935,0.00221930,0.00138707,0.22310697,0.22449404,979269609.83,11.2837
2896,7.9288,1.4445,12.2738,670.80,49391291.21,4005479.65,260199091.93,274164420.72,534363512.65,28557.99,1.98319343,0.00006934,0.00221896,0.00138685,0.22313751,0.22452436,979296167.81,11.2804
2897,7.9316,1.4443,12.2721,671.21,49395450.74,4005598.27,260221178.45,274170883.70,534392062.15,28549.50,1.98260391,0.00006933,0.00221861,0.00138663,0.22316806,0.22455469,979322717.31,11.2771
2898,7.9343,1.4441,12.2703,671.62,49399609.69,4005716.86,260243257.98,274177345.18,534420603.16,28541.01,1.98201458,0.00006932,0.00221826,0.00138641,0.22319861,0.22458502,979349258.32,11.2738
2899,7.9370,1.4439,12.2686,672.03,49403768.06,4005835.43,260265330.52,274183805.17,534449135.68,28532.53,1.98142544,0.00006931,0.00221791,0.00138620,0.22322916,0.22461536,979375790.85,11.2706
2900,7.9398,1.4437,12.2669,672.45,49407925.84,4005953.97,260287396.07,274190263.66,534477659.73,28524.05,1.98083648,0.00006930,0.00221757,0.00138598,0.22325973,0.22464571,979402314.89,11.2673
2901,7.9425,1.4435,12.2652,672.86,49412083.04,4006072.48,260309454.65,274196720.65,534506175.30,28515.57,1.98024771,0.00006929,0.00221722,0.00138576,0.22329030,0.22467606,979428830.46,11.2640
2902,7.9452,1.4433,12.2635,673.27,49416239.65,4006190.97,260331506.24,274203176.15,534534682.39,28507.09,1.97965913,0.00006928,0.00221687,0.00138554,0.22332088,0.22470642,979455337.55,11.2607
2903,7.9480,1.4431,12.2617,673.68,49420395.68,4006309.44,260353550.86,274209630.15,534563181.01,28498.62,1.97907073,0.00006927,0.00221652,0.00138533,0.22335147,0.22473679,979481836.17,11.2574
2904,7.9507,1.4429,12.2600,674.09,49424551.13,4006427.88,260375588.50,274216082.65,534591671.15,28490.15,1.97848252,0.00006926,0.00221618,0.00138511,0.22338206,0.22476717,979508326.32,11.2541
2905,7.9535,1.4427,12.2583,674.50,49428705.99,4006546.29,260397619.17,274222533.67,534620152.83,28481.68,1.97789449,0.00006924,0.00221583,0.00138489,0.22341266,0.22479755,979534808.00,11.2508
2906,7.9562,1.4425,12.2566,674.92,49432860.27,4006664.67,260419642.86,274228983.19,534648626.05,28473.22,1.97730666,0.00006923,0.00221548,0.00138468,0.22344327,0.22482794,979561281.21,11.2476
2907,7.9589,1.4423,12.2548,675.33,49437013.96,4006783.03,260441659.59,274235431.21,534677090.80,28464.75,1.97671900,0.00006922,0.00221513,0.00138446,0.22347388,0.22485834,979587745.97,11.2443
2908,7.9617,1.4421,12.2531,675.74,49441167.07,4006901.37,260463669.36,274241877.74,534705547.10,28456.29,1.97613154,0.00006921,0.00221479,0.00138424,0.22350450,0.22488874,979614202.26,11.2410
2909,7.9644,1.4418,12.2514,676.16,49445319.60,4007019.68,260485672.15,274248322.78,534733994.94,28447.84,1.97554425,0.00006920,0.00221444,0.00138402,0.22353513,0.22491916,979640650.10,11.2377
2910,7.9671,1.4416,12.2497,676.57,49449471.54,4007137.96,260507667.99,274254766.33,534762434.32,28439.38,1.97495716,0.00006919,0.00221409,0.00138381,0.22356577,0.22494957,979667089.48,11.2344
2911,7.9699,1.4414,12.2480,676.98,49453622.90,4007256.22,260529656.86,274261208.39,534790865.25,28430.93,1.97437025,0.00006918,0.00221375,0.00138359,0.22359641,0.22498000,979693520.41,11.2311
2912,7.9726,1.4412,12.2462,677.40,49457773.67,4007374.45,260551638.78,274267648.95,534819287.73,28422.48,1.97378353,0.00006917,0.00221340,0.00138337,0.22362706,0.22501043,979719942.90,11.2279
2913,7.9754,1.4410,12.2445,677.81,49461923.87,4007492.65,260573613.74,274274088.03,534847701.77,28414.04,1.97319699,0.00006916,0.00221305,0.00138316,0.22365771,0.22504087,979746356.93,11.2246
2914,7.9781,1.4408,12.2428,678.23,49466073.48,4007610.83,260595581.75,274280525.61,534876107.36,28405.59,1.97261064,0.00006915,0.00221271,0.00138294,0.22368838,0.22507132,979772762.53,11.2213
2915,7.9808,1.4406,12.2411,678.64,49470222.50,4007728.99,260617542.81,274286961.71,534904504.52,28397.15,1.97202447,0.00006914,0.00221236,0.00138272,0.22371905,0.22510177,979799159.68,11.2180
2916,7.9836,1.4404,12.2393,679.05,49474370.95,4007847.11,260639496.92,274293396.31,534932893.23,28388.71,1.97143849,0.00006913,0.00221201,0.00138251,0.22374973,0.22513223,979825548.39,11.2148
2917,7.9863,1.4402,12.2376,679.47,49478518.81,4007965.22,260661444.08,274299829.43,534961273.51,28380.28,1.97085270,0.00006911,0.00221167,0.00138229,0.22378041,0.22516270,979851928.67,11.2115
2918,7.9890,1.4400,12.2359,679.89,49482666.09,4008083.29,260683384.30,274306261.06,534989645.35,28371.85,1.97026709,0.00006910,0.00221132,0.00138207,0.22381110,0.22519318,979878300.52,11.2082
2919,7.9918,1.4398,12.2342,680.30,49486812.78,4008201.34,260705317.57,274312691.20,535018008.77,28363.42,1.96968166,0.00006909,0.00221097,0.00138186,0.22384180,0.22522366,979904663.93,11.2049
2920,7.9945,1.4396,12.2325,680.72,49490958.89,4008319.37,260727243.91,274319119.85,535046363.76,28354.99,1.96909642,0.00006908,0.00221063,0.00138164,0.22387250,0.22525415,979931018.92,11.2017
2921,7.9973,1.4394,12.2308,681.13,49495104.42,4008437.37,260749163.30,274325547.02,535074710.32,28346.56,1.96851137,0.00006907,0.00221028,0.00138143,0.22390322,0.22528464,979957365.49,11.1984
2922,8.0000,1.4392,12.2290,681.55,49499249.37,4008555.34,260771075.77,274331972.70,535103048.46,28338.14,1.96792650,0.00006906,0.00220993,0.00138121,0.22393394,0.22531515,979983703.63,11.1951
2923,8.0027,1.4390,12.2273,681.97,49503393.73,4008673.29,260792981.29,274338396.89,535131378.19,28329.72,1.96734182,0.00006905,0.00220959,0.00138099,0.22396466,0.22534566,980010033.35,11.1919
2924,8.0055,1.4388,12.2256,682.38,49507537.52,4008791.21,260814879.89,274344819.60,535159699.49,28321.31,1.96675732,0.00006904,0.00220924,0.00138078,0.22399540,0.22537617,980036354.65,11.1886
2925,8.0082,1.4386,12.2239,682.80,49511680.72,4008909.10,260836771.56,274351240.83,535188012.38,28312.89,1.96617300,0.00006903,0.00220890,0.00138056,0.22402614,0.22540670,980062667.55,11.1853
2926,8.0110,1.4384,12.2222,683.22,49515823.34,4009026.97,260858656.30,274357660.57,535216316.86,28304.48,1.96558887,0.00006902,0.00220855,0.00138034,0.22405688,0.22543723,980088972.03,11.1821
2927,8.0137,1.4382,12.2204,683.64,49519965.37,4009144.82,260880534.11,274364078.82,535244612.93,28296.07,1.96500493,0.00006901,0.00220820,0.00138013,0.22408764,0.22546777,980115268.10,11.1788
2928,8.0164,1.4380,12.2187,684.05,49524106.82,4009262.64,260902405.00,274370495.59,535272900.60,28287.66,1.96442117,0.00006900,0.00220786,0.00137991,0.22411840,0.22549831,980141555.76,11.1755
2929,8.0192,1.4378,12.2170,684.47,49528247.70,4009380.43,260924268.98,274376910.88,535301179.86,28279.26,1.96383760,0.00006898,0.00220751,0.00137970,0.22414917,0.22552886,980167835.02,11.1723
2930,8.0219,1.4376,12.2153,684.89,49532387.99,4009498.20,260946126.03,274383324.69,535329450.72,28270.86,1.96325421,0.00006897,0.00220717,0.00137948,0.22417994,0.22555942,980194105.88,11.1690
2931,8.0246,1.4374,12.2136,685.31,49536527.69,4009615.94,260967976.17,274389737.02,535357713.18,28262.46,1.96267100,0.00006896,0.00220682,0.00137926,0.22421073,0.22558999,980220368.35,11.1657
2932,8.0274,1.4372,12.2119,685.73,49540666.82,4009733.66,260989819.39,274396147.86,535385967.25,28254.07,1.96208798,0.00006895,0.00220648,0.00137905,0.22424152,0.22562056,980246622.41,11.1625
2933,8.0301,1.4370,12.2101,686.15,49544805.37,4009851.35,261011655.70,274402557.22,535414212.92,28245.67,1.96150515,0.00006894,0.00220613,0.00137883,0.22427231,0.22565115,980272868.09,11.1592
2934,8.0329,1.4368,12.2084,686.57,49548943.33,4009969.01,261033485.11,274408965.10,535442450.21,28237.28,1.96092250,0.00006893,0.00220579,0.00137862,0.22430312,0.22568173,980299105.37,11.1560
2935,8.0356,1.4366,12.2067,686.99,49553080.71,4010086.65,261055307.60,274415371.50,535470679.10,28228.90,1.96034003,0.00006892,0.00220544,0.00137840,0.22433393,0.22571233,980325334.27,11.1527
2936,8.0383,1.4364,12.2050,687.41,49557217.51,4010204.26,261077123.19,274421776.42,535498899.62,28220.51,1.95975775,0.00006891,0.00220509,0.00137818,0.22436475,0.22574293,980351554.78,11.1494
2937,8.0411,1.4362,12.2033,687.83,49561353.73,4010321.85,261098931.88,274428179.86,535527111.75,28212.13,1.95917565,0.00006890,0.00220475,0.00137797,0.22439557,0.22577354,980377766.91,11.1462
2938,8.0438,1.4360,12.2016,688.25,49565489.37,4010439.41,261120733.67,274434581.83,535555315.50,28203.75,1.95859373,0.00006889,0.00220440,0.00137775,0.22442640,0.22580415,980403970.66,11.1429
2939,8.0465,1.4358,12.1999,688.67,49569624.42,4010556.95,261142528.56,274440982.31,535583510.87,28195.37,1.95801200,0.00006888,0.00220406,0.00137754,0.22445724,0.22583478,980430166.03,11.1397
2940,8.0493,1.4356,12.1981,689.09,49573758.90,4010674.46,261164316.55,274447381.32,535611697.87,28187.00,1.95743046,0.00006887,0.00220371,0.00137732,0.22448809,0.22586541,980456353.03,11.1364
2941,8.0520,1.4354,12.1964,689.51,49577892.79,4010791.94,261186097.65,274453778.85,535639876.49,28178.63,1.95684909,0.00006886,0.00220337,0.00137711,0.22451894,0.22589604,980482531.66,11.1332
2942,8.0548,1.4352,12.1947,689.93,49582026.11,4010909.40,261207871.85,274460174.90,535668046.75,28170.26,1.95626792,0.00006884,0.00220302,0.00137689,0.22454980,0.22592669,980508701.91,11.1299
2943,8.0575,1.4350,12.1930,690.36,49586158.84,4011026.84,261229639.17,274466569.48,535696208.64,28161.89,1.95568692,0.00006883,0.00220268,0.00137668,0.22458066,0.22595734,980534863.81,11.1267
2944,8.0602,1.4348,12.1913,690.78,49590290.99,4011144.25,261251399.59,274472962.58,535724362.17,28153.53,1.95510611,0.00006882,0.00220234,0.00137646,0.22461154,0.22598800,980561017.33,11.1234
2945,8.0630,1.4346,12.1896,691.20,49594422.57,4011261.63,261273153.14,274479354.20,535752507.34,28145.17,1.95452548,0.00006881,0.00220199,0.00137624,0.22464242,0.22601866,980587162.50,11.1202
2946,8.0657,1.4344,12.1879,691.62,49598553.56,4011378.99,261294899.80,274485744.35,535780644.15,28136.81,1.95394504,0.00006880,0.00220165,0.00137603,0.22467331,0.22604933,980613299.31,11.1169
2947,8.0684,1.4342,12.1861,692.05,49602683.97,4011496.32,261316639.58,274492133.02,535808772.60,28128.45,1.95336478,0.00006879,0.00220130,0.00137581,0.22470420,0.22608001,980639427.76,11.1137
2948,8.0712,1.4340,12.1844,692.47,49606813.80,4011613.62,261338372.47,274498520.22,535836892.70,28120.10,1.95278470,0.00006878,0.00220096,0.00137560,0.22473510,0.22611070,980665547.86,11.1104
2949,8.0739,1.4338,12.1827,692.89,49610943.05,4011730.90,261360098.50,274504905.95,535865004.45,28111.75,1.95220481,0.00006877,0.00220061,0.00137538,0.22476601,0.22614139,980691659.61,11.1072
2950,8.0767,1.4336,12.1810,693.32,49615071.72,4011848.16,261381817.65,274511290.20,535893107.85,28103.40,1.95162510,0.00006876,0.00220027,0.00137517,0.22479693,0.22617209,980717763.01,11.1039
2951,8.0794,1.4334,12.1793,693.74,49619199.81,4011965.39,261403529.92,274517672.99,535921202.91,28095.06,1.95104558,0.00006875,0.00219992,0.00137495,0.22482785,0.22620280,980743858.07,11.1007
2952,8.0821,1.4332,12.1776,694.17,49623327.32,4012082.59,261425235.33,274524054.29,535949289.62,28086.71,1.95046623,0.00006874,0.00219958,0.00137474,0.22485878,0.22623352,980769944.78,11.0974
2953,8.0849,1.4330,12.1759,694.59,49627454.24,4012199.77,261446933.86,274530434.13,535977367.99,28078.37,1.94988708,0.00006873,0.00219924,0.00137452,0.22488971,0.22626424,980796023.16,11.0942
2954,8.0876,1.4328,12.1742,695.01,49631580.59,4012316.92,261468625.53,274536812.50,536005438.03,28070.04,1.94930810,0.00006872,0.00219889,0.00137431,0.22492066,0.22629497,980822093.19,11.0910
2955,8.0903,1.4326,12.1725,695.44,49635706.36,4012434.05,261490310.34,274543189.39,536033499.73,28061.70,1.94872931,0.00006870,0.00219855,0.00137409,0.22495161,0.22632570,980848154.90,11.0877
2956,8.0931,1.4324,12.1707,695.87,49639831.55,4012551.15,261511988.29,274549564.81,536061553.10,28053.37,1.94815070,0.00006869,0.00219820,0.00137388,0.22498257,0.22635644,980874208.27,11.0845
2957,8.0958,1.4322,12.1690,696.29,49643956.16,4012668.23,261533659.38,274555938.77,536089598.14,28045.04,1.94757227,0.00006868,0.00219786,0.00137366,0.22501353,0.22638719,980900253.31,11.0812
2958,8.0986,1.4320,12.1673,696.72,49648080.19,4012785.28,261555323.61,274562311.25,536117634.86,28036.71,1.94699403,0.00006867,0.00219752,0.00137345,0.22504450,0.22641795,980926290.02,11.0780
2959,8.1013,1.4318,12.1656,697.14,49652203.65,4012902.31,261576980.98,274568682.27,536145663.25,28028.39,1.94641596,0.00006866,0.00219717,0.00137323,0.22507548,0.22644871,980952318.41,11.0748
2960,8.1040,1.4316,12.1639,697.57,49656326.52,4013019.31,261598631.50,274575051.81,536173683.32,28020.07,1.94583809,0.00006865,0.00219683,0.00137302,0.22510646,0.22647948,980978338.48,11.0715
2961,8.1068,1.4314,12.1622,698.00,49660448.81,4013136.28,261620275.17,274581419.89,536201695.07,28011.75,1.94526039,0.00006864,0.00219649,0.00137280,0.22513746,0.22651026,981004350.23,11.0683
2962,8.1095,1.4312,12.1605,698.42,49664570.52,4013253.23,261641912.00,274587786.50,536229698.50,28003.43,1.94468288,0.00006863,0.00219614,0.00137259,0.22516846,0.22654105,981030353.66,11.0651
2963,8.1123,1.4309,12.1588,698.85,49668691.66,4013370.15,261663541.97,274594151.65,536257693.62,27995.12,1.94410555,0.00006862,0.00219580,0.00137237,0.22519946,0.22657184,981056348.78,11.0618
2964,8.1150,1.4307,12.1571,699.28,49672812.21,4013487.05,261685165.10,274600515.32,536285680.43,27986.81,1.94352840,0.00006861,0.00219546,0.00137216,0.22523048,0.22660264,981082335.59,11.0586
2965,8.1177,1.4305,12.1554,699.70,49676932.19,4013603.92,261706781.39,274606877.54,536313658.93,27978.50,1.94295144,0.00006860,0.00219511,0.00137195,0.22526150,0.22663344,981108314.09,11.0554
2966,8.1205,1.4303,12.1537,700.13,49681051.58,4013720.77,261728390.84,274613238.28,536341629.12,27970.20,1.94237465,0.00006859,0.00219477,0.00137173,0.22529252,0.22666425,981134284.29,11.0521
2967,8.1232,1.4301,12.1519,700.56,49685170.40,4013837.59,261749993.46,274619597.56,536369591.02,27961.89,1.94179805,0.00006858,0.00219443,0.00137152,0.22532356,0.22669507,981160246.18,11.0489
2968,8.1259,1.4299,12.1502,700.99,49689288.64,4013954.39,261771589.23,274625955.37,536397544.61,27953.59,1.94122164,0.00006857,0.00219408,0.00137130,0.22535460,0.22672590,981186199.77,11.0457
2969,8.1287,1.4297,12.1485,701.42,49693406.30,4014071.16,261793178.18,274632311.72,536425489.90,27945.29,1.94064540,0.00006855,0.00219374,0.00137109,0.22538565,0.22675673,981212145.06,11.0424
2970,8.1314,1.4295,12.1468,701.85,49697523.38,4014187.91,261814760.29,274638666.61,536453426.90,27937.00,1.94006935,0.00006854,0.00219340,0.00137087,0.22541670,0.22678757,981238082.06,11.0392
2971,8.1342,1.4293,12.1451,702.28,49701639.89,4014304.63,261836335.57,274645020.03,536481355.61,27928.71,1.93949347,0.00006853,0.00219305,0.00137066,0.22544776,0.22681842,981264010.77,11.0360
2972,8.1369,1.4291,12.1434,702.71,49705755.81,4014421.32,261857904.03,274651371.99,536509276.02,27920.42,1.93891779,0.00006852,0.00219271,0.00137044,0.22547883,0.22684928,981289931.18,11.0328
2973,8.1396,1.4289,12.1417,703.14,49709871.16,4014537.99,261879465.66,274657722.49,536537188.15,27912.13,1.93834228,0.00006851,0.00219237,0.00137023,0.22550991,0.22688014,981315843.31,11.0295
2974,8.1424,1.4287,12.1400,703.57,49713985.93,4014654.63,261901020.47,274664071.53,536565091.99,27903.84,1.93776695,0.00006850,0.00219203,0.00137002,0.22554099,0.22691101,981341747.16,11.0263
2975,8.1451,1.4285,12.1383,704.00,49718100.12,4014771.25,261922568.46,274670419.10,536592987.56,27895.56,1.93719181,0.00006849,0.00219168,0.00136980,0.22557208,0.22694188,981367642.72,11.0231
2976,8.1478,1.4283,12.1366,704.43,49722213.73,4014887.85,261944109.63,274676765.21,536620874.84,27887.28,1.93661685,0.00006848,0.00219134,0.00136959,0.22560318,0.22697277,981393530.00,11.0199
2977,8.1506,1.4281,12.1349,704.86,49726326.76,4015004.41,261965643.98,274683109.86,536648753.84,27879.01,1.93604207,0.00006847,0.00219100,0.00136937,0.22563428,0.22700366,981419409.01,11.0166
2978,8.1533,1.4279,12.1332,705.29,49730439.22,4015120.96,261987171.52,274689453.05,536676624.58,27870.73,1.93546747,0.00006846,0.00219066,0.00136916,0.22566539,0.22703455,981445279.74,11.0134
2979,8.1561,1.4277,12.1315,705.72,49734551.10,4015237.47,262008692.25,274695794.79,536704487.04,27862.46,1.93489305,0.00006845,0.00219031,0.00136895,0.22569651,0.22706546,981471142.20,11.0102
2980,8.1588,1.4275,12.1298,706.15,49738662.40,4015353.97,262030206.17,274702135.06,536732341.23,27854.19,1.93431882,0.00006844,0.00218997,0.00136873,0.22572764,0.22709637,981496996.39,11.0070
2981,8.1615,1.4273,12.1281,706.58,49742773.12,4015470.43,262051713.28,274708473.87,536760187.15,27845.92,1.93374477,0.00006843,0.00218963,0.00136852,0.22575877,0.22712729,981522842.31,11.0038
2982,8.1643,1.4271,12.1264,707.01,49746883.26,4015586.87,262073213.59,274714811.23,536788024.81,27837.66,1.93317089,0.00006842,0.00218929,0.00136830,0.22578991,0.22715821,981548679.98,11.0005
2983,8.1670,1.4269,12.1247,707.45,49750992.83,4015703.29,262094707.09,274721147.12,536815854.21,27829.40,1.93259720,0.00006840,0.00218894,0.00136809,0.22582105,0.22718914,981574509.38,10.9973
2984,8.1697,1.4267,12.1229,707.88,49755101.82,4015819.68,262116193.79,274727481.56,536843675.35,27821.14,1.93202370,0.00006839,0.00218860,0.00136788,0.22585220,0.22722008,981600330.52,10.9941
2985,8.1725,1.4265,12.1212,708.31,49759210.23,4015936.05,262137673.69,274733814.54,536871488.24,27812.89,1.93145037,0.00006838,0.00218826,0.00136766,0.22588336,0.22725103,981626143.40,10.9909
2986,8.1752,1.4263,12.1195,708.75,49763318.07,4016052.39,262159146.80,274740146.07,536899292.87,27804.63,1.93087722,0.00006837,0.00218792,0.00136745,0.22591453,0.22728198,981651948.03,10.9877
2987,8.1780,1.4261,12.1178,709.18,49767425.33,4016168.70,262180613.11,274746476.14,536927089.25,27796.38,1.93030426,0.00006836,0.00218758,0.00136724,0.22594570,0.22731294,981677744.41,10.9845
2988,8.1807,1.4259,12.1161,709.61,49771532.01,4016284.99,262202072.63,274752804.75,536954877.39,27788.13,1.92973147,0.00006835,0.00218723,0.00136702,0.22597688,0.22734391,981703532.55,10.9813
2989,8.1834,1.4257,12.1144,710.05,49775638.11,4016401.26,262223525.36,274759131.91,536982657.27,27779.89,1.92915887,0.00006834,0.00218689,0.00136681,0.22600807,0.22737488,981729312.44,10.9781
2990,8.1862,1.4255,12.1127,710.48,49779743.64,4016517.50,262244971.30,274765457.61,537010428.92,27771.64,1.92858645,0.00006833,0.00218655,0.00136659,0.22603927,0.22740586,981755084.08,10.9748
2991,8.1889,1.4253,12.1110,710.92,49783848.59,4016633.71,262266410.46,274771781.86,537038192.32,27763.40,1.92801420,0.00006832,0.00218621,0.00136638,0.22607047,0.22743685,981780847.49,10.9716
2992,8.1916,1.4251,12.1093,711.35,49787952.96,4016749.90,262287842.83,274778104.66,537065947.49,27755.17,1.92744214,0.00006831,0.00218587,0.00136617,0.22610168,0.22746784,981806602.65,10.9684
2993,8.1944,1.4249,12.1076,711.79,49792056.76,4016866.06,262309268.42,274784426.00,537093694.42,27746.93,1.92687026,0.00006830,0.00218553,0.00136595,0.22613289,0.22749884,981832349.58,10.9652
2994,8.1971,1.4247,12.1059,712.22,49796159.98,4016982.20,262330687.23,274790745.89,537121433.12,27738.70,1.92629857,0.00006829,0.00218519,0.00136574,0.22616411,0.22752985,981858088.28,10.9620
2995,8.1999,1.4245,12.1042,712.66,49800262.62,4017098.31,262352099.26,274797064.33,537149163.59,27730.47,1.92572705,0.00006828,0.00218484,0.00136553,0.22619534,0.22756087,981883818.75,10.9588
2996,8.2026,1.4243,12.1025,713.09,49804364.68,4017214.40,262373504.52,274803381.31,537176885.83,27722.24,1.92515571,0.00006827,0.00218450,0.00136531,0.22622658,0.22759189,981909540.99,10.9556
2997,8.2053,1.4241,12.1008,713.53,49808466.17,4017330.46,262394903.00,274809696.85,537204599.85,27714.02,1.92458455,0.00006826,0.00218416,0.00136510,0.22625782,0.22762292,981935255.01,10.9524
2998,8.2081,1.4239,12.0991,713.96,49812567.09,4017446.50,262416294.72,274816010.93,537232305.65,27705.80,1.92401358,0.00006824,0.00218382,0.00136489,0.22628907,0.22765396,981960960.81,10.9492
2999,8.2108,1.4237,12.0974,714.40,49816667.43,4017562.51,262437679.66,274822323.56,537260003.22,27697.58,1.92344278,0.00006823,0.00218348,0.00136467,0.22632033,0.22768500,981986658.38,10.9460
3000,8.2136,1.4235,12.0957,714.84,49820767.19,4017678.50,262459057.84,274828634.74,537287692.58,27689.36,1.92287216,0.00006822,0.00218314,0.00136446,0.22635159,0.22771605,982012347.74,10.9428
3001,8.2163,1.4233,12.0940,715.27,49824866.37,4017794.46,262480429.25,274834944.47,537315373.73,27681.14,1.92230173,0.00006821,0.00218280,0.00136425,0.22638286,0.22774711,982038028.89,10.9396
3002,8.2190,1.4231,12.0923,715.71,49828964.98,4017910.40,262501793.90,274841252.75,537343046.66,27672.93,1.92173147,0.00006820,0.00218246,0.00136404,0.22641414,0.22777818,982063701.82,10.9364
3003,8.2218,1.4229,12.0906,716.15,49833063.01,4018026.31,262523151.80,274847559.59,537370711.38,27664.72,1.92116140,0.00006819,0.00218212,0.00136382,0.22644542,0.22780925,982089366.55,10.9332
3004,8.2245,1.4227,12.0889,716.59,49837160.47,4018142.20,262544502.93,274853864.97,537398367.90,27656.52,1.92059150,0.00006818,0.00218178,0.00136361,0.22647672,0.22784033,982115023.06,10.9300
3005,8.2272,1.4225,12.0872,717.03,49841257.35,4018258.06,262565847.31,274860168.91,537426016.21,27648.31,1.92002179,0.00006817,0.00218143,0.00136340,0.22650801,0.22787141,982140671.38,10.9268
3006,8.2300,1.4223,12.0855,717.46,49845353.66,4018373.90,262587184.93,274866471.40,537453656.33,27640.11,1.91945225,0.00006816,0.00218109,0.00136318,0.22653932,0.22790250,982166311.49,10.9236
3007,8.2327,1.4221,12.0838,717.90,49849449.39,4018489.71,262608515.80,274872772.44,537481288.24,27631.91,1.91888290,0.00006815,0.00218075,0.00136297,0.22657063,0.22793360,982191943.40,10.9204
3008,8.2355,1.4219,12.0821,718.34,49853544.54,4018605.49,262629839.92,274879072.04,537508911.96,27623.72,1.91831372,0.00006814,0.00218041,0.00136276,0.22660195,0.22796471,982217567.12,10.9172
3009,8.2382,1.4217,12.0804,718.78,49857639.12,4018721.25,262651157.30,274885370.19,537536527.48,27615.52,1.91774473,0.00006813,0.00218007,0.00136255,0.22663328,0.22799582,982243182.64,10.9140
3010,8.2409,1.4215,12.0787,719.22,49861733.13,4018836.99,262672467.93,274891666.89,537564134.81,27607.33,1.91717591,0.00006812,0.00217973,0.00136233,0.22666461,0.22802694,982268789.98,10.9108
3011,8.2437,1.4213,12.0770,719.66,49865826.56,4018952.70,262693771.81,274897962.15,537591733.96,27599.14,1.91660728,0.00006811,0.00217939,0.00136212,0.22669595,0.22805807,982294389.12,10.9076
3012,8.2464,1.4211,12.0753,720.10,49869919.41,4019068.39,262715068.96,274904255.96,537619324.92,27590.96,1.91603882,0.00006810,0.00217905,0.00136191,0.22672730,0.22808921,982319980.08,10.9044
3013,8.2491,1.4209,12.0736,720.54,49874011.69,4019184.05,262736359.36,274910548.33,537646907.69,27582.78,1.91547054,0.00006808,0.00217871,0.00136169,0.22675865,0.22812035,982345562.86,10.9012
3014,8.2519,1.4207,12.0719,720.98,49878103.39,4019299.68,262757643.03,274916839.26,537674482.29,27574.60,1.91490245,0.00006807,0.00217837,0.00136148,0.22679001,0.22815150,982371137.45,10.8981
3015,8.2546,1.4205,12.0702,721.42,49882194.52,4019415.29,262778919.97,274923128.74,537702048.71,27566.42,1.91433453,0.00006806,0.00217803,0.00136127,0.22682138,0.22818265,982396703.87,10.8949
3016,8.2574,1.4203,12.0686,721.86,49886285.07,4019530.88,262800190.17,274929416.78,537729606.95,27558.24,1.91376679,0.00006805,0.00217769,0.00136106,0.22685276,0.22821381,982422262.11,10.8917
3017,8.2601,1.4201,12.0669,722.31,49890375.05,4019646.44,262821453.64,274935703.38,537757157.02,27550.07,1.91319923,0.00006804,0.00217735,0.00136084,0.22688414,0.22824498,982447812.18,10.8885
3018,8.2628,1.4199,12.0652,722.75,49894464.46,4019761.97,262842710.38,274941988.53,537784698.92,27541.90,1.91263185,0.00006803,0.00217701,0.00136063,0.22691553,0.22827616,982473354.08,10.8853
3019,8.2656,1.4197,12.0635,723.19,49898553.28,4019877.48,262863960.40,274948272.25,537812232.65,27533.73,1.91206465,0.00006802,0.00217667,0.00136042,0.22694692,0.22830734,982498887.81,10.8821
3020,8.2683,1.4195,12.0618,723.63,49902641.54,4019992.97,262885203.70,274954554.52,537839758.21,27525.57,1.91149763,0.00006801,0.00217633,0.00136021,0.22697833,0.22833853,982524413.38,10.8789
3021,8.2710,1.4193,12.0601,724.07,49906729.22,4020108.43,262906440.27,274960835.35,537867275.62,27517.40,1.91093079,0.00006800,0.00217599,0.00136000,0.22700974,0.22836973,982549930.78,10.8757
3022,8.2738,1.4191,12.0584,724.52,49910816.33,4020223.86,262927670.12,274967114.74,537894784.86,27509.24,1.91036413,0.00006799,0.00217565,0.00135978,0.22704115,0.22840093,982575440.02,10.8726
3023,8.2765,1.4189,12.0567,724.96,49914902.86,4020339.28,262948893.25,274973392.69,537922285.95,27501.09,1.90979764,0.00006798,0.00217531,0.00135957,0.22707257,0.22843215,982600941.11,10.8694
3024,8.2793,1.4187,12.0550,725.40,49918988.81,4020454.66,262970109.67,274979669.20,537949778.88,27492.93,1.90923134,0.00006797,0.00217497,0.00135936,0.22710401,0.22846336,982626434.04,10.8662
3025,8.2820,1.4185,12.0533,725.85,49923074.20,4020570.02,262991319.38,274985944.28,537977263.66,27484.78,1.90866521,0.00006796,0.00217464,0.00135915,0.22713544,0.22849459,982651918.82,10.8630
3026,8.2847,1.4183,12.0516,726.29,49927159.01,4020685.36,263012522.37,274992217.91,538004740.29,27476.63,1.90809926,0.00006795,0.00217430,0.00135893,0.22716689,0.22852582,982677395.45,10.8598
3027,8.2875,1.4181,12.0499,726.74,49931243.24,4020800.67,263033718.66,274998490.11,538032208.77,27468.48,1.90753349,0.00006794,0.00217396,0.00135872,0.22719834,0.22855706,982702863.93,10.8567
3028,8.2902,1.4179,12.0482,727.18,49935326.90,4020915.95,263054908.24,275004760.87,538059669.11,27460.34,1.90696790,0.00006793,0.00217362,0.00135851,0.22722980,0.22858831,982728324.27,10.8535
3029,8.2930,1.4177,12.0465,727.62,49939409.99,4021031.21,263076091.11,275011030.19,538087121.30,27452.20,1.90640249,0.00006791,0.00217328,0.00135830,0.22726126,0.22861956,982753776.46,10.8503
3030,8.2957,1.4175,12.0448,728.07,49943492.50,4021146.45,263097267.28,275017298.08,538114565.36,27444.06,1.90583726,0.00006790,0.00217294,0.00135809,0.22729273,0.22865082,982779220.52,10.8471
3031,8.2984,1.4173,12.0431,728.51,49947574.44,4021261.66,263118436.75,275023564.53,538142001.28,27435.92,1.90527221,0.00006789,0.00217260,0.00135788,0.22732421,0.22868209,982804656.44,10.8440
3032,8.3012,1.4171,12.0414,728.96,49951655.81,4021376.84,263139599.52,275029829.54,538169429.06,27427.79,1.90470733,0.00006788,0.00217226,0.00135766,0.22735570,0.22871336,982830084.23,10.8408
3033,8.3039,1.4169,12.0398,729.41,49955736.60,4021492.00,263160755.60,275036093.12,538196848.72,27419.65,1.90414263,0.00006787,0.00217192,0.00135745,0.22738719,0.22874464,982855503.88,10.8376
3034,8.3066,1.4167,12.0381,729.85,49959816.82,4021607.14,263181904.98,275042355.26,538224260.24,27411.52,1.90357811,0.00006786,0.00217158,0.00135724,0.22741869,0.22877593,982880915.41,10.8344
3035,8.3094,1.4165,12.0364,730.30,49963896.47,4021722.25,263203047.67,275048615.97,538251663.64,27403.40,1.90301377,0.00006785,0.00217125,0.00135703,0.22745020,0.22880722,982906318.80,10.8313
3036,8.3121,1.4163,12.0347,730.74,49967975.54,4021837.34,263224183.67,275054875.25,538279058.92,27395.27,1.90244961,0.00006784,0.00217091,0.00135682,0.22748171,0.22883853,982931714.08,10.8281
3037,8.3149,1.4161,12.0330,731.19,49972054.04,4021952.40,263245312.98,275061133.09,538306446.07,27387.15,1.90188562,0.00006783,0.00217057,0.00135661,0.22751323,0.22886983,982957101.23,10.8249
3038,8.3176,1.4159,12.0313,731.64,49976131.97,4022067.43,263266435.60,275067389.50,538333825.10,27379.03,1.90132182,0.00006782,0.00217023,0.00135639,0.22754476,0.22890115,982982480.26,10.8218
3039,8.3203,1.4157,12.0296,732.09,49980209.32,4022182.44,263287551.55,275073644.47,538361196.02,27370.92,1.90075819,0.00006781,0.00216989,0.00135618,0.22757629,0.22893247,983007851.18,10.8186
3040,8.3231,1.4155,12.0279,732.53,49984286.10,4022297.43,263308660.81,275079898.02,538388558.82,27362.80,1.90019474,0.00006780,0.00216955,0.00135597,0.22760783,0.22896380,983033213.99,10.8154
3041,8.3258,1.4153,12.0262,732.98,49988362.31,4022412.39,263329763.39,275086150.13,538415913.52,27354.69,1.89963147,0.00006779,0.00216921,0.00135576,0.22763938,0.22899514,983058568.68,10.8123
3042,8.3285,1.4152,12.0245,733.43,49992437.94,4022527.33,263350859.29,275092400.81,538443260.10,27346.58,1.89906837,0.00006778,0.00216888,0.00135555,0.22767093,0.22902648,983083915.26,10.8091
3043,8.3313,1.4150,12.0228,733.88,49996513.00,4022642.24,263371948.52,275098650.06,538470598.58,27338.48,1.89850545,0.00006777,0.00216854,0.00135534,0.22770250,0.22905783,983109253.74,10.8059
3044,8.3340,1.4148,12.0212,734.33,50000587.49,4022757.13,263393031.07,275104897.88,538497928.96,27330.38,1.89794271,0.00006776,0.00216820,0.00135513,0.22773406,0.22908919,983134584.12,10.8028
3045,8.3368,1.4146,12.0195,734.78,50004661.41,4022871.99,263414106.96,275111144.27,538525251.23,27322.27,1.89738015,0.00006775,0.00216786,0.00135491,0.22776564,0.22912055,983159906.39,10.7996
3046,8.3395,1.4144,12.0178,735.23,50008734.75,4022986.83,263435176.17,275117389.23,538552565.41,27314.18,1.89681777,0.00006774,0.00216752,0.00135470,0.22779722,0.22915193,983185220.57,10.7964
3047,8.3422,1.4142,12.0161,735.68,50012807.53,4023101.64,263456238.72,275123632.76,538579871.49,27306.08,1.89625556,0.00006772,0.00216719,0.00135449,0.22782881,0.22918330,983210526.65,10.7933
3048,8.3450,1.4140,12.0144,736.13,50016879.73,4023216.43,263477294.61,275129874.87,538607169.47,27297.99,1.89569353,0.00006771,0.00216685,0.00135428,0.22786041,0.22921469,983235824.64,10.7901
3049,8.3477,1.4138,12.0127,736.58,50020951.35,4023331.19,263498343.83,275136115.54,538634459.37,27289.90,1.89513168,0.00006770,0.00216651,0.00135407,0.22789201,0.22924608,983261114.53,10.7870
3050,8.3504,1.4136,12.0110,737.03,50025022.41,4023445.93,263519386.39,275142354.79,538661741.18,27281.81,1.89457001,0.00006769,0.00216617,0.00135386,0.22792362,0.22927748,983286396.34,10.7838
3051,8.3532,1.4134,12.0093,737.48,50029092.89,4023560.64,263540422.29,275148592.61,538689014.90,27273.72,1.89400851,0.00006768,0.00216584,0.00135365,0.22795524,0.22930889,983311670.06,10.7806
3052,8.3559,1.4132,12.0077,737.93,50033162.80,4023675.33,263561451.54,275154829.00,538716280.54,27265.64,1.89344719,0.00006767,0.00216550,0.00135344,0.22798686,0.22934030,983336935.70,10.7775
3053,8.3587,1.4130,12.0060,738.38,50037232.14,4023789.99,263582474.13,275161063.97,538743538.10,27257.56,1.89288605,0.00006766,0.00216516,0.00135323,0.22801849,0.22937172,983362193.26,10.7743
3054,8.3614,1.4128,12.0043,738.83,50041300.91,4023904.63,263603490.07,275167297.51,538770787.58,27249.48,1.89232508,0.00006765,0.00216482,0.00135301,0.22805013,0.22940315,983387442.74,10.7712
3055,8.3641,1.4126,12.0026,739.28,50045369.11,4024019.24,263624499.36,275173529.62,538798028.98,27241.41,1.89176429,0.00006764,0.00216449,0.00135280,0.22808178,0.22943458,983412684.15,10.7680
3056,8.3669,1.4124,12.0009,739.73,50049436.73,4024133.83,263645502.00,275179760.31,538825262.32,27233.33,1.89120368,0.00006763,0.00216415,0.00135259,0.22811343,0.22946602,983437917.48,10.7649
3057,8.3696,1.4122,11.9992,740.19,50053503.78,4024248.40,263666498.00,275185989.58,538852487.58,27225.26,1.89064325,0.00006762,0.00216381,0.00135238,0.22814509,0.22949747,983463142.74,10.7617
3058,8.3723,1.4120,11.9975,740.64,50057570.26,4024362.94,263687487.35,275192217.42,538879704.78,27217.20,1.89008299,0.00006761,0.00216347,0.00135217,0.22817675,0.22952892,983488359.94,10.7586
3059,8.3751,1.4118,11.9958,741.09,50061636.17,4024477.45,263708470.07,275198443.84,538906913.91,27209.13,1.88952291,0.00006760,0.00216314,0.00135196,0.22820842,0.22956038,983513569.07,10.7554
3060,8.3778,1.4116,11.9942,741.55,50065701.51,4024591.94,263729446.14,275204668.83,538934114.97,27201.07,1.88896300,0.00006759,0.00216280,0.00135175,0.22824010,0.22959185,983538770.14,10.7523
3061,8.3806,1.4114,11.9925,742.00,50069766.28,4024706.41,263750415.57,275210892.41,538961307.98,27193.01,1.88840328,0.00006758,0.00216246,0.00135154,0.22827179,0.22962333,983563963.14,10.7491
3062,8.3833,1.4112,11.9908,742.45,50073830.48,4024820.85,263771378.37,275217114.56,538988492.93,27184.95,1.88784373,0.00006757,0.00216213,0.00135133,0.22830348,0.22965481,983589148.09,10.7460
3063,8.3860,1.4110,11.9891,742.91,50077894.10,4024935.26,263792334.54,275223335.28,539015669.82,27176.89,1.88728435,0.00006756,0.00216179,0.00135112,0.22833518,0.22968630,983614324.99,10.7428
3064,8.3888,1.4108,11.9874,743.36,50081957.15,4025049.66,263813284.08,275229554.59,539042838.67,27168.84,1.88672515,0.00006755,0.00216145,0.00135091,0.22836689,0.22971780,983639493.83,10.7397
3065,8.3915,1.4106,11.9857,743.82,50086019.64,4025164.02,263834226.98,275235772.48,539069999.46,27160.79,1.88616613,0.00006753,0.00216111,0.00135070,0.22839860,0.22974930,983664654.62,10.7365
3066,8.3943,1.4104,11.9841,744.27,50090081.55,4025278.36,263855163.26,275241988.94,539097152.20,27152.74,1.88560729,0.00006752,0.00216078,0.00135049,0.22843032,0.22978081,983689807.37,10.7334
3067,8.3970,1.4102,11.9824,744.73,50094142.89,4025392.68,263876092.92,275248203.98,539124296.90,27144.70,1.88504862,0.00006751,0.00216044,0.00135028,0.22846205,0.22981233,983714952.07,10.7302
3068,8.3997,1.4100,11.9807,745.18,50098203.66,4025506.97,263897015.95,275254417.61,539151433.56,27136.66,1.88449013,0.00006750,0.00216011,0.00135007,0.22849379,0.22984385,983740088.72,10.7271
3069,8.4025,1.4098,11.9790,745.64,50102263.86,4025621.24,263917932.37,275260629.81,539178562.18,27128.62,1.88393181,0.00006749,0.00215977,0.00134986,0.22852553,0.22987538,983765217.34,10.7240
3070,8.4052,1.4096,11.9773,746.09,50106323.49,4025735.49,263938842.16,275266840.60,539205682.76,27120.58,1.88337367,0.00006748,0.00215943,0.00134965,0.22855727,0.22990692,983790337.92,10.7208
3071,8.4079,1.4094,11.9756,746.55,50110382.55,4025849.70,263959745.34,275273049.97,539232795.31,27112.55,1.88281571,0.00006747,0.00215910,0.00134943,0.22858903,0.22993846,983815450.47,10.7177
3072,8.4107,1.4092,11.9740,747.01,50114441.04,4025963.90,263980641.90,275279257.92,539259899.82,27104.51,1.88225792,0.00006746,0.00215876,0.00134922,0.22862079,0.22997002,983840554.98,10.7145
3073,8.4134,1.4090,11.9723,747.46,50118498.95,4026078.07,264001531.85,275285464.45,539286996.31,27096.48,1.88170031,0.00006745,0.00215842,0.00134901,0.22865256,0.23000157,983865651.47,10.7114
3074,8.4162,1.4088,11.9706,747.92,50122556.30,4026192.21,264022415.19,275291669.57,539314084.76,27088.46,1.88114288,0.00006744,0.00215809,0.00134880,0.22868434,0.23003314,983890739.93,10.7083
3075,8.4189,1.4086,11.9689,748.38,50126613.08,4026306.33,264043291.93,275297873.27,539341165.20,27080.43,1.88058562,0.00006743,0.00215775,0.00134859,0.22871612,0.23006471,983915820.36,10.7051
3076,8.4216,1.4084,11.9672,748.83,50130669.29,4026420.43,264064162.05,275304075.55,539368237.61,27072.41,1.88002853,0.00006742,0.00215742,0.00134838,0.22874791,0.23009629,983940892.77,10.7020
3077,8.4244,1.4082,11.9655,749.29,50134724.93,4026534.50,264085025.58,275310276.42,539395302.00,27064.39,1.87947162,0.00006741,0.00215708,0.00134817,0.22877970,0.23012788,983965957.16,10.6988
3078,8.4271,1.4080,11.9639,749.75,50138779.99,4026648.54,264105882.50,275316475.87,539422358.37,27056.37,1.87891489,0.00006740,0.00215674,0.00134796,0.22881151,0.23015947,983991013.54,10.6957
3079,8.4298,1.4078,11.9622,750.21,50142834.49,4026762.57,264126732.82,275322673.91,539449406.73,27048.36,1.87835833,0.00006739,0.00215641,0.00134775,0.22884332,0.23019107,984016061.90,10.6926
3080,8.4326,1.4076,11.9605,750.67,50146888.42,4026876.56,264147576.55,275328870.53,539476447.08,27040.35,1.87780195,0.00006738,0.00215607,0.00134754,0.22887513,0.23022268,984041102.24,10.6894
3081,8.4353,1.4074,11.9588,751.13,50150941.78,4026990.54,264168413.68,275335065.74,539503479.42,27032.34,1.87724575,0.00006737,0.00215574,0.00134733,0.22890696,0.23025429,984066134.58,10.6863
3082,8.4381,1.4072,11.9571,751.59,50154994.57,4027104.48,264189244.21,275341259.54,539530503.75,27024.33,1.87668972,0.00006736,0.00215540,0.00134713,0.22893879,0.23028591,984091158.91,10.6832
3083,8.4408,1.4070,11.9555,752.05,50159046.79,4027218.41,264210068.16,275347451.92,539557520.08,27016.33,1.87613386,0.00006735,0.00215506,0.00134692,0.22897063,0.23031754,984116175.24,10.6801
3084,8.4435,1.4068,11.9538,752.51,50163098.44,4027332.31,264230885.52,275353642.89,539584528.41,27008.33,1.87557818,0.00006734,0.00215473,0.00134671,0.22900247,0.23034918,984141183.57,10.6769
3085,8.4463,1.4066,11.9521,752.97,50167149.52,4027446.18,264251696.28,275359832.45,539611528.73,27000.33,1.87502268,0.00006732,0.00215439,0.00134650,0.22903432,0.23038082,984166183.89,10.6738
3086,8.4490,1.4064,11.9504,753.43,50171200.03,4027560.03,264272500.47,275366020.59,539638521.06,26992.33,1.87446735,0.00006731,0.00215406,0.00134629,0.22906618,0.23041247,984191176.22,10.6707
3087,8.4517,1.4062,11.9487,753.89,50175249.97,4027673.85,264293298.07,275372207.33,539665505.40,26984.34,1.87391220,0.00006730,0.00215372,0.00134608,0.22909805,0.23044412,984216160.56,10.6675
3088,8.4545,1.4060,11.9471,754.35,50179299.35,4027787.65,264314089.09,275378392.65,539692481.74,26976.34,1.87335722,0.00006729,0.00215339,0.00134587,0.22912992,0.23047579,984241136.90,10.6644
3089,8.4572,1.4058,11.9454,754.81,50183348.15,4027901.43,264334873.53,275384576.56,539719450.10,26968.35,1.87280241,0.00006728,0.00215305,0.00134566,0.22916180,0.23050746,984266105.26,10.6613
3090,8.4600,1.4056,11.9437,755.27,50187396.39,4028015.18,264355651.40,275390759.07,539746410.46,26960.37,1.87224779,0.00006727,0.00215272,0.00134545,0.22919368,0.23053913,984291065.63,10.6582
3091,8.4627,1.4054,11.9420,755.73,50191444.05,4028128.91,264376422.69,275396940.16,539773362.85,26952.38,1.87169333,0.00006726,0.00215238,0.00134524,0.22922558,0.23057081,984316018.01,10.6550
3092,8.4654,1.4052,11.9403,756.20,50195491.15,4028242.61,264397187.40,275403119.85,539800307.25,26944.40,1.87113905,0.00006725,0.00215205,0.00134503,0.22925748,0.23060251,984340962.41,10.6519
3093,8.4682,1.4050,11.9387,756.66,50199537.68,4028356.29,264417945.55,275409298.12,539827243.67,26936.42,1.87058495,0.00006724,0.00215171,0.00134482,0.22928938,0.23063420,984365898.84,10.6488
3094,8.4709,1.4048,11.9370,757.12,50203583.64,4028469.94,264438697.13,275415474.99,539854172.12,26928.45,1.87003102,0.00006723,0.00215138,0.00134461,0.22932130,0.23066591,984390827.28,10.6457
3095,8.4736,1.4046,11.9353,757.58,50207629.03,4028583.57,264459442.14,275421650.45,539881092.59,26920.47,1.86947727,0.00006722,0.00215104,0.00134440,0.22935322,0.23069762,984415747.76,10.6426
3096,8.4764,1.4045,11.9336,758.05,50211673.86,4028697.18,264480180.59,275427824.50,539908005.09,26912.50,1.86892369,0.00006721,0.00215071,0.00134419,0.22938514,0.23072934,984440660.26,10.6394
3097,8.4791,1.4043,11.9320,758.51,50215718.11,4028810.76,264500912.48,275433997.15,539934909.63,26904.53,1.86837028,0.00006720,0.00215037,0.00134398,0.22941708,0.23076106,984465564.79,10.6363
3098,8.4819,1.4041,11.9303,758.97,50219761.80,4028924.31,264521637.81,275440168.39,539961806.19,26896.57,1.86781705,0.00006719,0.00215004,0.00134377,0.22944902,0.23079279,984490461.35,10.6332
3099,8.4846,1.4039,11.9286,759.44,50223804.92,4029037.84,264542356.57,275446338.22,539988694.79,26888.60,1.86726399,0.00006718,0.00214970,0.00134357,0.22948097,0.23082453,984515349.96,10.6301
3100,8.4873,1.4037,11.9269,759.90,50227847.47,4029151.35,264563068.79,275452506.65,540015575.43,26880.64,1.86671111,0.00006717,0.00214937,0.00134336,0.22951292,0.23085628,984540230.60,10.6270
3101,8.4901,1.4035,11.9253,760.37,50231889.45,4029264.83,264583774.45,275458673.67,540042448.11,26872.68,1.86615840,0.00006716,0.00214904,0.00134315,0.22954488,0.23088803,984565103.28,10.6239
3102,8.4928,1.4033,11.9236,760.83,50235930.86,4029378.29,264604473.55,275464839.28,540069312.84,26864.72,1.86560587,0.00006715,0.00214870,0.00134294,0.22957685,0.23091979,984589968.00,10.6207
3103,8.4956,1.4031,11.9219,761.30,50239971.71,4029491.72,264625166.11,275471003.50,540096169.61,26856.77,1.86505351,0.00006714,0.00214837,0.00134273,0.22960882,0.23095155,984614824.77,10.6176
3104,8.4983,1.4029,11.9202,761.76,50244011.99,4029605.13,264645852.12,275477166.31,540123018.43,26848.82,1.86450133,0.00006713,0.00214803,0.00134252,0.22964081,0.23098333,984639673.59,10.6145
3105,8.5010,1.4027,11.9185,762.23,50248051.70,4029718.52,264666531.59,275483327.71,540149859.30,26840.87,1.86394932,0.00006712,0.00214770,0.00134231,0.22967280,0.23101511,984664514.46,10.6114
3106,8.5038,1.4025,11.9169,762.70,50252090.84,4029831.88,264687204.51,275489487.71,540176692.22,26832.92,1.86339748,0.00006711,0.00214736,0.00134210,0.22970479,0.23104689,984689347.39,10.6083
3107,8.5065,1.4023,11.9152,763.16,50256129.42,4029945.21,264707870.89,275495646.31,540203517.20,26824.98,1.86284582,0.00006709,0.00214703,0.00134189,0.22973679,0.23107869,984714172.36,10.6052
3108,8.5092,1.4021,11.9135,763.63,50260167.43,4030058.52,264728530.73,275501803.51,540230334.24,26817.04,1.86229433,0.00006708,0.00214670,0.00134169,0.22976880,0.23111049,984738989.40,10.6021
3109,8.5120,1.4019,11.9119,764.10,50264204.87,4030171.81,264749184.03,275507959.31,540257143.34,26809.10,1.86174301,0.00006707,0.00214636,0.00134148,0.22980082,0.23114230,984763798.50,10.5990
3110,8.5147,1.4017,11.9102,764.56,50268241.74,4030285.07,264769830.80,275514113.70,540283944.50,26801.16,1.86119187,0.00006706,0.00214603,0.00134127,0.22983284,0.23117411,984788599.67,10.5959
3111,8.5175,1.4015,11.9085,765.03,50272278.05,4030398.31,264790471.03,275520266.70,540310737.73,26793.23,1.86064091,0.00006705,0.00214569,0.00134106,0.22986487,0.23120593,984813392.89,10.5928
3112,8.5202,1.4013,11.9068,765.50,50276313.79,4030511.53,264811104.74,275526418.29,540337523.03,26785.30,1.86009011,0.00006704,0.00214536,0.00134085,0.22989691,0.23123776,984838178.19,10.5897
3113,8.5229,1.4011,11.9052,765.97,50280348.96,4030624.71,264831731.91,275532568.48,540364300.40,26777.37,1.85953949,0.00006703,0.00214503,0.00134064,0.22992895,0.23126960,984862955.56,10.5866
3114,8.5257,1.4009,11.9035,766.43,50284383.56,4030737.88,264852352.56,275538717.28,540391069.84,26769.44,1.85898905,0.00006702,0.00214469,0.00134043,0.22996100,0.23130144,984887725.00,10.5834
3115,8.5284,1.4007,11.9018,766.90,50288417.60,4030851.02,264872966.68,275544864.67,540417831.36,26761.52,1.85843877,0.00006701,0.00214436,0.00134023,0.22999306,0.23133329,984912486.52,10.5803
3116,8.5311,1.4005,11.9001,767.37,50292451.07,4030964.14,264893574.29,275551010.67,540444584.96,26753.60,1.85788867,0.00006700,0.00214403,0.00134002,0.23002513,0.23136514,984937240.12,10.5772
3117,8.5339,1.4003,11.8985,767.84,50296483.98,4031077.23,264914175.37,275557155.27,540471330.63,26745.68,1.85733875,0.00006699,0.00214369,0.00133981,0.23005720,0.23139701,984961985.80,10.5741
3118,8.5366,1.4001,11.8968,768.31,50300516.31,4031190.30,264934769.93,275563298.47,540498068.40,26737.76,1.85678900,0.00006698,0.00214336,0.00133960,0.23008928,0.23142888,984986723.56,10.5710
3119,8.5394,1.3999,11.8951,768.78,50304548.08,4031303.34,264955357.97,275569440.27,540524798.24,26729.85,1.85623942,0.00006697,0.00214303,0.00133939,0.23012136,0.23146075,985011453.41,10.5679
3120,8.5421,1.3997,11.8935,769.25,50308579.29,4031416.36,264975939.50,275575580.68,540551520.18,26721.94,1.85569001,0.00006696,0.00214269,0.00133918,0.23015345,0.23149264,985036175.34,10.5648
3121,8.5448,1.3995,11.8918,769.72,50312609.93,4031529.35,264996514.52,275581719.69,540578234.21,26714.03,1.85514078,0.00006695,0.00214236,0.00133898,0.23018555,0.23152453,985060889.37,10.5617
3122,8.5476,1.3993,11.8901,770.19,50316640.00,4031642.33,265017083.03,275587857.30,540604940.33,26706.12,1.85459172,0.00006694,0.00214203,0.00133877,0.23021766,0.23155642,985085595.49,10.5587
3123,8.5503,1.3991,11.8884,770.66,50320669.50,4031755.27,265037645.03,275593993.52,540631638.54,26698.22,1.85404283,0.00006693,0.00214169,0.00133856,0.23024977,0.23158833,985110293.71,10.5556
3124,8.5530,1.3989,11.8868,771.13,50324698.44,4031868.19,265058200.52,275600128.34,540658328.86,26690.32,1.85349412,0.00006692,0.00214136,0.00133835,0.23028189,0.23162024,985134984.02,10.5525
3125,8.5558,1.3987,11.8851,771.61,50328726.81,4031981.09,265078749.51,275606261.77,540685011.28,26682.42,1.85294558,0.00006691,0.00214103,0.00133814,0.23031401,0.23165216,985159666.44,10.5494
3126,8.5585,1.3985,11.8834,772.08,50332754.62,4032093.96,265099291.99,275612393.80,540711685.79,26674.52,1.85239721,0.00006690,0.00214070,0.00133793,0.23034615,0.23168408,985184340.96,10.5463
3127,8.5613,1.3983,11.8818,772.55,50336781.86,4032206.81,265119827.98,275618524.44,540738352.42,26666.63,1.85184901,0.00006689,0.00214036,0.00133773,0.23037829,0.23171601,985209007.58,10.5432
3128,8.5640,1.3982,11.8801,773.02,50340808.54,4032319.64,265140357.47,275624653.69,540765011.15,26658.73,1.85130099,0.00006688,0.00214003,0.00133752,0.23041043,0.23174795,985233666.32,10.5401
3129,8.5667,1.3980,11.8784,773.50,50344834.65,4032432.44,265160880.46,275630781.54,540791662.00,26650.85,1.85075314,0.00006687,0.00213970,0.00133731,0.23044259,0.23177990,985258317.16,10.5370
3130,8.5695,1.3978,11.8768,773.97,50348860.19,4032545.22,265181396.96,275636908.00,540818304.96,26642.96,1.85020547,0.00006686,0.00213937,0.00133710,0.23047475,0.23181185,985282960.12,10.5339
3131,8.5722,1.3976,11.8751,774.44,50352885.17,4032657.97,265201906.97,275643033.07,540844940.03,26635.07,1.84965796,0.00006684,0.00213903,0.00133690,0.23050691,0.23184381,985307595.20,10.5308
3132,8.5749,1.3974,11.8734,774.92,50356909.58,4032770.70,265222410.48,275649156.74,540871567.23,26627.19,1.84911063,0.00006683,0.00213870,0.00133669,0.23053909,0.23187578,985332222.39,10.5277
3133,8.5777,1.3972,11.8717,775.39,50360933.43,4032883.40,265242907.51,275655279.03,540898186.54,26619.31,1.84856347,0.00006682,0.00213837,0.00133648,0.23057127,0.23190775,985356841.70,10.5246
3134,8.5804,1.3970,11.8701,775.86,50364956.71,4032996.08,265263398.06,275661399.92,540924797.98,26611.44,1.84801648,0.00006681,0.00213804,0.00133627,0.23060346,0.23193973,985381453.14,10.5216
3135,8.5832,1.3968,11.8684,776.34,50368979.42,4033108.73,265283882.11,275667519.43,540951401.54,26603.56,1.84746967,0.00006680,0.00213770,0.00133606,0.23063565,0.23197172,985406056.70,10.5185
3136,8.5859,1.3966,11.8667,776.81,50373001.57,4033221.37,265304359.69,275673637.54,540977997.23,26595.69,1.84692303,0.00006679,0.00213737,0.00133586,0.23066785,0.23200371,985430652.40,10.5154
3137,8.5886,1.3964,11.8651,777.29,50377023.16,4033333.97,265324830.79,275679754.26,541004585.06,26587.82,1.84637656,0.00006678,0.00213704,0.00133565,0.23070006,0.23203571,985455240.22,10.5123
3138,8.5914,1.3962,11.8634,777.76,50381044.18,4033446.56,265345295.41,275685869.60,541031165.01,26579.96,1.84583026,0.00006677,0.00213671,0.00133544,0.23073228,0.23206772,985479820.17,10.5092
3139,8.5941,1.3960,11.8617,778.24,50385064.63,4033559.11,265365753.56,275691983.54,541057737.10,26572.09,1.84528414,0.00006676,0.00213637,0.00133523,0.23076450,0.23209973,985504392.27,10.5061
3140,8.5969,1.3958,11.8601,778.71,50389084.52,4033671.65,265386205.23,275698096.10,541084301.33,26564.23,1.84473818,0.00006675,0.00213604,0.00133503,0.23079673,0.23213175,985528956.50,10.5031
3141,8.5996,1.3956,11.8584,779.19,50393103.85,4033784.16,265406650.43,275704207.27,541110857.70,26556.37,1.84419240,0.00006674,0.00213571,0.00133482,0.23082896,0.23216378,985553512.87,10.5000
3142,8.6023,1.3954,11.8567,779.67,50397122.61,4033896.65,265427089.16,275710317.05,541137406.22,26548.51,1.84364679,0.00006673,0.00213538,0.00133461,0.23086120,0.23219582,985578061.38,10.4969
3143,8.6051,1.3952,11.8551,780.14,50401140.81,4034009.11,265447521.43,275716425.45,541163946.88,26540.66,1.84310135,0.00006672,0.00213505,0.00133440,0.23089345,0.23222786,985602602.04,10.4938
3144,8.6078,1.3950,11.8534,780.62,50405158.44,4034121.55,265467947.23,275722532.46,541190479.68,26532.81,1.84255609,0.00006671,0.00213472,0.00133420,0.23092571,0.23225991,985627134.85,10.4907
3145,8.6105,1.3948,11.8517,781.10,50409175.50,4034233.96,265488366.56,275728638.08,541217004.64,26524.96,1.84201099,0.00006670,0.00213438,0.00133399,0.23095797,0.23229196,985651659.81,10.4877
3146,8.6133,1.3946,11.8501,781.58,50413192.01,4034346.35,265508779.44,275734742.32,541243521.75,26517.11,1.84146607,0.00006669,0.00213405,0.00133378,0.23099024,0.23232403,985676176.92,10.4846
3147,8.6160,1.3944,11.8484,782.05,50417207.94,4034458.71,265529185.85,275740845.17,541270031.02,26509.27,1.84092132,0.00006668,0.00213372,0.00133358,0.23102252,0.23235610,985700686.18,10.4815
3148,8.6188,1.3942,11.8467,782.53,50421223.32,4034571.06,265549585.81,275746946.63,541296532.45,26501.43,1.84037674,0.00006667,0.00213339,0.00133337,0.23105480,0.23238817,985725187.61,10.4784
3149,8.6215,1.3940,11.8451,783.01,50425238.13,4034683.37,265569979.32,275753046.72,541323026.03,26493.59,1.83983234,0.00006666,0.00213306,0.00133316,0.23108709,0.23242025,985749681.19,10.4754
3150,8.6242,1.3938,11.8434,783.49,50429252.37,4034795.67,265590366.37,275759145.41,541349511.78,26485.75,1.83928810,0.00006665,0.00213273,0.00133295,0.23111939,0.23245234,985774166.94,10.4723
3151,8.6270,1.3936,11.8418,783.97,50433266.05,4034907.94,265610746.97,275765242.73,541375989.69,26477.91,1.83874404,0.00006664,0.00213240,0.00133275,0.23115169,0.23248444,985798644.86,10.4692
3152,8.6297,1.3934,11.8401,784.45,50437279.17,4035020.18,265631121.12,275771338.66,541402459.78,26470.08,1.83820014,0.00006663,0.00213206,0.00133254,0.23118401,0.23251655,985823114.94,10.4661
3153,8.6324,1.3932,11.8384,784.93,50441291.72,4035132.40,265651488.82,275777433.21,541428922.03,26462.25,1.83765642,0.00006662,0.00213173,0.00133233,0.23121632,0.23254866,985847577.19,10.4631
3154,8.6352,1.3931,11.8368,785.41,50445303.71,4035244.60,265671850.08,275783526.37,541455376.45,26454.43,1.83711287,0.00006661,0.00213140,0.00133213,0.23124865,0.23258077,985872031.62,10.4600
3155,8.6379,1.3929,11.8351,785.89,50449315.14,4035356.77,265692204.90,275789618.16,541481823.05,26446.60,1.83656949,0.00006660,0.00213107,0.00133192,0.23128098,0.23261290,985896478.22,10.4569
3156,8.6407,1.3927,11.8334,786.37,50453326.00,4035468.92,265712553.27,275795708.56,541508261.83,26438.78,1.83602628,0.00006659,0.00213074,0.00133171,0.23131332,0.23264503,985920917.00,10.4539
3157,8.6434,1.3925,11.8318,786.85,50457336.30,4035581.04,265732895.21,275801797.58,541534692.79,26430.96,1.83548325,0.00006658,0.00213041,0.00133151,0.23134566,0.23267717,985945347.95,10.4508
3158,8.6461,1.3923,11.8301,787.33,50461346.03,4035693.15,265753230.71,275807885.22,541561115.93,26423.14,1.83494038,0.00006656,0.00213008,0.00133130,0.23137801,0.23270931,985969771.10,10.4477
3159,8.6489,1.3921,11.8284,787.81,50465355.20,4035805.22,265773559.78,275813971.48,541587531.26,26415.33,1.83439769,0.00006655,0.00212975,0.00133109,0.23141037,0.23274146,985994186.42,10.4447
3160,8.6516,1.3919,11.8268,788.29,50469363.81,4035917.27,265793882.41,275820056.36,541613938.77,26407.51,1.83385516,0.00006654,0.00212942,0.00133089,0.23144274,0.23277362,986018593.94,10.4416
3161,8.6543,1.3917,11.8251,788.78,50473371.86,4036029.30,265814198.61,275826139.87,541640338.48,26399.70,1.83331281,0.00006653,0.00212909,0.00133068,0.23147511,0.23280579,986042993.64,10.4385
3162,8.6571,1.3915,11.8235,789.26,50477379.34,4036141.31,265834508.39,275832221.99,541666730.38,26391.90,1.83277063,0.00006652,0.00212876,0.00133047,0.23150749,0.23283796,986067385.54,10.4355
3163,8.6598,1.3913,11.8218,789.74,50481386.26,4036253.29,265854811.74,275838302.73,541693114.47,26384.09,1.83222862,0.00006651,0.00212843,0.00133027,0.23153987,0.23287014,986091769.63,10.4324
3164,8.6626,1.3911,11.8201,790.22,50485392.61,4036365.24,265875108.66,275844382.10,541719490.76,26376.29,1.83168678,0.00006650,0.00212810,0.00133006,0.23157227,0.23290233,986116145.92,10.4294
3165,8.6653,1.3909,11.8185,790.71,50489398.40,4036477.18,265895399.16,275850460.09,541745859.25,26368.49,1.83114511,0.00006649,0.00212777,0.00132985,0.23160467,0.23293452,986140514.41,10.4263
3166,8.6680,1.3907,11.8168,791.19,50493403.63,4036589.09,265915683.24,275856536.70,541772219.94,26360.69,1.83060361,0.00006648,0.00212744,0.00132965,0.23163707,0.23296672,986164875.10,10.4232
3167,8.6708,1.3905,11.8152,791.68,50497408.30,4036700.97,265935960.90,275862611.93,541798572.84,26352.90,1.83006228,0.00006647,0.00212711,0.00132944,0.23166949,0.23299893,986189228.00,10.4202
3168,8.6735,1.3903,11.8135,792.16,50501412.40,4036812.83,265956232.15,275868685.79,541824917.94,26345.10,1.82952112,0.00006646,0.00212678,0.00132923,0.23170191,0.23303114,986213573.10,10.4171
3169,8.6762,1.3901,11.8118,792.64,50505415.94,4036924.67,265976496.98,275874758.27,541851255.25,26337.31,1.82898013,0.00006645,0.00212644,0.00132903,0.23173433,0.23306336,986237910.42,10.4141
3170,8.6790,1.3899,11.8102,793.13,50509418.92,4037036.48,265996755.40,275880829.38,541877584.78,26329.53,1.82843932,0.00006644,0.00212611,0.00132882,0.23176677,0.23309559,986262239.94,10.4110
3171,8.6817,1.3897,11.8085,793.61,50513421.34,4037148.27,266017007.41,275886899.11,541903906.52,26321.74,1.82789867,0.00006643,0.00212578,0.00132862,0.23179921,0.23312782,986286561.68,10.4080
3172,8.6845,1.3895,11.8069,794.10,50517423.19,4037260.03,266037253.01,275892967.47,541930220.48,26313.96,1.82735819,0.00006642,0.00212546,0.00132841,0.23183166,0.23316006,986310875.64,10.4049
3173,8.6872,1.3893,11.8052,794.58,50521424.48,4037371.77,266057492.21,275899034.45,541956526.66,26306.18,1.82681788,0.00006641,0.00212513,0.00132820,0.23186411,0.23319231,986335181.82,10.4018
3174,8.6899,1.3891,11.8035,795.07,50525425.21,4037483.49,266077725.00,275905100.06,541982825.06,26298.40,1.82627775,0.00006640,0.00212480,0.00132800,0.23189657,0.23322457,986359480.22,10.3988
3175,8.6927,1.3889,11.8019,795.56,50529425.38,4037595.18,266097951.39,275911164.29,542009115.68,26290.62,1.82573778,0.00006639,0.00212447,0.00132779,0.23192904,0.23325683,986383770.84,10.3957
3176,8.6954,1.3888,11.8002,796.04,50533424.98,4037706.85,266118171.38,275917227.15,542035398.53,26282.85,1.82519798,0.00006638,0.00212414,0.00132759,0.23196151,0.23328910,986408053.69,10.3927
3177,8.6982,1.3886,11.7986,796.53,50537424.03,4037818.50,266138384.97,275923288.64,542061673.61,26275.08,1.82465836,0.00006637,0.00212381,0.00132738,0.23199399,0.23332137,986432328.77,10.3896
3178,8.7009,1.3884,11.7969,797.02,50541422.51,4037930.12,266158592.16,275929348.76,542087940.92,26267.31,1.82411890,0.00006636,0.00212348,0.00132717,0.23202648,0.23335366,986456596.09,10.3866
3179,8.7036,1.3882,11.7952,797.50,50545420.43,4038041.72,266178792.96,275935407.51,542114200.47,26259.55,1.82357961,0.00006635,0.00212315,0.00132697,0.23205898,0.23338594,986480855.63,10.3835
3180,8.7064,1.3880,11.7936,797.99,50549417.78,4038153.29,266198987.37,275941464.88,542140452.25,26251.78,1.82304050,0.00006634,0.00212282,0.00132676,0.23209148,0.23341824,986505107.42,10.3805
3181,8.7091,1.3878,11.7919,798.48,50553414.58,4038264.84,266219175.39,275947520.88,542166696.28,26244.02,1.82250155,0.00006633,0.00212249,0.00132656,0.23212399,0.23345054,986529351.44,10.3775
3182,8.7118,1.3876,11.7903,798.97,50557410.81,4038376.37,266239357.02,275953575.52,542192932.54,26236.26,1.82196277,0.00006632,0.00212216,0.00132635,0.23215650,0.23348285,986553587.70,10.3744
3183,8.7146,1.3874,11.7886,799.46,50561406.48,4038487.87,266259532.27,275959628.78,542219161.05,26228.51,1.82142416,0.00006631,0.00212183,0.00132614,0.23218903,0.23351517,986577816.21,10.3714
3184,8.7173,1.3872,11.7870,799.95,50565401.60,4038599.35,266279701.13,275965680.67,542245381.80,26220.75,1.82088573,0.00006630,0.00212150,0.00132594,0.23222155,0.23354749,986602036.96,10.3683
3185,8.7201,1.3870,11.7853,800.44,50569396.14,4038710.80,266299863.61,275971731.20,542271594.81,26213.00,1.82034746,0.00006629,0.00212117,0.00132573,0.23225409,0.23357982,986626249.97,10.3653
3186,8.7228,1.3868,11.7837,800.92,50573390.13,4038822.23,266320019.71,275977780.35,542297800.06,26205.25,1.81980936,0.00006628,0.00212084,0.00132553,0.23228663,0.23361216,986650455.22,10.3622
3187,8.7255,1.3866,11.7820,801.41,50577383.56,4038933.64,266340169.43,275983828.14,542323997.57,26197.51,1.81927143,0.00006627,0.00212051,0.00132532,0.23231918,0.23364450,986674652.73,10.3592
3188,8.7283,1.3864,11.7803,801.90,50581376.43,4039045.02,266360312.78,275989874.56,542350187.33,26189.76,1.81873367,0.00006626,0.00212019,0.00132512,0.23235174,0.23367686,986698842.50,10.3562
3189,8.7310,1.3862,11.7787,802.40,50585368.73,4039156.38,266380449.75,275995919.61,542376369.36,26182.02,1.81819607,0.00006625,0.00211986,0.00132491,0.23238430,0.23370921,986723024.52,10.3531
3190,8.7337,1.3860,11.7770,802.89,50589360.47,4039267.71,266400580.35,276001963.29,542402543.64,26174.28,1.81765865,0.00006624,0.00211953,0.00132470,0.23241687,0.23374158,986747198.80,10.3501
3191,8.7365,1.3858,11.7754,803.38,50593351.66,4039379.02,266420704.58,276008005.61,542428710.19,26166.55,1.81712140,0.00006622,0.00211920,0.00132450,0.23244945,0.23377395,986771365.35,10.3470
3192,8.7392,1.3856,11.7737,803.87,50597342.28,4039490.31,266440822.44,276014046.56,542454869.00,26158.81,1.81658432,0.00006621,0.00211887,0.00132429,0.23248203,0.23380633,986795524.17,10.3440
3193,8.7420,1.3854,11.7721,804.36,50601332.34,4039601.58,266460933.94,276020086.15,542481020.09,26151.08,1.81604740,0.00006620,0.00211854,0.00132409,0.23251462,0.23383871,986819675.25,10.3410
3194,8.7447,1.3852,11.7704,804.85,50605321.84,4039712.82,266481039.07,276026124.37,542507163.44,26143.35,1.81551065,0.00006619,0.00211821,0.00132388,0.23254722,0.23387110,986843818.60,10.3379
3195,8.7474,1.3850,11.7688,805.34,50609310.78,4039824.03,266501137.85,276032161.22,542533299.07,26135.63,1.81497408,0.00006618,0.00211789,0.00132368,0.23257982,0.23390350,986867954.23,10.3349
3196,8.7502,1.3849,11.7671,805.84,50613299.16,4039935.22,266521230.26,276038196.71,542559426.97,26127.90,1.81443767,0.00006617,0.00211756,0.00132347,0.23261244,0.23393591,986892082.13,10.3319
3197,8.7529,1.3847,11.7655,806.33,50617286.98,4040046.39,266541316.31,276044230.84,542585547.15,26120.18,1.81390143,0.00006616,0.00211723,0.00132327,0.23264505,0.23396832,986916202.31,10.3288
3198,8.7556,1.3845,11.7638,806.82,50621274.24,4040157.54,266561396.01,276050263.60,542611659.61,26112.46,1.81336536,0.00006615,0.00211690,0.00132306,0.23267768,0.23400074,986940314.77,10.3258
3199,8.7584,1.3843,11.7621,807.32,50625260.93,4040268.66,266581469.36,276056295.00,542637764.35,26104.74,1.81282946,0.00006614,0.00211657,0.00132286,0.23271031,0.23403317,986964419.52,10.3228
3200,8.7611,1.3841,11.7605,807.81,50629247.07,4040379.75,266601536.35,276062325.04,542663861.38,26097.03,1.81229373,0.00006613,0.00211624,0.00132265,0.23274295,0.23406560,986988516.55,10.3197
3201,8.7639,1.3839,11.7588,808.30,50633232.65,4040490.83,266621596.99,276068353.71,542689950.70,26089.32,1.81175816,0.00006612,0.00211592,0.00132245,0.23277559,0.23409804,987012605.86,10.3167
3202,8.7666,1.3837,11.7572,808.80,50637217.67,4040601.88,266641651.29,276074381.02,542716032.31,26081.61,1.81122276,0.00006611,0.00211559,0.00132224,0.23280824,0.23413049,987036687.47,10.3137
3203,8.7693,1.3835,11.7555,809.29,50641202.12,4040712.90,266661699.24,276080406.97,542742106.21,26073.90,1.81068754,0.00006610,0.00211526,0.00132204,0.23284090,0.23416294,987060761.37,10.3106
3204,8.7721,1.3833,11.7539,809.79,50645186.02,4040823.91,266681740.85,276086431.56,542768172.41,26066.20,1.81015248,0.00006609,0.00211493,0.00132183,0.23287357,0.23419540,987084827.57,10.3076
3205,8.7748,1.3831,11.7522,810.28,50649169.36,4040934.88,266701776.11,276092454.79,542794230.90,26058.49,1.80961759,0.00006608,0.00211460,0.00132163,0.23290624,0.23422787,987108886.06,10.3046
3206,8.7775,1.3829,11.7506,810.78,50653152.14,4041045.84,266721805.04,276098476.65,542820281.69,26050.79,1.80908287,0.00006607,0.00211428,0.00132142,0.23293892,0.23426034,987132936.86,10.3016
3207,8.7803,1.3827,11.7489,811.27,50657134.36,4041156.77,266741827.63,276104497.16,542846324.79,26043.10,1.80854831,0.00006606,0.00211395,0.00132122,0.23297160,0.23429282,987156979.95,10.2985
3208,8.7830,1.3825,11.7473,811.77,50661116.02,4041267.68,266761843.88,276110516.31,542872360.19,26035.40,1.80801393,0.00006605,0.00211362,0.00132101,0.23300430,0.23432531,987181015.35,10.2955
3209,8.7858,1.3823,11.7456,812.27,50665097.12,4041378.56,266781853.80,276116534.10,542898387.90,26027.71,1.80747971,0.00006604,0.00211329,0.00132081,0.23303699,0.23435780,987205043.06,10.2925
3210,8.7885,1.3821,11.7440,812.76,50669077.66,4041489.42,266801857.39,276122550.53,542924407.91,26020.02,1.80694566,0.00006603,0.00211297,0.00132060,0.23306970,0.23439030,987229063.08,10.2895
3211,8.7912,1.3819,11.7423,813.26,50673057.64,4041600.26,266821854.64,276128565.60,542950420.24,26012.33,1.80641178,0.00006602,0.00211264,0.00132040,0.23310241,0.23442281,987253075.41,10.2865
3212,8.7940,1.3817,11.7407,813.76,50677037.06,4041711.07,266841845.57,276134579.31,542976424.89,26004.64,1.80587806,0.00006601,0.00211231,0.00132019,0.23313513,0.23445533,987277080.05,10.2834
3213,8.7967,1.3815,11.7390,814.26,50681015.92,4041821.86,266861830.18,276140591.67,543002421.85,25996.96,1.80534452,0.00006600,0.00211198,0.00131999,0.23316786,0.23448785,987301077.01,10.2804
3214,8.7995,1.3814,11.7374,814.75,50684994.22,4041932.62,266881808.46,276146602.67,543028411.13,25989.28,1.80481114,0.00006599,0.00211166,0.00131979,0.23320059,0.23452038,987325066.29,10.2774
3215,8.8022,1.3812,11.7357,815.25,50688971.97,4042043.36,266901780.42,276152612.31,543054392.73,25981.60,1.80427793,0.00006598,0.00211133,0.00131958,0.23323333,0.23455291,987349047.89,10.2744
3216,8.8049,1.3810,11.7341,815.75,50692949.15,4042154.08,266921746.06,276158620.60,543080366.66,25973.93,1.80374489,0.00006597,0.00211100,0.00131938,0.23326608,0.23458546,987373021.82,10.2714
3217,8.8077,1.3808,11.7324,816.25,50696925.78,4042264.78,266941705.38,276164627.53,543106332.91,25966.25,1.80321201,0.00006596,0.00211068,0.00131917,0.23329883,0.23461800,987396988.07,10.2683
3218,8.8104,1.3806,11.7308,816.75,50700901.85,4042375.45,266961658.39,276170633.10,543132291.49,25958.58,1.80267931,0.00006595,0.00211035,0.00131897,0.23333159,0.23465056,987420946.66,10.2653
3219,8.8131,1.3804,11.7291,817.25,50704877.36,4042486.09,266981605.08,276176637.32,543158242.41,25950.91,1.80214677,0.00006594,0.00211002,0.00131876,0.23336436,0.23468312,987444897.57,10.2623
3220,8.8159,1.3802,11.7275,817.75,50708852.31,4042596.72,267001545.46,276182640.19,543184185.65,25943.25,1.80161440,0.00006593,0.00210969,0.00131856,0.23339713,0.23471569,987468840.82,10.2593
3221,8.8186,1.3800,11.7258,818.25,50712826.70,4042707.32,267021479.54,276188641.70,543210121.24,25935.58,1.80108219,0.00006592,0.00210937,0.00131835,0.23342991,0.23474827,987492776.40,10.2563
3222,8.8214,1.3798,11.7242,818.75,50716800.53,4042817.89,267041407.30,276194641.86,543236049.16,25927.92,1.80055015,0.00006591,0.00210904,0.00131815,0.23346270,0.23478085,987516704.32,10.2533
3223,8.8241,1.3796,11.7225,819.25,50720773.81,4042928.45,267061328.76,276200640.66,543261969.42,25920.26,1.80001829,0.00006590,0.00210871,0.00131795,0.23349550,0.23481344,987540624.59,10.2503
3224,8.8268,1.3794,11.7209,819.75,50724746.52,4043038.98,267081243.92,276206638.11,543287882.03,25912.61,1.79948658,0.00006589,0.00210839,0.00131774,0.23352830,0.23484604,987564537.19,10.2473
3225,8.8296,1.3792,11.7192,820.25,50728718.68,4043149.48,267101152.77,276212634.21,543313786.98,25904.95,1.79895505,0.00006588,0.00210806,0.00131754,0.23356111,0.23487864,987588442.14,10.2442
3226,8.8323,1.3790,11.7176,820.75,50732690.28,4043259.96,267121055.32,276218628.96,543339684.28,25897.30,1.79842368,0.00006587,0.00210773,0.00131733,0.23359392,0.23491125,987612339.45,10.2412
3227,8.8350,1.3788,11.7160,821.25,50736661.32,4043370.42,267140951.58,276224622.35,543365573.93,25889.65,1.79789248,0.00006586,0.00210741,0.00131713,0.23362674,0.23494387,987636229.10,10.2382
3228,8.8378,1.3786,11.7143,821.76,50740631.81,4043480.86,267160841.54,276230614.40,543391455.94,25882.00,1.79736145,0.00006585,0.00210708,0.00131693,0.23365957,0.23497650,987660111.10,10.2352
3229,8.8405,1.3784,11.7127,822.26,50744601.73,4043591.27,267180725.21,276236605.09,543417330.30,25874.36,1.79683058,0.00006584,0.00210676,0.00131672,0.23369240,0.23500913,987683985.46,10.2322
3230,8.8433,1.3783,11.7110,822.76,50748571.10,4043701.66,267200602.59,276242594.43,543443197.02,25866.72,1.79629988,0.00006583,0.00210643,0.00131652,0.23372525,0.23504176,987707852.18,10.2292
3231,8.8460,1.3781,11.7094,823.26,50752539.91,4043812.02,267220473.67,276248582.43,543469056.10,25859.08,1.79576935,0.00006582,0.00210610,0.00131631,0.23375809,0.23507441,987731711.26,10.2262
3232,8.8487,1.3779,11.7077,823.77,50756508.17,4043922.36,267240338.47,276254569.07,543494907.54,25851.44,1.79523898,0.00006581,0.00210578,0.00131611,0.23379095,0.23510706,987755562.70,10.2232
3233,8.8515,1.3777,11.7061,824.27,50760475.86,4044032.68,267260196.98,276260554.36,543520751.34,25843.81,1.79470878,0.00006580,0.00210545,0.00131591,0.23382381,0.23513972,987779406.51,10.2202
3234,8.8542,1.3775,11.7044,824.78,50764443.00,4044142.97,267280049.21,276266538.31,543546587.52,25836.17,1.79417875,0.00006579,0.00210513,0.00131570,0.23385668,0.23517238,987803242.68,10.2172
3235,8.8569,1.3773,11.7028,825.28,50768409.58,4044253.24,267299895.16,276272520.90,543572416.06,25828.54,1.79364889,0.00006577,0.00210480,0.00131550,0.23388956,0.23520506,987827071.23,10.2142
3236,8.8597,1.3771,11.7011,825.79,50772375.60,4044363.49,267319734.83,276278502.15,543598236.98,25820.92,1.79311919,0.00006576,0.00210447,0.00131530,0.23392244,0.23523773,987850892.14,10.2112
3237,8.8624,1.3769,11.6995,826.29,50776341.07,4044473.71,267339568.22,276284482.05,543624050.27,25813.29,1.79258966,0.00006575,0.00210415,0.00131509,0.23395533,0.23527042,987874705.43,10.2082
3238,8.8652,1.3767,11.6979,826.80,50780305.97,4044583.91,267359395.33,276290460.60,543649855.94,25805.67,1.79206029,0.00006574,0.00210382,0.00131489,0.23398822,0.23530311,987898511.10,10.2052
3239,8.8679,1.3765,11.6962,827.30,50784270.33,4044694.09,267379216.17,276296437.81,543675653.99,25798.05,1.79153109,0.00006573,0.00210350,0.00131469,0.23402113,0.23533581,987922309.15,10.2022
3240,8.8706,1.3763,11.6946,827.81,50788234.12,4044804.24,267399030.74,276302413.67,543701444.42,25790.43,1.79100206,0.00006572,0.00210317,0.00131448,0.23405404,0.23536852,987946099.58,10.1992
3241,8.8734,1.3761,11.6929,828.31,50792197.36,4044914.37,267418839.04,276308388.19,543727227.23,25782.81,1.79047319,0.00006571,0.00210284,0.00131428,0.23408695,0.23540123,987969882.39,10.1962
3242,8.8761,1.3759,11.6913,828.82,50796160.04,4045024.47,267438641.07,276314361.36,543753002.43,25775.20,1.78994449,0.00006570,0.00210252,0.00131407,0.23411988,0.23543395,987993657.59,10.1932
3243,8.8789,1.3757,11.6896,829.33,50800122.16,4045134.56,267458436.84,276320333.18,543778770.02,25767.59,1.78941596,0.00006569,0.00210219,0.00131387,0.23415281,0.23546668,988017425.18,10.1902
3244,8.8816,1.3755,11.6880,829.83,50804083.73,4045244.61,267478226.34,276326303.66,543804530.00,25759.98,1.78888759,0.00006568,0.00210187,0.00131367,0.23418574,0.23549941,988041185.16,10.1872
3245,8.8843,1.3754,11.6864,830.34,50808044.74,4045354.65,267498009.58,276332272.79,543830282.38,25752.38,1.78835939,0.00006567,0.00210154,0.00131346,0.23421869,0.23553215,988064937.54,10.1842
3246,8.8871,1.3752,11.6847,830.85,50812005.19,4045464.66,267517786.56,276338240.59,543856027.15,25744.77,1.78783135,0.00006566,0.00210122,0.00131326,0.23425164,0.23556490,988088682.31,10.1812
3247,8.8898,1.3750,11.6831,831.36,50815965.09,4045574.65,267537557.29,276344207.03,543881764.32,25737.17,1.78730349,0.00006565,0.00210089,0.00131306,0.23428459,0.23559765,988112419.48,10.1783
3248,8.8925,1.3748,11.6814,831.87,50819924.43,4045684.61,267557321.75,276350172.14,543907493.89,25729.57,1.78677578,0.00006564,0.00210057,0.00131285,0.23431756,0.23563041,988136149.05,10.1753
3249,8.8953,1.3746,11.6798,832.37,50823883.21,4045794.56,267577079.96,276356135.90,543933215.86,25721.97,1.78624824,0.00006563,0.00210024,0.00131265,0.23435053,0.23566318,988159871.03,10.1723
3250,8.8980,1.3744,11.6781,832.88,50827841.44,4045904.47,267596831.93,276362098.32,543958930.24,25714.38,1.78572087,0.00006562,0.00209992,0.00131245,0.23438350,0.23569595,988183585.41,10.1693
3251,8.9008,1.3742,11.6765,833.39,50831799.11,4046014.37,267616577.64,276368059.40,543984637.03,25706.79,1.78519367,0.00006561,0.00209959,0.00131225,0.23441649,0.23572873,988207292.20,10.1663
3252,8.9035,1.3740,11.6749,833.90,50835756.22,4046124.24,267636317.10,276374019.13,544010336.23,25699.20,1.78466663,0.00006560,0.00209927,0.00131204,0.23444948,0.23576152,988230991.40,10.1633
3253,8.9062,1.3738,11.6732,834.41,50839712.78,4046234.09,267656050.32,276379977.53,544036027.85,25691.61,1.78413975,0.00006559,0.00209894,0.00131184,0.23448248,0.23579432,988254683.01,10.1603
3254,8.9090,1.3736,11.6716,834.92,50843668.79,4046343.91,267675777.29,276385934.59,544061711.87,25684.03,1.78361304,0.00006558,0.00209862,0.00131164,0.23451548,0.23582712,988278367.04,10.1573
3255,8.9117,1.3734,11.6699,835.43,50847624.23,4046453.71,267695498.02,276391890.30,544087388.32,25676.45,1.78308650,0.00006557,0.00209829,0.00131143,0.23454849,0.23585993,988302043.48,10.1544
3256,8.9144,1.3732,11.6683,835.94,50851579.13,4046563.49,267715212.51,276397844.67,544113057.18,25668.87,1.78256012,0.00006556,0.00209797,0.00131123,0.23458151,0.23589274,988325712.35,10.1514
3257,8.9172,1.3730,11.6667,836.46,50855533.46,4046673.24,267734920.76,276403797.71,544138718.47,25661.29,1.78203391,0.00006555,0.00209764,0.00131103,0.23461453,0.23592556,988349373.64,10.1484
3258,8.9199,1.3728,11.6650,836.97,50859487.24,4046782.98,267754622.78,276409749.41,544164372.19,25653.71,1.78150787,0.00006554,0.00209732,0.00131082,0.23464757,0.23595839,988373027.35,10.1454
3259,8.9227,1.3726,11.6634,837.48,50863440.47,4046892.68,267774318.56,276415699.77,544190018.33,25646.14,1.78098198,0.00006553,0.00209700,0.00131062,0.23468060,0.23599123,988396673.49,10.1424
3260,8.9254,1.3725,11.6617,837.99,50867393.14,4047002.37,267794008.11,276421648.79,544215656.90,25638.57,1.78045627,0.00006552,0.00209667,0.00131042,0.23471365,0.23602407,988420312.06,10.1394
3261,8.9281,1.3723,11.6601,838.50,50871345.25,4047112.03,267813691.43,276427596.47,544241287.90,25631.00,1.77993072,0.00006551,0.00209635,0.00131022,0.23474670,0.23605692,988443943.06,10.1365
3262,8.9309,1.3721,11.6585,839.02,50875296.81,4047221.67,267833368.52,276433542.81,544266911.34,25623.44,1.77940533,0.00006550,0.00209602,0.00131001,0.23477976,0.23608977,988467566.50,10.1335
3263,8.9336,1.3719,11.6568,839.53,50879247.81,4047331.28,267853039.39,276439487.82,544292527.21,25615.87,1.77888011,0.00006549,0.00209570,0.00130981,0.23481282,0.23612264,988491182.37,10.1305
3264,8.9363,1.3717,11.6552,840.04,50883198.26,4047440.87,267872704.03,276445431.49,544318135.52,25608.31,1.77835506,0.00006548,0.00209537,0.00130961,0.23484590,0.23615551,988514790.69,10.1275
3265,8.9391,1.3715,11.6536,840.56,50887148.15,4047550.44,267892362.45,276451373.83,544343736.28,25600.75,1.77783017,0.00006547,0.00209505,0.00130941,0.23487898,0.23618838,988538391.44,10.1246
3266,8.9418,1.3713,11.6519,841.07,50891097.49,4047659.98,267912014.65,276457314.83,544369329.48,25593.20,1.77730544,0.00006546,0.00209473,0.00130920,0.23491206,0.23622126,988561984.64,10.1216
3267,8.9446,1.3711,11.6503,841.58,50895046.27,4047769.50,267931660.63,276463254.49,544394915.12,25585.64,1.77678088,0.00006545,0.00209440,0.00130900,0.23494515,0.23625415,988585570.28,10.1186
3268,8.9473,1.3709,11.6486,842.10,50898994.50,4047879.00,267951300.39,276469192.82,544420493.21,25578.09,1.77625649,0.00006544,0.00209408,0.00130880,0.23497825,0.23628705,988609148.38,10.1156
3269,8.9500,1.3707,11.6470,842.61,50902942.17,4047988.48,267970933.94,276475129.82,544446063.76,25570.54,1.77573226,0.00006543,0.00209375,0.00130860,0.23501136,0.23631995,988632718.92,10.1127
3270,8.9528,1.3705,11.6454,843.13,50906889.29,4048097.93,267990561.28,276481065.48,544471626.76,25563.00,1.77520819,0.00006542,0.00209343,0.00130839,0.23504447,0.23635286,988656281.92,10.1097
3271,8.9555,1.3703,11.6437,843.65,50910835.85,4048207.36,268010182.40,276486999.81,544497182.21,25555.45,1.77468429,0.00006541,0.00209311,0.00130819,0.23507759,0.23638578,988679837.37,10.1067
3272,8.9582,1.3701,11.6421,844.16,50914781.86,4048316.76,268029797.32,276492932.80,544522730.12,25547.91,1.77416055,0.00006540,0.00209278,0.00130799,0.23511072,0.23641871,988703385.28,10.1038
3273,8.9610,1.3699,11.6405,844.68,50918727.32,4048426.14,268049406.03,276498864.46,544548270.49,25540.37,1.77363698,0.00006539,0.00209246,0.00130779,0.23514385,0.23645164,988726925.66,10.1008
3274,8.9637,1.3698,11.6388,845.19,50922672.22,4048535.50,268069008.54,276504794.79,544573803.33,25532.84,1.77311357,0.00006538,0.00209214,0.00130759,0.23517699,0.23648457,988750458.49,10.0978
3275,8.9665,1.3696,11.6372,845.71,50926616.56,4048644.83,268088604.84,276510723.79,544599328.63,25525.30,1.77259033,0.00006537,0.00209181,0.00130738,0.23521013,0.23651752,988773983.79,10.0948
3276,8.9692,1.3694,11.6356,846.23,50930560.35,4048754.15,268108194.95,276516651.45,544624846.40,25517.77,1.77206725,0.00006536,0.00209149,0.00130718,0.23524329,0.23655047,988797501.56,10.0919
3277,8.9719,1.3692,11.6339,846.75,50934503.59,4048863.43,268127778.85,276522577.79,544650356.64,25510.24,1.77154434,0.00006535,0.00209117,0.00130698,0.23527645,0.23658343,988821011.80,10.0889
3278,8.9747,1.3690,11.6323,847.26,50938446.27,4048972.70,268147356.56,276528502.79,544675859.35,25502.71,1.77102159,0.00006534,0.00209084,0.00130678,0.23530961,0.23661639,988844514.51,10.0860
3279,8.9774,1.3688,11.6307,847.78,50942388.40,4049081.94,268166928.07,276534426.46,544701354.53,25495.19,1.77049900,0.00006533,0.00209052,0.00130657,0.23534279,0.23664936,988868009.70,10.0830
3280,8.9802,1.3686,11.6290,848.30,50946329.98,4049191.16,268186493.39,276540348.81,544726842.20,25487.66,1.76997658,0.00006532,0.00209020,0.00130637,0.23537597,0.23668234,988891497.36,10.0800
3281,8.9829,1.3684,11.6274,848.82,50950271.00,4049300.36,268206052.52,276546269.82,544752322.34,25480.14,1.76945433,0.00006531,0.00208987,0.00130617,0.23540915,0.23671533,988914977.50,10.0771
3282,8.9856,1.3682,11.6257,849.34,50954211.47,4049409.53,268225605.46,276552189.50,544777794.96,25472.62,1.76893223,0.00006530,0.00208955,0.00130597,0.23544235,0.23674832,988938450.13,10.0741
3283,8.9884,1.3680,11.6241,849.86,50958151.38,4049518.68,268245152.21,276558107.86,544803260.07,25465.11,1.76841030,0.00006529,0.00208923,0.00130577,0.23547555,0.23678132,988961915.23,10.0711
3284,8.9911,1.3678,11.6225,850.38,50962090.74,4049627.80,268264692.78,276564024.88,544828717.67,25457.59,1.76788854,0.00006528,0.00208890,0.00130557,0.23550876,0.23681432,988985372.83,10.0682
3285,8.9938,1.3676,11.6208,850.90,50966029.55,4049736.91,268284227.17,276569940.58,544854167.75,25450.08,1.76736694,0.00006527,0.00208858,0.00130536,0.23554197,0.23684733,989008822.91,10.0652
3286,8.9966,1.3674,11.6192,851.42,50969967.80,4049845.98,268303755.37,276575854.95,544879610.33,25442.58,1.76684550,0.00006526,0.00208826,0.00130516,0.23557519,0.23688035,989032265.49,10.0623
3287,8.9993,1.3673,11.6176,851.94,50973905.50,4049955.04,268323277.40,276581768.00,544905045.39,25435.07,1.76632423,0.00006525,0.00208794,0.00130496,0.23560842,0.23691338,989055700.56,10.0593
3288,9.0021,1.3671,11.6159,852.46,50977842.65,4050064.07,268342793.24,276587679.72,544930472.96,25427.56,1.76580312,0.00006524,0.00208761,0.00130476,0.23564165,0.23694641,989079128.12,10.0563
3289,9.0048,1.3669,11.6143,852.98,50981779.24,4050173.08,268362302.92,276593590.11,544955893.02,25420.06,1.76528217,0.00006523,0.00208729,0.00130456,0.23567489,0.23697945,989102548.19,10.0534
3290,9.0075,1.3667,11.6127,853.50,50985715.28,4050282.07,268381806.42,276599499.17,544981305.59,25412.56,1.76476139,0.00006522,0.00208697,0.00130436,0.23570814,0.23701249,989125960.75,10.0504
3291,9.0103,1.3665,11.6111,854.02,50989650.77,4050391.04,268401303.74,276605406.91,545006710.65,25405.07,1.76424077,0.00006521,0.00208665,0.00130415,0.23574139,0.23704555,989149365.82,10.0475
3292,9.0130,1.3663,11.6094,854.55,50993585.70,4050499.98,268420794.90,276611313.32,545032108.23,25397.57,1.76372032,0.00006520,0.00208632,0.00130395,0.23577465,0.23707861,989172763.39,10.0445
3293,9.0157,1.3661,11.6078,855.07,50997520.08,4050608.89,268440279.89,276617218.41,545057498.31,25390.08,1.76320003,0.00006519,0.00208600,0.00130375,0.23580792,0.23711167,989196153.47,10.0416
3294,9.0185,1.3659,11.6062,855.59,51001453.91,4050717.79,268459758.72,276623122.18,545082880.90,25382.59,1.76267990,0.00006518,0.00208568,0.00130355,0.23584120,0.23714475,989219536.06,10.0386
3295,9.0212,1.3657,11.6045,856.11,51005387.19,4050826.66,268479231.38,276629024.62,545108256.00,25375.10,1.76215993,0.00006517,0.00208536,0.00130335,0.23587448,0.23717783,989242911.16,10.0357
3296,9.0240,1.3655,11.6029,856.64,51009319.91,4050935.51,268498697.88,276634925.74,545133623.62,25367.62,1.76164013,0.00006516,0.00208503,0.00130315,0.23590777,0.23721091,989266278.78,10.0327
3297,9.0267,1.3653,11.6013,857.16,51013252.08,4051044.33,268518158.22,276640825.53,545158983.75,25360.14,1.76112049,0.00006515,0.00208471,0.00130295,0.23594106,0.23724401,989289638.92,10.0298
3298,9.0294,1.3651,11.5996,857.69,51017183.70,4051153.13,268537612.41,276646724.00,545184336.41,25352.65,1.76060102,0.00006514,0.00208439,0.00130274,0.23597436,0.23727711,989312991.57,10.0268
3299,9.0322,1.3650,11.5980,858.21,51021114.76,4051261.91,268557060.43,276652621.15,545209681.58,25345.18,1.76008171,0.00006513,0.00208407,0.00130254,0.23600767,0.23731021,989336336.75,10.0239
3300,9.0349,1.3648,11.5964,858.74,51025045.28,4051370.67,268576502.31,276658516.98,545235019.29,25337.70,1.75956256,0.00006512,0.00208375,0.00130234,0.23604099,0.23734333,989359674.45,10.0209
3301,9.0376,1.3646,11.5947,859.26,51028975.24,4051479.40,268595938.03,276664411.48,545260349.51,25330.23,1.75904358,0.00006511,0.00208343,0.00130214,0.23607431,0.23737645,989383004.68,10.0180
3302,9.0404,1.3644,11.5931,859.79,51032904.64,4051588.11,268615367.60,276670304.67,545285672.27,25322.76,1.75852475,0.00006510,0.00208310,0.00130194,0.23610764,0.23740958,989406327.43,10.0150
3303,9.0431,1.3642,11.5915,860.31,51036833.50,4051696.80,268634791.03,276676196.53,545310987.56,25315.29,1.75800609,0.00006509,0.00208278,0.00130174,0.23614097,0.23744271,989429642.72,10.0121
3304,9.0459,1.3640,11.5899,860.84,51040761.80,4051805.46,268654208.30,276682087.08,545336295.38,25307.82,1.75748760,0.00006508,0.00208246,0.00130154,0.23617431,0.23747585,989452950.54,10.0092
3305,9.0486,1.3638,11.5882,861.36,51044689.56,4051914.10,268673619.44,276687976.30,545361595.74,25300.36,1.75696926,0.00006507,0.00208214,0.00130134,0.23620766,0.23750900,989476250.90,10.0062
3306,9.0513,1.3636,11.5866,861.89,51048616.76,4052022.72,268693024.43,276693864.20,545386888.63,25292.90,1.75645109,0.00006506,0.00208182,0.00130114,0.23624102,0.23754215,989499543.79,10.0033
3307,9.0541,1.3634,11.5850,862.42,51052543.40,4052131.31,268712423.28,276699750.79,545412174.07,25285.44,1.75593308,0.00006505,0.00208150,0.00130093,0.23627438,0.23757531,989522829.23,10.0003
3308,9.0568,1.3632,11.5833,862.95,51056469.50,4052239.88,268731816.00,276705636.05,545437452.05,25277.98,1.75541524,0.00006504,0.00208117,0.00130073,0.23630775,0.23760848,989546107.21,9.9974
3309,9.0595,1.3630,11.5817,863.47,51060395.05,4052348.43,268751202.57,276711520.00,545462722.57,25270.52,1.75489756,0.00006503,0.00208085,0.00130053,0.23634112,0.23764166,989569377.74,9.9945
3310,9.0623,1.3628,11.5801,864.00,51064320.04,4052456.96,268770583.02,276717402.63,545487985.65,25263.07,1.75438004,0.00006502,0.00208053,0.00130033,0.23637451,0.23767484,989592640.81,9.9915
3311,9.0650,1.3627,11.5785,864.53,51068244.48,4052565.46,268789957.33,276723283.94,545513241.27,25255.62,1.75386268,0.00006501,0.00208021,0.00130013,0.23640790,0.23770803,989615896.43,9.9886
3312,9.0678,1.3625,11.5768,865.06,51072168.37,4052673.94,268809325.51,276729163.94,545538489.44,25248.17,1.75334548,0.00006500,0.00207989,0.00129993,0.23644129,0.23774122,989639144.61,9.9856
3313,9.0705,1.3623,11.5752,865.59,51076091.71,4052782.40,268828687.56,276735042.61,545563730.17,25240.73,1.75282845,0.00006499,0.00207957,0.00129973,0.23647469,0.23777442,989662385.34,9.9827
3314,9.0732,1.3621,11.5736,866.12,51080014.50,4052890.83,268848043.48,276740919.98,545588963.46,25233.29,1.75231158,0.00006498,0.00207925,0.00129953,0.23650810,0.23780763,989685618.62,9.9798
3315,9.0760,1.3619,11.5720,866.65,51083936.73,4052999.24,268867393.28,276746796.02,545614189.31,25225.85,1.75179487,0.00006497,0.00207893,0.00129933,0.23654152,0.23784085,989708844.47,9.9768
3316,9.0787,1.3617,11.5703,867.18,51087858.42,4053107.63,268886736.96,276752670.75,545639407.71,25218.41,1.75127833,0.00006496,0.00207860,0.00129913,0.23657494,0.23787407,989732062.88,9.9739
3317,9.0815,1.3615,11.5687,867.71,51091779.55,4053215.99,268906074.52,276758544.17,545664618.69,25210.97,1.75076194,0.00006495,0.00207828,0.00129893,0.23660837,0.23790730,989755273.85,9.9710
3318,9.0842,1.3613,11.5671,868.24,51095700.13,4053324.33,268925405.96,276764416.27,545689822.22,25203.54,1.75024572,0.00006494,0.00207796,0.00129873,0.23664181,0.23794053,989778477.39,9.9680
3319,9.0869,1.3611,11.5655,868.77,51099620.17,4053432.65,268944731.28,276770287.05,545715018.33,25196.11,1.74972966,0.00006493,0.00207764,0.00129853,0.23667525,0.23797378,989801673.49,9.9651
3320,9.0897,1.3609,11.5638,869.30,51103539.65,4053540.95,268964050.48,276776156.53,545740207.01,25188.68,1.74921377,0.00006492,0.00207732,0.00129833,0.23670870,0.23800703,989824862.17,9.9622
3321,9.0924,1.3607,11.5622,869.83,51107458.58,4053649.22,268983363.58,276782024.68,545765388.26,25181.25,1.74869803,0.00006491,0.00207700,0.00129813,0.23674216,0.23804028,989848043.42,9.9592
3322,9.0951,1.3605,11.5606,870.36,51111376.96,4053757.47,269002670.56,276787891.53,545790562.09,25173.83,1.74818246,0.00006490,0.00207668,0.00129793,0.23677562,0.23807355,989871217.25,9.9563
3323,9.0979,1.3604,11.5590,870.90,51115294.79,4053865.69,269021971.43,276793757.06,545815728.49,25166.41,1.74766705,0.00006489,0.00207636,0.00129773,0.23680909,0.23810681,989894383.66,9.9534
3324,9.1006,1.3602,11.5573,871.43,51119212.06,4053973.90,269041266.20,276799621.28,545840887.48,25158.99,1.74715180,0.00006488,0.00207604,0.00129752,0.23684257,0.23814009,989917542.64,9.9505
3325,9.1034,1.3600,11.5557,871.96,51123128.79,4054082.08,269060554.86,276805484.19,545866039.05,25151.57,1.74663671,0.00006487,0.00207572,0.00129732,0.23687605,0.23817337,989940694.21,9.9475
3326,9.1061,1.3598,11.5541,872.49,51127044.97,4054190.24,269079837.42,276811345.79,545891183.20,25144.15,1.74612178,0.00006486,0.00207540,0.00129712,0.23690954,0.23820666,989963838.36,9.9446
3327,9.1088,1.3596,11.5525,873.03,51130960.60,4054298.37,269099113.87,276817206.07,545916319.94,25136.74,1.74560702,0.00006485,0.00207508,0.00129692,0.23694304,0.23823996,989986975.11,9.9417
3328,9.1116,1.3594,11.5508,873.56,51134875.67,4054406.48,269118384.23,276823065.05,545941449.27,25129.33,1.74509241,0.00006484,0.00207476,0.00129672,0.23697654,0.23827326,990010104.44,9.9388
3329,9.1143,1.3592,11.5492,874.10,51138790.20,4054514.57,269137648.49,276828922.71,545966571.20,25121.92,1.74457797,0.00006483,0.00207444,0.00129652,0.23701005,0.23830657,990033226.36,9.9358
3330,9.1170,1.3590,11.5476,874.63,51142704.18,4054622.64,269156906.65,276834779.06,545991685.71,25114.52,1.74406369,0.00006482,0.00207412,0.00129632,0.23704357,0.23833989,990056340.88,9.9329
3331,9.1198,1.3588,11.5460,875.17,51146617.61,4054730.68,269176158.72,276840634.11,546016792.83,25107.11,1.74354957,0.00006481,0.00207380,0.00129612,0.23707709,0.23837321,990079447.99,9.9300
3332,9.1225,1.3586,11.5443,875.70,51150530.48,4054838.70,269195404.70,276846487.84,546041892.54,25099.71,1.74303562,0.00006480,0.00207348,0.00129592,0.23711062,0.23840654,990102547.70,9.9271
3333,9.1253,1.3584,11.5427,876.24,51154442.81,4054946.70,269214644.58,276852340.27,546066984.85,25092.31,1.74252182,0.00006479,0.00207316,0.00129572,0.23714416,0.23843988,990125640.02,9.9242
3334,9.1280,1.3583,11.5411,876.77,51158354.59,4055054.67,269233878.38,276858191.39,546092069.77,25084.92,1.74200819,0.00006478,0.00207284,0.00129552,0.23717770,0.23847323,990148724.94,9.9212
3335,9.1307,1.3581,11.5395,877.31,51162265.81,4055162.63,269253106.10,276864041.20,546117147.30,25077.52,1.74149471,0.00006477,0.00207252,0.00129532,0.23721125,0.23850658,990171802.46,9.9183
3336,9.1335,1.3579,11.5379,877.84,51166176.49,4055270.56,269272327.73,276869889.70,546142217.43,25070.13,1.74098140,0.00006476,0.00207220,0.00129512,0.23724481,0.23853993,990194872.59,9.9154
3337,9.1362,1.3577,11.5362,878.38,51170086.62,4055378.46,269291543.28,276875736.90,546167280.17,25062.74,1.74046825,0.00006475,0.00207188,0.00129492,0.23727837,0.23857330,990217935.33,9.9125
3338,9.1389,1.3575,11.5346,878.92,51173996.20,4055486.34,269310752.74,276881582.78,546192335.53,25055.36,1.73995526,0.00006474,0.00207156,0.00129472,0.23731194,0.23860667,990240990.69,9.9096
3339,9.1417,1.3573,11.5330,879.46,51177905.23,4055594.21,269329956.13,276887427.37,546217383.50,25047.97,1.73944243,0.00006473,0.00207124,0.00129453,0.23734552,0.23864005,990264038.66,9.9067
3340,9.1444,1.3571,11.5314,879.99,51181813.71,4055702.04,269349153.45,276893270.64,546242424.09,25040.59,1.73892977,0.00006472,0.00207092,0.00129433,0.23737911,0.23867343,990287079.25,9.9038
3341,9.1472,1.3569,11.5298,880.53,51185721.64,4055809.86,269368344.68,276899112.61,546267457.30,25033.21,1.73841726,0.00006471,0.00207060,0.00129413,0.23741270,0.23870682,990310112.46,9.9008
3342,9.1499,1.3567,11.5281,881.07,51189629.02,4055917.65,269387529.85,276904953.28,546292483.13,25025.83,1.73790491,0.00006470,0.00207028,0.00129393,0.23744629,0.23874022,990333138.29,9.8979
3343,9.1526,1.3565,11.5265,881.61,51193535.86,4056025.42,269406708.95,276910792.64,546317501.58,25018.46,1.73739273,0.00006469,0.00206996,0.00129373,0.23747990,0.23877363,990356156.74,9.8950
3344,9.1554,1.3563,11.5249,882.15,51197442.14,4056133.17,269425881.97,276916630.69,546342512.66,25011.08,1.73688070,0.00006468,0.00206964,0.00129353,0.23751351,0.23880704,990379167.83,9.8921
3345,9.1581,1.3562,11.5233,882.69,51201347.88,4056240.89,269445048.93,276922467.44,546367516.37,25003.71,1.73636884,0.00006467,0.00206932,0.00129333,0.23754713,0.23884046,990402171.54,9.8892
3346,9.1608,1.3560,11.5217,883.23,51205253.06,4056348.59,269464209.83,276928302.89,546392512.72,24996.34,1.73585714,0.00006466,0.00206901,0.00129313,0.23758075,0.23887388,990425167.88,9.8863
3347,9.1636,1.3558,11.5200,883.77,51209157.70,4056456.27,269483364.66,276934137.04,546417501.69,24988.98,1.73534559,0.00006465,0.00206869,0.00129293,0.23761438,0.23890731,990448156.86,9.8834
3348,9.1663,1.3556,11.5184,884.31,51213061.79,4056563.92,269502513.43,276939969.88,546442483.31,24981.61,1.73483421,0.00006464,0.00206837,0.00129273,0.23764802,0.23894075,990471138.47,9.8805
3349,9.1691,1.3554,11.5168,884.85,51216965.33,4056671.56,269521656.14,276945801.42,546467457.56,24974.25,1.73432299,0.00006463,0.00206805,0.00129253,0.23768167,0.23897420,990494112.72,9.8776
3350,9.1718,1.3552,11.5152,885.39,51220868.32,4056779.17,269540792.80,276951631.65,546492424.45,24966.89,1.73381193,0.00006462,0.00206773,0.00129233,0.23771532,0.23900765,990517079.61,9.8747
3351,9.1745,1.3550,11.5136,885.93,51224770.77,4056886.75,269559923.40,276957460.59,546517383.98,24959.53,1.73330103,0.00006461,0.00206741,0.00129213,0.23774897,0.23904111,990540039.15,9.8718
3352,9.1773,1.3548,11.5119,886.47,51228672.66,4056994.32,269579047.94,276963288.22,546542336.16,24952.18,1.73279029,0.00006460,0.00206709,0.00129193,0.23778264,0.23907457,990562991.33,9.8689
3353,9.1800,1.3546,11.5103,887.02,51232574.01,4057101.86,269598166.44,276969114.55,546567280.99,24944.83,1.73227971,0.00006459,0.00206677,0.00129173,0.23781631,0.23910804,990585936.16,9.8660
3354,9.1828,1.3544,11.5087,887.56,51236474.81,4057209.38,269617278.88,276974939.59,546592218.47,24937.48,1.73176929,0.00006458,0.00206646,0.00129153,0.23784999,0.23914152,990608873.63,9.8630
3355,9.1855,1.3543,11.5071,888.10,51240375.06,4057316.87,269636385.28,276980763.32,546617148.60,24930.13,1.73125903,0.00006457,0.00206614,0.00129134,0.23788367,0.23917501,990631803.76,9.8601
3356,9.1882,1.3541,11.5055,888.64,51244274.76,4057424.35,269655485.63,276986585.75,546642071.38,24922.78,1.73074893,0.00006456,0.00206582,0.00129114,0.23791737,0.23920850,990654726.55,9.8572
3357,9.1910,1.3539,11.5039,889.19,51248173.91,4057531.80,269674579.94,276992406.89,546666986.83,24915.44,1.73023899,0.00006455,0.00206550,0.00129094,0.23795106,0.23924200,990677641.99,9.8543
3358,9.1937,1.3537,11.5022,889.73,51252072.52,4057639.23,269693668.21,276998226.72,546691894.93,24908.10,1.72972921,0.00006454,0.00206518,0.00129074,0.23798477,0.23927551,990700550.09,9.8515
3359,9.1964,1.3535,11.5006,890.28,51255970.58,4057746.63,269712750.43,277004045.26,546716795.69,24900.76,1.72921959,0.00006453,0.00206486,0.00129054,0.23801848,0.23930902,990723450.85,9.8486
3360,9.1992,1.3533,11.4990,890.82,51259868.09,4057854.01,269731826.62,277009862.49,546741689.11,24893.43,1.72871013,0.00006452,0.00206454,0.00129034,0.23805220,0.23934254,990746344.28,9.8457
3361,9.2019,1.3531,11.4974,891.36,51263765.05,4057961.37,269750896.77,277015678.43,546766575.21,24886.09,1.72820083,0.00006451,0.00206423,0.00129014,0.23808592,0.23937607,990769230.37,9.8428
3362,9.2047,1.3529,11.4958,891.91,51267661.47,4058068.71,269769960.89,277021493.07,546791453.97,24878.76,1.72769169,0.00006450,0.00206391,0.00128994,0.23811966,0.23940960,990792109.13,9.8399
3363,9.2074,1.3527,11.4942,892.46,51271557.33,4058176.02,269789018.98,277027306.42,546816325.40,24871.43,1.72718271,0.00006449,0.00206359,0.00128974,0.23815339,0.23944314,990814980.56,9.8370
3364,9.2101,1.3525,11.4925,893.00,51275452.66,4058283.32,269808071.03,277033118.47,546841189.50,24864.10,1.72667389,0.00006448,0.00206327,0.00128955,0.23818714,0.23947668,990837844.66,9.8341
3365,9.2129,1.3524,11.4909,893.55,51279347.43,4058390.59,269827117.06,277038929.22,546866046.28,24856.78,1.72616523,0.00006447,0.00206295,0.00128935,0.23822089,0.23951024,990860701.44,9.8312
3366,9.2156,1.3522,11.4893,894.09,51283241.65,4058497.83,269846157.06,277044738.68,546890895.74,24849.46,1.72565673,0.00006446,0.00206264,0.00128915,0.23825465,0.23954380,990883550.90,9.8283
3367,9.2183,1.3520,11.4877,894.64,51287135.33,4058605.06,269865191.04,277050546.84,546915737.87,24842.14,1.72514838,0.00006445,0.00206232,0.00128895,0.23828842,0.23957736,990906393.04,9.8254
3368,9.2211,1.3518,11.4861,895.19,51291028.46,4058712.26,269884218.99,277056353.70,546940572.69,24834.82,1.72464020,0.00006444,0.00206200,0.00128875,0.23832219,0.23961094,990929227.86,9.8225
3369,9.2238,1.3516,11.4845,895.73,51294921.05,4058819.44,269903240.92,277062159.27,546965400.20,24827.50,1.72413218,0.00006443,0.00206168,0.00128855,0.23835597,0.23964452,990952055.36,9.8196
3370,9.2266,1.3514,11.4829,896.28,51298813.09,4058926.59,269922256.84,277067963.55,546990220.39,24820.19,1.72362431,0.00006442,0.00206137,0.00128835,0.23838975,0.23967811,990974875.55,9.8167
3371,9.2293,1.3512,11.4812,896.83,51302704.58,4059033.72,269941266.73,277073766.54,547015033.27,24812.88,1.72311661,0.00006441,0.00206105,0.00128816,0.23842354,0.23971170,990997688.43,9.8138
3372,9.2320,1.3510,11.4796,897.38,51306595.52,4059140.84,269960270.61,277079568.22,547039838.84,24805.57,1.72260907,0.00006440,0.00206073,0.00128796,0.23845734,0.23974530,991020494.00,9.8110
3373,9.2348,1.3508,11.4780,897.93,51310485.92,4059247.92,269979268.48,277085368.62,547064637.10,24798.26,1.72210168,0.00006439,0.00206041,0.00128776,0.23849115,0.23977891,991043292.26,9.8081
3374,9.2375,1.3506,11.4764,898.48,51314375.77,4059354.99,269998260.34,277091167.72,547089428.06,24790.96,1.72159445,0.00006438,0.00206010,0.00128756,0.23852496,0.23981252,991066083.22,9.8052
3375,9.2402,1.3505,11.4748,899.03,51318265.07,4059462.03,270017246.18,277096965.54,547114211.72,24783.66,1.72108738,0.00006437,0.00205978,0.00128736,0.23855878,0.23984614,991088866.88,9.8023
3376,9.2430,1.3503,11.4732,899.58,51322153.83,4059569.05,270036226.02,277102762.06,547138988.08,24776.36,1.72058048,0.00006436,0.00205946,0.00128716,0.23859260,0.23987977,991111643.24,9.7994
3377,9.2457,1.3501,11.4716,900.13,51326042.04,4059676.05,270055199.86,277108557.28,547163757.14,24769.06,1.72007373,0.00006435,0.00205914,0.00128696,0.23862644,0.23991340,991134412.30,9.7965
3378,9.2485,1.3499,11.4700,900.68,51329929.70,4059783.02,270074167.69,277114351.22,547188518.91,24761.77,1.71956714,0.00006434,0.00205883,0.00128677,0.23866028,0.23994704,991157174.07,9.7937
3379,9.2512,1.3497,11.4683,901.23,51333816.82,4059889.98,270093129.51,277120143.87,547213273.38,24754.47,1.71906070,0.00006433,0.00205851,0.00128657,0.23869412,0.23998069,991179928.54,9.7908
3380,9.2539,1.3495,11.4667,901.78,51337703.39,4059996.91,270112085.34,277125935.22,547238020.56,24747.18,1.71855443,0.00006432,0.00205819,0.00128637,0.23872797,0.24001434,991202675.73,9.7879
3381,9.2567,1.3493,11.4651,902.33,51341589.42,4060103.81,270131035.17,277131725.29,547262760.46,24739.90,1.71804832,0.00006431,0.00205788,0.00128617,0.23876183,0.24004801,991225415.62,9.7850
3382,9.2594,1.3491,11.4635,902.88,51345474.90,4060210.70,270149979.01,277137514.06,547287493.07,24732.61,1.71754236,0.00006430,0.00205756,0.00128597,0.23879570,0.24008167,991248148.23,9.7821
3383,9.2621,1.3489,11.4619,903.43,51349359.83,4060317.56,270168916.85,277143301.55,547312218.40,24725.33,1.71703656,0.00006429,0.00205724,0.00128578,0.23882957,0.24011535,991270873.56,9.7793
3384,9.2649,1.3487,11.4603,903.99,51353244.22,4060424.40,270187848.69,277149087.75,547336936.44,24718.05,1.71653093,0.00006428,0.00205693,0.00128558,0.23886345,0.24014903,991293591.61,9.7764
3385,9.2676,1.3486,11.4587,904.54,51357128.06,4060531.22,270206774.55,277154872.66,547361647.21,24710.77,1.71602545,0.00006427,0.00205661,0.00128538,0.23889734,0.24018272,991316302.37,9.7735
3386,9.2704,1.3484,11.4571,905.09,51361011.36,4060638.01,270225694.42,277160656.28,547386350.70,24703.49,1.71552013,0.00006426,0.00205629,0.00128518,0.23893123,0.24021641,991339005.86,9.7706
3387,9.2731,1.3482,11.4555,905.65,51364894.11,4060744.79,270244608.30,277166438.61,547411046.91,24696.22,1.71501496,0.00006425,0.00205598,0.00128498,0.23896513,0.24025011,991361702.08,9.7677
3388,9.2758,1.3480,11.4539,906.20,51368776.31,4060851.53,270263516.20,277172219.66,547435735.86,24688.94,1.71450996,0.00006424,0.00205566,0.00128479,0.23899903,0.24028382,991384391.02,9.7649
3389,9.2786,1.3478,11.4522,906.75,51372657.97,4060958.26,270282418.11,277177999.42,547460417.53,24681.67,1.71400511,0.00006423,0.00205534,0.00128459,0.23903295,0.24031754,991407072.69,9.7620
3390,9.2813,1.3476,11.4506,907.31,51376539.09,4061064.97,270301314.05,277183777.89,547485091.94,24674.41,1.71350043,0.00006422,0.00205503,0.00128439,0.23906687,0.24035126,991429747.10,9.7591
3391,9.2841,1.3474,11.4490,907.86,51380419.66,4061171.65,270320204.00,277189555.08,547509759.08,24667.14,1.71299590,0.00006421,0.00205471,0.00128419,0.23910079,0.24038499,991452414.24,9.7563
3392,9.2868,1.3472,11.4474,908.42,51384299.68,4061278.31,270339087.98,277195330.98,547534418.96,24659.88,1.71249152,0.00006420,0.00205439,0.00128400,0.23913473,0.24041872,991475074.12,9.7534
3393,9.2895,1.3470,11.4458,908.97,51388179.16,4061384.95,270357965.98,277201105.59,547559071.57,24652.62,1.71198731,0.00006419,0.00205408,0.00128380,0.23916867,0.24045246,991497726.74,9.7505
3394,9.2923,1.3469,11.4442,909.53,51392058.09,4061491.56,270376838.01,277206878.92,547583716.93,24645.36,1.71148326,0.00006418,0.00205376,0.00128360,0.23920261,0.24048621,991520372.09,9.7476
3395,9.2950,1.3467,11.4426,910.09,51395936.48,4061598.15,270395704.07,277212650.97,547608355.04,24638.10,1.71097936,0.00006417,0.00205344,0.00128340,0.23923656,0.24051997,991543010.20,9.7448
3396,9.2977,1.3465,11.4410,910.64,51399814.32,4061704.72,270414564.15,277218421.73,547632985.88,24630.85,1.71047562,0.00006416,0.00205313,0.00128321,0.23927052,0.24055373,991565641.05,9.7419
3397,9.3005,1.3463,11.4394,911.20,51403691.62,4061811.27,270433418.27,277224191.21,547657609.48,24623.60,1.70997204,0.00006415,0.00205281,0.00128301,0.23930449,0.24058750,991588264.64,9.7390
3398,9.3032,1.3461,11.4378,911.76,51407568.37,4061917.79,270452266.43,277229959.40,547682225.83,24616.35,1.70946862,0.00006414,0.00205250,0.00128281,0.23933846,0.24062127,991610880.99,9.7362
3399,9.3060,1.3459,11.4362,912.31,51411444.58,4062024.30,270471108.62,277235726.32,547706834.93,24609.10,1.70896535,0.00006413,0.00205218,0.00128261,0.23937244,0.24065506,991633490.09,9.7333
3400,9.3087,1.3457,11.4346,912.87,51415320.24,4062130.78,270489944.84,277241491.94,547731436.79,24601.86,1.70846225,0.00006412,0.00205186,0.00128242,0.23940643,0.24068884,991656091.95,9.7305
3401,9.3114,1.3455,11.4329,913.43,51419195.36,4062237.23,270508775.11,277247256.29,547756031.40,24594.61,1.70795930,0.00006411,0.00205155,0.00128222,0.23944042,0.24072264,991678686.56,9.7276
3402,9.3142,1.3453,11.4313,913.99,51423069.94,4062343.67,270527599.42,277253019.36,547780618.77,24587.37,1.70745650,0.00006410,0.00205123,0.00128202,0.23947442,0.24075644,991701273.94,9.7247
3403,9.3169,1.3451,11.4297,914.55,51426943.97,4062450.08,270546417.77,277258781.14,547805198.91,24580.14,1.70695387,0.00006409,0.00205092,0.00128182,0.23950843,0.24079025,991723854.07,9.7219
3404,9.3196,1.3450,11.4281,915.11,51430817.45,4062556.47,270565230.17,277264541.64,547829771.81,24572.90,1.70645139,0.00006408,0.00205060,0.00128163,0.23954244,0.24082407,991746426.97,9.7190
3405,9.3224,1.3448,11.4265,915.67,51434690.40,4062662.84,270584036.62,277270300.86,547854337.48,24565.67,1.70594907,0.00006407,0.00205029,0.00128143,0.23957646,0.24085789,991768992.64,9.7161
3406,9.3251,1.3446,11.4249,916.23,51438562.79,4062769.18,270602837.11,277276058.80,547878895.91,24558.44,1.70544691,0.00006406,0.00204997,0.00128123,0.23961049,0.24089172,991791551.08,9.7133
3407,9.3279,1.3444,11.4233,916.79,51442434.65,4062875.51,270621631.66,277281815.46,547903447.12,24551.21,1.70494491,0.00006405,0.00204966,0.00128103,0.23964452,0.24092555,991814102.28,9.7104
3408,9.3306,1.3442,11.4217,917.35,51446305.95,4062981.81,270640420.25,277287570.84,547927991.10,24543.98,1.70444306,0.00006404,0.00204934,0.00128084,0.23967856,0.24095940,991836646.26,9.7076
3409,9.3333,1.3440,11.4201,917.91,51450176.72,4063088.09,270659202.91,277293324.95,547952527.85,24536.76,1.70394137,0.00006403,0.00204903,0.00128064,0.23971261,0.24099325,991859183.02,9.7047
3410,9.3361,1.3438,11.4185,918.47,51454046.94,4063194.34,270677979.62,277299077.77,547977057.39,24529.53,1.70343984,0.00006402,0.00204871,0.00128044,0.23974666,0.24102710,991881712.55,9.7019
3411,9.3388,1.3436,11.4169,919.03,51457916.62,4063300.58,270696750.39,277304829.31,548001579.70,24522.31,1.70293846,0.00006401,0.00204839,0.00128025,0.23978072,0.24106097,991904234.87,9.6990
3412,9.3415,1.3434,11.4153,919.59,51461785.75,4063406.79,270715515.22,277310579.58,548026094.80,24515.10,1.70243725,0.00006400,0.00204808,0.00128005,0.23981479,0.24109483,991926749.96,9.6961
3413,9.3443,1.3433,11.4137,920.16,51465654.34,4063512.98,270734274.11,277316328.57,548050602.68,24507.88,1.70193618,0.00006399,0.00204776,0.00127985,0.23984886,0.24112871,991949257.84,9.6933
3414,9.3470,1.3431,11.4121,920.72,51469522.39,4063619.14,270753027.07,277322076.28,548075103.35,24500.67,1.70143528,0.00006398,0.00204745,0.00127966,0.23988294,0.24116259,991971758.51,9.6904
3415,9.3498,1.3429,11.4105,921.28,51473389.89,4063725.29,270771774.09,277327822.72,548099596.81,24493.46,1.70093453,0.00006397,0.00204713,0.00127946,0.23991702,0.24119648,991994251.97,9.6876
3416,9.3525,1.3427,11.4089,921.85,51477256.85,4063831.41,270790515.18,277333567.88,548124083.05,24486.25,1.70043394,0.00006396,0.00204682,0.00127926,0.23995112,0.24123038,992016738.22,9.6847
3417,9.3552,1.3425,11.4073,922.41,51481123.26,4063937.51,270809250.34,277339311.76,548148562.10,24479.04,1.69993351,0.00006395,0.00204651,0.00127907,0.23998522,0.24126428,992039217.26,9.6819
3418,9.3580,1.3423,11.4057,922.97,51484989.14,4064043.58,270827979.57,277345054.36,548173033.93,24471.84,1.69943323,0.00006394,0.00204619,0.00127887,0.24001932,0.24129819,992061689.10,9.6790
3419,9.3607,1.3421,11.4041,923.54,51488854.47,4064149.64,270846702.88,277350795.69,548197498.57,24464.64,1.69893311,0.00006393,0.00204588,0.00127867,0.24005344,0.24133211,992084153.73,9.6762
3420,9.3634,1.3419,11.4025,924.10,51492719.25,4064255.67,270865420.26,277356535.75,548221956.01,24457.44,1.69843315,0.00006392,0.00204556,0.00127848,0.24008756,0.24136603,992106611.17,9.6733
3421,9.3662,1.3418,11.4009,924.67,51496583.49,4064361.68,270884131.72,277362274.53,548246406.25,24450.24,1.69793335,0.00006391,0.00204525,0.00127828,0.24012168,0.24139996,992129061.41,9.6705
3422,9.3689,1.3416,11.3993,925.23,51500447.19,4064467.67,270902837.26,277368012.04,548270849.29,24443.05,1.69743370,0.00006390,0.00204493,0.00127808,0.24015582,0.24143390,992151504.46,9.6676
3423,9.3717,1.3414,11.3977,925.80,51504310.35,4064573.63,270921536.87,277373748.27,548295285.15,24435.85,1.69693420,0.00006389,0.00204462,0.00127789,0.24018996,0.24146784,992173940.31,9.6648
3424,9.3744,1.3412,11.3961,926.37,51508172.97,4064679.58,270940230.58,277379483.23,548319713.81,24428.66,1.69643487,0.00006388,0.00204430,0.00127769,0.24022410,0.24150179,992196368.97,9.6620
3425,9.3771,1.3410,11.3945,926.93,51512035.04,4064785.50,270958918.36,277385216.92,548344135.28,24421.47,1.69593569,0.00006387,0.00204399,0.00127749,0.24025826,0.24153575,992218790.45,9.6591
3426,9.3799,1.3408,11.3929,927.50,51515896.57,4064891.40,270977600.24,277390949.33,548368549.57,24414.29,1.69543666,0.00006386,0.00204367,0.00127730,0.24029242,0.24156971,992241204.73,9.6563
3427,9.3826,1.3406,11.3912,928.07,51519757.55,4064997.27,270996276.20,277396680.47,548392956.68,24407.10,1.69493780,0.00006386,0.00204336,0.00127710,0.24032658,0.24160368,992263611.84,9.6534
3428,9.3854,1.3404,11.3896,928.63,51523618.00,4065103.13,271014946.25,277402410.34,548417356.60,24399.92,1.69443909,0.00006385,0.00204305,0.00127690,0.24036076,0.24163766,992286011.76,9.6506
3429,9.3881,1.3402,11.3880,929.20,51527477.90,4065208.96,271033610.40,277408138.94,548441749.34,24392.74,1.69394053,0.00006384,0.00204273,0.00127671,0.24039494,0.24167164,992308404.50,9.6477
3430,9.3908,1.3401,11.3864,929.77,51531337.26,4065314.77,271052268.64,277413866.27,548466134.91,24385.57,1.69344213,0.00006383,0.00204242,0.00127651,0.24042912,0.24170563,992330790.07,9.6449
3431,9.3936,1.3399,11.3848,930.34,51535196.07,4065420.56,271070920.98,277419592.33,548490513.30,24378.39,1.69294389,0.00006382,0.00204210,0.00127632,0.24046332,0.24173963,992353168.46,9.6421
3432,9.3963,1.3397,11.3832,930.91,51539054.35,4065526.32,271089567.41,277425317.11,548514884.52,24371.22,1.69244581,0.00006381,0.00204179,0.00127612,0.24049752,0.24177364,992375539.68,9.6392
3433,9.3990,1.3395,11.3816,931.48,51542912.08,4065632.06,271108207.94,277431040.63,548539248.57,24364.05,1.69194788,0.00006380,0.00204148,0.00127592,0.24053172,0.24180765,992397903.73,9.6364
3434,9.4018,1.3393,11.3800,932.05,51546769.27,4065737.78,271126842.58,277436762.87,548563605.45,24356.88,1.69145010,0.00006379,0.00204116,0.00127573,0.24056594,0.24184166,992420260.61,9.6336
3435,9.4045,1.3391,11.3785,932.62,51550625.92,4065843.48,271145471.32,277442483.85,548587955.17,24349.72,1.69095248,0.00006378,0.00204085,0.00127553,0.24060016,0.24187569,992442610.33,9.6307
3436,9.4073,1.3389,11.3769,933.19,51554482.02,4065949.16,271164094.16,277448203.56,548612297.72,24342.55,1.69045502,0.00006377,0.00204054,0.00127533,0.24063438,0.24190972,992464952.88,9.6279
3437,9.4100,1.3387,11.3753,933.76,51558337.59,4066054.81,271182711.11,277453922.00,548636633.11,24335.39,1.68995772,0.00006376,0.00204022,0.00127514,0.24066862,0.24194376,992487288.27,9.6251
3438,9.4127,1.3385,11.3737,934.33,51562192.61,4066160.45,271201322.18,277459639.17,548660961.34,24328.23,1.68946057,0.00006375,0.00203991,0.00127494,0.24070286,0.24197780,992509616.51,9.6222
3439,9.4155,1.3384,11.3721,934.90,51566047.09,4066266.05,271219927.35,277465355.07,548685282.42,24321.08,1.68896357,0.00006374,0.00203959,0.00127475,0.24073710,0.24201185,992531937.58,9.6194
3440,9.4182,1.3382,11.3705,935.47,51569901.03,4066371.64,271238526.63,277471069.71,548709596.34,24313.92,1.68846673,0.00006373,0.00203928,0.00127455,0.24077136,0.24204591,992554251.50,9.6166
3441,9.4209,1.3380,11.3689,936.04,51573754.42,4066477.21,271257120.03,277476783.08,548733903.11,24306.77,1.68797005,0.00006372,0.00203897,0.00127435,0.24080562,0.24207997,992576558.27,9.6137
3442,9.4237,1.3378,11.3673,936.62,51577607.28,4066582.75,271275707.55,277482495.18,548758202.73,24299.62,1.68747352,0.00006371,0.00203865,0.00127416,0.24083988,0.24211404,992598857.89,9.6109
3443,9.4264,1.3376,11.3657,937.19,51581459.60,4066688.27,271294289.18,277488206.01,548782495.20,24292.47,1.68697715,0.00006370,0.00203834,0.00127396,0.24087416,0.24214812,992621150.36,9.6081
3444,9.4292,1.3374,11.3641,937.76,51585311.37,4066793.77,271312864.94,277493915.58,548806780.52,24285.33,1.68648093,0.00006369,0.00203803,0.00127377,0.24090844,0.24218220,992643435.69,9.6052
3445,9.4319,1.3372,11.3625,938.34,51589162.60,4066899.25,271331434.82,277499623.89,548831058.70,24278.18,1.68598487,0.00006368,0.00203772,0.00127357,0.24094272,0.24221630,992665713.87,9.6024
3446,9.4346,1.3370,11.3609,938.91,51593013.29,4067004.70,271349998.82,277505330.93,548855329.75,24271.04,1.68548897,0.00006367,0.00203740,0.00127338,0.24097702,0.24225039,992687984.91,9.5996
3447,9.4374,1.3369,11.3593,939.48,51596863.44,4067110.13,271368556.95,277511036.70,548879593.65,24263.90,1.68499322,0.00006366,0.00203709,0.00127318,0.24101132,0.24228450,992710248.81,9.5968
3448,9.4401,1.3367,11.3577,940.06,51600713.05,4067215.54,271387109.20,277516741.21,548903850.41,24256.77,1.68449762,0.00006365,0.00203678,0.00127299,0.24104562,0.24231861,992732505.58,9.5939
3449,9.4428,1.3365,11.3561,940.63,51604562.12,4067320.93,271405655.59,277522444.46,548928100.05,24249.63,1.68400218,0.00006364,0.00203646,0.00127279,0.24107994,0.24235273,992754755.21,9.5911
3450,9.4456,1.3363,11.3545,941.21,51608410.64,4067426.30,271424196.10,277528146.44,548952342.54,24242.50,1.68350690,0.00006363,0.00203615,0.00127259,0.24111426,0.24238685,992776997.71,9.5883
3451,9.4483,1.3361,11.3529,941.78,51612258.63,4067531.64,271442730.75,277533847.16,548976577.91,24235.37,1.68301177,0.00006362,0.00203584,0.00127240,0.24114858,0.24242098,992799233.08,9.5855
3452,9.4511,1.3359,11.3513,942.36,51616106.08,4067636.96,271461259.54,277539546.62,549000806.16,24228.24,1.68251679,0.00006361,0.00203552,0.00127220,0.24118292,0.24245512,992821461.32,9.5826
3453,9.4538,1.3357,11.3497,942.94,51619952.98,4067742.26,271479782.46,277545244.81,549025027.27,24221.12,1.68202197,0.00006360,0.00203521,0.00127201,0.24121726,0.24248926,992843682.44,9.5798
3454,9.4565,1.3355,11.3481,943.51,51623799.34,4067847.54,271498299.52,277550941.74,549049241.27,24213.99,1.68152731,0.00006359,0.00203490,0.00127181,0.24125160,0.24252342,992865896.43,9.5770
3455,9.4593,1.3354,11.3465,944.09,51627645.17,4067952.79,271516810.73,277556637.41,549073448.14,24206.87,1.68103280,0.00006358,0.00203459,0.00127162,0.24128596,0.24255757,992888103.30,9.5742
3456,9.4620,1.3352,11.3449,944.67,51631490.45,4068058.03,271535316.07,277562331.82,549097647.89,24199.75,1.68053844,0.00006357,0.00203427,0.00127142,0.24132032,0.24259174,992910303.05,9.5714
3457,9.4648,1.3350,11.3433,945.24,51635335.19,4068163.24,271553815.56,277568024.97,549121840.53,24192.64,1.68004424,0.00006356,0.00203396,0.00127123,0.24135468,0.24262591,992932495.69,9.5685
3458,9.4675,1.3348,11.3417,945.82,51639179.40,4068268.43,271572309.20,277573716.86,549146026.05,24185.52,1.67955020,0.00006355,0.00203365,0.00127103,0.24138906,0.24266009,992954681.21,9.5657
3459,9.4702,1.3346,11.3401,946.40,51643023.06,4068373.59,271590796.98,277579407.48,549170204.46,24178.41,1.67905631,0.00006354,0.00203334,0.00127084,0.24142344,0.24269427,992976859.63,9.5629
3460,9.4730,1.3344,11.3385,946.98,51646866.18,4068478.74,271609278.91,277585096.85,549194375.76,24171.30,1.67856257,0.00006353,0.00203303,0.00127064,0.24145782,0.24272846,992999030.93,9.5601
3461,9.4757,1.3342,11.3370,947.56,51650708.76,4068583.86,271627755.00,277590784.96,549218539.96,24164.19,1.67806899,0.00006352,0.00203271,0.00127045,0.24149222,0.24276266,993021195.12,9.5573
3462,9.4784,1.3340,11.3354,948.14,51654550.81,4068688.96,271646225.24,277596471.81,549242697.05,24157.09,1.67757557,0.00006351,0.00203240,0.00127025,0.24152662,0.24279687,993043352.21,9.5545
3463,9.4812,1.3339,11.3338,948.72,51658392.31,4068794.04,271664689.63,277602157.40,549266847.03,24149.99,1.67708229,0.00006350,0.00203209,0.00127006,0.24156102,0.24283108,993065502.19,9.5517
3464,9.4839,1.3337,11.3322,949.30,51662233.27,4068899.10,271683148.19,277607841.73,549290989.91,24142.88,1.67658918,0.00006349,0.00203178,0.00126986,0.24159544,0.24286530,993087645.08,9.5488
3465,9.4867,1.3335,11.3306,949.88,51666073.69,4069004.13,271701600.90,277613524.80,549315125.70,24135.79,1.67609621,0.00006348,0.00203146,0.00126967,0.24162986,0.24289952,993109780.86,9.5460
3466,9.4894,1.3333,11.3290,950.46,51669913.58,4069109.14,271720047.77,277619206.62,549339254.39,24128.69,1.67560341,0.00006347,0.00203115,0.00126947,0.24166428,0.24293375,993131909.55,9.5432
3467,9.4921,1.3331,11.3274,951.04,51673752.92,4069214.13,271738488.81,277624887.18,549363375.98,24121.59,1.67511075,0.00006346,0.00203084,0.00126928,0.24169872,0.24296799,993154031.15,9.5404
3468,9.4949,1.3329,11.3258,951.62,51677591.72,4069319.10,271756924.01,277630566.48,549387490.49,24114.50,1.67461825,0.00006345,0.00203053,0.00126908,0.24173316,0.24300224,993176145.65,9.5376
3469,9.4976,1.3327,11.3242,952.20,51681429.99,4069424.05,271775353.38,277636244.52,549411597.90,24107.41,1.67412590,0.00006344,0.00203022,0.00126889,0.24176760,0.24303649,993198253.06,9.5348
3470,9.5003,1.3325,11.3226,952.79,51685267.71,4069528.97,271793776.91,277641921.31,549435698.23,24100.33,1.67363371,0.00006343,0.00202991,0.00126869,0.24180205,0.24307075,993220353.39,9.5320
3471,9.5031,1.3324,11.3210,953.37,51689104.90,4069633.88,271812194.62,277647596.85,549459791.47,24093.24,1.67314168,0.00006342,0.00202959,0.00126850,0.24183651,0.24310501,993242446.63,9.5292
3472,9.5058,1.3322,11.3194,953.95,51692941.55,4069738.76,271830606.50,277653271.12,549483877.62,24086.16,1.67264979,0.00006342,0.00202928,0.00126830,0.24187098,0.24313928,993264532.78,9.5264
3473,9.5086,1.3320,11.3178,954.54,51696777.66,4069843.62,271849012.55,277658944.15,549507956.70,24079.08,1.67215806,0.00006341,0.00202897,0.00126811,0.24190545,0.24317356,993286611.86,9.5236
3474,9.5113,1.3318,11.3163,955.12,51700613.22,4069948.45,271867412.78,277664615.92,549532028.70,24072.00,1.67166649,0.00006340,0.00202866,0.00126791,0.24193993,0.24320785,993308683.86,9.5208
3475,9.5140,1.3316,11.3147,955.70,51704448.25,4070053.27,271885807.19,277670286.43,549556093.62,24064.92,1.67117506,0.00006339,0.00202835,0.00126772,0.24197442,0.24324214,993330748.78,9.5180
3476,9.5168,1.3314,11.3131,956.29,51708282.74,4070158.06,271904195.77,277675955.69,549580151.46,24057.85,1.67068380,0.00006338,0.00202804,0.00126752,0.24200891,0.24327644,993352806.63,9.5152
3477,9.5195,1.3312,11.3115,956.87,51712116.70,4070262.83,271922578.54,277681623.70,549604202.24,24050.77,1.67019268,0.00006337,0.00202773,0.00126733,0.24204341,0.24331074,993374857.40,9.5124
3478,9.5222,1.3310,11.3099,957.46,51715950.11,4070367.58,271940955.49,277687290.45,549628245.94,24043.70,1.66970172,0.00006336,0.00202742,0.00126713,0.24207792,0.24334505,993396901.11,9.5096
3479,9.5250,1.3309,11.3083,958.04,51719782.98,4070472.31,271959326.63,277692955.95,549652282.58,24036.64,1.66921092,0.00006335,0.00202710,0.00126694,0.24211243,0.24337937,993418937.74,9.5068
3480,9.5277,1.3307,11.3067,958.63,51723615.32,4070577.01,271977691.95,277698620.20,549676312.15,24029.57,1.66872026,0.00006334,0.00202679,0.00126675,0.24214695,0.24341370,993440967.31,9.5040
3481,9.5305,1.3305,11.3051,959.22,51727447.12,4070681.69,271996051.46,277704283.20,549700334.66,24022.51,1.66822976,0.00006333,0.00202648,0.00126655,0.24218148,0.24344803,993462989.82,9.5012
3482,9.5332,1.3303,11.3035,959.80,51731278.38,4070786.35,272014405.17,277709944.94,549724350.11,24015.45,1.66773942,0.00006332,0.00202617,0.00126636,0.24221601,0.24348237,993485005.27,9.4984
3483,9.5359,1.3301,11.3020,960.39,51735109.10,4070890.99,272032753.06,277715605.43,549748358.50,24008.39,1.66724922,0.00006331,0.00202586,0.00126616,0.24225055,0.24351671,993507013.66,9.4956
3484,9.5387,1.3299,11.3004,960.98,51738939.28,4070995.61,272051095.15,277721264.68,549772359.83,24001.33,1.66675919,0.00006330,0.00202555,0.00126597,0.24228510,0.24355107,993529014.99,9.4928
3485,9.5414,1.3297,11.2988,961.56,51742768.92,4071100.20,272069431.44,277726922.67,549796354.11,23994.28,1.66626930,0.00006329,0.00202524,0.00126577,0.24231965,0.24358542,993551009.27,9.4900
3486,9.5441,1.3296,11.2972,962.15,51746598.03,4071204.78,272087761.92,277732579.41,549820341.33,23987.23,1.66577957,0.00006328,0.00202493,0.00126558,0.24235421,0.24361979,993572996.50,9.4872
3487,9.5469,1.3294,11.2956,962.74,51750426.60,4071309.33,272106086.60,277738234.90,549844321.51,23980.18,1.66528999,0.00006327,0.00202462,0.00126539,0.24238878,0.24365416,993594976.67,9.4844
3488,9.5496,1.3292,11.2940,963.33,51754254.63,4071413.86,272124405.49,277743889.15,549868294.64,23973.13,1.66480056,0.00006326,0.00202431,0.00126519,0.24242335,0.24368854,993616949.80,9.4816
3489,9.5524,1.3290,11.2924,963.92,51758082.12,4071518.37,272142718.58,277749542.14,549892260.72,23966.08,1.66431129,0.00006325,0.00202400,0.00126500,0.24245793,0.24372293,993638915.88,9.4788
3490,9.5551,1.3288,11.2908,964.51,51761909.07,4071622.85,272161025.87,277755193.89,549916219.76,23959.04,1.66382217,0.00006324,0.00202369,0.00126480,0.24249251,0.24375732,993660874.92,9.4760
3491,9.5578,1.3286,11.2893,965.10,51765735.49,4071727.32,272179327.37,277760844.38,549940171.76,23952.00,1.66333321,0.00006323,0.00202338,0.00126461,0.24252711,0.24379172,993682826.92,9.4732
3492,9.5606,1.3284,11.2877,965.69,51769561.37,4071831.76,272197623.08,277766493.63,549964116.72,23944.96,1.66284439,0.00006322,0.00202307,0.00126442,0.24256171,0.24382612,993704771.88,9.4704
3493,9.5633,1.3282,11.2861,966.28,51773386.71,4071936.18,272215913.00,277772141.63,549988054.64,23937.92,1.66235573,0.00006321,0.00202275,0.00126422,0.24259631,0.24386053,993726709.80,9.4676
3494,9.5661,1.3281,11.2845,966.87,51777211.52,4072040.58,272234197.14,277777788.39,550011985.53,23930.89,1.66186722,0.00006320,0.00202244,0.00126403,0.24263093,0.24389495,993748640.69,9.4649
3495,9.5688,1.3279,11.2829,967.46,51781035.78,4072144.95,272252475.49,277783433.90,550035909.38,23923.86,1.66137887,0.00006319,0.00202213,0.00126383,0.24266554,0.24392938,993770564.54,9.4621
3496,9.5715,1.3277,11.2813,968.05,51784859.51,4072249.31,272270748.05,277789078.16,550059826.21,23916.83,1.66089067,0.00006318,0.00202182,0.00126364,0.24270017,0.24396381,993792481.37,9.4593
3497,9.5743,1.3275,11.2797,968.64,51788682.70,4072353.64,272289014.83,277794721.17,550083736.01,23909.80,1.66040262,0.00006317,0.00202151,0.00126345,0.24273480,0.24399825,993814391.17,9.4565
3498,9.5770,1.3273,11.2782,969.24,51792505.36,4072457.95,272307275.84,277800362.94,550107638.78,23902.77,1.65991472,0.00006316,0.00202120,0.00126325,0.24276944,0.24403270,993836293.94,9.4537
3499,9.5797,1.3271,11.2766,969.83,51796327.47,4072562.24,272325531.06,277806003.47,550131534.53,23895.75,1.65942698,0.00006315,0.00202089,0.00126306,0.24280409,0.24406715,993858189.69,9.4509
3500,9.5825,1.3269,11.2750,970.42,51800149.05,4072666.51,272343780.51,277811642.74,550155423.25,23888.73,1.65893939,0.00006314,0.00202058,0.00126287,0.24283874,0.24410161,993880078.42,9.4481
3501,9.5852,1.3268,11.2734,971.02,51803970.10,4072770.75,272362024.18,277817280.78,550179304.96,23881.71,1.65845195,0.00006313,0.00202027,0.00126267,0.24287340,0.24413607,993901960.12,9.4454
3502,9.5880,1.3266,11.2718,971.61,51807790.60,4072874.97,272380262.08,277822917.57,550203179.65,23874.69,1.65796467,0.00006312,0.00201996,0.00126248,0.24290807,0.24417054,993923834.82,9.4426
3503,9.5907,1.3264,11.2702,972.20,51811610.57,4072979.18,272398494.21,277828553.11,550227047.33,23867.68,1.65747753,0.00006311,0.00201966,0.00126228,0.24294274,0.24420502,993945702.49,9.4398
3504,9.5934,1.3262,11.2687,972.80,51815430.00,4073083.36,272416720.58,277834187.42,550250907.99,23860.66,1.65699055,0.00006310,0.00201935,0.00126209,0.24297742,0.24423951,993967563.16,9.4370
3505,9.5962,1.3260,11.2671,973.39,51819248.90,4073187.51,272434941.17,277839820.48,550274761.65,23853.65,1.65650372,0.00006309,0.00201904,0.00126190,0.24301210,0.24427400,993989416.81,9.4342
3506,9.5989,1.3258,11.2655,973.99,51823067.26,4073291.65,272453156.00,277845452.29,550298608.29,23846.65,1.65601705,0.00006309,0.00201873,0.00126170,0.24304680,0.24430850,994011263.45,9.4315
3507,9.6016,1.3256,11.2639,974.58,51826885.08,4073395.77,272471365.06,277851082.87,550322447.93,23839.64,1.65553052,0.00006308,0.00201842,0.00126151,0.24308149,0.24434301,994033103.09,9.4287
3508,9.6044,1.3254,11.2623,975.18,51830702.37,4073499.86,272489568.37,277856712.20,550346280.57,23832.64,1.65504415,0.00006307,0.00201811,0.00126132,0.24311620,0.24437752,994054935.73,9.4259
3509,9.6071,1.3253,11.2607,975.78,51834519.12,4073603.93,272507765.91,277862340.29,550370106.20,23825.63,1.65455793,0.00006306,0.00201780,0.00126112,0.24315091,0.24441204,994076761.36,9.4231
3510,9.6099,1.3251,11.2592,976.37,51838335.33,4073707.98,272525957.69,277867967.14,550393924.84,23818.63,1.65407187,0.00006305,0.00201749,0.00126093,0.24318563,0.24444656,994098580.00,9.4204
3511,9.6126,1.3249,11.2576,976.97,51842151.01,4073812.01,272544143.72,277873592.75,550417736.47,23811.64,1.65358595,0.00006304,0.00201718,0.00126074,0.24322036,0.24448109,994120391.64,9.4176
3512,9.6153,1.3247,11.2560,977.57,51845966.15,4073916.01,272562324.00,277879217.12,550441541.12,23804.64,1.65310019,0.00006303,0.00201687,0.00126054,0.24325509,0.24451563,994142196.28,9.4148
3513,9.6181,1.3245,11.2544,978.17,51849780.75,4074020.00,272580498.52,277884840.25,550465338.77,23797.65,1.65261458,0.00006302,0.00201656,0.00126035,0.24328983,0.24455018,994163993.93,9.4120
3514,9.6208,1.3243,11.2528,978.76,51853594.82,4074123.96,272598667.29,277890462.14,550489129.43,23790.66,1.65212912,0.00006301,0.00201625,0.00126016,0.24332457,0.24458473,994185784.59,9.4093
3515,9.6235,1.3241,11.2512,979.36,51857408.35,4074227.90,272616830.31,277896082.78,550512913.10,23783.67,1.65164381,0.00006300,0.00201594,0.00125996,0.24335933,0.24461929,994207568.26,9.4065
3516,9.6263,1.3240,11.2497,979.96,51861221.35,4074331.82,272634987.59,277901702.19,550536689.78,23776.68,1.65115865,0.00006299,0.00201563,0.00125977,0.24339408,0.24465386,994229344.94,9.4037
3517,9.6290,1.3238,11.2481,980.56,51865033.81,4074435.71,272653139.12,277907320.37,550560459.48,23769.70,1.65067365,0.00006298,0.00201533,0.00125958,0.24342885,0.24468843,994251114.65,9.4010
3518,9.6318,1.3236,11.2465,981.16,51868845.74,4074539.59,272671284.90,277912937.30,550584222.20,23762.72,1.65018880,0.00006297,0.00201502,0.00125939,0.24346362,0.24472301,994272877.36,9.3982
3519,9.6345,1.3234,11.2449,981.76,51872657.13,4074643.44,272689424.95,277918552.99,550607977.94,23755.74,1.64970410,0.00006296,0.00201471,0.00125919,0.24349840,0.24475759,994294633.10,9.3954
3520,9.6372,1.3232,11.2433,982.36,51876467.98,4074747.27,272707559.25,277924167.45,550631726.70,23748.76,1.64921955,0.00006295,0.00201440,0.00125900,0.24353319,0.24479219,994316381.86,9.3927
3521,9.6400,1.3230,11.2418,982.96,51880278.30,4074851.08,272725687.82,277929780.67,550655468.49,23741.79,1.64873515,0.00006294,0.00201409,0.00125881,0.24356798,0.24482678,994338123.65,9.3899
3522,9.6427,1.3228,11.2402,983.56,51884088.08,4074954.87,272743810.65,277935392.65,550679203.30,23734.81,1.64825091,0.00006293,0.00201378,0.00125861,0.24360278,0.24486139,994359858.46,9.3871
3523,9.6454,1.3227,11.2386,984.16,51887897.33,4075058.64,272761927.74,277941003.40,550702931.14,23727.84,1.64776681,0.00006292,0.00201347,0.00125842,0.24363758,0.24489600,994381586.31,9.3844
3524,9.6482,1.3225,11.2370,984.77,51891706.04,4075162.39,272780039.11,277946612.91,550726652.02,23720.87,1.64728287,0.00006291,0.00201317,0.00125823,0.24367239,0.24493062,994403307.18,9.3816
3525,9.6509,1.3223,11.2354,985.37,51895514.22,4075266.11,272798144.74,277952221.19,550750365.92,23713.91,1.64679908,0.00006290,0.00201286,0.00125804,0.24370721,0.24496525,994425021.09,9.3788
3526,9.6537,1.3221,11.2339,985.97,51899321.86,4075369.81,272816244.64,277957828.22,550774072.87,23706.94,1.64631544,0.00006289,0.00201255,0.00125784,0.24374204,0.24499988,994446728.03,9.3761
3527,9.6564,1.3219,11.2323,986.57,51903128.97,4075473.49,272834338.82,277963434.03,550797772.85,23699.98,1.64583195,0.00006288,0.00201224,0.00125765,0.24377687,0.24503452,994468428.01,9.3733
3528,9.6591,1.3217,11.2307,987.18,51906935.54,4075577.15,272852427.27,277969038.60,550821465.87,23693.02,1.64534861,0.00006287,0.00201193,0.00125746,0.24381171,0.24506916,994490121.03,9.3705
3529,9.6619,1.3215,11.2291,987.78,51910741.58,4075680.79,272870509.99,277974641.93,550845151.93,23686.06,1.64486543,0.00006286,0.00201162,0.00125726,0.24384655,0.24510382,994511807.09,9.3678
3530,9.6646,1.3214,11.2276,988.38,51914547.08,4075784.40,272888587.00,277980244.04,550868831.03,23679.11,1.64438239,0.00006285,0.00201132,0.00125707,0.24388140,0.24513848,994533486.20,9.3650
3531,9.6674,1.3212,11.2260,988.99,51918352.05,4075888.00,272906658.28,277985844.90,550892503.19,23672.15,1.64389951,0.00006284,0.00201101,0.00125688,0.24391626,0.24517314,994555158.35,9.3623
3532,9.6701,1.3210,11.2244,989.59,51922156.48,4075991.57,272924723.85,277991444.54,550916168.39,23665.20,1.64341677,0.00006283,0.00201070,0.00125669,0.24395113,0.24520781,994576823.55,9.3595
3533,9.6728,1.3208,11.2228,990.20,51925960.38,4076095.12,272942783.70,277997042.94,550939826.64,23658.25,1.64293419,0.00006282,0.00201039,0.00125649,0.24398600,0.24524249,994598481.80,9.3568
3534,9.6756,1.3206,11.2212,990.80,51929763.75,4076198.65,272960837.84,278002640.11,550963477.95,23651.31,1.64245176,0.00006282,0.00201008,0.00125630,0.24402088,0.24527718,994620133.11,9.3540
3535,9.6783,1.3204,11.2197,991.41,51933566.58,4076302.15,272978886.26,278008236.05,550987122.31,23644.36,1.64196948,0.00006281,0.00200978,0.00125611,0.24405576,0.24531187,994641777.47,9.3512
3536,9.6810,1.3202,11.2181,992.02,51937368.87,4076405.64,272996928.97,278013830.75,551010759.72,23637.42,1.64148735,0.00006280,0.00200947,0.00125592,0.24409065,0.24534657,994663414.89,9.3485
3537,9.6838,1.3201,11.2165,992.62,51941170.63,4076509.10,273014965.98,278019424.22,551034390.20,23630.48,1.64100537,0.00006279,0.00200916,0.00125573,0.24412555,0.24538128,994685045.36,9.3457
3538,9.6865,1.3199,11.2149,993.23,51944971.86,4076612.55,273032997.27,278025016.47,551058013.74,23623.54,1.64052354,0.00006278,0.00200885,0.00125553,0.24416045,0.24541599,994706668.90,9.3430
3539,9.6893,1.3197,11.2134,993.84,51948772.55,4076715.97,273051022.86,278030607.48,551081630.34,23616.60,1.64004187,0.00006277,0.00200855,0.00125534,0.24419537,0.24545071,994728285.51,9.3402
3540,9.6920,1.3195,11.2118,994.45,51952572.71,4076819.36,273069042.75,278036197.26,551105240.01,23609.67,1.63956034,0.00006276,0.00200824,0.00125515,0.24423028,0.24548543,994749895.18,9.3375
3541,9.6947,1.3193,11.2102,995.05,51956372.34,4076922.74,273087056.94,278041785.81,551128842.75,23602.74,1.63907896,0.00006275,0.00200793,0.00125496,0.24426521,0.24552016,994771497.91,9.3347
3542,9.6975,1.3191,11.2086,995.66,51960171.43,4077026.10,273105065.42,278047373.14,551152438.56,23595.81,1.63859774,0.00006274,0.00200762,0.00125476,0.24430014,0.24555490,994793093.72,9.3320
3543,9.7002,1.3189,11.2071,996.27,51963969.98,4077129.43,273123068.21,278052959.23,551176027.44,23588.88,1.63811666,0.00006273,0.00200732,0.00125457,0.24433508,0.24558965,994814682.60,9.3292
3544,9.7029,1.3188,11.2055,996.88,51967768.01,4077232.75,273141065.30,278058544.09,551199609.39,23581.95,1.63763574,0.00006272,0.00200701,0.00125438,0.24437002,0.24562440,994836264.55,9.3265
3545,9.7057,1.3186,11.2039,997.49,51971565.49,4077336.04,273159056.69,278064127.73,551223184.42,23575.03,1.63715496,0.00006271,0.00200670,0.00125419,0.24440497,0.24565916,994857839.59,9.3237
3546,9.7084,1.3184,11.2023,998.10,51975362.45,4077439.31,273177042.40,278069710.14,551246752.53,23568.11,1.63667434,0.00006270,0.00200639,0.00125400,0.24443993,0.24569393,994879407.70,9.3210
3547,9.7112,1.3182,11.2008,998.71,51979158.87,4077542.56,273195022.41,278075291.32,551270313.73,23561.19,1.63619387,0.00006269,0.00200609,0.00125380,0.24447489,0.24572870,994900968.89,9.3182
3548,9.7139,1.3180,11.1992,999.32,51982954.76,4077645.78,273212996.73,278080871.27,551293868.00,23554.28,1.63571354,0.00006268,0.00200578,0.00125361,0.24450987,0.24576348,994922523.16,9.3155
3549,9.7166,1.3178,11.1976,999.93,51986750.12,4077748.99,273230965.36,278086450.00,551317415.36,23547.36,1.63523337,0.00006267,0.00200547,0.00125342,0.24454484,0.24579826,994944070.52,9.3128
3550,9.7194,1.3176,11.1960,1000.54,51990544.94,4077852.17,273248928.31,278092027.50,551340955.81,23540.45,1.63475335,0.00006266,0.00200517,0.00125323,0.24457983,0.24583306,994965610.97,9.3100
3551,9.7221,1.3175,11.1945,1001.16,51994339.23,4077955.33,273266885.58,278097603.77,551364489.35,23533.54,1.63427347,0.00006265,0.00200486,0.00125304,0.24461482,0.24586785,994987144.51,9.3073
3552,9.7248,1.3173,11.1929,1001.77,51998132.98,4078058.47,273284837.16,278103178.81,551388015.98,23526.63,1.63379375,0.00006264,0.00200455,0.00125285,0.24464981,0.24590266,995008671.14,9.3045
3553,9.7276,1.3171,11.1913,1002.38,52001926.20,4078161.59,273302783.07,278108752.64,551411535.70,23519.72,1.63331418,0.00006263,0.00200425,0.00125265,0.24468482,0.24593747,995030190.86,9.3018
3554,9.7303,1.3169,11.1898,1002.99,52005718.89,4078264.69,273320723.29,278114325.23,551435048.52,23512.82,1.63283475,0.00006262,0.00200394,0.00125246,0.24471983,0.24597229,995051703.68,9.2990
3555,9.7331,1.3167,11.1882,1003.61,52009511.05,4078367.77,273338657.84,278119896.60,551458554.44,23505.92,1.63235548,0.00006261,0.00200363,0.00125227,0.24475485,0.24600712,995073209.60,9.2963
3556,9.7358,1.3165,11.1866,1004.22,52013302.67,4078470.82,273356586.71,278125466.75,551482053.46,23499.02,1.63187636,0.00006260,0.00200333,0.00125208,0.24478987,0.24604195,995094708.62,9.2936
3557,9.7385,1.3164,11.1850,1004.84,52017093.76,4078573.85,273374509.91,278131035.67,551505545.58,23492.12,1.63139738,0.00006259,0.00200302,0.00125189,0.24482490,0.24607679,995116200.75,9.2908
3558,9.7413,1.3162,11.1835,1005.45,52020884.32,4078676.87,273392427.44,278136603.37,551529030.81,23485.23,1.63091856,0.00006258,0.00200271,0.00125170,0.24485994,0.24611163,995137685.97,9.2881
3559,9.7440,1.3160,11.1819,1006.06,52024674.35,4078779.86,273410339.30,278142169.85,551552509.14,23478.33,1.63043988,0.00006258,0.00200241,0.00125150,0.24489498,0.24614648,995159164.31,9.2854
3560,9.7467,1.3158,11.1803,1006.68,52028463.84,4078882.82,273428245.49,278147735.10,551575980.59,23471.44,1.62996136,0.00006257,0.00200210,0.00125131,0.24493003,0.24618134,995180635.75,9.2826
3561,9.7495,1.3156,11.1787,1007.30,52032252.80,4078985.77,273446146.02,278153299.13,551599445.14,23464.55,1.62948299,0.00006256,0.00200179,0.00125112,0.24496509,0.24621621,995202100.31,9.2799
3562,9.7522,1.3154,11.1772,1007.91,52036041.23,4079088.70,273464040.88,278158861.93,551622902.81,23457.67,1.62900476,0.00006255,0.00200149,0.00125093,0.24500015,0.24625108,995223557.97,9.2772
3563,9.7550,1.3152,11.1756,1008.53,52039829.12,4079191.60,273481930.08,278164423.52,551646353.60,23450.78,1.62852668,0.00006254,0.00200118,0.00125074,0.24503522,0.24628596,995245008.76,9.2744
3564,9.7577,1.3151,11.1740,1009.14,52043616.49,4079294.48,273499813.61,278169983.88,551669797.50,23443.90,1.62804876,0.00006253,0.00200087,0.00125055,0.24507030,0.24632085,995266452.66,9.2717
3565,9.7604,1.3149,11.1725,1009.76,52047403.32,4079397.35,273517691.49,278175543.03,551693234.52,23437.02,1.62757098,0.00006252,0.00200057,0.00125036,0.24510538,0.24635574,995287889.68,9.2690
3566,9.7632,1.3147,11.1709,1010.38,52051189.62,4079500.19,273535563.72,278181100.95,551716664.66,23430.14,1.62709335,0.00006251,0.00200026,0.00125016,0.24514047,0.24639064,995309319.83,9.2662
3567,9.7659,1.3145,11.1693,1011.00,52054975.38,4079603.00,273553430.29,278186657.65,551740087.93,23423.27,1.62661587,0.00006250,0.00199996,0.00124997,0.24517557,0.24642554,995330743.10,9.2635
3568,9.7687,1.3143,11.1678,1011.62,52058760.62,4079705.80,273571291.20,278192213.13,551763504.33,23416.40,1.62613854,0.00006249,0.00199965,0.00124978,0.24521067,0.24646045,995352159.49,9.2608
3569,9.7714,1.3141,11.1662,1012.23,52062545.32,4079808.58,273589146.46,278197767.39,551786913.85,23409.52,1.62566136,0.00006248,0.00199934,0.00124959,0.24524578,0.24649537,995373569.01,9.2580
3570,9.7741,1.3139,11.1646,1012.85,52066329.49,4079911.33,273606996.08,278203320.43,551810316.51,23402.65,1.62518433,0.00006247,0.00199904,0.00124940,0.24528090,0.24653030,995394971.67,9.2553
3571,9.7769,1.3138,11.1631,1013.47,52070113.13,4080014.07,273624840.04,278208872.25,551833712.29,23395.79,1.62470745,0.00006246,0.00199873,0.00124921,0.24531602,0.24656523,995416367.46,9.2526
3572,9.7796,1.3136,11.1615,1014.09,52073896.24,4080116.78,273642678.36,278214422.86,551857101.22,23388.92,1.62423072,0.00006245,0.00199843,0.00124902,0.24535115,0.24660017,995437756.38,9.2499
3573,9.7823,1.3134,11.1599,1014.71,52077678.82,4080219.47,273660511.03,278219972.24,551880483.27,23382.06,1.62375413,0.00006244,0.00199812,0.00124883,0.24538629,0.24663511,995459138.44,9.2471
3574,9.7851,1.3132,11.1583,1015.33,52081460.86,4080322.14,273678338.07,278225520.41,551903858.47,23375.20,1.62327770,0.00006243,0.00199782,0.00124864,0.24542143,0.24667006,995480513.64,9.2444
3575,9.7878,1.3130,11.1568,1015.95,52085242.37,4080424.78,273696159.46,278231067.36,551927226.81,23368.34,1.62280141,0.00006242,0.00199751,0.00124844,0.24545658,0.24670502,995501881.98,9.2417
3576,9.7906,1.3128,11.1552,1016.58,52089023.36,4080527.41,273713975.21,278236613.09,551950588.30,23361.48,1.62232527,0.00006241,0.00199721,0.00124825,0.24549173,0.24673999,995523243.46,9.2390
3577,9.7933,1.3127,11.1536,1017.20,52092803.81,4080630.01,273731785.32,278242157.61,551973942.93,23354.63,1.62184929,0.00006240,0.00199690,0.00124806,0.24552690,0.24677496,995544598.09,9.2362
3578,9.7960,1.3125,11.1521,1017.82,52096583.73,4080732.60,273749589.80,278247700.90,551997290.71,23347.78,1.62137345,0.00006239,0.00199660,0.00124787,0.24556207,0.24680994,995565945.87,9.2335
3579,9.7988,1.3123,11.1505,1018.44,52100363.11,4080835.16,273767388.65,278253242.99,552020631.63,23340.93,1.62089776,0.00006238,0.00199629,0.00124768,0.24559724,0.24684492,995587286.80,9.2308
3580,9.8015,1.3121,11.1489,1019.06,52104141.97,4080937.70,273785181.86,278258783.85,552043965.71,23334.08,1.62042221,0.00006237,0.00199598,0.00124749,0.24563243,0.24687992,995608620.88,9.2281
3581,9.8042,1.3119,11.1474,1019.69,52107920.30,4081040.22,273802969.44,278264323.50,552067292.95,23327.23,1.61994682,0.00006236,0.00199568,0.00124730,0.24566761,0.24691491,995629948.11,9.2254
3582,9.8070,1.3117,11.1458,1020.31,52111698.09,4081142.72,273820751.40,278269861.94,552090613.34,23320.39,1.61947157,0.00006236,0.00199537,0.00124711,0.24570281,0.24694992,995651268.50,9.2227
3583,9.8097,1.3116,11.1442,1020.93,52115475.36,4081245.19,273838527.73,278275399.16,552113926.89,23313.55,1.61899648,0.00006235,0.00199507,0.00124692,0.24573801,0.24698493,995672582.05,9.2199
3584,9.8125,1.3114,11.1427,1021.56,52119252.09,4081347.65,273856298.43,278280935.17,552137233.60,23306.71,1.61852153,0.00006234,0.00199476,0.00124673,0.24577322,0.24701995,995693888.76,9.2172
3585,9.8152,1.3112,11.1411,1022.18,52123028.29,4081450.08,273874063.51,278286469.96,552160533.47,23299.87,1.61804673,0.00006233,0.00199446,0.00124654,0.24580844,0.24705497,995715188.63,9.2145
3586,9.8179,1.3110,11.1395,1022.81,52126803.96,4081552.50,273891822.97,278292003.54,552183826.51,23293.04,1.61757208,0.00006232,0.00199415,0.00124635,0.24584366,0.24709001,995736481.67,9.2118
3587,9.8207,1.3108,11.1380,1023.43,52130579.11,4081654.89,273909576.81,278297535.90,552207112.71,23286.21,1.61709757,0.00006231,0.00199385,0.00124616,0.24587889,0.24712504,995757767.88,9.2091
3588,9.8234,1.3106,11.1364,1024.06,52134353.72,4081757.26,273927325.03,278303067.06,552230392.09,23279.37,1.61662322,0.00006230,0.00199355,0.00124597,0.24591412,0.24716009,995779047.25,9.2064
3589,9.8261,1.3104,11.1348,1024.69,52138127.80,4081859.61,273945067.64,278308597.00,552253664.63,23272.55,1.61614901,0.00006229,0.00199324,0.00124578,0.24594936,0.24719514,995800319.80,9.2036
3590,9.8289,1.3103,11.1333,1025.31,52141901.35,4081961.93,273962804.63,278314125.72,552276930.35,23265.72,1.61567495,0.00006228,0.00199294,0.00124558,0.24598461,0.24723020,995821585.52,9.2009
3591,9.8316,1.3101,11.1317,1025.94,52145674.37,4082064.24,273980536.01,278319653.24,552300189.25,23258.90,1.61520104,0.00006227,0.00199263,0.00124539,0.24601987,0.24726526,995842844.41,9.1982
3592,9.8344,1.3099,11.1302,1026.57,52149446.86,4082166.53,273998261.78,278325179.54,552323441.32,23252.07,1.61472728,0.00006226,0.00199233,0.00124520,0.24605513,0.24730033,995864096.48,9.1955
3593,9.8371,1.3097,11.1286,1027.20,52153218.82,4082268.79,274015981.94,278330704.64,552346686.57,23245.25,1.61425366,0.00006225,0.00199202,0.00124501,0.24609040,0.24733541,995885341.74,9.1928
3594,9.8398,1.3095,11.1270,1027.82,52156990.25,4082371.03,274033696.49,278336228.52,552369925.01,23238.43,1.61378020,0.00006224,0.00199172,0.00124482,0.24612567,0.24737050,995906580.17,9.1901
3595,9.8426,1.3093,11.1255,1028.45,52160761.15,4082473.25,274051405.44,278341751.19,552393156.63,23231.62,1.61330688,0.00006223,0.00199141,0.00124463,0.24616096,0.24740559,995927811.79,9.1874
3596,9.8453,1.3092,11.1239,1029.08,52164531.52,4082575.45,274069108.78,278347272.65,552416381.43,23224.81,1.61283371,0.00006222,0.00199111,0.00124444,0.24619624,0.24744069,995949036.59,9.1847
3597,9.8480,1.3090,11.1223,1029.71,52168301.36,4082677.63,274086806.52,278352792.90,552439599.43,23217.99,1.61236069,0.00006221,0.00199080,0.00124425,0.24623154,0.24747579,995970254.59,9.1820
3598,9.8508,1.3088,11.1208,1030.34,52172070.67,4082779.79,274104498.67,278358311.94,552462810.61,23211.18,1.61188781,0.00006220,0.00199050,0.00124406,0.24626684,0.24751090,995991465.77,9.1793
3599,9.8535,1.3086,11.1192,1030.97,52175839.45,4082881.93,274122185.21,278363829.78,552486014.99,23204.38,1.61141508,0.00006219,0.00199020,0.00124387,0.24630215,0.24754602,996012670.15,9.1766
3600,9.8563,1.3084,11.1176,1031.60,52179607.70,4082984.04,274139866.16,278369346.40,552509212.56,23197.57,1.61094250,0.00006218,0.00198989,0.00124368,0.24633746,0.24758115,996033867.72,9.1739
3601,9.8590,1.3082,11.1161,1032.23,52183375.42,4083086.13,274157541.51,278374861.82,552532403.33,23190.77,1.61047007,0.00006217,0.00198959,0.00124349,0.24637278,0.24761628,996055058.49,9.1712
3602,9.8617,1.3081,11.1145,1032.86,52187142.61,4083188.21,274175211.27,278380376.02,552555587.30,23183.97,1.60999779,0.00006217,0.00198928,0.00124330,0.24640811,0.24765141,996076242.46,9.1685
3603,9.8645,1.3079,11.1130,1033.49,52190909.28,4083290.26,274192875.44,278385889.02,552578764.47,23177.17,1.60952565,0.00006216,0.00198898,0.00124311,0.24644345,0.24768656,996097419.63,9.1658
3604,9.8672,1.3077,11.1114,1034.13,52194675.41,4083392.29,274210534.02,278391400.82,552601934.84,23170.37,1.60905366,0.00006215,0.00198868,0.00124292,0.24647879,0.24772171,996118590.00,9.1631
3605,9.8700,1.3075,11.1098,1034.76,52198441.01,4083494.30,274228187.02,278396911.40,552625098.42,23163.58,1.60858182,0.00006214,0.00198837,0.00124273,0.24651413,0.24775687,996139753.58,9.1604
3606,9.8727,1.3073,11.1083,1035.39,52202206.09,4083596.29,274245834.42,278402420.78,552648255.20,23156.79,1.60811012,0.00006213,0.00198807,0.00124254,0.24654949,0.24779203,996160910.37,9.1577
3607,9.8754,1.3071,11.1067,1036.02,52205970.64,4083698.25,274263476.24,278407928.95,552671405.20,23150.00,1.60763857,0.00006212,0.00198777,0.00124235,0.24658485,0.24782720,996182060.36,9.1550
3608,9.8782,1.3070,11.1052,1036.66,52209734.65,4083800.20,274281112.49,278413435.92,552694548.41,23143.21,1.60716717,0.00006211,0.00198746,0.00124216,0.24662022,0.24786238,996203203.57,9.1523
3609,9.8809,1.3068,11.1036,1037.29,52213498.14,4083902.12,274298743.15,278418941.68,552717684.83,23136.42,1.60669592,0.00006210,0.00198716,0.00124197,0.24665559,0.24789756,996224339.99,9.1496
3610,9.8836,1.3066,11.1020,1037.93,52217261.10,4084004.03,274316368.23,278424446.24,552740814.46,23129.64,1.60622482,0.00006209,0.00198686,0.00124178,0.24669097,0.24793276,996245469.63,9.1469
3611,9.8864,1.3064,11.1005,1038.56,52221023.53,4084105.91,274333987.73,278429949.59,552763937.32,23122.86,1.60575386,0.00006208,0.00198655,0.00124159,0.24672636,0.24796795,996266592.48,9.1442
3612,9.8891,1.3062,11.0989,1039.20,52224785.43,4084207.77,274351601.66,278435451.74,552787053.40,23116.08,1.60528304,0.00006207,0.00198625,0.00124141,0.24676175,0.24800316,996287708.56,9.1415
3613,9.8919,1.3060,11.0974,1039.83,52228546.81,4084309.61,274369210.02,278440952.68,552810162.69,23109.30,1.60481238,0.00006206,0.00198595,0.00124122,0.24679715,0.24803837,996308817.86,9.1388
3614,9.8946,1.3058,11.0958,1040.47,52232307.65,4084411.43,274386812.80,278446452.42,552833265.22,23102.52,1.60434186,0.00006205,0.00198564,0.00124103,0.24683256,0.24807359,996329920.38,9.1361
3615,9.8973,1.3057,11.0942,1041.10,52236067.97,4084513.22,274404410.01,278451950.95,552856360.97,23095.75,1.60387149,0.00006204,0.00198534,0.00124084,0.24686797,0.24810881,996351016.13,9.1334
3616,9.9001,1.3055,11.0927,1041.74,52239827.75,4084615.00,274422001.66,278457448.28,552879449.94,23088.98,1.60340127,0.00006203,0.00198504,0.00124065,0.24690339,0.24814404,996372105.11,9.1307
3617,9.9028,1.3053,11.0911,1042.38,52243587.01,4084716.75,274439587.74,278462944.41,552902532.15,23082.21,1.60293119,0.00006202,0.00198473,0.00124046,0.24693882,0.24817928,996393187.32,9.1280
3618,9.9055,1.3051,11.0896,1043.02,52247345.75,4084818.49,274457168.25,278468439.34,552925607.60,23075.44,1.60246126,0.00006201,0.00198443,0.00124027,0.24697425,0.24821452,996414262.76,9.1253
3619,9.9083,1.3049,11.0880,1043.65,52251103.95,4084920.20,274474743.21,278473933.07,552948676.27,23068.68,1.60199148,0.00006200,0.00198413,0.00124008,0.24700969,0.24824977,996435331.44,9.1226
3620,9.9110,1.3047,11.0864,1044.29,52254861.62,4085021.89,274492312.60,278479425.59,552971738.19,23061.91,1.60152184,0.00006199,0.00198382,0.00123989,0.24704514,0.24828503,996456393.35,9.1200
3621,9.9138,1.3046,11.0849,1044.93,52258618.77,4085123.56,274509876.43,278484916.91,552994793.34,23055.15,1.60105235,0.00006199,0.00198352,0.00123970,0.24708059,0.24832029,996477448.50,9.1173
3622,9.9165,1.3044,11.0833,1045.57,52262375.39,4085225.21,274527434.70,278490407.03,553017841.74,23048.40,1.60058301,0.00006198,0.00198322,0.00123951,0.24711605,0.24835556,996498496.90,9.1146
3623,9.9192,1.3042,11.0818,1046.21,52266131.48,4085326.84,274544987.42,278495895.95,553040883.38,23041.64,1.60011381,0.00006197,0.00198292,0.00123932,0.24715152,0.24839084,996519538.54,9.1119
3624,9.9220,1.3040,11.0802,1046.85,52269887.04,4085428.45,274562534.59,278501383.67,553063918.26,23034.88,1.59964476,0.00006196,0.00198261,0.00123913,0.24718699,0.24842612,996540573.42,9.1092
3625,9.9247,1.3038,11.0787,1047.49,52273642.08,4085530.03,274580076.20,278506870.19,553086946.39,23028.13,1.59917585,0.00006195,0.00198231,0.00123894,0.24722247,0.24846142,996561601.56,9.1065
3626,9.9274,1.3036,11.0771,1048.13,52277396.59,4085631.60,274597612.26,278512355.52,553109967.77,23021.38,1.59870710,0.00006194,0.00198201,0.00123875,0.24725796,0.24849671,996582622.94,9.1038
3627,9.9302,1.3035,11.0755,1048.77,52281150.57,4085733.14,274615142.77,278517839.64,553132982.41,23014.63,1.59823849,0.00006193,0.00198171,0.00123857,0.24729345,0.24853202,996603637.57,9.1012
3628,9.9329,1.3033,11.0740,1049.41,52284904.02,4085834.67,274632667.74,278523322.56,553155990.30,23007.89,1.59777002,0.00006192,0.00198140,0.00123838,0.24732895,0.24856733,996624645.46,9.0985
3629,9.9357,1.3031,11.0724,1050.05,52288656.95,4085936.17,274650187.16,278528804.28,553178991.44,23001.14,1.59730170,0.00006191,0.00198110,0.00123819,0.24736446,0.24860264,996645646.60,9.0958
3630,9.9384,1.3029,11.0709,1050.70,52292409.34,4086037.65,274667701.03,278534284.81,553201985.84,22994.40,1.59683353,0.00006190,0.00198080,0.00123800,0.24739997,0.24863797,996666641.01,9.0931
3631,9.9411,1.3027,11.0693,1051.34,52296161.21,4086139.11,274685209.37,278539764.14,553224973.51,22987.66,1.59636550,0.00006189,0.00198050,0.00123781,0.24743549,0.24867330,996687628.67,9.0904
3632,9.9439,1.3025,11.0678,1051.98,52299912.56,4086240.55,274702712.16,278545242.27,553247954.43,22980.93,1.59589762,0.00006188,0.00198019,0.00123762,0.24747101,0.24870863,996708609.60,9.0878
3633,9.9466,1.3024,11.0662,1052.62,52303663.37,4086341.97,274720209.42,278550719.20,553270928.62,22974.19,1.59542989,0.00006187,0.00197989,0.00123743,0.24750654,0.24874398,996729583.79,9.0851
3634,9.9493,1.3022,11.0647,1053.27,52307413.66,4086443.36,274737701.14,278556194.94,553293896.08,22967.46,1.59496230,0.00006186,0.00197959,0.00123724,0.24754208,0.24877933,996750551.24,9.0824
3635,9.9521,1.3020,11.0631,1053.91,52311163.43,4086544.74,274755187.33,278561669.48,553316856.81,22960.73,1.59449486,0.00006185,0.00197929,0.00123705,0.24757763,0.24881468,996771511.97,9.0797
3636,9.9548,1.3018,11.0615,1054.56,52314912.66,4086646.09,274772667.98,278567142.82,553339810.80,22954.00,1.59402756,0.00006184,0.00197899,0.00123687,0.24761318,0.24885005,996792465.97,9.0771
3637,9.9576,1.3016,11.0600,1055.20,52318661.37,4086747.43,274790143.10,278572614.97,553362758.07,22947.27,1.59356041,0.00006183,0.00197868,0.00123668,0.24764874,0.24888542,996813413.24,9.0744
3638,9.9603,1.3015,11.0584,1055.85,52322409.55,4086848.74,274807612.69,278578085.93,553385698.62,22940.55,1.59309341,0.00006182,0.00197838,0.00123649,0.24768430,0.24892079,996834353.78,9.0717
3639,9.9630,1.3013,11.0569,1056.49,52326157.21,4086950.03,274825076.76,278583555.68,553408632.44,22933.82,1.59262655,0.00006181,0.00197808,0.00123630,0.24771988,0.24895618,996855287.60,9.0690
3640,9.9658,1.3011,11.0553,1057.14,52329904.34,4087051.30,274842535.29,278589024.25,553431559.54,22927.10,1.59215983,0.00006181,0.00197778,0.00123611,0.24775546,0.24899157,996876214.71,9.0664
3641,9.9685,1.3009,11.0538,1057.78,52333650.94,4087152.55,274859988.31,278594491.62,553454479.93,22920.38,1.59169327,0.00006180,0.00197748,0.00123592,0.24779104,0.24902696,996897135.09,9.0637
3642,9.9713,1.3007,11.0522,1058.43,52337397.01,4087253.78,274877435.80,278599957.79,553477393.59,22913.67,1.59122685,0.00006179,0.00197717,0.00123573,0.24782663,0.24906237,996918048.75,9.0610
3643,9.9740,1.3005,11.0507,1059.08,52341142.56,4087354.99,274894877.77,278605422.77,553500300.54,22906.95,1.59076057,0.00006178,0.00197687,0.00123555,0.24786223,0.24909778,996938955.71,9.0584
3644,9.9767,1.3004,11.0491,1059.73,52344887.58,4087456.17,274912314.22,278610886.56,553523200.78,22900.24,1.59029444,0.00006177,0.00197657,0.00123536,0.24789783,0.24913319,996959855.95,9.0557
3645,9.9795,1.3002,11.0476,1060.37,52348632.08,4087557.34,274929745.16,278616349.16,553546094.31,22893.53,1.58982845,0.00006176,0.00197627,0.00123517,0.24793345,0.24916861,996980749.48,9.0530
3646,9.9822,1.3000,11.0460,1061.02,52352376.05,4087658.49,274947170.57,278621810.56,553568981.14,22886.82,1.58936261,0.00006175,0.00197597,0.00123498,0.24796906,0.24920404,997001636.30,9.0503
3647,9.9849,1.2998,11.0445,1061.67,52356119.50,4087759.61,274964590.48,278627270.77,553591861.25,22880.12,1.58889692,0.00006174,0.00197567,0.00123479,0.24800469,0.24923948,997022516.41,9.0477
3648,9.9877,1.2996,11.0429,1062.32,52359862.41,4087860.71,274982004.87,278632729.79,553614734.66,22873.41,1.58843137,0.00006173,0.00197537,0.00123460,0.24804032,0.24927492,997043389.83,9.0450
3649,9.9904,1.2994,11.0414,1062.97,52363604.81,4087961.79,274999413.75,278638187.62,553637601.37,22866.71,1.58796597,0.00006172,0.00197506,0.00123442,0.24807596,0.24931037,997064256.54,9.0423
3650,9.9932,1.2993,11.0398,1063.62,52367346.67,4088062.85,275016817.13,278643644.26,553660461.38,22860.01,1.58750071,0.00006171,0.00197476,0.00123423,0.24811160,0.24934583,997085116.55,9.0397
