day,year,rbp_eib,qap_eib,baseline_eib,cumsum,theta,simple_minted,baseline_minted,total_minted,daily_issuance,reward_per_win,reward_32gib_day,reward_tib_day,storage_pledge,consensus_pledge,total_pledge,circulating,roi_pct
1,0.0027,2.1697,2.1697,114.42,34529967.48,3508420.98,155516089.69,246328715.87,401844805.57,69460.73,4.82366191,0.00095409,0.03053098,0.01908186,1.07468342,1.09376529,832650794.06,31.8608
2,0.0055,2.1694,2.1694,114.64,34536215.32,3508668.24,155571300.17,246342943.94,401914244.12,69438.55,4.82212149,0.00095392,0.03052552,0.01907845,1.07493634,1.09401479,832801565.95,31.8478
3,0.0082,2.1691,2.1691,114.86,34542462.29,3508915.42,155626493.18,246357167.31,401983660.49,69416.38,4.82058162,0.00095375,0.03052006,0.01907504,1.07518944,1.09426447,832952315.66,31.8349
4,0.0110,2.1688,2.1688,115.08,34548708.38,3509162.53,155681668.73,246371385.97,402053054.70,69394.21,4.81904230,0.00095358,0.03051460,0.01907163,1.07544271,1.09451434,833103043.20,31.8219
5,0.0137,2.1685,2.1685,115.30,34554953.59,3509409.56,155736826.82,246385599.94,402122426.75,69372.05,4.81750352,0.00095341,0.03050915,0.01906822,1.07569616,1.09476437,833253748.58,31.8090
6,0.0164,2.1682,2.1682,115.51,34561197.92,3509656.52,155791967.45,246399809.20,402191776.65,69349.90,4.81596530,0.00095324,0.03050369,0.01906481,1.07594978,1.09501459,833404431.82,31.7960
7,0.0192,2.1679,2.1679,115.73,34567441.38,3509903.40,155847090.64,246414013.78,402261104.41,69327.76,4.81442762,0.00095307,0.03049824,0.01906140,1.07620358,1.09526498,833555092.91,31.7831
8,0.0219,2.1676,2.1676,115.95,34573683.95,3510150.21,155902196.38,246428213.66,402330410.03,69305.62,4.81289049,0.00095290,0.03049278,0.01905799,1.07645756,1.09551555,833705731.86,31.7701
9,0.0246,2.1673,2.1673,116.17,34579925.66,3510396.95,155957284.69,246442408.84,402399693.53,69283.50,4.81135391,0.00095273,0.03048733,0.01905458,1.07671171,1.09576629,833856348.69,31.7572
10,0.0274,2.1670,2.1670,116.39,34586166.48,3510643.61,156012355.56,246456599.35,402468954.91,69261.38,4.80981787,0.00095256,0.03048188,0.01905118,1.07696604,1.09601721,834006943.40,31.7442
11,0.0301,2.1666,2.1666,116.62,34592406.43,3510890.19,156067409.01,246470785.16,402538194.17,69239.27,4.80828239,0.00095239,0.03047643,0.01904777,1.07722054,1.09626831,834157516.00,31.7313
12,0.0329,2.1663,2.1663,116.84,34598645.50,3511136.70,156122445.04,246484966.30,402607411.34,69217.16,4.80674744,0.00095222,0.03047099,0.01904437,1.07747522,1.09651958,834308066.50,31.7183
13,0.0356,2.1660,2.1660,117.06,34604883.69,3511383.13,156177463.66,246499142.75,402676606.41,69195.07,4.80521305,0.00095205,0.03046554,0.01904096,1.07773007,1.09677103,834458594.90,31.7054
14,0.0383,2.1657,2.1657,117.28,34611121.01,3511629.49,156232464.86,246513314.52,402745779.39,69172.98,4.80367920,0.00095188,0.03046010,0.01903756,1.07798509,1.09702265,834609101.22,31.6925
15,0.0411,2.1654,2.1654,117.51,34617357.45,3511875.78,156287448.67,246527481.62,402814930.29,69150.90,4.80214590,0.00095171,0.03045465,0.01903416,1.07824029,1.09727445,834759585.45,31.6795
16,0.0438,2.1651,2.1651,117.73,34623593.01,3512121.99,156342415.07,246541644.04,402884059.12,69128.83,4.80061315,0.00095154,0.03044921,0.01903076,1.07849567,1.09752643,834910047.61,31.6666
17,0.0465,2.1648,2.1648,117.95,34629827.70,3512368.13,156397364.08,246555801.80,402953165.88,69106.77,4.79908094,0.00095137,0.03044377,0.01902736,1.07875122,1.09777857,835060487.71,31.6537
18,0.0493,2.1645,2.1645,118.18,34636061.51,3512614.19,156452295.71,246569954.88,403022250.59,69084.71,4.79754927,0.00095120,0.03043833,0.01902396,1.07900694,1.09803090,835210905.75,31.6407
19,0.0520,2.1642,2.1642,118.40,34642294.44,3512860.18,156507209.95,246584103.30,403091313.25,69062.66,4.79601816,0.00095103,0.03043289,0.01902056,1.07926284,1.09828340,835361301.75,31.6278
20,0.0548,2.1639,2.1639,118.63,34648526.50,3513106.09,156562106.82,246598247.05,403160353.87,69040.62,4.79448758,0.00095086,0.03042746,0.01901716,1.07951891,1.09853607,835511675.70,31.6149
21,0.0575,2.1636,2.1636,118.85,34654757.69,3513351.93,156616986.32,246612386.14,403229372.46,69018.59,4.79295755,0.00095069,0.03042202,0.01901376,1.07977515,1.09878891,835662027.63,31.6020
22,0.0602,2.1633,2.1633,119.08,34660987.99,3513597.69,156671848.45,246626520.58,403298369.03,68996.56,4.79142807,0.00095052,0.03041659,0.01901037,1.08003156,1.09904193,835812357.52,31.5890
23,0.0630,2.1630,2.1630,119.30,34667217.43,3513843.38,156726693.22,246640650.35,403367343.57,68974.55,4.78989913,0.00095035,0.03041116,0.01900697,1.08028815,1.09929512,835962665.40,31.5761
24,0.0657,2.1627,2.1627,119.53,34673445.99,3514089.00,156781520.64,246654775.47,403436296.11,68952.54,4.78837074,0.00095018,0.03040572,0.01900358,1.08054491,1.09954849,836112951.28,31.5632
25,0.0684,2.1624,2.1624,119.76,34679673.67,3514334.54,156836330.71,246668895.94,403505226.65,68930.54,4.78684288,0.00095001,0.03040030,0.01900018,1.08080185,1.09980203,836263215.15,31.5503
26,0.0712,2.1621,2.1621,119.99,34685900.47,3514580.00,156891123.44,246683011.76,403574135.19,68908.54,4.78531558,0.00094984,0.03039487,0.01899679,1.08105895,1.10005574,836413457.02,31.5374
27,0.0739,2.1618,2.1618,120.21,34692126.41,3514825.40,156945898.83,246697122.93,403643021.75,68886.56,4.78378881,0.00094967,0.03038944,0.01899340,1.08131623,1.10030963,836563676.92,31.5245
28,0.0767,2.1615,2.1615,120.44,34698351.46,3515070.72,157000656.88,246711229.45,403711886.34,68864.58,4.78226259,0.00094950,0.03038401,0.01899001,1.08157368,1.10056369,836713874.83,31.5116
29,0.0794,2.1612,2.1612,120.67,34704575.65,3515315.96,157055397.61,246725331.33,403780728.95,68842.61,4.78073691,0.00094933,0.03037859,0.01898662,1.08183130,1.10081792,836864050.78,31.4987
30,0.0821,2.1609,2.1609,120.90,34710798.95,3515561.13,157110121.02,246739428.57,403849549.60,68820.65,4.77921178,0.00094916,0.03037317,0.01898323,1.08208909,1.10107232,837014204.76,31.4858
31,0.0849,2.1606,2.1606,121.13,34717021.39,3515806.23,157164827.12,246753521.18,403918348.29,68798.70,4.77768718,0.00094899,0.03036774,0.01897984,1.08234705,1.10132689,837164336.79,31.4729
32,0.0876,2.1603,2.1603,121.36,34723242.95,3516051.25,157219515.90,246767609.14,403987125.04,68776.75,4.77616313,0.00094882,0.03036232,0.01897645,1.08260519,1.10158164,837314446.87,31.4600
33,0.0903,2.1600,2.1600,121.59,34729463.63,3516296.20,157274187.38,246781692.47,404055879.85,68754.81,4.77463962,0.00094865,0.03035690,0.01897306,1.08286349,1.10183656,837464535.01,31.4471
34,0.0931,2.1597,2.1597,121.82,34735683.44,3516541.07,157328841.56,246795771.17,404124612.73,68732.88,4.77311665,0.00094848,0.03035149,0.01896968,1.08312197,1.10209165,837614601.23,31.4342
35,0.0958,2.1594,2.1594,122.05,34741902.38,3516785.87,157383478.44,246809845.24,404193323.69,68710.96,4.77159423,0.00094831,0.03034607,0.01896629,1.08338062,1.10234691,837764645.52,31.4213
36,0.0986,2.1590,2.1590,122.29,34748120.44,3517030.60,157438098.04,246823914.69,404262012.73,68689.04,4.77007234,0.00094815,0.03034065,0.01896291,1.08363943,1.10260234,837914667.89,31.4084
37,0.1013,2.1587,2.1587,122.52,34754337.63,3517275.25,157492700.36,246837979.51,404330679.86,68667.13,4.76855100,0.00094798,0.03033524,0.01895952,1.08389842,1.10285794,838064668.36,31.3956
38,0.1040,2.1584,2.1584,122.75,34760553.95,3517519.83,157547285.39,246852039.71,404399325.10,68645.23,4.76703020,0.00094781,0.03032983,0.01895614,1.08415758,1.10311372,838214646.93,31.3827
39,0.1068,2.1581,2.1581,122.98,34766769.39,3517764.33,157601853.16,246866095.28,404467948.44,68623.34,4.76550993,0.00094764,0.03032442,0.01895276,1.08441690,1.10336966,838364603.60,31.3698
40,0.1095,2.1578,2.1578,123.22,34772983.96,3518008.77,157656403.66,246880146.24,404536549.90,68601.46,4.76399021,0.00094747,0.03031901,0.01894938,1.08467640,1.10362578,838514538.40,31.3569
41,0.1123,2.1575,2.1575,123.45,34779197.65,3518253.12,157710936.89,246894192.59,404605129.48,68579.58,4.76247103,0.00094730,0.03031360,0.01894600,1.08493606,1.10388206,838664451.31,31.3440
42,0.1150,2.1572,2.1572,123.69,34785410.47,3518497.41,157765452.88,246908234.32,404673687.20,68557.71,4.76095239,0.00094713,0.03030819,0.01894262,1.08519590,1.10413852,838814342.36,31.3312
43,0.1177,2.1569,2.1569,123.92,34791622.42,3518741.62,157819951.61,246922271.44,404742223.05,68535.85,4.75943428,0.00094696,0.03030278,0.01893924,1.08545590,1.10439514,838964211.55,31.3183
44,0.1205,2.1566,2.1566,124.16,34797833.50,3518985.75,157874433.10,246936303.96,404810737.05,68514.00,4.75791672,0.00094679,0.03029738,0.01893586,1.08571607,1.10465193,839114058.88,31.3054
45,0.1232,2.1563,2.1563,124.39,34804043.70,3519229.82,157928897.35,246950331.86,404879229.21,68492.16,4.75639970,0.00094662,0.03029198,0.01893248,1.08597641,1.10490890,839263884.37,31.2926
46,0.1259,2.1560,2.1560,124.63,34810253.03,3519473.81,157983344.36,246964355.17,404947699.53,68470.32,4.75488321,0.00094646,0.03028657,0.01892911,1.08623692,1.10516603,839413688.02,31.2797
47,0.1287,2.1557,2.1557,124.87,34816461.49,3519717.72,158037774.15,246978373.87,405016148.02,68448.49,4.75336727,0.00094629,0.03028117,0.01892573,1.08649760,1.10542333,839563469.84,31.2669
48,0.1314,2.1554,2.1554,125.10,34822669.08,3519961.56,158092186.71,246992387.97,405084574.68,68426.67,4.75185186,0.00094612,0.03027577,0.01892236,1.08675844,1.10568080,839713229.84,31.2540
49,0.1342,2.1551,2.1551,125.34,34828875.79,3520205.33,158146582.06,247006397.48,405152979.53,68404.85,4.75033699,0.00094595,0.03027037,0.01891898,1.08701945,1.10593844,839862968.03,31.2412
50,0.1369,2.1548,2.1548,125.58,34835081.63,3520449.03,158200960.19,247020402.39,405221362.58,68383.05,4.74882266,0.00094578,0.03026498,0.01891561,1.08728063,1.10619624,840012684.41,31.2283
51,0.1396,2.1545,2.1545,125.82,34841286.60,3520692.65,158255321.12,247034402.71,405289723.83,68361.25,4.74730886,0.00094561,0.03025958,0.01891224,1.08754198,1.10645422,840162378.99,31.2155
52,0.1424,2.1542,2.1542,126.06,34847490.70,3520936.20,158309664.85,247048398.44,405358063.29,68339.46,4.74579561,0.00094544,0.03025419,0.01890887,1.08780350,1.10671236,840312051.78,31.2026
53,0.1451,2.1539,2.1539,126.30,34853693.92,3521179.67,158363991.38,247062389.58,405426380.96,68317.67,4.74428289,0.00094527,0.03024879,0.01890550,1.08806518,1.10697067,840461702.79,31.1898
54,0.1478,2.1536,2.1536,126.54,34859896.28,3521423.08,158418300.72,247076376.13,405494676.86,68295.90,4.74277070,0.00094511,0.03024340,0.01890213,1.08832703,1.10722915,840611332.02,31.1769
55,0.1506,2.1533,2.1533,126.78,34866097.76,3521666.40,158472592.88,247090358.11,405562950.99,68274.13,4.74125906,0.00094494,0.03023801,0.01889876,1.08858904,1.10748780,840760939.48,31.1641
56,0.1533,2.1530,2.1530,127.02,34872298.37,3521909.66,158526867.86,247104335.50,405631203.36,68252.37,4.73974795,0.00094477,0.03023262,0.01889539,1.08885122,1.10774661,840910525.19,31.1513
57,0.1561,2.1527,2.1527,127.26,34878498.11,3522152.84,158581125.66,247118308.31,405699433.98,68230.62,4.73823738,0.00094460,0.03022724,0.01889202,1.08911357,1.10800559,841060089.14,31.1384
58,0.1588,2.1524,2.1524,127.50,34884696.98,3522395.95,158635366.30,247132276.55,405767642.85,68208.87,4.73672734,0.00094443,0.03022185,0.01888866,1.08937608,1.10826474,841209631.35,31.1256
59,0.1615,2.1521,2.1521,127.75,34890894.97,3522638.99,158689589.77,247146240.22,405835829.99,68187.14,4.73521784,0.00094426,0.03021646,0.01888529,1.08963876,1.10852406,841359151.82,31.1128
60,0.1643,2.1518,2.1518,127.99,34897092.10,3522881.95,158743796.09,247160199.31,405903995.39,68165.41,4.73370887,0.00094410,0.03021108,0.01888193,1.08990161,1.10878354,841508650.56,31.1000
61,0.1670,2.1515,2.1515,128.23,34903288.36,3523124.84,158797985.25,247174153.83,405972139.08,68143.69,4.73220045,0.00094393,0.03020570,0.01887856,1.09016462,1.10904318,841658127.58,31.0871
62,0.1697,2.1512,2.1512,128.48,34909483.74,3523367.66,158852157.27,247188103.79,406040261.05,68121.97,4.73069255,0.00094376,0.03020032,0.01887520,1.09042780,1.10930300,841807582.88,31.0743
63,0.1725,2.1509,2.1509,128.72,34915678.25,3523610.40,158906312.14,247202049.18,406108361.32,68100.27,4.72918519,0.00094359,0.03019494,0.01887184,1.09069114,1.10956298,841957016.48,31.0615
64,0.1752,2.1506,2.1506,128.96,34921871.90,3523853.07,158960449.88,247215990.01,406176439.89,68078.57,4.72767837,0.00094342,0.03018956,0.01886847,1.09095465,1.10982312,842106428.38,31.0487
65,0.1780,2.1503,2.1503,129.21,34928064.67,3524095.67,159014570.49,247229926.27,406244496.77,68056.88,4.72617208,0.00094326,0.03018418,0.01886511,1.09121832,1.11008343,842255818.60,31.0359
66,0.1807,2.1500,2.1500,129.46,34934256.58,3524338.20,159068673.98,247243857.98,406312531.96,68035.20,4.72466632,0.00094309,0.03017881,0.01886175,1.09148215,1.11034391,842405187.12,31.0231
67,0.1834,2.1497,2.1497,129.70,34940447.61,3524580.65,159122760.34,247257785.14,406380545.48,68013.52,4.72316110,0.00094292,0.03017343,0.01885839,1.09174615,1.11060455,842554533.98,31.0103
68,0.1862,2.1494,2.1494,129.95,34946637.77,3524823.03,159176829.59,247271707.74,406448537.33,67991.85,4.72165641,0.00094275,0.03016806,0.01885504,1.09201032,1.11086536,842703859.16,30.9975
69,0.1889,2.1491,2.1491,130.19,34952827.06,3525065.34,159230881.73,247285625.79,406516507.53,67970.19,4.72015226,0.00094258,0.03016269,0.01885168,1.09227465,1.11112633,842853162.69,30.9847
70,0.1916,2.1488,2.1488,130.44,34959015.49,3525307.57,159284916.77,247299539.29,406584456.07,67948.54,4.71864864,0.00094242,0.03015731,0.01884832,1.09253914,1.11138746,843002444.56,30.9719
71,0.1944,2.1485,2.1485,130.69,34965203.04,3525549.73,159338934.72,247313448.25,406652382.96,67926.90,4.71714555,0.00094225,0.03015195,0.01884497,1.09280380,1.11164876,843151704.79,30.9591
72,0.1971,2.1482,2.1482,130.94,34971389.73,3525791.82,159392935.56,247327352.66,406720288.22,67905.26,4.71564299,0.00094208,0.03014658,0.01884161,1.09306862,1.11191023,843300943.38,30.9463
73,0.1999,2.1479,2.1479,131.19,34977575.54,3526033.84,159446919.33,247341252.53,406788171.85,67883.63,4.71414097,0.00094191,0.03014121,0.01883826,1.09333360,1.11217186,843450160.35,30.9335
74,0.2026,2.1476,2.1476,131.44,34983760.49,3526275.78,159500886.01,247355147.85,406856033.86,67862.01,4.71263948,0.00094175,0.03013584,0.01883490,1.09359875,1.11243365,843599355.69,30.9207
75,0.2053,2.1472,2.1472,131.69,34989944.57,3526517.65,159554835.61,247369038.65,406923874.25,67840.39,4.71113852,0.00094158,0.03013048,0.01883155,1.09386406,1.11269561,843748529.42,30.9079
76,0.2081,2.1469,2.1469,131.94,34996127.77,3526759.45,159608768.14,247382924.90,406991693.04,67818.79,4.70963810,0.00094141,0.03012512,0.01882820,1.09412953,1.11295773,843897681.54,30.8952
77,0.2108,2.1466,2.1466,132.19,35002310.11,3527001.18,159662683.61,247396806.62,407059490.23,67797.19,4.70813820,0.00094124,0.03011976,0.01882485,1.09439517,1.11322001,844046812.06,30.8824
78,0.2136,2.1463,2.1463,132.44,35008491.58,3527242.83,159716582.02,247410683.81,407127265.83,67775.60,4.70663884,0.00094107,0.03011440,0.01882150,1.09466096,1.11348246,844195921.00,30.8696
79,0.2163,2.1460,2.1460,132.69,35014672.18,3527484.41,159770463.37,247424556.48,407195019.85,67754.02,4.70514001,0.00094091,0.03010904,0.01881815,1.09492692,1.11374507,844345008.34,30.8568
80,0.2190,2.1457,2.1457,132.94,35020851.92,3527725.92,159824327.67,247438424.61,407262752.29,67732.44,4.70364171,0.00094074,0.03010368,0.01881480,1.09519304,1.11400784,844494074.12,30.8441
81,0.2218,2.1454,2.1454,133.20,35027030.78,3527967.36,159878174.93,247452288.23,407330463.16,67710.87,4.70214394,0.00094057,0.03009832,0.01881145,1.09545933,1.11427078,844643118.32,30.8313
82,0.2245,2.1451,2.1451,133.45,35033208.78,3528208.72,159932005.16,247466147.32,407398152.47,67689.31,4.70064670,0.00094041,0.03009297,0.01880810,1.09572577,1.11453388,844792140.97,30.8185
83,0.2272,2.1448,2.1448,133.70,35039385.91,3528450.01,159985818.34,247480001.89,407465820.23,67667.76,4.69914999,0.00094024,0.03008761,0.01880476,1.09599238,1.11479714,844941142.06,30.8058
84,0.2300,2.1445,2.1445,133.96,35045562.17,3528691.23,160039614.50,247493851.94,407533466.45,67646.21,4.69765381,0.00094007,0.03008226,0.01880141,1.09625915,1.11506056,845090121.61,30.7930
85,0.2327,2.1442,2.1442,134.21,35051737.56,3528932.38,160093393.64,247507697.48,407601091.13,67624.68,4.69615816,0.00093990,0.03007691,0.01879807,1.09652608,1.11532415,845239079.62,30.7803
86,0.2355,2.1439,2.1439,134.47,35057912.08,3529173.45,160147155.76,247521538.51,407668694.27,67603.15,4.69466304,0.00093974,0.03007156,0.01879472,1.09679317,1.11558790,845388016.10,30.7675
87,0.2382,2.1436,2.1436,134.72,35064085.74,3529414.45,160200900.88,247535375.03,407736275.90,67581.63,4.69316845,0.00093957,0.03006621,0.01879138,1.09706042,1.11585180,845536931.06,30.7548
88,0.2409,2.1433,2.1433,134.98,35070258.53,3529655.38,160254628.98,247549207.03,407803836.01,67560.11,4.69167439,0.00093940,0.03006086,0.01878804,1.09732784,1.11611587,845685824.51,30.7420
89,0.2437,2.1430,2.1430,135.23,35076430.45,3529896.24,160308340.08,247563034.53,407871374.62,67538.60,4.69018086,0.00093923,0.03005552,0.01878470,1.09759541,1.11638011,845834696.45,30.7293
90,0.2464,2.1427,2.1427,135.49,35082601.51,3530137.03,160362034.19,247576857.53,407938891.72,67517.11,4.68868786,0.00093907,0.03005017,0.01878136,1.09786314,1.11664450,845983546.88,30.7165
91,0.2491,2.1424,2.1424,135.75,35088771.70,3530377.74,160415711.31,247590676.03,408006387.33,67495.61,4.68719538,0.00093890,0.03004483,0.01877802,1.09813103,1.11690905,846132375.83,30.7038
92,0.2519,2.1421,2.1421,136.01,35094941.02,3530618.39,160469371.44,247604490.02,408073861.46,67474.13,4.68570344,0.00093873,0.03003949,0.01877468,1.09839909,1.11717377,846281183.29,30.6911
93,0.2546,2.1418,2.1418,136.27,35101109.47,3530858.96,160523014.60,247618299.52,408141314.12,67452.65,4.68421202,0.00093857,0.03003415,0.01877134,1.09866730,1.11743864,846429969.28,30.6783
94,0.2574,2.1415,2.1415,136.53,35107277.06,3531099.45,160576640.78,247632104.53,408208745.30,67431.18,4.68272113,0.00093840,0.03002881,0.01876800,1.09893567,1.11770368,846578733.80,30.6656
95,0.2601,2.1412,2.1412,136.78,35113443.78,3531339.88,160630249.99,247645905.04,408276155.02,67409.72,4.68123077,0.00093823,0.03002347,0.01876467,1.09920421,1.11796887,846727476.85,30.6529
96,0.2628,2.1409,2.1409,137.04,35119609.63,3531580.23,160683842.24,247659701.06,408343543.29,67388.27,4.67974093,0.00093807,0.03001813,0.01876133,1.09947290,1.11823423,846876198.46,30.6402
97,0.2656,2.1406,2.1406,137.31,35125774.62,3531820.52,160737417.53,247673492.59,408410910.12,67366.82,4.67825162,0.00093790,0.03001280,0.01875800,1.09974175,1.11849975,847024898.61,30.6274
98,0.2683,2.1403,2.1403,137.57,35131938.74,3532060.73,160790975.87,247687279.64,408478255.50,67345.38,4.67676284,0.00093773,0.03000746,0.01875466,1.10001076,1.11876542,847173577.33,30.6147
99,0.2710,2.1400,2.1400,137.83,35138102.00,3532300.87,160844517.26,247701062.20,408545579.46,67323.95,4.67527459,0.00093757,0.03000213,0.01875133,1.10027993,1.11903126,847322234.62,30.6020
100,0.2738,2.1397,2.1397,138.09,35144264.38,3532540.93,160898041.71,247714840.28,408612881.99,67302.53,4.67378686,0.00093740,0.02999680,0.01874800,1.10054925,1.11929725,847470870.48,30.5893
101,0.2765,2.1394,2.1394,138.35,35150425.91,3532780.93,160951549.22,247728613.88,408680163.10,67281.12,4.67229966,0.00093723,0.02999147,0.01874467,1.10081874,1.11956341,847619484.93,30.5766
102,0.2793,2.1391,2.1391,138.62,35156586.56,3533020.85,161005039.80,247742383.01,408747422.81,67259.71,4.67081298,0.00093707,0.02998614,0.01874134,1.10108838,1.11982972,847768077.97,30.5639
103,0.2820,2.1388,2.1388,138.88,35162746.36,3533260.71,161058513.46,247756147.65,408814661.12,67238.31,4.66932683,0.00093690,0.02998081,0.01873801,1.10135818,1.12009619,847916649.61,30.5512
104,0.2847,2.1385,2.1385,139.14,35168905.28,3533500.49,161111970.20,247769907.83,408881878.03,67216.91,4.66784121,0.00093673,0.02997548,0.01873468,1.10162814,1.12036282,848065199.86,30.5385
105,0.2875,2.1382,2.1382,139.41,35175063.34,3533740.20,161165410.02,247783663.54,408949073.56,67195.53,4.66635611,0.00093657,0.02997016,0.01873135,1.10189826,1.12062961,848213728.72,30.5258
106,0.2902,2.1379,2.1379,139.67,35181220.54,3533979.83,161218832.93,247797414.78,409016247.71,67174.15,4.66487154,0.00093640,0.02996483,0.01872802,1.10216854,1.12089656,848362236.20,30.5131
107,0.2930,2.1376,2.1376,139.94,35187376.87,3534219.40,161272238.94,247811161.55,409083400.49,67152.78,4.66338749,0.00093623,0.02995951,0.01872469,1.10243897,1.12116366,848510722.32,30.5004
108,0.2957,2.1373,2.1373,140.20,35193532.33,3534458.89,161325628.05,247824903.85,409150531.90,67131.42,4.66190396,0.00093607,0.02995419,0.01872137,1.10270956,1.12143093,848659187.07,30.4877
109,0.2984,2.1370,2.1370,140.47,35199686.93,3534698.32,161379000.27,247838641.70,409217641.97,67110.06,4.66042097,0.00093590,0.02994887,0.01871804,1.10298031,1.12169835,848807630.46,30.4751
110,0.3012,2.1367,2.1367,140.74,35205840.67,3534937.67,161432355.59,247852375.09,409284730.68,67088.71,4.65893849,0.00093574,0.02994355,0.01871472,1.10325121,1.12196593,848956052.51,30.4624
111,0.3039,2.1364,2.1364,141.00,35211993.54,3535176.95,161485694.04,247866104.02,409351798.05,67067.37,4.65745654,0.00093557,0.02993823,0.01871139,1.10352227,1.12223366,849104453.22,30.4497
112,0.3066,2.1361,2.1361,141.27,35218145.54,3535416.16,161539015.61,247879828.49,409418844.10,67046.04,4.65597511,0.00093540,0.02993291,0.01870807,1.10379349,1.12250156,849252832.59,30.4370
113,0.3094,2.1358,2.1358,141.54,35224296.68,3535655.29,161592320.30,247893548.51,409485868.81,67024.72,4.65449421,0.00093524,0.02992760,0.01870475,1.10406486,1.12276961,849401190.64,30.4244
114,0.3121,2.1355,2.1355,141.81,35230446.96,3535894.36,161645608.13,247907264.08,409552872.21,67003.40,4.65301383,0.00093507,0.02992228,0.01870143,1.10433639,1.12303782,849549527.37,30.4117
115,0.3149,2.1352,2.1352,142.08,35236596.37,3536133.36,161698879.10,247920975.20,409619854.30,66982.09,4.65153397,0.00093491,0.02991697,0.01869811,1.10460807,1.12330618,849697842.80,30.3990
116,0.3176,2.1349,2.1349,142.35,35242744.92,3536372.28,161752133.21,247934681.88,409686815.09,66960.79,4.65005463,0.00093474,0.02991166,0.01869479,1.10487992,1.12357470,849846136.92,30.3864
117,0.3203,2.1346,2.1346,142.62,35248892.61,3536611.13,161805370.47,247948384.11,409753754.58,66939.49,4.64857582,0.00093457,0.02990635,0.01869147,1.10515191,1.12384338,849994409.74,30.3737
118,0.3231,2.1343,2.1343,142.89,35255039.43,3536849.91,161858590.89,247962081.90,409820672.78,66918.20,4.64709753,0.00093441,0.02990104,0.01868815,1.10542407,1.12411222,850142661.28,30.3611
119,0.3258,2.1340,2.1340,143.16,35261185.38,3537088.62,161911794.46,247975775.25,409887569.71,66896.92,4.64561976,0.00093424,0.02989573,0.01868483,1.10569637,1.12438121,850290891.54,30.3484
120,0.3285,2.1337,2.1337,143.44,35267330.48,3537327.26,161964981.20,247989464.16,409954445.36,66875.65,4.64414252,0.00093408,0.02989043,0.01868152,1.10596884,1.12465035,850439100.52,30.3358
121,0.3313,2.1334,2.1334,143.71,35273474.71,3537565.83,162018151.11,248003148.64,410021299.75,66854.39,4.64266579,0.00093391,0.02988512,0.01867820,1.10624145,1.12491966,850587288.24,30.3231
122,0.3340,2.1331,2.1331,143.98,35279618.07,3537804.33,162071304.20,248016828.68,410088132.88,66833.13,4.64118959,0.00093374,0.02987982,0.01867489,1.10651423,1.12518911,850735454.71,30.3105
123,0.3368,2.1328,2.1328,144.25,35285760.58,3538042.75,162124440.47,248030504.29,410154944.76,66811.88,4.63971391,0.00093358,0.02987452,0.01867157,1.10678716,1.12545873,850883599.92,30.2978
124,0.3395,2.1325,2.1325,144.53,35291902.22,3538281.11,162177559.92,248044175.48,410221735.40,66790.64,4.63823875,0.00093341,0.02986922,0.01866826,1.10706024,1.12572850,851031723.89,30.2852
125,0.3422,2.1322,2.1322,144.80,35298042.99,3538519.39,162230662.57,248057842.23,410288504.80,66769.40,4.63676411,0.00093325,0.02986392,0.01866495,1.10733347,1.12599842,851179826.63,30.2726
126,0.3450,2.1319,2.1319,145.08,35304182.91,3538757.61,162283748.41,248071504.56,410355252.98,66748.18,4.63528999,0.00093308,0.02985862,0.01866164,1.10760687,1.12626850,851327908.14,30.2599
127,0.3477,2.1316,2.1316,145.35,35310321.96,3538995.75,162336817.46,248085162.47,410421979.93,66726.96,4.63381640,0.00093292,0.02985332,0.01865832,1.10788041,1.12653874,851475968.43,30.2473
128,0.3504,2.1313,2.1313,145.63,35316460.15,3539233.82,162389869.71,248098815.96,410488685.68,66705.74,4.63234332,0.00093275,0.02984802,0.01865501,1.10815411,1.12680912,851624007.50,30.2347
129,0.3532,2.1310,2.1310,145.91,35322597.47,3539471.82,162442905.18,248112465.04,410555370.21,66684.54,4.63087076,0.00093259,0.02984273,0.01865171,1.10842796,1.12707967,851772025.38,30.2221
130,0.3559,2.1307,2.1307,146.19,35328733.94,3539709.75,162495923.86,248126109.69,410622033.56,66663.34,4.62939872,0.00093242,0.02983744,0.01864840,1.10870197,1.12735036,851920022.05,30.2095
131,0.3587,2.1304,2.1304,146.46,35334869.54,3539947.61,162548925.77,248139749.94,410688675.71,66642.15,4.62792720,0.00093225,0.02983214,0.01864509,1.10897613,1.12762122,852067997.54,30.1968
132,0.3614,2.1301,2.1301,146.74,35341004.28,3540185.40,162601910.91,248153385.77,410755296.68,66620.97,4.62645620,0.00093209,0.02982685,0.01864178,1.10925044,1.12789222,852215951.84,30.1842
133,0.3641,2.1298,2.1298,147.02,35347138.15,3540423.12,162654879.28,248167017.19,410821896.47,66599.79,4.62498572,0.00093192,0.02982156,0.01863848,1.10952491,1.12816338,852363884.97,30.1716
134,0.3669,2.1295,2.1295,147.30,35353271.17,3540660.76,162707830.89,248180644.20,410888475.10,66578.63,4.62351576,0.00093176,0.02981627,0.01863517,1.10979952,1.12843470,852511796.93,30.1590
135,0.3696,2.1292,2.1292,147.58,35359403.32,3540898.34,162760765.75,248194266.81,410955032.57,66557.47,4.62204632,0.00093159,0.02981099,0.01863187,1.11007430,1.12870616,852659687.73,30.1464
136,0.3723,2.1289,2.1289,147.86,35365534.61,3541135.84,162813683.86,248207885.02,411021568.88,66536.31,4.62057739,0.00093143,0.02980570,0.01862856,1.11034922,1.12897778,852807557.38,30.1338
137,0.3751,2.1286,2.1286,148.14,35371665.04,3541373.28,162866585.22,248221498.83,411088084.05,66515.17,4.61910899,0.00093126,0.02980042,0.01862526,1.11062430,1.12924956,852955405.88,30.1212
138,0.3778,2.1283,2.1283,148.42,35377794.61,3541610.65,162919469.85,248235108.23,411154578.08,66494.03,4.61764110,0.00093110,0.02979513,0.01862196,1.11089953,1.12952148,853103233.24,30.1086
139,0.3806,2.1280,2.1280,148.71,35383923.32,3541847.94,162972337.74,248248713.25,411221050.98,66472.90,4.61617373,0.00093093,0.02978985,0.01861866,1.11117491,1.12979356,853251039.48,30.0960
140,0.3833,2.1277,2.1277,148.99,35390051.17,3542085.16,163025188.90,248262313.86,411287502.76,66451.78,4.61470688,0.00093077,0.02978457,0.01861536,1.11145044,1.13006580,853398824.59,30.0835
141,0.3860,2.1274,2.1274,149.27,35396178.15,3542322.32,163078023.34,248275910.09,411353933.43,66430.66,4.61324054,0.00093060,0.02977929,0.01861206,1.11172612,1.13033818,853546588.59,30.0709
142,0.3888,2.1271,2.1271,149.55,35402304.28,3542559.40,163130841.06,248289501.93,411420342.98,66409.56,4.61177472,0.00093044,0.02977401,0.01860876,1.11200196,1.13061072,853694331.48,30.0583
143,0.3915,2.1268,2.1268,149.84,35408429.54,3542796.41,163183642.06,248303089.37,411486731.44,66388.46,4.61030942,0.00093027,0.02976874,0.01860546,1.11227795,1.13088341,853842053.27,30.0457
144,0.3943,2.1265,2.1265,150.12,35414553.94,3543033.35,163236426.36,248316672.44,411553098.80,66367.36,4.60884464,0.00093011,0.02976346,0.01860216,1.11255409,1.13115625,853989753.96,30.0332
145,0.3970,2.1262,2.1262,150.41,35420677.48,3543270.23,163289193.96,248330251.11,411619445.08,66346.28,4.60738037,0.00092994,0.02975818,0.01859887,1.11283038,1.13142924,854137433.57,30.0206
146,0.3997,2.1259,2.1259,150.69,35426800.16,3543507.03,163341944.86,248343825.41,411685770.28,66325.20,4.60591661,0.00092978,0.02975291,0.01859557,1.11310682,1.13170239,854285092.11,30.0080
147,0.4025,2.1256,2.1256,150.98,35432921.99,3543743.76,163394679.07,248357395.33,411752074.41,66304.13,4.60445338,0.00092961,0.02974764,0.01859227,1.11338341,1.13197568,854432729.57,29.9955
148,0.4052,2.1253,2.1253,151.27,35439042.95,3543980.42,163447396.60,248370960.87,411818357.47,66283.07,4.60299066,0.00092945,0.02974237,0.01858898,1.11366015,1.13224913,854580345.97,29.9829
149,0.4079,2.1250,2.1250,151.56,35445163.05,3544217.01,163500097.44,248384522.04,411884619.48,66262.01,4.60152845,0.00092928,0.02973710,0.01858569,1.11393704,1.13252273,854727941.31,29.9704
150,0.4107,2.1247,2.1247,151.84,35451282.29,3544453.53,163552781.61,248398078.83,411950860.44,66240.96,4.60006676,0.00092912,0.02973183,0.01858239,1.11421409,1.13279648,854875515.60,29.9578
151,0.4134,2.1244,2.1244,152.13,35457400.67,3544689.98,163605449.10,248411631.26,412017080.36,66219.92,4.59860559,0.00092896,0.02972656,0.01857910,1.11449128,1.13307038,855023068.86,29.9453
152,0.4162,2.1241,2.1241,152.42,35463518.19,3544926.37,163658099.93,248425179.31,412083279.25,66198.89,4.59714493,0.00092879,0.02972130,0.01857581,1.11476862,1.13334444,855170601.08,29.9327
153,0.4189,2.1238,2.1238,152.71,35469634.85,3545162.68,163710734.11,248438723.00,412149457.11,66177.86,4.59568478,0.00092863,0.02971603,0.01857252,1.11504612,1.13361864,855318112.27,29.9202
154,0.4216,2.1235,2.1235,153.00,35475750.65,3545398.92,163763351.62,248452262.33,412215613.95,66156.84,4.59422515,0.00092846,0.02971077,0.01856923,1.11532376,1.13389299,855465602.45,29.9076
155,0.4244,2.1232,2.1232,153.29,35481865.60,3545635.09,163815952.49,248465797.29,412281749.78,66135.83,4.59276604,0.00092830,0.02970551,0.01856594,1.11560155,1.13416750,855613071.61,29.8951
156,0.4271,2.1229,2.1229,153.58,35487979.68,3545871.19,163868536.71,248479327.90,412347864.61,66114.83,4.59130743,0.00092813,0.02970025,0.01856266,1.11587950,1.13444215,855760519.77,29.8826
157,0.4298,2.1226,2.1226,153.88,35494092.90,3546107.22,163921104.30,248492854.14,412413958.44,66093.83,4.58984934,0.00092797,0.02969499,0.01855937,1.11615759,1.13471695,855907946.94,29.8700
158,0.4326,2.1223,2.1223,154.17,35500205.27,3546343.18,163973655.25,248506376.03,412480031.28,66072.84,4.58839177,0.00092780,0.02968973,0.01855608,1.11643583,1.13499191,856055353.11,29.8575
159,0.4353,2.1221,2.1221,154.46,35506316.77,3546579.07,164026189.57,248519893.57,412546083.14,66051.86,4.58693471,0.00092764,0.02968447,0.01855280,1.11671422,1.13526701,856202738.30,29.8450
160,0.4381,2.1218,2.1218,154.76,35512427.42,3546814.89,164078707.27,248533406.75,412612114.03,66030.89,4.58547816,0.00092748,0.02967922,0.01854951,1.11699275,1.13554227,856350102.52,29.8325
161,0.4408,2.1215,2.1215,155.05,35518537.21,3547050.65,164131208.36,248546915.59,412678123.95,66009.92,4.58402212,0.00092731,0.02967396,0.01854623,1.11727144,1.13581767,856497445.78,29.8200
162,0.4435,2.1212,2.1212,155.34,35524646.14,3547286.33,164183692.83,248560420.08,412744112.90,65988.96,4.58256660,0.00092715,0.02966871,0.01854294,1.11755028,1.13609322,856644768.07,29.8075
163,0.4463,2.1209,2.1209,155.64,35530754.21,3547521.94,164236160.69,248573920.22,412810080.91,65968.01,4.58111159,0.00092698,0.02966346,0.01853966,1.11782926,1.13636892,856792069.41,29.7950
164,0.4490,2.1206,2.1206,155.94,35536861.43,3547757.48,164288611.95,248587416.03,412876027.97,65947.06,4.57965709,0.00092682,0.02965821,0.01853638,1.11810839,1.13664477,856939349.80,29.7824
165,0.4517,2.1203,2.1203,156.23,35542967.78,3547992.95,164341046.61,248600907.49,412941954.10,65926.12,4.57820310,0.00092665,0.02965296,0.01853310,1.11838767,1.13692077,857086609.26,29.7699
166,0.4545,2.1200,2.1200,156.53,35549073.28,3548228.36,164393464.68,248614394.61,413007859.29,65905.19,4.57674963,0.00092649,0.02964771,0.01852982,1.11866710,1.13719692,857233847.79,29.7575
167,0.4572,2.1197,2.1197,156.83,35555177.92,3548463.69,164445866.17,248627877.39,413073743.57,65884.27,4.57529667,0.00092633,0.02964247,0.01852654,1.11894667,1.13747321,857381065.39,29.7450
168,0.4600,2.1194,2.1194,157.12,35561281.70,3548698.96,164498251.08,248641355.85,413139606.92,65863.36,4.57384422,0.00092616,0.02963722,0.01852326,1.11922639,1.13774966,857528262.08,29.7325
169,0.4627,2.1191,2.1191,157.42,35567384.62,3548934.15,164550619.41,248654829.97,413205449.37,65842.45,4.57239228,0.00092600,0.02963198,0.01851998,1.11950626,1.13802625,857675437.87,29.7200
170,0.4654,2.1188,2.1188,157.72,35573486.69,3549169.27,164602971.16,248668299.75,413271270.92,65821.55,4.57094085,0.00092584,0.02962673,0.01851671,1.11978628,1.13830299,857822592.75,29.7075
171,0.4682,2.1185,2.1185,158.02,35579587.90,3549404.33,164655306.36,248681765.22,413337071.57,65800.65,4.56948993,0.00092567,0.02962149,0.01851343,1.12006645,1.13857988,857969726.74,29.6950
172,0.4709,2.1182,2.1182,158.32,35585688.25,3549639.32,164707624.99,248695226.35,413402851.34,65779.77,4.56803952,0.00092551,0.02961625,0.01851016,1.12034676,1.13885691,858116839.84,29.6825
173,0.4736,2.1179,2.1179,158.62,35591787.74,3549874.23,164759927.07,248708683.16,413468610.23,65758.89,4.56658962,0.00092534,0.02961101,0.01850688,1.12062721,1.13913410,858263932.06,29.6701
174,0.4764,2.1176,2.1176,158.92,35597886.38,3550109.08,164812212.60,248722135.65,413534348.25,65738.02,4.56514023,0.00092518,0.02960577,0.01850361,1.12090782,1.13941143,858411003.42,29.6576
175,0.4791,2.1173,2.1173,159.23,35603984.16,3550343.86,164864481.59,248735583.82,413600065.41,65717.16,4.56369136,0.00092502,0.02960054,0.01850033,1.12118857,1.13968890,858558053.90,29.6451
176,0.4819,2.1170,2.1170,159.53,35610081.08,3550578.57,164916734.03,248749027.67,413665761.71,65696.30,4.56224299,0.00092485,0.02959530,0.01849706,1.12146947,1.13996653,858705083.54,29.6327
177,0.4846,2.1167,2.1167,159.83,35616177.15,3550813.21,164968969.95,248762467.21,413731437.16,65675.45,4.56079513,0.00092469,0.02959007,0.01849379,1.12175051,1.14024430,858852092.32,29.6202
178,0.4873,2.1164,2.1164,160.14,35622272.36,3551047.78,165021189.33,248775902.44,413797091.77,65654.61,4.55934778,0.00092453,0.02958483,0.01849052,1.12203170,1.14052222,858999080.26,29.6078
179,0.4901,2.1161,2.1161,160.44,35628366.71,3551282.28,165073392.19,248789333.35,413862725.54,65633.77,4.55790094,0.00092436,0.02957960,0.01848725,1.12231304,1.14080029,859146047.37,29.5953
180,0.4928,2.1158,2.1158,160.75,35634460.21,3551516.71,165125578.53,248802759.95,413928338.49,65612.95,4.55645461,0.00092420,0.02957437,0.01848398,1.12259452,1.14107850,859292993.65,29.5829
181,0.4956,2.1155,2.1155,161.05,35640552.85,3551751.07,165177748.36,248816182.25,413993930.61,65592.13,4.55500878,0.00092404,0.02956914,0.01848071,1.12287614,1.14135686,859439919.11,29.5704
182,0.4983,2.1152,2.1152,161.36,35646644.64,3551985.36,165229901.68,248829600.24,414059501.93,65571.31,4.55356347,0.00092387,0.02956391,0.01847745,1.12315791,1.14163536,859586823.76,29.5580
183,0.5010,2.1149,2.1149,161.66,35652735.56,3552219.59,165282038.50,248843013.93,414125052.43,65550.51,4.55211866,0.00092371,0.02955869,0.01847418,1.12343983,1.14191401,859733707.60,29.5455
184,0.5038,2.1146,2.1146,161.97,35658825.64,3552453.74,165334158.83,248856423.32,414190582.15,65529.71,4.55067436,0.00092355,0.02955346,0.01847091,1.12372189,1.14219281,859880570.64,29.5331
185,0.5065,2.1143,2.1143,162.28,35664914.85,3552687.83,165386262.66,248869828.41,414256091.07,65508.92,4.54923057,0.00092338,0.02954824,0.01846765,1.12400410,1.14247175,860027412.89,29.5207
186,0.5092,2.1140,2.1140,162.59,35671003.22,3552921.85,165438350.00,248883229.20,414321579.20,65488.14,4.54778729,0.00092322,0.02954301,0.01846438,1.12428645,1.14275084,860174234.37,29.5083
187,0.5120,2.1137,2.1137,162.90,35677090.72,3553155.79,165490420.86,248896625.70,414387046.56,65467.36,4.54634451,0.00092306,0.02953779,0.01846112,1.12456895,1.14303007,860321035.06,29.4958
188,0.5147,2.1134,2.1134,163.21,35683177.37,3553389.67,165542475.25,248910017.91,414452493.16,65446.59,4.54490224,0.00092289,0.02953257,0.01845786,1.12485159,1.14330945,860467814.99,29.4834
189,0.5175,2.1131,2.1131,163.52,35689263.17,3553623.48,165594513.16,248923405.83,414517918.99,65425.83,4.54346048,0.00092273,0.02952735,0.01845459,1.12513438,1.14358897,860614574.15,29.4710
190,0.5202,2.1128,2.1128,163.83,35695348.11,3553857.23,165646534.61,248936789.45,414583324.06,65405.08,4.54201923,0.00092257,0.02952213,0.01845133,1.12541731,1.14386864,860761312.56,29.4586
191,0.5229,2.1125,2.1125,164.14,35701432.19,3554090.90,165698539.60,248950168.80,414648708.39,65384.33,4.54057848,0.00092240,0.02951692,0.01844807,1.12570038,1.14414845,860908030.22,29.4462
192,0.5257,2.1122,2.1122,164.45,35707515.42,3554324.50,165750528.13,248963543.85,414714071.98,65363.59,4.53913823,0.00092224,0.02951170,0.01844481,1.12598360,1.14442841,861054727.15,29.4338
193,0.5284,2.1119,2.1119,164.76,35713597.80,3554558.04,165802500.21,248976914.63,414779414.84,65342.86,4.53769850,0.00092208,0.02950649,0.01844155,1.12626696,1.14470851,861201403.34,29.4214
194,0.5311,2.1116,2.1116,165.08,35719679.32,3554791.50,165854455.85,248990281.13,414844736.98,65322.13,4.53625926,0.00092191,0.02950127,0.01843830,1.12655047,1.14498876,861348058.81,29.4090
195,0.5339,2.1113,2.1113,165.39,35725759.98,3555024.90,165906395.05,249003643.35,414910038.39,65301.42,4.53482054,0.00092175,0.02949606,0.01843504,1.12683411,1.14526915,861494693.55,29.3966
196,0.5366,2.1110,2.1110,165.71,35731839.79,3555258.23,165958317.81,249017001.29,414975319.10,65280.71,4.53338232,0.00092159,0.02949085,0.01843178,1.12711791,1.14554969,861641307.59,29.3842
197,0.5394,2.1107,2.1107,166.02,35737918.75,3555491.49,166010224.14,249030354.96,415040579.10,65260.00,4.53194460,0.00092143,0.02948564,0.01842853,1.12740184,1.14583037,861787900.93,29.3718
198,0.5421,2.1105,2.1105,166.34,35743996.85,3555724.68,166062114.05,249043704.36,415105818.41,65239.31,4.53050739,0.00092126,0.02948043,0.01842527,1.12768592,1.14611119,861934473.57,29.3594
199,0.5448,2.1102,2.1102,166.65,35750074.10,3555957.80,166113987.54,249057049.48,415171037.02,65218.62,4.52907069,0.00092110,0.02947523,0.01842202,1.12797014,1.14639216,862081025.52,29.3470
200,0.5476,2.1099,2.1099,166.97,35756150.50,3556190.86,166165844.61,249070390.35,415236234.96,65197.94,4.52763449,0.00092094,0.02947002,0.01841876,1.12825450,1.14667327,862227556.79,29.3347
201,0.5503,2.1096,2.1096,167.29,35762226.04,3556423.84,166217685.28,249083726.94,415301412.22,65177.26,4.52619879,0.00092078,0.02946482,0.01841551,1.12853901,1.14695452,862374067.39,29.3223
202,0.5530,2.1093,2.1093,167.60,35768300.73,3556656.76,166269509.55,249097059.27,415366568.82,65156.60,4.52476360,0.00092061,0.02945961,0.01841226,1.12882366,1.14723592,862520557.31,29.3099
203,0.5558,2.1090,2.1090,167.92,35774374.56,3556889.61,166321317.41,249110387.34,415431704.75,65135.94,4.52332891,0.00092045,0.02945441,0.01840901,1.12910845,1.14751746,862667026.58,29.2975
204,0.5585,2.1087,2.1087,168.24,35780447.54,3557122.39,166373108.88,249123711.16,415496820.04,65115.28,4.52189472,0.00092029,0.02944921,0.01840576,1.12939338,1.14779914,862813475.20,29.2852
205,0.5613,2.1084,2.1084,168.56,35786519.67,3557355.10,166424883.97,249137030.71,415561914.68,65094.64,4.52046104,0.00092013,0.02944401,0.01840251,1.12967846,1.14808097,862959903.17,29.2728
206,0.5640,2.1081,2.1081,168.88,35792590.94,3557587.74,166476642.67,249150346.01,415626988.68,65074.00,4.51902786,0.00091996,0.02943881,0.01839926,1.12996368,1.14836294,863106310.51,29.2605
207,0.5667,2.1078,2.1078,169.20,35798661.36,3557820.32,166528384.99,249163657.06,415692042.05,65053.37,4.51759519,0.00091980,0.02943362,0.01839601,1.13024904,1.14864505,863252697.21,29.2481
208,0.5695,2.1075,2.1075,169.52,35804730.93,3558052.82,166580110.94,249176963.85,415757074.80,65032.75,4.51616301,0.00091964,0.02942842,0.01839276,1.13053454,1.14892730,863399063.29,29.2358
209,0.5722,2.1072,2.1072,169.85,35810799.64,3558285.26,166631820.53,249190266.40,415822086.93,65012.13,4.51473134,0.00091948,0.02942323,0.01838952,1.13082018,1.14920970,863545408.76,29.2234
210,0.5749,2.1069,2.1069,170.17,35816867.50,3558517.63,166683513.75,249203564.70,415887078.45,64991.52,4.51330017,0.00091931,0.02941803,0.01838627,1.13110596,1.14949223,863691733.61,29.2111
211,0.5777,2.1066,2.1066,170.49,35822934.51,3558749.94,166735190.61,249216858.76,415952049.37,64970.92,4.51186951,0.00091915,0.02941284,0.01838303,1.13139189,1.14977491,863838037.87,29.1988
212,0.5804,2.1063,2.1063,170.82,35829000.67,3558982.17,166786851.13,249230148.57,416016999.70,64950.33,4.51043934,0.00091899,0.02940765,0.01837978,1.13167795,1.15005773,863984321.53,29.1864
213,0.5832,2.1060,2.1060,171.14,35835065.97,3559214.33,166838495.29,249243434.14,416081929.44,64929.74,4.50900968,0.00091883,0.02940246,0.01837654,1.13196416,1.15034070,864130584.60,29.1741
214,0.5859,2.1057,2.1057,171.47,35841130.42,3559446.43,166890123.12,249256715.48,416146838.60,64909.16,4.50758052,0.00091866,0.02939727,0.01837329,1.13225051,1.15062380,864276827.09,29.1618
215,0.5886,2.1054,2.1054,171.79,35847194.02,3559678.46,166941734.61,249269992.57,416211727.18,64888.59,4.50615186,0.00091850,0.02939208,0.01837005,1.13253700,1.15090705,864423049.01,29.1495
216,0.5914,2.1051,2.1051,172.12,35853256.77,3559910.42,166993329.77,249283265.44,416276595.21,64868.02,4.50472370,0.00091834,0.02938690,0.01836681,1.13282362,1.15119044,864569250.37,29.1371
217,0.5941,2.1048,2.1048,172.45,35859318.67,3560142.31,167044908.60,249296534.07,416341442.67,64847.46,4.50329605,0.00091818,0.02938171,0.01836357,1.13311039,1.15147396,864715431.16,29.1248
218,0.5969,2.1045,2.1045,172.77,35865379.71,3560374.14,167096471.11,249309798.47,416406269.58,64826.91,4.50186889,0.00091802,0.02937653,0.01836033,1.13339730,1.15175763,864861591.41,29.1125
219,0.5996,2.1042,2.1042,173.10,35871439.90,3560605.90,167148017.31,249323058.64,416471075.95,64806.37,4.50044223,0.00091785,0.02937135,0.01835709,1.13368435,1.15204144,865007731.11,29.1002
220,0.6023,2.1039,2.1039,173.43,35877499.24,3560837.59,167199547.20,249336314.58,416535861.78,64785.83,4.49901608,0.00091769,0.02936617,0.01835385,1.13397154,1.15232539,865153850.28,29.0879
221,0.6051,2.1036,2.1036,173.76,35883557.73,3561069.21,167251060.78,249349566.31,416600627.08,64765.30,4.49759042,0.00091753,0.02936099,0.01835062,1.13425887,1.15260948,865299948.91,29.0756
222,0.6078,2.1033,2.1033,174.09,35889615.37,3561300.76,167302558.06,249362813.80,416665371.86,64744.78,4.49616527,0.00091737,0.02935581,0.01834738,1.13454634,1.15289372,865446027.03,29.0633
223,0.6105,2.1031,2.1031,174.42,35895672.15,3561532.25,167354039.04,249376057.08,416730096.13,64724.26,4.49474061,0.00091721,0.02935063,0.01834414,1.13483394,1.15317809,865592084.62,29.0510
224,0.6133,2.1028,2.1028,174.75,35901728.09,3561763.66,167405503.74,249389296.14,416794799.88,64703.76,4.49331645,0.00091705,0.02934545,0.01834091,1.13512169,1.15346260,865738121.71,29.0387
225,0.6160,2.1025,2.1025,175.09,35907783.17,3561995.01,167456952.15,249402530.99,416859483.14,64683.26,4.49189280,0.00091688,0.02934028,0.01833767,1.13540958,1.15374725,865884138.30,29.0264
226,0.6188,2.1022,2.1022,175.42,35913837.41,3562226.29,167508384.29,249415761.62,416924145.90,64662.76,4.49046964,0.00091672,0.02933511,0.01833444,1.13569760,1.15403204,866030134.40,29.0142
227,0.6215,2.1019,2.1019,175.75,35919890.79,3562457.51,167559800.14,249428988.04,416988788.18,64642.28,4.48904698,0.00091656,0.02932993,0.01833121,1.13598577,1.15431698,866176110.01,29.0019
228,0.6242,2.1016,2.1016,176.09,35925943.32,3562688.66,167611199.73,249442210.24,417053409.98,64621.80,4.48762482,0.00091640,0.02932476,0.01832798,1.13627407,1.15460205,866322065.14,28.9896
229,0.6270,2.1013,2.1013,176.42,35931995.00,3562919.73,167662583.06,249455428.24,417118011.30,64601.33,4.48620315,0.00091624,0.02931959,0.01832475,1.13656251,1.15488726,866467999.80,28.9773
230,0.6297,2.1010,2.1010,176.76,35938045.84,3563150.74,167713950.12,249468642.04,417182592.16,64580.86,4.48478199,0.00091608,0.02931442,0.01832151,1.13685109,1.15517261,866613913.99,28.9651
231,0.6324,2.1007,2.1007,177.09,35944095.82,3563381.69,167765300.94,249481851.63,417247152.57,64560.40,4.48336132,0.00091591,0.02930926,0.01831829,1.13713981,1.15545809,866759807.73,28.9528
232,0.6352,2.1004,2.1004,177.43,35950144.95,3563612.56,167816635.50,249495057.02,417311692.52,64539.95,4.48194115,0.00091575,0.02930409,0.01831506,1.13742867,1.15574372,866905681.01,28.9406
233,0.6379,2.1001,2.1001,177.77,35956193.23,3563843.37,167867953.82,249508258.20,417376212.03,64519.51,4.48052148,0.00091559,0.02929892,0.01831183,1.13771766,1.15602949,867051533.86,28.9283
234,0.6407,2.0998,2.0998,178.10,35962240.66,3564074.11,167919255.91,249521455.20,417440711.10,64499.07,4.47910231,0.00091543,0.02929376,0.01830860,1.13800679,1.15631539,867197366.26,28.9161
235,0.6434,2.0995,2.0995,178.44,35968287.24,3564304.79,167970541.76,249534647.99,417505189.75,64478.64,4.47768363,0.00091527,0.02928860,0.01830537,1.13829606,1.15660144,867343178.24,28.9038
236,0.6461,2.0992,2.0992,178.78,35974332.97,3564535.39,168021811.38,249547836.59,417569647.97,64458.22,4.47626545,0.00091511,0.02928344,0.01830215,1.13858547,1.15688762,867488969.80,28.8916
237,0.6489,2.0989,2.0989,179.12,35980377.85,3564765.93,168073064.78,249561021.00,417634085.78,64437.81,4.47484776,0.00091495,0.02927828,0.01829892,1.13887502,1.15717394,867634740.94,28.8793
238,0.6516,2.0986,2.0986,179.46,35986421.89,3564996.40,168124301.96,249574201.22,417698503.18,64417.40,4.47343058,0.00091478,0.02927312,0.01829570,1.13916470,1.15746040,867780491.67,28.8671
239,0.6543,2.0983,2.0983,179.80,35992465.07,3565226.80,168175522.93,249587377.25,417762900.18,64397.00,4.47201389,0.00091462,0.02926796,0.01829247,1.13945452,1.15774700,867926222.01,28.8549
240,0.6571,2.0980,2.0980,180.15,35998507.40,3565457.14,168226727.69,249600549.09,417827276.78,64376.61,4.47059769,0.00091446,0.02926280,0.01828925,1.13974448,1.15803373,868071931.95,28.8426
241,0.6598,2.0977,2.0977,180.49,36004548.89,3565687.41,168277916.25,249613716.76,417891633.00,64356.22,4.46918199,0.00091430,0.02925765,0.01828603,1.14003457,1.15832060,868134288.17,28.8304
242,0.6626,2.0974,2.0974,180.83,36010589.52,3565917.61,168329088.61,249626880.24,417955968.84,64335.84,4.46776679,0.00091414,0.02925249,0.01828281,1.14021536,1.15849816,868196624.01,28.8209
243,0.6653,2.0971,2.0971,181.18,36016629.31,3566147.74,168380244.78,249640039.54,418020284.31,64315.47,4.46635208,0.00091398,0.02924734,0.01827959,1.14039625,1.15867584,868258939.48,28.8114
244,0.6680,2.0969,2.0969,181.52,36022668.25,3566377.81,168431384.76,249653194.66,418084579.42,64295.11,4.46493787,0.00091382,0.02924219,0.01827637,1.14057727,1.15885364,868321234.58,28.8019
245,0.6708,2.0966,2.0966,181.86,36028706.34,3566607.81,168482508.56,249666345.61,418148854.17,64274.75,4.46352415,0.00091366,0.02923704,0.01827315,1.14075840,1.15903155,868383509.33,28.7924
246,0.6735,2.0963,2.0963,182.21,36034743.58,3566837.74,168533616.19,249679492.38,418213108.57,64254.40,4.46211093,0.00091350,0.02923189,0.01826993,1.14093965,1.15920959,868445763.73,28.7829
247,0.6762,2.0960,2.0960,182.56,36040779.97,3567067.61,168584707.64,249692634.98,418277342.62,64234.05,4.46069820,0.00091334,0.02922674,0.01826671,1.14112102,1.15938774,868507997.78,28.7735
248,0.6790,2.0957,2.0957,182.90,36046815.52,3567297.41,168635782.93,249705773.41,418341556.34,64213.72,4.45928596,0.00091317,0.02922159,0.01826350,1.14130251,1.15956600,868570211.50,28.7640
249,0.6817,2.0954,2.0954,183.25,36052850.22,3567527.14,168686842.05,249718907.68,418405749.73,64193.39,4.45787422,0.00091301,0.02921645,0.01826028,1.14148411,1.15974439,868632404.89,28.7545
250,0.6845,2.0951,2.0951,183.60,36058884.06,3567756.80,168737885.02,249732037.77,418469922.79,64173.07,4.45646298,0.00091285,0.02921130,0.01825707,1.14166583,1.15992289,868694577.96,28.7450
251,0.6872,2.0948,2.0948,183.95,36064917.07,3567986.40,168788911.84,249745163.71,418534075.54,64152.75,4.45505223,0.00091269,0.02920616,0.01825385,1.14184766,1.16010151,868756730.71,28.7355
252,0.6899,2.0945,2.0945,184.30,36070949.22,3568215.93,168839922.51,249758285.48,418598207.99,64132.44,4.45364197,0.00091253,0.02920102,0.01825064,1.14202961,1.16028025,868818863.15,28.7260
253,0.6927,2.0942,2.0942,184.65,36076980.52,3568445.39,168890917.04,249771403.09,418662320.13,64112.14,4.45223220,0.00091237,0.02919588,0.01824742,1.14221168,1.16045910,868880975.30,28.7165
254,0.6954,2.0939,2.0939,185.00,36083010.98,3568674.79,168941895.43,249784516.55,418726411.98,64091.85,4.45082293,0.00091221,0.02919074,0.01824421,1.14239386,1.16063807,868943067.15,28.7070
255,0.6982,2.0936,2.0936,185.35,36089040.59,3568904.12,168992857.70,249797625.85,418790483.55,64071.56,4.44941415,0.00091205,0.02918560,0.01824100,1.14257616,1.16081716,869005138.71,28.6976
256,0.7009,2.0933,2.0933,185.70,36095069.36,3569133.38,169043803.84,249810730.99,418854534.83,64051.28,4.44800587,0.00091189,0.02918046,0.01823779,1.14275857,1.16099636,869067189.99,28.6881
257,0.7036,2.0930,2.0930,186.06,36101097.27,3569362.58,169094733.86,249823831.99,418918565.84,64031.01,4.44659807,0.00091173,0.02917533,0.01823458,1.14294110,1.16117568,869129221.01,28.6786
258,0.7064,2.0927,2.0927,186.41,36107124.34,3569591.70,169145647.76,249836928.83,418982576.59,64010.75,4.44519077,0.00091157,0.02917019,0.01823137,1.14312374,1.16135511,869191231.75,28.6691
259,0.7091,2.0924,2.0924,186.76,36113150.56,3569820.77,169196545.55,249850021.53,419046567.08,63990.49,4.44378396,0.00091141,0.02916506,0.01822816,1.14330650,1.16153466,869253222.24,28.6597
260,0.7118,2.0921,2.0921,187.12,36119175.94,3570049.76,169247427.24,249863110.08,419110537.32,63970.24,4.44237765,0.00091125,0.02915993,0.01822495,1.14348938,1.16171433,869315192.48,28.6502
261,0.7146,2.0919,2.0919,187.48,36125200.47,3570278.69,169298292.83,249876194.48,419174487.31,63949.99,4.44097182,0.00091109,0.02915480,0.01822175,1.14367236,1.16189411,869377142.47,28.6407
262,0.7173,2.0916,2.0916,187.83,36131224.15,3570507.55,169349142.32,249889274.75,419238417.07,63929.76,4.43956649,0.00091093,0.02914967,0.01821854,1.14385547,1.16207401,869439072.23,28.6312
263,0.7201,2.0913,2.0913,188.19,36137246.98,3570736.35,169399975.72,249902350.87,419302326.60,63909.53,4.43816164,0.00091077,0.02914454,0.01821534,1.14403868,1.16225402,869500981.76,28.6218
264,0.7228,2.0910,2.0910,188.55,36143268.97,3570965.07,169450793.04,249915422.86,419366215.90,63889.30,4.43675729,0.00091061,0.02913941,0.01821213,1.14422202,1.16243415,869562871.07,28.6123
265,0.7255,2.0907,2.0907,188.90,36149290.12,3571193.74,169501594.28,249928490.71,419430084.99,63869.09,4.43535343,0.00091045,0.02913428,0.01820893,1.14440546,1.16261439,869624740.15,28.6028
266,0.7283,2.0904,2.0904,189.26,36155310.41,3571422.33,169552379.44,249941554.43,419493933.87,63848.88,4.43395006,0.00091029,0.02912916,0.01820572,1.14458902,1.16279475,869686589.04,28.5934
267,0.7310,2.0901,2.0901,189.62,36161329.87,3571650.86,169603148.54,249954614.01,419557762.55,63828.68,4.43254718,0.00091013,0.02912404,0.01820252,1.14477269,1.16297522,869748417.71,28.5839
268,0.7337,2.0898,2.0898,189.98,36167348.47,3571879.32,169653901.57,249967669.47,419621571.04,63808.48,4.43114479,0.00090997,0.02911891,0.01819932,1.14495648,1.16315580,869810226.20,28.5744
269,0.7365,2.0895,2.0895,190.35,36173366.23,3572107.72,169704638.54,249980720.80,419685359.33,63788.30,4.42974289,0.00090981,0.02911379,0.01819612,1.14514038,1.16333650,869872014.50,28.5650
270,0.7392,2.0892,2.0892,190.71,36179383.14,3572336.05,169755359.45,249993768.00,419749127.45,63768.12,4.42834148,0.00090965,0.02910867,0.01819292,1.14532439,1.16351731,869933782.61,28.5555
271,0.7420,2.0889,2.0889,191.07,36185399.21,3572564.31,169806064.32,250006811.08,419812875.40,63747.94,4.42694056,0.00090949,0.02910355,0.01818972,1.14550852,1.16369824,869995530.56,28.5460
272,0.7447,2.0886,2.0886,191.43,36191414.44,3572792.50,169856753.14,250019850.03,419876603.17,63727.78,4.42554013,0.00090933,0.02909843,0.01818652,1.14569276,1.16387928,870057258.34,28.5366
273,0.7474,2.0883,2.0883,191.80,36197428.81,3573020.63,169907425.93,250032884.87,419940310.79,63707.62,4.42414019,0.00090917,0.02909332,0.01818332,1.14587711,1.16406043,870118965.96,28.5271
274,0.7502,2.0880,2.0880,192.16,36203442.35,3573248.70,169958082.68,250045915.58,420003998.26,63687.47,4.42274074,0.00090901,0.02908820,0.01818013,1.14606157,1.16424170,870180653.42,28.5177
275,0.7529,2.0877,2.0877,192.53,36209455.03,3573476.69,170008723.40,250058942.18,420067665.58,63667.32,4.42134178,0.00090885,0.02908309,0.01817693,1.14624615,1.16442308,870242320.74,28.5082
276,0.7556,2.0874,2.0874,192.89,36215466.88,3573704.63,170059348.09,250071964.67,420131312.76,63647.18,4.41994330,0.00090869,0.02907798,0.01817373,1.14643084,1.16460457,870303967.93,28.4988
277,0.7584,2.0872,2.0872,193.26,36221477.87,3573932.49,170109956.77,250084983.04,420194939.82,63627.05,4.41854532,0.00090853,0.02907286,0.01817054,1.14661564,1.16478618,870365594.98,28.4893
278,0.7611,2.0869,2.0869,193.63,36227488.03,3574160.29,170160549.44,250097997.31,420258546.75,63606.93,4.41714782,0.00090837,0.02906775,0.01816735,1.14680055,1.16496790,870427201.91,28.4799
279,0.7639,2.0866,2.0866,193.99,36233497.34,3574388.02,170211126.09,250111007.46,420322133.56,63586.81,4.41575081,0.00090821,0.02906264,0.01816415,1.14698558,1.16514973,870488788.72,28.4704
280,0.7666,2.0863,2.0863,194.36,36239505.80,3574615.69,170261686.75,250124013.51,420385700.26,63566.70,4.41435429,0.00090805,0.02905754,0.01816096,1.14717071,1.16533167,870550355.42,28.4610
281,0.7693,2.0860,2.0860,194.73,36245513.42,3574843.29,170312231.40,250137015.46,420449246.86,63546.60,4.41295825,0.00090789,0.02905243,0.01815777,1.14735596,1.16551373,870611902.02,28.4515
282,0.7721,2.0857,2.0857,195.10,36251520.20,3575070.82,170362760.06,250150013.30,420512773.36,63526.50,4.41156271,0.00090773,0.02904732,0.01815458,1.14754132,1.16569590,870673428.52,28.4421
283,0.7748,2.0854,2.0854,195.47,36257526.13,3575298.29,170413272.73,250163007.04,420576279.77,63506.41,4.41016765,0.00090757,0.02904222,0.01815139,1.14772679,1.16587818,870734934.94,28.4326
284,0.7775,2.0851,2.0851,195.85,36263531.21,3575525.69,170463769.42,250175996.69,420639766.11,63486.33,4.40877307,0.00090741,0.02903711,0.01814820,1.14791237,1.16606057,870796421.27,28.4232
285,0.7803,2.0848,2.0848,196.22,36269535.46,3575753.02,170514250.13,250188982.23,420703232.36,63466.26,4.40737899,0.00090725,0.02903201,0.01814501,1.14809806,1.16624307,870857887.53,28.4137
286,0.7830,2.0845,2.0845,196.59,36275538.86,3575980.29,170564714.87,250201963.69,420766678.55,63446.19,4.40598539,0.00090709,0.02902691,0.01814182,1.14828386,1.16642568,870919333.72,28.4043
287,0.7858,2.0842,2.0842,196.96,36281541.42,3576207.50,170615163.64,250214941.04,420830104.68,63426.13,4.40459227,0.00090693,0.02902181,0.01813863,1.14846978,1.16660841,870980759.85,28.3949
288,0.7885,2.0839,2.0839,197.34,36287543.13,3576434.63,170665596.44,250227914.31,420893510.76,63406.07,4.40319965,0.00090677,0.02901671,0.01813545,1.14865580,1.16679125,871042165.92,28.3854
289,0.7912,2.0836,2.0836,197.71,36293544.00,3576661.70,170716013.29,250240883.49,420956896.79,63386.03,4.40180751,0.00090661,0.02901162,0.01813226,1.14884193,1.16697419,871103551.95,28.3760
290,0.7940,2.0833,2.0833,198.09,36299544.02,3576888.71,170766414.19,250253848.59,421020262.77,63365.99,4.40041585,0.00090645,0.02900652,0.01812907,1.14902818,1.16715725,871164917.94,28.3665
291,0.7967,2.0830,2.0830,198.47,36305543.21,3577115.65,170816799.14,250266809.59,421083608.73,63345.96,4.39902468,0.00090629,0.02900142,0.01812589,1.14921453,1.16734042,871226263.89,28.3571
292,0.7995,2.0828,2.0828,198.84,36311541.55,3577342.52,170867168.14,250279766.52,421146934.66,63325.93,4.39763400,0.00090614,0.02899633,0.01812271,1.14940099,1.16752370,871287589.82,28.3477
293,0.8022,2.0825,2.0825,199.22,36317539.05,3577569.33,170917521.21,250292719.36,421210240.57,63305.91,4.39624380,0.00090598,0.02899124,0.01811952,1.14958756,1.16770709,871348895.73,28.3383
294,0.8049,2.0822,2.0822,199.60,36323535.70,3577796.07,170967858.34,250305668.13,421273526.47,63285.90,4.39485409,0.00090582,0.02898615,0.01811634,1.14977424,1.16789059,871410181.63,28.3288
295,0.8077,2.0819,2.0819,199.98,36329531.51,3578022.75,171018179.55,250318612.82,421336792.36,63265.89,4.39346486,0.00090566,0.02898106,0.01811316,1.14996103,1.16807419,871471447.53,28.3194
296,0.8104,2.0816,2.0816,200.36,36335526.48,3578249.36,171068484.83,250331553.43,421400038.26,63245.90,4.39207611,0.00090550,0.02897597,0.01810998,1.15014793,1.16825791,871532693.42,28.3100
297,0.8131,2.0813,2.0813,200.74,36341520.61,3578475.91,171118774.19,250344489.97,421463264.16,63225.91,4.39068785,0.00090534,0.02897088,0.01810680,1.15033494,1.16844174,871593919.33,28.3005
298,0.8159,2.0810,2.0810,201.12,36347513.89,3578702.39,171169047.65,250357422.44,421526470.08,63205.92,4.38930008,0.00090518,0.02896579,0.01810362,1.15052206,1.16862568,871655125.25,28.2911
299,0.8186,2.0807,2.0807,201.50,36353506.34,3578928.80,171219305.19,250370350.84,421589656.03,63185.94,4.38791278,0.00090502,0.02896071,0.01810044,1.15070928,1.16880973,871716311.19,28.2817
300,0.8214,2.0804,2.0804,201.89,36359497.94,3579155.15,171269546.84,250383275.17,421652822.00,63165.97,4.38652598,0.00090486,0.02895562,0.01809726,1.15089662,1.16899388,871777477.17,28.2723
301,0.8241,2.0801,2.0801,202.27,36365488.70,3579381.43,171319772.58,250396195.43,421715968.01,63146.01,4.38513965,0.00090470,0.02895054,0.01809409,1.15108406,1.16917815,871838623.18,28.2629
302,0.8268,2.0798,2.0798,202.66,36371478.61,3579607.65,171369982.43,250409111.63,421779094.07,63126.05,4.38375381,0.00090455,0.02894546,0.01809091,1.15127161,1.16936252,871899749.23,28.2535
303,0.8296,2.0795,2.0795,203.04,36377467.69,3579833.80,171420176.40,250422023.78,421842200.17,63106.11,4.38236845,0.00090439,0.02894038,0.01808774,1.15145927,1.16954700,871960855.34,28.2440
304,0.8323,2.0792,2.0792,203.43,36383455.92,3580059.89,171470354.48,250434931.86,421905286.34,63086.16,4.38098358,0.00090423,0.02893530,0.01808456,1.15164703,1.16973160,872021941.50,28.2346
305,0.8350,2.0790,2.0790,203.81,36389443.31,3580285.91,171520516.69,250447835.88,421968352.57,63066.23,4.37959919,0.00090407,0.02893022,0.01808139,1.15183491,1.16991630,872083007.73,28.2252
306,0.8378,2.0787,2.0787,204.20,36395429.86,3580511.86,171570663.02,250460735.85,422031398.87,63046.30,4.37821528,0.00090391,0.02892514,0.01807821,1.15202289,1.17010110,872144054.03,28.2158
307,0.8405,2.0784,2.0784,204.59,36401415.57,3580737.75,171620793.49,250473631.76,422094425.25,63026.38,4.37683185,0.00090375,0.02892007,0.01807504,1.15221098,1.17028602,872205080.41,28.2064
308,0.8433,2.0781,2.0781,204.98,36407400.44,3580963.58,171670908.09,250486523.62,422157431.71,63006.46,4.37544890,0.00090359,0.02891499,0.01807187,1.15239917,1.17047104,872266086.87,28.1970
309,0.8460,2.0778,2.0778,205.37,36413384.47,3581189.34,171721006.83,250499411.43,422220418.27,62986.56,4.37406644,0.00090343,0.02890992,0.01806870,1.15258748,1.17065618,872327073.43,28.1876
310,0.8487,2.0775,2.0775,205.76,36419367.66,3581415.03,171771089.73,250512295.19,422283384.92,62966.66,4.37268446,0.00090328,0.02890485,0.01806553,1.15277589,1.17084141,872388040.08,28.1782
311,0.8515,2.0772,2.0772,206.15,36425350.00,3581640.66,171821156.77,250525174.91,422346331.68,62946.76,4.37130296,0.00090312,0.02889977,0.01806236,1.15296440,1.17102676,872448986.85,28.1688
312,0.8542,2.0769,2.0769,206.54,36431331.51,3581866.22,171871207.98,250538050.58,422409258.56,62926.88,4.36992194,0.00090296,0.02889470,0.01805919,1.15315302,1.17121222,872509913.72,28.1594
313,0.8569,2.0766,2.0766,206.93,36437312.17,3582091.72,171921243.35,250550922.21,422472165.56,62907.00,4.36854140,0.00090280,0.02888964,0.01805602,1.15334175,1.17139778,872570820.72,28.1500
314,0.8597,2.0763,2.0763,207.33,36443292.00,3582317.15,171971262.88,250563789.80,422535052.68,62887.12,4.36716135,0.00090264,0.02888457,0.01805286,1.15353059,1.17158344,872631707.84,28.1406
315,0.8624,2.0760,2.0760,207.72,36449270.98,3582542.52,172021266.59,250576653.35,422597919.94,62867.26,4.36578177,0.00090248,0.02887950,0.01804969,1.15371953,1.17176922,872692575.10,28.1312
316,0.8652,2.0757,2.0757,208.12,36455249.12,3582767.82,172071254.47,250589512.86,422660767.34,62847.40,4.36440268,0.00090233,0.02887444,0.01804652,1.15390858,1.17195510,872753422.50,28.1218
317,0.8679,2.0755,2.0755,208.51,36461226.43,3582993.06,172121226.54,250602368.34,422723594.88,62827.55,4.36302406,0.00090217,0.02886937,0.01804336,1.15409773,1.17214109,872814250.05,28.1124
318,0.8706,2.0752,2.0752,208.91,36467202.89,3583218.23,172171182.79,250615219.79,422786402.58,62807.70,4.36164593,0.00090201,0.02886431,0.01804019,1.15428699,1.17232718,872875057.75,28.1030
319,0.8734,2.0749,2.0749,209.30,36473178.52,3583443.34,172221123.24,250628067.20,422849190.45,62787.86,4.36026827,0.00090185,0.02885925,0.01803703,1.15447636,1.17251339,872935845.61,28.0936
320,0.8761,2.0746,2.0746,209.70,36479153.30,3583668.38,172271047.89,250640910.59,422911958.48,62768.03,4.35889110,0.00090169,0.02885419,0.01803387,1.15466583,1.17269969,872996613.64,28.0842
321,0.8789,2.0743,2.0743,210.10,36485127.24,3583893.36,172320956.74,250653749.95,422974706.69,62748.21,4.35751440,0.00090154,0.02884913,0.01803071,1.15485540,1.17288611,873057361.85,28.0748
322,0.8816,2.0740,2.0740,210.50,36491100.35,3584118.27,172370849.79,250666585.28,423037435.08,62728.39,4.35613819,0.00090138,0.02884407,0.01802754,1.15504508,1.17307262,873118090.24,28.0654
323,0.8843,2.0737,2.0737,210.90,36497072.62,3584343.12,172420727.06,250679416.59,423100143.66,62708.58,4.35476245,0.00090122,0.02883901,0.01802438,1.15523487,1.17325925,873178798.82,28.0561
324,0.8871,2.0734,2.0734,211.30,36503044.04,3584567.90,172470588.55,250692243.88,423162832.43,62688.78,4.35338719,0.00090106,0.02883396,0.01802122,1.15542475,1.17344598,873239487.59,28.0467
325,0.8898,2.0731,2.0731,211.70,36509014.63,3584792.62,172520434.26,250705067.15,423225501.41,62668.98,4.35201241,0.00090090,0.02882890,0.01801806,1.15561475,1.17363281,873300156.57,28.0373
326,0.8925,2.0728,2.0728,212.11,36514984.38,3585017.27,172570264.20,250717886.40,423288150.60,62649.19,4.35063811,0.00090075,0.02882385,0.01801491,1.15580485,1.17381975,873360805.76,28.0279
327,0.8953,2.0725,2.0725,212.51,36520953.29,3585241.86,172620078.37,250730701.64,423350780.00,62629.41,4.34926429,0.00090059,0.02881880,0.01801175,1.15599505,1.17400680,873421435.17,28.0185
328,0.8980,2.0722,2.0722,212.91,36526921.36,3585466.38,172669876.78,250743512.86,423413389.63,62609.63,4.34789095,0.00090043,0.02881375,0.01800859,1.15618536,1.17419395,873482044.80,28.0092
329,0.9008,2.0720,2.0720,213.32,36532888.59,3585690.84,172719659.43,250756320.07,423475979.49,62589.86,4.34651808,0.00090027,0.02880870,0.01800544,1.15637577,1.17438121,873542634.66,27.9998
330,0.9035,2.0717,2.0717,213.72,36538854.99,3585915.23,172769426.32,250769123.27,423538549.59,62570.10,4.34514569,0.00090011,0.02880365,0.01800228,1.15656629,1.17456856,873603204.76,27.9904
331,0.9062,2.0714,2.0714,214.13,36544820.54,3586139.56,172819177.48,250781922.46,423601099.94,62550.34,4.34377378,0.00089996,0.02879860,0.01799913,1.15675690,1.17475603,873663755.10,27.9810
332,0.9090,2.0711,2.0711,214.54,36550785.26,3586363.83,172868912.88,250794717.65,423663630.53,62530.59,4.34240235,0.00089980,0.02879355,0.01799597,1.15694763,1.17494360,873724285.69,27.9717
333,0.9117,2.0708,2.0708,214.94,36556749.14,3586588.03,172918632.56,250807508.83,423726141.38,62510.85,4.34103139,0.00089964,0.02878851,0.01799282,1.15713845,1.17513127,873784796.54,27.9623
334,0.9144,2.0705,2.0705,215.35,36562712.18,3586812.16,172968336.49,250820296.00,423788632.50,62491.12,4.33966092,0.00089948,0.02878346,0.01798967,1.15732938,1.17531905,873845287.66,27.9529
335,0.9172,2.0702,2.0702,215.76,36568674.38,3587036.23,173018024.71,250833079.18,423851103.89,62471.39,4.33829091,0.00089933,0.02877842,0.01798651,1.15752041,1.17550693,873905759.05,27.9436
336,0.9199,2.0699,2.0699,216.17,36574635.75,3587260.24,173067697.19,250845858.36,423913555.56,62451.67,4.33692139,0.00089917,0.02877338,0.01798336,1.15771155,1.17569491,873966210.72,27.9342
337,0.9227,2.0696,2.0696,216.58,36580596.27,3587484.18,173117353.97,250858633.54,423975987.51,62431.95,4.33555234,0.00089901,0.02876834,0.01798021,1.15790279,1.17588300,874026642.67,27.9249
338,0.9254,2.0693,2.0693,216.99,36586555.96,3587708.05,173166995.03,250871404.73,424038399.76,62412.25,4.33418377,0.00089885,0.02876330,0.01797706,1.15809413,1.17607119,874087054.92,27.9155
339,0.9281,2.0690,2.0690,217.41,36592514.82,3587931.87,173216620.38,250884171.92,424100792.30,62392.55,4.33281567,0.00089870,0.02875826,0.01797391,1.15828557,1.17625949,874147447.46,27.9061
340,0.9309,2.0688,2.0688,217.82,36598472.83,3588155.61,173266230.03,250896935.13,424163165.15,62372.85,4.33144805,0.00089854,0.02875323,0.01797077,1.15847712,1.17644788,874207820.32,27.8968
341,0.9336,2.0685,2.0685,218.23,36604430.01,3588379.30,173315823.98,250909694.34,424225518.32,62353.17,4.33008090,0.00089838,0.02874819,0.01796762,1.15866877,1.17663638,874268173.48,27.8874
342,0.9363,2.0682,2.0682,218.65,36610386.35,3588602.92,173365402.24,250922449.57,424287851.80,62333.48,4.32871423,0.00089822,0.02874316,0.01796447,1.15886052,1.17682499,874328506.97,27.8781
343,0.9391,2.0679,2.0679,219.06,36616341.85,3588826.47,173414964.81,250935200.81,424350165.61,62313.81,4.32734804,0.00089807,0.02873812,0.01796133,1.15905237,1.17701370,874388820.78,27.8687
344,0.9418,2.0676,2.0676,219.48,36622296.52,3589049.96,173464511.70,250947948.06,424412459.76,62294.15,4.32598232,0.00089791,0.02873309,0.01795818,1.15924432,1.17720250,874449114.92,27.8594
345,0.9446,2.0673,2.0673,219.90,36628250.35,3589273.39,173514042.91,250960691.34,424474734.25,62274.49,4.32461707,0.00089775,0.02872806,0.01795504,1.15943638,1.17739142,874509389.41,27.8500
346,0.9473,2.0670,2.0670,220.32,36634203.35,3589496.75,173563558.45,250973430.63,424536989.08,62254.83,4.32325230,0.00089759,0.02872303,0.01795189,1.15962854,1.17758043,874569644.24,27.8407
347,0.9500,2.0667,2.0667,220.74,36640155.50,3589720.04,173613058.32,250986165.95,424599224.27,62235.19,4.32188801,0.00089744,0.02871800,0.01794875,1.15982080,1.17776955,874629879.43,27.8313
348,0.9528,2.0664,2.0664,221.15,36646106.82,3589943.28,173662542.52,250998897.29,424661439.81,62215.55,4.32052419,0.00089728,0.02871297,0.01794561,1.16001316,1.17795876,874690094.98,27.8220
349,0.9555,2.0661,2.0661,221.58,36652057.31,3590166.45,173712011.07,251011624.66,424723635.73,62195.92,4.31916084,0.00089712,0.02870795,0.01794247,1.16020562,1.17814808,874750290.89,27.8127
350,0.9582,2.0659,2.0659,222.00,36658006.96,3590389.55,173761463.97,251024348.05,424785812.02,62176.29,4.31779797,0.00089697,0.02870292,0.01793933,1.16039818,1.17833750,874810467.18,27.8033
351,0.9610,2.0656,2.0656,222.42,36663955.77,3590612.59,173810901.22,251037067.47,424847968.69,62156.67,4.31643557,0.00089681,0.02869790,0.01793619,1.16059084,1.17852703,874870623.86,27.7940
352,0.9637,2.0653,2.0653,222.84,36669903.75,3590835.57,173860322.82,251049782.93,424910105.75,62137.06,4.31507364,0.00089665,0.02869287,0.01793305,1.16078361,1.17871665,874930760.92,27.7846
353,0.9665,2.0650,2.0650,223.26,36675850.89,3591058.48,173909728.79,251062494.42,424972223.21,62117.46,4.31371219,0.00089650,0.02868785,0.01792991,1.16097647,1.17890638,874990878.37,27.7753
354,0.9692,2.0647,2.0647,223.69,36681797.19,3591281.33,173959119.13,251075201.94,425034321.07,62097.86,4.31235121,0.00089634,0.02868283,0.01792677,1.16116944,1.17909620,875050976.23,27.7660
355,0.9719,2.0644,2.0644,224.11,36687742.66,3591504.11,174008493.83,251087905.50,425096399.33,62078.27,4.31099070,0.00089618,0.02867781,0.01792363,1.16136250,1.17928613,875111054.50,27.7567
356,0.9747,2.0641,2.0641,224.54,36693687.29,3591726.83,174057852.92,251100605.10,425158458.01,62058.68,4.30963066,0.00089602,0.02867279,0.01792050,1.16155567,1.17947616,875171113.18,27.7473
357,0.9774,2.0638,2.0638,224.97,36699631.09,3591949.49,174107196.38,251113300.74,425220497.12,62039.10,4.30827110,0.00089587,0.02866778,0.01791736,1.16174893,1.17966629,875231152.28,27.7380
358,0.9802,2.0635,2.0635,225.39,36705574.06,3592172.08,174156524.23,251125992.42,425282516.65,62019.53,4.30691201,0.00089571,0.02866276,0.01791423,1.16194230,1.17985652,875291171.81,27.7287
359,0.9829,2.0632,2.0632,225.82,36711516.18,3592394.61,174205836.48,251138680.14,425344516.62,61999.97,4.30555339,0.00089555,0.02865775,0.01791109,1.16213576,1.18004685,875351171.78,27.7193
360,0.9856,2.0629,2.0629,226.25,36717457.48,3592617.07,174255133.12,251151363.92,425406497.03,61980.41,4.30419525,0.00089540,0.02865273,0.01790796,1.16232932,1.18023728,875411152.19,27.7100
361,0.9884,2.0627,2.0627,226.68,36723397.94,3592839.47,174304414.16,251164043.74,425468457.89,61960.86,4.30283757,0.00089524,0.02864772,0.01790483,1.16252299,1.18042781,875471113.06,27.7007
362,0.9911,2.0624,2.0624,227.11,36729337.56,3593061.81,174353679.61,251176719.60,425530399.21,61941.32,4.30148037,0.00089508,0.02864271,0.01790169,1.16271675,1.18061845,875531054.37,27.6914
363,0.9938,2.0621,2.0621,227.55,36735276.35,3593284.08,174402929.46,251189391.53,425592320.99,61921.78,4.30012364,0.00089493,0.02863770,0.01789856,1.16291061,1.18080918,875590976.15,27.6821
364,0.9966,2.0618,2.0618,227.98,36741214.30,3593506.29,174452163.74,251202059.50,425654223.24,61902.25,4.29876738,0.00089477,0.02863269,0.01789543,1.16310458,1.18100001,875650878.40,27.6728
365,0.9993,2.0615,2.0615,228.41,36747151.42,3593728.43,174501382.44,251214723.53,425716105.97,61882.73,4.29741159,0.00089462,0.02862768,0.01789230,1.16329864,1.18119094,875710761.13,27.6634
366,1.0021,2.0612,2.0612,228.85,36753087.71,3593950.52,174550585.56,251227383.62,425777969.18,61863.21,4.29605627,0.00089446,0.02862268,0.01788917,1.16349279,1.18138197,875770624.34,27.6541
367,1.0048,2.0609,2.0609,229.28,36759023.16,3594172.53,174599773.11,251240039.77,425839812.88,61843.70,4.29470142,0.00089430,0.02861767,0.01788604,1.16368705,1.18157310,875830468.04,27.6448
368,1.0075,2.0606,2.0606,229.72,36764957.78,3594394.49,174648945.10,251252691.97,425901637.08,61824.20,4.29334705,0.00089415,0.02861267,0.01788292,1.16388141,1.18176432,875890292.24,27.6355
369,1.0103,2.0603,2.0603,230.15,36770891.56,3594616.38,174698101.53,251265340.24,425963441.78,61804.70,4.29199314,0.00089399,0.02860766,0.01787979,1.16407586,1.18195565,875950096.94,27.6262
370,1.0130,2.0601,2.0601,230.59,36776824.51,3594838.20,174747242.41,251277984.58,426025226.99,61785.21,4.29063970,0.00089383,0.02860266,0.01787666,1.16427042,1.18214708,876009882.15,27.6169
371,1.0157,2.0598,2.0598,231.03,36782756.63,3595059.97,174796367.74,251290624.98,426086992.72,61765.73,4.28928673,0.00089368,0.02859766,0.01787354,1.16446507,1.18233860,876069647.88,27.6076
372,1.0185,2.0595,2.0595,231.47,36788687.91,3595281.67,174845477.52,251303261.45,426148738.97,61746.25,4.28793424,0.00089352,0.02859266,0.01787041,1.16465982,1.18253023,876129394.13,27.5983
373,1.0212,2.0592,2.0592,231.91,36794618.36,3595503.30,174894571.76,251315893.99,426210465.75,61726.78,4.28658221,0.00089336,0.02858766,0.01786729,1.16485466,1.18272195,876189120.92,27.5890
374,1.0240,2.0589,2.0589,232.35,36800547.97,3595724.88,174943650.47,251328522.60,426272173.08,61707.32,4.28523065,0.00089321,0.02858267,0.01786417,1.16504961,1.18291377,876248828.24,27.5797
375,1.0267,2.0586,2.0586,232.79,36806476.76,3595946.38,174992713.65,251341147.29,426333860.94,61687.87,4.28387956,0.00089305,0.02857767,0.01786104,1.16524465,1.18310569,876308516.10,27.5704
376,1.0294,2.0583,2.0583,233.23,36812404.71,3596167.83,175041761.31,251353768.05,426395529.36,61668.42,4.28252893,0.00089290,0.02857267,0.01785792,1.16543979,1.18329771,876368184.52,27.5611
377,1.0322,2.0580,2.0580,233.68,36818331.82,3596389.21,175090793.44,251366384.89,426457178.33,61648.97,4.28117878,0.00089274,0.02856768,0.01785480,1.16563502,1.18348982,876427833.50,27.5518
378,1.0349,2.0577,2.0577,234.12,36824258.10,3596610.53,175139810.06,251378997.81,426518807.87,61629.54,4.27982910,0.00089258,0.02856269,0.01785168,1.16583036,1.18368204,876487463.03,27.5426
379,1.0376,2.0574,2.0574,234.56,36830183.56,3596831.79,175188811.17,251391606.81,426580417.98,61610.11,4.27847988,0.00089243,0.02855770,0.01784856,1.16602579,1.18387435,876547073.14,27.5333
380,1.0404,2.0572,2.0572,235.01,36836108.17,3597052.98,175237796.78,251404211.89,426642008.67,61590.69,4.27713113,0.00089227,0.02855271,0.01784544,1.16622131,1.18406676,876606663.83,27.5240
381,1.0431,2.0569,2.0569,235.46,36842031.96,3597274.11,175286766.88,251416813.06,426703579.94,61571.27,4.27578285,0.00089212,0.02854772,0.01784232,1.16641694,1.18425926,876666235.11,27.5147
382,1.0459,2.0566,2.0566,235.91,36847954.91,3597495.17,175335721.49,251429410.32,426765131.81,61551.86,4.27443504,0.00089196,0.02854273,0.01783921,1.16661266,1.18445186,876725786.97,27.5054
383,1.0486,2.0563,2.0563,236.35,36853877.03,3597716.17,175384660.61,251442003.66,426826664.27,61532.46,4.27308769,0.00089180,0.02853774,0.01783609,1.16680848,1.18464456,876785319.43,27.4961
384,1.0513,2.0560,2.0560,236.80,36859798.32,3597937.11,175433584.25,251454593.09,426888177.34,61513.07,4.27174081,0.00089165,0.02853276,0.01783297,1.16700439,1.18483736,876844832.50,27.4869
385,1.0541,2.0557,2.0557,237.25,36865718.78,3598157.99,175482492.40,251467178.62,426949671.02,61493.68,4.27039440,0.00089149,0.02852777,0.01782986,1.16720040,1.18503026,876904326.18,27.4776
386,1.0568,2.0554,2.0554,237.70,36871638.40,3598378.80,175531385.08,251479760.24,427011145.32,61474.30,4.26904846,0.00089134,0.02852279,0.01782674,1.16739650,1.18522325,876963800.48,27.4683
387,1.0595,2.0551,2.0551,238.16,36877557.20,3598599.55,175580262.29,251492337.95,427072600.24,61454.92,4.26770298,0.00089118,0.02851781,0.01782363,1.16759271,1.18541634,877023255.40,27.4590
388,1.0623,2.0548,2.0548,238.61,36883475.16,3598820.23,175629124.03,251504911.77,427134035.79,61435.55,4.26635797,0.00089103,0.02851283,0.01782052,1.16778900,1.18560952,877082690.96,27.4498
389,1.0650,2.0546,2.0546,239.06,36889392.29,3599040.86,175677970.31,251517481.68,427195451.99,61416.19,4.26501342,0.00089087,0.02850785,0.01781740,1.16798540,1.18580280,877142107.15,27.4405
390,1.0678,2.0543,2.0543,239.52,36895308.58,3599261.42,175726801.13,251530047.69,427256848.82,61396.84,4.26366935,0.00089071,0.02850287,0.01781429,1.16818189,1.18599618,877201503.99,27.4312
391,1.0705,2.0540,2.0540,239.97,36901224.05,3599481.91,175775616.51,251542609.81,427318226.32,61377.49,4.26232573,0.00089056,0.02849789,0.01781118,1.16837847,1.18618965,877260881.48,27.4220
392,1.0732,2.0537,2.0537,240.43,36907138.69,3599702.35,175824416.43,251555168.03,427379584.46,61358.15,4.26098259,0.00089040,0.02849291,0.01780807,1.16857515,1.18638322,877320239.63,27.4127
393,1.0760,2.0534,2.0534,240.88,36913052.49,3599922.72,175873200.92,251567722.36,427440923.28,61338.81,4.25963990,0.00089025,0.02848794,0.01780496,1.16877192,1.18657688,877379578.44,27.4035
394,1.0787,2.0531,2.0531,241.34,36918965.46,3600143.03,175921969.97,251580272.80,427502242.77,61319.49,4.25829769,0.00089009,0.02848296,0.01780185,1.16896879,1.18677064,877438897.93,27.3942
395,1.0815,2.0528,2.0528,241.80,36924877.61,3600363.27,175970723.59,251592819.34,427563542.93,61300.17,4.25695594,0.00088994,0.02847799,0.01779874,1.16916576,1.18696450,877498198.09,27.3849
396,1.0842,2.0525,2.0525,242.26,36930788.92,3600583.45,176019461.78,251605362.00,427624823.78,61280.85,4.25561465,0.00088978,0.02847302,0.01779564,1.16936282,1.18715845,877557478.95,27.3757
397,1.0869,2.0523,2.0523,242.72,36936699.40,3600803.57,176068184.55,251617900.78,427686085.33,61261.54,4.25427383,0.00088963,0.02846805,0.01779253,1.16955997,1.18735250,877616740.49,27.3664
398,1.0897,2.0520,2.0520,243.18,36942609.05,3601023.63,176116891.90,251630435.67,427747327.57,61242.24,4.25293347,0.00088947,0.02846308,0.01778942,1.16975722,1.18754664,877675982.73,27.3572
399,1.0924,2.0517,2.0517,243.65,36948517.87,3601243.62,176165583.84,251642966.67,427808550.52,61222.95,4.25159358,0.00088932,0.02845811,0.01778632,1.16995456,1.18774088,877735205.68,27.3479
400,1.0951,2.0514,2.0514,244.11,36954425.86,3601463.55,176214260.38,251655493.80,427869754.17,61203.66,4.25025415,0.00088916,0.02845314,0.01778321,1.17015200,1.18793521,877794409.34,27.3387
401,1.0979,2.0511,2.0511,244.57,36960333.02,3601683.42,176262921.51,251668017.05,427930938.55,61184.38,4.24891519,0.00088901,0.02844818,0.01778011,1.17034953,1.18812964,877853593.72,27.3294
402,1.1006,2.0508,2.0508,245.04,36966239.35,3601903.22,176311567.24,251680536.42,427992103.66,61165.10,4.24757669,0.00088885,0.02844321,0.01777701,1.17054715,1.18832416,877912758.82,27.3202
403,1.1034,2.0505,2.0505,245.50,36972144.85,3602122.97,176360197.58,251693051.91,428053249.49,61145.84,4.24623865,0.00088870,0.02843825,0.01777390,1.17074487,1.18851878,877971904.66,27.3110
404,1.1061,2.0502,2.0502,245.97,36978049.52,3602342.65,176408812.53,251705563.54,428114376.07,61126.58,4.24490108,0.00088854,0.02843328,0.01777080,1.17094268,1.18871349,878031031.23,27.3017
405,1.1088,2.0499,2.0499,246.44,36983953.36,3602562.26,176457412.10,251718071.29,428175483.39,61107.32,4.24356397,0.00088839,0.02842832,0.01776770,1.17114059,1.18890829,878090138.55,27.2925
406,1.1116,2.0497,2.0497,246.91,36989856.37,3602781.82,176505996.30,251730575.17,428236571.46,61088.07,4.24222732,0.00088823,0.02842336,0.01776460,1.17133859,1.18910319,878149226.63,27.2833
407,1.1143,2.0494,2.0494,247.38,36995758.55,3603001.31,176554565.12,251743075.18,428297640.30,61068.83,4.24089114,0.00088808,0.02841840,0.01776150,1.17153668,1.18929818,878208295.46,27.2740
408,1.1170,2.0491,2.0491,247.85,37001659.90,3603220.74,176603118.57,251755571.33,428358689.89,61049.60,4.23955542,0.00088792,0.02841345,0.01775840,1.17173487,1.18949327,878267345.06,27.2648
409,1.1198,2.0488,2.0488,248.32,37007560.42,3603440.10,176651656.66,251768063.61,428419720.27,61030.37,4.23822016,0.00088777,0.02840849,0.01775531,1.17193315,1.18968845,878326375.43,27.2556
410,1.1225,2.0485,2.0485,248.79,37013460.12,3603659.41,176700179.39,251780552.03,428480731.41,61011.15,4.23688536,0.00088761,0.02840353,0.01775221,1.17213152,1.18988373,878385386.58,27.2463
411,1.1253,2.0482,2.0482,249.26,37019358.98,3603878.65,176748686.76,251793036.59,428541723.35,60991.93,4.23555103,0.00088746,0.02839858,0.01774911,1.17232998,1.19007909,878444378.51,27.2371
412,1.1280,2.0479,2.0479,249.74,37025257.02,3604097.83,176797178.79,251805517.29,428602696.08,60972.73,4.23421715,0.00088730,0.02839362,0.01774602,1.17252854,1.19027456,878503351.24,27.2279
413,1.1307,2.0476,2.0476,250.21,37031154.22,3604316.94,176845655.47,251817994.13,428663649.60,60953.53,4.23288374,0.00088715,0.02838867,0.01774292,1.17272719,1.19047011,878562304.76,27.2187
414,1.1335,2.0474,2.0474,250.69,37037050.60,3604536.00,176894116.82,251830467.12,428724583.93,60934.33,4.23155079,0.00088699,0.02838372,0.01773983,1.17292593,1.19066576,878621239.10,27.2094
415,1.1362,2.0471,2.0471,251.16,37042946.15,3604754.99,176942562.83,251842936.25,428785499.08,60915.14,4.23021831,0.00088684,0.02837877,0.01773673,1.17312477,1.19086150,878680154.24,27.2002
416,1.1389,2.0468,2.0468,251.64,37048840.87,3604973.92,176990993.51,251855401.53,428846395.04,60895.96,4.22888628,0.00088668,0.02837382,0.01773364,1.17332370,1.19105733,878739050.20,27.1910
417,1.1417,2.0465,2.0465,252.12,37054734.76,3605192.78,177039408.86,251867862.97,428907271.83,60876.79,4.22755471,0.00088653,0.02836887,0.01773055,1.17352271,1.19125326,878797926.99,27.1818
418,1.1444,2.0462,2.0462,252.60,37060627.83,3605411.59,177087808.90,251880320.55,428968129.45,60857.62,4.22622361,0.00088637,0.02836393,0.01772745,1.17372183,1.19144928,878856784.61,27.1726
419,1.1472,2.0459,2.0459,253.08,37066520.06,3605630.33,177136193.62,251892774.29,429028967.91,60838.46,4.22489296,0.00088622,0.02835898,0.01772436,1.17392103,1.19164539,878915623.07,27.1634
420,1.1499,2.0456,2.0456,253.56,37072411.47,3605849.01,177184563.03,251905224.18,429089787.21,60819.30,4.22356278,0.00088606,0.02835404,0.01772127,1.17412032,1.19184160,878974442.37,27.1542
421,1.1526,2.0453,2.0453,254.04,37078302.05,3606067.63,177232917.14,251917670.23,429150587.37,60800.16,4.22223306,0.00088591,0.02834909,0.01771818,1.17431971,1.19203789,879033242.53,27.1450
422,1.1554,2.0451,2.0451,254.52,37084191.80,3606286.18,177281255.94,251930112.44,429211368.38,60781.01,4.22090379,0.00088575,0.02834415,0.01771510,1.17451919,1.19223428,879092023.54,27.1358
423,1.1581,2.0448,2.0448,255.01,37090080.73,3606504.68,177329579.45,251942550.81,429272130.26,60761.88,4.21957499,0.00088560,0.02833921,0.01771201,1.17471876,1.19243076,879150785.42,27.1266
424,1.1608,2.0445,2.0445,255.49,37095968.83,3606723.11,177377887.67,251954985.34,429332873.01,60742.75,4.21824665,0.00088545,0.02833427,0.01770892,1.17491842,1.19262734,879209528.17,27.1174
425,1.1636,2.0442,2.0442,255.98,37101856.10,3606941.48,177426180.61,251967416.03,429393596.64,60723.63,4.21691876,0.00088529,0.02832933,0.01770583,1.17511817,1.19282400,879268251.81,27.1082
426,1.1663,2.0439,2.0439,256.46,37107742.54,3607159.78,177474458.26,251979842.90,429454301.16,60704.52,4.21559134,0.00088514,0.02832440,0.01770275,1.17531801,1.19302076,879326956.32,27.0990
427,1.1691,2.0436,2.0436,256.95,37113628.15,3607378.03,177522720.64,251992265.93,429514986.56,60685.41,4.21426437,0.00088498,0.02831946,0.01769966,1.17551794,1.19321760,879385641.73,27.0898
428,1.1718,2.0433,2.0433,257.44,37119512.94,3607596.21,177570967.74,252004685.13,429575652.87,60666.31,4.21293786,0.00088483,0.02831452,0.01769658,1.17571797,1.19341454,879444308.03,27.0806
429,1.1745,2.0430,2.0430,257.93,37125396.90,3607814.33,177619199.58,252017100.50,429636300.08,60647.21,4.21161181,0.00088467,0.02830959,0.01769349,1.17591808,1.19361157,879502955.24,27.0714
430,1.1773,2.0428,2.0428,258.42,37131280.04,3608032.39,177667416.16,252029512.04,429696928.20,60628.12,4.21028622,0.00088452,0.02830466,0.01769041,1.17611828,1.19380870,879561583.36,27.0622
431,1.1800,2.0425,2.0425,258.91,37137162.35,3608250.39,177715617.48,252041919.76,429757537.24,60609.04,4.20896109,0.00088437,0.02829972,0.01768733,1.17631858,1.19400591,879620192.40,27.0530
432,1.1828,2.0422,2.0422,259.40,37143043.83,3608468.32,177763803.55,252054323.65,429818127.21,60589.96,4.20763642,0.00088421,0.02829479,0.01768425,1.17651897,1.19420321,879678782.37,27.0439
433,1.1855,2.0419,2.0419,259.90,37148924.48,3608686.19,177811974.37,252066723.73,429878698.10,60570.90,4.20631220,0.00088406,0.02828986,0.01768117,1.17671944,1.19440061,879737353.26,27.0347
434,1.1882,2.0416,2.0416,260.39,37154804.31,3608904.01,177860129.95,252079119.98,429939249.93,60551.83,4.20498845,0.00088390,0.02828494,0.01767809,1.17692001,1.19459809,879795905.10,27.0255
435,1.1910,2.0413,2.0413,260.88,37160683.31,3609121.75,177908270.30,252091512.42,429999782.71,60532.78,4.20366515,0.00088375,0.02828001,0.01767501,1.17712066,1.19479567,879854437.88,27.0163
436,1.1937,2.0410,2.0410,261.38,37166561.49,3609339.44,177956395.41,252103901.04,430060296.44,60513.73,4.20234230,0.00088360,0.02827508,0.01767193,1.17732141,1.19499333,879912951.61,27.0071
437,1.1964,2.0407,2.0407,261.88,37172438.84,3609557.07,178004505.29,252116285.84,430120791.13,60494.69,4.20101992,0.00088344,0.02827016,0.01766885,1.17752224,1.19519109,879971446.29,26.9980
438,1.1992,2.0405,2.0405,262.38,37178315.37,3609774.63,178052599.95,252128666.83,430181266.78,60475.65,4.19969799,0.00088329,0.02826523,0.01766577,1.17772316,1.19538894,880029921.94,26.9888
439,1.2019,2.0402,2.0402,262.87,37184191.06,3609992.13,178100679.39,252141044.01,430241723.40,60456.62,4.19837652,0.00088313,0.02826031,0.01766269,1.17792418,1.19558687,880088378.56,26.9796
440,1.2047,2.0399,2.0399,263.37,37190065.94,3610209.57,178148743.61,252153417.39,430302161.00,60437.60,4.19705550,0.00088298,0.02825539,0.01765962,1.17812528,1.19578490,880146816.16,26.9705
441,1.2074,2.0396,2.0396,263.87,37195939.99,3610426.95,178196792.63,252165786.95,430362579.58,60418.58,4.19573495,0.00088283,0.02825047,0.01765654,1.17832647,1.19598302,880205234.75,26.9613
442,1.2101,2.0393,2.0393,264.38,37201813.21,3610644.27,178244826.45,252178152.71,430422979.16,60399.57,4.19441484,0.00088267,0.02824555,0.01765347,1.17852775,1.19618122,880263634.32,26.9521
443,1.2129,2.0390,2.0390,264.88,37207685.60,3610861.52,178292845.06,252190514.66,430483359.73,60380.57,4.19309520,0.00088252,0.02824063,0.01765039,1.17872912,1.19637952,880322014.89,26.9430
444,1.2156,2.0387,2.0387,265.38,37213557.18,3611078.71,178340848.49,252202872.82,430543721.30,60361.57,4.19177601,0.00088237,0.02823571,0.01764732,1.17893058,1.19657790,880380376.47,26.9338
445,1.2183,2.0385,2.0385,265.89,37219427.92,3611295.85,178388836.72,252215227.17,430604063.89,60342.58,4.19045727,0.00088221,0.02823080,0.01764425,1.17913213,1.19677638,880438719.05,26.9247
446,1.2211,2.0382,2.0382,266.39,37225297.84,3611512.92,178436809.77,252227577.72,430664387.49,60323.60,4.18913900,0.00088206,0.02822588,0.01764118,1.17933376,1.19697494,880497042.65,26.9155
447,1.2238,2.0379,2.0379,266.90,37231166.94,3611729.93,178484767.64,252239924.48,430724692.11,60304.62,4.18782117,0.00088191,0.02822097,0.01763811,1.17953549,1.19717359,880555347.28,26.9064
448,1.2266,2.0376,2.0376,267.41,37237035.21,3611946.87,178532710.33,252252267.44,430784977.77,60285.65,4.18650380,0.00088175,0.02821606,0.01763504,1.17973730,1.19737234,880613632.93,26.8972
449,1.2293,2.0373,2.0373,267.91,37242902.66,3612163.76,178580637.85,252264606.61,430845244.46,60266.69,4.18518689,0.00088160,0.02821115,0.01763197,1.17993920,1.19757117,880671899.62,26.8881
450,1.2320,2.0370,2.0370,268.42,37248769.28,3612380.58,178628550.21,252276941.98,430905492.20,60247.73,4.18387043,0.00088144,0.02820624,0.01762890,1.18014119,1.19777009,880730147.36,26.8789
451,1.2348,2.0367,2.0367,268.93,37254635.08,3612597.34,178676447.41,252289273.57,430965720.98,60228.78,4.18255443,0.00088129,0.02820133,0.01762583,1.18034327,1.19796910,880788376.14,26.8698
452,1.2375,2.0364,2.0364,269.44,37260500.06,3612814.05,178724329.45,252301601.37,431025930.82,60209.84,4.18123888,0.00088114,0.02819642,0.01762276,1.18054543,1.19816819,880846585.98,26.8606
453,1.2402,2.0362,2.0362,269.96,37266364.21,3613030.69,178772196.34,252313925.38,431086121.72,60190.90,4.17992379,0.00088098,0.02819151,0.01761969,1.18074768,1.19836738,880904776.88,26.8515
454,1.2430,2.0359,2.0359,270.47,37272227.53,3613247.26,178820048.09,252326245.61,431146293.69,60171.97,4.17860915,0.00088083,0.02818660,0.01761663,1.18095002,1.19856665,880962948.86,26.8424
455,1.2457,2.0356,2.0356,270.98,37278090.03,3613463.78,178867884.69,252338562.05,431206446.74,60153.05,4.17729496,0.00088068,0.02818170,0.01761356,1.18115245,1.19876601,881021101.90,26.8332
456,1.2485,2.0353,2.0353,271.50,37283951.71,3613680.24,178915706.16,252350874.71,431266580.87,60134.13,4.17598123,0.00088052,0.02817680,0.01761050,1.18135496,1.19896546,881079236.03,26.8241
457,1.2512,2.0350,2.0350,272.02,37289812.57,3613896.63,178963512.49,252363183.60,431326696.09,60115.22,4.17466795,0.00088037,0.02817189,0.01760743,1.18155757,1.19916500,881137351.25,26.8150
458,1.2539,2.0347,2.0347,272.53,37295672.60,3614112.96,179011303.70,252375488.70,431386792.40,60096.31,4.17335512,0.00088022,0.02816699,0.01760437,1.18176026,1.19936463,881195447.56,26.8058
459,1.2567,2.0344,2.0344,273.05,37301531.81,3614329.24,179059079.79,252387790.03,431446869.82,60077.42,4.17204275,0.00088007,0.02816209,0.01760131,1.18196303,1.19956434,881253524.98,26.7967
460,1.2594,2.0342,2.0342,273.57,37307390.19,3614545.45,179106840.75,252400087.59,431506928.34,60058.52,4.17073083,0.00087991,0.02815719,0.01759825,1.18216589,1.19976414,881311583.50,26.7876
461,1.2621,2.0339,2.0339,274.09,37313247.75,3614761.60,179154586.61,252412381.37,431566967.98,60039.64,4.16941936,0.00087976,0.02815230,0.01759518,1.18236884,1.19996403,881369623.14,26.7785
462,1.2649,2.0336,2.0336,274.61,37319104.49,3614977.68,179202317.36,252424671.38,431626988.74,60020.76,4.16810835,0.00087961,0.02814740,0.01759212,1.18257188,1.20016400,881427643.90,26.7694
463,1.2676,2.0333,2.0333,275.13,37324960.40,3615193.71,179250033.00,252436957.62,431686990.63,60001.89,4.16679778,0.00087945,0.02814250,0.01758906,1.18277500,1.20036407,881485645.79,26.7602
464,1.2704,2.0330,2.0330,275.66,37330815.50,3615409.68,179297733.55,252449240.10,431746973.65,59983.02,4.16548767,0.00087930,0.02813761,0.01758601,1.18297821,1.20056422,881543628.81,26.7511
465,1.2731,2.0327,2.0327,276.18,37336669.77,3615625.58,179345419.00,252461518.81,431806937.81,59964.16,4.16417802,0.00087915,0.02813272,0.01758295,1.18318151,1.20076446,881601592.98,26.7420
466,1.2758,2.0324,2.0324,276.70,37342523.21,3615841.43,179393089.37,252473793.76,431866883.13,59945.31,4.16286881,0.00087899,0.02812782,0.01757989,1.18338489,1.20096478,881659538.29,26.7329
467,1.2786,2.0322,2.0322,277.23,37348375.84,3616057.21,179440744.65,252486064.94,431926809.59,59926.46,4.16156006,0.00087884,0.02812293,0.01757683,1.18358836,1.20116519,881717464.75,26.7238
468,1.2813,2.0319,2.0319,277.76,37354227.64,3616272.93,179488384.85,252498332.36,431986717.22,59907.63,4.16025175,0.00087869,0.02811804,0.01757378,1.18379191,1.20136569,881775372.38,26.7147
469,1.2841,2.0316,2.0316,278.28,37360078.62,3616488.59,179536009.98,252510596.03,432046606.01,59888.79,4.15894390,0.00087854,0.02811315,0.01757072,1.18399555,1.20156627,881833261.17,26.7056
470,1.2868,2.0313,2.0313,278.81,37365928.78,3616704.19,179583620.04,252522855.94,432106475.97,59869.97,4.15763650,0.00087838,0.02810826,0.01756767,1.18419928,1.20176694,881891131.14,26.6965
471,1.2895,2.0310,2.0310,279.34,37371778.11,3616919.73,179631215.03,252535112.09,432166327.12,59851.15,4.15632955,0.00087823,0.02810338,0.01756461,1.18440309,1.20196770,881948982.28,26.6874
472,1.2923,2.0307,2.0307,279.87,37377626.62,3617135.21,179678794.96,252547364.49,432226159.45,59832.33,4.15502305,0.00087808,0.02809849,0.01756156,1.18460699,1.20216854,882006814.61,26.6783
473,1.2950,2.0304,2.0304,280.41,37383474.32,3617350.63,179726359.84,252559613.14,432285972.98,59813.52,4.15371700,0.00087793,0.02809361,0.01755850,1.18481097,1.20236947,882064628.14,26.6692
474,1.2977,2.0302,2.0302,280.94,37389321.19,3617565.98,179773909.67,252571858.03,432345767.70,59794.72,4.15241141,0.00087777,0.02808872,0.01755545,1.18501504,1.20257049,882122422.86,26.6601
475,1.3005,2.0299,2.0299,281.47,37395167.23,3617781.28,179821444.45,252584099.18,432405543.63,59775.93,4.15110626,0.00087762,0.02808384,0.01755240,1.18521919,1.20277159,882180198.79,26.6510
476,1.3032,2.0296,2.0296,282.01,37401012.46,3617996.51,179868964.19,252596336.58,432465300.77,59757.14,4.14980156,0.00087747,0.02807896,0.01754935,1.18542343,1.20297278,882237955.94,26.6419
477,1.3060,2.0293,2.0293,282.55,37406856.87,3618211.69,179916468.89,252608570.24,432525039.13,59738.36,4.14849732,0.00087732,0.02807408,0.01754630,1.18562775,1.20317405,882295694.30,26.6328
478,1.3087,2.0290,2.0290,283.08,37412700.45,3618426.80,179963958.56,252620800.16,432584758.72,59719.59,4.14719352,0.00087716,0.02806920,0.01754325,1.18583216,1.20337541,882353413.88,26.6237
479,1.3114,2.0287,2.0287,283.62,37418543.21,3618641.85,180011433.21,252633026.33,432644459.54,59700.82,4.14589017,0.00087701,0.02806432,0.01754020,1.18603665,1.20357685,882411114.70,26.6147
480,1.3142,2.0285,2.0285,284.16,37424385.16,3618856.84,180058892.83,252645248.76,432704141.60,59682.06,4.14458727,0.00087686,0.02805945,0.01753715,1.18624123,1.20377838,882468796.76,26.6056
481,1.3169,2.0282,2.0282,284.70,37430226.28,3619071.77,180106337.44,252657467.46,432763804.90,59663.30,4.14328482,0.00087671,0.02805457,0.01753411,1.18644589,1.20397999,882526460.06,26.5965
482,1.3196,2.0279,2.0279,285.24,37436066.58,3619286.64,180153767.03,252669682.42,432823449.45,59644.55,4.14198282,0.00087655,0.02804970,0.01753106,1.18665063,1.20418169,882584104.61,26.5874
483,1.3224,2.0276,2.0276,285.78,37441906.06,3619501.45,180201181.62,252681893.64,432883075.26,59625.81,4.14068127,0.00087640,0.02804482,0.01752802,1.18685546,1.20438348,882641730.42,26.5784
484,1.3251,2.0273,2.0273,286.33,37447744.72,3619716.20,180248581.20,252694101.13,432942682.33,59607.07,4.13938016,0.00087625,0.02803995,0.01752497,1.18706038,1.20458535,882699337.50,26.5693
485,1.3279,2.0270,2.0270,286.87,37453582.55,3619930.89,180295965.79,252706304.89,433002270.68,59588.34,4.13807951,0.00087610,0.02803508,0.01752193,1.18726538,1.20478730,882756925.84,26.5602
486,1.3306,2.0267,2.0267,287.42,37459419.57,3620145.52,180343335.38,252718504.92,433061840.30,59569.62,4.13677930,0.00087594,0.02803021,0.01751888,1.18747046,1.20498934,882814495.46,26.5512
487,1.3333,2.0265,2.0265,287.96,37465255.77,3620360.09,180390689.98,252730701.23,433121391.21,59550.91,4.13547954,0.00087579,0.02802534,0.01751584,1.18767563,1.20519146,882872046.37,26.5421
488,1.3361,2.0262,2.0262,288.51,37471091.15,3620574.59,180438029.60,252742893.80,433180923.40,59532.20,4.13418023,0.00087564,0.02802047,0.01751280,1.18788088,1.20539367,882929578.56,26.5330
489,1.3388,2.0259,2.0259,289.06,37476925.71,3620789.04,180485354.24,252755082.66,433240436.89,59513.49,4.13288137,0.00087549,0.02801561,0.01750975,1.18808621,1.20559596,882987092.06,26.5240
490,1.3415,2.0256,2.0256,289.61,37482759.44,3621003.43,180532663.90,252767267.79,433299931.69,59494.79,4.13158295,0.00087534,0.02801074,0.01750671,1.18829163,1.20579834,883044586.85,26.5149
491,1.3443,2.0253,2.0253,290.16,37488592.36,3621217.75,180579958.60,252779449.19,433359407.79,59476.10,4.13028499,0.00087518,0.02800588,0.01750367,1.18849713,1.20600080,883102062.95,26.5059
492,1.3470,2.0250,2.0250,290.71,37494424.46,3621432.02,180627238.33,252791626.88,433418865.21,59457.42,4.12898746,0.00087503,0.02800101,0.01750063,1.18870271,1.20620334,883159520.37,26.4968
493,1.3498,2.0247,2.0247,291.26,37500255.74,3621646.22,180674503.10,252803800.86,433478303.95,59438.74,4.12769039,0.00087488,0.02799615,0.01749760,1.18890838,1.20640597,883216959.12,26.4878
494,1.3525,2.0245,2.0245,291.82,37506086.20,3621860.37,180721752.91,252815971.11,433537724.02,59420.07,4.12639376,0.00087473,0.02799129,0.01749456,1.18911413,1.20660869,883274379.19,26.4787
495,1.3552,2.0242,2.0242,292.37,37511915.84,3622074.45,180768987.77,252828137.65,433597125.43,59401.41,4.12509758,0.00087458,0.02798643,0.01749152,1.18931996,1.20681148,883331780.59,26.4697
496,1.3580,2.0239,2.0239,292.93,37517744.66,3622288.48,180816207.69,252840300.48,433656508.18,59382.75,4.12380185,0.00087442,0.02798157,0.01748848,1.18952588,1.20701436,883389163.34,26.4606
497,1.3607,2.0236,2.0236,293.48,37523572.66,3622502.44,180863412.67,252852459.60,433715872.27,59364.09,4.12250656,0.00087427,0.02797671,0.01748545,1.18973188,1.20721732,883446527.43,26.4516
498,1.3634,2.0233,2.0233,294.04,37529399.85,3622716.34,180910602.70,252864615.01,433775217.72,59345.45,4.12121172,0.00087412,0.02797186,0.01748241,1.18993796,1.20742037,883503872.88,26.4425
499,1.3662,2.0230,2.0230,294.60,37535226.21,3622930.19,180957777.81,252876766.72,433834544.53,59326.81,4.11991732,0.00087397,0.02796700,0.01747938,1.19014412,1.20762350,883561199.69,26.4335
500,1.3689,2.0228,2.0228,295.16,37541051.76,3623143.97,181004937.99,252888914.71,433893852.70,59308.18,4.11862337,0.00087382,0.02796215,0.01747634,1.19035037,1.20782671,883618507.87,26.4245
501,1.3717,2.0225,2.0225,295.72,37546876.48,3623357.69,181052083.25,252901059.01,433953142.25,59289.55,4.11732986,0.00087367,0.02795729,0.01747331,1.19055670,1.20803001,883675797.42,26.4154
502,1.3744,2.0222,2.0222,296.28,37552700.39,3623571.36,181099213.59,252913199.60,434012413.18,59270.93,4.11603680,0.00087351,0.02795244,0.01747028,1.19076311,1.20823339,883733068.35,26.4064
503,1.3771,2.0219,2.0219,296.85,37558523.48,3623784.96,181146329.01,252925336.49,434071665.50,59252.32,4.11474419,0.00087336,0.02794759,0.01746724,1.19096960,1.20843685,883790320.66,26.3974
504,1.3799,2.0216,2.0216,297.41,37564345.75,3623998.50,181193429.53,252937469.68,434130899.21,59233.71,4.11345202,0.00087321,0.02794274,0.01746421,1.19117618,1.20864039,883847554.37,26.3883
505,1.3826,2.0213,2.0213,297.98,37570167.21,3624211.98,181240515.15,252949599.17,434190114.32,59215.11,4.11216030,0.00087306,0.02793789,0.01746118,1.19138284,1.20884402,883904769.48,26.3793
506,1.3854,2.0211,2.0211,298.54,37575987.84,3624425.41,181287585.86,252961724.97,434249310.83,59196.51,4.11086902,0.00087291,0.02793304,0.01745815,1.19158957,1.20904773,883961965.99,26.3703
507,1.3881,2.0208,2.0208,299.11,37581807.66,3624638.77,181334641.68,252973847.07,434308488.76,59177.93,4.10957818,0.00087276,0.02792820,0.01745512,1.19179640,1.20925152,884019143.92,26.3613
508,1.3908,2.0205,2.0205,299.68,37587626.66,3624852.07,181381682.61,252985965.49,434367648.10,59159.34,4.10828779,0.00087260,0.02792335,0.01745210,1.19200330,1.20945539,884076303.26,26.3523
509,1.3936,2.0202,2.0202,300.25,37593444.84,3625065.31,181428708.66,252998080.21,434426788.87,59140.77,4.10699784,0.00087245,0.02791851,0.01744907,1.19221028,1.20965935,884133444.03,26.3433
510,1.3963,2.0199,2.0199,300.82,37599262.21,3625278.50,181475719.83,253010191.24,434485911.07,59122.20,4.10570834,0.00087230,0.02791366,0.01744604,1.19241735,1.20986339,884190566.23,26.3342
511,1.3990,2.0196,2.0196,301.39,37605078.76,3625491.62,181522716.12,253022298.59,434545014.71,59103.64,4.10441928,0.00087215,0.02790882,0.01744301,1.19262449,1.21006751,884247669.87,26.3252
512,1.4018,2.0194,2.0194,301.96,37610894.49,3625704.68,181569697.54,253034402.25,434604099.79,59085.08,4.10313066,0.00087200,0.02790398,0.01743999,1.19283172,1.21027171,884304754.95,26.3162
513,1.4045,2.0191,2.0191,302.54,37616709.40,3625917.68,181616664.10,253046502.23,434663166.32,59066.53,4.10184249,0.00087185,0.02789914,0.01743696,1.19303903,1.21047599,884361821.48,26.3072
514,1.4073,2.0188,2.0188,303.11,37622523.50,3626130.63,181663615.79,253058598.52,434722214.31,59047.99,4.10055476,0.00087170,0.02789430,0.01743394,1.19324642,1.21068036,884418869.47,26.2982
515,1.4100,2.0185,2.0185,303.69,37628336.77,3626343.51,181710552.63,253070691.13,434781243.76,59029.45,4.09926747,0.00087155,0.02788946,0.01743092,1.19345389,1.21088481,884475898.92,26.2892
516,1.4127,2.0182,2.0182,304.27,37634149.24,3626556.33,181757474.61,253082780.07,434840254.68,59010.92,4.09798063,0.00087139,0.02788463,0.01742789,1.19366144,1.21108933,884532909.85,26.2802
517,1.4155,2.0179,2.0179,304.84,37639960.88,3626769.10,181804381.75,253094865.33,434899247.08,58992.40,4.09669423,0.00087124,0.02787979,0.01742487,1.19386907,1.21129394,884589902.24,26.2712
518,1.4182,2.0176,2.0176,305.42,37645771.71,3626981.80,181851274.05,253106946.91,434958220.96,58973.88,4.09540827,0.00087109,0.02787496,0.01742185,1.19407679,1.21149863,884646876.12,26.2622
519,1.4209,2.0174,2.0174,306.00,37651581.72,3627194.45,181898151.50,253119024.82,435017176.33,58955.37,4.09412275,0.00087094,0.02787012,0.01741883,1.19428458,1.21170341,884703831.49,26.2532
520,1.4237,2.0171,2.0171,306.59,37657390.92,3627407.03,181945014.13,253131099.06,435076113.19,58936.86,4.09283768,0.00087079,0.02786529,0.01741581,1.19449245,1.21190826,884760768.35,26.2442
521,1.4264,2.0168,2.0168,307.17,37663199.30,3627619.56,181991861.93,253143169.63,435135031.55,58918.36,4.09155305,0.00087064,0.02786046,0.01741279,1.19470041,1.21211319,884817686.72,26.2353
522,1.4292,2.0165,2.0165,307.75,37669006.86,3627832.02,182038694.90,253155236.52,435193931.42,58899.87,4.09026885,0.00087049,0.02785563,0.01740977,1.19490844,1.21231821,884874586.59,26.2263
523,1.4319,2.0162,2.0162,308.34,37674813.61,3628044.43,182085513.05,253167299.76,435252812.81,58881.39,4.08898511,0.00087034,0.02785080,0.01740675,1.19511655,1.21252331,884931467.97,26.2173
524,1.4346,2.0159,2.0159,308.92,37680619.54,3628256.77,182132316.39,253179359.32,435311675.72,58862.91,4.08770180,0.00087019,0.02784597,0.01740373,1.19532475,1.21272848,884988330.88,26.2083
525,1.4374,2.0157,2.0157,309.51,37686424.65,3628469.06,182179104.92,253191415.22,435370520.15,58844.43,4.08641893,0.00087004,0.02784115,0.01740072,1.19553302,1.21293374,885045175.31,26.1993
526,1.4401,2.0154,2.0154,310.10,37692228.95,3628681.29,182225878.65,253203467.47,435429346.11,58825.97,4.08513651,0.00086989,0.02783632,0.01739770,1.19574138,1.21313908,885102001.28,26.1904
527,1.4428,2.0151,2.0151,310.69,37698032.43,3628893.45,182272637.57,253215516.05,435488153.62,58807.51,4.08385452,0.00086973,0.02783150,0.01739469,1.19594981,1.21334449,885158808.78,26.1814
528,1.4456,2.0148,2.0148,311.28,37703835.10,3629105.56,182319381.70,253227560.97,435546942.67,58789.05,4.08257298,0.00086958,0.02782667,0.01739167,1.19615832,1.21354999,885215597.83,26.1724
529,1.4483,2.0145,2.0145,311.87,37709636.96,3629317.61,182366111.04,253239602.23,435605713.27,58770.60,4.08129188,0.00086943,0.02782185,0.01738866,1.19636691,1.21375557,885272368.44,26.1635
530,1.4511,2.0142,2.0142,312.46,37715437.99,3629529.60,182412825.59,253251639.84,435664465.43,58752.16,4.08001121,0.00086928,0.02781703,0.01738564,1.19657558,1.21396123,885329120.60,26.1545
531,1.4538,2.0140,2.0140,313.06,37721238.22,3629741.53,182459525.37,253263673.79,435723199.16,58733.73,4.07873099,0.00086913,0.02781221,0.01738263,1.19678433,1.21416697,885385854.32,26.1455
532,1.4565,2.0137,2.0137,313.65,37727037.62,3629953.40,182506210.36,253275704.10,435781914.46,58715.30,4.07745121,0.00086898,0.02780739,0.01737962,1.19699316,1.21437278,885442569.62,26.1366
533,1.4593,2.0134,2.0134,314.25,37732836.22,3630165.21,182552880.58,253287730.75,435840611.33,58696.87,4.07617186,0.00086883,0.02780257,0.01737661,1.19720207,1.21457868,885499266.50,26.1276
534,1.4620,2.0131,2.0131,314.85,37738633.99,3630376.96,182599536.04,253299753.75,435899289.79,58678.46,4.07489296,0.00086868,0.02779775,0.01737360,1.19741106,1.21478466,885555944.95,26.1186
535,1.4648,2.0128,2.0128,315.44,37744430.96,3630588.66,182646176.73,253311773.11,435957949.84,58660.05,4.07361450,0.00086853,0.02779294,0.01737059,1.19762013,1.21499071,885612605.00,26.1097
536,1.4675,2.0126,2.0126,316.04,37750227.10,3630800.29,182692802.66,253323788.82,436016591.49,58641.65,4.07233647,0.00086838,0.02778812,0.01736758,1.19782927,1.21519685,885669246.65,26.1007
537,1.4702,2.0123,2.0123,316.64,37756022.44,3631011.86,182739413.84,253335800.89,436075214.73,58623.25,4.07105889,0.00086823,0.02778331,0.01736457,1.19803850,1.21540306,885725869.90,26.0918
538,1.4730,2.0120,2.0120,317.25,37761816.96,3631223.38,182786010.27,253347809.32,436133819.59,58604.86,4.06978174,0.00086808,0.02777850,0.01736156,1.19824780,1.21560936,885782474.75,26.0828
539,1.4757,2.0117,2.0117,317.85,37767610.66,3631434.83,182832591.96,253359814.10,436192406.06,58586.47,4.06850503,0.00086793,0.02777369,0.01735855,1.19845718,1.21581573,885839061.23,26.0739
540,1.4784,2.0114,2.0114,318.45,37773403.55,3631646.23,182879158.91,253371815.25,436250974.16,58568.09,4.06722876,0.00086778,0.02776888,0.01735555,1.19866664,1.21602219,885895629.32,26.0650
541,1.4812,2.0111,2.0111,319.06,37779195.63,3631857.57,182925711.12,253383812.76,436309523.88,58549.72,4.06595293,0.00086763,0.02776407,0.01735254,1.19887617,1.21622872,885952179.04,26.0560
542,1.4839,2.0109,2.0109,319.67,37784986.89,3632068.84,182972248.61,253395806.63,436368055.24,58531.36,4.06467754,0.00086748,0.02775926,0.01734954,1.19908579,1.21643533,886008710.40,26.0471
543,1.4867,2.0106,2.0106,320.27,37790777.34,3632280.06,183018771.36,253407796.87,436426568.23,58513.00,4.06340259,0.00086733,0.02775445,0.01734653,1.19929548,1.21664202,886065223.40,26.0381
544,1.4894,2.0103,2.0103,320.88,37796566.98,3632491.22,183065279.40,253419783.48,436485062.88,58494.64,4.06212807,0.00086718,0.02774965,0.01734353,1.19950526,1.21684878,886121718.04,26.0292
545,1.4921,2.0100,2.0100,321.49,37802355.80,3632702.32,183111772.72,253431766.45,436543539.17,58476.30,4.06085399,0.00086703,0.02774484,0.01734053,1.19971510,1.21705563,886178194.34,26.0203
546,1.4949,2.0097,2.0097,322.10,37808143.81,3632913.36,183158251.33,253443745.80,436601997.13,58457.96,4.05958035,0.00086688,0.02774004,0.01733752,1.19992503,1.21726255,886234652.29,26.0114
547,1.4976,2.0094,2.0094,322.72,37813931.01,3633124.35,183204715.23,253455721.52,436660436.75,58439.62,4.05830714,0.00086673,0.02773523,0.01733452,1.20013504,1.21746956,886291091.92,26.0024
548,1.5003,2.0092,2.0092,323.33,37819717.39,3633335.27,183251164.43,253467693.62,436718858.05,58421.30,4.05703438,0.00086658,0.02773043,0.01733152,1.20034512,1.21767664,886347513.21,25.9935
549,1.5031,2.0089,2.0089,323.94,37825502.96,3633546.14,183297598.93,253479662.09,436777261.02,58402.97,4.05576205,0.00086643,0.02772563,0.01732852,1.20055528,1.21788380,886403916.19,25.9846
550,1.5058,2.0086,2.0086,324.56,37831287.71,3633756.94,183344018.74,253491626.94,436835645.68,58384.66,4.05449015,0.00086628,0.02772083,0.01732552,1.20076551,1.21809103,886460300.84,25.9757
551,1.5086,2.0083,2.0083,325.18,37837071.66,3633967.69,183390423.87,253503588.17,436894012.03,58366.35,4.05321870,0.00086613,0.02771603,0.01732252,1.20097583,1.21829835,886516667.19,25.9668
552,1.5113,2.0080,2.0080,325.79,37842854.79,3634178.38,183436814.30,253515545.77,436952360.08,58348.05,4.05194768,0.00086598,0.02771124,0.01731952,1.20118622,1.21850574,886573015.24,25.9578
553,1.5140,2.0077,2.0077,326.41,37848637.10,3634389.01,183483190.06,253527499.77,437010689.83,58329.75,4.05067709,0.00086583,0.02770644,0.01731653,1.20139669,1.21871321,886629344.99,25.9489
554,1.5168,2.0075,2.0075,327.03,37854418.61,3634599.58,183529551.15,253539450.14,437069001.29,58311.46,4.04940695,0.00086568,0.02770165,0.01731353,1.20160723,1.21892076,886685656.45,25.9400
555,1.5195,2.0072,2.0072,327.66,37860199.30,3634810.09,183575897.56,253551396.90,437127294.46,58293.18,4.04813723,0.00086553,0.02769685,0.01731053,1.20181785,1.21912839,886741949.63,25.9311
556,1.5222,2.0069,2.0069,328.28,37865979.18,3635020.54,183622229.31,253563340.05,437185569.36,58274.90,4.04686796,0.00086538,0.02769206,0.01730754,1.20202855,1.21933609,886798224.52,25.9222
557,1.5250,2.0066,2.0066,328.90,37871758.25,3635230.93,183668546.40,253575279.59,437243825.99,58256.63,4.04559912,0.00086523,0.02768727,0.01730454,1.20223933,1.21954387,886854481.15,25.9133
558,1.5277,2.0063,2.0063,329.53,37877536.51,3635441.27,183714848.84,253587215.52,437302064.35,58238.36,4.04433071,0.00086508,0.02768248,0.01730155,1.20245018,1.21975173,886910719.51,25.9044
559,1.5305,2.0061,2.0061,330.15,37883313.95,3635651.55,183761136.62,253599147.84,437360284.46,58220.10,4.04306274,0.00086493,0.02767769,0.01729855,1.20266111,1.21995966,886966939.62,25.8955
560,1.5332,2.0058,2.0058,330.78,37889090.58,3635861.76,183807409.75,253611076.55,437418486.31,58201.85,4.04179521,0.00086478,0.02767290,0.01729556,1.20287211,1.22016768,887023141.47,25.8866
561,1.5359,2.0055,2.0055,331.41,37894866.40,3636071.92,183853668.25,253623001.66,437476669.91,58183.60,4.04052811,0.00086463,0.02766811,0.01729257,1.20308320,1.22037576,887079325.07,25.8777
562,1.5387,2.0052,2.0052,332.04,37900641.41,3636282.02,183899912.11,253634923.17,437534835.28,58165.36,4.03926144,0.00086448,0.02766332,0.01728958,1.20329435,1.22058393,887135490.44,25.8688
563,1.5414,2.0049,2.0049,332.67,37906415.61,3636492.06,183946141.33,253646841.08,437592982.41,58147.13,4.03799521,0.00086433,0.02765854,0.01728659,1.20350559,1.22079217,887191637.57,25.8600
564,1.5441,2.0046,2.0046,333.30,37912189.00,3636702.05,183992355.93,253658755.38,437651111.31,58128.90,4.03672942,0.00086418,0.02765375,0.01728360,1.20371690,1.22100049,887247766.47,25.8511
565,1.5469,2.0044,2.0044,333.94,37917961.57,3636911.97,184038555.90,253670666.09,437709221.99,58110.68,4.03546406,0.00086403,0.02764897,0.01728061,1.20392828,1.22120889,887303877.16,25.8422
566,1.5496,2.0041,2.0041,334.57,37923733.34,3637121.84,184084741.26,253682573.20,437767314.46,58092.47,4.03419913,0.00086388,0.02764419,0.01727762,1.20413974,1.22141736,887359969.62,25.8333
567,1.5524,2.0038,2.0038,335.21,37929504.29,3637331.65,184130912.00,253694476.72,437825388.72,58074.26,4.03293463,0.00086373,0.02763941,0.01727463,1.20435128,1.22162591,887416043.88,25.8244
568,1.5551,2.0035,2.0035,335.85,37935274.43,3637541.39,184177068.13,253706376.65,437883444.78,58056.06,4.03167057,0.00086358,0.02763463,0.01727164,1.20456289,1.22183453,887472099.94,25.8156
569,1.5578,2.0032,2.0032,336.48,37941043.76,3637751.09,184223209.66,253718272.98,437941482.64,58037.86,4.03040695,0.00086343,0.02762985,0.01726866,1.20477458,1.22204324,887528137.80,25.8067
570,1.5606,2.0030,2.0030,337.12,37946812.28,3637960.72,184269336.58,253730165.72,437999502.31,58019.67,4.02914375,0.00086328,0.02762507,0.01726567,1.20498634,1.22225201,887584157.47,25.7978
571,1.5633,2.0027,2.0027,337.76,37952579.99,3638170.29,184315448.91,253742054.88,438057503.79,58001.49,4.02788099,0.00086313,0.02762029,0.01726268,1.20519818,1.22246087,887640158.95,25.7889
572,1.5661,2.0024,2.0024,338.41,37958346.89,3638379.81,184361546.65,253753940.45,438115487.10,57983.31,4.02661867,0.00086298,0.02761552,0.01725970,1.20541010,1.22266980,887696142.26,25.7801
573,1.5688,2.0021,2.0021,339.05,37964112.98,3638589.26,184407629.81,253765822.43,438173452.24,57965.14,4.02535677,0.00086284,0.02761074,0.01725672,1.20562209,1.22287880,887752107.40,25.7712
574,1.5715,2.0018,2.0018,339.69,37969878.26,3638798.66,184453698.38,253777700.83,438231399.21,57946.97,4.02409531,0.00086269,0.02760597,0.01725373,1.20583415,1.22308788,887808054.37,25.7624
575,1.5743,2.0016,2.0016,340.34,37975642.73,3639008.00,184499752.37,253789575.65,438289328.02,57928.81,4.02283428,0.00086254,0.02760120,0.01725075,1.20604629,1.22329704,887863983.19,25.7535
576,1.5770,2.0013,2.0013,340.99,37981406.39,3639217.28,184545791.79,253801446.89,438347238.69,57910.66,4.02157368,0.00086239,0.02759643,0.01724777,1.20625850,1.22350627,887919893.85,25.7446
577,1.5797,2.0010,2.0010,341.63,37987169.23,3639426.51,184591816.65,253813314.55,438405131.20,57892.51,4.02031352,0.00086224,0.02759166,0.01724479,1.20647079,1.22371558,887975786.36,25.7358
578,1.5825,2.0007,2.0007,342.28,37992931.27,3639635.67,184637826.94,253825178.63,438463005.57,57874.37,4.01905378,0.00086209,0.02758689,0.01724180,1.20668315,1.22392496,888031660.74,25.7269
579,1.5852,2.0004,2.0004,342.93,37998692.50,3639844.78,184683822.67,253837039.14,438520861.81,57856.24,4.01779448,0.00086194,0.02758212,0.01723882,1.20689559,1.22413442,888087516.98,25.7181
580,1.5880,2.0001,2.0001,343.59,38004452.92,3640053.83,184729803.85,253848896.08,438578699.93,57838.11,4.01653561,0.00086179,0.02757735,0.01723585,1.20710811,1.22434395,888143355.09,25.7092
581,1.5907,1.9999,1.9999,344.24,38010212.53,3640262.82,184775770.48,253860749.44,438636519.92,57819.99,4.01527718,0.00086164,0.02757259,0.01723287,1.20732069,1.22455356,888199175.08,25.7004
582,1.5934,1.9996,1.9996,344.89,38015971.33,3640471.75,184821722.57,253872599.23,438694321.80,57801.88,4.01401917,0.00086149,0.02756782,0.01722989,1.20753335,1.22476324,888254976.96,25.6916
583,1.5962,1.9993,1.9993,345.55,38021729.32,3640680.63,184867660.11,253884445.45,438752105.56,57783.77,4.01276159,0.00086135,0.02756306,0.01722691,1.20774609,1.22497300,888310760.72,25.6827
584,1.5989,1.9990,1.9990,346.21,38027486.51,3640889.44,184913583.12,253896288.11,438809871.23,57765.66,4.01150445,0.00086120,0.02755830,0.01722393,1.20795890,1.22518283,888366526.39,25.6739
585,1.6016,1.9987,1.9987,346.86,38033242.88,3641098.20,184959491.59,253908127.20,438867618.79,57747.57,4.01024773,0.00086105,0.02755353,0.01722096,1.20817178,1.22539274,888422273.96,25.6651
586,1.6044,1.9985,1.9985,347.52,38038998.45,3641306.90,185005385.55,253919962.72,438925348.27,57729.48,4.00899145,0.00086090,0.02754877,0.01721798,1.20838474,1.22560272,888478003.43,25.6562
587,1.6071,1.9982,1.9982,348.18,38044753.20,3641515.55,185051264.97,253931794.69,438983059.66,57711.39,4.00773560,0.00086075,0.02754401,0.01721501,1.20859777,1.22581278,888533714.83,25.6474
588,1.6099,1.9979,1.9979,348.85,38050507.15,3641724.13,185097129.89,253943623.09,439040752.98,57693.31,4.00648017,0.00086060,0.02753926,0.01721203,1.20881088,1.22602291,888589408.14,25.6386
589,1.6126,1.9976,1.9976,349.51,38056260.29,3641932.66,185142980.29,253955447.93,439098428.22,57675.24,4.00522518,0.00086045,0.02753450,0.01720906,1.20902406,1.22623312,888645083.38,25.6298
590,1.6153,1.9973,1.9973,350.17,38062012.62,3642141.12,185188816.18,253967269.22,439156085.40,57657.18,4.00397062,0.00086030,0.02752974,0.01720609,1.20923731,1.22644340,888700740.56,25.6209
591,1.6181,1.9971,1.9971,350.84,38067764.14,3642349.54,185234637.56,253979086.95,439213724.51,57639.12,4.00271648,0.00086016,0.02752499,0.01720312,1.20945063,1.22665375,888756379.68,25.6121
592,1.6208,1.9968,1.9968,351.51,38073514.85,3642557.89,185280444.45,253990901.13,439271345.58,57621.06,4.00146278,0.00086001,0.02752023,0.01720015,1.20966403,1.22686418,888812000.74,25.6033
593,1.6235,1.9965,1.9965,352.17,38079264.76,3642766.18,185326236.85,254002711.75,439328948.60,57603.02,4.00020951,0.00085986,0.02751548,0.01719718,1.20987751,1.22707468,888867603.76,25.5945
594,1.6263,1.9962,1.9962,352.84,38085013.86,3642974.42,185372014.75,254014518.82,439386533.57,57584.98,3.99895666,0.00085971,0.02751073,0.01719421,1.21009105,1.22728526,888923188.73,25.5857
595,1.6290,1.9959,1.9959,353.51,38090762.14,3643182.60,185417778.17,254026322.34,439444100.51,57566.94,3.99770424,0.00085956,0.02750598,0.01719124,1.21030467,1.22749591,888978755.68,25.5769
596,1.6318,1.9957,1.9957,354.19,38096509.63,3643390.72,185463527.11,254038122.31,439501649.42,57548.91,3.99645226,0.00085941,0.02750123,0.01718827,1.21051836,1.22770663,889034304.59,25.5681
597,1.6345,1.9954,1.9954,354.86,38102256.30,3643598.78,185509261.57,254049918.74,439559180.31,57530.89,3.99520070,0.00085926,0.02749648,0.01718530,1.21073213,1.22791743,889089835.48,25.5593
598,1.6372,1.9951,1.9951,355.53,38108002.17,3643806.79,185554981.57,254061711.62,439616693.19,57512.87,3.99394957,0.00085912,0.02749173,0.01718233,1.21094597,1.22812830,889145348.35,25.5505
599,1.6400,1.9948,1.9948,356.21,38113747.23,3644014.74,185600687.09,254073500.96,439674188.05,57494.86,3.99269887,0.00085897,0.02748698,0.01717937,1.21115988,1.22833924,889200843.21,25.5417
600,1.6427,1.9945,1.9945,356.89,38119491.48,3644222.63,185646378.15,254085286.76,439731664.91,57476.86,3.99144859,0.00085882,0.02748224,0.01717640,1.21137386,1.22855026,889256320.07,25.5329
601,1.6454,1.9943,1.9943,357.57,38125234.92,3644430.46,185692054.76,254097069.01,439789123.77,57458.86,3.99019875,0.00085867,0.02747749,0.01717343,1.21158792,1.22876135,889311778.94,25.5241
602,1.6482,1.9940,1.9940,358.24,38130977.56,3644638.23,185737716.91,254108847.73,439846564.64,57440.87,3.98894933,0.00085852,0.02747275,0.01717047,1.21180204,1.22897251,889367219.81,25.5153
603,1.6509,1.9937,1.9937,358.93,38136719.39,3644845.95,185783364.62,254120622.91,439903987.53,57422.88,3.98770034,0.00085838,0.02746801,0.01716751,1.21201624,1.22918375,889422642.69,25.5065
604,1.6537,1.9934,1.9934,359.61,38142460.42,3645053.61,185828997.87,254132394.56,439961392.43,57404.91,3.98645177,0.00085823,0.02746327,0.01716454,1.21223052,1.22939506,889478047.60,25.4977
605,1.6564,1.9931,1.9931,360.29,38148200.63,3645261.21,185874616.70,254144162.67,440018779.37,57386.93,3.98520364,0.00085808,0.02745853,0.01716158,1.21244486,1.22960644,889533434.53,25.4889
606,1.6591,1.9929,1.9929,360.98,38153940.04,3645468.76,185920221.08,254155927.25,440076148.33,57368.97,3.98395593,0.00085793,0.02745379,0.01715862,1.21265928,1.22981790,889588803.50,25.4801
607,1.6619,1.9926,1.9926,361.66,38159678.65,3645676.24,185965811.04,254167688.30,440133499.34,57351.00,3.98270865,0.00085778,0.02744905,0.01715566,1.21287377,1.23002943,889644154.50,25.4714
608,1.6646,1.9923,1.9923,362.35,38165416.45,3645883.67,186011386.57,254179445.82,440190832.39,57333.05,3.98146179,0.00085763,0.02744431,0.01715270,1.21308833,1.23024103,889699487.55,25.4626
609,1.6674,1.9920,1.9920,363.04,38171153.44,3646091.04,186056947.67,254191199.81,440248147.49,57315.10,3.98021537,0.00085749,0.02743958,0.01714974,1.21330297,1.23045270,889754802.65,25.4538
610,1.6701,1.9917,1.9917,363.73,38176889.62,3646298.36,186102494.37,254202950.28,440305444.65,57297.16,3.97896937,0.00085734,0.02743484,0.01714678,1.21351767,1.23066445,889810099.81,25.4450
611,1.6728,1.9915,1.9915,364.42,38182625.00,3646505.61,186148026.65,254214697.22,440362723.87,57279.22,3.97772379,0.00085719,0.02743011,0.01714382,1.21373245,1.23087627,889865379.03,25.4363
612,1.6756,1.9912,1.9912,365.11,38188359.58,3646712.81,186193544.52,254226440.64,440419985.16,57261.29,3.97647864,0.00085704,0.02742538,0.01714086,1.21394730,1.23108816,889920640.32,25.4275
613,1.6783,1.9909,1.9909,365.81,38194093.34,3646919.95,186239047.99,254238180.54,440477228.53,57243.37,3.97523392,0.00085690,0.02742065,0.01713790,1.21416222,1.23130012,889975883.69,25.4187
614,1.6810,1.9906,1.9906,366.50,38199826.31,3647127.04,186284537.06,254249916.92,440534453.98,57225.45,3.97398962,0.00085675,0.02741591,0.01713495,1.21437721,1.23151216,890031109.14,25.4100
615,1.6838,1.9903,1.9903,367.20,38205558.46,3647334.07,186330011.74,254261649.78,440591661.52,57207.54,3.97274575,0.00085660,0.02741119,0.01713199,1.21459227,1.23172426,890086316.68,25.4012
616,1.6865,1.9901,1.9901,367.90,38211289.81,3647541.04,186375472.03,254273379.13,440648851.15,57189.63,3.97150230,0.00085645,0.02740646,0.01712904,1.21480741,1.23193644,890141506.32,25.3925
617,1.6893,1.9898,1.9898,368.60,38217020.36,3647747.95,186420917.93,254285104.96,440706022.89,57171.73,3.97025928,0.00085630,0.02740173,0.01712608,1.21502261,1.23214869,890196678.05,25.3837
618,1.6920,1.9895,1.9895,369.30,38222750.10,3647954.80,186466349.46,254296827.27,440763176.73,57153.84,3.96901669,0.00085616,0.02739700,0.01712313,1.21523789,1.23236102,890251831.89,25.3750
619,1.6947,1.9892,1.9892,370.00,38228479.03,3648161.60,186511766.60,254308546.08,440820312.68,57135.95,3.96777452,0.00085601,0.02739228,0.01712017,1.21545324,1.23257341,890306967.84,25.3662
620,1.6975,1.9889,1.9889,370.70,38234207.16,3648368.34,186557169.38,254320261.37,440877430.75,57118.07,3.96653277,0.00085586,0.02738755,0.01711722,1.21566866,1.23278588,890362085.91,25.3575
621,1.7002,1.9887,1.9887,371.41,38239934.49,3648575.03,186602557.79,254331973.16,440934530.95,57100.20,3.96529145,0.00085571,0.02738283,0.01711427,1.21588414,1.23299841,890417186.11,25.3487
622,1.7029,1.9884,1.9884,372.11,38245661.01,3648781.65,186647931.84,254343681.43,440991613.28,57082.33,3.96405055,0.00085557,0.02737811,0.01711132,1.21609970,1.23321102,890472268.44,25.3400
623,1.7057,1.9881,1.9881,372.82,38251386.72,3648988.22,186693291.53,254355386.21,441048677.74,57064.47,3.96281008,0.00085542,0.02737339,0.01710837,1.21631534,1.23342370,890527332.90,25.3312
624,1.7084,1.9878,1.9878,373.53,38257111.64,3649194.73,186738636.87,254367087.48,441105724.35,57046.61,3.96157003,0.00085527,0.02736867,0.01710542,1.21653104,1.23363646,890582379.51,25.3225
625,1.7112,1.9875,1.9875,374.24,38262835.74,3649401.19,186783967.86,254378785.24,441162753.11,57028.76,3.96033040,0.00085512,0.02736395,0.01710247,1.21674681,1.23384928,890637408.27,25.3138
626,1.7139,1.9873,1.9873,374.95,38268559.04,3649607.58,186829284.51,254390479.51,441219764.02,57010.91,3.95909120,0.00085498,0.02735923,0.01709952,1.21696265,1.23406217,890692419.18,25.3050
627,1.7166,1.9870,1.9870,375.66,38274281.54,3649813.93,186874586.82,254402170.28,441276757.10,56993.07,3.95785243,0.00085483,0.02735451,0.01709657,1.21717857,1.23427514,890747412.26,25.2963
628,1.7194,1.9867,1.9867,376.38,38280003.24,3650020.21,186919874.79,254413857.55,441333732.34,56975.24,3.95661407,0.00085468,0.02734980,0.01709362,1.21739455,1.23448817,890802387.50,25.2876
629,1.7221,1.9864,1.9864,377.09,38285724.13,3650226.44,186965148.44,254425541.32,441390689.76,56957.42,3.95537614,0.00085453,0.02734508,0.01709068,1.21761060,1.23470128,890857344.92,25.2789
630,1.7248,1.9861,1.9861,377.81,38291444.21,3650432.60,187010407.75,254437221.60,441447629.35,56939.60,3.95413863,0.00085439,0.02734037,0.01708773,1.21782673,1.23491446,890912284.51,25.2701
631,1.7276,1.9859,1.9859,378.53,38297163.49,3650638.72,187055652.75,254448898.38,441504551.13,56921.78,3.95290155,0.00085424,0.02733566,0.01708479,1.21804292,1.23512771,890967206.30,25.2614
632,1.7303,1.9856,1.9856,379.25,38302881.97,3650844.77,187100883.43,254460571.68,441561455.11,56903.97,3.95166489,0.00085409,0.02733095,0.01708184,1.21825918,1.23534102,891022110.27,25.2527
633,1.7331,1.9853,1.9853,379.97,38308599.65,3651050.77,187146099.80,254472241.48,441618341.28,56886.17,3.95042865,0.00085394,0.02732624,0.01707890,1.21847552,1.23555441,891076996.44,25.2440
634,1.7358,1.9850,1.9850,380.69,38314316.52,3651256.71,187191301.86,254483907.80,441675209.66,56868.38,3.94919283,0.00085380,0.02732153,0.01707595,1.21869192,1.23576787,891131864.82,25.2353
635,1.7385,1.9847,1.9847,381.41,38320032.59,3651462.60,187236489.62,254495570.63,441732060.24,56850.59,3.94795744,0.00085365,0.02731682,0.01707301,1.21890839,1.23598140,891186715.41,25.2266
636,1.7413,1.9845,1.9845,382.14,38325747.85,3651668.43,187281663.08,254507229.97,441788893.05,56832.80,3.94672246,0.00085350,0.02731211,0.01707007,1.21912493,1.23619500,891241548.21,25.2179
637,1.7440,1.9842,1.9842,382.87,38331462.31,3651874.20,187326822.24,254518885.83,441845708.07,56815.03,3.94548791,0.00085336,0.02730741,0.01706713,1.21934155,1.23640867,891296363.24,25.2092
638,1.7467,1.9839,1.9839,383.59,38337175.97,3652079.91,187371967.12,254530538.21,441902505.33,56797.25,3.94425378,0.00085321,0.02730270,0.01706419,1.21955823,1.23662242,891351160.49,25.2005
639,1.7495,1.9836,1.9836,384.32,38342888.83,3652285.57,187417097.71,254542187.11,441959284.82,56779.49,3.94302008,0.00085306,0.02729800,0.01706125,1.21977498,1.23683623,891405939.98,25.1918
640,1.7522,1.9834,1.9834,385.05,38348600.88,3652491.17,187462214.02,254553832.53,442016046.55,56761.73,3.94178679,0.00085292,0.02729329,0.01705831,1.21999180,1.23705011,891460701.71,25.1831
641,1.7550,1.9831,1.9831,385.78,38354312.13,3652696.71,187507316.06,254565474.47,442072790.52,56743.98,3.94055393,0.00085277,0.02728859,0.01705537,1.22020869,1.23726406,891515445.69,25.1744
642,1.7577,1.9828,1.9828,386.52,38360022.58,3652902.20,187552403.82,254577112.93,442129516.75,56726.23,3.93932148,0.00085262,0.02728389,0.01705243,1.22042564,1.23747808,891570171.92,25.1657
643,1.7604,1.9825,1.9825,387.25,38365732.23,3653107.63,187597477.32,254588747.92,442186225.24,56708.49,3.93808946,0.00085247,0.02727919,0.01704949,1.22064267,1.23769217,891624880.40,25.1570
644,1.7632,1.9822,1.9822,387.99,38371441.07,3653313.00,187642536.55,254600379.44,442242915.99,56690.75,3.93685786,0.00085233,0.02727449,0.01704656,1.22085977,1.23790633,891679571.16,25.1483
645,1.7659,1.9820,1.9820,388.73,38377149.11,3653518.32,187687581.53,254612007.49,442299589.02,56673.02,3.93562668,0.00085218,0.02726980,0.01704362,1.22107693,1.23812056,891734244.18,25.1396
646,1.7687,1.9817,1.9817,389.47,38382856.35,3653723.58,187732612.26,254623632.06,442356244.32,56655.30,3.93439592,0.00085203,0.02726510,0.01704069,1.22129417,1.23833485,891788899.48,25.1310
647,1.7714,1.9814,1.9814,390.21,38388562.79,3653928.79,187777628.73,254635253.17,442412881.90,56637.58,3.93316557,0.00085189,0.02726040,0.01703775,1.22151147,1.23854922,891843537.07,25.1223
648,1.7741,1.9811,1.9811,390.95,38394268.42,3654133.93,187822630.96,254646870.81,442469501.78,56619.87,3.93193565,0.00085174,0.02725571,0.01703482,1.22172884,1.23876366,891898156.94,25.1136
649,1.7769,1.9808,1.9808,391.69,38399973.25,3654339.02,187867618.95,254658484.99,442526103.95,56602.17,3.93070615,0.00085159,0.02725102,0.01703188,1.22194628,1.23897816,891952759.11,25.1049
650,1.7796,1.9806,1.9806,392.43,38405677.29,3654544.06,187912592.71,254670095.70,442582688.42,56584.47,3.92947707,0.00085145,0.02724632,0.01702895,1.22216379,1.23919274,892007343.58,25.0963
651,1.7823,1.9803,1.9803,393.18,38411380.52,3654749.04,187957552.24,254681702.96,442639255.19,56566.78,3.92824841,0.00085130,0.02724163,0.01702602,1.22238137,1.23940738,892061910.36,25.0876
652,1.7851,1.9800,1.9800,393.93,38417082.95,3654953.96,188002497.54,254693306.75,442695804.28,56549.09,3.92702017,0.00085115,0.02723694,0.01702309,1.22259901,1.23962210,892116459.45,25.0789
653,1.7878,1.9797,1.9797,394.68,38422784.57,3655158.82,188047428.62,254704907.08,442752335.69,56531.41,3.92579235,0.00085101,0.02723225,0.01702016,1.22281672,1.23983688,892170990.86,25.0703
654,1.7906,1.9795,1.9795,395.43,38428485.40,3655363.63,188092345.48,254716503.95,442808849.43,56513.74,3.92456494,0.00085086,0.02722756,0.01701723,1.22303450,1.24005173,892225504.59,25.0616
655,1.7933,1.9792,1.9792,396.18,38434185.42,3655568.38,188137248.12,254728097.37,442865345.50,56496.07,3.92333796,0.00085071,0.02722288,0.01701430,1.22325235,1.24026665,892280000.66,25.0530
656,1.7960,1.9789,1.9789,396.93,38439884.65,3655773.08,188182136.56,254739687.33,442921823.90,56478.40,3.92211139,0.00085057,0.02721819,0.01701137,1.22347027,1.24048164,892334479.06,25.0443
657,1.7988,1.9786,1.9786,397.69,38445583.07,3655977.72,188227010.80,254751273.85,442978284.65,56460.75,3.92088524,0.00085042,0.02721351,0.01700844,1.22368826,1.24069670,892388939.81,25.0357
658,1.8015,1.9783,1.9783,398.44,38451280.69,3656182.30,188271870.84,254762856.91,443034727.74,56443.10,3.91965951,0.00085028,0.02720882,0.01700551,1.22390631,1.24091182,892443382.91,25.0270
659,1.8042,1.9781,1.9781,399.20,38456977.52,3656386.83,188316716.68,254774436.52,443091153.20,56425.45,3.91843420,0.00085013,0.02720414,0.01700259,1.22412443,1.24112702,892497808.36,25.0184
660,1.8070,1.9778,1.9778,399.96,38462673.54,3656591.30,188361548.33,254786012.68,443147561.01,56407.81,3.91720931,0.00084998,0.02719946,0.01699966,1.22434262,1.24134228,892552216.17,25.0097
661,1.8097,1.9775,1.9775,400.72,38468368.76,3656795.71,188406365.80,254797585.39,443203951.19,56390.18,3.91598484,0.00084984,0.02719478,0.01699673,1.22456087,1.24155761,892606606.35,25.0011
662,1.8125,1.9772,1.9772,401.48,38474063.18,3657000.07,188451169.09,254809154.66,443260323.75,56372.56,3.91476078,0.00084969,0.02719010,0.01699381,1.22477920,1.24177301,892660978.91,24.9924
663,1.8152,1.9770,1.9770,402.24,38479756.80,3657204.37,188495958.19,254820720.49,443316678.68,56354.93,3.91353714,0.00084954,0.02718542,0.01699089,1.22499759,1.24198847,892715333.84,24.9838
664,1.8179,1.9767,1.9767,403.01,38485449.62,3657408.61,188540733.13,254832282.87,443373016.00,56337.32,3.91231392,0.00084940,0.02718074,0.01698796,1.22521605,1.24220401,892769671.17,24.9752
665,1.8207,1.9764,1.9764,403.77,38491141.64,3657612.80,188585493.90,254843841.82,443429335.71,56319.71,3.91109111,0.00084925,0.02717606,0.01698504,1.22543457,1.24241961,892823990.88,24.9665
666,1.8234,1.9761,1.9761,404.54,38496832.86,3657816.93,188630240.50,254855397.32,443485637.82,56302.11,3.90986873,0.00084911,0.02717139,0.01698212,1.22565316,1.24263528,892878292.99,24.9579
667,1.8261,1.9758,1.9758,405.31,38502523.28,3658021.01,188674972.95,254866949.39,443541922.34,56284.51,3.90864676,0.00084896,0.02716671,0.01697920,1.22587182,1.24285102,892932577.50,24.9493
668,1.8289,1.9756,1.9756,406.08,38508212.90,3658225.03,188719691.24,254878498.02,443598189.26,56266.92,3.90742520,0.00084881,0.02716204,0.01697627,1.22609055,1.24306682,892986844.42,24.9407
669,1.8316,1.9753,1.9753,406.85,38513901.73,3658429.00,188764395.39,254890043.21,443654438.60,56249.34,3.90620406,0.00084867,0.02715737,0.01697335,1.22630934,1.24328270,893041093.76,24.9321
670,1.8344,1.9750,1.9750,407.63,38519589.75,3658632.90,188809085.38,254901584.98,443710670.36,56231.76,3.90498334,0.00084852,0.02715270,0.01697043,1.22652820,1.24349864,893095325.52,24.9234
671,1.8371,1.9747,1.9747,408.40,38525276.97,3658836.76,188853761.24,254913123.31,443766884.55,56214.19,3.90376304,0.00084838,0.02714802,0.01696752,1.22674713,1.24371465,893149539.71,24.9148
672,1.8398,1.9745,1.9745,409.18,38530963.40,3659040.55,188898422.96,254924658.21,443823081.17,56196.62,3.90254315,0.00084823,0.02714336,0.01696460,1.22696613,1.24393072,893203736.33,24.9062
673,1.8426,1.9742,1.9742,409.96,38536649.02,3659244.29,188943070.55,254936189.68,443879260.23,56179.06,3.90132368,0.00084808,0.02713869,0.01696168,1.22718519,1.24414687,893257915.39,24.8976
674,1.8453,1.9739,1.9739,410.73,38542333.85,3659447.98,188987704.01,254947717.73,443935421.74,56161.51,3.90010462,0.00084794,0.02713402,0.01695876,1.22740431,1.24436308,893312076.90,24.8890
675,1.8480,1.9736,1.9736,411.52,38548017.87,3659651.60,189032323.34,254959242.35,443991565.69,56143.96,3.89888598,0.00084779,0.02712935,0.01695585,1.22762351,1.24457935,893366220.86,24.8804
676,1.8508,1.9733,1.9733,412.30,38553701.10,3659855.18,189076928.56,254970763.55,444047692.11,56126.42,3.89766775,0.00084765,0.02712469,0.01695293,1.22784277,1.24479570,893420347.27,24.8718
677,1.8535,1.9731,1.9731,413.08,38559383.53,3660058.69,189121519.67,254982281.32,444103800.99,56108.88,3.89644994,0.00084750,0.02712002,0.01695002,1.22806209,1.24501211,893474456.15,24.8632
678,1.8563,1.9728,1.9728,413.87,38565065.16,3660262.15,189166096.66,254993795.67,444159892.34,56091.35,3.89523255,0.00084736,0.02711536,0.01694710,1.22828149,1.24522859,893528547.50,24.8546
679,1.8590,1.9725,1.9725,414.65,38570746.00,3660465.56,189210659.55,255005306.61,444215966.16,56073.82,3.89401557,0.00084721,0.02711070,0.01694419,1.22850095,1.24544513,893582621.32,24.8460
680,1.8617,1.9722,1.9722,415.44,38576426.03,3660668.91,189255208.34,255016814.12,444272022.47,56056.31,3.89279900,0.00084706,0.02710604,0.01694127,1.22872047,1.24566174,893636677.63,24.8374
681,1.8645,1.9720,1.9720,416.23,38582105.27,3660872.20,189299743.04,255028318.22,444328061.26,56038.79,3.89158285,0.00084692,0.02710138,0.01693836,1.22894006,1.24587842,893690716.42,24.8288
682,1.8672,1.9717,1.9717,417.02,38587783.71,3661075.44,189344263.64,255039818.91,444384082.55,56021.29,3.89036712,0.00084677,0.02709672,0.01693545,1.22915972,1.24609517,893744737.71,24.8202
683,1.8700,1.9714,1.9714,417.82,38593461.35,3661278.62,189388770.15,255051316.18,444440086.33,56003.79,3.88915179,0.00084663,0.02709206,0.01693254,1.22937944,1.24631198,893798741.50,24.8116
684,1.8727,1.9711,1.9711,418.61,38599138.19,3661481.74,189433262.58,255062810.04,444496072.62,55986.29,3.88793689,0.00084648,0.02708741,0.01692963,1.22959923,1.24652886,893852727.79,24.8031
685,1.8754,1.9708,1.9708,419.40,38604814.24,3661684.81,189477740.94,255074300.49,444552041.43,55968.80,3.88672239,0.00084634,0.02708275,0.01692672,1.22981908,1.24674580,893906696.59,24.7945
686,1.8782,1.9706,1.9706,420.20,38610489.48,3661887.83,189522205.22,255085787.53,444607992.75,55951.32,3.88550831,0.00084619,0.02707809,0.01692381,1.23003901,1.24696281,893960647.91,24.7859
687,1.8809,1.9703,1.9703,421.00,38616163.93,3662090.79,189566655.43,255097271.16,444663926.59,55933.84,3.88429465,0.00084605,0.02707344,0.01692090,1.23025899,1.24717989,894014581.75,24.7773
688,1.8836,1.9700,1.9700,421.80,38621837.59,3662293.69,189611091.57,255108751.39,444719842.96,55916.37,3.88308139,0.00084590,0.02706879,0.01691799,1.23047904,1.24739703,894068498.12,24.7688
689,1.8864,1.9697,1.9697,422.60,38627510.44,3662496.54,189655513.66,255120228.21,444775741.87,55898.91,3.88186855,0.00084575,0.02706414,0.01691509,1.23069916,1.24761424,894122397.03,24.7602
690,1.8891,1.9695,1.9695,423.41,38633182.50,3662699.33,189699921.68,255131701.63,444831623.32,55881.45,3.88065613,0.00084561,0.02705949,0.01691218,1.23091934,1.24783152,894176278.48,24.7516
691,1.8919,1.9692,1.9692,424.21,38638853.76,3662902.06,189744315.66,255143171.65,444887487.31,55864.00,3.87944411,0.00084546,0.02705484,0.01690927,1.23113959,1.24804886,894230142.47,24.7431
692,1.8946,1.9689,1.9689,425.02,38644524.22,3663104.74,189788695.59,255154638.27,444943333.86,55846.55,3.87823251,0.00084532,0.02705019,0.01690637,1.23135990,1.24826627,894283989.02,24.7345
693,1.8973,1.9686,1.9686,425.83,38650193.89,3663307.37,189833061.48,255166101.49,444999162.97,55829.11,3.87702132,0.00084517,0.02704554,0.01690346,1.23158028,1.24848374,894337818.13,24.7260
694,1.9001,1.9684,1.9684,426.63,38655862.76,3663509.94,189877413.32,255177561.32,445054974.64,55811.67,3.87581055,0.00084503,0.02704089,0.01690056,1.23180072,1.24870128,894391629.80,24.7174
695,1.9028,1.9681,1.9681,427.45,38661530.84,3663712.45,189921751.14,255189017.74,445110768.88,55794.24,3.87460019,0.00084488,0.02703625,0.01689766,1.23202123,1.24891888,894445424.04,24.7088
696,1.9055,1.9678,1.9678,428.26,38667198.11,3663914.91,189966074.92,255200470.78,445166545.70,55776.82,3.87339023,0.00084474,0.02703160,0.01689475,1.23224180,1.24913655,894499200.86,24.7003
697,1.9083,1.9675,1.9675,429.07,38672864.60,3664117.31,190010384.68,255211920.42,445222305.10,55759.40,3.87218070,0.00084459,0.02702696,0.01689185,1.23246244,1.24935429,894552960.27,24.6917
698,1.9110,1.9673,1.9673,429.89,38678530.28,3664319.66,190054680.42,255223366.67,445278047.09,55741.99,3.87097157,0.00084445,0.02702232,0.01688895,1.23268314,1.24957209,894606702.26,24.6832
699,1.9138,1.9670,1.9670,430.70,38684195.17,3664521.95,190098962.14,255234809.53,445333771.68,55724.59,3.86976285,0.00084430,0.02701768,0.01688605,1.23290391,1.24978996,894660426.84,24.6747
700,1.9165,1.9667,1.9667,431.52,38689859.26,3664724.19,190143229.86,255246249.01,445389478.86,55707.19,3.86855455,0.00084416,0.02701304,0.01688315,1.23312474,1.25000789,894714134.03,24.6661
701,1.9192,1.9664,1.9664,432.34,38695522.56,3664926.37,190187483.56,255257685.10,445445168.66,55689.79,3.86734666,0.00084401,0.02700840,0.01688025,1.23334563,1.25022588,894767823.82,24.6576
702,1.9220,1.9661,1.9661,433.17,38701185.06,3665128.49,190231723.26,255269117.80,445500841.06,55672.40,3.86613918,0.00084387,0.02700376,0.01687735,1.23356659,1.25044394,894821496.22,24.6491
703,1.9247,1.9659,1.9659,433.99,38706846.77,3665330.56,190275948.96,255280547.12,445556496.08,55655.02,3.86493211,0.00084372,0.02699912,0.01687445,1.23378762,1.25066207,894875151.24,24.6405
704,1.9274,1.9656,1.9656,434.81,38712507.68,3665532.58,190320160.67,255291973.06,445612133.73,55637.65,3.86372545,0.00084358,0.02699449,0.01687155,1.23400871,1.25088026,894928788.89,24.6320
705,1.9302,1.9653,1.9653,435.64,38718167.79,3665734.54,190364358.39,255303395.61,445667754.00,55620.28,3.86251920,0.00084343,0.02698985,0.01686866,1.23422986,1.25109852,894982409.17,24.6235
706,1.9329,1.9650,1.9650,436.47,38723827.11,3665936.44,190408542.13,255314814.79,445723356.92,55602.91,3.86131336,0.00084329,0.02698522,0.01686576,1.23445108,1.25131684,895036012.08,24.6149
707,1.9357,1.9648,1.9648,437.30,38729485.63,3666138.29,190452711.88,255326230.59,445778942.47,55585.55,3.86010793,0.00084314,0.02698059,0.01686287,1.23467236,1.25153523,895089597.63,24.6064
708,1.9384,1.9645,1.9645,438.13,38735143.36,3666340.09,190496867.66,255337643.02,445834510.67,55568.20,3.85890292,0.00084300,0.02697595,0.01685997,1.23489371,1.25175368,895143165.84,24.5979
709,1.9411,1.9642,1.9642,438.96,38740800.30,3666541.82,190541009.46,255349052.07,445890061.53,55550.86,3.85769831,0.00084285,0.02697132,0.01685708,1.23511512,1.25197219,895196716.69,24.5894
710,1.9439,1.9639,1.9639,439.80,38746456.44,3666743.51,190585137.30,255360457.74,445945595.04,55533.52,3.85649411,0.00084271,0.02696669,0.01685418,1.23533659,1.25219077,895250250.21,24.5809
711,1.9466,1.9637,1.9637,440.63,38752111.78,3666945.14,190629251.18,255371860.05,446001111.23,55516.18,3.85529032,0.00084256,0.02696206,0.01685129,1.23555813,1.25240942,895303766.39,24.5724
712,1.9493,1.9634,1.9634,441.47,38757766.33,3667146.71,190673351.09,255383258.98,446056610.08,55498.85,3.85408695,0.00084242,0.02695744,0.01684840,1.23577973,1.25262813,895357265.24,24.5639
713,1.9521,1.9631,1.9631,442.31,38763420.08,3667348.23,190717437.05,255394654.55,446112091.61,55481.53,3.85288398,0.00084228,0.02695281,0.01684551,1.23600139,1.25284690,895410746.77,24.5554
714,1.9548,1.9628,1.9628,443.15,38769073.04,3667549.69,190761509.07,255406046.75,446167555.82,55464.21,3.85168142,0.00084213,0.02694818,0.01684261,1.23622312,1.25306574,895464210.98,24.5469
715,1.9576,1.9626,1.9626,443.99,38774725.21,3667751.10,190805567.13,255417435.59,446223002.72,55446.90,3.85047927,0.00084199,0.02694356,0.01683972,1.23644491,1.25328464,895517657.88,24.5384
716,1.9603,1.9623,1.9623,444.84,38780376.58,3667952.45,190849611.26,255428821.06,446278432.32,55429.60,3.84927753,0.00084184,0.02693893,0.01683683,1.23666677,1.25350360,895571087.48,24.5299
717,1.9630,1.9620,1.9620,445.68,38786027.16,3668153.75,190893641.45,255440203.16,446333844.61,55412.30,3.84807619,0.00084170,0.02693431,0.01683395,1.23688869,1.25372263,895624499.78,24.5214
718,1.9658,1.9617,1.9617,446.53,38791676.94,3668354.99,190937657.71,255451581.91,446389239.62,55395.00,3.84687527,0.00084155,0.02692969,0.01683106,1.23711067,1.25394173,895677894.78,24.5129
719,1.9685,1.9615,1.9615,447.38,38797325.93,3668556.18,190981660.04,255462957.30,446444617.33,55377.72,3.84567476,0.00084141,0.02692507,0.01682817,1.23733271,1.25416088,895731272.50,24.5044
720,1.9713,1.9612,1.9612,448.23,38802974.13,3668757.32,191025648.45,255474329.32,446499977.77,55360.43,3.84447465,0.00084126,0.02692045,0.01682528,1.23755482,1.25438010,895784632.93,24.4959
721,1.9740,1.9609,1.9609,449.08,38808621.53,3668958.39,191069622.93,255485698.00,446555320.93,55343.16,3.84327495,0.00084112,0.02691583,0.01682239,1.23777699,1.25459939,895837976.09,24.4874
722,1.9767,1.9606,1.9606,449.93,38814268.14,3669159.42,191113583.51,255497063.31,446610646.82,55325.89,3.84207566,0.00084098,0.02691121,0.01681951,1.23799923,1.25481874,895891301.98,24.4789
723,1.9795,1.9604,1.9604,450.79,38819913.95,3669360.39,191157530.17,255508425.27,446665955.44,55308.63,3.84087678,0.00084083,0.02690660,0.01681662,1.23822153,1.25503815,895944610.61,24.4705
724,1.9822,1.9601,1.9601,451.65,38825558.98,3669561.30,191201462.93,255519783.88,446721246.81,55291.37,3.83967830,0.00084069,0.02690198,0.01681374,1.23844389,1.25525763,895997901.97,24.4620
725,1.9849,1.9598,1.9598,452.50,38831203.20,3669762.16,191245381.78,255531139.14,446776520.93,55274.12,3.83848023,0.00084054,0.02689737,0.01681086,1.23866631,1.25547717,896051176.09,24.4535
726,1.9877,1.9595,1.9595,453.36,38836846.64,3669962.96,191289286.74,255542491.05,446831777.80,55256.87,3.83728257,0.00084040,0.02689275,0.01680797,1.23888880,1.25569677,896104432.96,24.4450
727,1.9904,1.9593,1.9593,454.23,38842489.28,3670163.71,191333177.81,255553839.61,446887017.42,55239.63,3.83608532,0.00084025,0.02688814,0.01680509,1.23911134,1.25591643,896157672.59,24.4366
728,1.9932,1.9590,1.9590,455.09,38848131.13,3670364.41,191377054.99,255565184.83,446942239.82,55222.39,3.83488847,0.00084011,0.02688353,0.01680221,1.23933396,1.25613616,896210894.98,24.4281
729,1.9959,1.9587,1.9587,455.96,38853772.19,3670565.05,191420918.28,255576526.70,446997444.98,55205.17,3.83369204,0.00083997,0.02687892,0.01679933,1.23955663,1.25635596,896264100.15,24.4196
730,1.9986,1.9584,1.9584,456.82,38859412.45,3670765.63,191464767.70,255587865.23,447052632.93,55187.94,3.83249600,0.00083982,0.02687431,0.01679644,1.23977937,1.25657581,896317288.09,24.4112
731,2.0014,1.9581,1.9581,457.69,38865051.92,3670966.16,191508603.24,255599200.41,447107803.65,55170.73,3.83130038,0.00083968,0.02686970,0.01679356,1.24000217,1.25679573,896370458.81,24.4027
732,2.0041,1.9579,1.9579,458.56,38870690.60,3671166.64,191552424.91,255610532.25,447162957.17,55153.51,3.83010516,0.00083953,0.02686510,0.01679068,1.24022503,1.25701571,896423612.33,24.3943
733,2.0068,1.9576,1.9576,459.43,38876328.49,3671367.06,191596232.72,255621860.76,447218093.47,55136.31,3.82891034,0.00083939,0.02686049,0.01678781,1.24044795,1.25723576,896476748.64,24.3858
734,2.0096,1.9573,1.9573,460.31,38881965.58,3671567.42,191640026.66,255633185.93,447273212.58,55119.11,3.82771594,0.00083925,0.02685588,0.01678493,1.24067094,1.25745586,896529867.75,24.3774
735,2.0123,1.9570,1.9570,461.18,38887601.89,3671767.73,191683806.74,255644507.76,447328314.50,55101.92,3.82652194,0.00083910,0.02685128,0.01678205,1.24089398,1.25767603,896582969.66,24.3689
736,2.0151,1.9568,1.9568,462.06,38893237.40,3671967.99,191727572.98,255655826.25,447383399.23,55084.73,3.82532834,0.00083896,0.02684668,0.01677917,1.24111709,1.25789627,896636054.39,24.3605
737,2.0178,1.9565,1.9565,462.93,38898872.11,3672168.19,191771325.36,255667141.41,447438466.77,55067.55,3.82413515,0.00083881,0.02684207,0.01677630,1.24134026,1.25811656,896689121.94,24.3520
738,2.0205,1.9562,1.9562,463.81,38904506.04,3672368.34,191815063.90,255678453.25,447493517.14,55050.37,3.82294237,0.00083867,0.02683747,0.01677342,1.24156350,1.25833692,896742172.31,24.3436
739,2.0233,1.9559,1.9559,464.70,38910139.18,3672568.44,191858788.60,255689761.75,447548550.34,55033.20,3.82174999,0.00083853,0.02683287,0.01677055,1.24178679,1.25855734,896795205.51,24.3352
740,2.0260,1.9557,1.9557,465.58,38915771.52,3672768.47,191902499.46,255701066.92,447603566.38,55016.04,3.82055801,0.00083838,0.02682827,0.01676767,1.24201015,1.25877782,896848221.54,24.3267
741,2.0287,1.9554,1.9554,466.46,38921403.07,3672968.46,191946196.50,255712368.76,447658565.26,54998.88,3.81936644,0.00083824,0.02682368,0.01676480,1.24223357,1.25899837,896901220.42,24.3183
742,2.0315,1.9551,1.9551,467.35,38927033.83,3673168.39,191989879.70,255723667.28,447713546.98,54981.72,3.81817528,0.00083810,0.02681908,0.01676192,1.24245705,1.25921898,896954202.14,24.3099
743,2.0342,1.9549,1.9549,468.24,38932663.80,3673368.26,192033549.09,255734962.47,447768511.56,54964.58,3.81698452,0.00083795,0.02681448,0.01675905,1.24268059,1.25943965,897007166.72,24.3015
744,2.0370,1.9546,1.9546,469.13,38938292.98,3673568.09,192077204.65,255746254.34,447823458.99,54947.44,3.81579417,0.00083781,0.02680989,0.01675618,1.24290420,1.25966038,897060114.16,24.2930
745,2.0397,1.9543,1.9543,470.02,38943921.37,3673767.85,192120846.41,255757542.89,447878389.29,54930.30,3.81460421,0.00083767,0.02680529,0.01675331,1.24312786,1.25988117,897113044.46,24.2846
746,2.0424,1.9540,1.9540,470.92,38949548.96,3673967.56,192164474.35,255768828.12,447933302.47,54913.17,3.81341467,0.00083752,0.02680070,0.01675044,1.24335159,1.26010203,897165957.63,24.2762
747,2.0452,1.9538,1.9538,471.81,38955175.77,3674167.22,192208088.49,255780110.02,447988198.51,54896.05,3.81222553,0.00083738,0.02679611,0.01674757,1.24357538,1.26032295,897218853.68,24.2678
748,2.0479,1.9535,1.9535,472.71,38960801.78,3674366.83,192251688.83,255791388.62,448043077.44,54878.93,3.81103679,0.00083723,0.02679152,0.01674470,1.24379923,1.26054393,897271732.61,24.2594
749,2.0507,1.9532,1.9532,473.61,38966427.01,3674566.37,192295275.37,255802663.89,448097939.26,54861.82,3.80984845,0.00083709,0.02678693,0.01674183,1.24402314,1.26076497,897324594.42,24.2510
750,2.0534,1.9529,1.9529,474.51,38972051.44,3674765.87,192338848.12,255813935.85,448152783.97,54844.71,3.80866052,0.00083695,0.02678234,0.01673896,1.24424711,1.26098607,897377439.13,24.2426
751,2.0561,1.9527,1.9527,475.41,38977675.08,3674965.31,192382407.08,255825204.50,448207611.58,54827.61,3.80747299,0.00083680,0.02677775,0.01673610,1.24447114,1.26120724,897430266.75,24.2342
752,2.0589,1.9524,1.9524,476.31,38983297.94,3675164.70,192425952.26,255836469.84,448262422.10,54810.52,3.80628587,0.00083666,0.02677317,0.01673323,1.24469523,1.26142846,897483077.26,24.2258
753,2.0616,1.9521,1.9521,477.22,38988920.00,3675364.03,192469483.66,255847731.86,448317215.53,54793.43,3.80509915,0.00083652,0.02676858,0.01673036,1.24491939,1.26164975,897535870.69,24.2174
754,2.0643,1.9518,1.9518,478.12,38994541.27,3675563.31,192513001.29,255858990.58,448371991.87,54776.34,3.80391283,0.00083637,0.02676399,0.01672750,1.24514360,1.26187110,897588647.03,24.2090
755,2.0671,1.9516,1.9516,479.03,39000161.76,3675762.53,192556505.15,255870245.99,448426751.14,54759.27,3.80272691,0.00083623,0.02675941,0.01672463,1.24536788,1.26209251,897641406.30,24.2006
756,2.0698,1.9513,1.9513,479.94,39005781.45,3675961.70,192599995.24,255881498.10,448481493.34,54742.20,3.80154140,0.00083609,0.02675483,0.01672177,1.24559222,1.26231399,897694148.50,24.1922
757,2.0726,1.9510,1.9510,480.86,39011400.35,3676160.82,192643471.57,255892746.90,448536218.47,54725.13,3.80035629,0.00083595,0.02675025,0.01671890,1.24581662,1.26253552,897746873.63,24.1838
758,2.0753,1.9507,1.9507,481.77,39017018.47,3676359.88,192686934.14,255903992.39,448590926.54,54708.07,3.79917158,0.00083580,0.02674567,0.01671604,1.24604107,1.26275711,897799581.70,24.1754
759,2.0780,1.9505,1.9505,482.69,39022635.79,3676558.89,192730382.96,255915234.59,448645617.55,54691.02,3.79798727,0.00083566,0.02674109,0.01671318,1.24626559,1.26297877,897852272.72,24.1670
760,2.0808,1.9502,1.9502,483.60,39028252.33,3676757.84,192773818.04,255926473.48,448700291.52,54673.97,3.79680337,0.00083552,0.02673651,0.01671032,1.24649017,1.26320049,897904946.68,24.1586
761,2.0835,1.9499,1.9499,484.52,39033868.07,3676956.74,192817239.37,255937709.08,448754948.45,54656.93,3.79561986,0.00083537,0.02673193,0.01670746,1.24671481,1.26342227,897957603.61,24.1503
762,2.0862,1.9496,1.9496,485.44,39039483.03,3677155.58,192860646.96,255948941.38,448809588.34,54639.89,3.79443676,0.00083523,0.02672735,0.01670460,1.24693951,1.26364411,898010243.50,24.1419
763,2.0890,1.9494,1.9494,486.37,39045097.20,3677354.38,192904040.81,255960170.38,448864211.20,54622.86,3.79325406,0.00083509,0.02672278,0.01670174,1.24716427,1.26386601,898062866.36,24.1335
764,2.0917,1.9491,1.9491,487.29,39050710.58,3677553.11,192947420.93,255971396.09,448918817.03,54605.83,3.79207176,0.00083494,0.02671820,0.01669888,1.24738909,1.26408797,898115472.19,24.1252
765,2.0945,1.9488,1.9488,488.22,39056323.17,3677751.80,192990787.33,255982618.51,448973405.84,54588.81,3.79088987,0.00083480,0.02671363,0.01669602,1.24761397,1.26430999,898168061.01,24.1168
766,2.0972,1.9485,1.9485,489.14,39061934.97,3677950.43,193034140.01,255993837.64,449027977.64,54571.80,3.78970837,0.00083466,0.02670906,0.01669316,1.24783891,1.26453207,898220632.81,24.1084
767,2.0999,1.9483,1.9483,490.07,39067545.98,3678149.00,193077478.97,256005053.47,449082532.44,54554.79,3.78852728,0.00083452,0.02670449,0.01669030,1.24806391,1.26475422,898273187.60,24.1001
768,2.1027,1.9480,1.9480,491.01,39073156.21,3678347.52,193120804.21,256016266.02,449137070.23,54537.79,3.78734658,0.00083437,0.02669991,0.01668745,1.24828897,1.26497642,898325725.39,24.0917
769,2.1054,1.9477,1.9477,491.94,39078765.64,3678545.99,193164115.74,256027475.28,449191591.02,54520.79,3.78616629,0.00083423,0.02669534,0.01668459,1.24851409,1.26519868,898378246.18,24.0834
770,2.1081,1.9474,1.9474,492.87,39084374.29,3678744.40,193207413.58,256038681.25,449246094.83,54503.80,3.78498639,0.00083409,0.02669078,0.01668174,1.24873927,1.26542101,898430749.99,24.0750
771,2.1109,1.9472,1.9472,493.81,39089982.15,3678942.76,193250697.71,256049883.94,449300581.65,54486.82,3.78380690,0.00083394,0.02668621,0.01667888,1.24896451,1.26564339,898483236.81,24.0667
772,2.1136,1.9469,1.9469,494.75,39095589.22,3679141.07,193293968.14,256061083.35,449355051.49,54469.84,3.78262781,0.00083380,0.02668164,0.01667603,1.24918981,1.26586584,898535706.65,24.0583
773,2.1164,1.9466,1.9466,495.69,39101195.51,3679339.32,193337224.88,256072279.47,449409504.35,54452.87,3.78144911,0.00083366,0.02667708,0.01667317,1.24941517,1.26608835,898588159.52,24.0500
774,2.1191,1.9464,1.9464,496.63,39106801.00,3679537.52,193380467.94,256083472.32,449463940.25,54435.90,3.78027082,0.00083352,0.02667251,0.01667032,1.24964059,1.26631091,898640595.42,24.0416
775,2.1218,1.9461,1.9461,497.58,39112405.71,3679735.67,193423697.31,256094661.88,449518359.19,54418.94,3.77909293,0.00083337,0.02666795,0.01666747,1.24986607,1.26653354,898693014.35,24.0333
776,2.1246,1.9458,1.9458,498.52,39118009.63,3679933.76,193466913.00,256105848.17,449572761.17,54401.98,3.77791543,0.00083323,0.02666339,0.01666462,1.25009161,1.26675622,898745416.34,24.0250
777,2.1273,1.9455,1.9455,499.47,39123612.77,3680131.80,193510115.02,256117031.18,449627146.21,54385.03,3.77673834,0.00083309,0.02665882,0.01666177,1.25031720,1.26697897,898797801.37,24.0166
778,2.1300,1.9453,1.9453,500.42,39129215.11,3680329.78,193553303.37,256128210.92,449681514.29,54368.09,3.77556164,0.00083295,0.02665426,0.01665892,1.25054286,1.26720178,898850169.46,24.0083
779,2.1328,1.9450,1.9450,501.37,39134816.67,3680527.71,193596478.05,256139387.39,449735865.44,54351.15,3.77438534,0.00083280,0.02664970,0.01665607,1.25076858,1.26742464,898902520.60,24.0000
780,2.1355,1.9447,1.9447,502.32,39140417.44,3680725.59,193639639.08,256150560.58,449790199.66,54334.22,3.77320945,0.00083266,0.02664515,0.01665322,1.25099435,1.26764757,898954854.82,23.9916
781,2.1383,1.9444,1.9444,503.28,39146017.43,3680923.41,193682786.44,256161730.51,449844516.95,54317.29,3.77203395,0.00083252,0.02664059,0.01665037,1.25122019,1.26787055,899007172.11,23.9833
782,2.1410,1.9442,1.9442,504.24,39151616.62,3681121.18,193725920.15,256172897.16,449898817.31,54300.37,3.77085885,0.00083238,0.02663603,0.01664752,1.25144608,1.26809360,899059472.48,23.9750
783,2.1437,1.9439,1.9439,505.19,39157215.04,3681318.89,193769040.22,256184060.55,449953100.77,54283.45,3.76968414,0.00083223,0.02663148,0.01664467,1.25167203,1.26831670,899111755.93,23.9667
784,2.1465,1.9436,1.9436,506.15,39162812.66,3681516.56,193812146.63,256195220.67,450007367.31,54266.54,3.76850984,0.00083209,0.02662692,0.01664183,1.25189804,1.26853987,899164022.47,23.9584
785,2.1492,1.9433,1.9433,507.12,39168409.50,3681714.16,193855239.41,256206377.53,450061616.94,54249.64,3.76733593,0.00083195,0.02662237,0.01663898,1.25212411,1.26876309,899216272.11,23.9500
786,2.1520,1.9431,1.9431,508.08,39174005.55,3681911.72,193898318.56,256217531.12,450115849.68,54232.74,3.76616242,0.00083181,0.02661782,0.01663614,1.25235024,1.26898638,899268504.85,23.9417
787,2.1547,1.9428,1.9428,509.05,39179600.81,3682109.22,193941384.07,256228681.46,450170065.53,54215.85,3.76498931,0.00083166,0.02661327,0.01663329,1.25257643,1.26920972,899320720.69,23.9334
788,2.1574,1.9425,1.9425,510.01,39185195.29,3682306.67,193984435.96,256239828.53,450224264.49,54198.96,3.76381660,0.00083152,0.02660871,0.01663045,1.25280267,1.26943312,899372919.65,23.9251
789,2.1602,1.9423,1.9423,510.98,39190788.99,3682504.06,194027474.22,256250972.35,450278446.57,54182.08,3.76264428,0.00083138,0.02660417,0.01662760,1.25302898,1.26965658,899425101.73,23.9168
790,2.1629,1.9420,1.9420,511.95,39196381.89,3682701.41,194070498.87,256262112.90,450332611.77,54165.20,3.76147237,0.00083124,0.02659962,0.01662476,1.25325534,1.26988010,899477266.93,23.9085
791,2.1656,1.9417,1.9417,512.93,39201974.01,3682898.69,194113509.90,256273250.20,450386760.10,54148.33,3.76030085,0.00083110,0.02659507,0.01662192,1.25348176,1.27010368,899529415.26,23.9002
792,2.1684,1.9414,1.9414,513.90,39207565.35,3683095.93,194156507.32,256284384.25,450440891.57,54131.47,3.75912972,0.00083095,0.02659052,0.01661908,1.25370824,1.27032732,899581546.73,23.8919
793,2.1711,1.9412,1.9412,514.88,39213155.90,3683293.11,194199491.14,256295515.04,450495006.18,54114.61,3.75795899,0.00083081,0.02658598,0.01661624,1.25393478,1.27055102,899633661.34,23.8837
794,2.1739,1.9409,1.9409,515.86,39218745.66,3683490.24,194242461.35,256306642.58,450549103.93,54097.76,3.75678866,0.00083067,0.02658143,0.01661340,1.25416138,1.27077478,899685759.10,23.8754
795,2.1766,1.9406,1.9406,516.84,39224334.64,3683687.31,194285417.97,256317766.87,450603184.84,54080.91,3.75561873,0.00083053,0.02657689,0.01661056,1.25438804,1.27099859,899737840.01,23.8671
796,2.1793,1.9403,1.9403,517.82,39229922.83,3683884.33,194328361.00,256328887.92,450657248.91,54064.07,3.75444919,0.00083039,0.02657235,0.01660772,1.25461475,1.27122247,899789904.08,23.8588
797,2.1821,1.9401,1.9401,518.81,39235510.24,3684081.30,194371290.43,256340005.71,450711296.15,54047.23,3.75328005,0.00083024,0.02656781,0.01660488,1.25484152,1.27144640,899841951.31,23.8505
798,2.1848,1.9398,1.9398,519.79,39241096.86,3684278.22,194414206.29,256351120.26,450765326.55,54030.40,3.75211130,0.00083010,0.02656327,0.01660204,1.25506835,1.27167039,899893981.71,23.8422
799,2.1875,1.9395,1.9395,520.78,39246682.70,3684475.08,194457108.56,256362231.56,450819340.13,54013.58,3.75094296,0.00082996,0.02655873,0.01659920,1.25529524,1.27189444,899945995.29,23.8340
800,2.1903,1.9393,1.9393,521.77,39252267.75,3684671.89,194499997.26,256373339.62,450873336.89,53996.76,3.74977500,0.00082982,0.02655419,0.01659637,1.25552218,1.27211855,899997992.05,23.8257
801,2.1930,1.9390,1.9390,522.76,39257852.02,3684868.64,194542872.39,256384444.44,450927316.83,53979.95,3.74860744,0.00082968,0.02654965,0.01659353,1.25574919,1.27234272,900049972.00,23.8174
802,2.1958,1.9387,1.9387,523.75,39263435.50,3685065.34,194585733.95,256395546.02,450981279.97,53963.14,3.74744028,0.00082953,0.02654511,0.01659070,1.25597625,1.27256694,900101935.14,23.8092
803,2.1985,1.9384,1.9384,524.75,39269018.20,3685261.99,194628581.95,256406644.36,451035226.31,53946.34,3.74627351,0.00082939,0.02654058,0.01658786,1.25620337,1.27279123,900153881.48,23.8009
804,2.2012,1.9382,1.9382,525.75,39274600.11,3685458.59,194671416.40,256417739.46,451089155.86,53929.54,3.74510714,0.00082925,0.02653604,0.01658503,1.25643054,1.27301557,900205811.02,23.7926
805,2.2040,1.9379,1.9379,526.75,39280181.24,3685655.13,194714237.28,256428831.32,451143068.61,53912.75,3.74394116,0.00082911,0.02653151,0.01658219,1.25665778,1.27323997,900257723.77,23.7844
806,2.2067,1.9376,1.9376,527.75,39285761.59,3685851.62,194757044.62,256439919.95,451196964.58,53895.97,3.74277558,0.00082897,0.02652698,0.01657936,1.25688507,1.27346443,900309619.74,23.7761
807,2.2094,1.9373,1.9373,528.75,39291341.15,3686048.06,194799838.42,256451005.35,451250843.77,53879.19,3.74161039,0.00082883,0.02652245,0.01657653,1.25711242,1.27368895,900361498.93,23.7679
808,2.2122,1.9371,1.9371,529.76,39296919.92,3686244.44,194842618.67,256462087.51,451304706.18,53862.42,3.74044560,0.00082868,0.02651792,0.01657370,1.25733983,1.27391353,900413361.35,23.7596
809,2.2149,1.9368,1.9368,530.76,39302497.92,3686440.77,194885385.38,256473166.45,451358551.83,53845.65,3.73928120,0.00082854,0.02651339,0.01657087,1.25756729,1.27413816,900465207.00,23.7514
810,2.2177,1.9365,1.9365,531.77,39308075.13,3686637.05,194928138.57,256484242.15,451412380.72,53828.89,3.73811720,0.00082840,0.02650886,0.01656804,1.25779481,1.27436285,900517035.88,23.7431
811,2.2204,1.9363,1.9363,532.78,39313651.55,3686833.27,194970878.22,256495314.63,451466192.85,53812.13,3.73695359,0.00082826,0.02650433,0.01656521,1.25802239,1.27458760,900568848.01,23.7349
812,2.2231,1.9360,1.9360,533.80,39319227.19,3687029.45,195013604.36,256506383.88,451519988.23,53795.38,3.73579037,0.00082812,0.02649981,0.01656238,1.25825003,1.27481241,900620643.40,23.7267
813,2.2259,1.9357,1.9357,534.81,39324802.05,3687225.56,195056316.97,256517449.90,451573766.87,53778.64,3.73462755,0.00082798,0.02649528,0.01655955,1.25847772,1.27503727,900672422.03,23.7184
814,2.2286,1.9354,1.9354,535.83,39330376.13,3687421.63,195099016.07,256528512.70,451627528.77,53761.90,3.73346512,0.00082784,0.02649076,0.01655672,1.25870547,1.27526220,900724183.93,23.7102
815,2.2313,1.9352,1.9352,536.85,39335949.42,3687617.64,195141701.65,256539572.28,451681273.93,53745.16,3.73230308,0.00082769,0.02648623,0.01655390,1.25893328,1.27548718,900775929.09,23.7020
816,2.2341,1.9349,1.9349,537.87,39341521.93,3687813.60,195184373.73,256550628.64,451735002.37,53728.44,3.73114144,0.00082755,0.02648171,0.01655107,1.25916115,1.27571221,900827657.53,23.6937
817,2.2368,1.9346,1.9346,538.89,39347093.65,3688009.51,195227032.31,256561681.77,451788714.08,53711.71,3.72998019,0.00082741,0.02647719,0.01654824,1.25938907,1.27593731,900879369.25,23.6855
818,2.2396,1.9344,1.9344,539.91,39352664.60,3688205.36,195269677.39,256572731.69,451842409.08,53695.00,3.72881933,0.00082727,0.02647267,0.01654542,1.25961705,1.27616246,900931064.24,23.6773
819,2.2423,1.9341,1.9341,540.94,39358234.76,3688401.17,195312308.97,256583778.40,451896087.37,53678.29,3.72765887,0.00082713,0.02646815,0.01654259,1.25984508,1.27638767,900982742.53,23.6691
820,2.2450,1.9338,1.9338,541.97,39363804.13,3688596.91,195354927.07,256594821.88,451949748.95,53661.58,3.72649880,0.00082699,0.02646363,0.01653977,1.26007317,1.27661294,901034404.11,23.6609
821,2.2478,1.9335,1.9335,543.00,39369372.73,3688792.61,195397531.68,256605862.16,452003393.84,53644.88,3.72533912,0.00082685,0.02645911,0.01653695,1.26030132,1.27683827,901086049.00,23.6526
822,2.2505,1.9333,1.9333,544.03,39374940.54,3688988.25,195440122.81,256616899.22,452057022.02,53628.19,3.72417983,0.00082671,0.02645460,0.01653412,1.26052953,1.27706365,901137677.19,23.6444
823,2.2533,1.9330,1.9330,545.06,39380507.57,3689183.84,195482700.46,256627933.06,452110633.53,53611.50,3.72302094,0.00082657,0.02645008,0.01653130,1.26075779,1.27728909,901189288.69,23.6362
824,2.2560,1.9327,1.9327,546.10,39386073.82,3689379.38,195525264.64,256638963.70,452164228.35,53594.82,3.72186244,0.00082642,0.02644557,0.01652848,1.26098611,1.27751459,901240883.51,23.6280
825,2.2587,1.9325,1.9325,547.14,39391639.28,3689574.87,195567815.35,256649991.13,452217806.49,53578.14,3.72070433,0.00082628,0.02644105,0.01652566,1.26121448,1.27774014,901292461.65,23.6198
826,2.2615,1.9322,1.9322,548.18,39397203.96,3689770.30,195610352.60,256661015.36,452271367.96,53561.47,3.71954661,0.00082614,0.02643654,0.01652284,1.26144292,1.27796575,901344023.12,23.6116
827,2.2642,1.9319,1.9319,549.22,39402767.87,3689965.68,195652876.39,256672036.37,452324912.76,53544.81,3.71838928,0.00082600,0.02643203,0.01652002,1.26167140,1.27819142,901395567.93,23.6034
828,2.2669,1.9316,1.9316,550.26,39408330.98,3690161.01,195695386.72,256683054.19,452378440.91,53528.15,3.71723235,0.00082586,0.02642752,0.01651720,1.26189995,1.27841715,901447096.07,23.5952
829,2.2697,1.9314,1.9314,551.31,39413893.32,3690356.28,195737883.60,256694068.80,452431952.40,53511.49,3.71607580,0.00082572,0.02642301,0.01651438,1.26212855,1.27864293,901498607.56,23.5870
830,2.2724,1.9311,1.9311,552.36,39419454.88,3690551.50,195780367.04,256705080.21,452485447.24,53494.84,3.71491965,0.00082558,0.02641850,0.01651156,1.26235720,1.27886877,901550102.41,23.5788
831,2.2752,1.9308,1.9308,553.41,39425015.65,3690746.67,195822837.03,256716088.41,452538925.44,53478.20,3.71376389,0.00082544,0.02641399,0.01650875,1.26258592,1.27909466,901601580.61,23.5707
832,2.2779,1.9306,1.9306,554.46,39430575.65,3690941.79,195865293.59,256727093.42,452592387.01,53461.56,3.71260852,0.00082530,0.02640949,0.01650593,1.26281469,1.27932062,901653042.17,23.5625
833,2.2806,1.9303,1.9303,555.51,39436134.86,3691136.85,195907736.70,256738095.23,452645831.94,53444.93,3.71145354,0.00082516,0.02640498,0.01650311,1.26304351,1.27954663,901704487.10,23.5543
834,2.2834,1.9300,1.9300,556.57,39441693.29,3691331.87,195950166.39,256749093.85,452699260.24,53428.30,3.71029895,0.00082501,0.02640048,0.01650030,1.26327239,1.27977269,901755915.41,23.5461
835,2.2861,1.9297,1.9297,557.63,39447250.94,3691526.83,195992582.66,256760089.27,452752671.93,53411.68,3.70914475,0.00082487,0.02639597,0.01649748,1.26350133,1.27999881,901807327.09,23.5379
836,2.2888,1.9295,1.9295,558.69,39452807.81,3691721.73,196034985.50,256771081.50,452806067.00,53395.07,3.70799094,0.00082473,0.02639147,0.01649467,1.26373032,1.28022499,901858722.16,23.5298
837,2.2916,1.9292,1.9292,559.75,39458363.89,3691916.59,196077374.93,256782070.53,452859445.46,53378.46,3.70683752,0.00082459,0.02638697,0.01649186,1.26395937,1.28045123,901910100.62,23.5216
838,2.2943,1.9289,1.9289,560.81,39463919.20,3692111.39,196119750.94,256793056.38,452912807.31,53361.86,3.70568450,0.00082445,0.02638247,0.01648904,1.26418847,1.28067752,901961462.48,23.5134
839,2.2971,1.9287,1.9287,561.88,39469473.73,3692306.14,196162113.54,256804039.03,452966152.57,53345.26,3.70453186,0.00082431,0.02637797,0.01648623,1.26441763,1.28090387,902012807.74,23.5053
840,2.2998,1.9284,1.9284,562.95,39475027.47,3692500.84,196204462.74,256815018.50,453019481.24,53328.67,3.70337961,0.00082417,0.02637347,0.01648342,1.26464685,1.28113027,902064136.40,23.4971
841,2.3025,1.9281,1.9281,564.02,39480580.44,3692695.48,196246798.54,256825994.78,453072793.32,53312.08,3.70222775,0.00082403,0.02636897,0.01648061,1.26487612,1.28135673,902115448.48,23.4889
842,2.3053,1.9278,1.9278,565.09,39486132.62,3692890.07,196289120.94,256836967.87,453126088.82,53295.50,3.70107628,0.00082389,0.02636448,0.01647780,1.26510545,1.28158325,902166743.98,23.4808
843,2.3080,1.9276,1.9276,566.16,39491684.03,3693084.62,196331429.95,256847937.79,453179367.74,53278.92,3.69992520,0.00082375,0.02635998,0.01647499,1.26533483,1.28180982,902218022.90,23.4726
844,2.3107,1.9273,1.9273,567.24,39497234.65,3693279.10,196373725.58,256858904.51,453232630.09,53262.35,3.69877451,0.00082361,0.02635549,0.01647218,1.26556427,1.28203645,902269285.26,23.4645
845,2.3135,1.9270,1.9270,568.32,39502784.50,3693473.54,196416007.82,256869868.06,453285875.88,53245.79,3.69762420,0.00082347,0.02635099,0.01646937,1.26579376,1.28226313,902320531.04,23.4563
846,2.3162,1.9268,1.9268,569.40,39508333.56,3693667.92,196458276.68,256880828.43,453339105.11,53229.23,3.69647429,0.00082333,0.02634650,0.01646656,1.26602331,1.28248987,902371760.27,23.4482
847,2.3190,1.9265,1.9265,570.48,39513881.85,3693862.25,196500532.17,256891785.62,453392317.79,53212.68,3.69532476,0.00082319,0.02634201,0.01646376,1.26625291,1.28271667,902422972.95,23.4400
848,2.3217,1.9262,1.9262,571.57,39519429.35,3694056.53,196542774.28,256902739.63,453445513.92,53196.13,3.69417562,0.00082305,0.02633752,0.01646095,1.26648257,1.28294352,902474169.08,23.4319
849,2.3244,1.9259,1.9259,572.65,39524976.08,3694250.76,196585003.03,256913690.47,453498693.50,53179.59,3.69302688,0.00082291,0.02633303,0.01645814,1.26671229,1.28317043,902525348.67,23.4238
850,2.3272,1.9257,1.9257,573.74,39530522.03,3694444.94,196627218.42,256924638.13,453551856.55,53163.05,3.69187851,0.00082277,0.02632854,0.01645534,1.26694205,1.28339739,902576511.72,23.4156
851,2.3299,1.9254,1.9254,574.83,39536067.19,3694639.06,196669420.45,256935582.62,453605003.07,53146.52,3.69073054,0.00082263,0.02632405,0.01645253,1.26717188,1.28362441,902627658.24,23.4075
852,2.3326,1.9251,1.9251,575.92,39541611.58,3694833.13,196711609.13,256946523.94,453658133.07,53129.99,3.68958296,0.00082249,0.02631957,0.01644973,1.26740176,1.28385149,902678788.23,23.3994
853,2.3354,1.9249,1.9249,577.02,39547155.19,3695027.15,196753784.46,256957462.09,453711246.54,53113.47,3.68843576,0.00082235,0.02631508,0.01644693,1.26763169,1.28407862,902729901.71,23.3912
854,2.3381,1.9246,1.9246,578.12,39552698.02,3695221.11,196795946.44,256968397.07,453764343.50,53096.96,3.68728895,0.00082221,0.02631060,0.01644412,1.26786168,1.28430580,902780998.67,23.3831
855,2.3409,1.9243,1.9243,579.21,39558240.07,3695415.03,196838095.08,256979328.88,453817423.96,53080.45,3.68614253,0.00082207,0.02630611,0.01644132,1.26809172,1.28453304,902832079.12,23.3750
856,2.3436,1.9241,1.9241,580.32,39563781.34,3695608.89,196880230.38,256990257.52,453870487.91,53063.95,3.68499649,0.00082193,0.02630163,0.01643852,1.26832182,1.28476034,902883143.07,23.3669
857,2.3463,1.9238,1.9238,581.42,39569321.84,3695802.70,196922352.35,257001183.01,453923535.36,53047.45,3.68385084,0.00082179,0.02629715,0.01643572,1.26855197,1.28498769,902934190.52,23.3588
858,2.3491,1.9235,1.9235,582.52,39574861.55,3695996.46,196964461.00,257012105.32,453976566.32,53030.96,3.68270558,0.00082165,0.02629267,0.01643292,1.26878218,1.28521510,902985221.48,23.3507
859,2.3518,1.9232,1.9232,583.63,39580400.49,3696190.17,197006556.32,257023024.48,454029580.79,53014.47,3.68156071,0.00082151,0.02628819,0.01643012,1.26901244,1.28544256,903036235.96,23.3425
860,2.3546,1.9230,1.9230,584.74,39585938.65,3696383.82,197048638.32,257033940.47,454082578.79,52997.99,3.68041622,0.00082137,0.02628371,0.01642732,1.26924276,1.28567008,903087233.95,23.3344
861,2.3573,1.9227,1.9227,585.85,39591476.03,3696577.42,197090707.00,257044853.31,454135560.31,52981.52,3.67927212,0.00082123,0.02627923,0.01642452,1.26947313,1.28589765,903138215.47,23.3263
862,2.3600,1.9224,1.9224,586.97,39597012.63,3696770.97,197132762.37,257055762.98,454188525.35,52965.05,3.67812841,0.00082109,0.02627475,0.01642172,1.26970356,1.28612528,903189180.52,23.3182
863,2.3628,1.9222,1.9222,588.08,39602548.46,3696964.47,197174804.44,257066669.50,454241473.94,52948.59,3.67698508,0.00082095,0.02627028,0.01641892,1.26993404,1.28635296,903240129.10,23.3101
864,2.3655,1.9219,1.9219,589.20,39608083.50,3697157.92,197216833.20,257077572.87,454294406.07,52932.13,3.67584213,0.00082081,0.02626580,0.01641613,1.27016457,1.28658070,903291061.23,23.3020
865,2.3682,1.9216,1.9216,590.32,39613617.77,3697351.32,197258848.66,257088473.08,454347321.74,52915.67,3.67469958,0.00082067,0.02626133,0.01641333,1.27039516,1.28680849,903341976.90,23.2939
866,2.3710,1.9214,1.9214,591.44,39619151.26,3697544.66,197300850.83,257099370.14,454400220.97,52899.23,3.67355741,0.00082053,0.02625686,0.01641053,1.27062580,1.28703634,903392876.13,23.2859
867,2.3737,1.9211,1.9211,592.57,39624683.97,3697737.95,197342839.71,257110264.04,454453103.75,52882.78,3.67241562,0.00082039,0.02625238,0.01640774,1.27085650,1.28726424,903443758.91,23.2778
868,2.3765,1.9208,1.9208,593.69,39630215.91,3697931.19,197384815.30,257121154.80,454505970.10,52866.35,3.67127422,0.00082025,0.02624791,0.01640495,1.27108725,1.28749220,903494625.26,23.2697
869,2.3792,1.9205,1.9205,594.82,39635747.07,3698124.38,197426777.61,257132042.41,454558820.02,52849.92,3.67013321,0.00082011,0.02624344,0.01640215,1.27131806,1.28772021,903545475.18,23.2616
870,2.3819,1.9203,1.9203,595.95,39641277.45,3698317.51,197468726.64,257142926.87,454611653.51,52833.49,3.66899258,0.00081997,0.02623897,0.01639936,1.27154892,1.28794827,903596308.67,23.2535
871,2.3847,1.9200,1.9200,597.08,39646807.05,3698510.60,197510662.40,257153808.18,454664470.59,52817.07,3.66785233,0.00081983,0.02623451,0.01639657,1.27177983,1.28817640,903647125.75,23.2454
872,2.3874,1.9197,1.9197,598.22,39652335.88,3698703.63,197552584.89,257164686.36,454717271.25,52800.66,3.66671247,0.00081969,0.02623004,0.01639377,1.27201080,1.28840457,903697926.41,23.2374
873,2.3901,1.9195,1.9195,599.36,39657863.93,3698896.61,197594494.11,257175561.38,454770055.50,52784.25,3.66557300,0.00081955,0.02622557,0.01639098,1.27224182,1.28863280,903748710.66,23.2293
874,2.3929,1.9192,1.9192,600.49,39663391.20,3699089.54,197636390.08,257186433.27,454822823.34,52767.85,3.66443391,0.00081941,0.02622111,0.01638819,1.27247289,1.28886108,903799478.51,23.2212
875,2.3956,1.9189,1.9189,601.64,39668917.70,3699282.42,197678272.78,257197302.01,454875574.80,52751.45,3.66329520,0.00081927,0.02621664,0.01638540,1.27270402,1.28908942,903850229.96,23.2132
876,2.3984,1.9187,1.9187,602.78,39674443.42,3699475.25,197720142.24,257208167.62,454928309.85,52735.06,3.66215688,0.00081913,0.02621218,0.01638261,1.27293520,1.28931782,903900965.02,23.2051
877,2.4011,1.9184,1.9184,603.93,39679968.36,3699668.02,197761998.44,257219030.08,454981028.53,52718.67,3.66101894,0.00081899,0.02620772,0.01637982,1.27316644,1.28954626,903951683.69,23.1970
878,2.4038,1.9181,1.9181,605.07,39685492.53,3699860.74,197803841.40,257229889.42,455033730.82,52702.29,3.65988139,0.00081885,0.02620326,0.01637704,1.27339773,1.28977476,904002385.98,23.1890
879,2.4066,1.9178,1.9178,606.22,39691015.92,3700053.41,197845671.13,257240745.61,455086416.74,52685.92,3.65874422,0.00081871,0.02619880,0.01637425,1.27362907,1.29000332,904053071.90,23.1809
880,2.4093,1.9176,1.9176,607.38,39696538.54,3700246.03,197887487.61,257251598.67,455139086.28,52669.55,3.65760744,0.00081857,0.02619434,0.01637146,1.27386047,1.29023193,904103741.45,23.1729
881,2.4120,1.9173,1.9173,608.53,39702060.37,3700438.60,197929290.86,257262448.60,455191739.47,52653.18,3.65647103,0.00081843,0.02618988,0.01636867,1.27409192,1.29046059,904154394.63,23.1648
882,2.4148,1.9170,1.9170,609.69,39707581.44,3700631.12,197971080.89,257273295.40,455244376.29,52636.82,3.65533501,0.00081829,0.02618542,0.01636589,1.27432342,1.29068931,904205031.45,23.1568
883,2.4175,1.9168,1.9168,610.85,39713101.72,3700823.58,198012857.69,257284139.07,455296996.76,52620.47,3.65419938,0.00081816,0.02618097,0.01636310,1.27455498,1.29091808,904255651.92,23.1487
884,2.4203,1.9165,1.9165,612.01,39718621.24,3701016.00,198054621.28,257294979.61,455349600.89,52604.12,3.65306413,0.00081802,0.02617651,0.01636032,1.27478659,1.29114691,904306256.05,23.1407
885,2.4230,1.9162,1.9162,613.17,39724139.97,3701208.36,198096371.65,257305817.02,455402188.67,52587.78,3.65192926,0.00081788,0.02617206,0.01635753,1.27501825,1.29137579,904356843.83,23.1327
886,2.4257,1.9160,1.9160,614.34,39729657.93,3701400.67,198138108.80,257316651.31,455454760.11,52571.44,3.65079477,0.00081774,0.02616760,0.01635475,1.27524997,1.29160472,904407415.27,23.1246
887,2.4285,1.9157,1.9157,615.50,39735175.12,3701592.93,198179832.76,257327482.47,455507315.22,52555.11,3.64966067,0.00081760,0.02616315,0.01635197,1.27548174,1.29183371,904457970.39,23.1166
888,2.4312,1.9154,1.9154,616.67,39740691.53,3701785.14,198221543.50,257338310.51,455559854.01,52538.79,3.64852694,0.00081746,0.02615870,0.01634919,1.27571356,1.29206275,904508509.18,23.1086
889,2.4339,1.9152,1.9152,617.85,39746207.16,3701977.30,198263241.06,257349135.42,455612376.48,52522.47,3.64739360,0.00081732,0.02615425,0.01634640,1.27594544,1.29229184,904559031.64,23.1005
890,2.4367,1.9149,1.9149,619.02,39751722.02,3702169.40,198304925.41,257359957.22,455664882.63,52506.15,3.64626065,0.00081718,0.02614980,0.01634362,1.27617736,1.29252099,904609537.80,23.0925
891,2.4394,1.9146,1.9146,620.20,39757236.10,3702361.46,198346596.58,257370775.90,455717372.48,52489.84,3.64512807,0.00081704,0.02614535,0.01634084,1.27640935,1.29275019,904660027.64,23.0845
892,2.4422,1.9143,1.9143,621.38,39762749.41,3702553.46,198388254.56,257381591.46,455769846.02,52473.54,3.64399588,0.00081690,0.02614090,0.01633806,1.27664138,1.29297944,904710501.18,23.0765
893,2.4449,1.9141,1.9141,622.56,39768261.95,3702745.41,198429899.36,257392403.90,455822303.26,52457.24,3.64286407,0.00081676,0.02613646,0.01633528,1.27687347,1.29320875,904760958.42,23.0684
894,2.4476,1.9138,1.9138,623.74,39773773.71,3702937.31,198471530.99,257403213.23,455874744.21,52440.95,3.64173264,0.00081663,0.02613201,0.01633251,1.27710561,1.29343811,904811399.37,23.0604
895,2.4504,1.9135,1.9135,624.93,39779284.69,3703129.16,198513149.43,257414019.44,455927168.87,52424.66,3.64060159,0.00081649,0.02612757,0.01632973,1.27733780,1.29366753,904861824.04,23.0524
896,2.4531,1.9133,1.9133,626.11,39784794.91,3703320.96,198554754.72,257424822.54,455979577.26,52408.38,3.63947092,0.00081635,0.02612312,0.01632695,1.27757005,1.29389700,904912232.42,23.0444
897,2.4559,1.9130,1.9130,627.30,39790304.34,3703512.71,198596346.83,257435622.53,456031969.36,52392.11,3.63834064,0.00081621,0.02611868,0.01632417,1.27780234,1.29412652,904962624.52,23.0364
898,2.4586,1.9127,1.9127,628.50,39795813.01,3703704.40,198637925.79,257446419.41,456084345.20,52375.83,3.63721073,0.00081607,0.02611424,0.01632140,1.27803470,1.29435609,905013000.36,23.0284
899,2.4613,1.9125,1.9125,629.69,39801320.89,3703896.05,198679491.59,257457213.18,456136704.76,52359.57,3.63608121,0.00081593,0.02610980,0.01631862,1.27826710,1.29458572,905063359.93,23.0204
900,2.4641,1.9122,1.9122,630.89,39806828.01,3704087.64,198721044.23,257468003.84,456189048.07,52343.31,3.63495206,0.00081579,0.02610536,0.01631585,1.27849955,1.29481540,905113703.24,23.0124
901,2.4668,1.9119,1.9119,632.09,39812334.35,3704279.18,198762583.73,257478791.40,456241375.13,52327.06,3.63382330,0.00081565,0.02610092,0.01631307,1.27873206,1.29504514,905164030.29,23.0044
902,2.4695,1.9117,1.9117,633.29,39817839.92,3704470.67,198804110.08,257489575.85,456293685.94,52310.81,3.63269492,0.00081551,0.02609648,0.01631030,1.27896462,1.29527492,905214341.10,22.9964
903,2.4723,1.9114,1.9114,634.49,39823344.71,3704662.11,198845623.30,257500357.20,456345980.50,52294.56,3.63156692,0.00081538,0.02609204,0.01630753,1.27919724,1.29550476,905264635.66,22.9884
904,2.4750,1.9111,1.9111,635.70,39828848.73,3704853.50,198887123.38,257511135.45,456398258.83,52278.33,3.63043930,0.00081524,0.02608761,0.01630475,1.27942990,1.29573466,905314913.99,22.9804
905,2.4778,1.9108,1.9108,636.91,39834351.98,3705044.84,198928610.32,257521910.60,456450520.92,52262.09,3.62931205,0.00081510,0.02608317,0.01630198,1.27966262,1.29596460,905365176.08,22.9725
906,2.4805,1.9106,1.9106,638.12,39839854.45,3705236.13,198970084.14,257532682.64,456502766.79,52245.87,3.62818519,0.00081496,0.02607874,0.01629921,1.27989539,1.29619460,905415421.95,22.9645
907,2.4832,1.9103,1.9103,639.33,39845356.15,3705427.36,199011544.84,257543451.59,456554996.43,52229.65,3.62705871,0.00081482,0.02607431,0.01629644,1.28012821,1.29642465,905465651.59,22.9565
908,2.4860,1.9100,1.9100,640.55,39850857.08,3705618.55,199052992.42,257554217.44,456607209.86,52213.43,3.62593261,0.00081468,0.02606987,0.01629367,1.28036108,1.29665475,905515865.02,22.9485
909,2.4887,1.9098,1.9098,641.76,39856357.23,3705809.68,199094426.88,257564980.20,456659407.08,52197.22,3.62480688,0.00081455,0.02606544,0.01629090,1.28059401,1.29688491,905566062.24,22.9406
910,2.4914,1.9095,1.9095,642.98,39861856.61,3706000.76,199135848.23,257575739.86,456711588.10,52181.01,3.62368154,0.00081441,0.02606101,0.01628813,1.28082699,1.29711512,905616243.26,22.9326
911,2.4942,1.9092,1.9092,644.21,39867355.22,3706191.80,199177256.48,257586496.43,456763752.91,52164.81,3.62255658,0.00081427,0.02605658,0.01628536,1.28106002,1.29734538,905666408.07,22.9246
912,2.4969,1.9090,1.9090,645.43,39872853.06,3706382.78,199218651.62,257597249.91,456815901.53,52148.62,3.62143199,0.00081413,0.02605215,0.01628260,1.28129310,1.29757570,905716556.69,22.9167
913,2.4997,1.9087,1.9087,646.66,39878350.12,3706573.71,199260033.67,257608000.30,456868033.96,52132.43,3.62030778,0.00081399,0.02604773,0.01627983,1.28152623,1.29780606,905766689.13,22.9087
914,2.5024,1.9084,1.9084,647.89,39883846.41,3706764.59,199301402.62,257618747.59,456920150.21,52116.25,3.61918395,0.00081385,0.02604330,0.01627706,1.28175942,1.29803648,905816805.37,22.9007
915,2.5051,1.9082,1.9082,649.12,39889341.93,3706955.41,199342758.48,257629491.81,456972250.28,52100.07,3.61806050,0.00081371,0.02603888,0.01627430,1.28199265,1.29826695,905866905.45,22.8928
916,2.5079,1.9079,1.9079,650.35,39894836.67,3707146.19,199384101.25,257640232.93,457024334.18,52083.90,3.61693743,0.00081358,0.02603445,0.01627153,1.28222594,1.29849748,905916989.34,22.8848
917,2.5106,1.9076,1.9076,651.59,39900330.65,3707336.92,199425430.94,257650970.97,457076401.91,52067.73,3.61581474,0.00081344,0.02603003,0.01626877,1.28245928,1.29872805,905967057.08,22.8769
918,2.5133,1.9074,1.9074,652.83,39905823.85,3707527.60,199466747.56,257661705.93,457128453.48,52051.57,3.61469243,0.00081330,0.02602561,0.01626600,1.28269268,1.29895868,906017108.65,22.8689
919,2.5161,1.9071,1.9071,654.07,39911316.28,3707718.22,199508051.10,257672437.80,457180488.90,52035.42,3.61357049,0.00081316,0.02602118,0.01626324,1.28292612,1.29918936,906067144.06,22.8610
920,2.5188,1.9068,1.9068,655.31,39916807.94,3707908.80,199549341.57,257683166.59,457232508.16,52019.26,3.61244893,0.00081302,0.02601676,0.01626048,1.28315961,1.29942009,906117163.33,22.8530
921,2.5216,1.9066,1.9066,656.56,39922298.82,3708099.32,199590618.98,257693892.30,457284511.28,52003.12,3.61132775,0.00081289,0.02601234,0.01625772,1.28339316,1.29965088,906167166.45,22.8451
922,2.5243,1.9063,1.9063,657.80,39927788.94,3708289.79,199631883.33,257704614.94,457336498.26,51986.98,3.61020694,0.00081275,0.02600793,0.01625495,1.28362676,1.29988171,906217153.43,22.8372
923,2.5270,1.9060,1.9060,659.05,39933278.28,3708480.22,199673134.62,257715334.49,457388469.11,51970.85,3.60908652,0.00081261,0.02600351,0.01625219,1.28386041,1.30011260,906267124.27,22.8292
924,2.5298,1.9058,1.9058,660.31,39938766.85,3708670.59,199714372.85,257726050.97,457440423.83,51954.72,3.60796647,0.00081247,0.02599909,0.01624943,1.28409411,1.30034354,906317078.99,22.8213
925,2.5325,1.9055,1.9055,661.56,39944254.66,3708860.91,199755598.04,257736764.38,457492362.42,51938.59,3.60684680,0.00081233,0.02599468,0.01624667,1.28432786,1.30057453,906367017.58,22.8134
926,2.5352,1.9052,1.9052,662.82,39949741.69,3709051.18,199796810.18,257747474.71,457544284.90,51922.48,3.60572750,0.00081220,0.02599026,0.01624391,1.28456167,1.30080558,906416940.06,22.8054
927,2.5380,1.9050,1.9050,664.08,39955227.94,3709241.40,199838009.29,257758181.97,457596191.26,51906.36,3.60460858,0.00081206,0.02598585,0.01624116,1.28479552,1.30103667,906466846.42,22.7975
928,2.5407,1.9047,1.9047,665.34,39960713.43,3709431.57,199879195.35,257768886.16,457648081.52,51890.26,3.60349004,0.00081192,0.02598144,0.01623840,1.28502943,1.30126782,906516736.68,22.7896
929,2.5435,1.9044,1.9044,666.61,39966198.15,3709621.69,199920368.39,257779587.29,457699955.67,51874.15,3.60237187,0.00081178,0.02597702,0.01623564,1.28526338,1.30149902,906566610.83,22.7817
930,2.5462,1.9041,1.9041,667.87,39971682.10,3709811.76,199961528.39,257790285.34,457751813.73,51858.06,3.60125409,0.00081164,0.02597261,0.01623288,1.28549739,1.30173027,906616468.89,22.7738
931,2.5489,1.9039,1.9039,669.14,39977165.27,3710001.77,200002675.37,257800980.32,457803655.70,51841.97,3.60013667,0.00081151,0.02596820,0.01623013,1.28573145,1.30196158,906666310.86,22.7659
932,2.5517,1.9036,1.9036,670.42,39982647.68,3710191.74,200043809.34,257811672.24,457855481.58,51825.88,3.59901964,0.00081137,0.02596379,0.01622737,1.28596556,1.30219293,906716136.74,22.7579
933,2.5544,1.9033,1.9033,671.69,39988129.31,3710381.66,200084930.28,257822361.10,457907291.38,51809.80,3.59790298,0.00081123,0.02595939,0.01622462,1.28619972,1.30242434,906765946.55,22.7500
934,2.5572,1.9031,1.9031,672.97,39993610.18,3710571.53,200126038.22,257833046.89,457959085.11,51793.73,3.59678669,0.00081109,0.02595498,0.01622186,1.28643393,1.30265579,906815740.28,22.7421
935,2.5599,1.9028,1.9028,674.25,39999090.27,3710761.34,200167133.15,257843729.62,458010862.77,51777.66,3.59567078,0.00081096,0.02595057,0.01621911,1.28666819,1.30288730,906865517.93,22.7342
936,2.5626,1.9025,1.9025,675.53,40004569.59,3710951.11,200208215.07,257854409.30,458062624.37,51761.60,3.59455525,0.00081082,0.02594617,0.01621636,1.28690251,1.30311886,906915279.53,22.7263
937,2.5654,1.9023,1.9023,676.81,40010048.15,3711140.82,200249284.00,257865085.91,458114369.90,51745.54,3.59344009,0.00081068,0.02594176,0.01621360,1.28713687,1.30335047,906965025.07,22.7184
938,2.5681,1.9020,1.9020,678.10,40015525.93,3711330.49,200290339.93,257875759.46,458166099.39,51729.48,3.59232531,0.00081054,0.02593736,0.01621085,1.28737128,1.30358213,907014754.55,22.7105
939,2.5708,1.9017,1.9017,679.39,40021002.95,3711520.10,200331382.87,257886429.96,458217812.83,51713.44,3.59121090,0.00081040,0.02593296,0.01620810,1.28760575,1.30381385,907064467.99,22.7027
940,2.5736,1.9015,1.9015,680.68,40026479.19,3711709.67,200372412.82,257897097.40,458269510.22,51697.39,3.59009686,0.00081027,0.02592856,0.01620535,1.28784026,1.30404561,907114165.38,22.6948
941,2.5763,1.9012,1.9012,681.97,40031954.67,3711899.18,200413429.79,257907761.79,458321191.58,51681.36,3.58898321,0.00081013,0.02592416,0.01620260,1.28807483,1.30427743,907163846.74,22.6869
942,2.5791,1.9009,1.9009,683.27,40037429.37,3712088.64,200454433.78,257918423.13,458372856.91,51665.33,3.58786992,0.00080999,0.02591976,0.01619985,1.28830945,1.30450930,907213512.07,22.6790
943,2.5818,1.9007,1.9007,684.57,40042903.31,3712278.06,200495424.80,257929081.41,458424506.21,51649.30,3.58675701,0.00080985,0.02591536,0.01619710,1.28854411,1.30474121,907263161.37,22.6711
944,2.5845,1.9004,1.9004,685.87,40048376.48,3712467.42,200536402.84,257939736.65,458476139.49,51633.28,3.58564448,0.00080972,0.02591096,0.01619435,1.28877883,1.30497318,907312794.65,22.6633
945,2.5873,1.9001,1.9001,687.17,40053848.88,3712656.73,200577367.92,257950388.83,458527756.75,51617.27,3.58453232,0.00080958,0.02590657,0.01619160,1.28901360,1.30520520,907362411.92,22.6554
946,2.5900,1.8999,1.8999,688.48,40059320.51,3712845.99,200618320.04,257961037.97,458579358.01,51601.26,3.58342053,0.00080944,0.02590217,0.01618886,1.28924842,1.30543727,907412013.17,22.6475
947,2.5927,1.8996,1.8996,689.79,40064791.37,3713035.21,200659259.20,257971684.06,458630943.26,51585.25,3.58230912,0.00080931,0.02589778,0.01618611,1.28948329,1.30566940,907461598.42,22.6396
948,2.5955,1.8993,1.8993,691.10,40070261.46,3713224.37,200700185.40,257982327.11,458682512.51,51569.25,3.58119808,0.00080917,0.02589338,0.01618336,1.28971821,1.30590157,907511167.68,22.6318
949,2.5982,1.8991,1.8991,692.41,40075730.78,3713413.48,200741098.66,257992967.11,458734065.77,51553.26,3.58008741,0.00080903,0.02588899,0.01618062,1.28995317,1.30613379,907560720.93,22.6239
950,2.6010,1.8988,1.8988,693.73,40081199.34,3713602.54,200781998.97,258003604.07,458785603.04,51537.27,3.57897712,0.00080889,0.02588460,0.01617787,1.29018819,1.30636607,907610258.20,22.6161
951,2.6037,1.8985,1.8985,695.05,40086667.12,3713791.55,200822886.34,258014237.99,458837124.33,51521.29,3.57786720,0.00080876,0.02588021,0.01617513,1.29042326,1.30659839,907659779.49,22.6082
952,2.6064,1.8983,1.8983,696.37,40092134.14,3713980.52,200863760.77,258024868.87,458888629.64,51505.31,3.57675766,0.00080862,0.02587582,0.01617239,1.29065838,1.30683077,907709284.80,22.6003
953,2.6092,1.8980,1.8980,697.69,40097600.39,3714169.43,200904622.26,258035496.72,458940118.98,51489.34,3.57564849,0.00080848,0.02587143,0.01616964,1.29089355,1.30706319,907758774.14,22.5925
954,2.6119,1.8977,1.8977,699.02,40103065.87,3714358.29,200945470.83,258046121.52,458991592.35,51473.37,3.57453969,0.00080835,0.02586704,0.01616690,1.29112877,1.30729567,907808247.51,22.5846
955,2.6146,1.8975,1.8975,700.35,40108530.59,3714547.10,200986306.47,258056743.29,459043049.76,51457.41,3.57343126,0.00080821,0.02586265,0.01616416,1.29136404,1.30752820,907857704.92,22.5768
956,2.6174,1.8972,1.8972,701.68,40113994.53,3714735.86,201027129.19,258067362.02,459094491.21,51441.45,3.57232321,0.00080807,0.02585827,0.01616142,1.29159936,1.30776077,907907146.38,22.5690
957,2.6201,1.8969,1.8969,703.01,40119457.71,3714924.57,201067938.99,258077977.72,459145916.72,51425.50,3.57121553,0.00080793,0.02585388,0.01615868,1.29183473,1.30799340,907956571.88,22.5611
958,2.6229,1.8967,1.8967,704.35,40124920.12,3715113.23,201108735.88,258088590.39,459197326.28,51409.56,3.57010822,0.00080780,0.02584950,0.01615594,1.29207014,1.30822608,908005981.44,22.5533
959,2.6256,1.8964,1.8964,705.69,40130381.76,3715301.85,201149519.87,258099200.03,459248719.89,51393.62,3.56900128,0.00080766,0.02584512,0.01615320,1.29230561,1.30845881,908055375.06,22.5454
960,2.6283,1.8961,1.8961,707.03,40135842.64,3715490.41,201190290.94,258109806.64,459300097.58,51377.68,3.56789472,0.00080752,0.02584073,0.01615046,1.29254113,1.30869159,908104752.74,22.5376
961,2.6311,1.8959,1.8959,708.37,40141302.75,3715678.92,201231049.12,258120410.22,459351459.33,51361.75,3.56678853,0.00080739,0.02583635,0.01614772,1.29277670,1.30892442,908154114.50,22.5298
962,2.6338,1.8956,1.8956,709.72,40146762.09,3715867.38,201271794.40,258131010.77,459402805.16,51345.83,3.56568270,0.00080725,0.02583197,0.01614498,1.29301232,1.30915730,908203460.33,22.5219
963,2.6366,1.8953,1.8953,711.07,40152220.66,3716055.79,201312526.78,258141608.30,459454135.08,51329.91,3.56457726,0.00080711,0.02582759,0.01614225,1.29324798,1.30939023,908252790.24,22.5141
964,2.6393,1.8951,1.8951,712.42,40157678.47,3716244.15,201353246.28,258152202.80,459505449.08,51314.00,3.56347218,0.00080698,0.02582322,0.01613951,1.29348370,1.30962321,908302104.24,22.5063
965,2.6420,1.8948,1.8948,713.77,40163135.51,3716432.47,201393952.89,258162794.28,459556747.17,51298.09,3.56236747,0.00080684,0.02581884,0.01613677,1.29371946,1.30985624,908351402.33,22.4985
966,2.6448,1.8945,1.8945,715.13,40168591.78,3716620.73,201434646.62,258173382.73,459608029.36,51282.19,3.56126314,0.00080670,0.02581446,0.01613404,1.29395528,1.31008932,908400684.52,22.4907
967,2.6475,1.8943,1.8943,716.49,40174047.28,3716808.94,201475327.48,258183968.17,459659295.65,51266.29,3.56015917,0.00080657,0.02581009,0.01613130,1.29419114,1.31032245,908449950.81,22.4829
968,2.6502,1.8940,1.8940,717.85,40179502.02,3716997.10,201515995.46,258194550.59,459710546.05,51250.40,3.55905558,0.00080643,0.02580571,0.01612857,1.29442706,1.31055563,908499201.21,22.4750
969,2.6530,1.8937,1.8937,719.22,40184956.00,3717185.22,201556650.58,258205129.98,459761780.56,51234.51,3.55795236,0.00080629,0.02580134,0.01612584,1.29466302,1.31078886,908548435.73,22.4672
970,2.6557,1.8935,1.8935,720.58,40190409.20,3717373.28,201597292.83,258215706.37,459812999.20,51218.63,3.55684951,0.00080616,0.02579697,0.01612310,1.29489903,1.31102214,908597654.36,22.4594
971,2.6585,1.8932,1.8932,721.95,40195861.64,3717561.29,201637922.22,258226279.73,459864201.95,51202.76,3.55574702,0.00080602,0.02579259,0.01612037,1.29513509,1.31125547,908646857.12,22.4516
972,2.6612,1.8929,1.8929,723.33,40201313.32,3717749.26,201678538.76,258236850.08,459915388.84,51186.89,3.55464491,0.00080588,0.02578822,0.01611764,1.29537121,1.31148884,908696044.00,22.4438
973,2.6639,1.8927,1.8927,724.70,40206764.23,3717937.17,201719142.44,258247417.42,459966559.86,51171.02,3.55354317,0.00080575,0.02578385,0.01611491,1.29560737,1.31172227,908745215.02,22.4360
974,2.6667,1.8924,1.8924,726.08,40212214.37,3718125.03,201759733.27,258257981.75,460017715.02,51155.16,3.55244180,0.00080561,0.02577948,0.01611218,1.29584357,1.31195575,908794370.19,22.4282
975,2.6694,1.8921,1.8921,727.46,40217663.74,3718312.85,201800311.27,258268543.07,460068854.33,51139.31,3.55134080,0.00080547,0.02577512,0.01610945,1.29607983,1.31218928,908843509.49,22.4205
976,2.6721,1.8919,1.8919,728.84,40223112.35,3718500.61,201840876.42,258279101.37,460119977.79,51123.46,3.55024017,0.00080534,0.02577075,0.01610672,1.29631614,1.31242286,908892632.95,22.4127
977,2.6749,1.8916,1.8916,730.23,40228560.20,3718688.33,201881428.73,258289656.67,460171085.40,51107.61,3.54913991,0.00080520,0.02576638,0.01610399,1.29655250,1.31265649,908941740.57,22.4049
978,2.6776,1.8913,1.8913,731.61,40234007.28,3718875.99,201921968.22,258300208.96,460222177.18,51091.78,3.54804002,0.00080506,0.02576202,0.01610126,1.29678890,1.31289016,908990832.34,22.3971
979,2.6804,1.8911,1.8911,733.01,40239453.59,3719063.61,201962494.87,258310758.25,460273253.12,51075.94,3.54694050,0.00080493,0.02575765,0.01609853,1.29702535,1.31312389,909039908.29,22.3893
980,2.6831,1.8908,1.8908,734.40,40244899.14,3719251.18,202003008.71,258321304.53,460324313.24,51060.12,3.54584134,0.00080479,0.02575329,0.01609581,1.29726186,1.31335766,909088968.40,22.3815
981,2.6858,1.8905,1.8905,735.79,40250343.92,3719438.69,202043509.72,258331847.81,460375357.53,51044.29,3.54474256,0.00080465,0.02574893,0.01609308,1.29749841,1.31359149,909138012.69,22.3738
982,2.6886,1.8903,1.8903,737.19,40255787.94,3719626.16,202083997.92,258342388.09,460426386.01,51028.48,3.54364415,0.00080452,0.02574457,0.01609035,1.29773501,1.31382536,909187041.17,22.3660
983,2.6913,1.8900,1.8900,738.59,40261231.19,3719813.58,202124473.31,258352925.36,460477398.67,51012.66,3.54254610,0.00080438,0.02574021,0.01608763,1.29797166,1.31405929,909236053.83,22.3582
984,2.6940,1.8898,1.8898,740.00,40266673.68,3720000.95,202164935.89,258363459.64,460528395.53,50996.86,3.54144842,0.00080425,0.02573585,0.01608491,1.29820835,1.31429326,909285050.69,22.3505
985,2.6968,1.8895,1.8895,741.40,40272115.41,3720188.27,202205385.66,258373990.92,460579376.58,50981.06,3.54035111,0.00080411,0.02573149,0.01608218,1.29844510,1.31452728,909334031.75,22.3427
986,2.6995,1.8892,1.8892,742.81,40277556.37,3720375.53,202245822.64,258384519.20,460630341.84,50965.26,3.53925417,0.00080397,0.02572713,0.01607946,1.29868190,1.31476135,909382997.01,22.3349
987,2.7023,1.8890,1.8890,744.23,40282996.56,3720562.75,202286246.82,258395044.49,460681291.31,50949.47,3.53815760,0.00080384,0.02572278,0.01607673,1.29891874,1.31499547,909431946.48,22.3272
988,2.7050,1.8887,1.8887,745.64,40288435.99,3720749.93,202326658.21,258405566.78,460732225.00,50933.68,3.53706140,0.00080370,0.02571842,0.01607401,1.29915563,1.31522964,909480880.16,22.3194
989,2.7077,1.8884,1.8884,747.06,40293874.65,3720937.05,202367056.82,258416086.08,460783142.90,50917.90,3.53596556,0.00080356,0.02571407,0.01607129,1.29939257,1.31546386,909529798.07,22.3117
990,2.7105,1.8882,1.8882,748.48,40299312.56,3721124.12,202407442.64,258426602.39,460834045.03,50902.13,3.53487009,0.00080343,0.02570971,0.01606857,1.29962956,1.31569813,909578700.19,22.3039
991,2.7132,1.8879,1.8879,749.90,40304749.69,3721311.14,202447815.68,258437115.71,460884931.39,50886.36,3.53377499,0.00080329,0.02570536,0.01606585,1.29986660,1.31593245,909627586.55,22.2962
992,2.7159,1.8876,1.8876,751.33,40310186.07,3721498.11,202488175.95,258447626.04,460935801.99,50870.60,3.53268026,0.00080316,0.02570101,0.01606313,1.30010368,1.31616681,909676457.15,22.2884
993,2.7187,1.8874,1.8874,752.75,40315621.68,3721685.04,202528523.45,258458133.38,460986656.82,50854.84,3.53158590,0.00080302,0.02569666,0.01606041,1.30034082,1.31640123,909725311.99,22.2807
994,2.7214,1.8871,1.8871,754.19,40321056.52,3721871.91,202568858.17,258468637.73,461037495.91,50839.08,3.53049190,0.00080288,0.02569231,0.01605769,1.30057800,1.31663569,909774151.07,22.2729
995,2.7242,1.8868,1.8868,755.62,40326490.60,3722058.74,202609180.14,258479139.10,461088319.24,50823.34,3.52939827,0.00080275,0.02568796,0.01605497,1.30081523,1.31687020,909822974.41,22.2652
996,2.7269,1.8866,1.8866,757.06,40331923.92,3722245.51,202649489.35,258489637.49,461139126.83,50807.59,3.52830500,0.00080261,0.02568361,0.01605226,1.30105251,1.31710476,909871782.00,22.2575
997,2.7296,1.8863,1.8863,758.49,40337356.47,3722432.24,202689785.80,258500132.89,461189918.69,50791.85,3.52721211,0.00080248,0.02567926,0.01604954,1.30128983,1.31733937,909920573.85,22.2497
998,2.7324,1.8860,1.8860,759.94,40342788.27,3722618.92,202730069.51,258510625.31,461240694.81,50776.12,3.52611958,0.00080234,0.02567492,0.01604682,1.30152721,1.31757403,909969349.97,22.2420
999,2.7351,1.8858,1.8858,761.38,40348219.29,3722805.55,202770340.46,258521114.74,461291455.21,50760.39,3.52502741,0.00080221,0.02567057,0.01604411,1.30176463,1.31780874,910018110.37,22.2343
1000,2.7379,1.8855,1.8855,762.83,40353649.56,3722992.13,202810598.68,258531601.20,461342199.88,50744.67,3.52393561,0.00080207,0.02566623,0.01604139,1.30200210,1.31804349,910066855.04,22.2266
1001,2.7406,1.8852,1.8852,764.28,40359079.06,3723178.66,202850844.15,258542084.68,461392928.84,50728.96,3.52284418,0.00080193,0.02566188,0.01603868,1.30223962,1.31827830,910115584.00,22.2189
1002,2.7433,1.8850,1.8850,765.73,40364507.80,3723365.14,202891076.89,258552565.19,461443642.08,50713.24,3.52175312,0.00080180,0.02565754,0.01603596,1.30247719,1.31851315,910164297.24,22.2111
1003,2.7461,1.8847,1.8847,767.19,40369935.78,3723551.57,202931296.90,258563042.72,461494339.62,50697.54,3.52066242,0.00080166,0.02565320,0.01603325,1.30271480,1.31874805,910212994.78,22.2034
1004,2.7488,1.8844,1.8844,768.64,40375362.99,3723737.95,202971504.18,258573517.27,461545021.46,50681.84,3.51957209,0.00080153,0.02564886,0.01603054,1.30295246,1.31898300,910261676.62,22.1957
1005,2.7515,1.8842,1.8842,770.11,40380789.44,3723924.29,203011698.74,258583988.85,461595687.60,50666.14,3.51848212,0.00080139,0.02564452,0.01602782,1.30319017,1.31921800,910310342.76,22.1880
1006,2.7543,1.8839,1.8839,771.57,40386215.13,3724110.57,203051880.59,258594457.46,461646338.05,50650.45,3.51739252,0.00080126,0.02564018,0.01602511,1.30342793,1.31945304,910358993.21,22.1803
1007,2.7570,1.8837,1.8837,773.04,40391640.05,3724296.81,203092049.72,258604923.10,461696972.82,50634.77,3.51630328,0.00080112,0.02563584,0.01602240,1.30366574,1.31968814,910407627.98,22.1726
1008,2.7598,1.8834,1.8834,774.51,40397064.22,3724482.99,203132206.13,258615385.77,461747591.91,50619.09,3.51521441,0.00080098,0.02563151,0.01601969,1.30390359,1.31992328,910456247.07,22.1649
1009,2.7625,1.8831,1.8831,775.98,40402487.62,3724669.13,203172349.84,258625845.48,461798195.32,50603.41,3.51412591,0.00080085,0.02562717,0.01601698,1.30414149,1.32015847,910504850.48,22.1572
1010,2.7652,1.8829,1.8829,777.45,40407910.26,3724855.22,203212480.85,258636302.21,461848783.06,50587.74,3.51303776,0.00080071,0.02562284,0.01601427,1.30437944,1.32039371,910553438.23,22.1495
1011,2.7680,1.8826,1.8826,778.93,40413332.13,3725041.26,203252599.16,258646755.98,461899355.14,50572.08,3.51194999,0.00080058,0.02561850,0.01601156,1.30461743,1.32062900,910602010.31,22.1418
1012,2.7707,1.8823,1.8823,780.41,40418753.25,3725227.25,203292704.78,258657206.78,461949911.56,50556.42,3.51086258,0.00080044,0.02561417,0.01600886,1.30485548,1.32086433,910650566.73,22.1341
1013,2.7734,1.8821,1.8821,781.89,40424173.60,3725413.19,203332797.71,258667654.63,462000452.33,50540.77,3.50977553,0.00080031,0.02560984,0.01600615,1.30509357,1.32109972,910699107.49,22.1264
1014,2.7762,1.8818,1.8818,783.38,40429593.19,3725599.08,203372877.95,258678099.50,462050977.45,50525.12,3.50868885,0.00080017,0.02560551,0.01600344,1.30533171,1.32133515,910747632.61,22.1188
1015,2.7789,1.8815,1.8815,784.87,40435012.02,3725784.93,203412945.50,258688541.42,462101486.93,50509.48,3.50760253,0.00080004,0.02560118,0.01600073,1.30556989,1.32157063,910796142.09,22.1111
1016,2.7817,1.8813,1.8813,786.36,40440430.09,3725970.72,203453000.38,258698980.38,462151980.77,50493.84,3.50651658,0.00079990,0.02559685,0.01599803,1.30580813,1.32180616,910844635.93,22.1034
1017,2.7844,1.8810,1.8810,787.86,40445847.40,3726156.47,203493042.59,258709416.38,462202458.97,50478.21,3.50543099,0.00079977,0.02559252,0.01599532,1.30604641,1.32204173,910893114.14,22.0957
1018,2.7871,1.8807,1.8807,789.35,40451263.94,3726342.16,203533072.12,258719849.43,462252921.55,50462.58,3.50434577,0.00079963,0.02558819,0.01599262,1.30628474,1.32227735,910941576.71,22.0880
1019,2.7899,1.8805,1.8805,790.85,40456679.73,3726527.81,203573088.99,258730279.52,462303368.51,50446.96,3.50326090,0.00079950,0.02558386,0.01598992,1.30652311,1.32251303,910990023.67,22.0804
1020,2.7926,1.8802,1.8802,792.36,40462094.75,3726713.41,203613093.20,258740706.65,462353799.85,50431.34,3.50217641,0.00079936,0.02557954,0.01598721,1.30676153,1.32274874,911038455.01,22.0727
1021,2.7953,1.8800,1.8800,793.86,40467509.02,3726898.96,203653084.75,258751130.83,462404215.58,50415.73,3.50109227,0.00079923,0.02557521,0.01598451,1.30700000,1.32298451,911086870.74,22.0650
1022,2.7981,1.8797,1.8797,795.37,40472922.52,3727084.46,203693063.64,258761552.06,462454615.70,50400.12,3.50000850,0.00079909,0.02557089,0.01598181,1.30723852,1.32322033,911135270.86,22.0574
1023,2.8008,1.8794,1.8794,796.88,40478335.26,3727269.92,203733029.88,258771970.34,462505000.22,50384.52,3.49892509,0.00079896,0.02556657,0.01597910,1.30747708,1.32345619,911183655.38,22.0497
1024,2.8036,1.8792,1.8792,798.40,40483747.24,3727455.32,203772983.48,258782385.66,462555369.15,50368.93,3.49784205,0.00079882,0.02556225,0.01597640,1.30771569,1.32369210,911232024.31,22.0421
1025,2.8063,1.8789,1.8789,799.92,40489158.46,3727640.68,203812924.44,258792798.04,462605722.48,50353.33,3.49675937,0.00079869,0.02555792,0.01597370,1.30795435,1.32392806,911280377.64,22.0344
1026,2.8090,1.8786,1.8786,801.44,40494568.92,3727825.99,203852852.76,258803207.48,462656060.23,50337.75,3.49567705,0.00079855,0.02555361,0.01597100,1.30819306,1.32416406,911328715.39,22.0268
1027,2.8118,1.8784,1.8784,802.96,40499978.62,3728011.24,203892768.44,258813613.96,462706382.40,50322.17,3.49459509,0.00079842,0.02554929,0.01596830,1.30843181,1.32440011,911377037.56,22.0191
1028,2.8145,1.8781,1.8781,804.49,40505387.56,3728196.45,203932671.49,258824017.50,462756689.00,50306.59,3.49351350,0.00079828,0.02554497,0.01596561,1.30867061,1.32463621,911425344.16,22.0115
1029,2.8172,1.8778,1.8778,806.02,40510795.74,3728381.61,203972561.92,258834418.10,462806980.02,50291.02,3.49243227,0.00079815,0.02554065,0.01596291,1.30890945,1.32487236,911473635.18,22.0038
1030,2.8200,1.8776,1.8776,807.55,40516203.16,3728566.73,204012439.72,258844815.76,462857255.48,50275.46,3.49135140,0.00079801,0.02553633,0.01596021,1.30914835,1.32510856,911521910.64,21.9962
1031,2.8227,1.8773,1.8773,809.08,40521609.82,3728751.79,204052304.91,258855210.47,462907515.38,50259.90,3.49027089,0.00079788,0.02553202,0.01595751,1.30938729,1.32534480,911570170.54,21.9885
1032,2.8255,1.8770,1.8770,810.62,40527015.72,3728936.81,204092157.48,258865602.25,462957759.73,50244.35,3.48919075,0.00079774,0.02552771,0.01595482,1.30962627,1.32558109,911618414.89,21.9809
1033,2.8282,1.8768,1.8768,812.16,40532420.86,3729121.77,204131997.44,258875991.08,463007988.53,50228.80,3.48811097,0.00079761,0.02552339,0.01595212,1.30986530,1.32581742,911666643.69,21.9733
1034,2.8309,1.8765,1.8765,813.71,40537825.24,3729306.69,204171824.80,258886376.98,463058201.78,50213.25,3.48703155,0.00079747,0.02551908,0.01594942,1.31010438,1.32605381,911714856.94,21.9657
1035,2.8337,1.8763,1.8763,815.25,40543228.86,3729491.56,204211639.55,258896759.94,463108399.50,50197.72,3.48595249,0.00079734,0.02551477,0.01594673,1.31034351,1.32629024,911763054.66,21.9580
1036,2.8364,1.8760,1.8760,816.80,40548631.72,3729676.38,204251441.71,258907139.97,463158581.68,50182.18,3.48487379,0.00079720,0.02551046,0.01594404,1.31058268,1.32652672,911811236.84,21.9504
1037,2.8392,1.8757,1.8757,818.36,40554033.83,3729861.16,204291231.27,258917517.06,463208748.33,50166.65,3.48379545,0.00079707,0.02550615,0.01594134,1.31082190,1.32676324,911859403.50,21.9428
1038,2.8419,1.8755,1.8755,819.91,40559435.17,3730045.88,204331008.24,258927891.22,463258899.46,50151.13,3.48271748,0.00079693,0.02550184,0.01593865,1.31106117,1.32699982,911907554.63,21.9352
1039,2.8446,1.8752,1.8752,821.47,40564835.76,3730230.56,204370772.62,258938262.45,463309035.08,50135.61,3.48163986,0.00079680,0.02549753,0.01593596,1.31130048,1.32723644,911955690.24,21.9275
1040,2.8474,1.8749,1.8749,823.03,40570235.58,3730415.18,204410524.43,258948630.75,463359155.18,50120.10,3.48056261,0.00079666,0.02549322,0.01593327,1.31153984,1.32747310,912003810.34,21.9199
1041,2.8501,1.8747,1.8747,824.60,40575634.65,3730599.76,204450263.65,258958996.12,463409259.77,50104.59,3.47948572,0.00079653,0.02548892,0.01593057,1.31177924,1.32770982,912051914.94,21.9123
1042,2.8528,1.8744,1.8744,826.16,40581032.96,3730784.29,204489990.30,258969358.57,463459348.87,50089.09,3.47840919,0.00079639,0.02548461,0.01592788,1.31201870,1.32794658,912100004.03,21.9047
1043,2.8556,1.8741,1.8741,827.73,40586430.51,3730968.77,204529704.38,258979718.08,463509422.46,50073.60,3.47733301,0.00079626,0.02548031,0.01592519,1.31225819,1.32818339,912148077.62,21.8971
1044,2.8583,1.8739,1.8739,829.31,40591827.30,3731153.21,204569405.89,258990074.67,463559480.57,50058.10,3.47625720,0.00079613,0.02547601,0.01592250,1.31249774,1.32842024,912196135.73,21.8895
1045,2.8611,1.8736,1.8736,830.88,40597223.33,3731337.59,204609094.84,259000428.34,463609523.18,50042.62,3.47518175,0.00079599,0.02547170,0.01591981,1.31273733,1.32865714,912244178.35,21.8819
1046,2.8638,1.8734,1.8734,832.46,40602618.61,3731521.93,204648771.23,259010779.08,463659550.32,50027.14,3.47410666,0.00079586,0.02546740,0.01591713,1.31297697,1.32889409,912292205.48,21.8743
1047,2.8665,1.8731,1.8731,834.04,40608013.12,3731706.22,204688435.07,259021126.91,463709561.98,50011.66,3.47303193,0.00079572,0.02546310,0.01591444,1.31321665,1.32913109,912340217.14,21.8667
1048,2.8693,1.8728,1.8728,835.63,40613406.88,3731890.46,204728086.36,259031471.81,463759558.17,49996.19,3.47195756,0.00079559,0.02545880,0.01591175,1.31345638,1.32936813,912388213.33,21.8591
1049,2.8720,1.8726,1.8726,837.22,40618799.88,3732074.65,204767725.10,259041813.79,463809538.89,49980.72,3.47088355,0.00079545,0.02545450,0.01590906,1.31369615,1.32960522,912436194.05,21.8515
1050,2.8747,1.8723,1.8723,838.81,40624192.12,3732258.80,204807351.30,259052152.86,463859504.15,49965.26,3.46980990,0.00079532,0.02545021,0.01590638,1.31393598,1.32984235,912484159.32,21.8440
1051,2.8775,1.8720,1.8720,840.40,40629583.61,3732442.89,204846964.96,259062489.00,463909453.96,49949.81,3.46873660,0.00079518,0.02544591,0.01590369,1.31417584,1.33007954,912532109.12,21.8364
1052,2.8802,1.8718,1.8718,842.00,40634974.34,3732626.94,204886566.08,259072822.24,463959388.32,49934.36,3.46766367,0.00079505,0.02544161,0.01590101,1.31441576,1.33031676,912580043.48,21.8288
1053,2.8830,1.8715,1.8715,843.60,40640364.31,3732810.94,204926154.67,259083152.55,464009307.23,49918.91,3.46659110,0.00079492,0.02543732,0.01589832,1.31465572,1.33055404,912627962.39,21.8212
1054,2.8857,1.8713,1.8713,845.21,40645753.52,3732994.89,204965730.74,259093479.96,464059210.70,49903.47,3.46551888,0.00079478,0.02543303,0.01589564,1.31489572,1.33079136,912675865.86,21.8136
1055,2.8884,1.8710,1.8710,846.81,40651141.98,3733178.80,205005294.29,259103804.45,464109098.74,49888.04,3.46444703,0.00079465,0.02542873,0.01589296,1.31513577,1.33102873,912723753.90,21.8061
1056,2.8912,1.8707,1.8707,848.42,40656529.67,3733362.65,205044845.31,259114126.03,464158971.35,49872.61,3.46337553,0.00079451,0.02542444,0.01589027,1.31537587,1.33126614,912771626.51,21.7985
1057,2.8939,1.8705,1.8705,850.03,40661916.61,3733546.46,205084383.82,259124444.71,464208828.53,49857.18,3.46230439,0.00079438,0.02542015,0.01588759,1.31561601,1.33150361,912819483.69,21.7909
1058,2.8966,1.8702,1.8702,851.65,40667302.80,3733730.22,205123909.82,259134760.47,464258670.29,49841.76,3.46123361,0.00079425,0.02541586,0.01588491,1.31585620,1.33174111,912867325.46,21.7834
1059,2.8994,1.8699,1.8699,853.27,40672688.23,3733913.93,205163423.32,259145073.33,464308496.64,49826.35,3.46016319,0.00079411,0.02541157,0.01588223,1.31609644,1.33197867,912915151.81,21.7758
1060,2.9021,1.8697,1.8697,854.89,40678072.90,3734097.59,205202924.31,259155383.28,464358307.58,49810.94,3.45909313,0.00079398,0.02540728,0.01587955,1.31633672,1.33221627,912962962.75,21.7683
1061,2.9049,1.8694,1.8694,856.52,40683456.81,3734281.20,205242412.80,259165690.32,464408103.12,49795.54,3.45802342,0.00079384,0.02540299,0.01587687,1.31657704,1.33245391,913010758.28,21.7607
1062,2.9076,1.8692,1.8692,858.14,40688839.97,3734464.77,205281888.79,259175994.47,464457883.26,49780.14,3.45695407,0.00079371,0.02539871,0.01587419,1.31681741,1.33269161,913058538.42,21.7532
1063,2.9103,1.8689,1.8689,859.78,40694222.37,3734648.29,205321352.30,259186295.71,464507648.00,49764.75,3.45588508,0.00079358,0.02539442,0.01587151,1.31705783,1.33292934,913106303.17,21.7456
1064,2.9131,1.8686,1.8686,861.41,40699604.01,3734831.76,205360803.32,259196594.04,464557397.36,49749.36,3.45481645,0.00079344,0.02539014,0.01586884,1.31729829,1.33316713,913154052.52,21.7381
1065,2.9158,1.8684,1.8684,863.05,40704984.90,3735015.18,205400241.85,259206889.48,464607131.34,49733.97,3.45374818,0.00079331,0.02538585,0.01586616,1.31753880,1.33340496,913201786.50,21.7305
1066,2.9185,1.8681,1.8681,864.69,40710365.03,3735198.56,205439667.91,259217182.02,464656849.93,49718.60,3.45268026,0.00079317,0.02538157,0.01586348,1.31777936,1.33364284,913249505.09,21.7230
1067,2.9213,1.8678,1.8678,866.33,40715744.41,3735381.88,205479081.49,259227471.66,464706553.15,49703.22,3.45161270,0.00079304,0.02537729,0.01586081,1.31801996,1.33388076,913297208.32,21.7154
1068,2.9240,1.8676,1.8676,867.98,40721123.03,3735565.16,205518482.60,259237758.41,464756241.01,49687.86,3.45054549,0.00079291,0.02537301,0.01585813,1.31826060,1.33411873,913344896.17,21.7079
1069,2.9268,1.8673,1.8673,869.63,40726500.89,3735748.39,205557871.24,259248042.26,464805913.50,49672.49,3.44947865,0.00079277,0.02536873,0.01585545,1.31850129,1.33435675,913392568.66,21.7004
1070,2.9295,1.8671,1.8671,871.28,40731878.00,3735931.58,205597247.42,259258323.22,464855570.64,49657.14,3.44841216,0.00079264,0.02536445,0.01585278,1.31874203,1.33459481,913440225.80,21.6928
1071,2.9322,1.8668,1.8668,872.94,40737254.36,3736114.71,205636611.14,259268601.28,464905212.42,49641.78,3.44734603,0.00079251,0.02536017,0.01585011,1.31898281,1.33483291,913487867.58,21.6853
1072,2.9350,1.8665,1.8665,874.60,40742629.95,3736297.80,205675962.40,259278876.45,464954838.86,49626.44,3.44628025,0.00079237,0.02535589,0.01584743,1.31922364,1.33507107,913535494.02,21.6778
1073,2.9377,1.8663,1.8663,876.26,40748004.80,3736480.84,205715301.21,259289148.74,465004449.95,49611.09,3.44521483,0.00079224,0.02535162,0.01584476,1.31946451,1.33530927,913583105.11,21.6703
1074,2.9405,1.8660,1.8660,877.92,40753378.88,3736663.83,205754627.58,259299418.13,465054045.71,49595.76,3.44414977,0.00079210,0.02534734,0.01584209,1.31970542,1.33554751,913630700.87,21.6627
1075,2.9432,1.8657,1.8657,879.59,40758752.21,3736846.78,205793941.50,259309684.63,465103626.13,49580.42,3.44308506,0.00079197,0.02534307,0.01583942,1.31994639,1.33578580,913678281.29,21.6552
1076,2.9459,1.8655,1.8655,881.27,40764124.79,3737029.67,205833242.98,259319948.25,465153191.23,49565.10,3.44202071,0.00079184,0.02533879,0.01583675,1.32018739,1.33602414,913725846.39,21.6477
1077,2.9487,1.8652,1.8652,882.94,40769496.61,3737212.52,205872532.02,259330208.98,465202741.01,49549.78,3.44095672,0.00079170,0.02533452,0.01583407,1.32042845,1.33626252,913773396.17,21.6402
1078,2.9514,1.8650,1.8650,884.62,40774867.68,3737395.32,205911808.64,259340466.83,465252275.47,49534.46,3.43989308,0.00079157,0.02533025,0.01583140,1.32066954,1.33650095,913820930.63,21.6327
1079,2.9541,1.8647,1.8647,886.30,40780237.99,3737578.07,205951072.82,259350721.79,465301794.61,49519.15,3.43882979,0.00079144,0.02532598,0.01582874,1.32091069,1.33673942,913868449.78,21.6252
1080,2.9569,1.8644,1.8644,887.99,40785607.55,3737760.78,205990324.58,259360973.87,465351298.46,49503.84,3.43776686,0.00079130,0.02532171,0.01582607,1.32115187,1.33697794,913915953.62,21.6177
1081,2.9596,1.8642,1.8642,889.67,40790976.35,3737943.44,206029563.92,259371223.08,465400787.00,49488.54,3.43670429,0.00079117,0.02531744,0.01582340,1.32139311,1.33721651,913963442.16,21.6102
1082,2.9624,1.8639,1.8639,891.36,40796344.40,3738126.05,206068790.85,259381469.40,465450260.25,49473.25,3.43564207,0.00079104,0.02531317,0.01582073,1.32163438,1.33745512,914010915.41,21.6027
1083,2.9651,1.8636,1.8636,893.06,40801711.70,3738308.61,206108005.36,259391712.84,465499718.20,49457.96,3.43458021,0.00079090,0.02530890,0.01581806,1.32187571,1.33769377,914058373.36,21.5952
1084,2.9678,1.8634,1.8634,894.76,40807078.24,3738491.12,206147207.47,259401953.40,465549160.87,49442.67,3.43351870,0.00079077,0.02530464,0.01581540,1.32211707,1.33793247,914105816.03,21.5877
1085,2.9706,1.8631,1.8631,896.46,40812444.02,3738673.59,206186397.17,259412191.09,465598588.26,49427.39,3.43245755,0.00079064,0.02530037,0.01581273,1.32235849,1.33817122,914153243.42,21.5802
1086,2.9733,1.8629,1.8629,898.16,40817809.05,3738856.01,206225574.46,259422425.91,465648000.37,49412.11,3.43139675,0.00079050,0.02529611,0.01581007,1.32259994,1.33841001,914200655.53,21.5727
1087,2.9760,1.8626,1.8626,899.87,40823173.33,3739038.38,206264739.37,259432657.85,465697397.21,49396.84,3.43033631,0.00079037,0.02529184,0.01580740,1.32284145,1.33864885,914248052.38,21.5652
1088,2.9788,1.8623,1.8623,901.58,40828536.86,3739220.71,206303891.88,259442886.91,465746778.79,49381.58,3.42927622,0.00079024,0.02528758,0.01580474,1.32308299,1.33888773,914295433.95,21.5577
1089,2.9815,1.8621,1.8621,903.29,40833899.63,3739402.99,206343032.00,259453113.11,465796145.11,49366.32,3.42821649,0.00079010,0.02528332,0.01580207,1.32332458,1.33912666,914342800.27,21.5503
1090,2.9843,1.8618,1.8618,905.01,40839261.64,3739585.21,206382159.74,259463336.44,465845496.17,49351.06,3.42715711,0.00078997,0.02527906,0.01579941,1.32356622,1.33936563,914390151.33,21.5428
1091,2.9870,1.8615,1.8615,906.73,40844622.91,3739767.40,206421275.09,259473556.89,465894831.98,49335.81,3.42609808,0.00078984,0.02527480,0.01579675,1.32380790,1.33960465,914437487.15,21.5353
1092,2.9897,1.8613,1.8613,908.45,40849983.42,3739949.53,206460378.07,259483774.48,465944152.55,49320.57,3.42503941,0.00078970,0.02527054,0.01579409,1.32404963,1.33984371,914484807.71,21.5278
1093,2.9925,1.8610,1.8610,910.18,40855343.18,3740131.62,206499468.68,259493989.20,465993457.88,49305.33,3.42398109,0.00078957,0.02526628,0.01579143,1.32429140,1.34008282,914532113.04,21.5204
1094,2.9952,1.8608,1.8608,911.91,40860702.18,3740313.66,206538546.91,259504201.06,466042747.97,49290.09,3.42292312,0.00078944,0.02526202,0.01578876,1.32453321,1.34032198,914579403.13,21.5129
1095,2.9979,1.8605,1.8605,913.64,40866060.43,3740495.65,206577612.78,259514410.05,466092022.84,49274.86,3.42186551,0.00078931,0.02525777,0.01578610,1.32477507,1.34056118,914626678.00,21.5055
1096,3.0007,1.8602,1.8602,915.38,40871417.93,3740677.59,206616666.29,259524616.18,466141282.47,49259.64,3.42080825,0.00078917,0.02525351,0.01578345,1.32501697,1.34080042,914673937.64,21.4980
1097,3.0034,1.8600,1.8600,917.12,40876774.67,3740859.49,206655707.45,259534819.45,466190526.89,49244.42,3.41975135,0.00078904,0.02524926,0.01578079,1.32525892,1.34103971,914721182.06,21.4905
1098,3.0062,1.8597,1.8597,918.86,40882130.66,3741041.34,206694736.25,259545019.85,466239756.10,49229.21,3.41869479,0.00078891,0.02524500,0.01577813,1.32550091,1.34127904,914768411.26,21.4831
1099,3.0089,1.8595,1.8595,920.61,40887485.90,3741223.14,206733752.70,259555217.40,466288970.09,49214.00,3.41763860,0.00078877,0.02524075,0.01577547,1.32574295,1.34151842,914815625.26,21.4756
1100,3.0116,1.8592,1.8592,922.36,40892840.39,3741404.90,206772756.80,259565412.09,466338168.89,49198.79,3.41658275,0.00078864,0.02523650,0.01577281,1.32598503,1.34175785,914862824.05,21.4682
1101,3.0144,1.8589,1.8589,924.11,40898194.13,3741586.61,206811748.56,259575603.92,466387352.48,49183.59,3.41552726,0.00078851,0.02523225,0.01577016,1.32622716,1.34199731,914910007.64,21.4607
1102,3.0171,1.8587,1.8587,925.87,40903547.11,3741768.27,206850727.99,259585792.89,466436520.88,49168.40,3.41447211,0.00078837,0.02522800,0.01576750,1.32646933,1.34223683,914957176.04,21.4533
1103,3.0198,1.8584,1.8584,927.63,40908899.34,3741949.88,206889695.08,259595979.01,466485674.09,49153.21,3.41341733,0.00078824,0.02522375,0.01576484,1.32671154,1.34247639,915004329.25,21.4458
1104,3.0226,1.8582,1.8582,929.39,40914250.82,3742131.45,206928649.84,259606162.27,466534812.11,49138.03,3.41236289,0.00078811,0.02521950,0.01576219,1.32695380,1.34271599,915051467.27,21.4384
1105,3.0253,1.8579,1.8579,931.16,40919601.54,3742312.97,206967592.27,259616342.69,466583934.96,49122.85,3.41130880,0.00078798,0.02521526,0.01575953,1.32719610,1.34295564,915098590.12,21.4310
1106,3.0281,1.8576,1.8576,932.93,40924951.52,3742494.44,207006522.39,259626520.25,466633042.63,49107.67,3.41025507,0.00078784,0.02521101,0.01575688,1.32743845,1.34319533,915145697.79,21.4235
1107,3.0308,1.8574,1.8574,934.70,40930300.74,3742675.86,207045440.18,259636694.96,466682135.14,49092.50,3.40920169,0.00078771,0.02520676,0.01575423,1.32768084,1.34343507,915192790.30,21.4161
1108,3.0335,1.8571,1.8571,936.48,40935649.21,3742857.24,207084345.66,259646866.82,466731212.48,49077.34,3.40814866,0.00078758,0.02520252,0.01575157,1.32792328,1.34367485,915239867.64,21.4087
1109,3.0363,1.8568,1.8568,938.26,40940996.93,3743038.57,207123238.83,259657035.83,466780274.66,49062.18,3.40709599,0.00078745,0.02519828,0.01574892,1.32816576,1.34391468,915286929.82,21.4013
1110,3.0390,1.8566,1.8566,940.04,40946343.90,3743219.85,207162119.69,259667202.00,466829321.69,49047.03,3.40604366,0.00078731,0.02519403,0.01574627,1.32840828,1.34415455,915333976.85,21.3938
1111,3.0418,1.8563,1.8563,941.83,40951690.11,3743401.09,207200988.25,259677365.32,466878353.57,49031.88,3.40499169,0.00078718,0.02518979,0.01574362,1.32865085,1.34439447,915381008.73,21.3864
1112,3.0445,1.8561,1.8561,943.62,40957035.58,3743582.28,207239844.51,259687525.79,466927370.31,49016.74,3.40394006,0.00078705,0.02518555,0.01574097,1.32889346,1.34463443,915428025.47,21.3790
1113,3.0472,1.8558,1.8558,945.41,40962380.29,3743763.42,207278688.48,259697683.43,466976371.90,49001.60,3.40288879,0.00078692,0.02518131,0.01573832,1.32913611,1.34487443,915475027.07,21.3716
1114,3.0500,1.8555,1.8555,947.21,40967724.26,3743944.51,207317520.15,259707838.22,467025358.37,48986.47,3.40183787,0.00078678,0.02517707,0.01573567,1.32937881,1.34511448,915522013.53,21.3642
1115,3.0527,1.8553,1.8553,949.01,40973067.47,3744125.56,207356339.54,259717990.17,467074329.71,48971.34,3.40078730,0.00078665,0.02517283,0.01573302,1.32962156,1.34535458,915568984.87,21.3568
1116,3.0554,1.8550,1.8550,950.82,40978409.93,3744306.56,207395146.64,259728139.28,467123285.92,48956.21,3.39973708,0.00078652,0.02516860,0.01573037,1.32986434,1.34559472,915615941.08,21.3494
1117,3.0582,1.8548,1.8548,952.62,40983751.64,3744487.52,207433941.47,259738285.55,467172227.02,48941.10,3.39868721,0.00078639,0.02516436,0.01572773,1.33010717,1.34583490,915662882.18,21.3420
1118,3.0609,1.8545,1.8545,954.43,40989092.60,3744668.42,207472724.02,259748428.98,467221153.00,48925.98,3.39763769,0.00078625,0.02516013,0.01572508,1.33035005,1.34607513,915709808.16,21.3346
1119,3.0637,1.8542,1.8542,956.25,40994432.81,3744849.28,207511494.30,259758569.58,467270063.87,48910.87,3.39658853,0.00078612,0.02515589,0.01572243,1.33059297,1.34631540,915756719.04,21.3272
1120,3.0664,1.8540,1.8540,958.07,40999772.27,3745030.09,207550252.31,259768707.34,467318959.65,48895.77,3.39553971,0.00078599,0.02515166,0.01571979,1.33083593,1.34655571,915803614.81,21.3198
1121,3.0691,1.8537,1.8537,959.89,41005110.98,3745210.86,207588998.05,259778842.27,467367840.32,48880.67,3.39449124,0.00078586,0.02514743,0.01571714,1.33107893,1.34679607,915850495.48,21.3124
1122,3.0719,1.8535,1.8535,961.71,41010448.94,3745391.58,207627731.54,259788974.36,467416705.90,48865.58,3.39344312,0.00078572,0.02514319,0.01571450,1.33132198,1.34703648,915897361.06,21.3050
1123,3.0746,1.8532,1.8532,963.54,41015786.14,3745572.25,207666452.77,259799103.63,467465556.39,48850.49,3.39239536,0.00078559,0.02513896,0.01571185,1.33156508,1.34727693,915944211.56,21.2976
1124,3.0773,1.8529,1.8529,965.37,41021122.60,3745752.87,207705161.75,259809230.06,467514391.80,48835.41,3.39134794,0.00078546,0.02513473,0.01570921,1.33180821,1.34751742,915991046.97,21.2902
1125,3.0801,1.8527,1.8527,967.21,41026458.31,3745933.45,207743858.47,259819353.66,467563212.14,48820.33,3.39030087,0.00078533,0.02513050,0.01570657,1.33205139,1.34775796,916037867.30,21.2828
1126,3.0828,1.8524,1.8524,969.04,41031793.27,3746113.98,207782542.96,259829474.44,467612017.40,48805.26,3.38925415,0.00078520,0.02512628,0.01570392,1.33229462,1.34799854,916084672.56,21.2755
1127,3.0856,1.8522,1.8522,970.89,41037127.48,3746294.47,207821215.20,259839592.38,467660807.59,48790.19,3.38820778,0.00078506,0.02512205,0.01570128,1.33253788,1.34823916,916131462.75,21.2681
1128,3.0883,1.8519,1.8519,972.73,41042460.94,3746474.90,207859875.21,259849707.51,467709582.72,48775.13,3.38716176,0.00078493,0.02511782,0.01569864,1.33278119,1.34847983,916178237.88,21.2607
1129,3.0910,1.8516,1.8516,974.58,41047793.65,3746655.30,207898522.99,259859819.80,467758342.79,48760.07,3.38611609,0.00078480,0.02511360,0.01569600,1.33302455,1.34872055,916224997.95,21.2533
1130,3.0938,1.8514,1.8514,976.43,41053125.61,3746835.64,207937158.53,259869929.28,467807087.81,48745.02,3.38507076,0.00078467,0.02510937,0.01569336,1.33326795,1.34896130,916271742.97,21.2460
1131,3.0965,1.8511,1.8511,978.29,41058456.82,3747015.94,207975781.85,259880035.93,467855817.78,48729.97,3.38402579,0.00078454,0.02510515,0.01569072,1.33351139,1.34920211,916318472.94,21.2386
1132,3.0992,1.8509,1.8509,980.15,41063787.28,3747196.19,208014392.95,259890139.76,467904532.71,48714.93,3.38298116,0.00078440,0.02510093,0.01568808,1.33375487,1.34944295,916365187.87,21.2312
1133,3.1020,1.8506,1.8506,982.01,41069117.00,3747376.39,208052991.83,259900240.77,467953232.60,48699.89,3.38193688,0.00078427,0.02509671,0.01568544,1.33399840,1.34968384,916411887.76,21.2239
1134,3.1047,1.8503,1.8503,983.88,41074445.96,3747556.55,208091578.50,259910338.96,468001917.46,48684.86,3.38089295,0.00078414,0.02509248,0.01568280,1.33424197,1.34992477,916458572.62,21.2165
1135,3.1075,1.8501,1.8501,985.75,41079774.18,3747736.66,208130152.96,259920434.33,468050587.29,48669.83,3.37984937,0.00078401,0.02508826,0.01568017,1.33448558,1.35016575,916505242.45,21.2092
1136,3.1102,1.8498,1.8498,987.62,41085101.64,3747916.72,208168715.21,259930526.88,468099242.10,48654.81,3.37880614,0.00078388,0.02508405,0.01567753,1.33472924,1.35040677,916551897.26,21.2018
1137,3.1129,1.8496,1.8496,989.50,41090428.36,3748096.74,208207265.27,259940616.62,468147881.89,48639.79,3.37776326,0.00078374,0.02507983,0.01567489,1.33497294,1.35064783,916598537.05,21.1945
1138,3.1157,1.8493,1.8493,991.38,41095754.33,3748276.71,208245803.12,259950703.55,468196506.67,48624.78,3.37672072,0.00078361,0.02507561,0.01567226,1.33521669,1.35088894,916645161.83,21.1871
1139,3.1184,1.8490,1.8490,993.27,41101079.55,3748456.63,208284328.78,259960787.66,468245116.44,48609.77,3.37567853,0.00078348,0.02507139,0.01566962,1.33546047,1.35113009,916691771.60,21.1798
1140,3.1211,1.8488,1.8488,995.15,41106404.03,3748636.51,208322842.25,259970868.96,468293711.21,48594.77,3.37463669,0.00078335,0.02506718,0.01566699,1.33570430,1.35137129,916738366.37,21.1724
1141,3.1239,1.8485,1.8485,997.05,41111727.75,3748816.34,208361343.53,259980947.45,468342290.98,48579.77,3.37359519,0.00078322,0.02506296,0.01566435,1.33594818,1.35161253,916784946.14,21.1651
1142,3.1266,1.8483,1.8483,998.94,41117050.73,3748996.12,208399832.63,259991023.13,468390855.75,48564.78,3.37255405,0.00078309,0.02505875,0.01566172,1.33619209,1.35185381,916831510.92,21.1578
1143,3.1294,1.8480,1.8480,1000.84,41122372.96,3749175.86,208438309.55,260001096.00,468439405.55,48549.79,3.37151325,0.00078295,0.02505454,0.01565909,1.33643605,1.35209514,916878060.71,21.1504
1144,3.1321,1.8477,1.8477,1002.74,41127694.44,3749355.55,208476774.29,260011166.06,468487940.35,48534.81,3.37047279,0.00078282,0.02505033,0.01565645,1.33668005,1.35233651,916924595.52,21.1431
1145,3.1348,1.8475,1.8475,1004.65,41133015.17,3749535.19,208515226.87,260021233.32,468536460.18,48519.83,3.36943269,0.00078269,0.02504612,0.01565382,1.33692410,1.35257792,916971115.35,21.1358
1146,3.1376,1.8472,1.8472,1006.56,41138335.16,3749714.79,208553667.27,260031297.77,468584965.04,48504.86,3.36839293,0.00078256,0.02504191,0.01565119,1.33716819,1.35281938,917017620.21,21.1285
1147,3.1403,1.8470,1.8470,1008.47,41143654.39,3749894.34,208592095.52,260041359.41,468633454.93,48489.89,3.36735352,0.00078243,0.02503770,0.01564856,1.33741232,1.35306088,917064110.10,21.1211
1148,3.1431,1.8467,1.8467,1010.39,41148972.88,3750073.84,208630511.60,260051418.26,468681929.86,48474.93,3.36631445,0.00078230,0.02503349,0.01564593,1.33765649,1.35330242,917110585.02,21.1138
1149,3.1458,1.8464,1.8464,1012.31,41154290.63,3750253.30,208668915.53,260061474.30,468730389.83,48459.97,3.36527573,0.00078217,0.02502928,0.01564330,1.33790071,1.35354401,917157044.99,21.1065
1150,3.1485,1.8462,1.8462,1014.23,41159607.62,3750432.71,208707307.31,260071527.54,468778834.85,48445.02,3.36423736,0.00078203,0.02502507,0.01564067,1.33814497,1.35378564,917203490.01,21.0992
1151,3.1513,1.8459,1.8459,1016.16,41164923.87,3750612.08,208745686.94,260081577.98,468827264.92,48430.07,3.36319933,0.00078190,0.02502087,0.01563804,1.33838927,1.35402731,917249920.08,21.0919
1152,3.1540,1.8457,1.8457,1018.09,41170239.37,3750791.40,208784054.42,260091625.63,468875680.05,48415.13,3.36216165,0.00078177,0.02501666,0.01563542,1.33863361,1.35426903,917296335.21,21.0846
1153,3.1567,1.8454,1.8454,1020.03,41175554.13,3750970.67,208822409.77,260101670.47,468924080.24,48400.19,3.36112431,0.00078164,0.02501246,0.01563279,1.33887800,1.35451079,917342735.40,21.0773
1154,3.1595,1.8451,1.8451,1021.97,41180868.14,3751149.89,208860752.97,260111712.52,468972465.50,48385.26,3.36008732,0.00078151,0.02500826,0.01563016,1.33912243,1.35475259,917389120.66,21.0700
1155,3.1622,1.8449,1.8449,1023.91,41186181.40,3751329.07,208899084.05,260121751.78,469020835.82,48370.33,3.35905068,0.00078138,0.02500406,0.01562753,1.33936691,1.35499444,917435490.99,21.0627
1156,3.1650,1.8446,1.8446,1025.85,41191493.91,3751508.21,208937403.00,260131788.24,469069191.23,48355.41,3.35801438,0.00078125,0.02499985,0.01562491,1.33961142,1.35523633,917481846.39,21.0554
1157,3.1677,1.8444,1.8444,1027.80,41196805.68,3751687.29,208975709.82,260141821.90,469117531.72,48340.49,3.35697843,0.00078111,0.02499565,0.01562228,1.33985598,1.35547826,917528186.88,21.0481
1158,3.1704,1.8441,1.8441,1029.76,41202116.70,3751866.33,209014004.52,260151852.78,469165857.30,48325.58,3.35594282,0.00078098,0.02499146,0.01561966,1.34010058,1.35572024,917574512.46,21.0408
1159,3.1732,1.8438,1.8438,1031.72,41207426.98,3752045.33,209052287.10,260161880.86,469214167.97,48310.67,3.35490755,0.00078085,0.02498726,0.01561704,1.34034523,1.35596226,917620823.13,21.0335
1160,3.1759,1.8436,1.8436,1033.68,41212736.51,3752224.28,209090557.57,260171906.16,469262463.73,48295.77,3.35387264,0.00078072,0.02498306,0.01561441,1.34058991,1.35620432,917667118.90,21.0262
1161,3.1786,1.8433,1.8433,1035.64,41218045.29,3752403.18,209128815.93,260181928.67,469310744.60,48280.87,3.35283806,0.00078059,0.02497886,0.01561179,1.34083464,1.35644643,917713399.76,21.0189
1162,3.1814,1.8431,1.8431,1037.61,41223353.33,3752582.03,209167062.19,260191948.39,469359010.58,48265.98,3.35180383,0.00078046,0.02497467,0.01560917,1.34107941,1.35668858,917759665.74,21.0116
1163,3.1841,1.8428,1.8428,1039.58,41228660.62,3752760.84,209205296.34,260201965.32,469407261.66,48251.09,3.35076995,0.00078033,0.02497047,0.01560655,1.34132422,1.35693077,917805916.83,21.0044
1164,3.1869,1.8426,1.8426,1041.56,41233967.16,3752939.61,209243518.39,260211979.47,469455497.87,48236.20,3.34973641,0.00078020,0.02496628,0.01560392,1.34156908,1.35717300,917852153.03,20.9971
1165,3.1896,1.8423,1.8423,1043.54,41239272.96,3753118.32,209281728.35,260221990.84,469503719.19,48221.33,3.34870321,0.00078007,0.02496209,0.01560130,1.34181398,1.35741528,917898374.36,20.9898
1166,3.1923,1.8420,1.8420,1045.52,41244578.02,3753296.99,209319926.22,260231999.42,469551925.65,48206.45,3.34767036,0.00077993,0.02495789,0.01559868,1.34205892,1.35765760,917944580.81,20.9825
1167,3.1951,1.8418,1.8418,1047.51,41249882.33,3753475.62,209358112.01,260242005.23,469600117.23,48191.59,3.34663786,0.00077980,0.02495370,0.01559606,1.34230390,1.35789997,917990772.39,20.9753
1168,3.1978,1.8415,1.8415,1049.50,41255185.89,3753654.20,209396285.71,260252008.25,469648293.95,48176.72,3.34560569,0.00077967,0.02494951,0.01559345,1.34254893,1.35814237,918036949.12,20.9680
1169,3.2005,1.8413,1.8413,1051.50,41260488.71,3753832.73,209434447.33,260262008.49,469696455.82,48161.86,3.34457387,0.00077954,0.02494532,0.01559083,1.34279400,1.35838482,918083110.98,20.9607
1170,3.2033,1.8410,1.8410,1053.49,41265790.78,3754011.22,209472596.87,260272005.96,469744602.83,48147.01,3.34354240,0.00077941,0.02494113,0.01558821,1.34303911,1.35862731,918129257.99,20.9535
1171,3.2060,1.8407,1.8407,1055.50,41271092.11,3754189.66,209510734.35,260282000.64,469792734.99,48132.16,3.34251127,0.00077928,0.02493695,0.01558559,1.34328426,1.35886985,918175390.15,20.9462
1172,3.2088,1.8405,1.8405,1057.50,41276392.69,3754368.05,209548859.76,260291992.55,469840852.31,48117.32,3.34148048,0.00077915,0.02493276,0.01558298,1.34352945,1.35911243,918221507.47,20.9390
1173,3.2115,1.8402,1.8402,1059.51,41281692.53,3754546.40,209586973.10,260301981.69,469888954.79,48102.48,3.34045003,0.00077902,0.02492857,0.01558036,1.34377469,1.35935505,918267609.95,20.9317
1174,3.2142,1.8400,1.8400,1061.53,41286991.62,3754724.70,209625074.38,260311968.05,469937042.44,48087.65,3.33941993,0.00077889,0.02492439,0.01557774,1.34401997,1.35959771,918313697.60,20.9245
1175,3.2170,1.8397,1.8397,1063.55,41292289.97,3754902.96,209663163.61,260321951.65,469985115.26,48072.82,3.33839017,0.00077876,0.02492021,0.01557513,1.34426529,1.35984042,918359770.42,20.9172
1176,3.2197,1.8394,1.8394,1065.57,41297587.58,3755081.17,209701240.79,260331932.47,470033173.25,48057.99,3.33736075,0.00077863,0.02491602,0.01557251,1.34451065,1.36008316,918405828.41,20.9100
1177,3.2225,1.8392,1.8392,1067.59,41302884.44,3755259.33,209739305.91,260341910.51,470081216.43,48043.18,3.33633168,0.00077850,0.02491184,0.01556990,1.34475605,1.36032595,918451871.59,20.9027
1178,3.2252,1.8389,1.8389,1069.62,41308180.55,3755437.45,209777358.99,260351885.79,470129244.79,48028.36,3.33530295,0.00077836,0.02490766,0.01556729,1.34500150,1.36056879,918497899.95,20.8955
1179,3.2279,1.8387,1.8387,1071.65,41313475.92,3755615.52,209815400.04,260361858.31,470177258.34,48013.55,3.33427456,0.00077823,0.02490348,0.01556467,1.34524699,1.36081166,918543913.51,20.8883
1180,3.2307,1.8384,1.8384,1073.69,41318770.55,3755793.55,209853429.04,260371828.05,470225257.09,47998.75,3.33324651,0.00077810,0.02489930,0.01556206,1.34549252,1.36105458,918589912.26,20.8810
1181,3.2334,1.8382,1.8382,1075.73,41324064.43,3755971.53,209891446.01,260381795.03,470273241.04,47983.95,3.33221881,0.00077797,0.02489512,0.01555945,1.34573809,1.36129754,918635896.21,20.8738
1182,3.2361,1.8379,1.8379,1077.78,41329357.57,3756149.46,209929450.95,260391759.25,470321210.20,47969.16,3.33119145,0.00077784,0.02489094,0.01555684,1.34598371,1.36154055,918681865.36,20.8666
1183,3.2389,1.8376,1.8376,1079.83,41334649.97,3756327.35,209967443.87,260401720.70,470369164.57,47954.37,3.33016443,0.00077771,0.02488677,0.01555423,1.34622936,1.36178359,918727819.73,20.8593
1184,3.2416,1.8374,1.8374,1081.88,41339941.62,3756505.19,210005424.76,260411679.39,470417104.15,47939.58,3.32913775,0.00077758,0.02488259,0.01555162,1.34647506,1.36202668,918773759.31,20.8521
1185,3.2444,1.8371,1.8371,1083.94,41345232.53,3756682.99,210043393.64,260421635.32,470465028.96,47924.80,3.32811142,0.00077745,0.02487841,0.01554901,1.34672080,1.36226981,918819684.12,20.8449
1186,3.2471,1.8369,1.8369,1086.00,41350522.69,3756860.74,210081350.50,260431588.48,470512938.99,47910.03,3.32708542,0.00077732,0.02487424,0.01554640,1.34696658,1.36251298,918865594.15,20.8377
1187,3.2498,1.8366,1.8366,1088.06,41355812.11,3757038.45,210119295.35,260441538.89,470560834.25,47895.26,3.32605977,0.00077719,0.02487007,0.01554379,1.34721241,1.36275620,918911489.41,20.8305
1188,3.2526,1.8363,1.8363,1090.13,41361100.79,3757216.11,210157228.20,260451486.54,470608714.74,47880.50,3.32503446,0.00077706,0.02486589,0.01554118,1.34745827,1.36299946,918957369.91,20.8233
1189,3.2553,1.8361,1.8361,1092.20,41366388.73,3757393.72,210195149.04,260461431.44,470656580.48,47865.74,3.32400949,0.00077693,0.02486172,0.01553858,1.34770418,1.36324276,919003235.64,20.8160
1190,3.2580,1.8358,1.8358,1094.28,41371675.92,3757571.29,210233057.89,260471373.58,470704431.46,47850.98,3.32298486,0.00077680,0.02485755,0.01553597,1.34795013,1.36348610,919049086.62,20.8088
1191,3.2608,1.8356,1.8356,1096.36,41376962.37,3757748.81,210270954.73,260481312.96,470752267.69,47836.23,3.32196057,0.00077667,0.02485338,0.01553336,1.34819612,1.36372948,919094922.86,20.8016
1192,3.2635,1.8353,1.8353,1098.44,41382248.07,3757926.29,210308839.59,260491249.59,470800089.18,47821.49,3.32093662,0.00077654,0.02484921,0.01553076,1.34844215,1.36397291,919140744.34,20.7944
1193,3.2663,1.8351,1.8351,1100.53,41387533.04,3758103.72,210346712.46,260501183.47,470847895.93,47806.75,3.31991301,0.00077641,0.02484505,0.01552815,1.34868823,1.36421638,919186551.09,20.7872
1194,3.2690,1.8348,1.8348,1102.62,41392817.26,3758281.10,210384573.35,260511114.59,470895687.94,47792.01,3.31888975,0.00077628,0.02484088,0.01552555,1.34893434,1.36445989,919232343.10,20.7800
1195,3.2717,1.8345,1.8345,1104.72,41398100.74,3758458.44,210422422.25,260521042.97,470943465.22,47777.28,3.31786682,0.00077615,0.02483671,0.01552294,1.34918050,1.36470344,919278120.39,20.7728
1196,3.2745,1.8343,1.8343,1106.82,41403383.47,3758635.73,210460259.18,260530968.60,470991227.78,47762.56,3.31684424,0.00077602,0.02483255,0.01552034,1.34942670,1.36494704,919323882.94,20.7657
1197,3.2772,1.8340,1.8340,1108.92,41408665.46,3758812.98,210498084.14,260540891.48,471038975.62,47747.84,3.31582199,0.00077589,0.02482838,0.01551774,1.34967294,1.36519067,919369630.78,20.7585
1198,3.2799,1.8338,1.8338,1111.03,41413946.72,3758990.19,210535897.13,260550811.61,471086708.74,47733.12,3.31480009,0.00077576,0.02482422,0.01551514,1.34991922,1.36543435,919415363.90,20.7513
1199,3.2827,1.8335,1.8335,1113.14,41419227.22,3759167.34,210573698.15,260560729.00,471134427.15,47718.41,3.31377852,0.00077563,0.02482006,0.01551253,1.35016554,1.36567808,919461082.31,20.7441
1200,3.2854,1.8333,1.8333,1115.26,41424506.99,3759344.45,210611487.21,260570643.64,471182130.85,47703.71,3.31275730,0.00077550,0.02481589,0.01550993,1.35041190,1.36592184,919506786.02,20.7369
1201,3.2882,1.8330,1.8330,1117.38,41429786.02,3759521.52,210649264.32,260580555.54,471229819.86,47689.00,3.31173641,0.00077537,0.02481173,0.01550733,1.35065831,1.36616564,919552475.02,20.7297
1202,3.2909,1.8327,1.8327,1119.50,41435064.30,3759698.54,210687029.47,260590464.70,471277494.17,47674.31,3.31071586,0.00077524,0.02480757,0.01550473,1.35090476,1.36640949,919598149.33,20.7226
1203,3.2936,1.8325,1.8325,1121.63,41440341.84,3759875.51,210724782.67,260600371.11,471325153.78,47659.62,3.30969566,0.00077511,0.02480341,0.01550213,1.35115125,1.36665338,919643808.95,20.7154
1204,3.2964,1.8322,1.8322,1123.76,41445618.64,3760052.44,210762523.93,260610274.79,471372798.71,47644.93,3.30867579,0.00077498,0.02479926,0.01549953,1.35139778,1.36689731,919689453.88,20.7082
1205,3.2991,1.8320,1.8320,1125.90,41450894.70,3760229.33,210800253.24,260620175.72,471420428.97,47630.25,3.30765626,0.00077485,0.02479510,0.01549694,1.35164435,1.36714128,919735084.13,20.7011
1206,3.3018,1.8317,1.8317,1128.04,41456170.02,3760406.17,210837970.62,260630073.92,471468044.54,47615.57,3.30663707,0.00077472,0.02479094,0.01549434,1.35189096,1.36738530,919780699.70,20.6939
1207,3.3046,1.8314,1.8314,1130.18,41461444.59,3760582.96,210875676.06,260639969.38,471515645.44,47600.90,3.30561822,0.00077459,0.02478679,0.01549174,1.35213761,1.36762935,919826300.60,20.6867
1208,3.3073,1.8312,1.8312,1132.33,41466718.43,3760759.71,210913369.57,260649862.11,471563231.68,47586.24,3.30459971,0.00077446,0.02478263,0.01548914,1.35238431,1.36787345,919871886.84,20.6796
1209,3.3101,1.8309,1.8309,1134.48,41471991.52,3760936.41,210951051.15,260659752.10,471610803.25,47571.57,3.30358154,0.00077433,0.02477848,0.01548655,1.35263104,1.36811759,919917458.41,20.6724
1210,3.3128,1.8307,1.8307,1136.64,41477263.87,3761113.06,210988720.81,260669639.36,471658360.17,47556.92,3.30256371,0.00077420,0.02477432,0.01548395,1.35287782,1.36836177,919963015.33,20.6653
1211,3.3155,1.8304,1.8304,1138.80,41482535.49,3761289.68,211026378.55,260679523.88,471705902.43,47542.27,3.30154621,0.00077407,0.02477017,0.01548136,1.35312464,1.36860600,920008557.60,20.6581
1212,3.3183,1.8302,1.8302,1140.96,41487806.36,3761466.24,211064024.38,260689405.68,471753430.05,47527.62,3.30052905,0.00077394,0.02476602,0.01547876,1.35337150,1.36885026,920054085.22,20.6510
1213,3.3210,1.8299,1.8299,1143.13,41493076.49,3761642.76,211101658.29,260699284.74,471800943.03,47512.98,3.29951223,0.00077381,0.02476187,0.01547617,1.35361840,1.36909457,920099598.19,20.6438
1214,3.3238,1.8296,1.8296,1145.30,41498345.88,3761819.24,211139280.29,260709161.07,471848441.37,47498.34,3.29849575,0.00077368,0.02475772,0.01547358,1.35386534,1.36933892,920145096.53,20.6367
1215,3.3265,1.8294,1.8294,1147.48,41503614.53,3761995.67,211176890.39,260719034.68,471895925.07,47483.71,3.29747961,0.00077355,0.02475357,0.01547098,1.35411232,1.36958331,920190580.24,20.6295
1216,3.3292,1.8291,1.8291,1149.66,41508882.44,3762172.05,211214488.59,260728905.56,471943394.15,47469.08,3.29646380,0.00077342,0.02474943,0.01546839,1.35435935,1.36982774,920236049.32,20.6224
1217,3.3320,1.8289,1.8289,1151.85,41514149.60,3762348.39,211252074.90,260738773.71,471990848.61,47454.46,3.29544834,0.00077329,0.02474528,0.01546580,1.35460641,1.37007221,920281503.77,20.6153
1218,3.3347,1.8286,1.8286,1154.04,41519416.03,3762524.68,211289649.31,260748639.14,472038288.45,47439.84,3.29443321,0.00077316,0.02474113,0.01546321,1.35485352,1.37031672,920326943.61,20.6081
1219,3.3374,1.8284,1.8284,1156.23,41524681.72,3762700.93,211327211.83,260758501.85,472085713.67,47425.23,3.29341841,0.00077303,0.02473699,0.01546062,1.35510066,1.37056128,920372368.83,20.6010
1220,3.3402,1.8281,1.8281,1158.43,41529946.67,3762877.14,211364762.46,260768361.83,472133124.29,47410.62,3.29240396,0.00077290,0.02473284,0.01545803,1.35534785,1.37080588,920417779.45,20.5939
1221,3.3429,1.8279,1.8279,1160.63,41535210.88,3763053.29,211402301.21,260778219.09,472180520.30,47396.01,3.29138984,0.00077277,0.02472870,0.01545544,1.35559508,1.37105052,920463175.47,20.5868
1222,3.3457,1.8276,1.8276,1162.84,41540474.35,3763229.41,211439828.09,260788073.63,472227901.72,47381.42,3.29037606,0.00077264,0.02472456,0.01545285,1.35584235,1.37129520,920508556.88,20.5796
1223,3.3484,1.8273,1.8273,1165.05,41545737.08,3763405.48,211477343.09,260797925.45,472275268.54,47366.82,3.28936262,0.00077251,0.02472042,0.01545026,1.35608966,1.37153992,920553923.70,20.5725
1224,3.3511,1.8271,1.8271,1167.26,41550999.07,3763581.50,211514846.22,260807774.56,472322620.77,47352.23,3.28834951,0.00077238,0.02471628,0.01544767,1.35633701,1.37178468,920599275.94,20.5654
1225,3.3539,1.8268,1.8268,1169.48,41556260.32,3763757.48,211552337.48,260817620.94,472369958.42,47337.65,3.28733674,0.00077225,0.02471214,0.01544508,1.35658440,1.37202948,920644613.58,20.5583
1226,3.3566,1.8266,1.8266,1171.70,41561520.83,3763933.41,211589816.88,260827464.61,472417281.49,47323.07,3.28632430,0.00077212,0.02470800,0.01544250,1.35683183,1.37227433,920689936.65,20.5512
1227,3.3593,1.8263,1.8263,1173.93,41566780.60,3764109.29,211627284.42,260837305.57,472464589.99,47308.50,3.28531221,0.00077200,0.02470386,0.01543991,1.35707930,1.37251922,920735245.15,20.5441
1228,3.3621,1.8261,1.8261,1176.16,41572039.63,3764285.14,211664740.11,260847143.81,472511883.91,47293.93,3.28430044,0.00077187,0.02469972,0.01543733,1.35732682,1.37276414,920780539.08,20.5370
1229,3.3648,1.8258,1.8258,1178.40,41577297.93,3764460.93,211702183.94,260856979.34,472559163.28,47279.36,3.28328902,0.00077174,0.02469559,0.01543474,1.35757437,1.37300911,920825818.44,20.5299
1230,3.3676,1.8255,1.8255,1180.64,41582555.48,3764636.69,211739615.92,260866812.15,472606428.08,47264.80,3.28227793,0.00077161,0.02469145,0.01543216,1.35782197,1.37325412,920871083.24,20.5228
1231,3.3703,1.8253,1.8253,1182.88,41587812.30,3764812.39,211777036.06,260876642.26,472653678.33,47250.25,3.28126718,0.00077148,0.02468732,0.01542957,1.35806960,1.37349918,920916333.49,20.5157
1232,3.3730,1.8250,1.8250,1185.13,41593068.38,3764988.05,211814444.36,260886469.66,472700914.02,47235.70,3.28025676,0.00077135,0.02468318,0.01542699,1.35831728,1.37374427,920961569.19,20.5086
1233,3.3758,1.8248,1.8248,1187.38,41598323.71,3765163.67,211851840.83,260896294.35,472748135.17,47221.15,3.27924668,0.00077122,0.02467905,0.01542441,1.35856500,1.37398940,921006790.34,20.5015
1234,3.3785,1.8245,1.8245,1189.64,41603578.31,3765339.24,211889225.46,260906116.33,472795341.79,47206.61,3.27823693,0.00077109,0.02467492,0.01542182,1.35881275,1.37423458,921051996.95,20.4944
1235,3.3812,1.8243,1.8243,1191.90,41608832.18,3765514.77,211926598.26,260915935.60,472842533.86,47192.08,3.27722752,0.00077096,0.02467079,0.01541924,1.35906055,1.37447979,921097189.03,20.4873
1236,3.3840,1.8240,1.8240,1194.17,41614085.30,3765690.25,211963959.24,260925752.17,472889711.41,47177.55,3.27621845,0.00077083,0.02466666,0.01541666,1.35930839,1.37472505,921142366.57,20.4802
1237,3.3867,1.8237,1.8237,1196.44,41619337.69,3765865.69,212001308.39,260935566.04,472936874.43,47163.02,3.27520971,0.00077070,0.02466253,0.01541408,1.35955627,1.37497035,921187529.59,20.4731
1238,3.3895,1.8235,1.8235,1198.71,41624589.33,3766041.08,212038645.73,260945377.20,472984022.93,47148.50,3.27420130,0.00077057,0.02465840,0.01541150,1.35980419,1.37521569,921232678.09,20.4661
1239,3.3922,1.8232,1.8232,1200.99,41629840.24,3766216.43,212075971.25,260955185.66,473031156.91,47133.98,3.27319323,0.00077045,0.02465427,0.01540892,1.36005215,1.37546107,921277812.07,20.4590
1240,3.3949,1.8230,1.8230,1203.27,41635090.42,3766391.73,212113284.96,260964991.42,473078276.38,47119.47,3.27218549,0.00077032,0.02465014,0.01540634,1.36030015,1.37570649,921322931.54,20.4519
1241,3.3977,1.8227,1.8227,1205.56,41640339.85,3766566.99,212150586.86,260974794.48,473125381.34,47104.96,3.27117809,0.00077019,0.02464602,0.01540376,1.36054819,1.37595195,921368036.51,20.4448
1242,3.4004,1.8225,1.8225,1207.85,41645588.55,3766742.20,212187876.96,260984594.85,473172471.81,47090.46,3.27017103,0.00077006,0.02464189,0.01540118,1.36079627,1.37619745,921413126.97,20.4378
1243,3.4031,1.8222,1.8222,1210.15,41650836.50,3766917.37,212225155.26,260994392.51,473219547.77,47075.97,3.26916430,0.00076993,0.02463777,0.01539861,1.36104439,1.37644300,921458202.94,20.4307
1244,3.4059,1.8220,1.8220,1212.45,41656083.73,3767092.49,212262421.77,261004187.48,473266609.25,47061.47,3.26815790,0.00076980,0.02463365,0.01539603,1.36129255,1.37668858,921503264.41,20.4236
1245,3.4086,1.8217,1.8217,1214.75,41661330.21,3767267.57,212299676.48,261013979.75,473313656.23,47046.99,3.26715183,0.00076967,0.02462952,0.01539345,1.36154076,1.37693421,921548311.40,20.4166
1246,3.4114,1.8214,1.8214,1217.06,41666575.96,3767442.60,212336919.41,261023769.33,473360688.74,47032.50,3.26614610,0.00076954,0.02462540,0.01539088,1.36178900,1.37717988,921593343.90,20.4095
1247,3.4141,1.8212,1.8212,1219.37,41671820.97,3767617.59,212374150.55,261033556.21,473407706.76,47018.03,3.26514071,0.00076942,0.02462128,0.01538830,1.36203728,1.37742558,921638361.93,20.4025
1248,3.4168,1.8209,1.8209,1221.69,41677065.24,3767792.53,212411369.91,261043340.41,473454710.32,47003.55,3.26413565,0.00076929,0.02461716,0.01538573,1.36228560,1.37767133,921683365.48,20.3954
1249,3.4196,1.8207,1.8207,1224.01,41682308.77,3767967.43,212448577.49,261053121.91,473501699.40,46989.09,3.26313092,0.00076916,0.02461304,0.01538315,1.36253397,1.37791712,921728354.57,20.3884
1250,3.4223,1.8204,1.8204,1226.34,41687551.57,3768142.28,212485773.30,261062900.72,473548674.02,46974.62,3.26212653,0.00076903,0.02460893,0.01538058,1.36278237,1.37816295,921773329.19,20.3813
1251,3.4251,1.8202,1.8202,1228.67,41692793.64,3768317.09,212522957.34,261072676.84,473595634.19,46960.16,3.26112246,0.00076890,0.02460481,0.01537801,1.36303081,1.37840882,921818289.35,20.3743
1252,3.4278,1.8199,1.8199,1231.01,41698034.96,3768491.86,212560129.62,261082450.28,473642579.90,46945.71,3.26011874,0.00076877,0.02460069,0.01537543,1.36327930,1.37865473,921863235.06,20.3672
1253,3.4305,1.8196,1.8196,1233.35,41703275.55,3768666.58,212597290.13,261092221.03,473689511.16,46931.26,3.25911534,0.00076864,0.02459658,0.01537286,1.36352782,1.37890068,921908166.32,20.3602
1254,3.4333,1.8194,1.8194,1235.69,41708515.40,3768841.25,212634438.89,261101989.09,473736427.98,46916.82,3.25811228,0.00076851,0.02459246,0.01537029,1.36377638,1.37914667,921953083.14,20.3532
1255,3.4360,1.8191,1.8191,1238.04,41713754.52,3769015.88,212671575.89,261111754.47,473783330.35,46902.38,3.25710955,0.00076839,0.02458835,0.01536772,1.36402499,1.37939271,921997985.52,20.3461
1256,3.4387,1.8189,1.8189,1240.39,41718992.90,3769190.47,212708701.13,261121517.16,473830218.30,46887.94,3.25610716,0.00076826,0.02458424,0.01536515,1.36427363,1.37963878,922042873.46,20.3391
1257,3.4415,1.8186,1.8186,1242.75,41724230.54,3769365.01,212745814.64,261131277.17,473877091.81,46873.51,3.25510509,0.00076813,0.02458013,0.01536258,1.36452232,1.37988489,922087746.97,20.3321
1258,3.4442,1.8184,1.8184,1245.11,41729467.45,3769539.51,212782916.39,261141034.50,473923950.90,46859.09,3.25410336,0.00076800,0.02457601,0.01536001,1.36477104,1.38013105,922132606.06,20.3250
1259,3.4470,1.8181,1.8181,1247.48,41734703.62,3769713.96,212820006.41,261150789.15,473970795.57,46844.67,3.25310197,0.00076787,0.02457190,0.01535744,1.36501980,1.38037724,922177450.73,20.3180
1260,3.4497,1.8179,1.8179,1249.85,41739939.06,3769888.37,212857084.69,261160541.13,474017625.82,46830.25,3.25210090,0.00076774,0.02456780,0.01535487,1.36526861,1.38062348,922222280.98,20.3110
1261,3.4524,1.8176,1.8176,1252.23,41745173.76,3770062.73,212894151.24,261170290.42,474064441.66,46815.84,3.25110017,0.00076762,0.02456369,0.01535230,1.36551745,1.38086976,922267096.82,20.3040
1262,3.4552,1.8173,1.8173,1254.61,41750407.73,3770237.05,212931206.06,261180037.03,474111243.10,46801.44,3.25009977,0.00076749,0.02455958,0.01534974,1.36576633,1.38111607,922311898.26,20.2970
1263,3.4579,1.8171,1.8171,1256.99,41755640.96,3770411.32,212968249.16,261189780.97,474158030.13,46787.04,3.24909970,0.00076736,0.02455547,0.01534717,1.36601526,1.38136243,922356685.30,20.2899
1264,3.4606,1.8168,1.8168,1259.38,41760873.45,3770585.55,213005280.54,261199522.24,474204802.77,46772.64,3.24809996,0.00076723,0.02455137,0.01534460,1.36626422,1.38160883,922401457.94,20.2829
1265,3.4634,1.8166,1.8166,1261.78,41766105.21,3770759.74,213042300.19,261209260.83,474251561.02,46758.25,3.24710055,0.00076710,0.02454726,0.01534204,1.36651322,1.38185526,922446216.18,20.2759
1266,3.4661,1.8163,1.8163,1264.18,41771336.23,3770933.88,213079308.14,261218996.75,474298304.88,46743.86,3.24610148,0.00076697,0.02454316,0.01533947,1.36676227,1.38210174,922490960.05,20.2689
1267,3.4689,1.8161,1.8161,1266.58,41776566.52,3771107.97,213116304.37,261228729.99,474345034.36,46729.48,3.24510274,0.00076685,0.02453906,0.01533691,1.36701135,1.38234826,922535689.52,20.2619
1268,3.4716,1.8158,1.8158,1268.99,41781796.08,3771282.02,213153288.90,261238460.57,474391749.46,46715.10,3.24410433,0.00076672,0.02453495,0.01533435,1.36726047,1.38259482,922580404.63,20.2549
1269,3.4743,1.8156,1.8156,1271.40,41787024.89,3771456.03,213190261.72,261248188.47,474438450.19,46700.73,3.24310625,0.00076659,0.02453085,0.01533178,1.36750963,1.38284142,922625105.36,20.2479
1270,3.4771,1.8153,1.8153,1273.81,41792252.98,3771629.99,213227222.85,261257913.71,474485136.56,46686.36,3.24210850,0.00076646,0.02452675,0.01532922,1.36775884,1.38308806,922669791.72,20.2409
1271,3.4798,1.8151,1.8151,1276.24,41797480.33,3771803.91,213264172.28,261267636.28,474531808.56,46672.00,3.24111108,0.00076633,0.02452265,0.01532666,1.36800808,1.38333474,922714463.72,20.2339
1272,3.4825,1.8148,1.8148,1278.66,41802706.94,3771977.79,213301110.01,261277356.18,474578466.20,46657.64,3.24011399,0.00076620,0.02451855,0.01532410,1.36825736,1.38358145,922759121.36,20.2269
1273,3.4853,1.8145,1.8145,1281.09,41807932.82,3772151.61,213338036.06,261287073.42,474625109.49,46643.29,3.23911723,0.00076608,0.02451446,0.01532153,1.36850668,1.38382821,922803764.65,20.2200
1274,3.4880,1.8143,1.8143,1283.53,41813157.97,3772325.40,213374950.43,261296787.99,474671738.43,46628.94,3.23812081,0.00076595,0.02451036,0.01531897,1.36875604,1.38407501,922848393.59,20.2130
1275,3.4908,1.8140,1.8140,1285.97,41818382.38,3772499.14,213411853.12,261306499.90,474718353.02,46614.60,3.23712471,0.00076582,0.02450626,0.01531641,1.36900544,1.38432185,922893008.18,20.2060
1276,3.4935,1.8138,1.8138,1288.41,41823606.06,3772672.84,213448744.13,261316209.15,474764953.28,46600.26,3.23612895,0.00076569,0.02450217,0.01531385,1.36925488,1.38456873,922937608.44,20.1990
1277,3.4962,1.8135,1.8135,1290.86,41828829.00,3772846.49,213485623.46,261325915.74,474811539.20,46585.92,3.23513351,0.00076556,0.02449807,0.01531130,1.36950436,1.38481565,922982194.36,20.1920
1278,3.4990,1.8133,1.8133,1293.31,41834051.21,3773020.10,213522491.13,261335619.67,474858110.79,46571.59,3.23413841,0.00076544,0.02449398,0.01530874,1.36975388,1.38506262,923026765.96,20.1851
1279,3.5017,1.8130,1.8130,1295.77,41839272.69,3773193.66,213559347.13,261345320.93,474904668.06,46557.27,3.23314363,0.00076531,0.02448989,0.01530618,1.37000344,1.38530962,923071323.22,20.1781
1280,3.5044,1.8128,1.8128,1298.24,41844493.43,3773367.18,213596191.47,261355019.54,474951211.01,46542.95,3.23214919,0.00076518,0.02448579,0.01530362,1.37025303,1.38555666,923115866.17,20.1711
1281,3.5072,1.8125,1.8125,1300.70,41849713.44,3773540.66,213633024.15,261364715.50,474997739.64,46528.63,3.23115507,0.00076505,0.02448170,0.01530106,1.37050267,1.38580374,923160394.81,20.1642
1282,3.5099,1.8122,1.8122,1303.18,41854932.72,3773714.09,213669845.17,261374408.79,475044253.97,46514.32,3.23016129,0.00076493,0.02447761,0.01529851,1.37075235,1.38605086,923204909.13,20.1572
1283,3.5127,1.8120,1.8120,1305.65,41860151.26,3773887.47,213706654.55,261384099.44,475090753.98,46500.02,3.22916783,0.00076480,0.02447352,0.01529595,1.37100206,1.38629802,923249409.15,20.1502
1284,3.5154,1.8117,1.8117,1308.14,41865369.07,3774060.82,213743452.28,261393787.42,475137239.70,46485.72,3.22817470,0.00076467,0.02446944,0.01529340,1.37125182,1.38654522,923293894.86,20.1433
1285,3.5181,1.8115,1.8115,1310.62,41870586.14,3774234.11,213780238.36,261403472.76,475183711.12,46471.42,3.22718191,0.00076454,0.02446535,0.01529084,1.37150162,1.38679246,923338366.28,20.1363
1286,3.5209,1.8112,1.8112,1313.11,41875802.48,3774407.37,213817012.80,261413155.44,475230168.25,46457.13,3.22618944,0.00076441,0.02446126,0.01528829,1.37175145,1.38703974,923382823.41,20.1294
1287,3.5236,1.8110,1.8110,1315.61,41881018.09,3774580.58,213853775.61,261422835.48,475276611.09,46442.84,3.22519730,0.00076429,0.02445718,0.01528574,1.37200132,1.38728706,923427266.25,20.1224
1288,3.5264,1.8107,1.8107,1318.11,41886232.97,3774753.75,213890526.79,261432512.86,475323039.65,46428.56,3.22420549,0.00076416,0.02445309,0.01528318,1.37225124,1.38753442,923471694.81,20.1155
1289,3.5291,1.8105,1.8105,1320.62,41891447.11,3774926.87,213927266.33,261442187.60,475369453.93,46414.28,3.22321401,0.00076403,0.02444901,0.01528063,1.37250119,1.38778182,923516109.09,20.1085
1290,3.5318,1.8102,1.8102,1323.13,41896660.52,3775099.95,213963994.25,261451859.68,475415853.94,46400.01,3.22222285,0.00076390,0.02444492,0.01527808,1.37275118,1.38802926,923560509.10,20.1016
1291,3.5346,1.8100,1.8100,1325.64,41901873.20,3775272.98,214000710.55,261461529.13,475462239.68,46385.74,3.22123203,0.00076378,0.02444084,0.01527553,1.37300121,1.38827674,923604894.84,20.0946
1292,3.5373,1.8097,1.8097,1328.16,41907085.15,3775445.97,214037415.23,261471195.92,475508611.16,46371.48,3.22024153,0.00076365,0.02443676,0.01527298,1.37325128,1.38852426,923649266.32,20.0877
1293,3.5400,1.8094,1.8094,1330.69,41912296.36,3775618.92,214074108.30,261480860.07,475554968.38,46357.22,3.21925137,0.00076352,0.02443268,0.01527042,1.37350139,1.38877182,923693623.54,20.0808
1294,3.5428,1.8092,1.8092,1333.21,41917506.84,3775791.82,214110789.76,261490521.58,475601311.34,46342.97,3.21826153,0.00076339,0.02442860,0.01526787,1.37375154,1.38901941,923737966.50,20.0738
1295,3.5455,1.8089,1.8089,1335.75,41922716.59,3775964.67,214147459.61,261500180.45,475647640.06,46328.72,3.21727201,0.00076327,0.02442452,0.01526533,1.37400173,1.38926705,923782295.22,20.0669
1296,3.5483,1.8087,1.8087,1338.29,41927925.61,3776137.49,214184117.86,261509836.68,475693954.53,46314.47,3.21628283,0.00076314,0.02442044,0.01526278,1.37425195,1.38951473,923826609.69,20.0600
1297,3.5510,1.8084,1.8084,1340.83,41933133.89,3776310.26,214220764.50,261519490.26,475740254.76,46300.23,3.21529397,0.00076301,0.02441637,0.01526023,1.37450222,1.38976245,923870909.93,20.0531
1298,3.5537,1.8082,1.8082,1343.38,41938341.45,3776482.98,214257399.56,261529141.21,475786540.76,46286.00,3.21430545,0.00076288,0.02441229,0.01525768,1.37475253,1.39001021,923915195.93,20.0461
1299,3.5565,1.8079,1.8079,1345.93,41943548.27,3776655.67,214294023.02,261538789.52,475832812.53,46271.77,3.21331725,0.00076276,0.02440821,0.01525513,1.37500287,1.39025800,923959467.69,20.0392
1300,3.5592,1.8077,1.8077,1348.49,41948754.36,3776828.30,214330634.89,261548435.19,475879070.07,46257.54,3.21232937,0.00076263,0.02440414,0.01525259,1.37525325,1.39050584,924003725.24,20.0323
1301,3.5619,1.8074,1.8074,1351.06,41953959.71,3777000.90,214367235.17,261558078.22,475925313.40,46243.32,3.21134183,0.00076250,0.02440007,0.01525004,1.37550367,1.39075372,924047968.56,20.0254
1302,3.5647,1.8072,1.8072,1353.62,41959164.34,3777173.45,214403823.88,261567718.62,475971542.50,46229.11,3.21035461,0.00076237,0.02439599,0.01524750,1.37575414,1.39100163,924092197.67,20.0185
1303,3.5674,1.8069,1.8069,1356.20,41964368.24,3777345.95,214440401.01,261577356.39,476017757.40,46214.90,3.20936772,0.00076225,0.02439192,0.01524495,1.37600464,1.39124959,924136412.56,20.0116
1304,3.5702,1.8067,1.8067,1358.77,41969571.40,3777518.42,214476966.56,261586991.53,476063958.09,46200.69,3.20838115,0.00076212,0.02438785,0.01524241,1.37625518,1.39149758,924180613.25,20.0047
1305,3.5729,1.8064,1.8064,1361.36,41974773.83,3777690.84,214513520.54,261596624.03,476110144.57,46186.49,3.20739491,0.00076199,0.02438378,0.01523986,1.37650575,1.39174562,924224799.74,19.9978
1306,3.5756,1.8061,1.8061,1363.95,41979975.54,3777863.21,214550062.96,261606253.90,476156316.86,46172.29,3.20640900,0.00076187,0.02437971,0.01523732,1.37675637,1.39199369,924268972.03,19.9909
1307,3.5784,1.8059,1.8059,1366.54,41985176.51,3778035.54,214586593.82,261615881.14,476202474.96,46158.10,3.20542342,0.00076174,0.02437564,0.01523478,1.37700703,1.39224180,924313130.12,19.9840
1308,3.5811,1.8056,1.8056,1369.14,41990376.75,3778207.83,214623113.11,261625505.76,476248618.87,46143.91,3.20443816,0.00076161,0.02437157,0.01523223,1.37725772,1.39248996,924357274.03,19.9771
1309,3.5838,1.8054,1.8054,1371.74,41995576.26,3778380.07,214659620.85,261635127.74,476294748.60,46129.73,3.20345323,0.00076148,0.02436751,0.01522969,1.37750846,1.39273815,924401403.76,19.9702
1310,3.5866,1.8051,1.8051,1374.35,42000775.03,3778552.27,214696117.04,261644747.10,476340864.14,46115.55,3.20246862,0.00076136,0.02436344,0.01522715,1.37775923,1.39298638,924445519.31,19.9633
1311,3.5893,1.8049,1.8049,1376.96,42005973.08,3778724.43,214732601.68,261654363.84,476386965.52,46101.37,3.20148434,0.00076123,0.02435938,0.01522461,1.37801004,1.39323465,924489620.68,19.9564
1312,3.5921,1.8046,1.8046,1379.58,42011170.40,3778896.54,214769074.78,261663977.95,476433052.72,46087.21,3.20050039,0.00076110,0.02435531,0.01522207,1.37826089,1.39348296,924533707.89,19.9495
1313,3.5948,1.8044,1.8044,1382.20,42016366.99,3779068.61,214805536.33,261673589.43,476479125.77,46073.04,3.19951676,0.00076098,0.02435125,0.01521953,1.37851178,1.39373131,924577780.93,19.9426
1314,3.5975,1.8041,1.8041,1384.82,42021562.84,3779240.63,214841986.35,261683198.30,476525184.65,46058.88,3.19853346,0.00076085,0.02434719,0.01521699,1.37876271,1.39397970,924621839.81,19.9357
1315,3.6003,1.8039,1.8039,1387.46,42026757.97,3779412.61,214878424.83,261692804.54,476571229.37,46044.73,3.19755048,0.00076072,0.02434312,0.01521445,1.37901367,1.39422813,924665884.54,19.9289
1316,3.6030,1.8036,1.8036,1390.09,42031952.37,3779584.55,214914851.79,261702408.17,476617259.95,46030.58,3.19656783,0.00076060,0.02433906,0.01521191,1.37926468,1.39447659,924709915.11,19.9220
1317,3.6057,1.8034,1.8034,1392.74,42037146.04,3779756.45,214951267.21,261712009.17,476663276.38,46016.43,3.19558551,0.00076047,0.02433500,0.01520938,1.37951572,1.39472510,924753931.55,19.9151
1318,3.6085,1.8031,1.8031,1395.38,42042338.97,3779928.30,214987671.12,261721607.55,476709278.67,46002.29,3.19460351,0.00076034,0.02433094,0.01520684,1.37976681,1.39497365,924797933.84,19.9083
1319,3.6112,1.8028,1.8028,1398.04,42047531.18,3780100.10,215024063.51,261731203.32,476755266.83,45988.15,3.19362183,0.00076022,0.02432689,0.01520430,1.38001793,1.39522223,924841921.99,19.9014
1320,3.6140,1.8026,1.8026,1400.69,42052722.66,3780271.87,215060444.38,261740796.47,476801240.85,45974.02,3.19264048,0.00076009,0.02432283,0.01520177,1.38026909,1.39547086,924885896.01,19.8945
1321,3.6167,1.8023,1.8023,1403.36,42057913.41,3780443.59,215096813.73,261750387.01,476847200.75,45959.90,3.19165946,0.00075996,0.02431877,0.01519923,1.38052029,1.39571952,924929855.91,19.8877
1322,3.6194,1.8021,1.8021,1406.02,42063103.43,3780615.26,215133171.59,261759974.94,476893146.52,45945.77,3.19067876,0.00075983,0.02431472,0.01519670,1.38077153,1.39596822,924973801.68,19.8808
1323,3.6222,1.8018,1.8018,1408.70,42068292.72,3780786.89,215169517.93,261769560.25,476939078.18,45931.66,3.18969838,0.00075971,0.02431066,0.01519416,1.38102280,1.39621696,925017733.34,19.8739
1324,3.6249,1.8016,1.8016,1411.37,42073481.28,3780958.48,215205852.78,261779142.94,476984995.72,45917.54,3.18871833,0.00075958,0.02430661,0.01519163,1.38127412,1.39646575,925061650.88,19.8671
1325,3.6277,1.8013,1.8013,1414.06,42078669.11,3781130.03,215242176.13,261788723.03,477030899.16,45903.44,3.18773860,0.00075945,0.02430255,0.01518910,1.38152547,1.39671457,925105554.32,19.8602
1326,3.6304,1.8011,1.8011,1416.74,42083856.21,3781301.53,215278487.98,261798300.51,477076788.49,45889.33,3.18675920,0.00075933,0.02429850,0.01518656,1.38177686,1.39696342,925149443.65,19.8534
1327,3.6331,1.8008,1.8008,1419.44,42089042.58,3781472.99,215314788.35,261807875.38,477122663.72,45875.23,3.18578012,0.00075920,0.02429445,0.01518403,1.38202829,1.39721232,925193318.89,19.8465
1328,3.6359,1.8006,1.8006,1422.14,42094228.23,3781644.40,215351077.23,261817447.64,477168524.86,45861.14,3.18480137,0.00075907,0.02429040,0.01518150,1.38227976,1.39746126,925237180.03,19.8397
1329,3.6386,1.8003,1.8003,1424.84,42099413.14,3781815.77,215387354.62,261827017.29,477214371.91,45847.05,3.18382294,0.00075895,0.02428635,0.01517897,1.38253127,1.39771024,925281027.08,19.8329
1330,3.6413,1.8001,1.8001,1427.55,42104597.33,3781987.10,215423620.54,261836584.34,477260204.88,45832.97,3.18284483,0.00075882,0.02428230,0.01517644,1.38278281,1.39795925,925324860.04,19.8260
1331,3.6441,1.7998,1.7998,1430.26,42109780.79,3782158.39,215459874.98,261846148.78,477306023.76,45818.89,3.18186705,0.00075870,0.02427825,0.01517391,1.38303440,1.39820831,925368678.93,19.8192
1332,3.6468,1.7996,1.7996,1432.98,42114963.52,3782329.63,215496117.95,261855710.62,477351828.57,45804.81,3.18088959,0.00075857,0.02427421,0.01517138,1.38328602,1.39845740,925412483.74,19.8124
1333,3.6496,1.7993,1.7993,1435.70,42120145.52,3782500.82,215532349.46,261865269.86,477397619.31,45790.74,3.17991245,0.00075844,0.02427016,0.01516885,1.38353768,1.39870653,925456274.48,19.8055
1334,3.6523,1.7991,1.7991,1438.43,42125326.80,3782671.98,215568569.49,261874826.49,477443395.99,45776.67,3.17893564,0.00075832,0.02426611,0.01516632,1.38378938,1.39895570,925500051.15,19.7987
1335,3.6550,1.7988,1.7988,1441.17,42130507.34,3782843.09,215604778.07,261884380.53,477489158.60,45762.61,3.17795915,0.00075819,0.02426207,0.01516379,1.38404112,1.39920491,925543813.76,19.7919
1336,3.6578,1.7985,1.7985,1443.91,42135687.16,3783014.16,215640975.19,261893931.96,477534907.15,45748.55,3.17698298,0.00075806,0.02425803,0.01516127,1.38429289,1.39945416,925587562.32,19.7850
1337,3.6605,1.7983,1.7983,1446.65,42140866.25,3783185.18,215677160.86,261903480.80,477580641.66,45734.50,3.17600714,0.00075794,0.02425398,0.01515874,1.38454471,1.39970345,925631296.82,19.7782
1338,3.6632,1.7980,1.7980,1449.40,42146044.61,3783356.16,215713335.07,261913027.04,477626362.11,45720.46,3.17503162,0.00075781,0.02424994,0.01515621,1.38479656,1.39995277,925675017.27,19.7714
1339,3.6660,1.7978,1.7978,1452.16,42151222.25,3783527.10,215749497.84,261922570.68,477672068.52,45706.41,3.17405642,0.00075768,0.02424590,0.01515369,1.38504845,1.40020214,925718723.69,19.7646
1340,3.6687,1.7975,1.7975,1454.92,42156399.16,3783697.99,215785649.17,261932111.73,477717760.90,45692.37,3.17308155,0.00075756,0.02424186,0.01515116,1.38530038,1.40045154,925762416.06,19.7578
1341,3.6715,1.7973,1.7973,1457.68,42161575.34,3783868.85,215821789.06,261941650.18,477763439.24,45678.34,3.17210700,0.00075743,0.02423782,0.01514864,1.38555235,1.40070099,925806094.40,19.7510
1342,3.6742,1.7970,1.7970,1460.45,42166750.79,3784039.65,215857917.51,261951186.04,477809103.55,45664.31,3.17113277,0.00075731,0.02423378,0.01514611,1.38580435,1.40095047,925849758.71,19.7442
1343,3.6769,1.7968,1.7968,1463.23,42171925.51,3784210.42,215894034.54,261960719.30,477854753.84,45650.29,3.17015886,0.00075718,0.02422974,0.01514359,1.38605640,1.40119999,925893409.00,19.7374
1344,3.6797,1.7965,1.7965,1466.01,42177099.51,3784381.14,215930140.13,261970249.98,477900390.11,45636.27,3.16918527,0.00075705,0.02422571,0.01514107,1.38630848,1.40144955,925937045.27,19.7306
1345,3.6824,1.7963,1.7963,1468.80,42182272.78,3784551.82,215966234.30,261979778.06,477946012.36,45622.25,3.16821201,0.00075693,0.02422167,0.01513854,1.38656060,1.40169914,925980667.52,19.7238
1346,3.6851,1.7960,1.7960,1471.59,42187445.33,3784722.45,216002317.04,261989303.56,477991620.60,45608.24,3.16723907,0.00075680,0.02421763,0.01513602,1.38681276,1.40194878,926024275.77,19.7170
1347,3.6879,1.7958,1.7958,1474.39,42192617.15,3784893.05,216038388.37,261998826.46,478037214.84,45594.24,3.16626645,0.00075667,0.02421360,0.01513350,1.38706496,1.40219845,926067870.00,19.7102
1348,3.6906,1.7955,1.7955,1477.19,42197788.24,3785063.59,216074448.29,262008346.78,478082795.08,45580.24,3.16529415,0.00075655,0.02420957,0.01513098,1.38731719,1.40244817,926111450.24,19.7034
1349,3.6934,1.7953,1.7953,1480.00,42202958.60,3785234.10,216110496.80,262017864.52,478128361.31,45566.24,3.16432217,0.00075642,0.02420553,0.01512846,1.38756946,1.40269792,926155016.48,19.6966
1350,3.6961,1.7950,1.7950,1482.81,42208128.24,3785404.56,216146533.90,262027379.66,478173913.56,45552.25,3.16335052,0.00075630,0.02420150,0.01512594,1.38782177,1.40294771,926198568.72,19.6898
1351,3.6988,1.7948,1.7948,1485.63,42213297.15,3785574.98,216182559.59,262036892.23,478219451.82,45538.26,3.16237918,0.00075617,0.02419747,0.01512342,1.38807412,1.40319754,926242106.98,19.6830
1352,3.7016,1.7945,1.7945,1488.45,42218465.33,3785745.36,216218573.89,262046402.21,478264976.10,45524.28,3.16140817,0.00075604,0.02419344,0.01512090,1.38832651,1.40344741,926285631.26,19.6762
1353,3.7043,1.7943,1.7943,1491.28,42223632.79,3785915.69,216254576.79,262055909.61,478310486.40,45510.30,3.16043748,0.00075592,0.02418941,0.01511838,1.38857893,1.40369732,926329141.56,19.6694
1354,3.7070,1.7940,1.7940,1494.12,42228799.52,3786085.98,216290568.30,262065414.42,478355982.73,45496.33,3.15946711,0.00075579,0.02418538,0.01511586,1.38883140,1.40394726,926372637.89,19.6627
1355,3.7098,1.7938,1.7938,1496.96,42233965.53,3786256.23,216326548.42,262074916.66,478401465.08,45482.36,3.15849706,0.00075567,0.02418135,0.01511335,1.38908390,1.40419724,926416120.25,19.6559
1356,3.7125,1.7935,1.7935,1499.80,42239130.81,3786426.43,216362517.16,262084416.32,478446933.48,45468.39,3.15752733,0.00075554,0.02417733,0.01511083,1.38933644,1.40444727,926459588.64,19.6491
1357,3.7153,1.7932,1.7932,1502.65,42244295.36,3786596.59,216398474.52,262093913.40,478492387.91,45454.43,3.15655792,0.00075542,0.02417330,0.01510831,1.38958901,1.40469733,926503043.07,19.6424
1358,3.7180,1.7930,1.7930,1505.51,42249459.19,3786766.71,216434420.49,262103407.90,478537828.39,45440.48,3.15558883,0.00075529,0.02416928,0.01510580,1.38984163,1.40494743,926546483.55,19.6356
1359,3.7207,1.7927,1.7927,1508.37,42254622.30,3786936.79,216470355.10,262112899.82,478583254.92,45426.53,3.15462007,0.00075516,0.02416525,0.01510328,1.39009428,1.40519756,926589910.08,19.6288
1360,3.7235,1.7925,1.7925,1511.24,42259784.67,3787106.82,216506278.33,262122389.17,478628667.50,45412.58,3.15365162,0.00075504,0.02416123,0.01510077,1.39034697,1.40544774,926633322.67,19.6221
1361,3.7262,1.7922,1.7922,1514.11,42264946.33,3787276.81,216542190.20,262131875.95,478674066.14,45398.64,3.15268349,0.00075491,0.02415721,0.01509825,1.39059970,1.40569795,926676721.31,19.6153
1362,3.7290,1.7920,1.7920,1516.99,42270107.25,3787446.75,216578090.70,262141360.15,478719450.85,45384.71,3.15171568,0.00075479,0.02415318,0.01509574,1.39085247,1.40594821,926720106.01,19.6085
1363,3.7317,1.7917,1.7917,1519.87,42275267.45,3787616.66,216613979.84,262150841.78,478764821.62,45370.77,3.15074820,0.00075466,0.02414916,0.01509323,1.39110527,1.40619850,926763476.79,19.6018
1364,3.7344,1.7915,1.7915,1522.76,42280426.93,3787786.52,216649857.63,262160320.84,478810178.47,45356.85,3.14978103,0.00075454,0.02414514,0.01509071,1.39135811,1.40644883,926806833.63,19.5950
1365,3.7372,1.7912,1.7912,1525.66,42285585.68,3787956.34,216685724.06,262169797.33,478855521.40,45342.92,3.14881418,0.00075441,0.02414112,0.01508820,1.39161099,1.40669919,926850176.56,19.5883
1366,3.7399,1.7910,1.7910,1528.56,42290743.71,3788126.11,216721579.15,262179271.25,478900850.40,45329.01,3.14784765,0.00075428,0.02413711,0.01508569,1.39186391,1.40694960,926893505.56,19.5815
1367,3.7426,1.7907,1.7907,1531.46,42295901.01,3788295.84,216757422.89,262188742.61,478946165.49,45315.09,3.14688144,0.00075416,0.02413309,0.01508318,1.39211686,1.40720004,926936820.66,19.5748
1368,3.7454,1.7905,1.7905,1534.37,42301057.59,3788465.53,216793255.29,262198211.39,478991466.68,45301.18,3.14591555,0.00075403,0.02412907,0.01508067,1.39236986,1.40745053,926980121.84,19.5681
1369,3.7481,1.7902,1.7902,1537.29,42306213.44,3788635.18,216829076.35,262207677.61,479036753.96,45287.28,3.14494998,0.00075391,0.02412506,0.01507816,1.39262289,1.40770105,927023409.12,19.5613
1370,3.7509,1.7900,1.7900,1540.21,42311368.57,3788804.78,216864886.07,262217141.27,479082027.34,45273.38,3.14398473,0.00075378,0.02412104,0.01507565,1.39287596,1.40795161,927066682.50,19.5546
1371,3.7536,1.7897,1.7897,1543.14,42316522.97,3788974.34,216900684.47,262226602.36,479127286.82,45259.49,3.14301980,0.00075366,0.02411703,0.01507314,1.39312906,1.40820220,927109941.99,19.5478
1372,3.7563,1.7895,1.7895,1546.07,42321676.65,3789143.86,216936471.53,262236060.88,479172532.42,45245.59,3.14205519,0.00075353,0.02411301,0.01507063,1.39338221,1.40845284,927153187.58,19.5411
1373,3.7591,1.7892,1.7892,1549.01,42326829.61,3789313.33,216972247.28,262245516.85,479217764.13,45231.71,3.14109089,0.00075341,0.02410900,0.01506813,1.39363539,1.40870351,927196419.29,19.5344
1374,3.7618,1.7890,1.7890,1551.96,42331981.84,3789482.77,217008011.70,262254970.25,479262981.95,45217.83,3.14012692,0.00075328,0.02410499,0.01506562,1.39388861,1.40895423,927239637.12,19.5277
1375,3.7645,1.7887,1.7887,1554.91,42337133.34,3789652.16,217043764.81,262264421.10,479308185.91,45203.95,3.13916326,0.00075316,0.02410098,0.01506311,1.39414186,1.40920498,927282841.07,19.5209
1376,3.7673,1.7885,1.7885,1557.86,42342284.13,3789821.50,217079506.60,262273869.38,479353375.98,45190.08,3.13819992,0.00075303,0.02409697,0.01506061,1.39439516,1.40945576,927326031.15,19.5142
1377,3.7700,1.7882,1.7882,1560.82,42347434.19,3789990.81,217115237.08,262283315.11,479398552.20,45176.21,3.13723690,0.00075290,0.02409296,0.01505810,1.39464849,1.40970659,927369207.36,19.5075
1378,3.7728,1.7880,1.7880,1563.79,42352583.52,3790160.07,217150956.26,262292758.28,479443714.54,45162.35,3.13627420,0.00075278,0.02408895,0.01505559,1.39490186,1.40995745,927412369.71,19.5008
1379,3.7755,1.7877,1.7877,1566.76,42357732.13,3790329.29,217186664.14,262302198.90,479488863.03,45148.49,3.13531181,0.00075265,0.02408494,0.01505309,1.39515527,1.41020836,927455518.20,19.4941
1380,3.7782,1.7875,1.7875,1569.74,42362880.02,3790498.46,217222360.72,262311636.95,479533997.67,45134.64,3.13434974,0.00075253,0.02408094,0.01505059,1.39540871,1.41045930,927498652.83,19.4874
1381,3.7810,1.7872,1.7872,1572.72,42368027.19,3790667.60,217258046.00,262321072.46,479579118.46,45120.79,3.13338799,0.00075240,0.02407693,0.01504808,1.39566219,1.41071028,927541773.62,19.4807
1382,3.7837,1.7870,1.7870,1575.71,42373173.63,3790836.69,217293719.99,262330505.41,479624225.40,45106.94,3.13242656,0.00075228,0.02407293,0.01504558,1.39591571,1.41096129,927584880.56,19.4739
1383,3.7864,1.7867,1.7867,1578.71,42378319.35,3791005.74,217329382.69,262339935.81,479669318.50,45093.10,3.13146545,0.00075215,0.02406892,0.01504308,1.39616927,1.41121235,927627973.67,19.4672
1384,3.7892,1.7865,1.7865,1581.71,42383464.34,3791174.74,217365034.11,262349363.66,479714397.77,45079.27,3.13050465,0.00075203,0.02406492,0.01504057,1.39642286,1.41146344,927671052.93,19.4605
1385,3.7919,1.7862,1.7862,1584.72,42388608.62,3791343.70,217400674.25,262358788.96,479759463.21,45065.44,3.12954417,0.00075190,0.02406092,0.01503807,1.39667650,1.41171457,927714118.37,19.4538
1386,3.7947,1.7860,1.7860,1587.73,42393752.17,3791512.62,217436303.11,262368211.71,479804514.82,45051.61,3.12858401,0.00075178,0.02405692,0.01503557,1.39693017,1.41196574,927757169.98,19.4472
1387,3.7974,1.7857,1.7857,1590.75,42398894.99,3791681.50,217471920.69,262377631.91,479849552.60,45037.79,3.12762417,0.00075165,0.02405291,0.01503307,1.39718387,1.41221694,927800207.77,19.4405
1388,3.8001,1.7855,1.7855,1593.77,42404037.10,3791850.34,217507527.01,262387049.57,479894576.57,45023.97,3.12666464,0.00075153,0.02404891,0.01503057,1.39743762,1.41246819,927843231.74,19.4338
1389,3.8029,1.7852,1.7852,1596.80,42409178.48,3792019.13,217543122.06,262396464.68,479939586.73,45010.16,3.12570543,0.00075140,0.02404492,0.01502807,1.39769140,1.41271947,927886241.90,19.4271
1390,3.8056,1.7850,1.7850,1599.83,42414319.14,3792187.88,217578705.84,262405877.24,479984583.08,44996.35,3.12474653,0.00075128,0.02404092,0.01502557,1.39794522,1.41297079,927929238.25,19.4204
1391,3.8084,1.7847,1.7847,1602.88,42419459.08,3792356.59,217614278.37,262415287.26,480029565.63,44982.55,3.12378796,0.00075115,0.02403692,0.01502307,1.39819907,1.41322215,927972220.79,19.4137
1392,3.8111,1.7844,1.7844,1605.92,42424598.29,3792525.26,217649839.64,262424694.74,480074534.38,44968.75,3.12282969,0.00075103,0.02403292,0.01502058,1.39845297,1.41347354,928015189.54,19.4070
1393,3.8138,1.7842,1.7842,1608.97,42429736.78,3792693.88,217685389.66,262434099.67,480119489.33,44954.95,3.12187175,0.00075090,0.02402893,0.01501808,1.39870690,1.41372498,928058144.49,19.4004
1394,3.8166,1.7839,1.7839,1612.03,42434874.55,3792862.46,217720928.43,262443502.07,480164430.49,44941.16,3.12091412,0.00075078,0.02402493,0.01501558,1.39896087,1.41397645,928101085.66,19.3937
1395,3.8193,1.7837,1.7837,1615.10,42440011.60,3793031.00,217756455.95,262452901.92,480209357.87,44927.38,3.11995681,0.00075065,0.02402094,0.01501309,1.39921487,1.41422796,928144013.03,19.3870
1396,3.8220,1.7834,1.7834,1618.17,42445147.93,3793199.49,217791972.24,262462299.23,480254271.47,44913.60,3.11899981,0.00075053,0.02401695,0.01501059,1.39946892,1.41447951,928186926.63,19.3803
1397,3.8248,1.7832,1.7832,1621.24,42450283.53,3793367.95,217827477.28,262471694.01,480299171.29,44899.82,3.11804313,0.00075040,0.02401295,0.01500810,1.39972300,1.41473109,928229826.45,19.3737
1398,3.8275,1.7829,1.7829,1624.33,42455418.42,3793536.36,217862971.09,262481086.25,480344057.34,44886.05,3.11708677,0.00075028,0.02400896,0.01500560,1.39997711,1.41498271,928272712.50,19.3670
1399,3.8303,1.7827,1.7827,1627.41,42460552.58,3793704.73,217898453.67,262490475.95,480388929.62,44872.28,3.11613072,0.00075016,0.02400497,0.01500311,1.40023127,1.41523437,928315584.78,19.3603
1400,3.8330,1.7824,1.7824,1630.51,42465686.02,3793873.05,217933925.02,262499863.12,480433788.14,44858.52,3.11517499,0.00075003,0.02400098,0.01500061,1.40048546,1.41548607,928358443.30,19.3537
1401,3.8357,1.7822,1.7822,1633.61,42470818.74,3794041.34,217969385.15,262509247.76,480478632.90,44844.76,3.11421957,0.00074991,0.02399699,0.01499812,1.40073969,1.41573781,928401288.07,19.3470
1402,3.8385,1.7819,1.7819,1636.71,42475950.74,3794209.58,218004834.06,262518629.86,480523463.91,44831.01,3.11326447,0.00074978,0.02399300,0.01499563,1.40099395,1.41598958,928444119.07,19.3404
1403,3.8412,1.7817,1.7817,1639.82,42481082.01,3794377.78,218040271.75,262528009.43,480568281.17,44817.26,3.11230968,0.00074966,0.02398902,0.01499314,1.40124826,1.41624139,928486936.33,19.3337
1404,3.8439,1.7814,1.7814,1642.94,42486212.57,3794545.93,218075698.22,262537386.46,480613084.69,44803.51,3.11135521,0.00074953,0.02398503,0.01499064,1.40150260,1.41649324,928529739.85,19.3271
1405,3.8467,1.7812,1.7812,1646.06,42491342.40,3794714.05,218111113.49,262546760.97,480657874.46,44789.78,3.11040105,0.00074941,0.02398104,0.01498815,1.40175697,1.41674513,928572529.62,19.3204
1406,3.8494,1.7809,1.7809,1649.19,42496471.52,3794882.12,218146517.55,262556132.95,480702650.50,44776.04,3.10944721,0.00074928,0.02397706,0.01498566,1.40201139,1.41699705,928615305.66,19.3138
1407,3.8522,1.7807,1.7807,1652.33,42501599.91,3795050.15,218181910.41,262565502.40,480747412.81,44762.31,3.10849368,0.00074916,0.02397308,0.01498317,1.40226584,1.41724901,928658067.97,19.3071
1408,3.8549,1.7804,1.7804,1655.47,42506727.58,3795218.14,218217292.07,262574869.32,480792161.39,44748.58,3.10754047,0.00074903,0.02396909,0.01498068,1.40252033,1.41750101,928700816.56,19.3005
1409,3.8576,1.7802,1.7802,1658.61,42511854.53,3795386.09,218252662.53,262584233.72,480836896.25,44734.86,3.10658757,0.00074891,0.02396511,0.01497819,1.40277485,1.41775305,928743551.42,19.2939
1410,3.8604,1.7799,1.7799,1661.77,42516980.77,3795553.99,218288021.81,262593595.59,480881617.40,44721.14,3.10563498,0.00074879,0.02396113,0.01497571,1.40302942,1.41800512,928786272.56,19.2872
1411,3.8631,1.7797,1.7797,1664.92,42522106.28,3795721.85,218323369.89,262602954.94,480926324.83,44707.43,3.10468272,0.00074866,0.02395715,0.01497322,1.40328402,1.41825723,928828979.99,19.2806
1412,3.8658,1.7794,1.7794,1668.09,42527231.07,3795889.67,218358706.79,262612311.76,480971018.55,44693.72,3.10373076,0.00074854,0.02395317,0.01497073,1.40353865,1.41850938,928871673.71,19.2740
1413,3.8686,1.7792,1.7792,1671.26,42532355.14,3796057.45,218394032.51,262621666.06,481015698.57,44680.02,3.10277912,0.00074841,0.02394919,0.01496824,1.40379333,1.41876157,928914353.73,19.2673
1414,3.8713,1.7789,1.7789,1674.44,42537478.49,3796225.18,218429347.05,262631017.84,481060364.89,44666.32,3.10182779,0.00074829,0.02394521,0.01496576,1.40404804,1.41901380,928957020.05,19.2607
1415,3.8741,1.7787,1.7787,1677.62,42542601.12,3796392.88,218464650.41,262640367.10,481105017.52,44652.63,3.10087678,0.00074816,0.02394123,0.01496327,1.40430279,1.41926606,928999672.68,19.2541
1416,3.8768,1.7784,1.7784,1680.81,42547723.03,3796560.53,218499942.61,262649713.85,481149656.45,44638.94,3.09992608,0.00074804,0.02393726,0.01496079,1.40455757,1.41951836,929042311.61,19.2475
1417,3.8795,1.7782,1.7782,1684.00,42552844.22,3796728.14,218535223.63,262659058.07,481194281.70,44625.25,3.09897569,0.00074792,0.02393328,0.01495830,1.40481239,1.41977069,929084936.86,19.2409
1418,3.8823,1.7779,1.7779,1687.20,42557964.69,3796895.70,218570493.50,262668399.77,481238893.27,44611.57,3.09802562,0.00074779,0.02392931,0.01495582,1.40506725,1.42002307,929127548.43,19.2342
1419,3.8850,1.7777,1.7777,1690.41,42563084.44,3797063.23,218605752.20,262677738.96,481283491.16,44597.89,3.09707586,0.00074767,0.02392533,0.01495333,1.40532215,1.42027548,929170146.33,19.2276
1420,3.8877,1.7774,1.7774,1693.62,42568203.48,3797230.71,218640999.75,262687075.63,481328075.38,44584.22,3.09612641,0.00074754,0.02392136,0.01495085,1.40557708,1.42052793,929212730.55,19.2210
1421,3.8905,1.7772,1.7772,1696.84,42573321.79,3797398.15,218676236.14,262696409.79,481372645.94,44570.55,3.09517728,0.00074742,0.02391739,0.01494837,1.40583205,1.42078041,929255301.10,19.2144
1422,3.8932,1.7769,1.7769,1700.07,42578439.38,3797565.55,218711461.39,262705741.44,481417202.83,44556.89,3.09422846,0.00074729,0.02391342,0.01494588,1.40608705,1.42103294,929297857.99,19.2078
1423,3.8960,1.7767,1.7767,1703.30,42583556.26,3797732.91,218746675.49,262715070.57,481461746.06,44543.23,3.09327995,0.00074717,0.02390945,0.01494340,1.40634210,1.42128550,929340401.22,19.2012
1424,3.8987,1.7764,1.7764,1706.54,42588672.42,3797900.22,218781878.44,262724397.19,481506275.64,44529.58,3.09233176,0.00074705,0.02390548,0.01494092,1.40659718,1.42153810,929382930.80,19.1946
1425,3.9014,1.7762,1.7762,1709.78,42593787.85,3798067.49,218817070.26,262733721.30,481550791.56,44515.93,3.09138388,0.00074692,0.02390151,0.01493844,1.40685229,1.42179073,929425446.73,19.1880
1426,3.9042,1.7759,1.7759,1713.03,42598902.57,3798234.72,218852250.94,262743042.91,481595293.85,44502.28,3.09043631,0.00074680,0.02389754,0.01493596,1.40710744,1.42204341,929467949.01,19.1814
1427,3.9069,1.7757,1.7757,1716.29,42604016.57,3798401.91,218887420.49,262752362.00,481639782.49,44488.64,3.08948905,0.00074667,0.02389357,0.01493348,1.40736263,1.42229612,929510437.65,19.1748
1428,3.9097,1.7754,1.7754,1719.55,42609129.85,3798569.06,218922578.91,262761678.58,481684257.49,44475.01,3.08854211,0.00074655,0.02388960,0.01493100,1.40761786,1.42254886,929552912.66,19.1682
1429,3.9124,1.7752,1.7752,1722.82,42614242.41,3798736.17,218957726.21,262770992.66,481728718.87,44461.37,3.08759548,0.00074643,0.02388564,0.01492852,1.40787312,1.42280165,929595374.03,19.1616
1430,3.9151,1.7749,1.7749,1726.09,42619354.26,3798903.23,218992862.38,262780304.24,481773166.62,44447.75,3.08664916,0.00074630,0.02388167,0.01492605,1.40812842,1.42305447,929637821.78,19.1551
1431,3.9179,1.7747,1.7747,1729.38,42624465.38,3799070.25,219027987.44,262789613.30,481817600.74,44434.13,3.08570315,0.00074618,0.02387771,0.01492357,1.40838376,1.42330733,929680255.91,19.1485
1432,3.9206,1.7744,1.7744,1732.66,42629575.79,3799237.23,219063101.38,262798919.87,481862021.25,44420.51,3.08475746,0.00074605,0.02387375,0.01492109,1.40863913,1.42356023,929722676.41,19.1419
1433,3.9233,1.7742,1.7742,1735.96,42634685.48,3799404.17,219098204.21,262808223.93,481906428.14,44406.89,3.08381207,0.00074593,0.02386978,0.01491861,1.40889454,1.42381316,929765083.31,19.1353
1434,3.9261,1.7739,1.7739,1739.26,42639794.45,3799571.06,219133295.94,262817525.49,481950821.43,44393.28,3.08286700,0.00074581,0.02386582,0.01491614,1.40914999,1.42406613,929807476.59,19.1287
1435,3.9288,1.7737,1.7737,1742.56,42644902.70,3799737.92,219168376.56,262826824.55,481995201.11,44379.68,3.08192224,0.00074568,0.02386186,0.01491366,1.40940548,1.42431914,929849856.27,19.1222
1436,3.9316,1.7734,1.7734,1745.87,42650010.24,3799904.73,219203446.08,262836121.11,482039567.19,44366.08,3.08097779,0.00074556,0.02385790,0.01491119,1.40966100,1.42457218,929892222.35,19.1156
1437,3.9343,1.7732,1.7732,1749.19,42655117.06,3800071.50,219238504.50,262845415.17,482083919.67,44352.48,3.08003365,0.00074544,0.02385394,0.01490871,1.40991655,1.42482527,929934574.84,19.1090
1438,3.9370,1.7730,1.7730,1752.52,42660223.16,3800238.23,219273551.83,262854706.73,482128258.57,44338.89,3.07908983,0.00074531,0.02384998,0.01490624,1.41017214,1.42507839,929976913.73,19.1025
1439,3.9398,1.7727,1.7727,1755.85,42665328.54,3800404.91,219308588.07,262863995.80,482172583.87,44325.31,3.07814631,0.00074519,0.02384603,0.01490377,1.41042777,1.42533154,930019239.04,19.0959
1440,3.9425,1.7725,1.7725,1759.19,42670433.20,3800571.56,219343613.23,262873282.37,482216895.60,44311.72,3.07720311,0.00074506,0.02384207,0.01490129,1.41068344,1.42558474,930061550.76,19.0894
1441,3.9452,1.7722,1.7722,1762.53,42675537.15,3800738.16,219378627.30,262882566.45,482261193.75,44298.15,3.07626021,0.00074494,0.02383811,0.01489882,1.41093914,1.42583797,930103848.91,19.0828
1442,3.9480,1.7720,1.7720,1765.88,42680640.38,3800904.72,219413630.29,262891848.03,482305478.32,44284.57,3.07531763,0.00074482,0.02383416,0.01489635,1.41119488,1.42609123,930146133.48,19.0762
1443,3.9507,1.7717,1.7717,1769.24,42685742.90,3801071.24,219448622.21,262901127.12,482349749.32,44271.01,3.07437536,0.00074469,0.02383021,0.01489388,1.41145066,1.42634454,930188404.49,19.0697
1444,3.9535,1.7715,1.7715,1772.60,42690844.69,3801237.72,219483603.05,262910403.71,482394006.77,44257.44,3.07343340,0.00074457,0.02382625,0.01489141,1.41170647,1.42659788,930230661.93,19.0631
1445,3.9562,1.7712,1.7712,1775.97,42695945.77,3801404.16,219518572.83,262919677.82,482438250.65,44243.88,3.07249174,0.00074445,0.02382230,0.01488894,1.41196232,1.42685126,930272905.81,19.0566
1446,3.9589,1.7710,1.7710,1779.35,42701046.14,3801570.55,219553531.54,262928949.43,482482480.97,44230.33,3.07155040,0.00074432,0.02381835,0.01488647,1.41221821,1.42710467,930315136.14,19.0500
1447,3.9617,1.7707,1.7707,1782.73,42706145.78,3801736.91,219588479.19,262938218.56,482526697.75,44216.77,3.07060937,0.00074420,0.02381440,0.01488400,1.41247413,1.42735813,930357352.91,19.0435
1448,3.9644,1.7705,1.7705,1786.12,42711244.71,3801903.22,219623415.78,262947485.19,482570900.98,44203.23,3.06966865,0.00074408,0.02381045,0.01488153,1.41273009,1.42761162,930399556.14,19.0370
1449,3.9671,1.7702,1.7702,1789.51,42716342.92,3802069.49,219658341.32,262956749.35,482615090.66,44189.69,3.06872824,0.00074395,0.02380650,0.01487906,1.41298608,1.42786514,930441745.83,19.0304
1450,3.9699,1.7700,1.7700,1792.91,42721440.42,3802235.72,219693255.80,262966011.01,482659266.81,44176.15,3.06778814,0.00074383,0.02380255,0.01487659,1.41324211,1.42811871,930483921.97,19.0239
1451,3.9726,1.7697,1.7697,1796.32,42726537.20,3802401.90,219728159.24,262975270.19,482703429.43,44162.62,3.06684835,0.00074371,0.02379860,0.01487413,1.41349818,1.42837231,930526084.59,19.0174
1452,3.9754,1.7695,1.7695,1799.74,42731633.27,3802568.05,219763051.63,262984526.88,482747578.52,44149.09,3.06590887,0.00074358,0.02379466,0.01487166,1.41375428,1.42862594,930568233.68,19.0108
1453,3.9781,1.7692,1.7692,1803.16,42736728.61,3802734.15,219797932.99,262993781.09,482791714.08,44135.56,3.06496969,0.00074346,0.02379071,0.01486919,1.41401042,1.42887962,930610369.24,19.0043
1454,3.9808,1.7690,1.7690,1806.58,42741823.25,3802900.22,219832803.30,263003032.82,482835836.12,44122.04,3.06403083,0.00074334,0.02378676,0.01486673,1.41426660,1.42913333,930652491.29,18.9978
1455,3.9836,1.7687,1.7687,1810.02,42746917.16,3803066.24,219867662.58,263012282.07,482879944.65,44108.53,3.06309228,0.00074321,0.02378282,0.01486426,1.41452281,1.42938708,930694599.82,18.9913
1456,3.9863,1.7685,1.7685,1813.46,42752010.36,3803232.22,219902510.83,263021528.84,482924039.67,44095.02,3.06215403,0.00074309,0.02377888,0.01486180,1.41477906,1.42964086,930736694.83,18.9847
1457,3.9890,1.7682,1.7682,1816.91,42757102.85,3803398.15,219937348.06,263030773.12,482968121.18,44081.51,3.06121610,0.00074297,0.02377493,0.01485933,1.41503535,1.42989468,930778776.35,18.9782
1458,3.9918,1.7680,1.7680,1820.36,42762194.62,3803564.05,219972174.26,263040014.93,483012189.19,44068.01,3.06027847,0.00074284,0.02377099,0.01485687,1.41529167,1.43014854,930820844.36,18.9717
1459,3.9945,1.7677,1.7677,1823.82,42767285.67,3803729.91,220006989.44,263049254.26,483056243.71,44054.51,3.05934116,0.00074272,0.02376705,0.01485441,1.41554803,1.43040244,930862898.87,18.9652
1460,3.9973,1.7675,1.7675,1827.29,42772376.01,3803895.72,220041793.61,263058491.12,483100284.72,44041.02,3.05840415,0.00074260,0.02376311,0.01485194,1.41580443,1.43065637,930904939.89,18.9587
1461,4.0000,1.7672,1.7672,1830.76,42777465.63,3804061.49,220076586.76,263067725.50,483144312.26,44027.53,3.05746745,0.00074247,0.02375917,0.01484948,1.41606086,1.43091034,930946967.42,18.9522
1462,4.0027,1.7670,1.7670,1834.24,42782554.54,3804227.22,220111368.90,263076957.40,483188326.30,44014.05,3.05653106,0.00074235,0.02375523,0.01484702,1.41631732,1.43116434,930988981.47,18.9457
1463,4.0055,1.7667,1.7667,1837.73,42787642.73,3804392.91,220146140.04,263086186.83,483232326.87,44000.57,3.05559497,0.00074223,0.02375130,0.01484456,1.41657383,1.43141839,931030982.03,18.9392
1464,4.0082,1.7665,1.7665,1841.22,42792730.21,3804558.56,220180900.17,263095413.79,483276313.96,43987.09,3.05465920,0.00074210,0.02374736,0.01484210,1.41683037,1.43167247,931072969.13,18.9327
1465,4.0110,1.7662,1.7662,1844.72,42797816.97,3804724.17,220215649.31,263104638.27,483320287.58,43973.62,3.05372373,0.00074198,0.02374342,0.01483964,1.41708694,1.43192658,931114942.75,18.9262
1466,4.0137,1.7660,1.7660,1848.23,42802903.02,3804889.73,220250387.45,263113860.29,483364247.74,43960.16,3.05278857,0.00074186,0.02373949,0.01483718,1.41734355,1.43218073,931156902.90,18.9197
1467,4.0164,1.7657,1.7657,1851.74,42807988.35,3805055.25,220285114.60,263123079.83,483408194.43,43946.69,3.05185372,0.00074174,0.02373555,0.01483472,1.41760020,1.43243492,931198849.60,18.9132
1468,4.0192,1.7655,1.7655,1855.26,42813072.97,3805220.74,220319830.76,263132296.91,483452127.67,43933.24,3.05091918,0.00074161,0.02373162,0.01483226,1.41785689,1.43268915,931240782.83,18.9067
1469,4.0219,1.7652,1.7652,1858.79,42818156.88,3805386.18,220354535.94,263141511.52,483496047.45,43919.78,3.04998494,0.00074149,0.02372769,0.01482980,1.41811361,1.43294341,931282702.62,18.9002
1470,4.0246,1.7650,1.7650,1862.32,42823240.07,3805551.58,220389230.13,263150723.66,483539953.79,43906.33,3.04905102,0.00074137,0.02372375,0.01482735,1.41837036,1.43319771,931324608.95,18.8937
1471,4.0274,1.7647,1.7647,1865.86,42828322.54,3805716.94,220423913.35,263159933.33,483583846.68,43892.89,3.04811740,0.00074124,0.02371982,0.01482489,1.41862716,1.43345205,931366501.84,18.8872
1472,4.0301,1.7645,1.7645,1869.41,42833404.30,3805882.25,220458585.59,263169140.54,483627726.13,43879.45,3.04718408,0.00074112,0.02371589,0.01482243,1.41888398,1.43370642,931408381.29,18.8808
1473,4.0329,1.7643,1.7643,1872.96,42838485.35,3806047.53,220493246.86,263178345.29,483671592.14,43866.02,3.04625108,0.00074100,0.02371196,0.01481998,1.41914085,1.43396083,931450247.31,18.8743
1474,4.0356,1.7640,1.7640,1876.52,42843565.68,3806212.77,220527897.16,263187547.57,483715444.73,43852.58,3.04531838,0.00074088,0.02370804,0.01481752,1.41939775,1.43421527,931492099.89,18.8678
1475,4.0383,1.7638,1.7638,1880.09,42848645.30,3806377.96,220562536.50,263196747.39,483759283.89,43839.16,3.04438599,0.00074075,0.02370411,0.01481507,1.41965469,1.43446975,931533939.05,18.8613
1476,4.0411,1.7635,1.7635,1883.66,42853724.21,3806543.11,220597164.88,263205944.75,483803109.62,43825.74,3.04345390,0.00074063,0.02370018,0.01481261,1.41991166,1.43472427,931575764.79,18.8549
1477,4.0438,1.7633,1.7633,1887.24,42858802.40,3806708.22,220631782.30,263215139.64,483846921.94,43812.32,3.04252213,0.00074051,0.02369625,0.01481016,1.42016867,1.43497883,931617577.11,18.8484
1478,4.0465,1.7630,1.7630,1890.83,42863879.88,3806873.29,220666388.77,263224332.08,483890720.85,43798.91,3.04159065,0.00074039,0.02369233,0.01480771,1.42042571,1.43523342,931659376.01,18.8419
1479,4.0493,1.7628,1.7628,1894.42,42868956.64,3807038.32,220700984.28,263233522.06,483934506.34,43785.50,3.04065949,0.00074026,0.02368840,0.01480525,1.42068280,1.43548805,931701161.51,18.8355
1480,4.0520,1.7625,1.7625,1898.02,42874032.70,3807203.31,220735568.85,263242709.58,483978278.44,43772.09,3.03972863,0.00074014,0.02368448,0.01480280,1.42093991,1.43574271,931742933.60,18.8290
1481,4.0548,1.7623,1.7623,1901.63,42879108.03,3807368.26,220770142.48,263251894.65,484022037.13,43758.69,3.03879808,0.00074002,0.02368056,0.01480035,1.42119707,1.43599741,931784692.29,18.8226
1482,4.0575,1.7620,1.7620,1905.25,42884182.66,3807533.16,220804705.17,263261077.26,484065782.43,43745.30,3.03786784,0.00073989,0.02367664,0.01479790,1.42145426,1.43625215,931826437.59,18.8161
1483,4.0602,1.7618,1.7618,1908.87,42889256.57,3807698.03,220839256.92,263270257.41,484109514.33,43731.91,3.03693790,0.00073977,0.02367271,0.01479545,1.42171148,1.43650693,931868169.49,18.8096
1484,4.0630,1.7615,1.7615,1912.50,42894329.77,3807862.85,220873797.74,263279435.11,484153232.85,43718.52,3.03600826,0.00073965,0.02366879,0.01479300,1.42196874,1.43676174,931909888.01,18.8032
1485,4.0657,1.7613,1.7613,1916.13,42899402.26,3808027.63,220908327.63,263288610.36,484196937.99,43705.14,3.03507894,0.00073953,0.02366487,0.01479055,1.42222604,1.43701658,931951593.15,18.7967
1486,4.0684,1.7610,1.7610,1919.77,42904474.03,3808192.37,220942846.59,263297783.16,484240629.75,43691.76,3.03414991,0.00073940,0.02366096,0.01478810,1.42248337,1.43727147,931993284.91,18.7903
1487,4.0712,1.7608,1.7608,1923.42,42909545.09,3808357.08,220977354.63,263306953.50,484284308.13,43678.39,3.03322120,0.00073928,0.02365704,0.01478565,1.42274074,1.43752639,932034963.29,18.7839
1488,4.0739,1.7605,1.7605,1927.08,42914615.44,3808521.73,221011851.75,263316121.40,484327973.15,43665.02,3.03229279,0.00073916,0.02365312,0.01478320,1.42299814,1.43778134,932076628.31,18.7774
1489,4.0767,1.7603,1.7603,1930.74,42919685.07,3808686.35,221046337.95,263325286.85,484371624.80,43651.65,3.03136468,0.00073904,0.02364920,0.01478075,1.42325559,1.43803634,932118279.96,18.7710
1490,4.0794,1.7600,1.7600,1934.41,42924754.00,3808850.93,221080813.25,263334449.84,484415263.09,43638.29,3.03043689,0.00073892,0.02364529,0.01477830,1.42351306,1.43829137,932159918.25,18.7645
1491,4.0821,1.7598,1.7598,1938.09,42929822.21,3809015.47,221115277.63,263343610.39,484458888.03,43624.94,3.02950939,0.00073879,0.02364137,0.01477586,1.42377057,1.43854643,932201543.19,18.7581
1492,4.0849,1.7595,1.7595,1941.77,42934889.71,3809179.96,221149731.11,263352768.50,484502499.61,43611.58,3.02858220,0.00073867,0.02363746,0.01477341,1.42402812,1.43880153,932243154.77,18.7517
1493,4.0876,1.7593,1.7593,1945.46,42939956.49,3809344.42,221184173.69,263361924.16,484546097.85,43598.24,3.02765532,0.00073855,0.02363355,0.01477097,1.42428571,1.43905667,932284753.01,18.7452
1494,4.0903,1.7591,1.7591,1949.16,42945022.57,3809508.83,221218605.37,263371077.37,484589682.74,43584.89,3.02672874,0.00073843,0.02362963,0.01476852,1.42454333,1.43931185,932326337.90,18.7388
1495,4.0931,1.7588,1.7588,1952.87,42950087.93,3809673.20,221253026.15,263380228.15,484633254.30,43571.56,3.02580247,0.00073830,0.02362572,0.01476608,1.42480098,1.43956706,932367909.46,18.7324
1496,4.0958,1.7586,1.7586,1956.58,42955152.58,3809837.53,221287436.04,263389376.47,484676812.52,43558.22,3.02487650,0.00073818,0.02362181,0.01476363,1.42505867,1.43982230,932409467.68,18.7260
1497,4.0986,1.7583,1.7583,1960.30,42960216.52,3810001.82,221321835.05,263398522.36,484720357.41,43544.89,3.02395083,0.00073806,0.02361790,0.01476119,1.42531640,1.44007759,932451012.57,18.7196
1498,4.1013,1.7581,1.7581,1964.02,42965279.75,3810166.07,221356223.17,263407665.81,484763888.98,43531.57,3.02302547,0.00073794,0.02361399,0.01475875,1.42557416,1.44033291,932492544.14,18.7131
1499,4.1040,1.7578,1.7578,1967.76,42970342.26,3810330.28,221390600.40,263416806.82,484807407.22,43518.25,3.02210041,0.00073782,0.02361008,0.01475630,1.42583196,1.44058826,932534062.38,18.7067
1500,4.1068,1.7576,1.7576,1971.50,42975404.07,3810494.45,221424966.77,263425945.39,484850912.15,43504.93,3.02117566,0.00073769,0.02360618,0.01475386,1.42608980,1.44084366,932575567.31,18.7003
1501,4.1095,1.7573,1.7573,1975.25,42980465.16,3810658.58,221459322.25,263435081.52,484894403.77,43491.62,3.02025122,0.00073757,0.02360227,0.01475142,1.42634767,1.44109908,932617058.93,18.6939
1502,4.1123,1.7571,1.7571,1979.00,42985525.55,3810822.67,221493666.87,263444215.21,484937882.08,43478.31,3.01932707,0.00073745,0.02359836,0.01474898,1.42660557,1.44135455,932658537.24,18.6875
1503,4.1150,1.7568,1.7568,1982.76,42990585.22,3810986.71,221528000.62,263453346.47,484981347.08,43465.01,3.01840323,0.00073733,0.02359446,0.01474654,1.42686351,1.44161005,932700002.25,18.6811
1504,4.1177,1.7566,1.7566,1986.53,42995644.18,3811150.72,221562323.50,263462475.29,485024798.79,43451.71,3.01747970,0.00073720,0.02359055,0.01474410,1.42712149,1.44186559,932741453.96,18.6747
1505,4.1205,1.7563,1.7563,1990.31,43000702.43,3811314.68,221596635.52,263471601.68,485068237.21,43438.41,3.01655646,0.00073708,0.02358665,0.01474166,1.42737950,1.44212116,932782892.37,18.6683
1506,4.1232,1.7561,1.7561,1994.09,43005759.96,3811478.60,221630936.69,263480725.64,485111662.33,43425.12,3.01563353,0.00073696,0.02358275,0.01473922,1.42763755,1.44237677,932824317.49,18.6619
1507,4.1259,1.7558,1.7558,1997.88,43010816.79,3811642.49,221665227.01,263489847.16,485155074.17,43411.84,3.01471091,0.00073684,0.02357885,0.01473678,1.42789564,1.44263241,932865729.33,18.6555
1508,4.1287,1.7556,1.7556,2001.68,43015872.91,3811806.33,221699506.47,263498966.25,485198472.72,43398.56,3.01378859,0.00073672,0.02357495,0.01473434,1.42815375,1.44288810,932907127.88,18.6491
1509,4.1314,1.7553,1.7553,2005.48,43020928.32,3811970.13,221733775.08,263508082.92,485241858.00,43385.28,3.01286657,0.00073660,0.02357105,0.01473190,1.42841191,1.44314381,932948513.16,18.6427
1510,4.1342,1.7551,1.7551,2009.30,43025983.01,3812133.89,221768032.86,263517197.15,485285230.01,43372.01,3.01194485,0.00073647,0.02356715,0.01472947,1.42867010,1.44339957,932989885.17,18.6363
1511,4.1369,1.7549,1.7549,2013.11,43031037.00,3812297.61,221802279.79,263526308.95,485328588.74,43358.74,3.01102344,0.00073635,0.02356325,0.01472703,1.42892833,1.44365536,933031243.91,18.6300
1512,4.1396,1.7546,1.7546,2016.94,43036090.28,3812461.29,221836515.89,263535418.33,485371934.22,43345.47,3.01010233,0.00073623,0.02355935,0.01472459,1.42918659,1.44391118,933072589.38,18.6236
1513,4.1424,1.7544,1.7544,2020.78,43041142.84,3812624.93,221870741.15,263544525.28,485415266.43,43332.21,3.00918153,0.00073611,0.02355545,0.01472216,1.42944489,1.44416705,933113921.59,18.6172
1514,4.1451,1.7541,1.7541,2024.62,43046194.70,3812788.53,221904955.58,263553629.80,485458585.39,43318.96,3.00826102,0.00073599,0.02355156,0.01471972,1.42970322,1.44442294,933155240.55,18.6108
1515,4.1478,1.7539,1.7539,2028.46,43051245.84,3812952.08,221939159.19,263562731.90,485501891.10,43305.71,3.00734082,0.00073586,0.02354766,0.01471729,1.42996159,1.44467888,933196546.26,18.6044
1516,4.1506,1.7536,1.7536,2032.32,43056296.28,3813115.60,221973351.98,263571831.58,485545183.56,43292.46,3.00642092,0.00073574,0.02354377,0.01471485,1.43021999,1.44493485,933237838.72,18.5981
1517,4.1533,1.7534,1.7534,2036.18,43061346.01,3813279.08,222007533.94,263580928.83,485588462.78,43279.22,3.00550133,0.00073562,0.02353987,0.01471242,1.43047843,1.44519085,933279117.94,18.5917
1518,4.1561,1.7531,1.7531,2040.05,43066395.02,3813442.51,222041705.09,263590023.67,485631728.76,43265.98,3.00458203,0.00073550,0.02353598,0.01470999,1.43073691,1.44544690,933320383.92,18.5853
1519,4.1588,1.7529,1.7529,2043.93,43071443.33,3813605.91,222075865.43,263599116.08,485674981.51,43252.75,3.00366304,0.00073538,0.02353209,0.01470756,1.43099542,1.44570298,933361636.67,18.5790
1520,4.1615,1.7526,1.7526,2047.82,43076490.93,3813769.26,222110014.96,263608206.07,485718221.03,43239.52,3.00274435,0.00073526,0.02352820,0.01470512,1.43125397,1.44595909,933402876.19,18.5726
1521,4.1643,1.7524,1.7524,2051.71,43081537.82,3813932.57,222144153.68,263617293.64,485761447.32,43226.29,3.00182596,0.00073513,0.02352431,0.01470269,1.43151255,1.44621524,933444102.48,18.5662
1522,4.1670,1.7521,1.7521,2055.61,43086584.00,3814095.85,222178281.60,263626378.79,485804660.39,43213.07,3.00090787,0.00073501,0.02352042,0.01470026,1.43177117,1.44647143,933485315.56,18.5599
1523,4.1697,1.7519,1.7519,2059.52,43091629.47,3814259.08,222212398.72,263635461.53,485847860.25,43199.86,2.99999009,0.00073489,0.02351653,0.01469783,1.43202982,1.44672765,933526515.41,18.5535
1524,4.1725,1.7517,1.7517,2063.43,43096674.23,3814422.27,222246505.05,263644541.85,485891046.90,43186.65,2.99907261,0.00073477,0.02351264,0.01469540,1.43228851,1.44698391,933567702.06,18.5472
1525,4.1752,1.7514,1.7514,2067.35,43101718.28,3814585.42,222280600.58,263653619.75,485934220.33,43173.44,2.99815543,0.00073465,0.02350875,0.01469297,1.43254723,1.44724020,933608875.50,18.5408
1526,4.1780,1.7512,1.7512,2071.28,43106761.63,3814748.53,222314685.33,263662695.24,485977380.57,43160.24,2.99723855,0.00073453,0.02350487,0.01469054,1.43280599,1.44749653,933650035.73,18.5345
1527,4.1807,1.7509,1.7509,2075.22,43111804.26,3814911.61,222348759.29,263671768.32,486020527.60,43147.04,2.99632197,0.00073441,0.02350098,0.01468811,1.43306478,1.44775290,933691182.77,18.5281
1528,4.1834,1.7507,1.7507,2079.17,43116846.19,3815074.64,222382822.47,263680838.98,486063661.45,43133.84,2.99540569,0.00073428,0.02349710,0.01468569,1.43332361,1.44800930,933732316.61,18.5218
1529,4.1862,1.7504,1.7504,2083.12,43121887.41,3815237.63,222416874.87,263689907.23,486106782.10,43120.65,2.99448971,0.00073416,0.02349321,0.01468326,1.43358248,1.44826574,933773437.26,18.5155
1530,4.1889,1.7502,1.7502,2087.08,43126927.92,3815400.57,222450916.49,263698973.07,486149889.56,43107.47,2.99357404,0.00073404,0.02348933,0.01468083,1.43384138,1.44852221,933814544.73,18.5091
1531,4.1916,1.7499,1.7499,2091.04,43131967.72,3815563.48,222484947.35,263708036.50,486192983.85,43094.28,2.99265866,0.00073392,0.02348545,0.01467840,1.43410031,1.44877872,933855639.01,18.5028
1532,4.1944,1.7497,1.7497,2095.02,43137006.81,3815726.35,222518967.43,263717097.52,486236064.96,43081.11,2.99174359,0.00073380,0.02348157,0.01467598,1.43435929,1.44903526,933896720.12,18.4964
1533,4.1971,1.7494,1.7494,2099.00,43142045.20,3815889.18,222552976.75,263726156.14,486279132.89,43067.93,2.99082881,0.00073368,0.02347768,0.01467355,1.43461829,1.44929185,933937788.05,18.4901
1534,4.1999,1.7492,1.7492,2102.99,43147082.87,3816051.97,222586975.31,263735212.34,486322187.66,43054.77,2.98991434,0.00073356,0.02347380,0.01467113,1.43487733,1.44954846,933978842.82,18.4838
1535,4.2026,1.7489,1.7489,2106.99,43152119.84,3816214.72,222620963.12,263744266.14,486365229.26,43041.60,2.98900017,0.00073344,0.02346993,0.01466870,1.43513641,1.44980511,934019884.42,18.4775
1536,4.2053,1.7487,1.7487,2110.99,43157156.10,3816377.42,222654940.16,263753317.54,486408257.70,43028.44,2.98808630,0.00073331,0.02346605,0.01466628,1.43539552,1.45006180,934060912.87,18.4711
1537,4.2081,1.7485,1.7485,2115.01,43162191.66,3816540.09,222688906.46,263762366.53,486451272.99,43015.29,2.98717272,0.00073319,0.02346217,0.01466386,1.43565467,1.45031853,934101928.15,18.4648
1538,4.2108,1.7482,1.7482,2119.03,43167226.50,3816702.72,222722862.01,263771413.12,486494275.13,43002.14,2.98625945,0.00073307,0.02345829,0.01466143,1.43591385,1.45057529,934142930.29,18.4585
1539,4.2136,1.7480,1.7480,2123.05,43172260.64,3816865.30,222756806.81,263780457.30,486537264.12,42988.99,2.98534648,0.00073295,0.02345442,0.01465901,1.43617307,1.45083208,934183919.28,18.4522
1540,4.2163,1.7477,1.7477,2127.09,43177294.07,3817027.85,222790740.88,263789499.09,486580239.96,42975.85,2.98443381,0.00073283,0.02345054,0.01465659,1.43643233,1.45108891,934224895.13,18.4459
1541,4.2190,1.7475,1.7475,2131.13,43182326.80,3817190.36,222824664.20,263798538.47,486623202.67,42962.71,2.98352144,0.00073271,0.02344667,0.01465417,1.43669162,1.45134578,934265857.83,18.4396
1542,4.2218,1.7472,1.7472,2135.18,43187358.81,3817352.82,222858576.80,263807575.45,486666152.25,42949.57,2.98260936,0.00073259,0.02344279,0.01465175,1.43695094,1.45160269,934306807.41,18.4332
1543,4.2245,1.7470,1.7470,2139.24,43192390.12,3817515.25,222892478.66,263816610.03,486709088.69,42936.45,2.98169759,0.00073247,0.02343892,0.01464933,1.43721030,1.45185962,934347743.85,18.4269
1544,4.2272,1.7467,1.7467,2143.31,43197420.73,3817677.63,222926369.79,263825642.22,486752012.01,42923.32,2.98078612,0.00073235,0.02343505,0.01464691,1.43746969,1.45211660,934388667.17,18.4206
1545,4.2300,1.7465,1.7465,2147.38,43202450.62,3817839.98,222960250.20,263834672.01,486794922.21,42910.20,2.97987494,0.00073222,0.02343118,0.01464449,1.43772912,1.45237361,934429577.37,18.4143
1546,4.2327,1.7462,1.7462,2151.47,43207479.81,3818002.28,222994119.89,263843699.40,486837819.29,42897.08,2.97896407,0.00073210,0.02342731,0.01464207,1.43798859,1.45263065,934470474.46,18.4080
1547,4.2355,1.7460,1.7460,2155.56,43212508.29,3818164.55,223027978.86,263852724.40,486880703.26,42883.97,2.97805349,0.00073198,0.02342344,0.01463965,1.43824809,1.45288774,934511358.43,18.4017
1548,4.2382,1.7458,1.7458,2159.65,43217536.07,3818326.77,223061827.12,263861747.00,486923574.13,42870.86,2.97714321,0.00073186,0.02341957,0.01463723,1.43850762,1.45314485,934552229.29,18.3954
1549,4.2409,1.7455,1.7455,2163.76,43222563.14,3818488.96,223095664.67,263870767.21,486966431.88,42857.76,2.97623323,0.00073174,0.02341570,0.01463481,1.43876719,1.45340201,934593087.05,18.3891
1550,4.2437,1.7453,1.7453,2167.87,43227589.50,3818651.10,223129491.51,263879785.03,487009276.54,42844.66,2.97532355,0.00073162,0.02341183,0.01463240,1.43902680,1.45365919,934633931.71,18.3829
1551,4.2464,1.7450,1.7450,2171.99,43232615.16,3818813.20,223163307.65,263888800.46,487052108.11,42831.56,2.97441417,0.00073150,0.02340797,0.01462998,1.43928644,1.45391642,934674763.27,18.3766
1552,4.2491,1.7448,1.7448,2176.12,43237640.11,3818975.27,223197113.09,263897813.49,487094926.58,42818.47,2.97350509,0.00073138,0.02340410,0.01462756,1.43954611,1.45417368,934715581.74,18.3703
1553,4.2519,1.7445,1.7445,2180.26,43242664.35,3819137.29,223230907.83,263906824.14,487137731.97,42805.39,2.97259631,0.00073126,0.02340024,0.01462515,1.43980582,1.45443097,934756387.13,18.3640
1554,4.2546,1.7443,1.7443,2184.40,43247687.89,3819299.28,223264691.88,263915832.39,487180524.27,42792.30,2.97168782,0.00073114,0.02339637,0.01462273,1.44006557,1.45468830,934797179.44,18.3577
1555,4.2574,1.7440,1.7440,2188.55,43252710.72,3819461.22,223298465.24,263924838.26,487223303.50,42779.23,2.97077963,0.00073102,0.02339251,0.01462032,1.44032535,1.45494567,934837958.66,18.3514
1556,4.2601,1.7438,1.7438,2192.71,43257732.85,3819623.12,223332227.91,263933841.74,487266069.65,42766.15,2.96987174,0.00073090,0.02338865,0.01461790,1.44058517,1.45520307,934878724.82,18.3452
1557,4.2628,1.7435,1.7435,2196.88,43262754.27,3819784.99,223365979.90,263942842.84,487308822.74,42753.08,2.96896415,0.00073077,0.02338479,0.01461549,1.44084502,1.45546051,934919477.90,18.3389
1558,4.2656,1.7433,1.7433,2201.06,43267774.99,3819946.81,223399721.20,263951841.55,487351562.76,42740.02,2.96805686,0.00073065,0.02338093,0.01461308,1.44110490,1.45571798,934960217.92,18.3326
1559,4.2683,1.7431,1.7431,2205.24,43272795.00,3820108.59,223433451.84,263960837.88,487394289.71,42726.96,2.96714986,0.00073053,0.02337707,0.01461067,1.44136483,1.45597549,935000944.88,18.3264
1560,4.2710,1.7428,1.7428,2209.43,43277814.30,3820270.34,223467171.79,263969831.82,487437003.61,42713.90,2.96624317,0.00073041,0.02337321,0.01460825,1.44162478,1.45623304,935041658.78,18.3201
1561,4.2738,1.7426,1.7426,2213.63,43282832.90,3820432.04,223500881.08,263978823.38,487479704.46,42700.85,2.96533677,0.00073029,0.02336935,0.01460584,1.44188477,1.45649062,935082359.63,18.3138
1562,4.2765,1.7423,1.7423,2217.84,43287850.79,3820593.71,223534579.71,263987812.56,487522392.27,42687.80,2.96443066,0.00073017,0.02336549,0.01460343,1.44214480,1.45674823,935123047.43,18.3076
1563,4.2793,1.7421,1.7421,2222.06,43292867.98,3820755.33,223568267.66,263996799.36,487565067.02,42674.76,2.96352486,0.00073005,0.02336163,0.01460102,1.44240486,1.45700588,935163722.19,18.3013
1564,4.2820,1.7418,1.7418,2226.28,43297884.46,3820916.91,223601944.96,264005783.78,487607728.74,42661.72,2.96261935,0.00072993,0.02335778,0.01459861,1.44266496,1.45726357,935204383.90,18.2951
1565,4.2847,1.7416,1.7416,2230.51,43302900.24,3821078.46,223635611.61,264014765.82,487650377.43,42648.68,2.96171414,0.00072981,0.02335392,0.01459620,1.44292509,1.45752129,935245032.59,18.2888
1566,4.2875,1.7413,1.7413,2234.75,43307915.32,3821239.96,223669267.60,264023745.48,487693013.08,42635.65,2.96080922,0.00072969,0.02335007,0.01459379,1.44318525,1.45777905,935285668.24,18.2825
1567,4.2902,1.7411,1.7411,2239.00,43312929.69,3821401.43,223702912.94,264032722.76,487735635.70,42622.63,2.95990461,0.00072957,0.02334621,0.01459138,1.44344545,1.45803684,935326290.87,18.2763
1568,4.2930,1.7409,1.7409,2243.26,43317943.35,3821562.85,223736547.64,264041697.67,487778245.31,42609.60,2.95900029,0.00072945,0.02334236,0.01458898,1.44370569,1.45829467,935366900.47,18.2701
1569,4.2957,1.7406,1.7406,2247.52,43322956.31,3821724.24,223770171.69,264050670.21,487820841.90,42596.59,2.95809626,0.00072933,0.02333851,0.01458657,1.44396596,1.45855253,935407497.06,18.2638
1570,4.2984,1.7404,1.7404,2251.79,43327968.57,3821885.58,223803785.10,264059640.37,487863425.47,42583.57,2.95719254,0.00072921,0.02333466,0.01458416,1.44422627,1.45881043,935448080.63,18.2576
1571,4.3012,1.7401,1.7401,2256.07,43332980.12,3822046.88,223837387.88,264068608.15,487905996.03,42570.56,2.95628910,0.00072909,0.02333081,0.01458176,1.44448661,1.45906836,935488651.19,18.2513
1572,4.3039,1.7399,1.7399,2260.36,43337990.96,3822208.15,223870980.02,264077573.57,487948553.59,42557.56,2.95538597,0.00072897,0.02332696,0.01457935,1.44474698,1.45932633,935529208.75,18.2451
1573,4.3066,1.7396,1.7396,2264.66,43343001.11,3822369.38,223904561.54,264086536.61,487991098.15,42544.56,2.95448313,0.00072885,0.02332311,0.01457694,1.44500739,1.45958434,935569753.31,18.2389
1574,4.3094,1.7394,1.7394,2268.96,43348010.55,3822530.56,223938132.43,264095497.28,488033629.71,42531.56,2.95358059,0.00072873,0.02331926,0.01457454,1.44526784,1.45984238,935610284.87,18.2326
1575,4.3121,1.7391,1.7391,2273.27,43353019.28,3822691.71,223971692.69,264104455.58,488076148.27,42518.57,2.95267835,0.00072861,0.02331542,0.01457213,1.44552832,1.46010045,935650803.44,18.2264
1576,4.3149,1.7389,1.7389,2277.60,43358027.31,3822852.81,224005242.34,264113411.51,488118653.85,42505.58,2.95177640,0.00072849,0.02331157,0.01456973,1.44578883,1.46035857,935691309.02,18.2202
1577,4.3176,1.7387,1.7387,2281.92,43363034.64,3823013.88,224038781.37,264122365.08,488161146.45,42492.60,2.95087474,0.00072837,0.02330772,0.01456733,1.44604938,1.46061671,935731801.61,18.2139
1578,4.3203,1.7384,1.7384,2286.26,43368041.26,3823174.90,224072309.79,264131316.28,488203626.07,42479.62,2.94997338,0.00072825,0.02330388,0.01456492,1.44630997,1.46087489,935772281.23,18.2077
1579,4.3231,1.7382,1.7382,2290.61,43373047.18,3823335.89,224105827.60,264140265.11,488246092.71,42466.64,2.94907232,0.00072813,0.02330003,0.01456252,1.44657059,1.46113311,935812747.87,18.2015
1580,4.3258,1.7379,1.7379,2294.96,43378052.40,3823496.84,224139334.81,264149211.57,488288546.38,42453.67,2.94817155,0.00072801,0.02329619,0.01456012,1.44683124,1.46139136,935853201.54,18.1953
1581,4.3285,1.7377,1.7377,2299.32,43383056.91,3823657.75,224172831.41,264158155.67,488330987.08,42440.70,2.94727108,0.00072789,0.02329235,0.01455772,1.44709193,1.46164965,935893642.25,18.1891
1582,4.3313,1.7374,1.7374,2303.70,43388060.72,3823818.61,224206317.41,264167097.41,488373414.82,42427.74,2.94637091,0.00072777,0.02328851,0.01455532,1.44735266,1.46190797,935934069.99,18.1828
1583,4.3340,1.7372,1.7372,2308.07,43393063.83,3823979.44,224239792.82,264176036.79,488415829.61,42414.78,2.94547103,0.00072765,0.02328467,0.01455292,1.44761342,1.46216633,935974484.77,18.1766
1584,4.3368,1.7369,1.7369,2312.46,43398066.24,3824140.23,224273257.63,264184973.80,488458231.44,42401.83,2.94457144,0.00072753,0.02328083,0.01455052,1.44787421,1.46242473,936014886.60,18.1704
1585,4.3395,1.7367,1.7367,2316.86,43403067.94,3824300.98,224306711.86,264193908.46,488500620.31,42388.88,2.94367215,0.00072741,0.02327699,0.01454812,1.44813504,1.46268315,936055275.48,18.1642
1586,4.3422,1.7365,1.7365,2321.26,43408068.94,3824461.69,224340155.50,264202840.75,488542996.25,42375.93,2.94277315,0.00072729,0.02327315,0.01454572,1.44839590,1.46294162,936095651.41,18.1580
1587,4.3450,1.7362,1.7362,2325.67,43413069.23,3824622.36,224373588.56,264211770.68,488585359.24,42362.99,2.94187445,0.00072717,0.02326931,0.01454332,1.44865680,1.46320012,936136014.40,18.1518
1588,4.3477,1.7360,1.7360,2330.09,43418068.82,3824782.99,224407011.04,264220698.26,488627709.30,42350.06,2.94097605,0.00072705,0.02326547,0.01454092,1.44891773,1.46345865,936176364.46,18.1456
1589,4.3504,1.7357,1.7357,2334.52,43423067.71,3824943.58,224440422.94,264229623.48,488670046.42,42337.12,2.94007793,0.00072693,0.02326164,0.01453852,1.44917870,1.46371722,936216701.58,18.1394
1590,4.3532,1.7355,1.7355,2338.96,43428065.90,3825104.13,224473824.27,264238546.34,488712370.61,42324.19,2.93918012,0.00072681,0.02325780,0.01453613,1.44943970,1.46397583,936257025.77,18.1332
1591,4.3559,1.7352,1.7352,2343.41,43433063.39,3825264.64,224507215.03,264247466.85,488754681.88,42311.27,2.93828259,0.00072669,0.02325397,0.01453373,1.44970074,1.46423447,936297337.04,18.1270
1592,4.3587,1.7350,1.7350,2347.86,43438060.17,3825425.11,224540595.23,264256385.00,488796980.23,42298.35,2.93738537,0.00072657,0.02325013,0.01453133,1.44996181,1.46449314,936337635.39,18.1208
1593,4.3614,1.7348,1.7348,2352.32,43443056.25,3825585.54,224573964.86,264265300.80,488839265.66,42285.43,2.93648843,0.00072645,0.02324630,0.01452894,1.45022291,1.46475185,936377920.83,18.1147
1594,4.3641,1.7345,1.7345,2356.80,43448051.63,3825745.94,224607323.94,264274214.25,488881538.18,42272.52,2.93559179,0.00072633,0.02324247,0.01452654,1.45048405,1.46501060,936418193.35,18.1085
1595,4.3669,1.7343,1.7343,2361.28,43453046.31,3825906.29,224640672.46,264283125.34,488923797.80,42259.61,2.93469544,0.00072621,0.02323864,0.01452415,1.45074523,1.46526938,936458452.96,18.1023
1596,4.3696,1.7340,1.7340,2365.76,43458040.28,3826066.60,224674010.43,264292034.08,488966044.51,42246.71,2.93379939,0.00072609,0.02323481,0.01452175,1.45100644,1.46552819,936498699.67,18.0961
1597,4.3723,1.7338,1.7338,2370.26,43463033.56,3826226.88,224707337.85,264300940.48,489008278.32,42233.81,2.93290363,0.00072597,0.02323098,0.01451936,1.45126768,1.46578705,936538933.49,18.0899
1598,4.3751,1.7335,1.7335,2374.77,43468026.13,3826387.11,224740654.72,264309844.52,489050499.24,42220.92,2.93200817,0.00072585,0.02322715,0.01451697,1.45152896,1.46604593,936579154.40,18.0838
1599,4.3778,1.7333,1.7333,2379.28,43473018.00,3826547.31,224773961.05,264318746.22,489092707.27,42208.03,2.93111299,0.00072573,0.02322332,0.01451458,1.45179028,1.46630485,936619362.43,18.0776
1600,4.3806,1.7330,1.7330,2383.80,43478009.17,3826707.46,224807256.84,264327645.56,489134902.41,42195.14,2.93021812,0.00072561,0.02321949,0.01451218,1.45205163,1.46656381,936659557.57,18.0714
1601,4.3833,1.7328,1.7328,2388.33,43482999.64,3826867.58,224840542.10,264336542.57,489177084.67,42182.26,2.92932353,0.00072549,0.02321567,0.01450979,1.45231301,1.46682280,936699739.83,18.0652
1602,4.3860,1.7326,1.7326,2392.87,43487989.40,3827027.66,224873816.83,264345437.22,489219254.05,42169.38,2.92842924,0.00072537,0.02321184,0.01450740,1.45257443,1.46708183,936739909.21,18.0591
1603,4.3888,1.7323,1.7323,2397.42,43492978.47,3827187.69,224907081.02,264354329.53,489261410.56,42156.51,2.92753524,0.00072525,0.02320802,0.01450501,1.45283588,1.46734089,936780065.72,18.0529
1604,4.3915,1.7321,1.7321,2401.98,43497966.83,3827347.69,224940334.69,264363219.50,489303554.19,42143.64,2.92664153,0.00072513,0.02320419,0.01450262,1.45309737,1.46759999,936820209.36,18.0467
1605,4.3943,1.7318,1.7318,2406.55,43502954.50,3827507.65,224973577.84,264372107.13,489345684.97,42130.77,2.92574812,0.00072501,0.02320037,0.01450023,1.45335889,1.46785912,936860340.13,18.0406
1606,4.3970,1.7316,1.7316,2411.12,43507941.46,3827667.57,225006810.47,264380992.41,489387802.88,42117.91,2.92485500,0.00072489,0.02319655,0.01449784,1.45362044,1.46811828,936900458.04,18.0344
1607,4.3997,1.7313,1.7313,2415.70,43512927.72,3827827.45,225040032.58,264389875.35,489429907.93,42105.06,2.92396217,0.00072477,0.02319272,0.01449545,1.45388203,1.46837749,936940563.10,18.0283
1608,4.4025,1.7311,1.7311,2420.29,43517913.28,3827987.29,225073244.19,264398755.95,489472000.14,42092.20,2.92306964,0.00072465,0.02318890,0.01449306,1.45414366,1.46863672,936980655.30,18.0221
1609,4.4052,1.7309,1.7309,2424.90,43522898.14,3828147.09,225106445.28,264407634.21,489514079.49,42079.35,2.92217740,0.00072453,0.02318508,0.01449068,1.45440532,1.46889600,937020734.65,18.0160
1610,4.4079,1.7306,1.7306,2429.50,43527882.30,3828306.86,225139635.87,264416510.14,489556146.00,42066.51,2.92128544,0.00072441,0.02318126,0.01448829,1.45466701,1.46915530,937060801.16,18.0098
1611,4.4107,1.7304,1.7304,2434.12,43532865.76,3828466.58,225172815.95,264425383.72,489598199.67,42053.67,2.92039379,0.00072430,0.02317744,0.01448590,1.45492874,1.46941464,937100854.84,18.0037
1612,4.4134,1.7301,1.7301,2438.75,43537848.52,3828626.26,225205985.54,264434254.97,489640240.51,42040.83,2.91950242,0.00072418,0.02317363,0.01448352,1.45519050,1.46967402,937140895.67,17.9975
1613,4.4162,1.7299,1.7299,2443.39,43542830.58,3828785.91,225239144.63,264443123.88,489682268.51,42028.00,2.91861135,0.00072406,0.02316981,0.01448113,1.45545230,1.46993343,937180923.67,17.9914
1614,4.4189,1.7296,1.7296,2448.03,43547811.94,3828945.51,225272293.23,264451990.46,489724283.69,42015.18,2.91772057,0.00072394,0.02316599,0.01447875,1.45571413,1.47019288,937220938.85,17.9853
1615,4.4216,1.7294,1.7294,2452.68,43552792.60,3829105.08,225305431.33,264460854.70,489766286.04,42002.35,2.91683007,0.00072382,0.02316218,0.01447636,1.45597600,1.47045236,937260941.20,17.9791
1616,4.4244,1.7292,1.7292,2457.35,43557772.55,3829264.61,225338558.96,264469716.62,489808275.57,41989.53,2.91593988,0.00072370,0.02315836,0.01447398,1.45623790,1.47071188,937300930.74,17.9730
1617,4.4271,1.7289,1.7289,2462.02,43562751.81,3829424.09,225371676.10,264478576.19,489850252.29,41976.72,2.91504997,0.00072358,0.02315455,0.01447159,1.45649984,1.47097143,937340907.46,17.9669
1618,4.4298,1.7287,1.7287,2466.70,43567730.37,3829583.54,225404782.76,264487433.44,489892216.20,41963.91,2.91416035,0.00072346,0.02315074,0.01446921,1.45676181,1.47123102,937380871.37,17.9607
1619,4.4326,1.7284,1.7284,2471.39,43572708.23,3829742.95,225437878.95,264496288.36,489934167.31,41951.10,2.91327103,0.00072334,0.02314692,0.01446683,1.45702381,1.47149064,937420822.47,17.9546
1620,4.4353,1.7282,1.7282,2476.08,43577685.39,3829902.32,225470964.66,264505140.94,489976105.61,41938.30,2.91238200,0.00072322,0.02314311,0.01446444,1.45728585,1.47175030,937460760.77,17.9485
1621,4.4381,1.7279,1.7279,2480.79,43582661.86,3830061.65,225504039.91,264513991.20,490018031.11,41925.50,2.91149326,0.00072310,0.02313930,0.01446206,1.45754792,1.47200999,937500686.27,17.9424
1622,4.4408,1.7277,1.7277,2485.50,43587637.62,3830220.94,225537104.69,264522839.13,490059943.82,41912.71,2.91060481,0.00072298,0.02313549,0.01445968,1.45781003,1.47226971,937540598.98,17.9362
1623,4.4435,1.7275,1.7275,2490.23,43592612.68,3830380.20,225570159.01,264531684.73,490101843.74,41899.92,2.90971665,0.00072287,0.02313168,0.01445730,1.45807217,1.47252948,937580498.90,17.9301
1624,4.4463,1.7272,1.7272,2494.96,43597587.04,3830539.41,225603202.86,264540528.01,490143730.87,41887.13,2.90882878,0.00072275,0.02312787,0.01445492,1.45833435,1.47278927,937620386.04,17.9240
1625,4.4490,1.7270,1.7270,2499.71,43602560.71,3830698.59,225636236.27,264549368.96,490185605.23,41874.35,2.90794120,0.00072263,0.02312407,0.01445254,1.45859656,1.47304910,937660260.39,17.9179
1626,4.4517,1.7267,1.7267,2504.46,43607533.67,3830857.72,225669259.22,264558207.59,490227466.80,41861.58,2.90705391,0.00072251,0.02312026,0.01445016,1.45885881,1.47330897,937700121.96,17.9118
1627,4.4545,1.7265,1.7265,2509.22,43612505.94,3831016.82,225702271.72,264567043.89,490269315.61,41848.80,2.90616692,0.00072239,0.02311645,0.01444778,1.45912109,1.47356887,937739970.77,17.9057
1628,4.4572,1.7262,1.7262,2513.99,43617477.51,3831175.88,225735273.77,264575877.87,490311151.64,41836.04,2.90528021,0.00072227,0.02311265,0.01444540,1.45938340,1.47382880,937779806.80,17.8996
1629,4.4600,1.7260,1.7260,2518.77,43622448.38,3831334.89,225768265.39,264584709.53,490352974.91,41823.27,2.90439379,0.00072215,0.02310884,0.01444303,1.45964575,1.47408877,937819630.07,17.8935
1630,4.4627,1.7258,1.7258,2523.55,43627418.55,3831493.87,225801246.56,264593538.86,490394785.42,41810.51,2.90350767,0.00072203,0.02310504,0.01444065,1.45990813,1.47434878,937859440.58,17.8874
1631,4.4654,1.7255,1.7255,2528.35,43632388.02,3831652.81,225834217.30,264602365.88,490436583.18,41797.75,2.90262183,0.00072191,0.02310124,0.01443827,1.46017055,1.47460882,937899238.34,17.8813
1632,4.4682,1.7253,1.7253,2533.16,43637356.80,3831811.72,225867177.60,264611190.58,490478368.18,41785.00,2.90173629,0.00072179,0.02309743,0.01443590,1.46043300,1.47486890,937939023.34,17.8752
1633,4.4709,1.7250,1.7250,2537.97,43642324.87,3831970.58,225900127.47,264620012.96,490520140.43,41772.25,2.90085103,0.00072168,0.02309363,0.01443352,1.46069548,1.47512900,937978795.60,17.8691
1634,4.4736,1.7248,1.7248,2542.80,43647292.25,3832129.40,225933066.92,264628833.02,490561899.95,41759.51,2.89996607,0.00072156,0.02308983,0.01443114,1.46095800,1.47538915,938018555.11,17.8630
1635,4.4764,1.7245,1.7245,2547.63,43652258.93,3832288.19,225965995.95,264637650.77,490603646.72,41746.77,2.89908139,0.00072144,0.02308603,0.01442877,1.46122056,1.47564933,938058301.88,17.8569
1636,4.4791,1.7243,1.7243,2552.47,43657224.91,3832446.93,225998914.56,264646466.20,490645380.75,41734.04,2.89819701,0.00072132,0.02308223,0.01442640,1.46148315,1.47590954,938098035.92,17.8508
1637,4.4819,1.7241,1.7241,2557.32,43662190.20,3832605.64,226031822.75,264655279.31,490687102.06,41721.31,2.89731291,0.00072120,0.02307843,0.01442402,1.46174577,1.47616979,938137757.22,17.8447
1638,4.4846,1.7238,1.7238,2562.18,43667154.78,3832764.31,226064720.53,264664090.11,490728810.64,41708.58,2.89642910,0.00072108,0.02307464,0.01442165,1.46200843,1.47643007,938177465.80,17.8387
1639,4.4873,1.7236,1.7236,2567.06,43672118.67,3832922.94,226097607.89,264672898.60,490770506.50,41695.86,2.89554558,0.00072096,0.02307084,0.01441928,1.46227112,1.47669039,938217161.66,17.8326
1640,4.4901,1.7233,1.7233,2571.93,43677081.86,3833081.53,226130484.86,264681704.78,490812189.63,41683.14,2.89466235,0.00072085,0.02306704,0.01441690,1.46253384,1.47695075,938256844.80,17.8265
1641,4.4928,1.7231,1.7231,2576.82,43682044.36,3833240.08,226163351.42,264690508.64,490853860.06,41670.42,2.89377941,0.00072073,0.02306325,0.01441453,1.46279660,1.47721113,938296515.22,17.8204
1642,4.4956,1.7228,1.7228,2581.72,43687006.15,3833398.59,226196207.57,264699310.20,490895517.77,41657.71,2.89289676,0.00072061,0.02305946,0.01441216,1.46305940,1.47747156,938336172.93,17.8144
1643,4.4983,1.7226,1.7226,2586.63,43691967.25,3833557.06,226229053.34,264708109.44,490937162.78,41645.01,2.89201440,0.00072049,0.02305566,0.01440979,1.46332222,1.47773201,938375817.94,17.8083
1644,4.5010,1.7224,1.7224,2591.55,43696927.66,3833715.50,226261888.71,264716906.38,490978795.08,41632.31,2.89113233,0.00072037,0.02305187,0.01440742,1.46358509,1.47799251,938415450.25,17.8022
1645,4.5038,1.7221,1.7221,2596.47,43701887.36,3833873.89,226294713.69,264725701.00,491020414.69,41619.61,2.89025054,0.00072025,0.02304808,0.01440505,1.46384798,1.47825303,938455069.85,17.7962
1646,4.5065,1.7219,1.7219,2601.41,43706846.37,3834032.25,226327528.28,264734493.32,491062021.61,41606.91,2.88936905,0.00072013,0.02304429,0.01440268,1.46411091,1.47851359,938494676.77,17.7901
1647,4.5092,1.7216,1.7216,2606.35,43711804.68,3834190.57,226360332.49,264743283.34,491103615.83,41594.22,2.88848784,0.00072002,0.02304050,0.01440031,1.46437388,1.47877419,938534270.99,17.7840
1648,4.5120,1.7214,1.7214,2611.31,43716762.30,3834348.85,226393126.32,264752071.05,491145197.37,41581.54,2.88760692,0.00071990,0.02303671,0.01439794,1.46463688,1.47903482,938573852.53,17.7780
1649,4.5147,1.7212,1.7212,2616.27,43721719.21,3834507.09,226425909.77,264760856.45,491186766.23,41568.86,2.88672629,0.00071978,0.02303292,0.01439557,1.46489991,1.47929548,938613421.39,17.7719
1650,4.5175,1.7209,1.7209,2621.24,43726675.44,3834665.29,226458682.85,264769639.56,491228322.41,41556.18,2.88584595,0.00071966,0.02302913,0.01439321,1.46516298,1.47955618,938652977.57,17.7659
1651,4.5202,1.7207,1.7207,2626.23,43731630.96,3834823.46,226491445.56,264778420.35,491269865.92,41543.51,2.88496589,0.00071954,0.02302534,0.01439084,1.46542608,1.47981692,938692521.08,17.7598
1652,4.5229,1.7204,1.7204,2631.22,43736585.79,3834981.58,226524197.91,264787198.85,491311396.76,41530.84,2.88408613,0.00071942,0.02302155,0.01438847,1.46568922,1.48007769,938732051.92,17.7538
1653,4.5257,1.7202,1.7202,2636.22,43741539.92,3835139.67,226556939.89,264795975.05,491352914.94,41518.18,2.88320665,0.00071931,0.02301777,0.01438611,1.46595239,1.48033849,938771570.10,17.7477
1654,4.5284,1.7199,1.7199,2641.23,43746493.36,3835297.71,226589671.51,264804748.94,491394420.45,41505.52,2.88232746,0.00071919,0.02301398,0.01438374,1.46621559,1.48059933,938811075.61,17.7417
1655,4.5311,1.7197,1.7197,2646.25,43751446.10,3835455.72,226622392.77,264813520.54,491435913.31,41492.86,2.88144856,0.00071907,0.02301020,0.01438137,1.46647883,1.48086020,938850568.47,17.7356
1656,4.5339,1.7195,1.7195,2651.28,43756398.14,3835613.69,226655103.68,264822289.84,491477393.52,41480.21,2.88056994,0.00071895,0.02300642,0.01437901,1.46674210,1.48112111,938890048.68,17.7296
1657,4.5366,1.7192,1.7192,2656.32,43761349.49,3835771.62,226687804.24,264831056.84,491518861.08,41467.56,2.87969161,0.00071883,0.02300263,0.01437665,1.46700541,1.48138205,938929516.24,17.7236
1658,4.5394,1.7190,1.7190,2661.37,43766300.14,3835929.52,226720494.45,264839821.54,491560315.99,41454.92,2.87881357,0.00071871,0.02299885,0.01437428,1.46726875,1.48164303,938968971.15,17.7175
1659,4.5421,1.7187,1.7187,2666.43,43771250.10,3836087.37,226753174.32,264848583.95,491601758.27,41442.28,2.87793582,0.00071860,0.02299507,0.01437192,1.46753212,1.48190404,939008413.43,17.7115
1660,4.5448,1.7185,1.7185,2671.50,43776199.36,3836245.19,226785843.84,264857344.07,491643187.91,41429.64,2.87705835,0.00071848,0.02299129,0.01436956,1.46779553,1.48216509,939047843.07,17.7055
1661,4.5476,1.7183,1.7183,2676.58,43781147.93,3836402.96,226818503.03,264866101.89,491684604.92,41417.01,2.87618117,0.00071836,0.02298751,0.01436719,1.46805897,1.48242617,939087260.08,17.6994
1662,4.5503,1.7180,1.7180,2681.66,43786095.80,3836560.70,226851151.89,264874857.41,491726009.30,41404.38,2.87530428,0.00071824,0.02298373,0.01436483,1.46832245,1.48268728,939126664.46,17.6934
1663,4.5530,1.7178,1.7178,2686.76,43791042.97,3836718.40,226883790.41,264883610.65,491767401.06,41391.76,2.87442767,0.00071812,0.02297995,0.01436247,1.46858596,1.48294843,939166056.22,17.6874
1664,4.5558,1.7175,1.7175,2691.87,43795989.45,3836876.06,226916418.61,264892361.59,491808780.20,41379.14,2.87355135,0.00071801,0.02297618,0.01436011,1.46884951,1.48320962,939205435.36,17.6814
1665,4.5585,1.7173,1.7173,2696.98,43800935.24,3837033.68,226949036.48,264901110.24,491850146.72,41366.52,2.87267532,0.00071789,0.02297240,0.01435775,1.46911309,1.48347084,939244801.88,17.6753
1666,4.5613,1.7170,1.7170,2702.11,43805880.33,3837191.27,226981644.03,264909856.60,491891500.63,41353.91,2.87179957,0.00071777,0.02296862,0.01435539,1.46937670,1.48373209,939284155.80,17.6693
1667,4.5640,1.7168,1.7168,2707.25,43810824.72,3837348.81,227014241.27,264918600.68,491932841.94,41341.31,2.87092411,0.00071765,0.02296485,0.01435303,1.46964035,1.48399338,939323497.10,17.6633
1668,4.5667,1.7166,1.7166,2712.39,43815768.43,3837506.32,227046828.18,264927342.46,491974170.65,41328.70,2.87004894,0.00071753,0.02296108,0.01435067,1.46990403,1.48425470,939362825.81,17.6573
1669,4.5695,1.7163,1.7163,2717.55,43820711.43,3837663.79,227079404.79,264936081.96,492015486.75,41316.11,2.86917405,0.00071742,0.02295730,0.01434831,1.47016774,1.48451606,939402141.92,17.6513
1670,4.5722,1.7161,1.7161,2722.71,43825653.74,3837821.22,227111971.09,264944819.17,492056790.26,41303.51,2.86829945,0.00071730,0.02295353,0.01434596,1.47043149,1.48477745,939441445.43,17.6453
1671,4.5749,1.7158,1.7158,2727.89,43830595.36,3837978.61,227144527.09,264953554.10,492098081.19,41290.92,2.86742514,0.00071718,0.02294976,0.01434360,1.47069527,1.48503887,939480736.35,17.6393
1672,4.5777,1.7156,1.7156,2733.08,43835536.28,3838135.96,227177072.78,264962286.74,492139359.52,41278.34,2.86655111,0.00071706,0.02294599,0.01434124,1.47095909,1.48530033,939520014.69,17.6333
1673,4.5804,1.7154,1.7154,2738.27,43840476.51,3838293.28,227209608.18,264971017.10,492180625.28,41265.75,2.86567736,0.00071694,0.02294222,0.01433889,1.47122294,1.48556183,939559280.44,17.6273
1674,4.5832,1.7151,1.7151,2743.48,43845416.04,3838450.56,227242133.28,264979745.17,492221878.45,41253.18,2.86480391,0.00071683,0.02293845,0.01433653,1.47148683,1.48582336,939598533.62,17.6213
1675,4.5859,1.7149,1.7149,2748.69,43850354.88,3838607.79,227274648.09,264988470.97,492263119.06,41240.60,2.86393073,0.00071671,0.02293468,0.01433417,1.47175075,1.48608492,939637774.22,17.6153
1676,4.5886,1.7146,1.7146,2753.92,43855293.03,3838764.99,227307152.61,264997194.48,492304347.09,41228.03,2.86305785,0.00071659,0.02293091,0.01433182,1.47201470,1.48634652,939677002.25,17.6093
1677,4.5914,1.7144,1.7144,2759.15,43860230.48,3838922.15,227339646.85,265005915.71,492345562.56,41215.47,2.86218525,0.00071647,0.02292714,0.01432946,1.47227869,1.48660815,939716217.72,17.6033
1678,4.5941,1.7142,1.7142,2764.39,43865167.24,3839079.28,227372130.80,265014634.66,492386765.46,41202.91,2.86131293,0.00071636,0.02292338,0.01432711,1.47254271,1.48686982,939755420.63,17.5973
1679,4.5969,1.7139,1.7139,2769.65,43870103.30,3839236.36,227404604.48,265023351.34,492427955.81,41190.35,2.86044090,0.00071624,0.02291961,0.01432476,1.47280676,1.48713152,939794610.97,17.5913
1680,4.5996,1.7137,1.7137,2774.91,43875038.67,3839393.41,227437067.88,265032065.73,492469133.61,41177.80,2.85956915,0.00071612,0.02291585,0.01432240,1.47307085,1.48739325,939833788.77,17.5853
1681,4.6023,1.7134,1.7134,2780.19,43879973.35,3839550.42,227469521.00,265040777.85,492510298.85,41165.25,2.85869769,0.00071600,0.02291208,0.01432005,1.47333497,1.48765502,939872954.02,17.5793
1682,4.6051,1.7132,1.7132,2785.47,43884907.33,3839707.39,227501963.86,265049487.69,492551451.56,41152.70,2.85782652,0.00071588,0.02290832,0.01431770,1.47359913,1.48791683,939912106.72,17.5734
1683,4.6078,1.7129,1.7129,2790.77,43889840.62,3839864.32,227534396.46,265058195.26,492592591.72,41140.16,2.85695562,0.00071577,0.02290456,0.01431535,1.47386332,1.48817867,939951246.88,17.5674
1684,4.6105,1.7127,1.7127,2796.07,43894773.22,3840021.21,227566818.79,265066900.55,492633719.34,41127.62,2.85608502,0.00071565,0.02290079,0.01431300,1.47412754,1.48844054,939990374.50,17.5614
1685,4.6133,1.7125,1.7125,2801.39,43899705.13,3840178.06,227599230.86,265075603.57,492674834.43,41115.09,2.85521470,0.00071553,0.02289703,0.01431065,1.47439180,1.48870245,940029489.60,17.5554
1686,4.6160,1.7122,1.7122,2806.71,43904636.34,3840334.88,227631632.68,265084304.32,492715937.00,41102.56,2.85434466,0.00071541,0.02289327,0.01430830,1.47465609,1.48896439,940068592.16,17.5495
1687,4.6188,1.7120,1.7120,2812.05,43909566.85,3840491.66,227664024.24,265093002.80,492757027.03,41090.04,2.85347490,0.00071530,0.02288951,0.01430595,1.47492042,1.48922637,940107682.20,17.5435
1688,4.6215,1.7117,1.7117,2817.39,43914496.68,3840648.40,227696405.55,265101699.00,492798104.55,41077.52,2.85260544,0.00071518,0.02288576,0.01430360,1.47518478,1.48948838,940146759.72,17.5375
1689,4.6242,1.7115,1.7115,2822.75,43919425.81,3840805.10,227728776.62,265110392.93,492839169.55,41065.00,2.85173625,0.00071506,0.02288200,0.01430125,1.47544917,1.48975042,940185824.72,17.5316
1690,4.6270,1.7113,1.7113,2828.11,43924354.25,3840961.76,227761137.45,265119084.60,492880222.04,41052.49,2.85086735,0.00071495,0.02287824,0.01429890,1.47571360,1.49001250,940224877.21,17.5256
1691,4.6297,1.7110,1.7110,2833.49,43929282.00,3841118.39,227793488.03,265127774.00,492921262.03,41039.98,2.84999873,0.00071483,0.02287448,0.01429655,1.47597806,1.49027461,940263917.19,17.5196
1692,4.6324,1.7108,1.7108,2838.88,43934209.05,3841274.98,227825828.38,265136461.12,492962289.50,41027.48,2.84913040,0.00071471,0.02287073,0.01429421,1.47624256,1.49053676,940302944.67,17.5137
1693,4.6352,1.7105,1.7105,2844.27,43939135.42,3841431.53,227858158.50,265145145.99,493003304.48,41014.98,2.84826235,0.00071459,0.02286697,0.01429186,1.47650709,1.49079894,940341959.64,17.5077
1694,4.6379,1.7103,1.7103,2849.68,43944061.09,3841588.04,227890478.38,265153828.58,493044306.96,41002.48,2.84739458,0.00071448,0.02286322,0.01428951,1.47677165,1.49106116,940380962.13,17.5018
1695,4.6407,1.7101,1.7101,2855.10,43948986.07,3841744.51,227922788.04,265162508.91,493085296.95,40989.99,2.84652710,0.00071436,0.02285947,0.01428717,1.47703625,1.49132341,940419952.12,17.4958
1696,4.6434,1.7098,1.7098,2860.52,43953910.35,3841900.94,227955087.48,265171186.98,493126274.46,40977.50,2.84565990,0.00071424,0.02285571,0.01428482,1.47730088,1.49158570,940458929.62,17.4899
1697,4.6461,1.7096,1.7096,2865.96,43958833.95,3842057.34,227987376.69,265179862.78,493167239.48,40965.02,2.84479299,0.00071412,0.02285196,0.01428248,1.47756554,1.49184802,940497894.64,17.4839
1698,4.6489,1.7093,1.7093,2871.41,43963756.85,3842213.70,228019655.69,265188536.33,493208192.02,40952.54,2.84392636,0.00071401,0.02284821,0.01428013,1.47783024,1.49211037,940536847.18,17.4780
1699,4.6516,1.7091,1.7091,2876.87,43968679.06,3842370.02,228051924.47,265197207.61,493249132.08,40940.06,2.84306001,0.00071389,0.02284446,0.01427779,1.47809497,1.49237276,940575787.24,17.4720
1700,4.6543,1.7089,1.7089,2882.33,43973600.58,3842526.30,228084183.05,265205876.62,493290059.67,40927.59,2.84219394,0.00071377,0.02284071,0.01427544,1.47835974,1.49263518,940614714.83,17.4661
1701,4.6571,1.7086,1.7086,2887.81,43978521.40,3842682.55,228116431.41,265214543.38,493330974.80,40915.13,2.84132816,0.00071366,0.02283696,0.01427310,1.47862454,1.49289764,940653629.96,17.4602
1702,4.6598,1.7084,1.7084,2893.30,43983441.54,3842838.75,228148669.58,265223207.88,493371877.46,40902.66,2.84046266,0.00071354,0.02283321,0.01427076,1.47888937,1.49316013,940692532.62,17.4542
1703,4.6626,1.7081,1.7081,2898.80,43988360.98,3842994.92,228180897.54,265231870.12,493412767.66,40890.20,2.83959744,0.00071342,0.02282947,0.01426842,1.47915424,1.49342265,940731422.83,17.4483
1704,4.6653,1.7079,1.7079,2904.31,43993279.74,3843151.05,228213115.30,265240530.11,493453645.41,40877.75,2.83873250,0.00071330,0.02282572,0.01426608,1.47941914,1.49368521,940770300.57,17.4424
1705,4.6680,1.7077,1.7077,2909.83,43998197.80,3843307.14,228245322.87,265249187.83,493494510.71,40865.30,2.83786785,0.00071319,0.02282198,0.01426373,1.47968407,1.49394781,940809165.87,17.4364
1706,4.6708,1.7074,1.7074,2915.36,44003115.17,3843463.20,228277520.25,265257843.31,493535363.56,40852.85,2.83700348,0.00071307,0.02281823,0.01426139,1.47994904,1.49421043,940848018.72,17.4305
1707,4.6735,1.7072,1.7072,2920.91,44008031.85,3843619.21,228309707.44,265266496.52,493576203.97,40840.41,2.83613939,0.00071295,0.02281449,0.01425905,1.48021404,1.49447310,940886859.13,17.4246
1708,4.6762,1.7069,1.7069,2926.46,44012947.84,3843775.19,228341884.45,265275147.49,493617031.93,40827.97,2.83527559,0.00071284,0.02281074,0.01425671,1.48047908,1.49473579,940925687.10,17.4187
1709,4.6790,1.7067,1.7067,2932.02,44017863.14,3843931.13,228374051.27,265283796.19,493657847.47,40815.53,2.83441206,0.00071272,0.02280700,0.01425438,1.48074415,1.49499852,940964502.63,17.4128
1710,4.6817,1.7065,1.7065,2937.59,44022777.75,3844087.03,228406207.92,265292442.65,493698650.57,40803.10,2.83354882,0.00071260,0.02280326,0.01425204,1.48100925,1.49526129,941003305.73,17.4068
1711,4.6845,1.7062,1.7062,2943.18,44027691.66,3844242.90,228438354.39,265301086.86,493739441.25,40790.68,2.83268586,0.00071248,0.02279952,0.01424970,1.48127439,1.49552408,941042096.41,17.4009
1712,4.6872,1.7060,1.7060,2948.77,44032604.89,3844398.72,228470490.69,265309728.81,493780219.50,40778.25,2.83182319,0.00071237,0.02279578,0.01424736,1.48153956,1.49578692,941080874.66,17.3950
1713,4.6899,1.7057,1.7057,2954.38,44037517.42,3844554.51,228502616.82,265318368.52,493820985.34,40765.84,2.83096079,0.00071225,0.02279204,0.01424502,1.48180476,1.49604978,941119640.50,17.3891
1714,4.6927,1.7055,1.7055,2959.99,44042429.27,3844710.26,228534732.78,265327005.97,493861738.76,40753.42,2.83009868,0.00071213,0.02278830,0.01424269,1.48207000,1.49631269,941158393.92,17.3832
1715,4.6954,1.7053,1.7053,2965.62,44047340.43,3844865.98,228566838.59,265335641.18,493902479.77,40741.01,2.82923684,0.00071202,0.02278456,0.01424035,1.48233527,1.49657562,941197134.93,17.3773
1716,4.6982,1.7050,1.7050,2971.26,44052250.89,3845021.65,228598934.23,265344274.14,493943208.37,40728.60,2.82837529,0.00071190,0.02278083,0.01423802,1.48260057,1.49683859,941235863.53,17.3714
1717,4.7009,1.7048,1.7048,2976.90,44057160.67,3845177.29,228631019.72,265352904.85,493983924.57,40716.20,2.82751402,0.00071178,0.02277709,0.01423568,1.48286591,1.49710159,941274579.74,17.3655
1718,4.7036,1.7045,1.7045,2982.56,44062069.75,3845332.89,228663095.06,265361533.32,494024628.38,40703.80,2.82665303,0.00071167,0.02277335,0.01423335,1.48313129,1.49736463,941313283.54,17.3596
1719,4.7064,1.7043,1.7043,2988.23,44066978.15,3845488.45,228695160.24,265370159.54,494065319.79,40691.41,2.82579232,0.00071155,0.02276962,0.01423101,1.48339669,1.49762770,941351974.95,17.3537
1720,4.7091,1.7041,1.7041,2993.91,44071885.85,3845643.97,228727215.28,265378783.52,494105998.81,40679.02,2.82493190,0.00071143,0.02276588,0.01422868,1.48366213,1.49789081,941390653.97,17.3478
1721,4.7118,1.7038,1.7038,2999.60,44076792.87,3845799.46,228759260.18,265387405.26,494146665.44,40666.63,2.82407175,0.00071132,0.02276215,0.01422634,1.48392761,1.49815395,941429320.60,17.3419
1722,4.7146,1.7036,1.7036,3005.31,44081699.20,3845954.90,228791294.94,265396024.75,494187319.69,40654.25,2.82321189,0.00071120,0.02275842,0.01422401,1.48419311,1.49841712,941467974.85,17.3360
1723,4.7173,1.7033,1.7033,3011.02,44086604.83,3846110.31,228823319.56,265404642.00,494227961.56,40641.87,2.82235230,0.00071108,0.02275469,0.01422168,1.48445865,1.49868033,941506616.73,17.3301
1724,4.7201,1.7031,1.7031,3016.74,44091509.78,3846265.69,228855334.05,265413257.02,494268591.06,40629.50,2.82149300,0.00071097,0.02275096,0.01421935,1.48472423,1.49894357,941545246.23,17.3243
1725,4.7228,1.7029,1.7029,3022.48,44096414.04,3846421.02,228887338.40,265421869.79,494309208.19,40617.13,2.82063397,0.00071085,0.02274723,0.01421702,1.48498984,1.49920685,941583863.35,17.3184
1726,4.7255,1.7026,1.7026,3028.22,44101317.61,3846576.32,228919332.64,265430480.32,494349812.96,40604.76,2.81977523,0.00071073,0.02274350,0.01421468,1.48525548,1.49947016,941622468.12,17.3125
1727,4.7283,1.7024,1.7024,3033.98,44106220.49,3846731.58,228951316.74,265439088.61,494390405.36,40592.40,2.81891677,0.00071062,0.02273977,0.01421235,1.48552115,1.49973351,941661060.52,17.3066
1728,4.7310,1.7021,1.7021,3039.74,44111122.68,3846886.80,228983290.73,265447694.67,494430985.40,40580.04,2.81805858,0.00071050,0.02273604,0.01421002,1.48578686,1.49999688,941699640.56,17.3007
1729,4.7337,1.7019,1.7019,3045.52,44116024.18,3847041.98,229015254.60,265456298.49,494471553.09,40567.69,2.81720068,0.00071038,0.02273231,0.01420769,1.48605260,1.50026030,941738208.25,17.2949
1730,4.7365,1.7017,1.7017,3051.31,44120925.00,3847197.13,229047208.35,265464900.08,494512108.43,40555.34,2.81634306,0.00071027,0.02272859,0.01420537,1.48631838,1.50052374,941776763.59,17.2890
1731,4.7392,1.7014,1.7014,3057.11,44125825.12,3847352.24,229079152.00,265473499.42,494552651.42,40542.99,2.81548572,0.00071015,0.02272486,0.01420304,1.48658419,1.50078723,941815306.59,17.2831
1732,4.7420,1.7012,1.7012,3062.92,44130724.56,3847507.31,229111085.54,265482096.54,494593182.08,40530.65,2.81462865,0.00071004,0.02272113,0.01420071,1.48685003,1.50105074,941853837.24,17.2773
1733,4.7447,1.7010,1.7010,3068.74,44135623.31,3847662.34,229143008.97,265490691.42,494633700.39,40518.31,2.81377187,0.00070992,0.02271741,0.01419838,1.48711591,1.50131429,941892355.55,17.2714
1734,4.7474,1.7007,1.7007,3074.58,44140521.37,3847817.34,229174922.30,265499284.07,494674206.37,40505.98,2.81291537,0.00070980,0.02271369,0.01419605,1.48738182,1.50157787,941930861.54,17.2655
1735,4.7502,1.7005,1.7005,3080.42,44145418.74,3847972.30,229206825.53,265507874.49,494714700.03,40493.65,2.81205914,0.00070969,0.02270996,0.01419373,1.48764776,1.50184149,941969355.19,17.2597
1736,4.7529,1.7002,1.7002,3086.28,44150315.42,3848127.22,229238718.67,265516462.68,494755181.35,40481.33,2.81120320,0.00070957,0.02270624,0.01419140,1.48791374,1.50210514,942007836.51,17.2538
1737,4.7556,1.7000,1.7000,3092.14,44155211.42,3848282.10,229270601.72,265525048.64,494795650.36,40469.00,2.81034753,0.00070945,0.02270252,0.01418908,1.48817975,1.50236883,942046305.52,17.2480
1738,4.7584,1.6998,1.6998,3098.02,44160106.73,3848436.94,229302474.68,265533632.37,494836107.04,40456.69,2.80949215,0.00070934,0.02269880,0.01418675,1.48844579,1.50263254,942084762.21,17.2421
1739,4.7611,1.6995,1.6995,3103.91,44165001.35,3848591.75,229334337.55,265542213.87,494876551.42,40444.37,2.80863704,0.00070922,0.02269508,0.01418443,1.48871187,1.50289630,942123206.58,17.2363
1740,4.7639,1.6993,1.6993,3109.81,44169895.28,3848746.52,229366190.34,265550793.14,494916983.48,40432.06,2.80778221,0.00070911,0.02269136,0.01418210,1.48897798,1.50316008,942161638.64,17.2304
1741,4.7666,1.6990,1.6990,3115.72,44174788.52,3848901.25,229398033.05,265559370.19,494957403.24,40419.76,2.80692766,0.00070899,0.02268764,0.01417978,1.48924413,1.50342391,942200058.40,17.2246
1742,4.7693,1.6988,1.6988,3121.64,44179681.08,3849055.95,229429865.69,265567945.01,494997810.69,40407.46,2.80607339,0.00070887,0.02268393,0.01417745,1.48951031,1.50368776,942238465.86,17.2187
1743,4.7721,1.6986,1.6986,3127.58,44184572.95,3849210.61,229461688.25,265576517.60,495038205.85,40395.16,2.80521940,0.00070876,0.02268021,0.01417513,1.48977652,1.50395165,942276861.02,17.2129
1744,4.7748,1.6983,1.6983,3133.52,44189464.13,3849365.23,229493500.75,265585087.97,495078588.72,40382.87,2.80436569,0.00070864,0.02267650,0.01417281,1.49004276,1.50421557,942315243.88,17.2070
1745,4.7775,1.6981,1.6981,3139.48,44194354.62,3849519.81,229525303.17,265593656.12,495118959.30,40370.58,2.80351225,0.00070852,0.02267278,0.01417049,1.49030904,1.50447953,942353614.46,17.2012
1746,4.7803,1.6978,1.6978,3145.45,44199244.43,3849674.35,229557095.54,265602222.05,495159317.59,40358.29,2.80265910,0.00070841,0.02266907,0.01416817,1.49057535,1.50474352,942391972.75,17.1954
1747,4.7830,1.6976,1.6976,3151.43,44204133.55,3849828.86,229588877.85,265610785.75,495199663.60,40346.01,2.80180622,0.00070829,0.02266535,0.01416585,1.49084170,1.50500754,942430318.76,17.1895
1748,4.7858,1.6974,1.6974,3157.42,44209021.98,3849983.33,229620650.09,265619347.24,495239997.33,40333.73,2.80095362,0.00070818,0.02266164,0.01416352,1.49110808,1.50527160,942468652.49,17.1837
1749,4.7885,1.6971,1.6971,3163.42,44213909.73,3850137.76,229652412.29,265627906.50,495280318.79,40321.46,2.80010130,0.00070806,0.02265793,0.01416120,1.49137449,1.50553570,942506973.95,17.1779
1750,4.7912,1.6969,1.6969,3169.43,44218796.79,3850292.16,229684164.43,265636463.54,495320627.98,40309.19,2.79924925,0.00070794,0.02265422,0.01415889,1.49164094,1.50579982,942545283.14,17.1720
1751,4.7940,1.6967,1.6967,3175.46,44223683.16,3850446.52,229715906.53,265645018.37,495360924.90,40296.92,2.79839749,0.00070783,0.02265051,0.01415657,1.49190742,1.50606398,942583580.06,17.1662
1752,4.7967,1.6964,1.6964,3181.49,44228568.84,3850600.84,229747638.59,265653570.98,495401209.56,40284.66,2.79754600,0.00070771,0.02264680,0.01415425,1.49217393,1.50632818,942621864.73,17.1604
1753,4.7995,1.6962,1.6962,3187.54,44233453.84,3850755.12,229779360.60,265662121.37,495441481.97,40272.40,2.79669479,0.00070760,0.02264309,0.01415193,1.49244048,1.50659241,942660137.13,17.1546
1754,4.8022,1.6959,1.6959,3193.60,44238338.16,3850909.37,229811072.58,265670669.54,495481742.12,40260.15,2.79584386,0.00070748,0.02263938,0.01414961,1.49270706,1.50685667,942698397.28,17.1488
1755,4.8049,1.6957,1.6957,3199.67,44243221.78,3851063.58,229842774.52,265679215.50,495521990.02,40247.90,2.79499320,0.00070736,0.02263567,0.01414729,1.49297367,1.50712096,942736645.18,17.1429
1756,4.8077,1.6955,1.6955,3205.75,44248104.72,3851217.75,229874466.43,265687759.25,495562225.68,40235.66,2.79414282,0.00070725,0.02263197,0.01414498,1.49324032,1.50738529,942774880.84,17.1371
1757,4.8104,1.6952,1.6952,3211.84,44252986.98,3851371.88,229906148.31,265696300.78,495602449.09,40223.42,2.79329272,0.00070713,0.02262826,0.01414266,1.49350700,1.50764966,942813104.26,17.1313
1758,4.8131,1.6950,1.6950,3217.95,44257868.55,3851525.98,229937820.17,265704840.10,495642660.27,40211.18,2.79244290,0.00070702,0.02262455,0.01414035,1.49377371,1.50791406,942851315.43,17.1255
1759,4.8159,1.6948,1.6948,3224.07,44262749.43,3851680.04,229969482.00,265713377.21,495682859.22,40198.94,2.79159335,0.00070690,0.02262085,0.01413803,1.49404046,1.50817849,942889514.38,17.1197
1760,4.8186,1.6945,1.6945,3230.19,44267629.62,3851834.06,230001133.82,265721912.11,495723045.93,40186.71,2.79074409,0.00070679,0.02261715,0.01413572,1.49430724,1.50844295,942927701.09,17.1139
1761,4.8214,1.6943,1.6943,3236.33,44272509.13,3851988.04,230032775.62,265730444.80,495763220.42,40174.49,2.78989509,0.00070667,0.02261344,0.01413340,1.49457405,1.50870745,942965875.58,17.1081
1762,4.8241,1.6940,1.6940,3242.49,44277387.96,3852141.99,230064407.41,265738975.28,495803382.69,40162.27,2.78904638,0.00070655,0.02260974,0.01413109,1.49484090,1.50897199,943004037.85,17.1023
1763,4.8268,1.6938,1.6938,3248.65,44282266.10,3852295.90,230096029.19,265747503.54,495843532.74,40150.05,2.78819794,0.00070644,0.02260604,0.01412877,1.49510778,1.50923655,943042187.90,17.0965
1764,4.8296,1.6936,1.6936,3254.83,44287143.55,3852449.77,230127640.97,265756029.61,495883670.58,40137.84,2.78734978,0.00070632,0.02260234,0.01412646,1.49537469,1.50950115,943080325.74,17.0907
1765,4.8323,1.6933,1.6933,3261.01,44292020.32,3852603.61,230159242.74,265764553.46,495923796.20,40125.63,2.78650189,0.00070621,0.02259864,0.01412415,1.49564164,1.50976579,943118451.37,17.0849
1766,4.8350,1.6931,1.6931,3267.21,44296896.40,3852757.41,230190834.51,265773075.11,495963909.62,40113.42,2.78565428,0.00070609,0.02259494,0.01412184,1.49590862,1.51003046,943156564.79,17.0791
1767,4.8378,1.6928,1.6928,3273.42,44301771.80,3852911.17,230222416.29,265781594.55,496004010.84,40101.22,2.78480695,0.00070598,0.02259124,0.01411953,1.49617563,1.51029516,943194666.01,17.0733
1768,4.8405,1.6926,1.6926,3279.64,44306646.51,3853064.89,230253988.07,265790111.79,496044099.87,40089.02,2.78395989,0.00070586,0.02258754,0.01411722,1.49644268,1.51055990,943232755.03,17.0676
1769,4.8433,1.6924,1.6924,3285.88,44311520.54,3853218.58,230285549.87,265798626.83,496084176.70,40076.83,2.78311311,0.00070575,0.02258385,0.01411490,1.49670976,1.51082467,943270831.86,17.0618
1770,4.8460,1.6921,1.6921,3292.12,44316393.88,3853372.23,230317101.67,265807139.66,496124241.33,40064.64,2.78226661,0.00070563,0.02258015,0.01411259,1.49697688,1.51108947,943308896.50,17.0560
1771,4.8487,1.6919,1.6919,3298.38,44321266.54,3853525.84,230348643.50,265815650.29,496164293.79,40052.45,2.78142038,0.00070551,0.02257646,0.01411028,1.49724402,1.51135431,943346948.95,17.0502
1772,4.8515,1.6917,1.6917,3304.65,44326138.52,3853679.41,230380175.34,265824158.72,496204334.06,40040.27,2.78057443,0.00070540,0.02257276,0.01410798,1.49751120,1.51161918,943384989.22,17.0444
1773,4.8542,1.6914,1.6914,3310.93,44331009.80,3853832.95,230411697.20,265832664.95,496244362.15,40028.09,2.77972875,0.00070528,0.02256907,0.01410567,1.49777842,1.51188409,943423017.32,17.0387
1774,4.8569,1.6912,1.6912,3317.23,44335880.41,3853986.45,230443209.10,265841168.98,496284378.07,40015.92,2.77888335,0.00070517,0.02256537,0.01410336,1.49804567,1.51214902,943461033.24,17.0329
1775,4.8597,1.6909,1.6909,3323.53,44340750.33,3854139.92,230474711.02,265849670.81,496324381.82,40003.75,2.77803822,0.00070505,0.02256168,0.01410105,1.49831295,1.51241400,943499036.99,17.0271
1776,4.8624,1.6907,1.6907,3329.85,44345619.56,3854293.35,230506202.97,265858170.44,496364373.41,39991.58,2.77719337,0.00070494,0.02255799,0.01409874,1.49858026,1.51267900,943537028.57,17.0213
1777,4.8652,1.6905,1.6905,3336.18,44350488.11,3854446.73,230537684.96,265866667.88,496404352.83,39979.42,2.77634879,0.00070482,0.02255430,0.01409644,1.49884761,1.51294404,943575007.99,17.0156
1778,4.8679,1.6902,1.6902,3342.52,44355355.98,3854600.09,230569156.98,265875163.12,496444320.10,39967.26,2.77550449,0.00070471,0.02255061,0.01409413,1.49911499,1.51320912,943612975.26,17.0098
1779,4.8706,1.6900,1.6900,3348.87,44360223.16,3854753.40,230600619.05,265883656.16,496484275.21,39955.11,2.77466047,0.00070459,0.02254692,0.01409183,1.49938240,1.51347423,943650930.37,17.0041
1780,4.8734,1.6898,1.6898,3355.24,44365089.66,3854906.68,230632071.16,265892147.01,496524218.17,39942.96,2.77381672,0.00070448,0.02254323,0.01408952,1.49964985,1.51373937,943688873.33,16.9983
1781,4.8761,1.6895,1.6895,3361.62,44369955.48,3855059.92,230663513.32,265900635.66,496564148.98,39930.81,2.77297325,0.00070436,0.02253954,0.01408721,1.49991733,1.51400454,943726804.15,16.9925
1782,4.8789,1.6893,1.6893,3368.01,44374820.61,3855213.13,230694945.53,265909122.12,496604067.66,39918.67,2.77213004,0.00070425,0.02253586,0.01408491,1.50018484,1.51426975,943764722.82,16.9868
1783,4.8816,1.6890,1.6890,3374.41,44379685.06,3855366.30,230726367.80,265917606.39,496643974.19,39906.53,2.77128712,0.00070413,0.02253217,0.01408261,1.50045239,1.51453500,943802629.35,16.9810
1784,4.8843,1.6888,1.6888,3380.82,44384548.82,3855519.43,230757780.12,265926088.47,496683868.59,39894.40,2.77044447,0.00070402,0.02252849,0.01408030,1.50071997,1.51480027,943840523.75,16.9753
1785,4.8871,1.6886,1.6886,3387.25,44389411.90,3855672.52,230789182.50,265934568.36,496723750.86,39882.27,2.76960209,0.00070390,0.02252480,0.01407800,1.50098758,1.51506558,943878406.02,16.9695
1786,4.8898,1.6883,1.6883,3393.69,44394274.30,3855825.58,230820574.95,265943046.06,496763621.00,39870.14,2.76875999,0.00070378,0.02252112,0.01407570,1.50125523,1.51533093,943916276.17,16.9638
1787,4.8925,1.6881,1.6881,3400.14,44399136.02,3855978.60,230851957.46,265951521.57,496803479.03,39858.02,2.76791816,0.00070367,0.02251743,0.01407340,1.50152291,1.51559631,943954134.19,16.9580
1788,4.8953,1.6879,1.6879,3406.60,44403997.05,3856131.58,230883330.04,265959994.89,496843324.93,39845.90,2.76707661,0.00070355,0.02251375,0.01407109,1.50179062,1.51586172,943991980.09,16.9523
1789,4.8980,1.6876,1.6876,3413.08,44408857.40,3856284.52,230914692.70,265968466.02,496883158.72,39833.79,2.76623533,0.00070344,0.02251007,0.01406879,1.50205837,1.51612716,944029813.88,16.9466
1790,4.9008,1.6874,1.6874,3419.57,44413717.06,3856437.43,230946045.43,265976934.96,496922980.40,39821.68,2.76539433,0.00070332,0.02250639,0.01406649,1.50232615,1.51639264,944067635.56,16.9408
1791,4.9035,1.6871,1.6871,3426.07,44418576.04,3856590.31,230977388.24,265985401.72,496962789.97,39809.57,2.76455360,0.00070321,0.02250271,0.01406419,1.50259396,1.51665815,944105445.13,16.9351
1792,4.9062,1.6869,1.6869,3432.58,44423434.34,3856743.14,231008721.14,265993866.30,497002587.44,39797.47,2.76371314,0.00070309,0.02249903,0.01406189,1.50286181,1.51692370,944143242.60,16.9293
1793,4.9090,1.6867,1.6867,3439.10,44428291.96,3856895.94,231040044.12,266002328.69,497042372.81,39785.37,2.76287295,0.00070298,0.02249535,0.01405959,1.50312969,1.51718928,944181027.97,16.9236
1794,4.9117,1.6864,1.6864,3445.64,44433148.89,3857048.70,231071357.19,266010788.90,497082146.08,39773.28,2.76203304,0.00070286,0.02249167,0.01405729,1.50339760,1.51745489,944218801.25,16.9179
1795,4.9144,1.6862,1.6862,3452.19,44438005.14,3857201.43,231102660.35,266019246.92,497121907.27,39761.19,2.76119341,0.00070275,0.02248799,0.01405500,1.50366555,1.51772054,944256562.43,16.9122
1796,4.9172,1.6860,1.6860,3458.75,44442860.71,3857354.11,231133953.60,266027702.77,497161656.37,39749.10,2.76035405,0.00070263,0.02248432,0.01405270,1.50393353,1.51798622,944294311.53,16.9064
1797,4.9199,1.6857,1.6857,3465.33,44447715.60,3857506.76,231165236.95,266036156.43,497201393.38,39737.02,2.75951496,0.00070252,0.02248064,0.01405040,1.50420154,1.51825194,944332048.54,16.9007
1798,4.9227,1.6855,1.6855,3471.91,44452569.81,3857659.38,231196510.41,266044607.91,497241118.32,39724.94,2.75867614,0.00070241,0.02247697,0.01404810,1.50446958,1.51851769,944369773.48,16.8950
1799,4.9254,1.6853,1.6853,3478.51,44457423.33,3857811.96,231227773.97,266053057.21,497280831.18,39712.86,2.75783760,0.00070229,0.02247329,0.01404581,1.50473766,1.51878347,944407486.34,16.8893
1800,4.9281,1.6850,1.6850,3485.12,44462276.17,3857964.50,231259027.63,266061504.34,497320531.97,39700.79,2.75699933,0.00070218,0.02246962,0.01404351,1.50500577,1.51904928,944445187.13,16.8836
1801,4.9309,1.6848,1.6848,3491.75,44467128.33,3858117.00,231290271.41,266069949.28,497360220.69,39688.72,2.75616133,0.00070206,0.02246595,0.01404122,1.50527392,1.51931513,944482875.86,16.8778
1802,4.9336,1.6845,1.6845,3498.39,44471979.80,3858269.47,231321505.30,266078392.05,497399897.35,39676.66,2.75532361,0.00070195,0.02246227,0.01403892,1.50554210,1.51958102,944520552.52,16.8721
1803,4.9363,1.6843,1.6843,3505.04,44476830.60,3858421.90,231352729.31,266086832.64,497439561.95,39664.60,2.75448616,0.00070183,0.02245860,0.01403663,1.50581031,1.51984693,944558217.12,16.8664
1804,4.9391,1.6841,1.6841,3511.70,44481680.71,3858574.29,231383943.44,266095271.06,497479214.50,39652.55,2.75364898,0.00070172,0.02245493,0.01403433,1.50607855,1.52011288,944595869.66,16.8607
1805,4.9418,1.6838,1.6838,3518.37,44486530.14,3858726.65,231415147.69,266103707.30,497518854.99,39640.49,2.75281207,0.00070160,0.02245126,0.01403204,1.50634683,1.52037887,944633510.16,16.8550
1806,4.9446,1.6836,1.6836,3525.06,44491378.90,3858878.97,231446342.07,266112141.37,497558483.44,39628.45,2.75197544,0.00070149,0.02244759,0.01402975,1.50661514,1.52064489,944671138.60,16.8493
1807,4.9473,1.6834,1.6834,3531.76,44496226.96,3859031.25,231477526.57,266120573.27,497598099.84,39616.40,2.75113908,0.00070137,0.02244392,0.01402745,1.50688348,1.52091094,944708755.00,16.8436
1808,4.9500,1.6831,1.6831,3538.48,44501074.35,3859183.50,231508701.21,266129002.99,497637704.20,39604.36,2.75030299,0.00070126,0.02244026,0.01402516,1.50715186,1.52117702,944746359.37,16.8379
1809,4.9528,1.6829,1.6829,3545.20,44505921.06,3859335.71,231539865.99,266137430.54,497677296.53,39592.33,2.74946717,0.00070114,0.02243659,0.01402287,1.50742027,1.52144314,944783951.69,16.8322
1810,4.9555,1.6826,1.6826,3551.94,44510767.09,3859487.88,231571020.90,266145855.92,497716876.83,39580.30,2.74863163,0.00070103,0.02243292,0.01402058,1.50768872,1.52170929,944821531.99,16.8265
1811,4.9582,1.6824,1.6824,3558.69,44515612.43,3859640.02,231602165.96,266154279.14,497756445.10,39568.27,2.74779635,0.00070091,0.02242926,0.01401829,1.50795719,1.52197548,944859100.26,16.8208
1812,4.9610,1.6822,1.6822,3565.46,44520457.09,3859792.12,231633301.16,266162700.18,497796001.34,39556.24,2.74696135,0.00070080,0.02242559,0.01401600,1.50822570,1.52224170,944896656.50,16.8151
1813,4.9637,1.6819,1.6819,3572.23,44525301.08,3859944.18,231664426.51,266171119.05,497835545.56,39544.22,2.74612662,0.00070069,0.02242193,0.01401371,1.50849424,1.52250795,944934200.72,16.8095
1814,4.9665,1.6817,1.6817,3579.02,44530144.38,3860096.21,231695542.01,266179535.76,497875077.77,39532.21,2.74529217,0.00070057,0.02241827,0.01401142,1.50876282,1.52277424,944971732.93,16.8038
1815,4.9692,1.6815,1.6815,3585.83,44534987.00,3860248.20,231726647.66,266187950.30,497914597.96,39520.19,2.74445798,0.00070046,0.02241461,0.01400913,1.50903143,1.52304056,945009253.13,16.7981
1816,4.9719,1.6812,1.6812,3592.64,44539828.94,3860400.15,231757743.48,266196362.67,497954106.15,39508.19,2.74362407,0.00070034,0.02241094,0.01400684,1.50930007,1.52330691,945046761.31,16.7924
1817,4.9747,1.6810,1.6810,3599.47,44544670.20,3860552.07,231788829.45,266204772.88,497993602.33,39496.18,2.74279043,0.00070023,0.02240728,0.01400455,1.50956875,1.52357330,945084257.50,16.7867
1818,4.9774,1.6808,1.6808,3606.31,44549510.78,3860703.95,231819905.59,266213180.93,498033086.51,39484.18,2.74195705,0.00070011,0.02240362,0.01400226,1.50983745,1.52383972,945121741.68,16.7811
1819,4.9802,1.6805,1.6805,3613.17,44554350.68,3860855.79,231850971.89,266221586.81,498072558.70,39472.18,2.74112395,0.00070000,0.02239996,0.01399998,1.51010620,1.52410617,945159213.86,16.7754
1820,4.9829,1.6803,1.6803,3620.04,44559189.91,3861007.60,231882028.36,266229990.53,498112018.89,39460.19,2.74029113,0.00069988,0.02239630,0.01399769,1.51037497,1.52437266,945196674.05,16.7697
1821,4.9856,1.6800,1.6800,3626.92,44564028.45,3861159.37,231913075.01,266238392.09,498151467.09,39448.20,2.73945857,0.00069977,0.02239265,0.01399540,1.51064378,1.52463918,945234122.26,16.7640
1822,4.9884,1.6798,1.6798,3633.81,44568866.31,3861311.11,231944111.83,266246791.48,498190903.31,39436.22,2.73862628,0.00069966,0.02238899,0.01399312,1.51091262,1.52490574,945271558.48,16.7584
1823,4.9911,1.6796,1.6796,3640.72,44573703.49,3861462.81,231975138.83,266255188.72,498230327.55,39424.24,2.73779427,0.00069954,0.02238533,0.01399083,1.51118149,1.52517233,945308982.71,16.7527
1824,4.9938,1.6793,1.6793,3647.64,44578539.99,3861614.47,232006156.02,266263583.79,498269739.81,39412.26,2.73696252,0.00069943,0.02238168,0.01398855,1.51145040,1.52543895,945346394.97,16.7470
1825,4.9966,1.6791,1.6791,3654.57,44583375.81,3861766.09,232037163.39,266271976.71,498309140.10,39400.29,2.73613105,0.00069931,0.02237802,0.01398626,1.51171934,1.52570560,945383795.26,16.7414
1826,4.9993,1.6789,1.6789,3661.52,44588210.95,3861917.68,232068160.95,266280367.47,498348528.42,39388.32,2.73529984,0.00069920,0.02237437,0.01398398,1.51198831,1.52597229,945421183.58,16.7357
1827,5.0021,1.6786,1.6786,3668.48,44593045.41,3862069.23,232099148.70,266288756.07,498387904.77,39376.35,2.73446891,0.00069908,0.02237072,0.01398170,1.51225732,1.52623901,945458559.93,16.7301
1828,5.0048,1.6784,1.6784,3675.45,44597879.20,3862220.75,232130126.64,266297142.52,498427269.16,39364.39,2.73363824,0.00069897,0.02236706,0.01397941,1.51252636,1.52650577,945495924.32,16.7244
1829,5.0075,1.6782,1.6782,3682.44,44602712.30,3862372.23,232161094.78,266305526.81,498466621.59,39352.43,2.73280785,0.00069886,0.02236341,0.01397713,1.51279543,1.52677256,945533276.75,16.7188
1830,5.0103,1.6779,1.6779,3689.44,44607544.73,3862523.67,232192053.13,266313908.94,498505962.07,39340.48,2.73197773,0.00069874,0.02235976,0.01397485,1.51306453,1.52703938,945570617.23,16.7131
1831,5.0130,1.6777,1.6777,3696.45,44612376.47,3862675.08,232223001.67,266322288.93,498545290.60,39328.53,2.73114788,0.00069863,0.02235611,0.01397257,1.51333367,1.52730624,945607945.76,16.7075
1832,5.0157,1.6775,1.6775,3703.48,44617207.54,3862826.45,232253940.43,266330666.75,498584607.18,39316.58,2.73031829,0.00069851,0.02235246,0.01397029,1.51360284,1.52757313,945645262.35,16.7018
1833,5.0185,1.6772,1.6772,3710.52,44622037.93,3862977.78,232284869.39,266339042.43,498623911.83,39304.64,2.72948898,0.00069840,0.02234881,0.01396801,1.51387205,1.52784005,945682566.99,16.6962
1834,5.0212,1.6770,1.6770,3717.57,44626867.63,3863129.08,232315788.57,266347415.96,498663204.53,39292.70,2.72865994,0.00069829,0.02234516,0.01396573,1.51414128,1.52810701,945719859.69,16.6905
1835,5.0240,1.6767,1.6767,3724.64,44631696.66,3863280.34,232346697.97,266355787.33,498702485.30,39280.77,2.72783116,0.00069817,0.02234151,0.01396345,1.51441056,1.52837400,945757140.46,16.6849
1836,5.0267,1.6765,1.6765,3731.72,44636525.02,3863431.56,232377597.58,266364156.55,498741754.14,39268.84,2.72700266,0.00069806,0.02233787,0.01396117,1.51467986,1.52864103,945794409.30,16.6792
1837,5.0294,1.6763,1.6763,3738.81,44641352.69,3863582.75,232408487.42,266372523.63,498781011.05,39256.91,2.72617443,0.00069794,0.02233422,0.01395889,1.51494919,1.52890808,945831666.21,16.6736
1838,5.0322,1.6760,1.6760,3745.92,44646179.68,3863733.90,232439367.48,266380888.55,498820256.04,39244.99,2.72534646,0.00069783,0.02233058,0.01395661,1.51521856,1.52917517,945868911.20,16.6680
1839,5.0349,1.6758,1.6758,3753.04,44651006.00,3863885.02,232470237.78,266389251.33,498859489.11,39233.07,2.72451877,0.00069772,0.02232693,0.01395433,1.51548797,1.52944230,945906144.27,16.6623
1840,5.0376,1.6756,1.6756,3760.17,44655831.64,3864036.10,232501098.30,266397611.96,498898710.26,39221.16,2.72369134,0.00069760,0.02232329,0.01395206,1.51575740,1.52970946,945943365.42,16.6567
1841,5.0404,1.6753,1.6753,3767.32,44660656.60,3864187.14,232531949.06,266405970.45,498937919.51,39209.24,2.72286418,0.00069749,0.02231965,0.01394978,1.51602687,1.52997665,945980574.67,16.6511
1842,5.0431,1.6751,1.6751,3774.48,44665480.88,3864338.15,232562790.06,266414326.79,498977116.84,39197.34,2.72203729,0.00069738,0.02231600,0.01394750,1.51629637,1.53024387,946017772.01,16.6455
1843,5.0459,1.6749,1.6749,3781.66,44670304.49,3864489.12,232593621.30,266422680.98,499016302.28,39185.43,2.72121067,0.00069726,0.02231236,0.01394523,1.51656591,1.53051113,946054957.44,16.6398
1844,5.0486,1.6746,1.6746,3788.85,44675127.41,3864640.05,232624442.78,266431033.03,499055475.81,39173.53,2.72038432,0.00069715,0.02230872,0.01394295,1.51683547,1.53077842,946092130.97,16.6342
1845,5.0513,1.6744,1.6744,3796.05,44679949.66,3864790.95,232655254.51,266439382.94,499094637.45,39161.64,2.71955824,0.00069703,0.02230508,0.01394068,1.51710507,1.53104575,946129292.61,16.6286
1846,5.0541,1.6742,1.6742,3803.26,44684771.23,3864941.81,232686056.49,266447730.71,499133787.20,39149.75,2.71873243,0.00069692,0.02230144,0.01393840,1.51737471,1.53131311,946166442.36,16.6230
1847,5.0568,1.6739,1.6739,3810.49,44689592.13,3865092.64,232716848.72,266456076.33,499172925.06,39137.86,2.71790688,0.00069681,0.02229780,0.01393613,1.51764437,1.53158050,946203580.22,16.6174
1848,5.0595,1.6737,1.6737,3817.74,44694412.34,3865243.43,232747631.22,266464419.81,499212051.03,39125.98,2.71708161,0.00069669,0.02229417,0.01393385,1.51791407,1.53184793,946240706.19,16.6118
1849,5.0623,1.6735,1.6735,3824.99,44699231.88,3865394.18,232778403.97,266472761.16,499251165.13,39114.10,2.71625660,0.00069658,0.02229053,0.01393158,1.51818381,1.53211539,946277820.29,16.6062
1850,5.0650,1.6732,1.6732,3832.26,44704050.74,3865544.90,232809166.98,266481100.36,499290267.34,39102.22,2.71543186,0.00069647,0.02228689,0.01392931,1.51845357,1.53238288,946314922.51,16.6005
1851,5.0678,1.6730,1.6730,3839.55,44708868.93,3865695.58,232839920.26,266489437.43,499329357.69,39090.35,2.71460739,0.00069635,0.02228326,0.01392704,1.51872337,1.53265040,946352012.85,16.5949
1852,5.0705,1.6727,1.6727,3846.85,44713686.44,3865846.23,232870663.81,266497772.36,499368436.17,39078.48,2.71378319,0.00069624,0.02227962,0.01392476,1.51899320,1.53291796,946389091.33,16.5893
1853,5.0732,1.6725,1.6725,3854.16,44718503.27,3865996.83,232901397.63,266506105.15,499407502.78,39066.61,2.71295925,0.00069612,0.02227599,0.01392249,1.51926306,1.53318556,946426157.95,16.5837
1854,5.0760,1.6723,1.6723,3861.48,44723319.42,3866147.41,232932121.73,266514435.81,499446557.53,39054.75,2.71213558,0.00069601,0.02227235,0.01392022,1.51953296,1.53345318,946463212.70,16.5781
1855,5.0787,1.6720,1.6720,3868.82,44728134.90,3866297.94,232962836.10,266522764.33,499485600.43,39042.90,2.71131218,0.00069590,0.02226872,0.01391795,1.51980289,1.53372084,946500255.59,16.5725
1856,5.0815,1.6718,1.6718,3876.18,44732949.70,3866448.44,232993540.76,266531090.72,499524631.47,39031.04,2.71048905,0.00069578,0.02226509,0.01391568,1.52007285,1.53398853,946537286.64,16.5670
1857,5.0842,1.6716,1.6716,3883.55,44737763.82,3866598.91,233024235.70,266539414.97,499563650.67,39019.19,2.70966619,0.00069567,0.02226146,0.01391341,1.52034285,1.53425626,946574305.83,16.5614
1858,5.0869,1.6713,1.6713,3890.93,44742577.27,3866749.34,233054920.92,266547737.09,499602658.01,39007.35,2.70884359,0.00069556,0.02225783,0.01391114,1.52061288,1.53452402,946611313.18,16.5558
1859,5.0897,1.6711,1.6711,3898.32,44747390.04,3866899.73,233085596.44,266556057.08,499641653.52,38995.51,2.70802126,0.00069544,0.02225420,0.01390887,1.52088294,1.53479181,946648308.68,16.5502
1860,5.0924,1.6709,1.6709,3905.73,44752202.13,3867050.09,233116262.25,266564374.94,499680637.19,38983.67,2.70719920,0.00069533,0.02225057,0.01390661,1.52115303,1.53505964,946685292.35,16.5446
1861,5.0951,1.6706,1.6706,3913.16,44757013.55,3867200.41,233146918.36,266572690.66,499719609.02,38971.83,2.70637740,0.00069522,0.02224694,0.01390434,1.52142316,1.53532750,946722264.19,16.5390
1862,5.0979,1.6704,1.6704,3920.60,44761824.30,3867350.69,233177564.77,266581004.26,499758569.03,38960.00,2.70555588,0.00069510,0.02224331,0.01390207,1.52169332,1.53559539,946759224.19,16.5334
1863,5.1006,1.6702,1.6702,3928.05,44766634.36,3867500.94,233208201.48,266589315.73,499797517.21,38948.18,2.70473461,0.00069499,0.02223969,0.01389980,1.52196352,1.53586332,946796172.37,16.5278
1864,5.1034,1.6699,1.6699,3935.52,44771443.75,3867651.15,233238828.49,266597625.07,499836453.56,38936.36,2.70391362,0.00069488,0.02223606,0.01389754,1.52223374,1.53613128,946833108.72,16.5223
1865,5.1061,1.6697,1.6697,3943.00,44776252.47,3867801.33,233269445.82,266605932.28,499875378.10,38924.54,2.70309289,0.00069476,0.02223244,0.01389527,1.52250400,1.53639927,946870033.26,16.5167
1866,5.1088,1.6695,1.6695,3950.49,44781060.51,3867951.47,233300053.46,266614237.36,499914290.82,38912.72,2.70227243,0.00069465,0.02222881,0.01389301,1.52277429,1.53666730,946906945.99,16.5111
1867,5.1116,1.6692,1.6692,3958.00,44785867.87,3868101.57,233330651.41,266622540.32,499953191.73,38900.91,2.70145224,0.00069454,0.02222519,0.01389074,1.52304462,1.53693536,946943846.90,16.5056
1868,5.1143,1.6690,1.6690,3965.52,44790674.56,3868251.64,233361239.68,266630841.16,499992080.84,38889.11,2.70063231,0.00069442,0.02222156,0.01388848,1.52331498,1.53720345,946980736.00,16.5000
1869,5.1170,1.6688,1.6688,3973.06,44795480.57,3868401.67,233391818.27,266639139.87,500030958.14,38877.30,2.69981265,0.00069431,0.02221794,0.01388621,1.52358537,1.53747158,947017613.31,16.4944
1870,5.1198,1.6685,1.6685,3980.61,44800285.91,3868551.67,233422387.19,266647436.46,500069823.65,38865.50,2.69899326,0.00069420,0.02221432,0.01388395,1.52385579,1.53773974,947054478.81,16.4889
1871,5.1225,1.6683,1.6683,3988.18,44805090.57,3868701.63,233452946.43,266655730.92,500108677.35,38853.71,2.69817413,0.00069408,0.02221070,0.01388169,1.52412625,1.53800794,947091332.52,16.4833
1872,5.1253,1.6681,1.6681,3995.76,44809894.55,3868851.55,233483496.01,266664023.26,500147519.27,38841.92,2.69735527,0.00069397,0.02220708,0.01387942,1.52439674,1.53827616,947128174.43,16.4777
1873,5.1280,1.6678,1.6678,4003.36,44814697.87,3869001.44,233514035.91,266672313.48,500186349.40,38830.13,2.69653667,0.00069386,0.02220346,0.01387716,1.52466726,1.53854442,947165004.56,16.4722
1874,5.1307,1.6676,1.6676,4010.97,44819500.50,3869151.30,233544566.16,266680601.58,500225167.74,38818.34,2.69571834,0.00069375,0.02219984,0.01387490,1.52493782,1.53881272,947201822.90,16.4666
1875,5.1335,1.6673,1.6673,4018.59,44824302.46,3869301.11,233575086.74,266688887.56,500263974.30,38806.56,2.69490028,0.00069363,0.02219622,0.01387264,1.52520840,1.53908104,947238629.47,16.4611
1876,5.1362,1.6671,1.6671,4026.23,44829103.75,3869450.89,233605597.67,266697171.42,500302769.09,38794.79,2.69408248,0.00069352,0.02219261,0.01387038,1.52547902,1.53934940,947275424.26,16.4555
1877,5.1389,1.6669,1.6669,4033.88,44833904.36,3869600.64,233636098.94,266705453.17,500341552.11,38783.02,2.69326495,0.00069341,0.02218899,0.01386812,1.52574968,1.53961780,947312207.27,16.4500
1878,5.1417,1.6666,1.6666,4041.55,44838704.30,3869750.35,233666590.56,266713732.79,500380323.35,38771.25,2.69244768,0.00069329,0.02218537,0.01386586,1.52602037,1.53988622,947348978.52,16.4444
1879,5.1444,1.6664,1.6664,4049.23,44843503.56,3869900.02,233697072.53,266722010.30,500419082.84,38759.48,2.69163068,0.00069318,0.02218176,0.01386360,1.52629108,1.54015468,947385738.00,16.4389
1880,5.1472,1.6662,1.6662,4056.93,44848302.15,3870049.66,233727544.86,266730285.70,500457830.56,38747.72,2.69081394,0.00069307,0.02217814,0.01386134,1.52656184,1.54042318,947422485.72,16.4333
1881,5.1499,1.6659,1.6659,4064.64,44853100.07,3870199.26,233758007.54,266738558.98,500496566.52,38735.96,2.68999747,0.00069295,0.02217453,0.01385908,1.52683262,1.54069170,947459221.68,16.4278
1882,5.1526,1.6657,1.6657,4072.37,44857897.31,3870348.83,233788460.59,266746830.14,500535290.73,38724.21,2.68918127,0.00069284,0.02217092,0.01385682,1.52710344,1.54096026,947495945.89,16.4222
1883,5.1554,1.6655,1.6655,4080.11,44862693.87,3870498.36,233818904.00,266755099.19,500574003.19,38712.46,2.68836532,0.00069273,0.02216731,0.01385457,1.52737429,1.54122886,947532658.35,16.4167
1884,5.1581,1.6652,1.6652,4087.86,44867489.76,3870647.86,233849337.78,266763366.13,500612703.91,38700.71,2.68754965,0.00069262,0.02216369,0.01385231,1.52764518,1.54149748,947569359.07,16.4112
1885,5.1608,1.6650,1.6650,4095.63,44872284.98,3870797.32,233879761.93,266771630.95,500651392.88,38688.97,2.68673424,0.00069250,0.02216008,0.01385005,1.52791609,1.54176614,947606048.04,16.4056
1886,5.1636,1.6648,1.6648,4103.42,44877079.53,3870946.74,233910176.45,266779893.67,500690070.11,38677.23,2.68591909,0.00069239,0.02215647,0.01384780,1.52818704,1.54203484,947642725.28,16.4001
1887,5.1663,1.6645,1.6645,4111.22,44881873.40,3871096.13,233940581.34,266788154.27,500728735.61,38665.50,2.68510421,0.00069228,0.02215286,0.01384554,1.52845802,1.54230356,947679390.78,16.3946
1888,5.1691,1.6643,1.6643,4119.03,44886666.60,3871245.48,233970976.62,266796412.77,500767389.39,38653.77,2.68428960,0.00069216,0.02214926,0.01384329,1.52872904,1.54257232,947716044.55,16.3891
1889,5.1718,1.6641,1.6641,4126.86,44891459.12,3871394.79,234001362.28,266804669.15,500806031.43,38642.04,2.68347524,0.00069205,0.02214565,0.01384103,1.52900009,1.54284112,947752686.59,16.3835
1890,5.1745,1.6638,1.6638,4134.71,44896250.97,3871544.08,234031738.32,266812923.43,500844661.75,38630.32,2.68266116,0.00069194,0.02214204,0.01383878,1.52927117,1.54310994,947789316.91,16.3780
1891,5.1773,1.6636,1.6636,4142.57,44901042.15,3871693.32,234062104.75,266821175.60,500883280.35,38618.60,2.68184733,0.00069183,0.02213844,0.01383652,1.52954228,1.54337880,947825935.51,16.3725
1892,5.1800,1.6634,1.6634,4150.44,44905832.65,3871842.53,234092461.57,266829425.66,500921887.24,38606.89,2.68103378,0.00069171,0.02213483,0.01383427,1.52981343,1.54364770,947862542.40,16.3670
1893,5.1828,1.6631,1.6631,4158.33,44910622.48,3871991.70,234122808.79,266837673.62,500960482.41,38595.17,2.68022048,0.00069160,0.02213123,0.01383202,1.53008461,1.54391662,947899137.57,16.3615
1894,5.1855,1.6629,1.6629,4166.24,44915411.64,3872140.84,234153146.41,266845919.47,500999065.88,38583.47,2.67940745,0.00069149,0.02212762,0.01382976,1.53035582,1.54418558,947935721.04,16.3559
1895,5.1882,1.6627,1.6627,4174.16,44920200.12,3872289.94,234183474.42,266854163.22,501037637.64,38571.76,2.67859469,0.00069138,0.02212402,0.01382751,1.53062706,1.54445458,947972292.81,16.3504
1896,5.1910,1.6624,1.6624,4182.09,44924987.93,3872439.01,234213792.84,266862404.87,501076197.71,38560.06,2.67778218,0.00069126,0.02212042,0.01382526,1.53089834,1.54472360,948008852.87,16.3449
1897,5.1937,1.6622,1.6622,4190.04,44929775.07,3872588.04,234244101.67,266870644.41,501114746.07,38548.37,2.67696994,0.00069115,0.02211681,0.01382301,1.53116965,1.54499266,948045401.24,16.3394
1898,5.1964,1.6620,1.6620,4198.00,44934561.54,3872737.04,234274400.90,266878881.85,501153282.75,38536.67,2.67615797,0.00069104,0.02211321,0.01382076,1.53144100,1.54526175,948081937.91,16.3339
1899,5.1992,1.6617,1.6617,4205.98,44939347.33,3872886.00,234304690.55,266887117.18,501191807.73,38524.99,2.67534626,0.00069093,0.02210961,0.01381851,1.53171237,1.54553088,948118462.90,16.3284
1900,5.2019,1.6615,1.6615,4213.98,44944132.45,3873034.92,234334970.61,266895350.42,501230321.04,38513.30,2.67453481,0.00069081,0.02210601,0.01381626,1.53198378,1.54580004,948154976.20,16.3229
1901,5.2047,1.6613,1.6613,4221.99,44948916.90,3873183.81,234365241.10,266903581.56,501268822.66,38501.62,2.67372363,0.00069070,0.02210241,0.01381401,1.53225522,1.54606923,948191477.82,16.3174
1902,5.2074,1.6610,1.6610,4230.01,44953700.68,3873332.67,234395502.00,266911810.60,501307312.60,38489.94,2.67291271,0.00069059,0.02209882,0.01381176,1.53252670,1.54633846,948227967.76,16.3119
1903,5.2101,1.6608,1.6608,4238.05,44958483.78,3873481.48,234425753.33,266920037.54,501345790.87,38478.27,2.67210205,0.00069048,0.02209522,0.01380951,1.53279820,1.54660771,948264446.03,16.3064
1904,5.2129,1.6606,1.6606,4246.11,44963266.21,3873630.27,234455995.09,266928262.38,501384257.47,38466.60,2.67129165,0.00069036,0.02209162,0.01380726,1.53306974,1.54687701,948300912.63,16.3009
1905,5.2156,1.6603,1.6603,4254.18,44968047.97,3873779.01,234486227.27,266936485.13,501422712.40,38454.93,2.67048152,0.00069025,0.02208803,0.01380502,1.53334132,1.54714633,948337367.56,16.2954
1906,5.2183,1.6601,1.6601,4262.27,44972829.06,3873927.72,234516449.90,266944705.78,501461155.67,38443.27,2.66967165,0.00069014,0.02208443,0.01380277,1.53361292,1.54741569,948373810.84,16.2899
1907,5.2211,1.6599,1.6599,4270.37,44977609.47,3874076.40,234546662.95,266952924.33,501499587.29,38431.61,2.66886205,0.00069003,0.02208084,0.01380052,1.53388456,1.54768508,948410242.45,16.2845
1908,5.2238,1.6596,1.6596,4278.49,44982389.22,3874225.04,234576866.45,266961140.79,501538007.25,38419.96,2.66805271,0.00068991,0.02207724,0.01379828,1.53415623,1.54795451,948446662.41,16.2790
1909,5.2266,1.6594,1.6594,4286.62,44987168.29,3874373.65,234607060.39,266969355.16,501576415.55,38408.31,2.66724363,0.00068980,0.02207365,0.01379603,1.53442794,1.54822397,948483070.72,16.2735
1910,5.2293,1.6592,1.6592,4294.77,44991946.69,3874522.22,234637244.78,266977567.43,501614812.22,38396.66,2.66643481,0.00068969,0.02207006,0.01379379,1.53469967,1.54849346,948519467.38,16.2680
1911,5.2320,1.6589,1.6589,4302.93,44996724.42,3874670.75,234667419.62,266985777.62,501653197.23,38385.02,2.66562625,0.00068958,0.02206646,0.01379154,1.53497144,1.54876298,948555852.40,16.2625
1912,5.2348,1.6587,1.6587,4311.11,45001501.48,3874819.25,234697584.91,266993985.71,501691570.61,38373.38,2.66481796,0.00068946,0.02206287,0.01378930,1.53524324,1.54903254,948592225.78,16.2571
1913,5.2375,1.6585,1.6585,4319.31,45006277.87,3874967.71,234727740.65,267002191.71,501729932.36,38361.74,2.66400993,0.00068935,0.02205928,0.01378705,1.53551508,1.54930213,948628587.52,16.2516
1914,5.2402,1.6582,1.6582,4327.52,45011053.58,3875116.14,234757886.85,267010395.62,501768282.47,38350.11,2.66320216,0.00068924,0.02205569,0.01378481,1.53578695,1.54957175,948664937.63,16.2461
1915,5.2430,1.6580,1.6580,4335.74,45015828.63,3875264.53,234788023.51,267018597.44,501806620.95,38338.48,2.66239466,0.00068913,0.02205211,0.01378257,1.53605885,1.54984141,948701276.11,16.2406
1916,5.2457,1.6578,1.6578,4343.98,45020603.00,3875412.89,234818150.64,267026797.17,501844947.81,38326.86,2.66158741,0.00068902,0.02204852,0.01378032,1.53633078,1.55011110,948737602.97,16.2352
1917,5.2485,1.6575,1.6575,4352.24,45025376.70,3875561.21,234848268.23,267034994.81,501883263.05,38315.24,2.66078043,0.00068890,0.02204493,0.01377808,1.53660274,1.55038083,948773918.21,16.2297
1918,5.2512,1.6573,1.6573,4360.51,45030149.74,3875709.50,234878376.30,267043190.37,501921566.67,38303.62,2.65997371,0.00068879,0.02204134,0.01377584,1.53687474,1.55065058,948810221.83,16.2242
1919,5.2539,1.6571,1.6571,4368.80,45034922.10,3875857.75,234908474.83,267051383.84,501959858.68,38292.01,2.65916725,0.00068868,0.02203776,0.01377360,1.53714677,1.55092037,948846513.84,16.2188
1920,5.2567,1.6568,1.6568,4377.11,45039693.79,3876005.97,234938563.85,267059575.23,501998139.08,38280.40,2.65836106,0.00068857,0.02203417,0.01377136,1.53741884,1.55119020,948882794.24,16.2133
1921,5.2594,1.6566,1.6566,4385.43,45044464.81,3876154.15,234968643.34,267067764.53,502036407.87,38268.79,2.65755512,0.00068846,0.02203059,0.01376912,1.53769094,1.55146005,948919063.03,16.2079
1922,5.2621,1.6564,1.6564,4393.76,45049235.16,3876302.29,234998713.32,267075951.75,502074665.06,38257.19,2.65674945,0.00068834,0.02202700,0.01376688,1.53796307,1.55172994,948955320.22,16.2024
1923,5.2649,1.6561,1.6561,4402.11,45054004.84,3876450.40,235028773.78,267084136.88,502112910.66,38245.59,2.65594404,0.00068823,0.02202342,0.01376464,1.53823523,1.55199987,948991565.82,16.1970
1924,5.2676,1.6559,1.6559,4410.48,45058773.85,3876598.48,235058824.72,267092319.93,502151144.66,38234.00,2.65513889,0.00068812,0.02201984,0.01376240,1.53850742,1.55226982,949027799.82,16.1915
1925,5.2704,1.6557,1.6557,4418.87,45063542.19,3876746.52,235088866.16,267100500.90,502189367.07,38222.41,2.65433400,0.00068801,0.02201626,0.01376016,1.53877965,1.55253981,949064022.23,16.1861
1926,5.2731,1.6554,1.6554,4427.26,45068309.85,3876894.52,235118898.10,267108679.79,502227577.89,38210.82,2.65352937,0.00068790,0.02201268,0.01375792,1.53905191,1.55280983,949100233.05,16.1806
1927,5.2758,1.6552,1.6552,4435.68,45073076.85,3877042.49,235148920.53,267116856.60,502265777.13,38199.24,2.65272500,0.00068778,0.02200910,0.01375569,1.53932420,1.55307989,949136432.29,16.1752
1928,5.2786,1.6550,1.6550,4444.11,45077843.18,3877190.42,235178933.46,267125031.33,502303964.79,38187.66,2.65192089,0.00068767,0.02200552,0.01375345,1.53959653,1.55334998,949172619.95,16.1697
1929,5.2813,1.6547,1.6547,4452.56,45082608.84,3877338.32,235208936.89,267133203.98,502342140.87,38176.09,2.65111705,0.00068756,0.02200194,0.01375121,1.53986889,1.55362010,949208796.04,16.1643
1930,5.2841,1.6545,1.6545,4461.02,45087373.83,3877486.19,235238930.83,267141374.56,502380305.39,38164.51,2.65031346,0.00068745,0.02199836,0.01374898,1.54014128,1.55389026,949244960.55,16.1588
1931,5.2868,1.6543,1.6543,4469.50,45092138.15,3877634.01,235268915.28,267149543.05,502418458.33,38152.95,2.64951014,0.00068734,0.02199478,0.01374674,1.54041370,1.55416044,949281113.50,16.1534
1932,5.2895,1.6540,1.6540,4478.00,45096901.80,3877781.81,235298890.25,267157709.47,502456599.72,38141.38,2.64870708,0.00068723,0.02199121,0.01374451,1.54068616,1.55443066,949317254.88,16.1480
1933,5.2923,1.6538,1.6538,4486.51,45101664.78,3877929.56,235328855.72,267165873.82,502494729.54,38129.82,2.64790427,0.00068711,0.02198763,0.01374227,1.54095865,1.55470092,949353384.70,16.1425
1934,5.2950,1.6536,1.6536,4495.04,45106427.10,3878077.29,235358811.72,267174036.08,502532847.80,38118.26,2.64710173,0.00068700,0.02198406,0.01374004,1.54123117,1.55497121,949389502.97,16.1371
1935,5.2977,1.6533,1.6533,4503.58,45111188.74,3878224.98,235388758.24,267182196.28,502570954.52,38106.71,2.64629945,0.00068689,0.02198048,0.01373780,1.54150373,1.55524153,949425609.68,16.1317
1936,5.3005,1.6531,1.6531,4512.14,45115949.71,3878372.63,235418695.28,267190354.40,502609049.68,38095.16,2.64549743,0.00068678,0.02197691,0.01373557,1.54177631,1.55551188,949461704.84,16.1263
1937,5.3032,1.6529,1.6529,4520.72,45120710.02,3878520.24,235448622.85,267198510.45,502647133.30,38083.62,2.64469566,0.00068667,0.02197334,0.01373334,1.54204893,1.55578227,949497788.46,16.1208
1938,5.3060,1.6527,1.6527,4529.31,45125469.65,3878667.83,235478540.94,267206664.43,502685205.37,38072.08,2.64389416,0.00068656,0.02196977,0.01373110,1.54232159,1.55605269,949533860.53,16.1154
1939,5.3087,1.6524,1.6524,4537.92,45130228.62,3878815.37,235508449.58,267214816.33,502723265.91,38060.54,2.64309292,0.00068644,0.02196619,0.01372887,1.54259427,1.55632314,949569921.07,16.1100
1940,5.3114,1.6522,1.6522,4546.55,45134986.92,3878962.89,235538348.74,267222966.17,502761314.91,38049.00,2.64229194,0.00068633,0.02196262,0.01372664,1.54286699,1.55659363,949605970.08,16.1046
1941,5.3142,1.6520,1.6520,4555.19,45139744.55,3879110.36,235568238.45,267231113.93,502799352.39,38037.47,2.64149121,0.00068622,0.02195905,0.01372441,1.54313974,1.55686415,949642007.55,16.0992
1942,5.3169,1.6517,1.6517,4563.85,45144501.51,3879257.81,235598118.70,267239259.63,502837378.33,38025.95,2.64069075,0.00068611,0.02195548,0.01372218,1.54341252,1.55713470,949678033.50,16.0937
1943,5.3196,1.6515,1.6515,4572.52,45149257.80,3879405.21,235627989.50,267247403.26,502875392.76,38014.42,2.63989055,0.00068600,0.02195192,0.01371995,1.54368534,1.55740529,949714047.92,16.0883
1944,5.3224,1.6513,1.6513,4581.22,45154013.43,3879552.58,235657850.84,267255544.82,502913395.66,38002.90,2.63909060,0.00068589,0.02194835,0.01371772,1.54395819,1.55767591,949750050.83,16.0829
1945,5.3251,1.6510,1.6510,4589.92,45158768.38,3879699.92,235687702.74,267263684.32,502951387.05,37991.39,2.63829092,0.00068577,0.02194478,0.01371549,1.54423107,1.55794656,949786042.21,16.0775
1946,5.3279,1.6508,1.6508,4598.65,45163522.67,3879847.22,235717545.18,267271821.75,502989366.93,37979.88,2.63749149,0.00068566,0.02194121,0.01371326,1.54450398,1.55821724,949822022.09,16.0721
1947,5.3306,1.6506,1.6506,4607.39,45168276.29,3879994.49,235747378.19,267279957.11,503027335.30,37968.37,2.63669233,0.00068555,0.02193765,0.01371103,1.54477693,1.55848796,949857990.46,16.0667
1948,5.3333,1.6503,1.6503,4616.15,45173029.24,3880141.72,235777201.76,267288090.41,503065292.16,37956.87,2.63589342,0.00068544,0.02193408,0.01370880,1.54504991,1.55875871,949893947.33,16.0613
1949,5.3361,1.6501,1.6501,4624.92,45177781.52,3880288.92,235807015.89,267296221.64,503103237.53,37945.36,2.63509477,0.00068533,0.02193052,0.01370657,1.54532292,1.55902950,949929892.69,16.0559
1950,5.3388,1.6499,1.6499,4633.71,45182533.14,3880436.08,235836820.58,267304350.82,503141171.40,37933.87,2.63429638,0.00068522,0.02192696,0.01370435,1.54559597,1.55930032,949965826.56,16.0505
1951,5.3415,1.6496,1.6496,4642.52,45187284.09,3880583.21,235866615.85,267312477.93,503179093.77,37922.37,2.63349825,0.00068511,0.02192339,0.01370212,1.54586905,1.55957117,950001748.93,16.0451
1952,5.3443,1.6494,1.6494,4651.35,45192034.37,3880730.30,235896401.68,267320602.97,503217004.66,37910.89,2.63270038,0.00068499,0.02191983,0.01369989,1.54614216,1.55984205,950037659.82,16.0397
1953,5.3470,1.6492,1.6492,4660.19,45196783.98,3880877.36,235926178.09,267328725.96,503254904.06,37899.40,2.63190277,0.00068488,0.02191627,0.01369767,1.54641530,1.56011297,950073559.22,16.0343
1954,5.3498,1.6489,1.6489,4669.05,45201532.93,3881024.38,235955945.08,267336846.89,503292791.97,37887.92,2.63110541,0.00068477,0.02191271,0.01369544,1.54668847,1.56038392,950109447.14,16.0289
1955,5.3525,1.6487,1.6487,4677.92,45206281.21,3881171.37,235985702.66,267344965.76,503330668.41,37876.44,2.63030832,0.00068466,0.02190915,0.01369322,1.54696168,1.56065490,950145323.58,16.0236
1956,5.3552,1.6485,1.6485,4686.81,45211028.82,3881318.32,236015450.81,267353082.57,503368533.38,37864.97,2.62951148,0.00068455,0.02190559,0.01369099,1.54723492,1.56092592,950181188.54,16.0182
1957,5.3580,1.6482,1.6482,4695.72,45215775.76,3881465.24,236045189.55,267361197.32,503406386.87,37853.49,2.62871490,0.00068444,0.02190203,0.01368877,1.54750820,1.56119697,950217042.04,16.0128
1958,5.3607,1.6480,1.6480,4704.65,45220522.04,3881612.12,236074918.88,267369310.02,503444228.90,37842.03,2.62791858,0.00068433,0.02189848,0.01368655,1.54778150,1.56146805,950252884.06,16.0074
1959,5.3634,1.6478,1.6478,4713.59,45225267.65,3881758.97,236104638.81,267377420.66,503482059.47,37830.56,2.62712252,0.00068422,0.02189492,0.01368432,1.54805484,1.56173917,950288714.63,16.0020
1960,5.3662,1.6475,1.6475,4722.55,45230012.59,3881905.78,236134349.33,267385529.24,503519878.57,37819.10,2.62632671,0.00068411,0.02189136,0.01368210,1.54832821,1.56201031,950324533.73,15.9967
1961,5.3689,1.6473,1.6473,4731.53,45234756.87,3882052.56,236164050.45,267393635.77,503557686.22,37807.65,2.62553116,0.00068399,0.02188781,0.01367988,1.54860162,1.56228150,950360341.38,15.9913
1962,5.3717,1.6471,1.6471,4740.52,45239500.48,3882199.30,236193742.17,267401740.24,503595482.42,37796.20,2.62473587,0.00068388,0.02188425,0.01367766,1.54887505,1.56255271,950396137.58,15.9859
1963,5.3744,1.6469,1.6469,4749.53,45244243.42,3882346.01,236223424.50,267409842.66,503633267.16,37784.75,2.62394084,0.00068377,0.02188070,0.01367544,1.54914852,1.56282396,950431922.33,15.9805
1964,5.3771,1.6466,1.6466,4758.56,45248985.70,3882492.68,236253097.44,267417943.03,503671040.47,37773.30,2.62314607,0.00068366,0.02187714,0.01367322,1.54942202,1.56309524,950467695.63,15.9752
1965,5.3799,1.6464,1.6464,4767.61,45253727.31,3882639.32,236282760.98,267426041.35,503708802.33,37761.86,2.62235155,0.00068355,0.02187359,0.01367099,1.54969556,1.56336655,950503457.49,15.9698
1966,5.3826,1.6462,1.6462,4776.67,45258468.26,3882785.92,236312415.14,267434137.61,503746552.75,37750.43,2.62155729,0.00068344,0.02187004,0.01366877,1.54996913,1.56363790,950539207.92,15.9644
1967,5.3854,1.6459,1.6459,4785.75,45263208.53,3882932.49,236342059.92,267442231.83,503784291.75,37738.99,2.62076329,0.00068333,0.02186649,0.01366656,1.55024273,1.56390928,950574946.91,15.9591
1968,5.3881,1.6457,1.6457,4794.85,45267948.15,3883079.03,236371695.31,267450324.00,503822019.31,37727.56,2.61996955,0.00068322,0.02186294,0.01366434,1.55051636,1.56418069,950610674.47,15.9537
1969,5.3908,1.6455,1.6455,4803.96,45272687.09,3883225.53,236401321.33,267458414.11,503859735.44,37716.14,2.61917606,0.00068311,0.02185939,0.01366212,1.55079002,1.56445214,950646390.61,15.9484
1970,5.3936,1.6452,1.6452,4813.09,45277425.37,3883371.99,236430937.98,267466502.18,503897440.16,37704.71,2.61838283,0.00068299,0.02185584,0.01365990,1.55106372,1.56472362,950682095.32,15.9430
1971,5.3963,1.6450,1.6450,4822.24,45282162.99,3883518.42,236460545.25,267474588.20,503935133.45,37693.29,2.61758986,0.00068288,0.02185229,0.01365768,1.55133745,1.56499513,950717788.61,15.9376
1972,5.3990,1.6448,1.6448,4831.41,45286899.93,3883664.82,236490143.15,267482672.18,503972815.33,37681.88,2.61679714,0.00068277,0.02184874,0.01365546,1.55161121,1.56526668,950753470.49,15.9323
1973,5.4018,1.6445,1.6445,4840.59,45291636.22,3883811.18,236519731.69,267490754.10,504010485.80,37670.47,2.61600468,0.00068266,0.02184520,0.01365325,1.55188501,1.56553826,950789140.96,15.9269
1974,5.4045,1.6443,1.6443,4849.79,45296371.83,3883957.51,236549310.87,267498833.99,504048144.86,37659.06,2.61521248,0.00068255,0.02184165,0.01365103,1.55215884,1.56580987,950824800.02,15.9216
1975,5.4073,1.6441,1.6441,4859.01,45301106.79,3884103.80,236578880.69,267506911.82,504085792.51,37647.66,2.61442053,0.00068244,0.02183810,0.01364882,1.55243270,1.56608151,950860447.67,15.9163
1976,5.4100,1.6438,1.6438,4868.25,45305841.07,3884250.05,236608441.15,267514987.62,504123428.77,37636.26,2.61362884,0.00068233,0.02183456,0.01364660,1.55270659,1.56635319,950896083.93,15.9109
1977,5.4127,1.6436,1.6436,4877.50,45310574.69,3884396.28,236637992.25,267523061.37,504161053.63,37624.86,2.61283741,0.00068222,0.02183102,0.01364439,1.55298052,1.56662490,950931708.79,15.9056
1978,5.4155,1.6434,1.6434,4886.77,45315307.65,3884542.46,236667534.01,267531133.08,504198667.09,37613.47,2.61204623,0.00068211,0.02182747,0.01364217,1.55325447,1.56689665,950967322.25,15.9002
1979,5.4182,1.6432,1.6432,4896.06,45320039.94,3884688.62,236697066.42,267539202.75,504236269.17,37602.08,2.61125531,0.00068200,0.02182393,0.01363996,1.55352847,1.56716842,951002924.33,15.8949
1980,5.4209,1.6429,1.6429,4905.37,45324771.57,3884834.74,236726589.48,267547270.37,504273859.86,37590.69,2.61046465,0.00068189,0.02182039,0.01363774,1.55380249,1.56744023,951038515.02,15.8896
1981,5.4237,1.6427,1.6427,4914.69,45329502.53,3884980.82,236756103.21,267555335.96,504311439.17,37579.31,2.60967424,0.00068178,0.02181685,0.01363553,1.55407655,1.56771208,951074094.33,15.8842
1982,5.4264,1.6425,1.6425,4924.03,45334232.82,3885126.87,236785607.59,267563399.51,504349007.10,37567.93,2.60888409,0.00068167,0.02181331,0.01363332,1.55435063,1.56798395,951109662.26,15.8789
1983,5.4292,1.6422,1.6422,4933.39,45338962.46,3885272.88,236815102.64,267571461.02,504386563.66,37556.56,2.60809419,0.00068156,0.02180977,0.01363110,1.55462476,1.56825586,951145218.82,15.8736
1984,5.4319,1.6420,1.6420,4942.77,45343691.42,3885418.86,236844588.35,267579520.49,504424108.84,37545.19,2.60730455,0.00068144,0.02180623,0.01362889,1.55489891,1.56852780,951180764.00,15.8682
1985,5.4346,1.6418,1.6418,4952.17,45348419.73,3885564.81,236874064.74,267587577.92,504461642.66,37533.82,2.60651517,0.00068133,0.02180269,0.01362668,1.55517310,1.56879978,951216297.82,15.8629
1986,5.4374,1.6415,1.6415,4961.58,45353147.36,3885710.72,236903531.80,267595633.32,504499165.11,37522.45,2.60572604,0.00068122,0.02179915,0.01362447,1.55544732,1.56907179,951251820.28,15.8576
1987,5.4401,1.6413,1.6413,4971.01,45357874.34,3885856.60,236932989.53,267603686.68,504536676.21,37511.10,2.60493717,0.00068111,0.02179562,0.01362226,1.55572157,1.56934383,951287331.37,15.8523
1988,5.4428,1.6411,1.6411,4980.46,45362600.65,3886002.44,236962437.94,267611738.00,504574175.95,37499.74,2.60414855,0.00068100,0.02179208,0.01362005,1.55599585,1.56961590,951322831.11,15.8469
1989,5.4456,1.6408,1.6408,4989.93,45367326.29,3886148.24,236991877.04,267619787.30,504611664.33,37488.39,2.60336018,0.00068089,0.02178854,0.01361784,1.55627017,1.56988801,951358319.50,15.8416
1990,5.4483,1.6406,1.6406,4999.41,45372051.27,3886294.02,237021306.82,267627834.55,504649141.37,37477.04,2.60257208,0.00068078,0.02178501,0.01361563,1.55654452,1.57016015,951393796.54,15.8363
1991,5.4511,1.6404,1.6404,5008.91,45376775.59,3886439.76,237050727.29,267635879.78,504686607.07,37465.69,2.60178423,0.00068067,0.02178147,0.01361342,1.55681890,1.57043232,951429262.23,15.8310
1992,5.4538,1.6402,1.6402,5018.44,45381499.24,3886585.46,237080138.45,267643922.97,504724061.42,37454.35,2.60099663,0.00068056,0.02177794,0.01361121,1.55709331,1.57070453,951464716.58,15.8257
1993,5.4565,1.6399,1.6399,5027.97,45386222.23,3886731.13,237109540.30,267651964.13,504761504.43,37443.01,2.60020929,0.00068045,0.02177441,0.01360901,1.55736776,1.57097677,951500159.59,15.8204
1994,5.4593,1.6397,1.6397,5037.53,45390944.56,3886876.76,237138932.85,267660003.26,504798936.11,37431.68,2.59942220,0.00068034,0.02177088,0.01360680,1.55764224,1.57124904,951535591.27,15.8151
1995,5.4620,1.6395,1.6395,5047.11,45395666.22,3887022.36,237168316.09,267668040.37,504836356.46,37420.35,2.59863537,0.00068023,0.02176735,0.01360459,1.55791675,1.57152135,951571011.62,15.8098
1996,5.4648,1.6392,1.6392,5056.70,45400387.22,3887167.93,237197690.05,267676075.44,504873765.48,37409.02,2.59784879,0.00068012,0.02176382,0.01360238,1.55819130,1.57179368,951606420.65,15.8045
1997,5.4675,1.6390,1.6390,5066.31,45405107.56,3887313.46,237227054.70,267684108.48,504911163.18,37397.70,2.59706247,0.00068001,0.02176029,0.01360018,1.55846588,1.57206605,951641818.34,15.7992
1998,5.4702,1.6388,1.6388,5075.94,45409827.23,3887458.96,237256410.07,267692139.50,504948549.56,37386.38,2.59627640,0.00067990,0.02175676,0.01359797,1.55874049,1.57233846,951677204.72,15.7939
1999,5.4730,1.6385,1.6385,5085.59,45414546.24,3887604.42,237285756.14,267700168.48,504985924.63,37375.06,2.59549058,0.00067979,0.02175323,0.01359577,1.55901513,1.57261090,951712579.79,15.7886
2000,5.4757,1.6383,1.6383,5095.26,45419264.58,3887749.85,237315092.93,267708195.45,505023288.38,37363.75,2.59470502,0.00067968,0.02174970,0.01359356,1.55928980,1.57288337,951747943.54,15.7833
2001,5.4784,1.6381,1.6381,5104.94,45423982.27,3887895.24,237344420.44,267716220.38,505060640.82,37352.44,2.59391972,0.00067957,0.02174617,0.01359136,1.55956451,1.57315587,951783295.99,15.7780
2002,5.4812,1.6379,1.6379,5114.65,45428699.29,3888040.60,237373738.67,267724243.30,505097981.96,37341.14,2.59313467,0.00067946,0.02174265,0.01358915,1.55983925,1.57342841,951818637.12,15.7727
2003,5.4839,1.6376,1.6376,5124.37,45433415.64,3888185.93,237403047.62,267732264.18,505135311.80,37329.84,2.59234987,0.00067935,0.02173912,0.01358695,1.56011403,1.57370098,951853966.96,15.7674
2004,5.4867,1.6374,1.6374,5134.11,45438131.34,3888331.22,237432347.29,267740283.05,505172630.34,37318.54,2.59156533,0.00067924,0.02173560,0.01358475,1.56038883,1.57397358,951889285.50,15.7621
2005,5.4894,1.6372,1.6372,5143.87,45442846.37,3888476.48,237461637.70,267748299.89,505209937.59,37307.25,2.59078104,0.00067913,0.02173207,0.01358255,1.56066367,1.57424621,951924592.75,15.7568
2006,5.4921,1.6369,1.6369,5153.65,45447560.74,3888621.70,237490918.84,267756314.71,505247233.54,37295.96,2.58999701,0.00067902,0.02172855,0.01358034,1.56093854,1.57451888,951959888.71,15.7515
2007,5.4949,1.6367,1.6367,5163.44,45452274.45,3888766.89,237520190.71,267764327.51,505284518.22,37284.67,2.58921322,0.00067891,0.02172503,0.01357814,1.56121344,1.57479158,951995173.38,15.7463
2008,5.4976,1.6365,1.6365,5173.26,45456987.49,3888912.04,237549453.32,267772338.28,505321791.60,37273.39,2.58842970,0.00067880,0.02172150,0.01357594,1.56148838,1.57506432,952030446.77,15.7410
2009,5.5003,1.6362,1.6362,5183.09,45461699.87,3889057.16,237578706.67,267780347.04,505359053.71,37262.11,2.58764642,0.00067869,0.02171798,0.01357374,1.56176335,1.57533709,952065708.87,15.7357
2010,5.5031,1.6360,1.6360,5192.94,45466411.59,3889202.25,237607950.76,267788353.78,505396304.54,37250.83,2.58686340,0.00067858,0.02171446,0.01357154,1.56203835,1.57560989,952100959.71,15.7304
2011,5.5058,1.6358,1.6358,5202.82,45471122.65,3889347.30,237637185.60,267796358.50,505433544.11,37239.56,2.58608063,0.00067847,0.02171094,0.01356934,1.56231338,1.57588272,952136199.27,15.7252
2012,5.5086,1.6356,1.6356,5212.70,45475833.05,3889492.31,237666411.20,267804361.20,505470772.40,37228.29,2.58529812,0.00067836,0.02170742,0.01356714,1.56258845,1.57615559,952171427.56,15.7199
2013,5.5113,1.6353,1.6353,5222.61,45480542.78,3889637.30,237695627.54,267812361.89,505507989.43,37217.03,2.58451586,0.00067825,0.02170391,0.01356494,1.56286355,1.57642849,952206644.59,15.7146
2014,5.5140,1.6351,1.6351,5232.54,45485251.85,3889782.24,237724834.64,267820360.56,505545195.19,37205.77,2.58373385,0.00067814,0.02170039,0.01356274,1.56313868,1.57670142,952241850.36,15.7094
2015,5.5168,1.6349,1.6349,5242.49,45489960.26,3889927.16,237754032.49,267828357.21,505582389.70,37194.51,2.58295210,0.00067803,0.02169687,0.01356054,1.56341384,1.57697438,952277044.87,15.7041
2016,5.5195,1.6346,1.6346,5252.45,45494668.01,3890072.04,237783221.11,267836351.85,505619572.96,37183.26,2.58217060,0.00067792,0.02169335,0.01355835,1.56368904,1.57724738,952312228.12,15.6988
2017,5.5222,1.6344,1.6344,5262.44,45499375.10,3890216.88,237812400.49,267844344.48,505656744.97,37172.01,2.58138935,0.00067781,0.02168984,0.01355615,1.56396426,1.57752041,952347400.13,15.6936
2018,5.5250,1.6342,1.6342,5272.44,45504081.53,3890361.69,237841570.64,267852335.09,505693905.73,37160.76,2.58060835,0.00067770,0.02168632,0.01355395,1.56423953,1.57779348,952382560.89,15.6883
2019,5.5277,1.6339,1.6339,5282.46,45508787.29,3890506.47,237870731.56,267860323.69,505731055.25,37149.52,2.57982761,0.00067759,0.02168281,0.01355176,1.56451482,1.57806658,952417710.41,15.6830
2020,5.5305,1.6337,1.6337,5292.50,45513492.39,3890651.22,237899883.25,267868310.28,505768193.52,37138.28,2.57904712,0.00067748,0.02167930,0.01354956,1.56479015,1.57833971,952452848.69,15.6778
2021,5.5332,1.6335,1.6335,5302.56,45518196.84,3890795.92,237929025.72,267876294.85,505805320.57,37127.04,2.57826688,0.00067737,0.02167578,0.01354736,1.56506550,1.57861287,952487975.73,15.6725
2022,5.5359,1.6333,1.6333,5312.64,45522900.62,3890940.60,237958158.96,267884277.42,505842436.38,37115.81,2.57748690,0.00067726,0.02167227,0.01354517,1.56534090,1.57888606,952523091.54,15.6673
2023,5.5387,1.6330,1.6330,5322.74,45527603.74,3891085.24,237987282.99,267892257.97,505879540.96,37104.58,2.57670716,0.00067715,0.02166876,0.01354298,1.56561632,1.57915929,952558196.12,15.6620
2024,5.5414,1.6328,1.6328,5332.86,45532306.20,3891229.85,238016397.80,267900236.52,505916634.32,37093.36,2.57592768,0.00067704,0.02166525,0.01354078,1.56589178,1.57943256,952593289.48,15.6568
2025,5.5441,1.6326,1.6326,5342.99,45537007.99,3891374.42,238045503.40,267908213.06,505953716.46,37082.14,2.57514845,0.00067693,0.02166174,0.01353859,1.56616726,1.57970585,952628371.62,15.6515
2026,5.5469,1.6323,1.6323,5353.15,45541709.13,3891518.96,238074599.79,267916187.59,505990787.38,37070.92,2.57436948,0.00067682,0.02165823,0.01353639,1.56644279,1.57997918,952663442.54,15.6463
2027,5.5496,1.6321,1.6321,5363.33,45546409.61,3891663.46,238103686.97,267924160.11,506027847.09,37059.71,2.57359075,0.00067671,0.02165472,0.01353420,1.56671834,1.58025254,952698502.25,15.6411
2028,5.5524,1.6319,1.6319,5373.52,45551109.43,3891807.93,238132764.95,267932130.63,506064895.58,37048.50,2.57281228,0.00067660,0.02165121,0.01353201,1.56699393,1.58052593,952733550.74,15.6358
2029,5.5551,1.6317,1.6317,5383.74,45555808.58,3891952.37,238161833.73,267940099.14,506101932.87,37037.29,2.57203406,0.00067649,0.02164771,0.01352982,1.56726954,1.58079936,952768588.04,15.6306
2030,5.5578,1.6314,1.6314,5393.97,45560507.08,3892096.77,238190893.31,267948065.65,506138958.96,37026.09,2.57125609,0.00067638,0.02164420,0.01352763,1.56754520,1.58107282,952803614.12,15.6254
2031,5.5606,1.6312,1.6312,5404.22,45565204.91,3892241.14,238219943.70,267956030.15,506175973.85,37014.89,2.57047837,0.00067627,0.02164069,0.01352543,1.56782088,1.58134631,952838629.01,15.6201
2032,5.5633,1.6310,1.6310,5414.49,45569902.09,3892385.47,238248984.89,267963992.65,506212977.54,37003.69,2.56970090,0.00067616,0.02163719,0.01352324,1.56809660,1.58161984,952873632.70,15.6149
2033,5.5661,1.6307,1.6307,5424.79,45574598.60,3892529.77,238278016.89,267971953.15,506249970.04,36992.50,2.56892369,0.00067605,0.02163369,0.01352105,1.56837235,1.58189340,952908625.21,15.6097
2034,5.5688,1.6305,1.6305,5435.10,45579294.46,3892674.04,238307039.71,267979911.65,506286951.36,36981.31,2.56814672,0.00067594,0.02163018,0.01351886,1.56864813,1.58216699,952943606.52,15.6044
2035,5.5715,1.6303,1.6303,5445.43,45583989.66,3892818.27,238336053.34,267987868.14,506323921.48,36970.13,2.56737001,0.00067583,0.02162668,0.01351667,1.56892394,1.58244062,952978576.65,15.5992
2036,5.5743,1.6300,1.6300,5455.78,45588684.19,3892962.47,238365057.80,267995822.63,506360880.43,36958.95,2.56659355,0.00067572,0.02162318,0.01351449,1.56919979,1.58271427,953013535.59,15.5940
2037,5.5770,1.6298,1.6298,5466.15,45593378.07,3893106.63,238394053.07,268003775.13,506397828.20,36947.77,2.56581734,0.00067561,0.02161968,0.01351230,1.56947567,1.58298796,953048483.36,15.5888
2038,5.5797,1.6296,1.6296,5476.54,45598071.28,3893250.76,238423039.17,268011725.62,506434764.80,36936.60,2.56504138,0.00067551,0.02161617,0.01351011,1.56975158,1.58326169,953083419.96,15.5835
2039,5.5825,1.6294,1.6294,5486.95,45602763.84,3893394.86,238452016.10,268019674.12,506471690.22,36925.43,2.56426567,0.00067540,0.02161267,0.01350792,1.57002752,1.58353545,953118345.38,15.5783
2040,5.5852,1.6291,1.6291,5497.38,45607455.74,3893538.92,238480983.86,268027620.62,506508604.48,36914.26,2.56349022,0.00067529,0.02160918,0.01350573,1.57030350,1.58380923,953153259.64,15.5731
2041,5.5880,1.6289,1.6289,5507.83,45612146.98,3893682.95,238509942.46,268035565.12,506545507.58,36903.10,2.56271501,0.00067518,0.02160568,0.01350355,1.57057951,1.58408306,953188162.74,15.5679
2042,5.5907,1.6287,1.6287,5518.30,45616837.56,3893826.94,238538891.89,268043507.63,506582399.51,36891.94,2.56194005,0.00067507,0.02160218,0.01350136,1.57085555,1.58435691,953223054.68,15.5627
2043,5.5934,1.6284,1.6284,5528.79,45621527.48,3893970.90,238567832.16,268051448.14,506619280.30,36880.78,2.56116535,0.00067496,0.02159868,0.01349918,1.57113163,1.58463080,953257935.46,15.5575
2044,5.5962,1.6282,1.6282,5539.30,45626216.74,3894114.83,238596763.27,268059386.65,506656149.92,36869.63,2.56039089,0.00067485,0.02159519,0.01349699,1.57140773,1.58490472,953292805.09,15.5523
2045,5.5989,1.6280,1.6280,5549.83,45630905.34,3894258.72,238625685.23,268067323.17,506693008.40,36858.48,2.55961669,0.00067474,0.02159169,0.01349481,1.57168387,1.58517868,953327663.57,15.5471
2046,5.6016,1.6278,1.6278,5560.38,45635593.28,3894402.58,238654598.04,268075257.70,506729855.74,36847.34,2.55884274,0.00067463,0.02158819,0.01349262,1.57196004,1.58545266,953362510.90,15.5419
2047,5.6044,1.6275,1.6275,5570.95,45640280.57,3894546.41,238683501.70,268083190.23,506766691.93,36836.19,2.55806903,0.00067452,0.02158470,0.01349044,1.57223625,1.58572668,953397347.10,15.5367
2048,5.6071,1.6273,1.6273,5581.54,45644967.19,3894690.20,238712396.21,268091120.78,506803516.99,36825.06,2.55729558,0.00067441,0.02158121,0.01348825,1.57251248,1.58600074,953432172.15,15.5315
2049,5.6099,1.6271,1.6271,5592.15,45649653.16,3894833.96,238741281.58,268099049.33,506840330.91,36813.92,2.55652237,0.00067430,0.02157771,0.01348607,1.57278875,1.58627482,953466986.08,15.5263
2050,5.6126,1.6268,1.6268,5602.78,45654338.47,3894977.68,238770157.81,268106975.89,506877133.70,36802.79,2.55574942,0.00067419,0.02157422,0.01348389,1.57306505,1.58654894,953501788.87,15.5211
2051,5.6153,1.6266,1.6266,5613.43,45659023.12,3895121.37,238799024.91,268114900.46,506913925.37,36791.66,2.55497672,0.00067409,0.02157073,0.01348171,1.57334139,1.58682309,953536580.53,15.5159
2052,5.6181,1.6264,1.6264,5624.10,45663707.11,3895265.02,238827882.87,268122823.04,506950705.91,36780.54,2.55420426,0.00067398,0.02156724,0.01347952,1.57361776,1.58709728,953571361.07,15.5107
2053,5.6208,1.6262,1.6262,5634.79,45668390.45,3895408.65,238856731.69,268130743.64,506987475.33,36769.42,2.55343206,0.00067387,0.02156375,0.01347734,1.57389416,1.58737150,953606130.49,15.5055
2054,5.6235,1.6259,1.6259,5645.50,45673073.12,3895552.24,238885571.39,268138662.24,507024233.64,36758.31,2.55266010,0.00067376,0.02156026,0.01347516,1.57417059,1.58764575,953640888.80,15.5003
2055,5.6263,1.6257,1.6257,5656.23,45677755.14,3895695.79,238914401.97,268146578.86,507060980.83,36747.19,2.55188840,0.00067365,0.02155677,0.01347298,1.57444705,1.58792003,953675635.99,15.4951
2056,5.6290,1.6255,1.6255,5666.98,45682436.50,3895839.31,238943223.42,268154493.50,507097716.91,36736.08,2.55111694,0.00067354,0.02155328,0.01347080,1.57472355,1.58819435,953710372.08,15.4899
2057,5.6318,1.6252,1.6252,5677.75,45687117.20,3895982.80,238972035.75,268162406.14,507134441.89,36724.98,2.55034574,0.00067343,0.02154979,0.01346862,1.57500008,1.58846870,953745097.06,15.4848
2058,5.6345,1.6250,1.6250,5688.54,45691797.25,3896126.25,239000838.97,268170316.80,507171155.77,36713.88,2.54957478,0.00067332,0.02154631,0.01346644,1.57527664,1.58874308,953779810.93,15.4796
2059,5.6372,1.6248,1.6248,5699.36,45696476.63,3896269.67,239029633.07,268178225.48,507207858.55,36702.78,2.54880407,0.00067321,0.02154282,0.01346426,1.57555323,1.58901750,953814513.71,15.4744
2060,5.6400,1.6246,1.6246,5710.19,45701155.36,3896413.06,239058418.06,268186132.18,507244550.23,36691.68,2.54803361,0.00067310,0.02153934,0.01346208,1.57582986,1.58929195,953849205.39,15.4692
2061,5.6427,1.6243,1.6243,5721.05,45705833.43,3896556.41,239087193.94,268194036.89,507281230.83,36680.59,2.54726340,0.00067300,0.02153585,0.01345991,1.57610652,1.58956643,953883885.99,15.4641
2062,5.6454,1.6241,1.6241,5731.92,45710510.85,3896699.73,239115960.71,268201939.62,507317900.33,36669.51,2.54649344,0.00067289,0.02153237,0.01345773,1.57638321,1.58984094,953918555.49,15.4589
2063,5.6482,1.6239,1.6239,5742.82,45715187.61,3896843.01,239144718.39,268209840.36,507354558.75,36658.42,2.54572373,0.00067278,0.02152888,0.01345555,1.57665994,1.59011549,953953213.92,15.4537
2064,5.6509,1.6236,1.6236,5753.73,45719863.71,3896986.26,239173466.96,268217739.13,507391206.09,36647.34,2.54495426,0.00067267,0.02152540,0.01345338,1.57693669,1.59039007,953987861.26,15.4486
2065,5.6537,1.6234,1.6234,5764.67,45724539.15,3897129.48,239202206.44,268225635.92,507427842.36,36636.26,2.54418505,0.00067256,0.02152192,0.01345120,1.57721348,1.59066468,954022497.52,15.4434
2066,5.6564,1.6232,1.6232,5775.63,45729213.94,3897272.66,239230936.82,268233530.73,507464467.55,36625.19,2.54341608,0.00067245,0.02151844,0.01344902,1.57749030,1.59093933,954057122.71,15.4382
2067,5.6591,1.6230,1.6230,5786.60,45733888.06,3897415.82,239259658.12,268241423.56,507501081.67,36614.12,2.54264736,0.00067234,0.02151496,0.01344685,1.57776716,1.59121401,954091736.83,15.4331
2068,5.6619,1.6227,1.6227,5797.60,45738561.54,3897558.93,239288370.32,268249314.41,507537684.73,36603.06,2.54187889,0.00067223,0.02151148,0.01344467,1.57804404,1.59148872,954126339.89,15.4279
2069,5.6646,1.6225,1.6225,5808.62,45743234.35,3897702.01,239317073.44,268257203.28,507574276.72,36591.99,2.54111067,0.00067212,0.02150800,0.01344250,1.57832096,1.59176346,954160931.88,15.4227
2070,5.6674,1.6223,1.6223,5819.67,45747906.51,3897845.06,239345767.48,268265090.18,507610857.66,36580.93,2.54034270,0.00067202,0.02150452,0.01344033,1.57859792,1.59203824,954195512.82,15.4176
2071,5.6701,1.6220,1.6220,5830.73,45752578.01,3897988.08,239374452.44,268272975.10,507647427.54,36569.88,2.53957497,0.00067191,0.02150104,0.01343815,1.57887490,1.59231305,954230082.70,15.4124
2072,5.6728,1.6218,1.6218,5841.81,45757248.86,3898131.06,239403128.32,268280858.05,507683986.36,36558.83,2.53880750,0.00067180,0.02149757,0.01343598,1.57915192,1.59258790,954264641.53,15.4073
2073,5.6756,1.6216,1.6216,5852.92,45761919.05,3898274.01,239431795.13,268288739.02,507720534.14,36547.78,2.53804027,0.00067169,0.02149409,0.01343381,1.57942897,1.59286277,954299189.31,15.4021
2074,5.6783,1.6214,1.6214,5864.04,45766588.58,3898416.93,239460452.86,268296618.02,507757070.88,36536.74,2.53727329,0.00067158,0.02149061,0.01343163,1.57970605,1.59313768,954333726.04,15.3970
2075,5.6810,1.6211,1.6211,5875.19,45771257.46,3898559.81,239489101.53,268304495.04,507793596.57,36525.69,2.53650655,0.00067147,0.02148714,0.01342946,1.57998316,1.59341262,954368251.74,15.3918
2076,5.6838,1.6209,1.6209,5886.36,45775925.68,3898702.66,239517741.14,268312370.09,507830111.23,36514.66,2.53574007,0.00067136,0.02148367,0.01342729,1.58026031,1.59368760,954402766.39,15.3867
2077,5.6865,1.6207,1.6207,5897.54,45780593.24,3898845.47,239546371.68,268320243.18,507866614.85,36503.62,2.53497383,0.00067126,0.02148019,0.01342512,1.58053749,1.59396261,954437270.02,15.3816
2078,5.6893,1.6205,1.6205,5908.75,45785260.15,3898988.25,239574993.16,268328114.29,507903107.45,36492.59,2.53420784,0.00067115,0.02147672,0.01342295,1.58081470,1.59423765,954471762.61,15.3764
2079,5.6920,1.6202,1.6202,5919.99,45789926.41,3899131.00,239603605.59,268335983.43,507939589.01,36481.57,2.53344210,0.00067104,0.02147325,0.01342078,1.58109194,1.59451272,954506244.18,15.3713
2080,5.6947,1.6200,1.6200,5931.24,45794592.01,3899273.71,239632208.96,268343850.60,507976059.56,36470.54,2.53267660,0.00067093,0.02146978,0.01341861,1.58136922,1.59478783,954540714.72,15.3661
2081,5.6975,1.6198,1.6198,5942.51,45799256.95,3899416.39,239660803.28,268351715.80,508012519.08,36459.52,2.53191135,0.00067082,0.02146631,0.01341644,1.58164653,1.59506297,954575174.24,15.3610
2082,5.7002,1.6195,1.6195,5953.81,45803921.23,3899559.04,239689388.55,268359579.03,508048967.59,36448.51,2.53114635,0.00067071,0.02146284,0.01341427,1.58192387,1.59533814,954609622.75,15.3559
2083,5.7029,1.6193,1.6193,5965.13,45808584.86,3899701.65,239717964.78,268367440.30,508085405.08,36437.49,2.53038159,0.00067061,0.02145937,0.01341210,1.58220124,1.59561335,954644060.24,15.3507
2084,5.7057,1.6191,1.6191,5976.47,45813247.84,3899844.23,239746531.97,268375299.60,508121831.57,36426.49,2.52961709,0.00067050,0.02145590,0.01340994,1.58247865,1.59588859,954678486.73,15.3456
2085,5.7084,1.6189,1.6189,5987.83,45817910.16,3899986.78,239775090.12,268383156.93,508158247.05,36415.48,2.52885283,0.00067039,0.02145243,0.01340777,1.58275609,1.59616386,954712902.21,15.3405
2086,5.7112,1.6186,1.6186,5999.21,45822571.83,3900129.29,239803639.23,268391012.30,508194651.53,36404.48,2.52808881,0.00067028,0.02144896,0.01340560,1.58303356,1.59643916,954747306.69,15.3354
2087,5.7139,1.6184,1.6184,6010.61,45827232.84,3900271.77,239832179.31,268398865.70,508231045.01,36393.48,2.52732504,0.00067017,0.02144550,0.01340344,1.58331106,1.59671450,954781700.17,15.3302
2088,5.7166,1.6182,1.6182,6022.04,45831893.19,3900414.22,239860710.35,268406717.14,508267427.49,36382.49,2.52656152,0.00067006,0.02144203,0.01340127,1.58358860,1.59698987,954816082.66,15.3251
2089,5.7194,1.6180,1.6180,6033.48,45836552.89,3900556.63,239889232.37,268414566.62,508303798.99,36371.49,2.52579825,0.00066996,0.02143857,0.01339910,1.58386617,1.59726527,954850454.15,15.3200
2090,5.7221,1.6177,1.6177,6044.95,45841211.94,3900699.01,239917745.37,268422414.13,508340159.50,36360.51,2.52503522,0.00066985,0.02143510,0.01339694,1.58414377,1.59754071,954884814.66,15.3149
2091,5.7248,1.6175,1.6175,6056.44,45845870.33,3900841.36,239946249.34,268430259.68,508376509.02,36349.52,2.52427244,0.00066974,0.02143164,0.01339477,1.58442141,1.59781618,954919164.18,15.3098
2092,5.7276,1.6173,1.6173,6067.95,45850528.07,3900983.67,239974744.29,268438103.27,508412847.56,36338.54,2.52350991,0.00066963,0.02142817,0.01339261,1.58469907,1.59809168,954953502.72,15.3047
2093,5.7303,1.6170,1.6170,6079.49,45855185.15,3901125.95,240003230.23,268445944.90,508449175.13,36327.57,2.52274762,0.00066952,0.02142471,0.01339044,1.58497677,1.59836722,954987830.29,15.2996
2094,5.7331,1.6168,1.6168,6091.04,45859841.58,3901268.20,240031707.15,268453784.57,508485491.72,36316.59,2.52198558,0.00066941,0.02142125,0.01338828,1.58525450,1.59864278,955022146.88,15.2944
2095,5.7358,1.6166,1.6166,6102.62,45864497.35,3901410.41,240060175.06,268461622.28,508521797.34,36305.62,2.52122378,0.00066931,0.02141779,0.01338612,1.58553227,1.59891838,955056452.51,15.2893
2096,5.7385,1.6164,1.6164,6114.22,45869152.47,3901552.59,240088633.97,268469458.03,508558092.00,36294.66,2.52046223,0.00066920,0.02141433,0.01338396,1.58581006,1.59919402,955090747.16,15.2842
2097,5.7413,1.6161,1.6161,6125.84,45873806.93,3901694.74,240117083.86,268477291.83,508594375.69,36283.69,2.51970092,0.00066909,0.02141087,0.01338179,1.58608789,1.59946968,955125030.85,15.2791
2098,5.7440,1.6159,1.6159,6137.49,45878460.74,3901836.85,240145524.76,268485123.66,508630648.43,36272.73,2.51893987,0.00066898,0.02140741,0.01337963,1.58636575,1.59974538,955159303.59,15.2740
2099,5.7467,1.6157,1.6157,6149.16,45883113.90,3901978.93,240173956.66,268492953.55,508666910.20,36261.78,2.51817905,0.00066887,0.02140395,0.01337747,1.58664365,1.60002112,955193565.37,15.2689
2100,5.7495,1.6155,1.6155,6160.84,45887766.40,3902120.98,240202379.56,268500781.47,508703161.03,36250.83,2.51741848,0.00066877,0.02140050,0.01337531,1.58692157,1.60029688,955227816.19,15.2638
2101,5.7522,1.6152,1.6152,6172.55,45892418.25,3902262.99,240230793.47,268508607.44,508739400.91,36239.88,2.51665816,0.00066866,0.02139704,0.01337315,1.58719953,1.60057268,955262056.07,15.2587
2102,5.7550,1.6150,1.6150,6184.29,45897069.45,3902404.97,240259198.38,268516431.46,508775629.84,36228.93,2.51589809,0.00066855,0.02139358,0.01337099,1.58747752,1.60084851,955296285.00,15.2536
2103,5.7577,1.6148,1.6148,6196.04,45901719.99,3902546.92,240287594.31,268524253.52,508811847.83,36217.99,2.51513825,0.00066844,0.02139013,0.01336883,1.58775555,1.60112438,955330502.99,15.2485
2104,5.7604,1.6145,1.6145,6207.82,45906369.88,3902688.83,240315981.26,268532073.63,508848054.88,36207.05,2.51437867,0.00066833,0.02138667,0.01336667,1.58803360,1.60140027,955364710.05,15.2435
2105,5.7632,1.6143,1.6143,6219.62,45911019.11,3902830.71,240344359.22,268539891.78,508884251.00,36196.12,2.51361933,0.00066823,0.02138322,0.01336451,1.58831169,1.60167620,955398906.16,15.2384
2106,5.7659,1.6141,1.6141,6231.44,45915667.70,3902972.56,240372728.20,268547707.99,508920436.19,36185.19,2.51286023,0.00066812,0.02137976,0.01336235,1.58858981,1.60195216,955433091.35,15.2333
2107,5.7687,1.6139,1.6139,6243.29,45920315.62,3903114.37,240401088.21,268555522.24,508956610.45,36174.26,2.51210138,0.00066801,0.02137631,0.01336020,1.58886797,1.60222816,955467265.61,15.2282
2108,5.7714,1.6136,1.6136,6255.16,45924962.90,3903256.15,240429439.24,268563334.55,508992773.79,36163.34,2.51134277,0.00066790,0.02137286,0.01335804,1.58914615,1.60250419,955501428.95,15.2231
2109,5.7741,1.6134,1.6134,6267.05,45929609.52,3903397.90,240457781.30,268571144.90,509028926.20,36152.42,2.51058441,0.00066779,0.02136941,0.01335588,1.58942437,1.60278025,955535581.36,15.2180
2110,5.7769,1.6132,1.6132,6278.96,45934255.49,3903539.62,240486114.39,268578953.31,509065067.70,36141.50,2.50982630,0.00066769,0.02136596,0.01335372,1.58970262,1.60305634,955569722.86,15.2130
2111,5.7796,1.6130,1.6130,6290.89,45938900.81,3903681.30,240514438.52,268586759.77,509101198.28,36130.59,2.50906843,0.00066758,0.02136251,0.01335157,1.58998090,1.60333247,955603853.45,15.2079
2112,5.7823,1.6127,1.6127,6302.85,45943545.47,3903822.94,240542753.68,268594564.28,509137317.96,36119.68,2.50831080,0.00066747,0.02135906,0.01334941,1.59025922,1.60360863,955637973.12,15.2028
2113,5.7851,1.6125,1.6125,6314.83,45948189.48,3903964.56,240571059.89,268602366.84,509173426.73,36108.77,2.50755342,0.00066736,0.02135561,0.01334726,1.59053757,1.60388483,955672081.89,15.1977
2114,5.7878,1.6123,1.6123,6326.84,45952832.84,3904106.14,240599357.14,268610167.46,509209524.60,36097.87,2.50679628,0.00066726,0.02135216,0.01334510,1.59081595,1.60416105,955706179.76,15.1927
2115,5.7906,1.6121,1.6121,6338.86,45957475.55,3904247.69,240627645.43,268617966.13,509245611.56,36086.97,2.50603938,0.00066715,0.02134872,0.01334295,1.59109436,1.60443731,955740266.73,15.1876
2116,5.7933,1.6118,1.6118,6350.91,45962117.60,3904389.21,240655924.78,268625762.86,509281687.63,36076.07,2.50528273,0.00066704,0.02134527,0.01334079,1.59137281,1.60471360,955774342.80,15.1825
2117,5.7960,1.6116,1.6116,6362.98,45966759.00,3904530.69,240684195.17,268633557.64,509317752.81,36065.18,2.50452633,0.00066693,0.02134182,0.01333864,1.59165129,1.60498993,955808407.98,15.1775
2118,5.7988,1.6114,1.6114,6375.08,45971399.75,3904672.14,240712456.62,268641350.48,509353807.10,36054.29,2.50377017,0.00066682,0.02133838,0.01333649,1.59192980,1.60526628,955842462.27,15.1724
2119,5.8015,1.6111,1.6111,6387.20,45976039.85,3904813.55,240740709.13,268649141.38,509389850.51,36043.41,2.50301425,0.00066672,0.02133493,0.01333433,1.59220834,1.60554268,955876505.67,15.1674
2120,5.8042,1.6109,1.6109,6399.34,45980679.29,3904954.94,240768952.70,268656930.33,509425883.03,36032.52,2.50225858,0.00066661,0.02133149,0.01333218,1.59248692,1.60581910,955910538.20,15.1623
2121,5.8070,1.6107,1.6107,6411.50,45985318.09,3905096.29,240797187.33,268664717.35,509461904.68,36021.65,2.50150315,0.00066650,0.02132805,0.01333003,1.59276552,1.60609555,955944559.84,15.1572
2122,5.8097,1.6105,1.6105,6423.69,45989956.23,3905237.61,240825413.03,268672502.42,509497915.45,36010.77,2.50074796,0.00066639,0.02132461,0.01332788,1.59304417,1.60637204,955978570.61,15.1522
2123,5.8125,1.6102,1.6102,6435.90,45994593.72,3905378.89,240853629.80,268680285.55,509533915.35,35999.90,2.49999302,0.00066629,0.02132116,0.01332573,1.59332284,1.60664857,956012570.51,15.1471
2124,5.8152,1.6100,1.6100,6448.13,45999230.56,3905520.14,240881837.63,268688066.75,509569904.38,35989.03,2.49923832,0.00066618,0.02131772,0.01332358,1.59360154,1.60692512,956046559.54,15.1421
2125,5.8179,1.6098,1.6098,6460.39,46003866.74,3905661.36,240910036.55,268695846.00,509605882.55,35978.17,2.49848386,0.00066607,0.02131428,0.01332143,1.59388028,1.60720171,956080537.71,15.1370
2126,5.8207,1.6096,1.6096,6472.67,46008502.28,3905802.54,240938226.54,268703623.32,509641849.85,35967.31,2.49772965,0.00066596,0.02131084,0.01331928,1.59415905,1.60747833,956114505.02,15.1320
2127,5.8234,1.6093,1.6093,6484.97,46013137.16,3905943.70,240966407.61,268711398.70,509677806.30,35956.45,2.49697568,0.00066586,0.02130740,0.01331713,1.59443786,1.60775498,956148461.47,15.1269
2128,5.8261,1.6091,1.6091,6497.30,46017771.39,3906084.82,240994579.76,268719172.14,509713751.90,35945.60,2.49622196,0.00066575,0.02130397,0.01331498,1.59471669,1.60803167,956182407.06,15.1219
2129,5.8289,1.6089,1.6089,6509.65,46022404.97,3906225.90,241022743.00,268726943.65,509749686.65,35934.75,2.49546847,0.00066564,0.02130053,0.01331283,1.59499556,1.60830839,956216341.81,15.1169
2130,5.8316,1.6087,1.6087,6522.02,46027037.90,3906366.96,241050897.32,268734713.22,509785610.55,35923.90,2.49471524,0.00066553,0.02129709,0.01331068,1.59527446,1.60858514,956250265.71,15.1118
2131,5.8344,1.6084,1.6084,6534.42,46031670.18,3906507.98,241079042.74,268742480.86,509821523.60,35913.06,2.49396224,0.00066543,0.02129366,0.01330854,1.59555339,1.60886193,956284178.77,15.1068
2132,5.8371,1.6082,1.6082,6546.84,46036301.81,3906648.96,241107179.25,268750246.57,509857425.82,35902.22,2.49320949,0.00066532,0.02129022,0.01330639,1.59583236,1.60913875,956318080.98,15.1017
2133,5.8398,1.6080,1.6080,6559.29,46040932.79,3906789.92,241135306.86,268758010.34,509893317.20,35891.38,2.49245697,0.00066521,0.02128679,0.01330424,1.59611136,1.60941560,956351972.36,15.0967
2134,5.8426,1.6078,1.6078,6571.76,46045563.11,3906930.84,241163425.57,268765772.18,509929197.75,35880.55,2.49170471,0.00066510,0.02128335,0.01330210,1.59639039,1.60969248,956385852.91,15.0917
2135,5.8453,1.6075,1.6075,6584.25,46050192.79,3907071.73,241191535.38,268773532.08,509965067.47,35869.72,2.49095268,0.00066500,0.02127992,0.01329995,1.59666945,1.60996940,956419722.63,15.0866
2136,5.8480,1.6073,1.6073,6596.76,46054821.82,3907212.59,241219636.30,268781290.06,510000926.36,35858.89,2.49020090,0.00066489,0.02127649,0.01329780,1.59694855,1.61024635,956453581.52,15.0816
2137,5.8508,1.6071,1.6071,6609.30,46059450.19,3907353.41,241247728.33,268789046.10,510036774.43,35848.07,2.48944936,0.00066478,0.02127305,0.01329566,1.59722767,1.61052333,956487429.59,15.0766
2138,5.8535,1.6068,1.6068,6621.87,46064077.91,3907494.20,241275811.46,268796800.22,510072611.68,35837.25,2.48869806,0.00066468,0.02126962,0.01329351,1.59750683,1.61080035,956521266.84,15.0716
2139,5.8563,1.6066,1.6066,6634.45,46068704.99,3907634.96,241303885.71,268804552.41,510108438.12,35826.44,2.48794700,0.00066457,0.02126619,0.01329137,1.59778603,1.61107740,956555093.28,15.0665
2140,5.8590,1.6064,1.6064,6647.06,46073331.41,3907775.68,241331951.08,268812302.66,510144253.74,35815.63,2.48719619,0.00066446,0.02126276,0.01328923,1.59806525,1.61135448,956588908.91,15.0615
2141,5.8617,1.6062,1.6062,6659.70,46077957.19,3907916.37,241360007.57,268820050.99,510180058.56,35804.82,2.48644562,0.00066435,0.02125933,0.01328708,1.59834451,1.61163159,956622713.72,15.0565
2142,5.8645,1.6059,1.6059,6672.36,46082582.31,3908057.03,241388055.18,268827797.40,510215852.57,35794.01,2.48569529,0.00066425,0.02125591,0.01328494,1.59862380,1.61190874,956656507.74,15.0515
2143,5.8672,1.6057,1.6057,6685.04,46087206.78,3908197.66,241416093.91,268835541.87,510251635.78,35783.21,2.48494520,0.00066414,0.02125248,0.01328280,1.59890312,1.61218592,956690290.95,15.0465
2144,5.8700,1.6055,1.6055,6697.75,46091830.61,3908338.25,241444123.77,268843284.42,510287408.20,35772.41,2.48419535,0.00066403,0.02124905,0.01328066,1.59918248,1.61246313,956724063.36,15.0415
2145,5.8727,1.6053,1.6053,6710.48,46096453.78,3908478.81,241472144.76,268851025.05,510323169.82,35761.62,2.48344575,0.00066393,0.02124562,0.01327851,1.59946186,1.61274038,956757824.98,15.0364
2146,5.8754,1.6050,1.6050,6723.23,46101076.31,3908619.34,241500156.89,268858763.75,510358920.64,35750.83,2.48269639,0.00066382,0.02124220,0.01327637,1.59974129,1.61301766,956791575.81,15.0314
2147,5.8782,1.6048,1.6048,6736.01,46105698.18,3908759.84,241528160.15,268866500.53,510394660.68,35740.04,2.48194727,0.00066371,0.02123877,0.01327423,1.60002074,1.61329497,956825315.85,15.0264
2148,5.8809,1.6046,1.6046,6748.82,46110319.41,3908900.30,241556154.56,268874235.39,510430389.94,35729.26,2.48119839,0.00066360,0.02123535,0.01327209,1.60030022,1.61357232,956859045.10,15.0214
2149,5.8836,1.6044,1.6044,6761.65,46114939.98,3909040.73,241584140.10,268881968.32,510466108.42,35718.48,2.48044975,0.00066350,0.02123192,0.01326995,1.60057974,1.61384969,956892763.58,15.0164
2150,5.8864,1.6041,1.6041,6774.50,46119559.91,3909181.12,241612116.79,268889699.33,510501816.12,35707.70,2.47970135,0.00066339,0.02122850,0.01326781,1.60085929,1.61412710,956926471.28,15.0114
2151,5.8891,1.6039,1.6039,6787.38,46124179.19,3909321.49,241640084.62,268897428.42,510537513.04,35696.93,2.47895320,0.00066328,0.02122508,0.01326567,1.60113887,1.61440455,956960168.21,15.0064
2152,5.8919,1.6037,1.6037,6800.28,46128797.82,3909461.82,241668043.61,268905155.59,510573199.20,35686.16,2.47820528,0.00066318,0.02122166,0.01326354,1.60141849,1.61468202,956993854.36,15.0014
2153,5.8946,1.6035,1.6035,6813.20,46133415.80,3909602.12,241695993.75,268912880.84,510608874.59,35675.39,2.47745761,0.00066307,0.02121824,0.01326140,1.60169814,1.61495953,957027529.75,14.9964
2154,5.8973,1.6032,1.6032,6826.16,46138033.13,3909742.38,241723935.05,268920604.17,510644539.21,35664.63,2.47671018,0.00066296,0.02121482,0.01325926,1.60197782,1.61523708,957061194.38,14.9914
2155,5.9001,1.6030,1.6030,6839.13,46142649.81,3909882.62,241751867.50,268928325.58,510680193.08,35653.87,2.47596299,0.00066286,0.02121140,0.01325712,1.60225753,1.61551465,957094848.24,14.9864
2156,5.9028,1.6028,1.6028,6852.13,46147265.84,3910022.82,241779791.12,268936045.08,510715836.19,35643.11,2.47521604,0.00066275,0.02120798,0.01325499,1.60253727,1.61579226,957128491.36,14.9815
2157,5.9055,1.6026,1.6026,6865.16,46151881.23,3910162.99,241807705.90,268943762.65,510751468.55,35632.36,2.47446933,0.00066264,0.02120456,0.01325285,1.60281705,1.61606990,957162123.71,14.9765
2158,5.9083,1.6023,1.6023,6878.21,46156495.96,3910303.12,241835611.84,268951478.32,510787090.16,35621.61,2.47372286,0.00066254,0.02120114,0.01325071,1.60309686,1.61634757,957195745.32,14.9715
2159,5.9110,1.6021,1.6021,6891.28,46161110.05,3910443.22,241863508.96,268959192.06,510822701.02,35610.86,2.47297663,0.00066243,0.02119773,0.01324858,1.60337670,1.61662528,957229356.19,14.9665
2160,5.9138,1.6019,1.6019,6904.38,46165723.49,3910583.29,241891397.25,268966903.89,510858301.14,35600.12,2.47223064,0.00066232,0.02119431,0.01324644,1.60365658,1.61690302,957262956.31,14.9615
2161,5.9165,1.6017,1.6017,6917.50,46170336.28,3910723.33,241919276.72,268974613.81,510893890.53,35589.38,2.47148490,0.00066222,0.02119089,0.01324431,1.60393648,1.61718079,957296545.69,14.9565
2162,5.9192,1.6014,1.6014,6930.65,46174948.42,3910863.34,241947147.36,268982321.81,510929469.17,35578.65,2.47073939,0.00066211,0.02118748,0.01324217,1.60421642,1.61745860,957330124.34,14.9516
2163,5.9220,1.6012,1.6012,6943.83,46179559.92,3911003.31,241975009.19,268990027.90,510965037.09,35567.92,2.46999412,0.00066200,0.02118406,0.01324004,1.60449640,1.61773644,957363692.25,14.9466
2164,5.9247,1.6010,1.6010,6957.02,46184170.76,3911143.25,242002862.20,268997732.08,511000594.28,35557.19,2.46924910,0.00066190,0.02118065,0.01323791,1.60477640,1.61801431,957397249.44,14.9416
2165,5.9274,1.6008,1.6008,6970.25,46188780.96,3911283.16,242030706.39,269005434.35,511036140.74,35546.46,2.46850431,0.00066179,0.02117724,0.01323577,1.60505644,1.61829221,957430795.90,14.9366
2166,5.9302,1.6005,1.6005,6983.50,46193390.51,3911423.03,242058541.78,269013134.70,511071676.48,35535.74,2.46775976,0.00066168,0.02117383,0.01323364,1.60533651,1.61857015,957464331.64,14.9317
2167,5.9329,1.6003,1.6003,6996.77,46197999.41,3911562.87,242086368.35,269020833.15,511107201.50,35525.02,2.46701546,0.00066158,0.02117041,0.01323151,1.60561661,1.61884812,957497856.66,14.9267
2168,5.9357,1.6001,1.6001,7010.07,46202607.67,3911702.68,242114186.13,269028529.68,511142715.81,35514.31,2.46627139,0.00066147,0.02116700,0.01322938,1.60589675,1.61912612,957531370.97,14.9217
2169,5.9384,1.5999,1.5999,7023.40,46207215.28,3911842.46,242141995.10,269036224.31,511178219.41,35503.60,2.46552756,0.00066136,0.02116359,0.01322725,1.60617691,1.61940416,957564874.57,14.9168
2170,5.9411,1.5996,1.5996,7036.75,46211822.24,3911982.20,242169795.27,269043917.03,511213712.30,35492.89,2.46478397,0.00066126,0.02116018,0.01322512,1.60645711,1.61968223,957598367.46,14.9118
2171,5.9439,1.5994,1.5994,7050.12,46216428.55,3912121.91,242197586.64,269051607.84,511249194.48,35482.19,2.46404063,0.00066115,0.02115678,0.01322298,1.60673735,1.61996033,957631849.64,14.9068
2172,5.9466,1.5992,1.5992,7063.52,46221034.22,3912261.59,242225369.22,269059296.74,511284665.97,35471.48,2.46329752,0.00066104,0.02115337,0.01322085,1.60701761,1.62023846,957665321.13,14.9019
2173,5.9493,1.5990,1.5990,7076.95,46225639.24,3912401.24,242253143.01,269066983.74,511320126.75,35460.79,2.46255465,0.00066094,0.02114996,0.01321873,1.60729791,1.62051663,957698781.92,14.8969
2174,5.9521,1.5987,1.5987,7090.40,46230243.61,3912540.86,242280908.02,269074668.83,511355576.85,35450.09,2.46181202,0.00066083,0.02114655,0.01321660,1.60757824,1.62079483,957732232.01,14.8920
2175,5.9548,1.5985,1.5985,7103.88,46234847.33,3912680.44,242308664.23,269082352.02,511391016.25,35439.40,2.46106963,0.00066072,0.02114315,0.01321447,1.60785860,1.62107307,957765671.41,14.8870
2176,5.9576,1.5983,1.5983,7117.38,46239450.41,3912819.99,242336411.67,269090033.30,511426444.96,35428.72,2.46032748,0.00066062,0.02113974,0.01321234,1.60813899,1.62135133,957799100.13,14.8821
2177,5.9603,1.5981,1.5981,7130.91,46244052.84,3912959.50,242364150.32,269097712.68,511461863.00,35418.03,2.45958557,0.00066051,0.02113634,0.01321021,1.60841942,1.62162963,957832518.16,14.8771
2178,5.9630,1.5978,1.5978,7144.47,46248654.62,3913098.99,242391880.20,269105390.15,511497270.35,35407.35,2.45884389,0.00066040,0.02113293,0.01320808,1.60869988,1.62190796,957865925.51,14.8722
2179,5.9658,1.5976,1.5976,7158.05,46253255.76,3913238.44,242419601.30,269113065.73,511532667.02,35396.68,2.45810246,0.00066030,0.02112953,0.01320596,1.60898037,1.62218633,957899322.19,14.8672
2180,5.9685,1.5974,1.5974,7171.66,46257856.25,3913377.86,242447313.63,269120739.40,511568053.03,35386.00,2.45736126,0.00066019,0.02112613,0.01320383,1.60926090,1.62246473,957932708.19,14.8623
2181,5.9713,1.5972,1.5972,7185.29,46262456.10,3913517.25,242475017.19,269128411.17,511603428.36,35375.33,2.45662031,0.00066009,0.02112273,0.01320170,1.60954145,1.62274316,957966083.52,14.8573
2182,5.9740,1.5969,1.5969,7198.95,46267055.29,3913656.60,242502711.99,269136081.04,511638793.02,35364.67,2.45587959,0.00065998,0.02111932,0.01319958,1.60982204,1.62302162,957999448.19,14.8524
2183,5.9767,1.5967,1.5967,7212.63,46271653.85,3913795.93,242530398.02,269143749.01,511674147.03,35354.00,2.45513911,0.00065987,0.02111592,0.01319745,1.61010267,1.62330012,958032802.19,14.8474
2184,5.9795,1.5965,1.5965,7226.34,46276251.75,3913935.22,242558075.29,269151415.08,511709490.37,35343.34,2.45439887,0.00065977,0.02111252,0.01319533,1.61038332,1.62357865,958066145.53,14.8425
2185,5.9822,1.5963,1.5963,7240.08,46280849.01,3914074.47,242585743.81,269159079.25,511744823.06,35332.69,2.45365887,0.00065966,0.02110913,0.01319320,1.61066401,1.62385721,958099478.22,14.8376
2186,5.9849,1.5960,1.5960,7253.84,46285445.62,3914213.70,242613403.56,269166741.53,511780145.09,35322.04,2.45291910,0.00065955,0.02110573,0.01319108,1.61094473,1.62413581,958132800.26,14.8326
2187,5.9877,1.5958,1.5958,7267.63,46290041.59,3914352.89,242641054.57,269174401.91,511815456.48,35311.39,2.45217958,0.00065945,0.02110233,0.01318896,1.61122548,1.62441444,958166111.64,14.8277
2188,5.9904,1.5956,1.5956,7281.44,46294636.91,3914492.05,242668696.83,269182060.39,511850757.22,35300.74,2.45144029,0.00065934,0.02109893,0.01318683,1.61150626,1.62469310,958199412.38,14.8228
2189,5.9932,1.5954,1.5954,7295.28,46299231.59,3914631.18,242696330.34,269189716.98,511886047.32,35290.10,2.45070124,0.00065924,0.02109554,0.01318471,1.61178708,1.62497179,958232702.48,14.8178
2190,5.9959,1.5951,1.5951,7309.15,46303825.62,3914770.28,242723955.11,269197371.67,511921326.78,35279.46,2.44996243,0.00065913,0.02109214,0.01318259,1.61206793,1.62525052,958265981.94,14.8129
2191,5.9986,1.5949,1.5949,7323.04,46308419.00,3914909.34,242751571.14,269205024.46,511956595.60,35268.82,2.44922385,0.00065902,0.02108874,0.01318047,1.61234881,1.62552928,958299250.76,14.8080
2192,6.0014,1.5947,1.5947,7336.96,46313011.74,3915048.37,242779178.42,269212675.37,511991853.79,35258.19,2.44848552,0.00065892,0.02108535,0.01317834,1.61262973,1.62580807,958332508.95,14.8031
2193,6.0041,1.5945,1.5945,7350.91,46317603.84,3915187.37,242806776.98,269220324.38,512027101.35,35247.56,2.44774742,0.00065881,0.02108196,0.01317622,1.61291068,1.62608690,958365756.52,14.7981
2194,6.0068,1.5943,1.5943,7364.88,46322195.29,3915326.34,242834366.80,269227971.50,512062338.29,35236.94,2.44700956,0.00065871,0.02107856,0.01317410,1.61319166,1.62636576,958398993.45,14.7932
2195,6.0096,1.5940,1.5940,7378.88,46326786.09,3915465.28,242861947.89,269235616.72,512097564.61,35226.32,2.44627194,0.00065860,0.02107517,0.01317198,1.61347267,1.62664465,958432219.77,14.7883
2196,6.0123,1.5938,1.5938,7392.91,46331376.25,3915604.18,242889520.25,269243260.06,512132780.31,35215.70,2.44553455,0.00065849,0.02107178,0.01316986,1.61375371,1.62692357,958465435.47,14.7834
2197,6.0151,1.5936,1.5936,7406.96,46335965.76,3915743.05,242917083.89,269250901.50,512167985.39,35205.08,2.44479740,0.00065839,0.02106839,0.01316774,1.61403479,1.62720253,958498640.55,14.7785
2198,6.0178,1.5934,1.5934,7421.04,46340554.63,3915881.89,242944638.80,269258541.06,512203179.86,35194.47,2.44406049,0.00065828,0.02106500,0.01316562,1.61431590,1.62748152,958531835.02,14.7736
2199,6.0205,1.5931,1.5931,7435.15,46345142.85,3916020.69,242972185.00,269266178.72,512238363.72,35183.86,2.44332382,0.00065818,0.02106161,0.01316350,1.61459704,1.62776055,958565018.88,14.7687
2200,6.0233,1.5929,1.5929,7449.28,46349730.43,3916159.47,242999722.48,269273814.50,512273536.98,35173.26,2.44258738,0.00065807,0.02105822,0.01316139,1.61487822,1.62803960,958598192.14,14.7638
2201,6.0260,1.5927,1.5927,7463.44,46354317.37,3916298.21,243027251.25,269281448.39,512308699.64,35162.66,2.44185118,0.00065796,0.02105483,0.01315927,1.61515942,1.62831869,958631354.80,14.7589
2202,6.0287,1.5925,1.5925,7477.62,46358903.66,3916436.92,243054771.31,269289080.39,512343851.70,35152.06,2.44111522,0.00065786,0.02105144,0.01315715,1.61544066,1.62859781,958664506.86,14.7539
2203,6.0315,1.5922,1.5922,7491.84,46363489.30,3916575.59,243082282.66,269296710.51,512378993.16,35141.46,2.44037950,0.00065775,0.02104806,0.01315503,1.61572194,1.62887697,958697648.32,14.7490
2204,6.0342,1.5920,1.5920,7506.08,46368074.30,3916714.24,243109785.30,269304338.74,512414124.04,35130.87,2.43964401,0.00065765,0.02104467,0.01315292,1.61600324,1.62915616,958730779.20,14.7441
2205,6.0370,1.5918,1.5918,7520.35,46372658.66,3916852.85,243137279.24,269311965.08,512449244.32,35120.29,2.43890876,0.00065754,0.02104128,0.01315080,1.61628458,1.62943538,958763899.48,14.7392
2206,6.0397,1.5916,1.5916,7534.64,46377242.37,3916991.43,243164764.48,269319589.54,512484354.02,35109.70,2.43817374,0.00065743,0.02103790,0.01314869,1.61656595,1.62971463,958797009.19,14.7344
2207,6.0424,1.5913,1.5913,7548.96,46381825.44,3917129.98,243192241.03,269327212.12,512519453.14,35099.12,2.43743896,0.00065733,0.02103451,0.01314657,1.61684735,1.62999392,958830108.31,14.7295
2208,6.0452,1.5911,1.5911,7563.31,46386407.86,3917268.50,243219708.88,269334832.81,512554541.69,35088.54,2.43670442,0.00065722,0.02103113,0.01314446,1.61712878,1.63027324,958863196.85,14.7246
2209,6.0479,1.5909,1.5909,7577.69,46390989.64,3917406.98,243247168.04,269342451.62,512589619.66,35077.97,2.43597011,0.00065712,0.02102775,0.01314234,1.61741025,1.63055259,958896274.82,14.7197
2210,6.0507,1.5907,1.5907,7592.09,46395570.78,3917545.43,243274618.51,269350068.55,512624687.06,35067.40,2.43523605,0.00065701,0.02102437,0.01314023,1.61769175,1.63083198,958929342.22,14.7148
2211,6.0534,1.5904,1.5904,7606.53,46400151.27,3917683.85,243302060.29,269357683.60,512659743.89,35056.83,2.43450221,0.00065691,0.02102098,0.01313812,1.61797328,1.63111140,958962399.05,14.7099
2212,6.0561,1.5902,1.5902,7620.98,46404731.12,3917822.24,243329493.39,269365296.76,512694790.16,35046.27,2.43376862,0.00065680,0.02101760,0.01313600,1.61825485,1.63139085,958995445.32,14.7050
2213,6.0589,1.5900,1.5900,7635.47,46409310.33,3917960.60,243356917.82,269372908.05,512729825.86,35035.71,2.43303525,0.00065669,0.02101422,0.01313389,1.61853645,1.63167034,959028481.03,14.7001
2214,6.0616,1.5898,1.5898,7649.98,46413888.89,3918098.92,243384333.56,269380517.46,512764851.01,35025.15,2.43230213,0.00065659,0.02101084,0.01313178,1.61881808,1.63194985,959061506.18,14.6952
2215,6.0643,1.5896,1.5896,7664.53,46418466.81,3918237.21,243411740.63,269388124.98,512799865.61,35014.60,2.43156924,0.00065648,0.02100746,0.01312967,1.61909974,1.63222940,959094520.77,14.6904
2216,6.0671,1.5893,1.5893,7679.09,46423044.08,3918375.47,243439139.02,269395730.64,512834869.66,35004.05,2.43083659,0.00065638,0.02100409,0.01312755,1.61938143,1.63250899,959127524.82,14.6855
2217,6.0698,1.5891,1.5891,7693.69,46427620.72,3918513.70,243466528.75,269403334.41,512869863.16,34993.50,2.43010417,0.00065627,0.02100071,0.01312544,1.61966316,1.63278860,959160518.32,14.6806
2218,6.0726,1.5889,1.5889,7708.32,46432196.70,3918651.90,243493909.81,269410936.31,512904846.12,34982.96,2.42937199,0.00065617,0.02099733,0.01312333,1.61994492,1.63306825,959193501.28,14.6757
2219,6.0753,1.5887,1.5887,7722.97,46436772.05,3918790.06,243521282.21,269418536.33,512939818.53,34972.42,2.42864004,0.00065606,0.02099396,0.01312122,1.62022671,1.63334794,959226473.69,14.6709
2220,6.0780,1.5884,1.5884,7737.65,46441346.75,3918928.19,243548645.94,269426134.47,512974780.41,34961.88,2.42790833,0.00065596,0.02099058,0.01311911,1.62050854,1.63362765,959259435.57,14.6660
2221,6.0808,1.5882,1.5882,7752.36,46445920.81,3919066.29,243576001.02,269433730.74,513009731.76,34951.35,2.42717686,0.00065585,0.02098720,0.01311700,1.62079040,1.63390740,959292386.92,14.6611
2222,6.0835,1.5880,1.5880,7767.09,46450494.23,3919204.36,243603347.44,269441325.14,513044672.58,34940.82,2.42644562,0.00065574,0.02098383,0.01311489,1.62107229,1.63418718,959325327.74,14.6563
2223,6.0862,1.5878,1.5878,7781.86,46455067.01,3919342.40,243630685.21,269448917.66,513079602.87,34930.29,2.42571462,0.00065564,0.02098046,0.01311279,1.62135421,1.63446699,959358258.03,14.6514
2224,6.0890,1.5875,1.5875,7796.65,46459639.14,3919480.40,243658014.32,269456508.31,513114522.63,34919.77,2.42498385,0.00065553,0.02097708,0.01311068,1.62163616,1.63474684,959391177.80,14.6465
2225,6.0917,1.5873,1.5873,7811.47,46464210.63,3919618.37,243685334.79,269464097.09,513149431.88,34909.25,2.42425331,0.00065543,0.02097371,0.01310857,1.62191815,1.63502672,959424087.04,14.6417
2226,6.0945,1.5871,1.5871,7826.32,46468781.48,3919756.31,243712646.62,269471683.99,513184330.61,34898.73,2.42352301,0.00065532,0.02097034,0.01310646,1.62220017,1.63530664,959456985.78,14.6368
2227,6.0972,1.5869,1.5869,7841.19,46473351.68,3919894.22,243739949.80,269479269.03,513219218.83,34888.22,2.42279295,0.00065522,0.02096697,0.01310436,1.62248223,1.63558658,959489873.99,14.6320
2228,6.0999,1.5867,1.5867,7856.10,46477921.24,3920032.10,243767244.35,269486852.19,513254096.54,34877.71,2.42206312,0.00065511,0.02096360,0.01310225,1.62276431,1.63586656,959522751.70,14.6271
2229,6.1027,1.5864,1.5864,7871.03,46482490.17,3920169.94,243794530.25,269494433.49,513288963.74,34867.20,2.42133353,0.00065501,0.02096023,0.01310014,1.62304643,1.63614657,959555618.91,14.6222
2230,6.1054,1.5862,1.5862,7885.99,46487058.44,3920307.75,243821807.53,269502012.92,513323820.44,34856.70,2.42060417,0.00065490,0.02095686,0.01309804,1.62332858,1.63642662,959588475.61,14.6174
2231,6.1081,1.5860,1.5860,7900.98,46491626.08,3920445.54,243849076.17,269509590.47,513358666.64,34846.20,2.41987504,0.00065480,0.02095349,0.01309593,1.62361076,1.63670670,959621321.81,14.6125
2232,6.1109,1.5858,1.5858,7916.00,46496193.08,3920583.28,243876336.18,269517166.17,513393502.35,34835.70,2.41914615,0.00065469,0.02095013,0.01309383,1.62389298,1.63698681,959654157.51,14.6077
2233,6.1136,1.5855,1.5855,7931.05,46500759.43,3920721.00,243903587.57,269524739.99,513428327.56,34825.21,2.41841750,0.00065459,0.02094676,0.01309172,1.62417523,1.63726695,959686982.72,14.6028
2234,6.1164,1.5853,1.5853,7946.12,46505325.14,3920858.69,243930830.34,269532311.95,513463142.28,34814.72,2.41768907,0.00065448,0.02094339,0.01308962,1.62445751,1.63754713,959719797.45,14.5980
2235,6.1191,1.5851,1.5851,7961.23,46509890.21,3920996.34,243958064.48,269539882.04,513497946.52,34804.24,2.41696089,0.00065438,0.02094003,0.01308752,1.62473982,1.63782734,959752601.68,14.5932
2236,6.1218,1.5849,1.5849,7976.36,46514454.64,3921133.96,243985290.01,269547450.27,513532740.27,34793.75,2.41623293,0.00065427,0.02093666,0.01308541,1.62502216,1.63810758,959785395.44,14.5883
2237,6.1246,1.5846,1.5846,7991.52,46519018.43,3921271.55,244012506.92,269555016.63,513567523.55,34783.28,2.41550522,0.00065417,0.02093330,0.01308331,1.62530454,1.63838785,959818178.71,14.5835
2238,6.1273,1.5844,1.5844,8006.71,46523581.57,3921409.11,244039715.22,269562581.13,513602296.35,34772.80,2.41477773,0.00065406,0.02092993,0.01308121,1.62558695,1.63866816,959850951.51,14.5786
2239,6.1300,1.5842,1.5842,8021.93,46528144.08,3921546.63,244066914.91,269570143.76,513637058.68,34762.33,2.41405048,0.00065396,0.02092657,0.01307911,1.62586940,1.63894850,959883713.84,14.5738
2240,6.1328,1.5840,1.5840,8037.18,46532705.94,3921684.13,244094106.00,269577704.53,513671810.53,34751.86,2.41332346,0.00065385,0.02092321,0.01307701,1.62615187,1.63922888,959916465.70,14.5690
2241,6.1355,1.5838,1.5838,8052.46,46537267.16,3921821.59,244121288.48,269585263.45,513706551.93,34741.39,2.41259668,0.00065375,0.02091985,0.01307491,1.62643438,1.63950929,959949207.09,14.5641
2242,6.1383,1.5835,1.5835,8067.77,46541827.75,3921959.02,244148462.36,269592820.49,513741282.86,34730.93,2.41187013,0.00065364,0.02091649,0.01307280,1.62671692,1.63978973,959981938.02,14.5593
2243,6.1410,1.5833,1.5833,8083.10,46546387.69,3922096.42,244175627.64,269600375.68,513776003.33,34720.47,2.41114381,0.00065354,0.02091313,0.01307070,1.62699950,1.64007020,960014658.49,14.5545
2244,6.1437,1.5831,1.5831,8098.47,46550946.99,3922233.79,244202784.33,269607929.01,513810713.34,34710.02,2.41041773,0.00065343,0.02090977,0.01306860,1.62728210,1.64035071,960047368.50,14.5497
2245,6.1465,1.5829,1.5829,8113.86,46555505.65,3922371.12,244229932.42,269615480.48,513845412.90,34699.56,2.40969188,0.00065333,0.02090641,0.01306651,1.62756474,1.64063125,960080068.07,14.5448
2246,6.1492,1.5826,1.5826,8129.28,46560063.66,3922508.42,244257071.92,269623030.10,513880102.02,34689.11,2.40896627,0.00065322,0.02090305,0.01306441,1.62784741,1.64091182,960112757.18,14.5400
2247,6.1520,1.5824,1.5824,8144.74,46564621.04,3922645.70,244284202.84,269630577.85,513914780.69,34678.67,2.40824089,0.00065312,0.02089969,0.01306231,1.62813012,1.64119242,960145435.85,14.5352
2248,6.1547,1.5822,1.5822,8160.22,46569177.78,3922782.94,244311325.17,269638123.75,513949448.91,34668.23,2.40751574,0.00065301,0.02089634,0.01306021,1.62841285,1.64147306,960178104.08,14.5304
2249,6.1574,1.5820,1.5820,8175.73,46573733.88,3922920.14,244338438.92,269645667.78,513984106.70,34657.79,2.40679082,0.00065291,0.02089298,0.01305811,1.62869562,1.64175373,960210761.86,14.5256
2250,6.1602,1.5818,1.5818,8191.27,46578289.33,3923057.32,244365544.09,269653209.97,514018754.05,34647.35,2.40606614,0.00065280,0.02088963,0.01305602,1.62897842,1.64203444,960243409.22,14.5207
2251,6.1629,1.5815,1.5815,8206.84,46582844.15,3923194.47,244392640.68,269660750.30,514053390.97,34636.92,2.40534169,0.00065270,0.02088627,0.01305392,1.62926126,1.64231518,960276046.14,14.5159
2252,6.1656,1.5813,1.5813,8222.44,46587398.33,3923331.58,244419728.70,269668288.77,514088017.47,34626.49,2.40461747,0.00065259,0.02088292,0.01305182,1.62954412,1.64259595,960308672.63,14.5111
2253,6.1684,1.5811,1.5811,8238.07,46591951.87,3923468.66,244446808.14,269675825.39,514122633.53,34616.07,2.40389349,0.00065249,0.02087956,0.01304973,1.62982702,1.64287675,960341288.70,14.5063
2254,6.1711,1.5809,1.5809,8253.73,46596504.76,3923605.71,244473879.02,269683360.15,514157239.18,34605.64,2.40316974,0.00065238,0.02087621,0.01304763,1.63010995,1.64315759,960373894.34,14.5015
2255,6.1739,1.5806,1.5806,8269.42,46601057.02,3923742.73,244500941.33,269690893.07,514191834.40,34595.23,2.40244622,0.00065228,0.02087286,0.01304554,1.63039292,1.64343846,960406489.56,14.4967
2256,6.1766,1.5804,1.5804,8285.14,46605608.64,3923879.72,244527995.08,269698424.13,514226419.21,34584.81,2.40172293,0.00065217,0.02086951,0.01304344,1.63067592,1.64371936,960439074.38,14.4919
2257,6.1793,1.5802,1.5802,8300.88,46610159.62,3924016.67,244555040.27,269705953.34,514260993.61,34574.40,2.40099988,0.00065207,0.02086616,0.01304135,1.63095895,1.64400029,960471648.77,14.4871
2258,6.1821,1.5800,1.5800,8316.66,46614709.96,3924153.59,244582076.91,269713480.69,514295557.60,34563.99,2.40027706,0.00065196,0.02086281,0.01303925,1.63124201,1.64428126,960504212.76,14.4823
2259,6.1848,1.5798,1.5798,8332.47,46619259.66,3924290.49,244609104.98,269721006.20,514330111.18,34553.58,2.39955447,0.00065186,0.02085946,0.01303716,1.63152510,1.64456226,960536766.35,14.4775
2260,6.1875,1.5795,1.5795,8348.31,46623808.72,3924427.35,244636124.51,269728529.86,514364654.37,34543.18,2.39883211,0.00065175,0.02085611,0.01303507,1.63180823,1.64484330,960569309.53,14.4727
2261,6.1903,1.5793,1.5793,8364.18,46628357.14,3924564.18,244663135.48,269736051.67,514399187.15,34532.78,2.39810999,0.00065165,0.02085276,0.01303297,1.63209139,1.64512436,960601842.31,14.4679
2262,6.1930,1.5791,1.5791,8380.08,46632904.92,3924700.97,244690137.91,269743571.63,514433709.54,34522.39,2.39738810,0.00065154,0.02084941,0.01303088,1.63237458,1.64540546,960634364.70,14.4631
2263,6.1958,1.5789,1.5789,8396.01,46637452.06,3924837.74,244717131.79,269751089.74,514468221.54,34512.00,2.39666644,0.00065144,0.02084606,0.01302879,1.63265781,1.64568660,960666876.70,14.4583
2264,6.1985,1.5786,1.5786,8411.97,46641998.56,3924974.47,244744117.14,269758606.01,514502723.14,34501.61,2.39594501,0.00065133,0.02084272,0.01302670,1.63294106,1.64596776,960699378.31,14.4535
2265,6.2012,1.5784,1.5784,8427.96,46646544.43,3925111.18,244771093.94,269766120.43,514537214.37,34491.22,2.39522381,0.00065123,0.02083937,0.01302461,1.63322435,1.64624896,960731869.53,14.4487
2266,6.2040,1.5782,1.5782,8443.98,46651089.65,3925247.85,244798062.21,269773633.00,514571695.21,34480.84,2.39450285,0.00065113,0.02083603,0.01302252,1.63350768,1.64653019,960764350.37,14.4439
2267,6.2067,1.5780,1.5780,8460.03,46655634.24,3925384.49,244825021.94,269781143.73,514606165.67,34470.46,2.39378212,0.00065102,0.02083268,0.01302043,1.63379103,1.64681146,960796820.83,14.4391
2268,6.2094,1.5778,1.5778,8476.11,46660178.19,3925521.09,244851973.14,269788652.61,514640625.76,34460.09,2.39306161,0.00065092,0.02082934,0.01301834,1.63407442,1.64709276,960829280.92,14.4344
2269,6.2122,1.5775,1.5775,8492.22,46664721.50,3925657.67,244878915.82,269796159.65,514675075.47,34449.72,2.39234135,0.00065081,0.02082600,0.01301625,1.63435784,1.64737409,960861730.64,14.4296
2270,6.2149,1.5773,1.5773,8508.36,46669264.17,3925794.22,244905849.97,269803664.85,514709514.82,34439.35,2.39162131,0.00065071,0.02082266,0.01301416,1.63464129,1.64765545,960894169.98,14.4248
2271,6.2177,1.5771,1.5771,8524.54,46673806.21,3925930.73,244932775.60,269811168.20,514743943.80,34428.98,2.39090150,0.00065060,0.02081931,0.01301207,1.63492478,1.64793685,960926598.96,14.4200
2272,6.2204,1.5769,1.5769,8540.74,46678347.60,3926067.21,244959692.71,269818669.72,514778362.42,34418.62,2.39018193,0.00065050,0.02081597,0.01300998,1.63520830,1.64821828,960959017.58,14.4153
2273,6.2231,1.5767,1.5767,8556.97,46682888.36,3926203.66,244986601.30,269826169.39,514812770.68,34408.26,2.38946258,0.00065039,0.02081263,0.01300790,1.63549185,1.64849974,960991425.85,14.4105
2274,6.2259,1.5764,1.5764,8573.24,46687428.48,3926340.08,245013501.37,269833667.22,514847168.59,34397.91,2.38874347,0.00065029,0.02080929,0.01300581,1.63577543,1.64878124,961023823.75,14.4057
2275,6.2286,1.5762,1.5762,8589.54,46691967.96,3926476.47,245040392.94,269841163.21,514881556.14,34387.55,2.38802459,0.00065019,0.02080596,0.01300372,1.63605905,1.64906277,961056211.31,14.4009
2276,6.2313,1.5760,1.5760,8605.86,46696506.80,3926612.83,245067275.99,269848657.36,514915933.35,34377.21,2.38730593,0.00065008,0.02080262,0.01300164,1.63634270,1.64934433,961088588.51,14.3962
2277,6.2341,1.5758,1.5758,8622.22,46701045.01,3926749.15,245094150.54,269856149.67,514950300.21,34366.86,2.38658751,0.00064998,0.02079928,0.01299955,1.63662638,1.64962593,961120955.37,14.3914
2278,6.2368,1.5755,1.5755,8638.61,46705582.57,3926885.44,245121016.59,269863640.14,514984656.73,34356.52,2.38586933,0.00064987,0.02079594,0.01299746,1.63691009,1.64990756,961153311.89,14.3866
2279,6.2396,1.5753,1.5753,8655.03,46710119.50,3927021.71,245147874.13,269871128.77,515019002.91,34346.18,2.38515137,0.00064977,0.02079261,0.01299538,1.63719384,1.65018922,961185658.07,14.3819
2280,6.2423,1.5751,1.5751,8671.48,46714655.80,3927157.94,245174723.18,269878615.57,515053338.75,34335.84,2.38443364,0.00064966,0.02078927,0.01299329,1.63747762,1.65047091,961217993.91,14.3771
2281,6.2450,1.5749,1.5749,8687.97,46719191.45,3927294.14,245201563.73,269886100.54,515087664.26,34325.51,2.38371614,0.00064956,0.02078594,0.01299121,1.63776143,1.65075264,961250319.43,14.3724
2282,6.2478,1.5747,1.5747,8704.48,46723726.47,3927430.30,245228395.79,269893583.66,515121979.45,34315.18,2.38299888,0.00064946,0.02078260,0.01298913,1.63804527,1.65103440,961282634.61,14.3676
2283,6.2505,1.5744,1.5744,8721.03,46728260.85,3927566.44,245255219.35,269901064.95,515156284.31,34304.86,2.38228184,0.00064935,0.02077927,0.01298704,1.63832915,1.65131619,961314939.47,14.3628
2284,6.2533,1.5742,1.5742,8737.60,46732794.59,3927702.55,245282034.43,269908544.41,515190578.84,34294.54,2.38156503,0.00064925,0.02077594,0.01298496,1.63861306,1.65159802,961347234.00,14.3581
2285,6.2560,1.5740,1.5740,8754.21,46737327.70,3927838.62,245308841.03,269916022.03,515224863.06,34284.22,2.38084846,0.00064914,0.02077260,0.01298288,1.63889700,1.65187988,961379518.22,14.3533
2286,6.2587,1.5738,1.5738,8770.85,46741860.17,3927974.66,245335639.14,269923497.82,515259136.96,34273.90,2.38013211,0.00064904,0.02076927,0.01298079,1.63918098,1.65216177,961411792.12,14.3486
2287,6.2615,1.5736,1.5736,8787.52,46746392.00,3928110.67,245362428.77,269930971.78,515293400.55,34263.59,2.37941600,0.00064894,0.02076594,0.01297871,1.63946498,1.65244370,961444055.72,14.3438
2288,6.2642,1.5733,1.5733,8804.23,46750923.20,3928246.65,245389209.93,269938443.90,515327653.83,34253.28,2.37870011,0.00064883,0.02076261,0.01297663,1.63974902,1.65272565,961476309.00,14.3391
2289,6.2669,1.5731,1.5731,8820.96,46755453.75,3928382.60,245415982.61,269945914.20,515361896.81,34242.98,2.37798445,0.00064873,0.02075928,0.01297455,1.64003310,1.65300765,961508551.97,14.3343
2290,6.2697,1.5729,1.5729,8837.73,46759983.68,3928518.52,245442746.82,269953382.66,515396129.48,34232.67,2.37726903,0.00064862,0.02075595,0.01297247,1.64031720,1.65328967,961540784.65,14.3296
2291,6.2724,1.5727,1.5727,8854.53,46764512.96,3928654.41,245469502.57,269960849.29,515430351.86,34222.38,2.37655383,0.00064852,0.02075262,0.01297039,1.64060134,1.65357173,961573007.02,14.3249
2292,6.2752,1.5724,1.5724,8871.36,46769041.61,3928790.26,245496249.84,269968314.10,515464563.94,34212.08,2.37583887,0.00064842,0.02074930,0.01296831,1.64088551,1.65385382,961605219.10,14.3201
2293,6.2779,1.5722,1.5722,8888.22,46773569.62,3928926.08,245522988.65,269975777.07,515498765.73,34201.79,2.37512413,0.00064831,0.02074597,0.01296623,1.64116971,1.65413594,961637420.89,14.3154
2294,6.2806,1.5720,1.5720,8905.12,46778097.00,3929061.88,245549719.01,269983238.22,515532957.23,34191.50,2.37440962,0.00064821,0.02074264,0.01296415,1.64145395,1.65441810,961669612.39,14.3106
2295,6.2834,1.5718,1.5718,8922.05,46782623.74,3929197.64,245576440.90,269990697.54,515567138.44,34181.21,2.37369535,0.00064810,0.02073932,0.01296207,1.64173822,1.65470029,961701793.60,14.3059
2296,6.2861,1.5716,1.5716,8939.01,46787149.84,3929333.37,245603154.34,269998155.03,515601309.37,34170.93,2.37298130,0.00064800,0.02073599,0.01296000,1.64202252,1.65498251,961733964.53,14.3012
2297,6.2888,1.5713,1.5713,8956.00,46791675.31,3929469.07,245629859.32,270005610.70,515635470.02,34160.65,2.37226748,0.00064790,0.02073267,0.01295792,1.64230685,1.65526477,961766125.18,14.2964
2298,6.2916,1.5711,1.5711,8973.02,46796200.15,3929604.73,245656555.86,270013064.54,515669620.40,34150.38,2.37155389,0.00064779,0.02072935,0.01295584,1.64259122,1.65554706,961798275.56,14.2917
2299,6.2943,1.5709,1.5709,8990.08,46800724.34,3929740.37,245683243.95,270020516.55,515703760.50,34140.10,2.37084053,0.00064769,0.02072602,0.01295376,1.64287562,1.65582938,961830415.66,14.2870
2300,6.2971,1.5707,1.5707,9007.17,46805247.90,3929875.98,245709923.59,270027966.74,515737890.33,34129.83,2.37012740,0.00064758,0.02072270,0.01295169,1.64316005,1.65611173,961862545.50,14.2823
2301,6.2998,1.5705,1.5705,9024.29,46809770.83,3930011.55,245736594.79,270035415.11,515772009.90,34119.57,2.36941449,0.00064748,0.02071938,0.01294961,1.64344451,1.65639412,961894665.07,14.2775
2302,6.3025,1.5702,1.5702,9041.44,46814293.12,3930147.09,245763257.55,270042861.66,515806119.21,34109.31,2.36870182,0.00064738,0.02071606,0.01294754,1.64372901,1.65667654,961926774.37,14.2728
2303,6.3053,1.5700,1.5700,9058.63,46818814.77,3930282.60,245789911.88,270050306.38,515840218.26,34099.05,2.36798938,0.00064727,0.02071274,0.01294546,1.64401354,1.65695900,961958873.42,14.2681
2304,6.3080,1.5698,1.5698,9075.85,46823335.79,3930418.08,245816557.77,270057749.28,515874307.05,34088.79,2.36727716,0.00064717,0.02070942,0.01294339,1.64429810,1.65724149,961990962.21,14.2634
2305,6.3107,1.5696,1.5696,9093.10,46827856.17,3930553.53,245843195.23,270065190.35,515908385.59,34078.54,2.36656517,0.00064707,0.02070610,0.01294131,1.64458269,1.65752401,962023040.75,14.2587
2306,6.3135,1.5694,1.5694,9110.38,46832375.92,3930688.95,245869824.26,270072629.61,515942453.88,34068.29,2.36585341,0.00064696,0.02070278,0.01293924,1.64486732,1.65780656,962055109.04,14.2539
2307,6.3162,1.5691,1.5691,9127.70,46836895.03,3930824.34,245896444.87,270080067.05,515976511.92,34058.04,2.36514188,0.00064686,0.02069946,0.01293716,1.64515198,1.65808915,962087167.08,14.2492
2308,6.3190,1.5689,1.5689,9145.05,46841413.51,3930959.70,245923057.05,270087502.67,516010559.72,34047.80,2.36443058,0.00064675,0.02069615,0.01293509,1.64543668,1.65837177,962119214.88,14.2445
2309,6.3217,1.5687,1.5687,9162.43,46845931.35,3931095.02,245949660.81,270094936.47,516044597.28,34037.56,2.36371951,0.00064665,0.02069283,0.01293302,1.64572140,1.65865442,962151252.44,14.2398
2310,6.3244,1.5685,1.5685,9179.85,46850448.56,3931230.31,245976256.16,270102368.45,516078624.60,34027.32,2.36300866,0.00064655,0.02068951,0.01293095,1.64600616,1.65893710,962183279.77,14.2351
2311,6.3272,1.5683,1.5683,9197.30,46854965.14,3931365.58,246002843.08,270109798.61,516112641.70,34017.09,2.36229805,0.00064644,0.02068620,0.01292887,1.64629095,1.65921982,962215296.86,14.2304
2312,6.3299,1.5680,1.5680,9214.78,46859481.08,3931500.81,246029421.60,270117226.96,516146648.56,34006.86,2.36158766,0.00064634,0.02068288,0.01292680,1.64657577,1.65950257,962247303.72,14.2257
2313,6.3326,1.5678,1.5678,9232.30,46863996.38,3931636.01,246055991.70,270124653.49,516180645.19,33996.64,2.36087750,0.00064624,0.02067957,0.01292473,1.64686063,1.65978536,962279300.36,14.2210
2314,6.3354,1.5676,1.5676,9249.85,46868511.05,3931771.18,246082553.40,270132078.20,516214631.61,33986.41,2.36016756,0.00064613,0.02067626,0.01292266,1.64714552,1.66006818,962311286.77,14.2163
2315,6.3381,1.5674,1.5674,9267.43,46873025.08,3931906.32,246109106.70,270139501.10,516248607.80,33976.19,2.35945786,0.00064603,0.02067294,0.01292059,1.64743044,1.66035103,962343262.96,14.2116
2316,6.3409,1.5672,1.5672,9285.04,46877538.49,3932041.42,246135651.59,270146922.19,516282573.78,33965.98,2.35874838,0.00064593,0.02066963,0.01291852,1.64771539,1.66063391,962375228.94,14.2069
2317,6.3436,1.5669,1.5669,9302.69,46882051.25,3932176.50,246162188.08,270154341.46,516316529.54,33955.76,2.35803913,0.00064582,0.02066632,0.01291645,1.64800038,1.66091683,962407184.70,14.2022
2318,6.3463,1.5667,1.5667,9320.38,46886563.38,3932311.55,246188716.17,270161758.92,516350475.09,33945.55,2.35733011,0.00064572,0.02066301,0.01291438,1.64828540,1.66119978,962439130.26,14.1975
2319,6.3491,1.5665,1.5665,9338.09,46891074.88,3932446.56,246215235.88,270169174.57,516384410.44,33935.35,2.35662132,0.00064562,0.02065970,0.01291231,1.64857045,1.66148276,962471065.60,14.1928
2320,6.3518,1.5663,1.5663,9355.84,46895585.75,3932581.54,246241747.19,270176588.40,516418335.58,33925.14,2.35591275,0.00064551,0.02065639,0.01291025,1.64885554,1.66176578,962502990.75,14.1881
2321,6.3546,1.5661,1.5661,9373.63,46900095.98,3932716.50,246268250.11,270184000.42,516452250.53,33914.94,2.35520441,0.00064541,0.02065308,0.01290818,1.64914065,1.66204883,962534905.69,14.1834
2322,6.3573,1.5658,1.5658,9391.45,46904605.58,3932851.42,246294744.64,270191410.63,516486155.28,33904.75,2.35449630,0.00064531,0.02064978,0.01290611,1.64942580,1.66233191,962566810.44,14.1787
2323,6.3600,1.5656,1.5656,9409.30,46909114.54,3932986.31,246321230.79,270198819.03,516520049.83,33894.55,2.35378841,0.00064520,0.02064647,0.01290404,1.64971099,1.66261503,962598704.99,14.1741
2324,6.3628,1.5654,1.5654,9427.18,46913622.87,3933121.17,246347708.56,270206225.63,516553934.19,33884.36,2.35308075,0.00064510,0.02064316,0.01290198,1.64999620,1.66289818,962630589.35,14.1694
2325,6.3655,1.5652,1.5652,9445.10,46918130.56,3933256.00,246374177.96,270213630.41,516587808.37,33874.18,2.35237332,0.00064500,0.02063986,0.01289991,1.65028145,1.66318136,962662463.53,14.1647
2326,6.3682,1.5650,1.5650,9463.06,46922637.63,3933390.80,246400638.97,270221033.39,516621672.36,33863.99,2.35166612,0.00064489,0.02063655,0.01289784,1.65056673,1.66346457,962694327.52,14.1600
2327,6.3710,1.5647,1.5647,9481.04,46927144.06,3933525.56,246427091.62,270228434.55,516655526.17,33853.81,2.35095914,0.00064479,0.02063325,0.01289578,1.65085204,1.66374782,962726181.33,14.1553
2328,6.3737,1.5645,1.5645,9499.07,46931649.85,3933660.30,246453535.89,270235833.91,516689369.81,33843.63,2.35025239,0.00064469,0.02062994,0.01289371,1.65113739,1.66403110,962758024.97,14.1507
2329,6.3765,1.5643,1.5643,9517.12,46936155.02,3933795.00,246479971.80,270243231.47,516723203.27,33833.46,2.34954587,0.00064458,0.02062664,0.01289165,1.65142277,1.66431442,962789858.43,14.1460
2330,6.3792,1.5641,1.5641,9535.21,46940659.55,3933929.68,246506399.34,270250627.22,516757026.56,33823.29,2.34883957,0.00064448,0.02062334,0.01288959,1.65170818,1.66459777,962821681.72,14.1413
2331,6.3819,1.5639,1.5639,9553.34,46945163.44,3934064.32,246532818.52,270258021.16,516790839.68,33813.12,2.34813350,0.00064438,0.02062004,0.01288752,1.65199362,1.66488115,962853494.84,14.1366
2332,6.3847,1.5636,1.5636,9571.50,46949666.71,3934198.93,246559229.34,270265413.30,516824642.64,33802.96,2.34742766,0.00064427,0.02061673,0.01288546,1.65227910,1.66516456,962885297.80,14.1320
2333,6.3874,1.5634,1.5634,9589.69,46954169.34,3934333.51,246585631.80,270272803.63,516858435.43,33792.80,2.34672204,0.00064417,0.02061343,0.01288340,1.65256461,1.66544801,962917090.60,14.1273
2334,6.3901,1.5632,1.5632,9607.92,46958671.34,3934468.07,246612025.91,270280192.16,516892218.07,33782.64,2.34601665,0.00064407,0.02061013,0.01288133,1.65285015,1.66573149,962948873.24,14.1226
2335,6.3929,1.5630,1.5630,9626.18,46963172.70,3934602.59,246638411.67,270287578.89,516925990.56,33772.49,2.34531149,0.00064396,0.02060683,0.01287927,1.65313573,1.66601500,962980645.72,14.1180
2336,6.3956,1.5628,1.5628,9644.48,46967673.44,3934737.07,246664789.08,270294963.82,516959752.89,33762.33,2.34460655,0.00064386,0.02060354,0.01287721,1.65342134,1.66629855,963012408.06,14.1133
2337,6.3984,1.5625,1.5625,9662.81,46972173.54,3934871.53,246691158.14,270302346.94,516993505.08,33752.19,2.34390184,0.00064376,0.02060024,0.01287515,1.65370698,1.66658213,963044160.24,14.1087
2338,6.4011,1.5623,1.5623,9681.18,46976673.01,3935005.96,246717518.85,270309728.27,517027247.12,33742.04,2.34319736,0.00064365,0.02059694,0.01287309,1.65399265,1.66686574,963075902.28,14.1040
2339,6.4038,1.5621,1.5621,9699.58,46981171.84,3935140.36,246743871.23,270317107.79,517060979.02,33731.90,2.34249310,0.00064355,0.02059364,0.01287103,1.65427836,1.66714938,963107634.19,14.0993
2340,6.4066,1.5619,1.5619,9718.02,46985670.05,3935274.72,246770215.27,270324485.52,517094700.79,33721.76,2.34178906,0.00064345,0.02059035,0.01286897,1.65456410,1.66743306,963139355.95,14.0947
2341,6.4093,1.5617,1.5617,9736.49,46990167.62,3935409.06,246796550.97,270331861.44,517128412.41,33711.63,2.34108525,0.00064335,0.02058705,0.01286691,1.65484987,1.66771677,963171067.58,14.0900
2342,6.4120,1.5614,1.5614,9755.00,46994664.56,3935543.36,246822878.34,270339235.57,517162113.91,33701.50,2.34038167,0.00064324,0.02058376,0.01286485,1.65513567,1.66800052,963202769.07,14.0854
2343,6.4148,1.5612,1.5612,9773.54,46999160.87,3935677.64,246849197.38,270346607.90,517195805.28,33691.37,2.33967832,0.00064314,0.02058046,0.01286279,1.65542151,1.66828430,963234460.44,14.0807
2344,6.4175,1.5610,1.5610,9792.12,47003656.54,3935811.88,246875508.09,270353978.43,517229486.52,33681.24,2.33897518,0.00064304,0.02057717,0.01286073,1.65570738,1.66856811,963266141.68,14.0761
2345,6.4203,1.5608,1.5608,9810.73,47008151.59,3935946.09,246901810.48,270361347.16,517263157.64,33671.12,2.33827228,0.00064293,0.02057388,0.01285867,1.65599328,1.66885195,963297812.80,14.0714
2346,6.4230,1.5606,1.5606,9829.38,47012646.00,3936080.27,246928104.54,270368714.10,517296818.64,33661.00,2.33756960,0.00064283,0.02057058,0.01285662,1.65627921,1.66913583,963329473.80,14.0668
2347,6.4257,1.5603,1.5603,9848.07,47017139.78,3936214.42,246954390.28,270376079.25,517330469.53,33650.89,2.33686715,0.00064273,0.02056729,0.01285456,1.65656518,1.66941974,963361124.69,14.0622
2348,6.4285,1.5601,1.5601,9866.79,47021632.93,3936348.54,246980667.71,270383442.60,517364110.30,33640.77,2.33616492,0.00064263,0.02056400,0.01285250,1.65685118,1.66970368,963392765.47,14.0575
2349,6.4312,1.5599,1.5599,9885.54,47026125.45,3936482.63,247006936.82,270390804.15,517397740.97,33630.67,2.33546291,0.00064252,0.02056071,0.01285045,1.65713722,1.66998766,963424396.13,14.0529
2350,6.4339,1.5597,1.5597,9904.33,47030617.34,3936616.69,247033197.62,270398163.91,517431361.53,33620.56,2.33476113,0.00064242,0.02055742,0.01284839,1.65742328,1.67027167,963456016.69,14.0482
2351,6.4367,1.5595,1.5595,9923.16,47035108.60,3936750.72,247059450.10,270405521.88,517464971.99,33610.46,2.33405958,0.00064232,0.02055413,0.01284633,1.65770938,1.67055571,963487627.15,14.0436
2352,6.4394,1.5592,1.5592,9942.02,47039599.22,3936884.71,247085694.29,270412878.06,517498572.35,33600.36,2.33335825,0.00064221,0.02055085,0.01284428,1.65799551,1.67083979,963519227.51,14.0390
2353,6.4422,1.5590,1.5590,9960.92,47044089.21,3937018.68,247111930.16,270420232.45,517532162.61,33590.26,2.33265715,0.00064211,0.02054756,0.01284222,1.65828168,1.67112390,963550817.77,14.0343
2354,6.4449,1.5588,1.5588,9979.85,47048578.58,3937152.62,247138157.74,270427585.04,517565742.78,33580.17,2.33195627,0.00064201,0.02054427,0.01284017,1.65856787,1.67140804,963582397.94,14.0297
2355,6.4476,1.5586,1.5586,9998.82,47053067.31,3937286.52,247164377.02,270434935.84,517599312.86,33570.08,2.33125561,0.00064191,0.02054098,0.01283812,1.65885410,1.67169222,963613968.02,14.0251
2356,6.4504,1.5584,1.5584,10017.83,47057555.41,3937420.40,247190588.00,270442284.86,517632872.86,33559.99,2.33055518,0.00064180,0.02053770,0.01283606,1.65914037,1.67197643,963645528.02,14.0204
2357,6.4531,1.5581,1.5581,10036.87,47062042.88,3937554.24,247216790.69,270449632.08,517666422.77,33549.91,2.32985498,0.00064170,0.02053441,0.01283401,1.65942666,1.67226067,963677077.93,14.0158
2358,6.4559,1.5579,1.5579,10055.95,47066529.72,3937688.05,247242985.08,270456977.52,517699962.60,33539.83,2.32915500,0.00064160,0.02053113,0.01283196,1.65971299,1.67254494,963708617.76,14.0112
2359,6.4586,1.5577,1.5577,10075.06,47071015.93,3937821.84,247269171.19,270464321.16,517733492.35,33529.76,2.32845524,0.00064150,0.02052785,0.01282990,1.65999935,1.67282925,963740147.52,14.0066
2360,6.4613,1.5575,1.5575,10094.21,47075501.51,3937955.59,247295349.01,270471663.02,517767012.04,33519.68,2.32775571,0.00064139,0.02052456,0.01282785,1.66028574,1.67311359,963771667.20,14.0020
2361,6.4641,1.5573,1.5573,10113.40,47079986.46,3938089.31,247321518.55,270479003.10,517800521.65,33509.61,2.32705640,0.00064129,0.02052128,0.01282580,1.66057217,1.67339797,963803176.81,13.9973
2362,6.4668,1.5571,1.5571,10132.63,47084470.78,3938223.00,247347679.81,270486341.39,517834021.19,33499.55,2.32635732,0.00064119,0.02051800,0.01282375,1.66085863,1.67368238,963834676.36,13.9927
2363,6.4695,1.5568,1.5568,10151.89,47088954.47,3938356.66,247373832.79,270493677.89,517867510.68,33489.48,2.32565846,0.00064108,0.02051472,0.01282170,1.66114512,1.67396682,963866165.84,13.9881
2364,6.4723,1.5566,1.5566,10171.18,47093437.53,3938490.29,247399977.49,270501012.60,517900990.10,33479.42,2.32495982,0.00064098,0.02051144,0.01281965,1.66143164,1.67425129,963897645.26,13.9835
2365,6.4750,1.5564,1.5564,10190.52,47097919.96,3938623.89,247426113.93,270508345.54,517934459.46,33469.36,2.32426141,0.00064088,0.02050816,0.01281760,1.66171820,1.67453580,963929114.62,13.9789
2366,6.4778,1.5562,1.5562,10209.89,47102401.75,3938757.46,247452242.09,270515676.68,517967918.77,33459.31,2.32356323,0.00064078,0.02050488,0.01281555,1.66200479,1.67482034,963960573.94,13.9743
2367,6.4805,1.5560,1.5560,10229.30,47106882.92,3938891.00,247478361.98,270523006.05,518001368.03,33449.26,2.32286526,0.00064068,0.02050160,0.01281350,1.66229141,1.67510491,963992023.20,13.9697
2368,6.4832,1.5557,1.5557,10248.74,47111363.46,3939024.50,247504473.61,270530333.63,518034807.24,33439.21,2.32216752,0.00064057,0.02049832,0.01281145,1.66257807,1.67538952,964023462.41,13.9651
2369,6.4860,1.5555,1.5555,10268.22,47115843.37,3939157.98,247530576.98,270537659.43,518068236.41,33429.17,2.32147001,0.00064047,0.02049505,0.01280940,1.66286476,1.67567416,964054891.58,13.9605
2370,6.4887,1.5553,1.5553,10287.74,47120322.65,3939291.43,247556672.09,270544983.45,518101655.54,33419.13,2.32077271,0.00064037,0.02049177,0.01280736,1.66315148,1.67595883,964086310.70,13.9559
2371,6.4914,1.5551,1.5551,10307.29,47124801.30,3939424.84,247582758.94,270552305.69,518135064.63,33409.09,2.32007564,0.00064027,0.02048849,0.01280531,1.66343823,1.67624354,964117719.79,13.9513
2372,6.4942,1.5549,1.5549,10326.89,47129279.33,3939558.23,247608837.53,270559626.15,518168463.68,33399.05,2.31937880,0.00064016,0.02048522,0.01280326,1.66372502,1.67652828,964149118.85,13.9467
2373,6.4969,1.5547,1.5547,10346.52,47133756.72,3939691.58,247634907.88,270566944.83,518201852.71,33389.02,2.31868218,0.00064006,0.02048194,0.01280121,1.66401184,1.67681305,964180507.87,13.9421
2374,6.4997,1.5544,1.5544,10366.18,47138233.48,3939824.91,247660969.97,270574261.73,518235231.70,33379.00,2.31798578,0.00063996,0.02047867,0.01279917,1.66429869,1.67709786,964211886.87,13.9375
2375,6.5024,1.5542,1.5542,10385.89,47142709.61,3939958.20,247687023.82,270581576.85,518268600.67,33368.97,2.31728960,0.00063986,0.02047540,0.01279712,1.66458558,1.67738270,964243255.84,13.9329
2376,6.5051,1.5540,1.5540,10405.63,47147185.12,3940091.47,247713069.42,270588890.20,518301959.62,33358.95,2.31659365,0.00063975,0.02047212,0.01279508,1.66487250,1.67766757,964274614.78,13.9283
2377,6.5079,1.5538,1.5538,10425.41,47151660.00,3940224.70,247739106.79,270596201.76,518335308.55,33348.93,2.31589792,0.00063965,0.02046885,0.01279303,1.66515945,1.67795248,964305963.71,13.9237
2378,6.5106,1.5536,1.5536,10445.23,47156134.24,3940357.90,247765135.91,270603511.55,518368647.47,33338.91,2.31520241,0.00063955,0.02046558,0.01279099,1.66544643,1.67823742,964337302.63,13.9191
2379,6.5133,1.5533,1.5533,10465.08,47160607.86,3940491.08,247791156.80,270610819.57,518401976.37,33328.90,2.31450713,0.00063945,0.02046231,0.01278894,1.66573345,1.67852239,964368631.53,13.9145
2380,6.5161,1.5531,1.5531,10484.97,47165080.85,3940624.22,247817169.45,270618125.81,518435295.26,33318.89,2.31381207,0.00063934,0.02045904,0.01278690,1.66602049,1.67880739,964399950.43,13.9099
2381,6.5188,1.5529,1.5529,10504.90,47169553.21,3940757.33,247843173.88,270625430.27,518468604.15,33308.89,2.31311723,0.00063924,0.02045577,0.01278486,1.66630758,1.67909243,964431259.31,13.9053
2382,6.5216,1.5527,1.5527,10524.87,47174024.95,3940890.41,247869170.07,270632732.96,518501903.04,33298.89,2.31242261,0.00063914,0.02045250,0.01278281,1.66659469,1.67937750,964462558.20,13.9008
2383,6.5243,1.5525,1.5525,10544.88,47178496.05,3941023.46,247895158.04,270640033.88,518535191.92,33288.89,2.31172822,0.00063904,0.02044923,0.01278077,1.66688184,1.67966261,964493847.09,13.8962
2384,6.5270,1.5522,1.5522,10564.92,47182966.53,3941156.48,247921137.79,270647333.03,518568470.81,33278.89,2.31103405,0.00063894,0.02044597,0.01277873,1.66716902,1.67994775,964525125.98,13.8916
2385,6.5298,1.5520,1.5520,10585.00,47187436.38,3941289.47,247947109.31,270654630.40,518601739.71,33268.90,2.31034010,0.00063883,0.02044270,0.01277669,1.66745623,1.68023292,964556394.87,13.8870
2386,6.5325,1.5518,1.5518,10605.12,47191905.60,3941422.43,247973072.62,270661926.00,518634998.62,33258.91,2.30964638,0.00063873,0.02043943,0.01277465,1.66774348,1.68051812,964587653.78,13.8824
2387,6.5352,1.5516,1.5516,10625.28,47196374.19,3941555.36,247999027.71,270669219.83,518668247.54,33248.92,2.30895287,0.00063863,0.02043617,0.01277260,1.66803076,1.68080336,964618902.70,13.8779
2388,6.5380,1.5514,1.5514,10645.48,47200842.15,3941688.26,248024974.59,270676511.89,518701486.48,33238.94,2.30825959,0.00063853,0.02043290,0.01277056,1.66831807,1.68108863,964650141.64,13.8733
2389,6.5407,1.5512,1.5512,10665.72,47205309.49,3941821.13,248050913.26,270683802.17,518734715.44,33228.96,2.30756653,0.00063843,0.02042964,0.01276852,1.66860541,1.68137394,964681370.60,13.8687
2390,6.5435,1.5509,1.5509,10685.99,47209776.20,3941953.97,248076843.72,270691090.69,518767934.42,33218.98,2.30687370,0.00063832,0.02042637,0.01276648,1.66889279,1.68165927,964712589.58,13.8642
2391,6.5462,1.5507,1.5507,10706.30,47214242.28,3942086.78,248102765.98,270698377.44,518801143.42,33209.01,2.30618108,0.00063822,0.02042311,0.01276444,1.66918020,1.68194465,964743798.59,13.8596
2392,6.5489,1.5505,1.5505,10726.65,47218707.73,3942219.56,248128680.03,270705662.43,518834342.46,33199.04,2.30548869,0.00063812,0.02041985,0.01276241,1.66946764,1.68223005,964774997.62,13.8550
2393,6.5517,1.5503,1.5503,10747.04,47223172.56,3942352.30,248154585.89,270712945.64,518867531.53,33189.07,2.30479652,0.00063802,0.02041659,0.01276037,1.66975512,1.68251549,964806186.69,13.8505
2394,6.5544,1.5501,1.5501,10767.47,47227636.75,3942485.02,248180483.55,270720227.09,518900710.64,33179.11,2.30410457,0.00063792,0.02041333,0.01275833,1.67004263,1.68280096,964837365.80,13.8459
2395,6.5572,1.5499,1.5499,10787.94,47232100.33,3942617.71,248206373.01,270727506.77,518933879.78,33169.14,2.30341284,0.00063781,0.02041007,0.01275629,1.67033017,1.68308646,964868534.94,13.8413
2396,6.5599,1.5496,1.5496,10808.44,47236563.27,3942750.37,248232254.28,270734784.69,518967038.97,33159.19,2.30272133,0.00063771,0.02040681,0.01275425,1.67061774,1.68337200,964899694.13,13.8368
2397,6.5626,1.5494,1.5494,10828.99,47241025.59,3942882.99,248258127.36,270742060.84,519000188.20,33149.23,2.30203005,0.00063761,0.02040355,0.01275222,1.67090535,1.68365757,964930843.36,13.8322
2398,6.5654,1.5492,1.5492,10849.57,47245487.28,3943015.59,248283992.26,270749335.23,519033327.48,33139.28,2.30133898,0.00063751,0.02040029,0.01275018,1.67119299,1.68394317,964961982.65,13.8277
2399,6.5681,1.5490,1.5490,10870.20,47249948.34,3943148.16,248309848.97,270756607.85,519066456.82,33129.33,2.30064814,0.00063741,0.02039703,0.01274814,1.67148066,1.68422881,964993111.98,13.8231
2400,6.5708,1.5488,1.5488,10890.86,47254408.77,3943280.69,248335697.50,270763878.71,519099576.20,33119.39,2.29995752,0.00063731,0.02039377,0.01274611,1.67176837,1.68451448,965024231.37,13.8186
2401,6.5736,1.5485,1.5485,10911.56,47258868.58,3943413.20,248361537.85,270771147.80,519132685.65,33109.45,2.29926712,0.00063720,0.02039052,0.01274407,1.67205611,1.68480018,965055340.81,13.8140
2402,6.5763,1.5483,1.5483,10932.30,47263327.77,3943545.67,248387370.02,270778415.14,519165785.16,33099.51,2.29857694,0.00063710,0.02038726,0.01274204,1.67234388,1.68508592,965086440.32,13.8095
2403,6.5791,1.5481,1.5481,10953.08,47267786.32,3943678.12,248413194.02,270785680.71,519198874.73,33089.57,2.29788698,0.00063700,0.02038401,0.01274000,1.67263168,1.68537169,965117529.89,13.8049
2404,6.5818,1.5479,1.5479,10973.90,47272244.25,3943810.53,248439009.85,270792944.52,519231954.37,33079.64,2.29719725,0.00063690,0.02038075,0.01273797,1.67291952,1.68565749,965148609.53,13.8004
2405,6.5845,1.5477,1.5477,10994.76,47276701.55,3943942.92,248464817.51,270800206.58,519265024.08,33069.71,2.29650773,0.00063680,0.02037750,0.01273594,1.67320739,1.68594333,965179679.25,13.7958
2406,6.5873,1.5475,1.5475,11015.66,47281158.23,3944075.27,248490617.00,270807466.87,519298083.87,33059.79,2.29581844,0.00063670,0.02037424,0.01273390,1.67349530,1.68622920,965210739.03,13.7913
2407,6.5900,1.5472,1.5472,11036.60,47285614.28,3944207.60,248516408.33,270814725.40,519331133.73,33049.86,2.29512936,0.00063659,0.02037099,0.01273187,1.67378323,1.68651510,965241788.89,13.7868
2408,6.5927,1.5470,1.5470,11057.58,47290069.70,3944339.89,248542191.50,270821982.17,519364173.68,33039.94,2.29444051,0.00063649,0.02036774,0.01272984,1.67407120,1.68680104,965272828.84,13.7822
2409,6.5955,1.5468,1.5468,11078.60,47294524.50,3944472.16,248567966.51,270829237.19,519397203.70,33030.03,2.29375188,0.00063639,0.02036449,0.01272780,1.67435920,1.68708701,965303858.86,13.7777
2410,6.5982,1.5466,1.5466,11099.66,47298978.67,3944604.39,248593733.37,270836490.45,519430223.82,33020.11,2.29306346,0.00063629,0.02036124,0.01272577,1.67464724,1.68737301,965334878.98,13.7732
2411,6.6010,1.5464,1.5464,11120.76,47303432.22,3944736.60,248619492.07,270843741.95,519463234.02,33010.20,2.29237527,0.00063619,0.02035799,0.01272374,1.67493530,1.68765904,965365889.18,13.7686
2412,6.6037,1.5462,1.5462,11141.89,47307885.14,3944868.77,248645242.62,270850991.70,519496234.32,33000.30,2.29168730,0.00063609,0.02035474,0.01272171,1.67522340,1.68794511,965396889.48,13.7641
2413,6.6064,1.5459,1.5459,11163.07,47312337.44,3945000.92,248670985.02,270858239.69,519529224.71,32990.39,2.29099955,0.00063598,0.02035149,0.01271968,1.67551154,1.68823122,965427879.87,13.7596
2414,6.6092,1.5457,1.5457,11184.29,47316789.10,3945133.03,248696719.28,270865485.92,519562205.20,32980.49,2.29031202,0.00063588,0.02034824,0.01271765,1.67579970,1.68851735,965458860.37,13.7550
2415,6.6119,1.5455,1.5455,11205.55,47321240.15,3945265.11,248722445.40,270872730.40,519595175.80,32970.60,2.28962471,0.00063578,0.02034499,0.01271562,1.67608790,1.68880352,965489830.96,13.7505
2416,6.6146,1.5453,1.5453,11226.85,47325690.57,3945397.17,248748163.37,270879973.13,519628136.50,32960.70,2.28893762,0.00063568,0.02034175,0.01271359,1.67637613,1.68908972,965520791.66,13.7460
2417,6.6174,1.5451,1.5451,11248.19,47330140.36,3945529.19,248773873.21,270887214.11,519661087.31,32950.81,2.28825075,0.00063558,0.02033850,0.01271156,1.67666440,1.68937596,965551742.47,13.7415
2418,6.6201,1.5448,1.5448,11269.57,47334589.53,3945661.19,248799574.91,270894453.33,519694028.23,32940.92,2.28756409,0.00063548,0.02033525,0.01270953,1.67695270,1.68966223,965582683.40,13.7369
2419,6.6229,1.5446,1.5446,11290.99,47339038.07,3945793.15,248825268.48,270901690.80,519726959.27,32931.04,2.28687766,0.00063538,0.02033201,0.01270751,1.67724103,1.68994853,965613614.44,13.7324
2420,6.6256,1.5444,1.5444,11312.46,47343485.98,3945925.08,248850953.92,270908926.51,519759880.43,32921.16,2.28619145,0.00063527,0.02032876,0.01270548,1.67752939,1.69023487,965644535.59,13.7279
2421,6.6283,1.5442,1.5442,11333.96,47347933.28,3946056.99,248876631.23,270916160.48,519792791.71,32911.28,2.28550546,0.00063517,0.02032552,0.01270345,1.67781779,1.69052124,965675446.87,13.7234
2422,6.6311,1.5440,1.5440,11355.50,47352379.94,3946188.86,248902300.41,270923392.70,519825693.11,32901.40,2.28481969,0.00063507,0.02032228,0.01270142,1.67810621,1.69080764,965706348.28,13.7189
2423,6.6338,1.5438,1.5438,11377.09,47356825.99,3946320.71,248927961.48,270930623.16,519858584.64,32891.53,2.28413414,0.00063497,0.02031904,0.01269940,1.67839468,1.69109407,965737239.81,13.7144
2424,6.6366,1.5435,1.5435,11398.71,47361271.40,3946452.52,248953614.42,270937851.88,519891466.31,32881.66,2.28344880,0.00063487,0.02031579,0.01269737,1.67868317,1.69138054,965768121.47,13.7099
2425,6.6393,1.5433,1.5433,11420.38,47365716.20,3946584.30,248979259.25,270945078.85,519924338.10,32871.80,2.28276369,0.00063477,0.02031255,0.01269535,1.67897170,1.69166704,965798993.27,13.7053
2426,6.6420,1.5431,1.5431,11442.09,47370160.36,3946716.06,249004895.96,270952304.07,519957200.04,32861.93,2.28207879,0.00063467,0.02030931,0.01269332,1.67926026,1.69195358,965829855.20,13.7008
2427,6.6448,1.5429,1.5429,11463.84,47374603.91,3946847.78,249030524.57,270959527.55,519990052.11,32852.08,2.28139412,0.00063456,0.02030607,0.01269130,1.67954885,1.69224015,965860707.28,13.6963
2428,6.6475,1.5427,1.5427,11485.63,47379046.83,3946979.48,249056145.06,270966749.28,520022894.33,32842.22,2.28070966,0.00063446,0.02030283,0.01268927,1.67983748,1.69252675,965891549.50,13.6918
2429,6.6502,1.5425,1.5425,11507.46,47383489.12,3947111.14,249081757.44,270973969.26,520055726.70,32832.37,2.28002543,0.00063436,0.02029959,0.01268725,1.68012614,1.69281339,965922381.86,13.6873
2430,6.6530,1.5422,1.5422,11529.34,47387930.79,3947242.77,249107361.72,270981187.49,520088549.22,32822.52,2.27934141,0.00063426,0.02029636,0.01268522,1.68041483,1.69310006,965953204.38,13.6828
2431,6.6557,1.5420,1.5420,11551.25,47392371.84,3947374.38,249132957.90,270988403.98,520121361.88,32812.67,2.27865761,0.00063416,0.02029312,0.01268320,1.68070356,1.69338676,965984017.05,13.6783
2432,6.6585,1.5418,1.5418,11573.21,47396812.26,3947505.95,249158545.98,270995618.73,520154164.71,32802.83,2.27797403,0.00063406,0.02028988,0.01268118,1.68099232,1.69367349,966014819.87,13.6738
2433,6.6612,1.5416,1.5416,11595.21,47401252.06,3947637.50,249184125.96,271002831.73,520186957.70,32792.99,2.27729067,0.00063396,0.02028665,0.01267915,1.68128111,1.69396026,966045612.86,13.6693
2434,6.6639,1.5414,1.5414,11617.25,47405691.23,3947769.01,249209697.85,271010042.99,520219740.84,32783.15,2.27660752,0.00063386,0.02028341,0.01267713,1.68156993,1.69424706,966076396.01,13.6648
2435,6.6667,1.5412,1.5412,11639.33,47410129.79,3947900.50,249235261.65,271017252.51,520252514.16,32773.31,2.27592460,0.00063376,0.02028018,0.01267511,1.68185879,1.69453390,966107169.32,13.6603
2436,6.6694,1.5409,1.5409,11661.46,47414567.71,3948031.95,249260817.36,271024460.28,520285277.64,32763.48,2.27524189,0.00063365,0.02027694,0.01267309,1.68214768,1.69482077,966137932.81,13.6559
2437,6.6721,1.5407,1.5407,11683.62,47419005.02,3948163.38,249286364.98,271031666.32,520318031.30,32753.66,2.27455941,0.00063355,0.02027371,0.01267107,1.68243660,1.69510767,966168686.46,13.6514
2438,6.6749,1.5405,1.5405,11705.83,47423441.70,3948294.77,249311904.52,271038870.61,520350775.13,32743.83,2.27387714,0.00063345,0.02027048,0.01266905,1.68272556,1.69539461,966199430.29,13.6469
2439,6.6776,1.5403,1.5403,11728.08,47427877.75,3948426.14,249337435.98,271046073.16,520383509.14,32734.01,2.27319509,0.00063335,0.02026724,0.01266703,1.68301455,1.69568158,966230164.30,13.6424
2440,6.6804,1.5401,1.5401,11750.37,47432313.19,3948557.47,249362959.35,271053273.98,520416233.33,32724.19,2.27251326,0.00063325,0.02026401,0.01266501,1.68330357,1.69596858,966260888.49,13.6379
2441,6.6831,1.5399,1.5399,11772.71,47436748.00,3948688.78,249388474.66,271060473.05,520448947.70,32714.38,2.27183164,0.00063315,0.02026078,0.01266299,1.68359263,1.69625561,966291602.87,13.6334
2442,6.6858,1.5396,1.5396,11795.09,47441182.18,3948820.05,249413981.88,271067670.38,520481652.27,32704.56,2.27115025,0.00063305,0.02025755,0.01266097,1.68388171,1.69654268,966322307.43,13.6290
2443,6.6886,1.5394,1.5394,11817.51,47445615.75,3948951.30,249439481.04,271074865.98,520514347.02,32694.75,2.27046907,0.00063295,0.02025432,0.01265895,1.68417083,1.69682979,966353002.19,13.6245
2444,6.6913,1.5392,1.5392,11839.97,47450048.69,3949082.51,249464972.13,271082059.84,520547031.97,32684.95,2.26978811,0.00063285,0.02025109,0.01265693,1.68445999,1.69711692,966383687.13,13.6200
2445,6.6940,1.5390,1.5390,11862.48,47454481.01,3949213.70,249490455.15,271089251.96,520579707.12,32675.15,2.26910737,0.00063275,0.02024786,0.01265492,1.68474918,1.69740409,966414362.28,13.6155
2446,6.6968,1.5388,1.5388,11885.03,47458912.70,3949344.86,249515930.11,271096442.35,520612372.46,32665.35,2.26842684,0.00063264,0.02024464,0.01265290,1.68503840,1.69769129,966445027.63,13.6110
2447,6.6995,1.5386,1.5386,11907.62,47463343.77,3949475.98,249541397.01,271103631.00,520645028.01,32655.55,2.26774654,0.00063254,0.02024141,0.01265088,1.68532765,1.69797853,966475683.18,13.6066
2448,6.7023,1.5384,1.5384,11930.25,47467774.22,3949607.08,249566855.85,271110817.92,520677673.77,32645.76,2.26706645,0.00063244,0.02023818,0.01264886,1.68561693,1.69826580,966506328.93,13.6021
2449,6.7050,1.5381,1.5381,11952.93,47472204.05,3949738.15,249592306.64,271118003.10,520710309.74,32635.97,2.26638658,0.00063234,0.02023496,0.01264685,1.68590625,1.69855310,966536964.90,13.5976
2450,6.7077,1.5379,1.5379,11975.65,47476633.25,3949869.19,249617749.37,271125186.55,520742935.92,32626.18,2.26570692,0.00063224,0.02023173,0.01264483,1.68619561,1.69884044,966567591.08,13.5932
2451,6.7105,1.5377,1.5377,11998.41,47481061.84,3950000.19,249643184.05,271132368.26,520775552.31,32616.40,2.26502749,0.00063214,0.02022851,0.01264282,1.68648499,1.69912781,966598207.48,13.5887
2452,6.7132,1.5375,1.5375,12021.22,47485489.80,3950131.17,249668610.68,271139548.25,520808158.93,32606.62,2.26434827,0.00063204,0.02022528,0.01264080,1.68677441,1.69941521,966628814.09,13.5842
2453,6.7159,1.5373,1.5373,12044.07,47489917.13,3950262.12,249694029.27,271146726.50,520840755.77,32596.84,2.26366926,0.00063194,0.02022206,0.01263879,1.68706386,1.69970265,966659410.93,13.5798
2454,6.7187,1.5371,1.5371,12066.97,47494343.85,3950393.04,249719439.81,271153903.01,520873342.83,32587.06,2.26299048,0.00063184,0.02021884,0.01263677,1.68735334,1.69999012,966689997.99,13.5753
2455,6.7214,1.5368,1.5368,12089.90,47498769.94,3950523.93,249744842.32,271161077.80,520905920.12,32577.29,2.26231191,0.00063174,0.02021562,0.01263476,1.68764286,1.70027762,966720575.28,13.5709
2456,6.7242,1.5366,1.5366,12112.88,47503195.41,3950654.79,249770236.78,271168250.86,520938487.64,32567.52,2.26163356,0.00063164,0.02021239,0.01263275,1.68793241,1.70056516,966751142.81,13.5664
2457,6.7269,1.5364,1.5364,12135.91,47507620.26,3950785.62,249795623.22,271175422.19,520971045.40,32557.76,2.26095543,0.00063154,0.02020917,0.01263073,1.68822199,1.70085273,966781700.56,13.5619
2458,6.7296,1.5362,1.5362,12158.98,47512044.49,3950916.42,249821001.61,271182591.78,521003593.40,32548.00,2.26027751,0.00063144,0.02020595,0.01262872,1.68851161,1.70114033,966812248.56,13.5575
2459,6.7324,1.5360,1.5360,12182.09,47516468.10,3951047.19,249846371.98,271189759.65,521036131.63,32538.24,2.25959981,0.00063134,0.02020273,0.01262671,1.68880126,1.70142797,966842786.80,13.5530
2460,6.7351,1.5358,1.5358,12205.25,47520891.08,3951177.93,249871734.32,271196925.80,521068660.12,32528.48,2.25892233,0.00063123,0.02019951,0.01262470,1.68909094,1.70171564,966873315.28,13.5486
2461,6.7379,1.5355,1.5355,12228.45,47525313.45,3951308.64,249897088.64,271204090.21,521101178.85,32518.73,2.25824506,0.00063113,0.02019630,0.01262269,1.68938065,1.70200334,966903834.01,13.5441
2462,6.7406,1.5353,1.5353,12251.69,47529735.19,3951439.32,249922434.93,271211252.90,521133687.82,32508.98,2.25756801,0.00063103,0.02019308,0.01262067,1.68967040,1.70229108,966934342.99,13.5397
2463,6.7433,1.5351,1.5351,12274.98,47534156.31,3951569.97,249947773.20,271218413.86,521166187.06,32499.23,2.25689118,0.00063093,0.02018986,0.01261866,1.68996018,1.70257885,966964842.22,13.5353
2464,6.7461,1.5349,1.5349,12298.31,47538576.81,3951700.60,249973103.45,271225573.09,521198676.55,32489.49,2.25621456,0.00063083,0.02018665,0.01261665,1.69025000,1.70286665,966995331.71,13.5308
2465,6.7488,1.5347,1.5347,12321.69,47542996.68,3951831.19,249998425.69,271232730.60,521231156.30,32479.75,2.25553816,0.00063073,0.02018343,0.01261464,1.69053984,1.70315449,967025811.46,13.5264
2466,6.7515,1.5345,1.5345,12345.11,47547415.94,3951961.75,250023739.92,271239886.39,521263626.31,32470.01,2.25486198,0.00063063,0.02018022,0.01261263,1.69082972,1.70344236,967056281.47,13.5219
2467,6.7543,1.5342,1.5342,12368.58,47551834.58,3952092.28,250049046.14,271247040.45,521296086.59,32460.28,2.25418601,0.00063053,0.02017700,0.01261063,1.69111964,1.70373026,967086741.75,13.5175
2468,6.7570,1.5340,1.5340,12392.09,47556252.59,3952222.79,250074344.35,271254192.79,521328537.14,32450.55,2.25351026,0.00063043,0.02017379,0.01260862,1.69140958,1.70401820,967117192.30,13.5131
2469,6.7598,1.5338,1.5338,12415.64,47560669.99,3952353.26,250099634.55,271261343.41,521360977.96,32440.82,2.25283472,0.00063033,0.02017057,0.01260661,1.69169956,1.70430617,967147633.12,13.5086
2470,6.7625,1.5336,1.5336,12439.24,47565086.76,3952483.71,250124916.75,271268492.30,521393409.05,32431.10,2.25215940,0.00063023,0.02016736,0.01260460,1.69198957,1.70459417,967178064.21,13.5042
2471,6.7652,1.5334,1.5334,12462.89,47569502.91,3952614.12,250150190.96,271275639.47,521425830.43,32421.37,2.25148430,0.00063013,0.02016415,0.01260259,1.69227962,1.70488221,967208485.59,13.4998
2472,6.7680,1.5332,1.5332,12486.58,47573918.44,3952744.51,250175457.16,271282784.92,521458242.08,32411.66,2.25080941,0.00063003,0.02016094,0.01260059,1.69256970,1.70517028,967238897.24,13.4953
2473,6.7707,1.5330,1.5330,12510.31,47578333.36,3952874.86,250200715.37,271289928.65,521490644.02,32401.94,2.25013474,0.00062993,0.02015773,0.01259858,1.69285981,1.70545839,967269299.18,13.4909
2474,6.7734,1.5327,1.5327,12534.09,47582747.65,3953005.19,250225965.59,271297070.66,521523036.25,32392.23,2.24946028,0.00062983,0.02015452,0.01259657,1.69314995,1.70574653,967299691.41,13.4865
2475,6.7762,1.5325,1.5325,12557.92,47587161.32,3953135.49,250251207.82,271304210.95,521555418.77,32382.52,2.24878604,0.00062973,0.02015131,0.01259457,1.69344013,1.70603470,967330073.93,13.4820
2476,6.7789,1.5323,1.5323,12581.79,47591574.37,3953265.76,250276442.06,271311349.52,521587791.58,32372.81,2.24811202,0.00062963,0.02014810,0.01259256,1.69373034,1.70632290,967360446.74,13.4776
2477,6.7817,1.5321,1.5321,12605.70,47595986.80,3953395.99,250301668.31,271318486.38,521620154.69,32363.11,2.24743821,0.00062953,0.02014489,0.01259056,1.69402058,1.70661114,967390809.85,13.4732
2478,6.7844,1.5319,1.5319,12629.67,47600398.61,3953526.20,250326886.59,271325621.51,521652508.10,32353.41,2.24676461,0.00062943,0.02014168,0.01258855,1.69431086,1.70689941,967421163.26,13.4688
2479,6.7871,1.5317,1.5317,12653.67,47604809.80,3953656.38,250352096.88,271332754.93,521684851.82,32343.71,2.24609124,0.00062933,0.02013848,0.01258655,1.69460117,1.70718772,967451506.98,13.4644
2480,6.7899,1.5314,1.5314,12677.72,47609220.37,3953786.53,250377299.20,271339886.64,521717185.84,32334.02,2.24541807,0.00062923,0.02013527,0.01258454,1.69489151,1.70747606,967481841.00,13.4599
2481,6.7926,1.5312,1.5312,12701.82,47613630.32,3953916.65,250402493.54,271347016.62,521749510.17,32324.33,2.24474512,0.00062913,0.02013207,0.01258254,1.69518189,1.70776443,967512165.33,13.4555
2482,6.7953,1.5310,1.5310,12725.97,47618039.65,3954046.74,250427679.91,271354144.89,521781824.81,32314.64,2.24407239,0.00062903,0.02012886,0.01258054,1.69547230,1.70805284,967542479.97,13.4511
2483,6.7981,1.5308,1.5308,12750.16,47622448.37,3954176.80,250452858.32,271361271.45,521814129.77,32304.96,2.24339987,0.00062893,0.02012566,0.01257854,1.69576274,1.70834128,967572784.93,13.4467
2484,6.8008,1.5306,1.5306,12774.39,47626856.46,3954306.84,250478028.75,271368396.29,521846425.04,32295.28,2.24272757,0.00062883,0.02012245,0.01257653,1.69605322,1.70862975,967603080.21,13.4423
2485,6.8036,1.5304,1.5304,12798.68,47631263.93,3954436.84,250503191.22,271375519.42,521878710.64,32285.60,2.24205548,0.00062873,0.02011925,0.01257453,1.69634372,1.70891826,967633365.80,13.4379
2486,6.8063,1.5302,1.5302,12823.00,47635670.78,3954566.81,250528345.73,271382640.84,521910986.57,32275.92,2.24138361,0.00062863,0.02011605,0.01257253,1.69663427,1.70920680,967663641.73,13.4335
2487,6.8090,1.5299,1.5299,12847.38,47640077.02,3954696.75,250553492.28,271389760.54,521943252.82,32266.25,2.24071195,0.00062853,0.02011285,0.01257053,1.69692484,1.70949537,967693907.98,13.4291
2488,6.8118,1.5297,1.5297,12871.80,47644482.63,3954826.67,250578630.87,271396878.53,521975509.40,32256.58,2.24004050,0.00062843,0.02010964,0.01256853,1.69721545,1.70978398,967724164.56,13.4247
2489,6.8145,1.5295,1.5295,12896.27,47648887.63,3954956.55,250603761.51,271403994.81,522007756.32,32246.92,2.23936927,0.00062833,0.02010644,0.01256653,1.69750609,1.71007262,967754411.48,13.4203
2490,6.8172,1.5293,1.5293,12920.78,47653292.01,3955086.41,250628884.19,271411109.38,522039993.57,32237.25,2.23869826,0.00062823,0.02010324,0.01256453,1.69779676,1.71036129,967784648.74,13.4159
2491,6.8200,1.5291,1.5291,12945.34,47657695.76,3955216.24,250653998.93,271418222.24,522072221.17,32227.60,2.23802746,0.00062813,0.02010004,0.01256253,1.69808747,1.71065000,967814876.33,13.4115
2492,6.8227,1.5289,1.5289,12969.95,47662098.90,3955346.03,250679105.72,271425333.39,522104439.11,32217.94,2.23735687,0.00062803,0.02009685,0.01256053,1.69837821,1.71093874,967845094.27,13.4071
2493,6.8255,1.5287,1.5287,12994.60,47666501.42,3955475.80,250704204.56,271432442.83,522136647.39,32208.29,2.23668650,0.00062793,0.02009365,0.01255853,1.69866898,1.71122751,967875302.56,13.4027
2494,6.8282,1.5284,1.5284,13019.30,47670903.33,3955605.54,250729295.47,271439550.56,522168846.03,32198.64,2.23601634,0.00062783,0.02009045,0.01255653,1.69895979,1.71151632,967905501.19,13.3983
2495,6.8309,1.5282,1.5282,13044.05,47675304.61,3955735.25,250754378.43,271446656.59,522201035.02,32188.99,2.23534640,0.00062773,0.02008725,0.01255453,1.69925063,1.71180516,967935690.18,13.3939
2496,6.8337,1.5280,1.5280,13068.84,47679705.27,3955864.93,250779453.46,271453760.91,522233214.36,32179.34,2.23467667,0.00062763,0.02008406,0.01255254,1.69954150,1.71209404,967965869.52,13.3895
2497,6.8364,1.5278,1.5278,13093.68,47684105.32,3955994.58,250804520.55,271460863.52,522265384.06,32169.70,2.23400715,0.00062753,0.02008086,0.01255054,1.69983241,1.71238294,967996039.23,13.3851
2498,6.8392,1.5276,1.5276,13118.57,47688504.75,3956124.20,250829579.71,271467964.42,522297544.13,32160.07,2.23333785,0.00062743,0.02007767,0.01254854,1.70012334,1.71267189,968026199.29,13.3807
2499,6.8419,1.5274,1.5274,13143.51,47692903.56,3956253.79,250854630.94,271475063.62,522329694.56,32150.43,2.23266876,0.00062733,0.02007447,0.01254655,1.70041432,1.71296086,968056349.72,13.3763
2500,6.8446,1.5271,1.5271,13168.49,47697301.75,3956383.35,250879674.25,271482161.11,522361835.36,32140.80,2.23199989,0.00062723,0.02007128,0.01254455,1.70070532,1.71324987,968086490.52,13.3719
2501,6.8474,1.5269,1.5269,13193.53,47701699.33,3956512.88,250904709.63,271489256.90,522393966.53,32131.17,2.23133123,0.00062713,0.02006809,0.01254255,1.70099636,1.71353891,968116621.69,13.3676
2502,6.8501,1.5267,1.5267,13218.60,47706096.28,3956642.39,250929737.09,271496350.99,522426088.07,32121.54,2.23066278,0.00062703,0.02006489,0.01254056,1.70128743,1.71382799,968146743.23,13.3632
2503,6.8528,1.5265,1.5265,13243.73,47710492.62,3956771.86,250954756.63,271503443.37,522458199.99,32111.92,2.22999455,0.00062693,0.02006170,0.01253856,1.70157854,1.71411710,968176855.16,13.3588
2504,6.8556,1.5263,1.5263,13268.90,47714888.34,3956901.31,250979768.25,271510534.05,522490302.30,32102.30,2.22932653,0.00062683,0.02005851,0.01253657,1.70186967,1.71440624,968206957.46,13.3544
2505,6.8583,1.5261,1.5261,13294.13,47719283.44,3957030.72,251004771.96,271517623.02,522522394.98,32092.69,2.22865872,0.00062673,0.02005532,0.01253458,1.70216084,1.71469542,968237050.14,13.3500
2506,6.8611,1.5259,1.5259,13319.40,47723677.93,3957160.11,251029767.75,271524710.30,522554478.05,32083.07,2.22799113,0.00062663,0.02005213,0.01253258,1.70245205,1.71498463,968267133.22,13.3457
2507,6.8638,1.5256,1.5256,13344.71,47728071.79,3957289.47,251054755.64,271531795.87,522586551.52,32073.46,2.22732375,0.00062653,0.02004894,0.01253059,1.70274328,1.71527387,968297206.68,13.3413
2508,6.8665,1.5254,1.5254,13370.08,47732465.04,3957418.80,251079735.62,271538879.75,522618615.37,32063.85,2.22665659,0.00062643,0.02004575,0.01252860,1.70303456,1.71556315,968327270.53,13.3369
2509,6.8693,1.5252,1.5252,13395.49,47736857.68,3957548.10,251104707.70,271545961.92,522650669.62,32054.25,2.22598963,0.00062633,0.02004257,0.01252660,1.70332586,1.71585246,968357324.78,13.3326
2510,6.8720,1.5250,1.5250,13420.96,47741249.69,3957677.37,251129671.88,271553042.39,522682714.27,32044.65,2.22532289,0.00062623,0.02003938,0.01252461,1.70361720,1.71614181,968387369.43,13.3282
2511,6.8747,1.5248,1.5248,13446.47,47745641.09,3957806.61,251154628.15,271560121.17,522714749.32,32035.05,2.22465637,0.00062613,0.02003619,0.01252262,1.70390856,1.71643118,968417404.48,13.3238
2512,6.8775,1.5246,1.5246,13472.03,47750031.87,3957935.82,251179576.53,271567198.25,522746774.78,32025.46,2.22399005,0.00062603,0.02003301,0.01252063,1.70419997,1.71672060,968447429.94,13.3195
2513,6.8802,1.5244,1.5244,13497.64,47754422.04,3958065.00,251204517.02,271574273.63,522778790.64,32015.86,2.22332395,0.00062593,0.02002982,0.01251864,1.70449140,1.71701004,968477445.81,13.3151
2514,6.8830,1.5241,1.5241,13523.29,47758811.58,3958194.16,251229449.61,271581347.31,522810796.92,32006.28,2.22265806,0.00062583,0.02002664,0.01251665,1.70478287,1.71729952,968507452.08,13.3107
2515,6.8857,1.5239,1.5239,13549.00,47763200.51,3958323.28,251254374.31,271588419.30,522842793.61,31996.69,2.22199239,0.00062573,0.02002345,0.01251466,1.70507438,1.71758903,968537448.77,13.3064
2516,6.8884,1.5237,1.5237,13574.75,47767588.83,3958452.37,251279291.13,271595489.59,522874780.72,31987.11,2.22132692,0.00062563,0.02002027,0.01251267,1.70536591,1.71787858,968567435.88,13.3020
2517,6.8912,1.5235,1.5235,13600.56,47771976.53,3958581.44,251304200.06,271602558.18,522906758.25,31977.53,2.22066167,0.00062553,0.02001708,0.01251068,1.70565748,1.71816816,968597413.41,13.2977
2518,6.8939,1.5233,1.5233,13626.41,47776363.61,3958710.48,251329101.12,271609625.08,522938726.20,31967.95,2.21999663,0.00062543,0.02001390,0.01250869,1.70594908,1.71845777,968627381.36,13.2933
2519,6.8966,1.5231,1.5231,13652.31,47780750.07,3958839.49,251353994.29,271616690.29,522970684.58,31958.38,2.21933181,0.00062534,0.02001072,0.01250670,1.70624072,1.71874742,968657339.74,13.2890
2520,6.8994,1.5229,1.5229,13678.26,47785135.92,3958968.46,251378879.58,271623753.80,523002633.38,31948.81,2.21866719,0.00062524,0.02000754,0.01250471,1.70653239,1.71903710,968687288.55,13.2846
2521,6.9021,1.5226,1.5226,13704.26,47789521.15,3959097.41,251403757.01,271630815.62,523034572.62,31939.24,2.21800279,0.00062514,0.02000436,0.01250272,1.70682409,1.71932681,968717227.79,13.2803
2522,6.9049,1.5224,1.5224,13730.31,47793905.77,3959226.33,251428626.56,271637875.74,523066502.30,31929.68,2.21733860,0.00062504,0.02000118,0.01250074,1.70711582,1.71961656,968747157.46,13.2759
2523,6.9076,1.5222,1.5222,13756.41,47798289.76,3959355.23,251453488.24,271644934.18,523098422.41,31920.11,2.21667463,0.00062494,0.01999800,0.01249875,1.70740759,1.71990634,968777077.58,13.2716
2524,6.9103,1.5220,1.5220,13782.56,47802673.15,3959484.09,251478342.05,271651990.92,523130332.97,31910.56,2.21601086,0.00062484,0.01999482,0.01249676,1.70769939,1.72019616,968806988.13,13.2672
2525,6.9131,1.5218,1.5218,13808.76,47807055.91,3959612.92,251503188.00,271659045.97,523162233.97,31901.00,2.21534731,0.00062474,0.01999164,0.01249478,1.70799123,1.72048600,968836889.13,13.2629
2526,6.9158,1.5216,1.5216,13835.01,47811438.07,3959741.73,251528026.09,271666099.33,523194125.42,31891.45,2.21468397,0.00062464,0.01998847,0.01249279,1.70828309,1.72077589,968866780.58,13.2585
2527,6.9185,1.5214,1.5214,13861.30,47815819.60,3959870.50,251552856.31,271673151.01,523226007.32,31881.90,2.21402084,0.00062454,0.01998529,0.01249081,1.70857500,1.72106580,968896662.48,13.2542
2528,6.9213,1.5212,1.5212,13887.65,47820200.52,3959999.25,251577678.69,271680200.99,523257879.67,31872.35,2.21335792,0.00062444,0.01998211,0.01248882,1.70886693,1.72135575,968926534.84,13.2499
2529,6.9240,1.5209,1.5209,13914.05,47824580.83,3960127.96,251602493.20,271687249.28,523289742.49,31862.81,2.21269522,0.00062434,0.01997894,0.01248684,1.70915890,1.72164573,968956397.65,13.2455
2530,6.9268,1.5207,1.5207,13940.50,47828960.51,3960256.65,251627299.87,271694295.89,523321595.76,31853.27,2.21203272,0.00062424,0.01997576,0.01248485,1.70945090,1.72193575,968986250.92,13.2412
2531,6.9295,1.5205,1.5205,13967.00,47833339.59,3960385.31,251652098.68,271701340.81,523353439.49,31843.73,2.21137044,0.00062414,0.01997259,0.01248287,1.70974293,1.72222580,969016094.65,13.2368
2532,6.9322,1.5203,1.5203,13993.55,47837718.04,3960513.94,251676889.65,271708384.04,523385273.69,31834.20,2.21070837,0.00062404,0.01996942,0.01248088,1.71003500,1.72251588,969045928.85,13.2325
2533,6.9350,1.5201,1.5201,14020.15,47842095.89,3960642.54,251701672.78,271715425.58,523417098.36,31824.67,2.21004651,0.00062395,0.01996624,0.01247890,1.71032710,1.72280600,969075753.52,13.2282
2534,6.9377,1.5199,1.5199,14046.80,47846473.11,3960771.12,251726448.06,271722465.44,523448913.50,31815.14,2.20938486,0.00062385,0.01996307,0.01247692,1.71061923,1.72309615,969105568.67,13.2239
2535,6.9405,1.5197,1.5197,14073.50,47850849.73,3960899.66,251751215.50,271729503.62,523480719.12,31805.62,2.20872342,0.00062375,0.01995990,0.01247494,1.71091140,1.72338634,969135374.28,13.2195
2536,6.9432,1.5194,1.5194,14100.25,47855225.72,3961028.17,251775975.11,271736540.11,523512515.22,31796.10,2.20806219,0.00062365,0.01995673,0.01247295,1.71120360,1.72367655,969165170.38,13.2152
2537,6.9459,1.5192,1.5192,14127.05,47859601.11,3961156.66,251800726.88,271743574.91,523544301.79,31786.58,2.20740118,0.00062355,0.01995356,0.01247097,1.71149583,1.72396681,969194956.96,13.2109
2538,6.9487,1.5190,1.5190,14153.90,47863975.87,3961285.11,251825470.82,271750608.03,523576078.85,31777.06,2.20674038,0.00062345,0.01995039,0.01246899,1.71178810,1.72425709,969224734.02,13.2066
2539,6.9514,1.5188,1.5188,14180.81,47868350.03,3961413.54,251850206.93,271757639.47,523607846.40,31767.55,2.20607978,0.00062335,0.01994722,0.01246701,1.71208040,1.72454741,969254501.57,13.2022
2540,6.9541,1.5186,1.5186,14207.76,47872723.57,3961541.94,251874935.21,271764669.23,523639604.44,31758.04,2.20541940,0.00062325,0.01994405,0.01246503,1.71237273,1.72483776,969284259.61,13.1979
2541,6.9569,1.5184,1.5184,14234.77,47877096.49,3961670.31,251899655.67,271771697.30,523671352.98,31748.53,2.20475923,0.00062315,0.01994088,0.01246305,1.71266510,1.72512815,969314008.14,13.1936
2542,6.9596,1.5182,1.5182,14261.83,47881468.80,3961798.65,251924368.31,271778723.70,523703092.01,31739.03,2.20409927,0.00062305,0.01993771,0.01246107,1.71295750,1.72541857,969343747.17,13.1893
2543,6.9624,1.5179,1.5179,14288.94,47885840.49,3961926.96,251949073.13,271785748.41,523734821.53,31729.53,2.20343952,0.00062295,0.01993455,0.01245909,1.71324993,1.72570902,969373476.70,13.1850
2544,6.9651,1.5177,1.5177,14316.10,47890211.57,3962055.25,251973770.13,271792771.44,523766541.57,31720.03,2.20277998,0.00062286,0.01993138,0.01245711,1.71354240,1.72599951,969403196.73,13.1807
2545,6.9678,1.5175,1.5175,14343.31,47894582.04,3962183.50,251998459.31,271799792.79,523798252.10,31710.54,2.20212065,0.00062276,0.01992822,0.01245513,1.71383490,1.72629003,969432907.27,13.1763
2546,6.9706,1.5173,1.5173,14370.57,47898951.89,3962311.73,252023140.68,271806812.47,523829953.15,31701.05,2.20146153,0.00062266,0.01992505,0.01245316,1.71412743,1.72658059,969462608.31,13.1720
2547,6.9733,1.5171,1.5171,14397.89,47903321.13,3962439.92,252047814.25,271813830.46,523861644.71,31691.56,2.20080262,0.00062256,0.01992189,0.01245118,1.71442000,1.72687118,969492299.87,13.1677
2548,6.9760,1.5169,1.5169,14425.26,47907689.75,3962568.09,252072480.00,271820846.78,523893326.78,31682.07,2.20014392,0.00062246,0.01991872,0.01244920,1.71471260,1.72716180,969521981.94,13.1634
2549,6.9788,1.5167,1.5167,14452.68,47912057.76,3962696.23,252097137.95,271827861.42,523924999.37,31672.59,2.19948544,0.00062236,0.01991556,0.01244722,1.71500523,1.72745245,969551654.53,13.1591
2550,6.9815,1.5165,1.5165,14480.15,47916425.16,3962824.34,252121788.10,271834874.38,523956662.48,31663.11,2.19882716,0.00062226,0.01991240,0.01244525,1.71529790,1.72774314,969581317.64,13.1548
2551,6.9843,1.5162,1.5162,14507.68,47920791.94,3962952.42,252146430.45,271841885.66,523988316.12,31653.63,2.19816909,0.00062216,0.01990924,0.01244327,1.71559060,1.72803387,969610971.28,13.1505
2552,6.9870,1.5160,1.5160,14535.25,47925158.11,3963080.47,252171065.00,271848895.27,524019960.28,31644.16,2.19751123,0.00062206,0.01990607,0.01244130,1.71588333,1.72832462,969640615.44,13.1462
2553,6.9897,1.5158,1.5158,14562.88,47929523.67,3963208.50,252195691.76,271855903.21,524051594.97,31634.69,2.19685359,0.00062197,0.01990291,0.01243932,1.71617609,1.72861541,969670250.13,13.1419
2554,6.9925,1.5156,1.5156,14590.56,47933888.61,3963336.49,252220310.73,271862909.47,524083220.19,31625.22,2.19619615,0.00062187,0.01989975,0.01243735,1.71646889,1.72890624,969699875.36,13.1376
2555,6.9952,1.5154,1.5154,14618.30,47938252.94,3963464.46,252244921.90,271869914.05,524114835.95,31615.76,2.19553892,0.00062177,0.01989659,0.01243537,1.71676173,1.72919710,969729491.12,13.1333
2556,6.9979,1.5152,1.5152,14646.08,47942616.65,3963592.39,252269525.29,271876916.97,524146442.25,31606.30,2.19488190,0.00062167,0.01989344,0.01243340,1.71705459,1.72948799,969759097.42,13.1290
2557,7.0007,1.5150,1.5150,14673.92,47946979.76,3963720.30,252294120.89,271883918.21,524178039.10,31596.84,2.19422509,0.00062157,0.01989028,0.01243142,1.71734749,1.72977891,969788694.26,13.1247
2558,7.0034,1.5148,1.5148,14701.82,47951342.25,3963848.18,252318708.71,271890917.77,524209626.48,31587.39,2.19356850,0.00062147,0.01988712,0.01242945,1.71764042,1.73006987,969818281.64,13.1204
2559,7.0062,1.5145,1.5145,14729.76,47955704.12,3963976.03,252343288.75,271897915.67,524241204.42,31577.93,2.19291211,0.00062137,0.01988396,0.01242748,1.71793339,1.73036087,969847859.58,13.1162
2560,7.0089,1.5143,1.5143,14757.76,47960065.39,3964103.85,252367861.01,271904911.89,524272772.90,31568.49,2.19225593,0.00062128,0.01988081,0.01242550,1.71822639,1.73065189,969877428.06,13.1119
2561,7.0116,1.5141,1.5141,14785.81,47964426.04,3964231.65,252392425.49,271911906.45,524304331.94,31559.04,2.19159996,0.00062118,0.01987765,0.01242353,1.71851942,1.73094295,969906987.10,13.1076
2562,7.0144,1.5139,1.5139,14813.92,47968786.07,3964359.41,252416982.21,271918899.33,524335881.54,31549.60,2.19094419,0.00062108,0.01987450,0.01242156,1.71881249,1.73123405,969936536.70,13.1033
2563,7.0171,1.5137,1.5137,14842.08,47973145.50,3964487.15,252441531.15,271925890.54,524367421.69,31540.16,2.19028864,0.00062098,0.01987134,0.01241959,1.71910559,1.73152518,969966076.86,13.0990
2564,7.0198,1.5135,1.5135,14870.29,47977504.31,3964614.86,252466072.33,271932880.09,524398952.41,31530.72,2.18963330,0.00062088,0.01986819,0.01241762,1.71939872,1.73181634,969995607.58,13.0947
2565,7.0226,1.5133,1.5133,14898.56,47981862.51,3964742.53,252490605.74,271939867.96,524430473.70,31521.29,2.18897816,0.00062078,0.01986504,0.01241565,1.71969189,1.73210753,970025128.86,13.0905
2566,7.0253,1.5131,1.5131,14926.88,47986220.10,3964870.18,252515131.38,271946854.17,524461985.55,31511.85,2.18832324,0.00062068,0.01986188,0.01241368,1.71998509,1.73239876,970054640.72,13.0862
2567,7.0281,1.5128,1.5128,14955.25,47990577.07,3964997.80,252539649.27,271953838.71,524493487.98,31502.43,2.18766852,0.00062059,0.01985873,0.01241171,1.72027832,1.73269003,970084143.14,13.0819
2568,7.0308,1.5126,1.5126,14983.68,47994933.44,3965125.40,252564159.40,271960821.58,524524980.98,31493.00,2.18701402,0.00062049,0.01985558,0.01240974,1.72057158,1.73298132,970113636.14,13.0776
2569,7.0335,1.5124,1.5124,15012.16,47999289.19,3965252.96,252588661.77,271967802.79,524556464.56,31483.58,2.18635972,0.00062039,0.01985243,0.01240777,1.72086488,1.73327265,970143119.72,13.0734
2570,7.0363,1.5122,1.5122,15040.69,48003644.33,3965380.50,252613156.39,271974782.33,524587938.72,31474.16,2.18570563,0.00062029,0.01984928,0.01240580,1.72115822,1.73356402,970172593.89,13.0691
2571,7.0390,1.5120,1.5120,15069.28,48007998.85,3965508.00,252637643.26,271981760.21,524619403.47,31464.75,2.18505175,0.00062019,0.01984613,0.01240383,1.72145158,1.73385541,970202058.63,13.0648
2572,7.0418,1.5118,1.5118,15097.93,48012352.77,3965635.48,252662122.38,271988736.42,524650858.80,31455.33,2.18439808,0.00062009,0.01984298,0.01240186,1.72174498,1.73414685,970231513.96,13.0605
2573,7.0445,1.5116,1.5116,15126.63,48016706.07,3965762.93,252686593.76,271995710.96,524682304.72,31445.92,2.18374461,0.00061999,0.01983983,0.01239990,1.72203842,1.73443831,970260959.89,13.0563
2574,7.0472,1.5114,1.5114,15155.38,48021058.76,3965890.35,252711057.39,272002683.85,524713741.24,31436.52,2.18309136,0.00061990,0.01983669,0.01239793,1.72233188,1.73472981,970290396.40,13.0520
2575,7.0500,1.5111,1.5111,15184.19,48025410.84,3966017.74,252735513.28,272009655.07,524745168.35,31427.11,2.18243831,0.00061980,0.01983354,0.01239596,1.72262538,1.73502134,970319823.51,13.0478
2576,7.0527,1.5109,1.5109,15213.05,48029762.31,3966145.11,252759961.44,272016624.62,524776586.06,31417.71,2.18178547,0.00061970,0.01983039,0.01239400,1.72291892,1.73531291,970349241.22,13.0435
2577,7.0554,1.5107,1.5107,15241.97,48034113.17,3966272.44,252784401.85,272023592.52,524807994.37,31408.31,2.18113284,0.00061960,0.01982725,0.01239203,1.72321248,1.73560451,970378649.54,13.0392
2578,7.0582,1.5105,1.5105,15270.94,48038463.41,3966399.75,252808834.54,272030558.75,524839393.29,31398.92,2.18048042,0.00061950,0.01982410,0.01239006,1.72350608,1.73589615,970408048.45,13.0350
2579,7.0609,1.5103,1.5103,15299.97,48042813.05,3966527.03,252833259.49,272037523.33,524870782.82,31389.53,2.17982820,0.00061940,0.01982096,0.01238810,1.72379972,1.73618781,970437437.98,13.0307
2580,7.0637,1.5101,1.5101,15329.05,48047162.07,3966654.27,252857676.71,272044486.24,524902162.95,31380.14,2.17917620,0.00061931,0.01981781,0.01238613,1.72409338,1.73647952,970466818.12,13.0265
2581,7.0664,1.5099,1.5099,15358.19,48051510.48,3966781.50,252882086.21,272051447.49,524933533.71,31370.75,2.17852440,0.00061921,0.01981467,0.01238417,1.72438708,1.73677125,970496188.87,13.0222
2582,7.0691,1.5097,1.5097,15387.38,48055858.28,3966908.69,252906487.99,272058407.09,524964895.07,31361.37,2.17787281,0.00061911,0.01981153,0.01238220,1.72468082,1.73706302,970525550.24,13.0180
2583,7.0719,1.5094,1.5094,15416.63,48060205.47,3967035.85,252930882.04,272065365.02,524996247.06,31351.99,2.17722142,0.00061901,0.01980839,0.01238024,1.72497458,1.73735482,970554902.23,13.0137
2584,7.0746,1.5092,1.5092,15445.94,48064552.05,3967162.99,252955268.37,272072321.30,525027589.67,31342.61,2.17657025,0.00061891,0.01980524,0.01237828,1.72526838,1.73764666,970584244.84,13.0095
2585,7.0773,1.5090,1.5090,15475.30,48068898.02,3967290.09,252979646.99,272079275.92,525058922.91,31333.24,2.17591928,0.00061882,0.01980210,0.01237631,1.72556222,1.73793853,970613578.07,13.0052
2586,7.0801,1.5088,1.5088,15504.71,48073243.37,3967417.17,253004017.90,272086228.88,525090246.78,31323.87,2.17526852,0.00061872,0.01979896,0.01237435,1.72585609,1.73823044,970642901.94,13.0010
2587,7.0828,1.5086,1.5086,15534.18,48077588.12,3967544.22,253028381.09,272093180.19,525121561.28,31314.50,2.17461797,0.00061862,0.01979582,0.01237239,1.72614999,1.73852238,970672216.44,12.9967
2588,7.0856,1.5084,1.5084,15563.71,48081932.26,3967671.24,253052736.57,272100129.84,525152866.41,31305.13,2.17396763,0.00061852,0.01979268,0.01237043,1.72644392,1.73881435,970701521.57,12.9925
2589,7.0883,1.5082,1.5082,15593.30,48086275.78,3967798.23,253077084.35,272107077.84,525184162.18,31295.77,2.17331749,0.00061842,0.01978955,0.01236847,1.72673789,1.73910635,970730817.35,12.9882
2590,7.0910,1.5080,1.5080,15622.94,48090618.70,3967925.20,253101424.42,272114024.18,525215448.60,31286.41,2.17266756,0.00061833,0.01978641,0.01236651,1.72703189,1.73939839,970760103.76,12.9840
2591,7.0938,1.5077,1.5077,15652.63,48094961.00,3968052.13,253125756.79,272120968.86,525246725.65,31277.06,2.17201783,0.00061823,0.01978327,0.01236454,1.72732592,1.73969047,970789380.82,12.9798
2592,7.0965,1.5075,1.5075,15682.39,48099302.70,3968179.04,253150081.46,272127911.89,525277993.36,31267.70,2.17136832,0.00061813,0.01978014,0.01236258,1.72761999,1.73998258,970818648.52,12.9755
2593,7.0992,1.5073,1.5073,15712.20,48103643.78,3968305.92,253174398.44,272134853.27,525309251.71,31258.35,2.17071901,0.00061803,0.01977700,0.01236062,1.72791409,1.74027472,970847906.87,12.9713
2594,7.1020,1.5071,1.5071,15742.06,48107984.26,3968432.77,253198707.72,272141793.00,525340500.72,31249.01,2.17006991,0.00061793,0.01977386,0.01235867,1.72820823,1.74056689,970877155.88,12.9670
2595,7.1047,1.5069,1.5069,15771.99,48112324.12,3968559.59,253223009.31,272148731.07,525371740.38,31239.66,2.16942101,0.00061784,0.01977073,0.01235671,1.72850240,1.74085910,970906395.54,12.9628
2596,7.1075,1.5067,1.5067,15801.97,48116663.38,3968686.38,253247303.21,272155667.50,525402970.70,31230.32,2.16877232,0.00061774,0.01976760,0.01235475,1.72879660,1.74115135,970935625.86,12.9586
2597,7.1102,1.5065,1.5065,15832.00,48121002.02,3968813.15,253271589.42,272162602.27,525434191.68,31220.98,2.16812384,0.00061764,0.01976446,0.01235279,1.72909083,1.74144362,970964846.85,12.9544
2598,7.1129,1.5063,1.5063,15862.10,48125340.06,3968939.89,253295867.94,272169535.39,525465403.33,31211.65,2.16747557,0.00061754,0.01976133,0.01235083,1.72938510,1.74173593,970994058.50,12.9501
2599,7.1157,1.5061,1.5061,15892.25,48129677.48,3969066.59,253320138.79,272176466.86,525496605.65,31202.32,2.16682750,0.00061744,0.01975820,0.01234887,1.72967940,1.74202828,971023260.81,12.9459
2600,7.1184,1.5058,1.5058,15922.46,48134014.30,3969193.27,253344401.95,272183396.68,525527798.64,31192.99,2.16617964,0.00061735,0.01975507,0.01234692,1.72997374,1.74232066,971052453.80,12.9417
2601,7.1211,1.5056,1.5056,15952.72,48138350.51,3969319.93,253368657.44,272190324.85,525558982.30,31183.66,2.16553199,0.00061725,0.01975193,0.01234496,1.73026811,1.74261307,971081637.46,12.9375
2602,7.1239,1.5054,1.5054,15983.05,48142686.11,3969446.55,253392905.25,272197251.38,525590156.63,31174.34,2.16488454,0.00061715,0.01974880,0.01234300,1.73056251,1.74290552,971110811.80,12.9332
2603,7.1266,1.5052,1.5052,16013.43,48147021.09,3969573.14,253417145.39,272204176.26,525621321.65,31165.02,2.16423730,0.00061705,0.01974567,0.01234105,1.73085695,1.74319800,971139976.81,12.9290
2604,7.1294,1.5050,1.5050,16043.87,48151355.47,3969699.71,253441377.86,272211099.49,525652477.35,31155.70,2.16359026,0.00061695,0.01974255,0.01233909,1.73115142,1.74349051,971169132.51,12.9248
2605,7.1321,1.5048,1.5048,16074.36,48155689.24,3969826.25,253465602.67,272218021.07,525683623.74,31146.39,2.16294343,0.00061686,0.01973942,0.01233714,1.73144592,1.74378306,971198278.90,12.9206
2606,7.1348,1.5046,1.5046,16104.92,48160022.41,3969952.76,253489819.80,272224941.01,525714760.81,31137.07,2.16229681,0.00061676,0.01973629,0.01233518,1.73174046,1.74407564,971227415.97,12.9164
2607,7.1376,1.5044,1.5044,16135.53,48164354.96,3970079.24,253514029.28,272231859.30,525745888.58,31127.77,2.16165039,0.00061666,0.01973316,0.01233323,1.73203503,1.74436826,971256543.74,12.9122
2608,7.1403,1.5041,1.5041,16166.20,48168686.90,3970205.69,253538231.09,272238775.94,525777007.04,31118.46,2.16100418,0.00061656,0.01973004,0.01233127,1.73232963,1.74466090,971285662.20,12.9079
2609,7.1431,1.5039,1.5039,16196.93,48173018.24,3970332.12,253562425.25,272245690.95,525808116.19,31109.16,2.16035817,0.00061647,0.01972691,0.01232932,1.73262427,1.74495359,971314771.36,12.9037
2610,7.1458,1.5037,1.5037,16227.72,48177348.96,3970458.51,253586611.75,272252604.30,525839216.05,31099.86,2.15971237,0.00061637,0.01972378,0.01232737,1.73291894,1.74524631,971343871.21,12.8995
2611,7.1485,1.5035,1.5035,16258.57,48181679.08,3970584.88,253610790.60,272259516.02,525870306.61,31090.56,2.15906678,0.00061627,0.01972066,0.01232541,1.73321364,1.74553906,971372961.78,12.8953
2612,7.1513,1.5033,1.5033,16289.47,48186008.59,3970711.22,253634961.79,272266426.09,525901387.88,31081.27,2.15842139,0.00061617,0.01971754,0.01232346,1.73350838,1.74583184,971402043.04,12.8911
2613,7.1540,1.5031,1.5031,16320.43,48190337.49,3970837.53,253659125.34,272273334.52,525932459.86,31071.98,2.15777621,0.00061608,0.01971441,0.01232151,1.73380315,1.74612466,971431115.02,12.8869
2614,7.1567,1.5029,1.5029,16351.46,48194665.78,3970963.81,253683281.24,272280241.31,525963522.55,31062.69,2.15713123,0.00061598,0.01971129,0.01231956,1.73409796,1.74641751,971460177.71,12.8827
2615,7.1595,1.5027,1.5027,16382.54,48198993.47,3971090.07,253707429.50,272287146.45,525994575.95,31053.41,2.15648646,0.00061588,0.01970817,0.01231760,1.73439280,1.74671040,971489231.12,12.8785
2616,7.1622,1.5025,1.5025,16413.68,48203320.55,3971216.30,253731570.12,272294049.96,526025620.08,31044.12,2.15584190,0.00061578,0.01970504,0.01231565,1.73468767,1.74700332,971518275.24,12.8743
2617,7.1650,1.5022,1.5022,16444.88,48207647.01,3971342.50,253755703.10,272300951.82,526056654.92,31034.84,2.15519754,0.00061569,0.01970192,0.01231370,1.73498258,1.74729628,971547310.08,12.8701
2618,7.1677,1.5020,1.5020,16476.14,48211972.87,3971468.67,253779828.44,272307852.05,526087680.49,31025.57,2.15455338,0.00061559,0.01969880,0.01231175,1.73527751,1.74758927,971576335.65,12.8659
2619,7.1704,1.5018,1.5018,16507.46,48216298.13,3971594.81,253803946.15,272314750.64,526118696.79,31016.30,2.15390943,0.00061549,0.01969568,0.01230980,1.73557249,1.74788229,971605351.95,12.8617
2620,7.1732,1.5016,1.5016,16538.83,48220622.77,3971720.92,253828056.23,272321647.58,526149703.81,31007.03,2.15326569,0.00061539,0.01969256,0.01230785,1.73586749,1.74817535,971634358.97,12.8575
2621,7.1759,1.5014,1.5014,16570.27,48224946.81,3971847.01,253852158.68,272328542.89,526180701.57,30997.76,2.15262215,0.00061530,0.01968944,0.01230590,1.73616253,1.74846844,971663356.73,12.8533
2622,7.1786,1.5012,1.5012,16601.77,48229270.24,3971973.06,253876253.50,272335436.57,526211690.07,30988.49,2.15197882,0.00061520,0.01968633,0.01230395,1.73645761,1.74876156,971692345.23,12.8491
2623,7.1814,1.5010,1.5010,16633.33,48233593.06,3972099.09,253900340.70,272342328.60,526242669.30,30979.23,2.15133569,0.00061510,0.01968321,0.01230201,1.73675271,1.74905472,971721324.46,12.8450
2624,7.1841,1.5008,1.5008,16664.94,48237915.27,3972225.09,253924420.27,272349219.00,526273639.28,30969.98,2.15069276,0.00061500,0.01968009,0.01230006,1.73704785,1.74934791,971750294.44,12.8408
2625,7.1869,1.5006,1.5006,16696.62,48242236.88,3972351.07,253948492.23,272356107.76,526304600.00,30960.72,2.15005004,0.00061491,0.01967698,0.01229811,1.73734303,1.74964114,971779255.16,12.8366
2626,7.1896,1.5003,1.5003,16728.36,48246557.88,3972477.01,253972556.57,272362994.89,526335551.46,30951.47,2.14940753,0.00061481,0.01967386,0.01229616,1.73763824,1.74993440,971808206.63,12.8324
2627,7.1923,1.5001,1.5001,16760.16,48250878.27,3972602.93,253996613.30,272369880.39,526366493.68,30942.22,2.14876522,0.00061471,0.01967075,0.01229422,1.73793348,1.75022769,971837148.85,12.8282
2628,7.1951,1.4999,1.4999,16792.01,48255198.06,3972728.82,254020662.41,272376764.24,526397426.66,30932.97,2.14812311,0.00061461,0.01966763,0.01229227,1.73822875,1.75052102,971866081.82,12.8240
2629,7.1978,1.4997,1.4997,16823.93,48259517.24,3972854.68,254044703.92,272383646.47,526428350.39,30923.73,2.14748121,0.00061452,0.01966452,0.01229032,1.73852406,1.75081438,971895005.55,12.8199
2630,7.2005,1.4995,1.4995,16855.91,48263835.81,3972980.51,254068737.81,272390527.06,526459264.87,30914.49,2.14683952,0.00061442,0.01966140,0.01228838,1.73881940,1.75110778,971923920.04,12.8157
2631,7.2033,1.4993,1.4993,16887.95,48268153.77,3973106.31,254092764.11,272397406.02,526490170.13,30905.25,2.14619802,0.00061432,0.01965829,0.01228643,1.73911478,1.75140121,971952825.29,12.8115
2632,7.2060,1.4991,1.4991,16920.05,48272471.13,3973232.09,254116782.80,272404283.35,526521066.14,30896.02,2.14555674,0.00061422,0.01965518,0.01228449,1.73941019,1.75169467,971981721.31,12.8073
2633,7.2088,1.4989,1.4989,16952.22,48276787.88,3973357.84,254140793.88,272411159.04,526551952.93,30886.79,2.14491565,0.00061413,0.01965207,0.01228254,1.73970563,1.75198817,972010608.09,12.8032
2634,7.2115,1.4987,1.4987,16984.44,48281104.03,3973483.56,254164797.38,272418033.11,526582830.49,30877.56,2.14427477,0.00061403,0.01964896,0.01228060,1.74000111,1.75228170,972039485.65,12.7990
2635,7.2142,1.4985,1.4985,17016.72,48285419.56,3973609.25,254188793.27,272424905.54,526613698.82,30868.33,2.14363410,0.00061393,0.01964585,0.01227865,1.74029662,1.75257527,972068353.98,12.7948
2636,7.2170,1.4982,1.4982,17049.07,48289734.50,3973734.91,254212781.58,272431776.35,526644557.92,30859.11,2.14299363,0.00061384,0.01964274,0.01227671,1.74059216,1.75286887,972097213.09,12.7907
2637,7.2197,1.4980,1.4980,17081.48,48294048.82,3973860.55,254236762.29,272438645.52,526675407.81,30849.89,2.14235336,0.00061374,0.01963963,0.01227477,1.74088774,1.75316250,972126062.98,12.7865
2638,7.2225,1.4978,1.4978,17113.95,48298362.54,3973986.16,254260735.42,272445513.07,526706248.48,30840.67,2.14171330,0.00061364,0.01963652,0.01227283,1.74118335,1.75345617,972154903.65,12.7823
2639,7.2252,1.4976,1.4976,17146.48,48302675.65,3974111.74,254284700.96,272452378.99,526737079.94,30831.46,2.14107344,0.00061354,0.01963341,0.01227088,1.74147899,1.75374988,972183735.11,12.7782
2640,7.2279,1.4974,1.4974,17179.07,48306988.16,3974237.29,254308658.91,272459243.28,526767902.19,30822.25,2.14043378,0.00061345,0.01963031,0.01226894,1.74177467,1.75404361,972212557.35,12.7740
2641,7.2307,1.4972,1.4972,17211.73,48311300.06,3974362.81,254332609.29,272466105.94,526798715.23,30813.04,2.13979433,0.00061335,0.01962720,0.01226700,1.74207038,1.75433738,972241370.39,12.7698
2642,7.2334,1.4970,1.4970,17244.44,48315611.36,3974488.31,254356552.09,272472966.97,526829519.06,30803.83,2.13915508,0.00061325,0.01962409,0.01226506,1.74236613,1.75463119,972270174.22,12.7657
2643,7.2361,1.4968,1.4968,17277.22,48319922.05,3974613.77,254380487.31,272479826.38,526860313.69,30794.63,2.13851604,0.00061316,0.01962099,0.01226312,1.74266191,1.75492502,972298968.85,12.7615
2644,7.2389,1.4966,1.4966,17310.06,48324232.13,3974739.21,254404414.96,272486684.17,526891099.12,30785.43,2.13787720,0.00061306,0.01961788,0.01226118,1.74295772,1.75521890,972327754.29,12.7574
2645,7.2416,1.4963,1.4963,17342.97,48328541.61,3974864.62,254428335.03,272493540.33,526921875.36,30776.24,2.13723856,0.00061296,0.01961478,0.01225924,1.74325357,1.75551280,972356530.52,12.7532
2646,7.2444,1.4961,1.4961,17375.93,48332850.48,3974990.01,254452247.54,272500394.86,526952642.40,30767.04,2.13660013,0.00061286,0.01961168,0.01225730,1.74354945,1.75580674,972385297.56,12.7491
2647,7.2471,1.4959,1.4959,17408.96,48337158.75,3975115.36,254476152.48,272507247.77,526983400.25,30757.85,2.13596189,0.00061277,0.01960857,0.01225536,1.74384536,1.75610072,972414055.41,12.7449
2648,7.2498,1.4957,1.4957,17442.05,48341466.41,3975240.69,254500049.86,272514099.06,527014148.91,30748.66,2.13532387,0.00061267,0.01960547,0.01225342,1.74414131,1.75639473,972442804.08,12.7408
2649,7.2526,1.4955,1.4955,17475.21,48345773.46,3975365.99,254523939.67,272520948.72,527044888.39,30739.48,2.13468604,0.00061257,0.01960237,0.01225148,1.74443729,1.75668877,972471543.56,12.7366
2650,7.2553,1.4953,1.4953,17508.42,48350079.91,3975491.26,254547821.93,272527796.76,527075618.69,30730.30,2.13404842,0.00061248,0.01959927,0.01224954,1.74473330,1.75698284,972500273.85,12.7325
2651,7.2580,1.4951,1.4951,17541.71,48354385.76,3975616.50,254571696.63,272534643.18,527106339.81,30721.12,2.13341100,0.00061238,0.01959617,0.01224760,1.74502935,1.75727696,972528994.97,12.7283
2652,7.2608,1.4949,1.4949,17575.05,48358691.00,3975741.72,254595563.78,272541487.98,527137051.75,30711.94,2.13277379,0.00061228,0.01959307,0.01224567,1.74532543,1.75757110,972557706.91,12.7242
2653,7.2635,1.4947,1.4947,17608.46,48362995.64,3975866.91,254619423.37,272548331.15,527167754.52,30702.77,2.13213677,0.00061219,0.01958997,0.01224373,1.74562155,1.75786528,972586409.68,12.7200
2654,7.2663,1.4945,1.4945,17641.93,48367299.67,3975992.07,254643275.41,272555172.71,527198448.12,30693.60,2.13149996,0.00061209,0.01958687,0.01224179,1.74591770,1.75815949,972615103.28,12.7159
2655,7.2690,1.4942,1.4942,17675.46,48371603.09,3976117.20,254667119.91,272562012.65,527229132.55,30684.43,2.13086336,0.00061199,0.01958377,0.01223986,1.74621388,1.75845374,972643787.72,12.7118
2656,7.2717,1.4940,1.4940,17709.06,48375905.91,3976242.30,254690956.86,272568850.96,527259807.82,30675.27,2.13022695,0.00061190,0.01958067,0.01223792,1.74651010,1.75874802,972672462.98,12.7076
2657,7.2745,1.4938,1.4938,17742.72,48380208.13,3976367.38,254714786.27,272575687.66,527290473.93,30666.11,2.12959075,0.00061180,0.01957758,0.01223599,1.74680635,1.75904233,972701129.09,12.7035
2658,7.2772,1.4936,1.4936,17776.45,48384509.74,3976492.43,254738608.14,272582522.74,527321130.88,30656.95,2.12895475,0.00061170,0.01957448,0.01223405,1.74710263,1.75933668,972729786.04,12.6994
2659,7.2799,1.4934,1.4934,17810.24,48388810.75,3976617.45,254762422.47,272589356.20,527351778.67,30647.79,2.12831895,0.00061161,0.01957139,0.01223212,1.74739895,1.75963107,972758433.83,12.6952
2660,7.2827,1.4932,1.4932,17844.09,48393111.15,3976742.44,254786229.26,272596188.05,527382417.31,30638.64,2.12768336,0.00061151,0.01956829,0.01223018,1.74769530,1.75992548,972787072.47,12.6911
2661,7.2854,1.4930,1.4930,17878.01,48397410.95,3976867.40,254810028.52,272603018.28,527413046.80,30629.49,2.12704797,0.00061141,0.01956520,0.01222825,1.74799169,1.76021994,972815701.96,12.6870
2662,7.2882,1.4928,1.4928,17911.99,48401710.15,3976992.34,254833820.26,272609846.89,527443667.14,30620.34,2.12641278,0.00061132,0.01956210,0.01222631,1.74828811,1.76051442,972844322.31,12.6828
2663,7.2909,1.4926,1.4926,17946.04,48406008.74,3977117.25,254857604.46,272616673.89,527474278.35,30611.20,2.12577779,0.00061122,0.01955901,0.01222438,1.74858456,1.76080894,972872933.51,12.6787
2664,7.2936,1.4924,1.4924,17980.15,48410306.73,3977242.13,254881381.14,272623499.27,527504880.40,30602.06,2.12514300,0.00061112,0.01955592,0.01222245,1.74888105,1.76110349,972901535.57,12.6746
2665,7.2964,1.4921,1.4921,18014.33,48414604.11,3977366.98,254905150.29,272630323.04,527535473.33,30592.92,2.12450842,0.00061103,0.01955282,0.01222052,1.74917757,1.76139808,972930128.49,12.6705
2666,7.2991,1.4919,1.4919,18048.57,48418900.89,3977491.81,254928911.92,272637145.19,527566057.11,30583.79,2.12387404,0.00061093,0.01954973,0.01221858,1.74947412,1.76169270,972958712.27,12.6663
2667,7.3018,1.4917,1.4917,18082.88,48423197.06,3977616.61,254952666.04,272643965.73,527596631.77,30574.65,2.12323986,0.00061083,0.01954664,0.01221665,1.74977071,1.76198736,972987286.93,12.6622
2668,7.3046,1.4915,1.4915,18117.25,48427492.63,3977741.38,254976412.64,272650784.65,527627197.29,30565.52,2.12260588,0.00061074,0.01954355,0.01221472,1.75006733,1.76228205,973015852.45,12.6581
2669,7.3073,1.4913,1.4913,18151.69,48431787.60,3977866.12,255000151.72,272657601.97,527657753.69,30556.40,2.12197211,0.00061064,0.01954046,0.01221279,1.75036399,1.76257677,973044408.85,12.6540
2670,7.3101,1.4911,1.4911,18186.20,48436081.96,3977990.83,255023883.29,272664417.67,527688300.96,30547.27,2.12133853,0.00061054,0.01953737,0.01221086,1.75066067,1.76287153,973072956.13,12.6499
2671,7.3128,1.4909,1.4909,18220.76,48440375.73,3978115.52,255047607.36,272671231.76,527718839.12,30538.15,2.12070516,0.00061045,0.01953429,0.01220893,1.75095740,1.76316633,973101494.28,12.6457
2672,7.3155,1.4907,1.4907,18255.40,48444668.88,3978240.18,255071323.91,272678044.24,527749368.15,30529.04,2.12007199,0.00061035,0.01953120,0.01220700,1.75125415,1.76346115,973130023.32,12.6416
2673,7.3183,1.4905,1.4905,18290.10,48448961.44,3978364.81,255095032.97,272684855.11,527779888.08,30519.92,2.11943902,0.00061025,0.01952811,0.01220507,1.75155094,1.76375601,973158543.24,12.6375
2674,7.3210,1.4903,1.4903,18324.87,48453253.39,3978489.41,255118734.52,272691664.37,527810398.89,30510.81,2.11880625,0.00061016,0.01952502,0.01220314,1.75184777,1.76405091,973187054.05,12.6334
2675,7.3238,1.4901,1.4901,18359.70,48457544.74,3978613.99,255142428.57,272698472.02,527840900.59,30501.70,2.11817368,0.00061006,0.01952194,0.01220121,1.75214463,1.76434584,973215555.75,12.6293
2676,7.3265,1.4898,1.4898,18394.60,48461835.48,3978738.53,255166115.12,272705278.06,527871393.18,30492.59,2.11754132,0.00060996,0.01951885,0.01219928,1.75244152,1.76464080,973244048.35,12.6252
2677,7.3292,1.4896,1.4896,18429.56,48466125.62,3978863.05,255189794.18,272712082.50,527901876.67,30483.49,2.11690915,0.00060987,0.01951577,0.01219735,1.75273844,1.76493580,973272531.84,12.6211
2678,7.3320,1.4894,1.4894,18464.59,48470415.16,3978987.55,255213465.74,272718885.32,527932351.07,30474.39,2.11627719,0.00060977,0.01951268,0.01219543,1.75303540,1.76523083,973301006.23,12.6170
2679,7.3347,1.4892,1.4892,18499.69,48474704.10,3979112.01,255237129.82,272725686.54,527962816.36,30465.29,2.11564543,0.00060967,0.01950960,0.01219350,1.75333240,1.76552590,973329471.52,12.6129
2680,7.3374,1.4890,1.4890,18534.86,48478992.43,3979236.45,255260786.41,272732486.15,527993272.56,30456.20,2.11501387,0.00060958,0.01950652,0.01219157,1.75362942,1.76582100,973357927.72,12.6088
2681,7.3402,1.4888,1.4888,18570.09,48483280.16,3979360.86,255284435.51,272739284.16,528023719.67,30447.11,2.11438251,0.00060948,0.01950343,0.01218965,1.75392648,1.76611613,973386374.83,12.6047
2682,7.3429,1.4886,1.4886,18605.39,48487567.29,3979485.24,255308077.13,272746080.56,528054157.69,30438.02,2.11375135,0.00060939,0.01950035,0.01218772,1.75422358,1.76641130,973414812.85,12.6006
2683,7.3457,1.4884,1.4884,18640.75,48491853.82,3979609.59,255331711.27,272752875.36,528084586.62,30428.93,2.11312039,0.00060929,0.01949727,0.01218579,1.75452071,1.76670650,973443241.78,12.5965
2684,7.3484,1.4882,1.4882,18676.19,48496139.74,3979733.92,255355337.93,272759668.55,528115006.47,30419.85,2.11248963,0.00060919,0.01949419,0.01218387,1.75481787,1.76700174,973471661.63,12.5924
2685,7.3511,1.4880,1.4880,18711.69,48500425.06,3979858.22,255378957.11,272766460.13,528145417.24,30410.77,2.11185908,0.00060910,0.01949111,0.01218194,1.75511506,1.76729701,973500072.40,12.5883
2686,7.3539,1.4877,1.4877,18747.26,48504709.78,3979982.49,255402568.82,272773250.12,528175818.94,30401.69,2.11122872,0.00060900,0.01948803,0.01218002,1.75541229,1.76759231,973528474.10,12.5842
2687,7.3566,1.4875,1.4875,18782.89,48508993.90,3980106.73,255426173.06,272780038.50,528206211.56,30392.62,2.11059856,0.00060890,0.01948495,0.01217810,1.75570956,1.76788765,973556866.72,12.5801
2688,7.3593,1.4873,1.4873,18818.59,48513277.41,3980230.95,255449769.83,272786825.27,528236595.10,30383.55,2.10996861,0.00060881,0.01948188,0.01217617,1.75600685,1.76818303,973585250.27,12.5760
2689,7.3621,1.4871,1.4871,18854.37,48517560.33,3980355.13,255473359.13,272793610.45,528266969.58,30374.48,2.10933885,0.00060871,0.01947880,0.01217425,1.75630418,1.76847843,973613624.75,12.5719
2690,7.3648,1.4869,1.4869,18890.20,48521842.64,3980479.29,255496940.97,272800394.02,528297335.00,30365.41,2.10870930,0.00060862,0.01947572,0.01217233,1.75660155,1.76877387,973641990.16,12.5679
2691,7.3676,1.4867,1.4867,18926.11,48526124.35,3980603.43,255520515.35,272807176.00,528327691.35,30356.35,2.10807994,0.00060852,0.01947264,0.01217040,1.75689895,1.76906935,973670346.51,12.5638
2692,7.3703,1.4865,1.4865,18962.09,48530405.46,3980727.53,255544082.27,272813956.37,528358038.64,30347.29,2.10745079,0.00060842,0.01946957,0.01216848,1.75719638,1.76936486,973698693.80,12.5597
2693,7.3730,1.4863,1.4863,18998.13,48534685.96,3980851.61,255567641.73,272820735.14,528388376.87,30338.23,2.10682184,0.00060833,0.01946649,0.01216656,1.75749385,1.76966041,973727032.04,12.5556
2694,7.3758,1.4861,1.4861,19034.24,48538965.87,3980975.66,255591193.74,272827512.32,528418706.05,30329.18,2.10619308,0.00060823,0.01946342,0.01216464,1.75779135,1.76995598,973755361.22,12.5515
2695,7.3785,1.4859,1.4859,19070.42,48543245.17,3981099.68,255614738.29,272834287.89,528449026.18,30320.13,2.10556453,0.00060814,0.01946034,0.01216272,1.75808888,1.77025160,973783681.35,12.5475
2696,7.3812,1.4857,1.4857,19106.67,48547523.87,3981223.68,255638275.39,272841061.87,528479337.26,30311.08,2.10493617,0.00060804,0.01945727,0.01216079,1.75838645,1.77054724,973811992.43,12.5434
2697,7.3840,1.4855,1.4855,19142.99,48551801.97,3981347.64,255661805.05,272847834.25,528509639.30,30302.04,2.10430802,0.00060794,0.01945420,0.01215887,1.75868405,1.77084293,973840294.46,12.5393
2698,7.3867,1.4852,1.4852,19179.38,48556079.47,3981471.58,255685327.26,272854605.03,528539932.29,30292.99,2.10368006,0.00060785,0.01945113,0.01215695,1.75898169,1.77113864,973868587.46,12.5352
2699,7.3895,1.4850,1.4850,19215.84,48560356.37,3981595.49,255708842.03,272861374.22,528570216.25,30283.95,2.10305231,0.00060775,0.01944806,0.01215503,1.75927936,1.77143439,973896871.41,12.5312
2700,7.3922,1.4848,1.4848,19252.36,48564632.67,3981719.38,255732349.36,272868141.80,528600491.16,30274.92,2.10242476,0.00060766,0.01944498,0.01215312,1.75957706,1.77173018,973925146.32,12.5271
2701,7.3949,1.4846,1.4846,19288.96,48568908.37,3981843.24,255755849.25,272874907.80,528630757.04,30265.88,2.10179740,0.00060756,0.01944191,0.01215120,1.75987480,1.77202599,973953412.21,12.5230
2702,7.3977,1.4844,1.4844,19325.62,48573183.46,3981967.07,255779341.70,272881672.20,528661013.90,30256.85,2.10117024,0.00060746,0.01943884,0.01214928,1.76017257,1.77232185,973981669.06,12.5190
2703,7.4004,1.4842,1.4842,19362.36,48577457.96,3982090.87,255802826.72,272888435.00,528691261.72,30247.82,2.10054329,0.00060737,0.01943578,0.01214736,1.76047037,1.77261773,974009916.88,12.5149
2704,7.4031,1.4840,1.4840,19399.16,48581731.85,3982214.64,255826304.31,272895196.21,528721500.52,30238.80,2.09991653,0.00060727,0.01943271,0.01214544,1.76076821,1.77291366,974038155.68,12.5108
2705,7.4059,1.4838,1.4838,19436.04,48586005.15,3982338.39,255849774.47,272901955.82,528751730.29,30229.78,2.09928997,0.00060718,0.01942964,0.01214352,1.76106609,1.77320961,974066385.46,12.5068
2706,7.4086,1.4836,1.4836,19472.98,48590277.84,3982462.11,255873237.20,272908713.85,528781951.05,30220.76,2.09866361,0.00060708,0.01942657,0.01214161,1.76136399,1.77350560,974094606.21,12.5027
2707,7.4114,1.4834,1.4834,19510.00,48594549.93,3982585.80,255896692.51,272915470.28,528812162.79,30211.74,2.09803745,0.00060698,0.01942350,0.01213969,1.76166193,1.77380162,974122817.95,12.4986
2708,7.4141,1.4832,1.4832,19547.08,48598821.43,3982709.47,255920140.40,272922225.11,528842365.51,30202.73,2.09741149,0.00060689,0.01942044,0.01213777,1.76195991,1.77409768,974151020.68,12.4946
2709,7.4168,1.4829,1.4829,19584.24,48603092.32,3982833.10,255943580.87,272928978.36,528872559.23,30193.71,2.09678573,0.00060679,0.01941737,0.01213586,1.76225792,1.77439378,974179214.39,12.4905
2710,7.4196,1.4827,1.4827,19621.47,48607362.61,3982956.71,255967013.92,272935730.01,528902743.93,30184.71,2.09616017,0.00060670,0.01941431,0.01213394,1.76255596,1.77468990,974207399.10,12.4865
2711,7.4223,1.4825,1.4825,19658.76,48611632.30,3983080.29,255990439.56,272942480.08,528932919.64,30175.70,2.09553481,0.00060660,0.01941124,0.01213203,1.76285404,1.77498606,974235574.80,12.4824
2712,7.4251,1.4823,1.4823,19696.13,48615901.40,3983203.85,256013857.78,272949228.55,528963086.34,30166.70,2.09490964,0.00060651,0.01940818,0.01213011,1.76315215,1.77528226,974263741.50,12.4784
2713,7.4278,1.4821,1.4821,19733.57,48620169.89,3983327.38,256037268.60,272955975.44,528993244.03,30157.70,2.09428468,0.00060641,0.01940512,0.01212820,1.76345029,1.77557849,974291899.20,12.4743
2714,7.4305,1.4819,1.4819,19771.08,48624437.78,3983450.88,256060672.00,272962720.74,529023392.74,30148.70,2.09365991,0.00060631,0.01940205,0.01212628,1.76374847,1.77587475,974320047.90,12.4703
2715,7.4333,1.4817,1.4817,19808.66,48628705.07,3983574.35,256084068.00,272969464.44,529053532.45,30139.71,2.09303534,0.00060622,0.01939899,0.01212437,1.76404668,1.77617105,974348187.61,12.4662
2716,7.4360,1.4815,1.4815,19846.32,48632971.77,3983697.79,256107456.60,272976206.56,529083663.16,30130.72,2.09241097,0.00060612,0.01939593,0.01212246,1.76434493,1.77646738,974376318.33,12.4622
2717,7.4387,1.4813,1.4813,19884.04,48637237.86,3983821.21,256130837.80,272982947.10,529113784.89,30121.73,2.09178680,0.00060603,0.01939287,0.01212054,1.76464321,1.77676375,974404440.06,12.4581
2718,7.4415,1.4811,1.4811,19921.84,48641503.35,3983944.60,256154211.60,272989686.04,529143897.64,30112.74,2.09116283,0.00060593,0.01938981,0.01211863,1.76494152,1.77706015,974432552.80,12.4541
2719,7.4442,1.4809,1.4809,19959.70,48645768.25,3984067.96,256177578.00,272996423.40,529174001.40,30103.76,2.09053905,0.00060584,0.01938675,0.01211672,1.76523987,1.77735659,974460656.56,12.4500
2720,7.4470,1.4807,1.4807,19997.64,48650032.55,3984191.30,256200937.01,273003159.17,529204096.18,30094.78,2.08991548,0.00060574,0.01938369,0.01211481,1.76553825,1.77765306,974488751.35,12.4460
2721,7.4497,1.4805,1.4805,20035.66,48654296.24,3984314.61,256224288.63,273009893.36,529234181.99,30085.81,2.08929210,0.00060564,0.01938063,0.01211290,1.76583667,1.77794956,974516837.15,12.4420
2722,7.4524,1.4802,1.4802,20073.74,48658559.34,3984437.89,256247632.86,273016625.97,529264258.82,30076.83,2.08866892,0.00060555,0.01937757,0.01211098,1.76613512,1.77824610,974544913.99,12.4379
2723,7.4552,1.4800,1.4800,20111.90,48662821.84,3984561.14,256270969.70,273023356.98,529294326.68,30067.86,2.08804594,0.00060545,0.01937452,0.01210907,1.76643360,1.77854267,974572981.85,12.4339
2724,7.4579,1.4798,1.4798,20150.13,48667083.74,3984684.37,256294299.16,273030086.42,529324385.58,30058.89,2.08742315,0.00060536,0.01937146,0.01210716,1.76673212,1.77883928,974601040.74,12.4299
2725,7.4606,1.4796,1.4796,20188.43,48671345.04,3984807.57,256317621.23,273036814.27,529354435.51,30049.93,2.08680057,0.00060526,0.01936841,0.01210525,1.76703067,1.77913592,974629090.67,12.4258
2726,7.4634,1.4794,1.4794,20226.80,48675605.74,3984930.74,256340935.93,273043540.54,529384476.47,30040.97,2.08617818,0.00060517,0.01936535,0.01210334,1.76732926,1.77943260,974657131.63,12.4218
2727,7.4661,1.4792,1.4792,20265.25,48679865.84,3985053.88,256364243.25,273050265.23,529414508.48,30032.01,2.08555599,0.00060507,0.01936229,0.01210143,1.76762788,1.77972931,974685163.64,12.4178
2728,7.4689,1.4790,1.4790,20303.77,48684125.35,3985177.00,256387543.20,273056988.33,529444531.53,30023.05,2.08493400,0.00060498,0.01935924,0.01209953,1.76792653,1.78002606,974713186.69,12.4137
2729,7.4716,1.4788,1.4788,20342.37,48688384.25,3985300.09,256410835.77,273063709.86,529474545.62,30014.10,2.08431220,0.00060488,0.01935619,0.01209762,1.76822522,1.78032283,974741200.79,12.4097
2730,7.4743,1.4786,1.4786,20381.04,48692642.56,3985423.15,256434120.97,273070429.80,529504550.77,30005.14,2.08369061,0.00060479,0.01935313,0.01209571,1.76852394,1.78061965,974769205.93,12.4057
2731,7.4771,1.4784,1.4784,20419.78,48696900.27,3985546.19,256457398.80,273077148.16,529534546.96,29996.20,2.08306921,0.00060469,0.01935008,0.01209380,1.76882270,1.78091650,974797202.13,12.4017
2732,7.4798,1.4782,1.4782,20458.59,48701157.38,3985669.20,256480669.27,273083864.94,529564534.22,29987.25,2.08244801,0.00060459,0.01934703,0.01209189,1.76912148,1.78121338,974825189.38,12.3976
2733,7.4825,1.4780,1.4780,20497.48,48705413.89,3985792.18,256503932.38,273090580.15,529594512.52,29978.31,2.08182700,0.00060450,0.01934398,0.01208999,1.76942031,1.78151030,974853167.69,12.3936
2734,7.4853,1.4777,1.4777,20536.44,48709669.81,3985915.13,256527188.12,273097293.77,529624481.89,29969.37,2.08120619,0.00060440,0.01934093,0.01208808,1.76971917,1.78180725,974881137.06,12.3896
2735,7.4880,1.4775,1.4775,20575.48,48713925.12,3986038.06,256550436.50,273104005.82,529654442.33,29960.43,2.08058558,0.00060431,0.01933788,0.01208617,1.77001806,1.78210423,974909097.49,12.3856
2736,7.4908,1.4773,1.4773,20614.59,48718179.84,3986160.96,256573677.53,273110716.29,529684393.82,29951.50,2.07996517,0.00060421,0.01933483,0.01208427,1.77031698,1.78240125,974937048.99,12.3816
2737,7.4935,1.4771,1.4771,20653.77,48722433.96,3986283.83,256596911.21,273117425.18,529714336.39,29942.57,2.07934496,0.00060412,0.01933178,0.01208236,1.77061594,1.78269831,974964991.55,12.3775
2738,7.4962,1.4769,1.4769,20693.03,48726687.48,3986406.67,256620137.53,273124132.50,529744270.03,29933.64,2.07872494,0.00060402,0.01932873,0.01208046,1.77091494,1.78299539,974992925.19,12.3735
2739,7.4990,1.4767,1.4767,20732.37,48730940.41,3986529.49,256643356.51,273130838.24,529774194.74,29924.71,2.07810512,0.00060393,0.01932568,0.01207855,1.77121397,1.78329252,975020849.91,12.3695
2740,7.5017,1.4765,1.4765,20771.78,48735192.73,3986652.28,256666568.13,273137542.40,529804110.54,29915.79,2.07748549,0.00060383,0.01932264,0.01207665,1.77151303,1.78358968,975048765.70,12.3655
2741,7.5044,1.4763,1.4763,20811.26,48739444.46,3986775.04,256689772.42,273144244.99,529834017.41,29906.87,2.07686606,0.00060374,0.01931959,0.01207474,1.77181212,1.78388687,975076672.57,12.3615
2742,7.5072,1.4761,1.4761,20850.82,48743695.60,3986897.78,256712969.36,273150946.01,529863915.36,29897.95,2.07624683,0.00060364,0.01931654,0.01207284,1.77211125,1.78418409,975104570.52,12.3575
2743,7.5099,1.4759,1.4759,20890.45,48747946.13,3987020.49,256736158.96,273157645.45,529893804.40,29889.04,2.07562780,0.00060355,0.01931350,0.01207094,1.77241042,1.78448136,975132459.56,12.3535
2744,7.5127,1.4757,1.4757,20930.16,48752196.07,3987143.17,256759341.22,273164343.31,529923684.53,29880.13,2.07500896,0.00060345,0.01931045,0.01206903,1.77270962,1.78477865,975160339.69,12.3495
2745,7.5154,1.4755,1.4755,20969.95,48756445.41,3987265.82,256782516.15,273171039.61,529953555.75,29871.22,2.07439032,0.00060336,0.01930741,0.01206713,1.77300885,1.78507598,975188210.91,12.3455
2746,7.5181,1.4753,1.4753,21009.81,48760694.15,3987388.45,256805683.74,273177734.33,529983418.07,29862.32,2.07377188,0.00060326,0.01930437,0.01206523,1.77330812,1.78537334,975216073.23,12.3415
2747,7.5209,1.4751,1.4751,21049.74,48764942.30,3987511.05,256828844.00,273184427.48,530013271.48,29853.41,2.07315363,0.00060317,0.01930132,0.01206333,1.77360742,1.78567074,975243926.64,12.3375
2748,7.5236,1.4748,1.4748,21089.76,48769189.85,3987633.62,256851996.94,273191119.05,530043115.99,29844.51,2.07253558,0.00060307,0.01929828,0.01206143,1.77390675,1.78596818,975271771.15,12.3335
2749,7.5264,1.4746,1.4746,21129.84,48773436.80,3987756.17,256875142.55,273197809.06,530072951.61,29835.62,2.07191773,0.00060298,0.01929524,0.01205952,1.77420612,1.78626564,975299606.77,12.3295
2750,7.5291,1.4744,1.4744,21170.01,48777683.16,3987878.69,256898280.83,273204497.50,530102778.33,29826.72,2.07130007,0.00060288,0.01929220,0.01205762,1.77450552,1.78656315,975327433.49,12.3255
2751,7.5318,1.4742,1.4742,21210.25,48781928.92,3988001.18,256921411.80,273211184.36,530132596.16,29817.83,2.07068260,0.00060279,0.01928916,0.01205572,1.77480496,1.78686068,975355251.32,12.3215
2752,7.5346,1.4740,1.4740,21250.57,48786174.08,3988123.64,256944535.44,273217869.66,530162405.10,29808.94,2.07006534,0.00060269,0.01928612,0.01205382,1.77510443,1.78715825,975383060.26,12.3175
2753,7.5373,1.4738,1.4738,21290.96,48790418.64,3988246.08,256967651.77,273224553.39,530192205.15,29800.06,2.06944827,0.00060260,0.01928308,0.01205192,1.77540393,1.78745586,975410860.32,12.3135
2754,7.5400,1.4736,1.4736,21331.43,48794662.61,3988368.49,256990760.78,273231235.55,530221996.33,29791.17,2.06883139,0.00060250,0.01928004,0.01205002,1.77570347,1.78775350,975438651.49,12.3095
2755,7.5428,1.4734,1.4734,21371.98,48798905.99,3988490.87,257013862.48,273237916.14,530251778.62,29782.29,2.06821472,0.00060241,0.01927700,0.01204813,1.77600305,1.78805117,975466433.78,12.3055
2756,7.5455,1.4732,1.4732,21412.60,48803148.76,3988613.23,257036956.87,273244595.16,530281552.03,29773.41,2.06759823,0.00060231,0.01927396,0.01204623,1.77630265,1.78834888,975494207.19,12.3015
2757,7.5483,1.4730,1.4730,21453.31,48807390.94,3988735.56,257060043.96,273251272.62,530311316.57,29764.54,2.06698195,0.00060222,0.01927093,0.01204433,1.77660230,1.78864662,975521971.73,12.2975
2758,7.5510,1.4728,1.4728,21494.08,48811632.53,3988857.86,257083123.73,273257948.51,530341072.24,29755.67,2.06636586,0.00060212,0.01926789,0.01204243,1.77690197,1.78894440,975549727.40,12.2936
2759,7.5537,1.4726,1.4726,21534.94,48815873.52,3988980.13,257106196.21,273264622.83,530370819.04,29746.80,2.06574996,0.00060203,0.01926485,0.01204053,1.77720168,1.78924221,975577474.20,12.2896
2760,7.5565,1.4724,1.4724,21575.88,48820113.91,3989102.38,257129261.38,273271295.59,530400556.97,29737.93,2.06513426,0.00060193,0.01926182,0.01203864,1.77750142,1.78954006,975605212.14,12.2856
2761,7.5592,1.4722,1.4722,21616.89,48824353.71,3989224.60,257152319.26,273277966.78,530430286.04,29729.07,2.06451876,0.00060184,0.01925878,0.01203674,1.77780120,1.78983794,975632941.21,12.2816
2762,7.5619,1.4719,1.4719,21657.98,48828592.91,3989346.79,257175369.84,273284636.41,530460006.25,29720.21,2.06390345,0.00060174,0.01925575,0.01203484,1.77810101,1.79013586,975660661.42,12.2776
2763,7.5647,1.4717,1.4717,21699.15,48832831.51,3989468.96,257198413.13,273291304.48,530489717.60,29711.35,2.06328834,0.00060165,0.01925272,0.01203295,1.77840086,1.79043381,975688372.77,12.2737
2764,7.5674,1.4715,1.4715,21740.39,48837069.52,3989591.10,257221449.12,273297970.98,530519420.10,29702.50,2.06267342,0.00060155,0.01924968,0.01203105,1.77870074,1.79073179,975716075.26,12.2697
2765,7.5702,1.4713,1.4713,21781.72,48841306.94,3989713.21,257244477.83,273304635.92,530549113.75,29693.65,2.06205870,0.00060146,0.01924665,0.01202916,1.77900066,1.79102981,975743768.91,12.2657
2766,7.5729,1.4711,1.4711,21823.12,48845543.75,3989835.30,257267499.25,273311299.30,530578798.54,29684.80,2.06144417,0.00060136,0.01924362,0.01202726,1.77930060,1.79132787,975771453.71,12.2617
2767,7.5756,1.4709,1.4709,21864.60,48849779.98,3989957.36,257290513.38,273317961.11,530608474.49,29675.95,2.06082984,0.00060127,0.01924059,0.01202537,1.77960059,1.79162596,975799129.66,12.2578
2768,7.5784,1.4707,1.4707,21906.16,48854015.61,3990079.39,257313520.23,273324621.36,530638141.60,29667.11,2.06021570,0.00060117,0.01923756,0.01202347,1.77990060,1.79192408,975826796.76,12.2538
2769,7.5811,1.4705,1.4705,21947.80,48858250.64,3990201.39,257336519.81,273331280.06,530667799.86,29658.27,2.05960176,0.00060108,0.01923453,0.01202158,1.78020066,1.79222224,975854455.03,12.2498
2770,7.5838,1.4703,1.4703,21989.52,48862485.08,3990323.37,257359512.10,273337937.19,530697449.29,29649.43,2.05898801,0.00060098,0.01923150,0.01201969,1.78050074,1.79252043,975882104.45,12.2459
2771,7.5866,1.4701,1.4701,22031.32,48866718.92,3990445.32,257382497.12,273344592.76,530727089.88,29640.59,2.05837446,0.00060089,0.01922847,0.01201779,1.78080086,1.79281866,975909745.05,12.2419
2772,7.5893,1.4699,1.4699,22073.20,48870952.17,3990567.25,257405474.87,273351246.77,530756721.64,29631.76,2.05776110,0.00060080,0.01922544,0.01201590,1.78110101,1.79311692,975937376.81,12.2379
2773,7.5921,1.4697,1.4697,22115.16,48875184.82,3990689.14,257428445.35,273357899.23,530786344.57,29622.93,2.05714794,0.00060070,0.01922241,0.01201401,1.78140120,1.79341521,975964999.74,12.2340
2774,7.5948,1.4695,1.4695,22157.20,48879416.88,3990811.01,257451408.55,273364550.12,530815958.68,29614.10,2.05653497,0.00060061,0.01921939,0.01201212,1.78170143,1.79371354,975992613.84,12.2300
2775,7.5975,1.4693,1.4693,22199.31,48883648.34,3990932.86,257474364.50,273371199.46,530845563.96,29605.28,2.05592220,0.00060051,0.01921636,0.01201023,1.78200168,1.79401191,976020219.12,12.2260
2776,7.6003,1.4691,1.4691,22241.51,48887879.21,3991054.67,257497313.17,273377847.24,530875160.42,29596.46,2.05530962,0.00060042,0.01921334,0.01200833,1.78230197,1.79431031,976047815.58,12.2221
2777,7.6030,1.4688,1.4688,22283.79,48892109.48,3991176.46,257520254.59,273384493.47,530904748.06,29587.64,2.05469724,0.00060032,0.01921031,0.01200644,1.78260230,1.79460874,976075403.22,12.2181
2778,7.6057,1.4686,1.4686,22326.15,48896339.16,3991298.23,257543188.75,273391138.13,530934326.88,29578.82,2.05408505,0.00060023,0.01920729,0.01200455,1.78290266,1.79490721,976102982.04,12.2142
2779,7.6085,1.4684,1.4684,22368.58,48900568.25,3991419.96,257566115.65,273397781.24,530963896.89,29570.01,2.05347306,0.00060013,0.01920426,0.01200266,1.78320305,1.79520571,976130552.06,12.2102
2780,7.6112,1.4682,1.4682,22411.10,48904796.74,3991541.67,257589035.30,273404422.80,530993458.10,29561.20,2.05286125,0.00060004,0.01920124,0.01200077,1.78350348,1.79550425,976158113.26,12.2063
2781,7.6140,1.4680,1.4680,22453.70,48909024.64,3991663.35,257611947.69,273411062.80,531023010.49,29552.39,2.05224965,0.00059994,0.01919822,0.01199888,1.78380394,1.79580282,976185665.65,12.2023
2782,7.6167,1.4678,1.4678,22496.38,48913251.94,3991785.01,257634852.83,273417701.25,531052554.08,29543.59,2.05163824,0.00059985,0.01919519,0.01199700,1.78410443,1.79610143,976213209.24,12.1984
2783,7.6194,1.4676,1.4676,22539.15,48917478.65,3991906.64,257657750.73,273424338.14,531082088.87,29534.79,2.05102702,0.00059976,0.01919217,0.01199511,1.78440496,1.79640007,976240744.03,12.1944
2784,7.6222,1.4674,1.4674,22581.99,48921704.76,3992028.24,257680641.38,273430973.48,531111614.86,29525.99,2.05041599,0.00059966,0.01918915,0.01199322,1.78470553,1.79669875,976268270.02,12.1905
2785,7.6249,1.4672,1.4672,22624.91,48925930.29,3992149.81,257703524.79,273437607.27,531141132.05,29517.19,2.04980516,0.00059957,0.01918613,0.01199133,1.78500613,1.79699746,976295787.22,12.1865
2786,7.6277,1.4670,1.4670,22667.92,48930155.21,3992271.36,257726400.96,273444239.50,531170640.46,29508.40,2.04919453,0.00059947,0.01918311,0.01198944,1.78530676,1.79729620,976323295.62,12.1826
2787,7.6304,1.4668,1.4668,22711.01,48934379.55,3992392.88,257749269.88,273450870.18,531200140.07,29499.61,2.04858408,0.00059938,0.01918009,0.01198756,1.78560743,1.79759498,976350795.23,12.1786
2788,7.6331,1.4666,1.4666,22754.18,48938603.29,3992514.37,257772131.58,273457499.31,531229630.89,29490.82,2.04797383,0.00059928,0.01917707,0.01198567,1.78590813,1.79789380,976378286.05,12.1747
2789,7.6359,1.4664,1.4664,22797.43,48942826.43,3992635.84,257794986.03,273464126.89,531259112.93,29482.04,2.04736378,0.00059919,0.01917405,0.01198378,1.78620886,1.79819265,976405768.09,12.1708
2790,7.6386,1.4662,1.4662,22840.76,48947048.99,3992757.28,257817833.26,273470752.92,531288586.18,29473.26,2.04675392,0.00059909,0.01917104,0.01198190,1.78650963,1.79849153,976433241.35,12.1668
2791,7.6413,1.4660,1.4660,22884.18,48951270.95,3992878.69,257840673.26,273477377.40,531318050.66,29464.48,2.04614425,0.00059900,0.01916802,0.01198001,1.78681044,1.79879045,976460705.82,12.1629
2792,7.6441,1.4658,1.4658,22927.68,48955492.31,3993000.08,257863506.03,273484000.33,531347506.36,29455.70,2.04553478,0.00059891,0.01916500,0.01197813,1.78711128,1.79908940,976488161.53,12.1590
2793,7.6468,1.4655,1.4655,22971.26,48959713.09,3993121.44,257886331.57,273490621.72,531376953.29,29446.93,2.04492549,0.00059881,0.01916199,0.01197624,1.78741215,1.79938839,976515608.45,12.1550
2794,7.6496,1.4653,1.4653,23014.93,48963933.27,3993242.78,257909149.90,273497241.55,531406391.45,29438.16,2.04431641,0.00059872,0.01915897,0.01197436,1.78771306,1.79968741,976543046.61,12.1511
2795,7.6523,1.4651,1.4651,23058.67,48968152.85,3993364.08,257931961.00,273503859.83,531435820.83,29429.39,2.04370751,0.00059862,0.01915596,0.01197247,1.78801400,1.79998647,976570476.00,12.1472
2796,7.6550,1.4649,1.4649,23102.50,48972371.85,3993485.36,257954764.88,273510476.57,531465241.46,29420.62,2.04309881,0.00059853,0.01915294,0.01197059,1.78831497,1.80028556,976597896.62,12.1432
2797,7.6578,1.4647,1.4647,23146.42,48976590.25,3993606.61,257977561.55,273517091.76,531494653.32,29411.86,2.04249030,0.00059844,0.01914993,0.01196871,1.78861598,1.80058469,976625308.48,12.1393
2798,7.6605,1.4645,1.4645,23190.42,48980808.06,3993727.84,258000351.01,273523705.41,531524056.42,29403.10,2.04188199,0.00059834,0.01914692,0.01196682,1.78891703,1.80088385,976652711.58,12.1354
2799,7.6632,1.4643,1.4643,23234.50,48985025.27,3993849.04,258023133.25,273530317.51,531553450.76,29394.34,2.04127387,0.00059825,0.01914390,0.01196494,1.78921811,1.80118305,976680105.92,12.1315
2800,7.6660,1.4641,1.4641,23278.66,48989241.90,3993970.21,258045908.29,273536928.06,531582836.35,29385.59,2.04066594,0.00059815,0.01914089,0.01196306,1.78951922,1.80148228,976707491.51,12.1275
2801,7.6687,1.4639,1.4639,23322.91,48993457.93,3994091.36,258068676.12,273543537.07,531612213.19,29376.84,2.04005820,0.00059806,0.01913788,0.01196118,1.78982037,1.80178154,976734868.35,12.1236
2802,7.6715,1.4637,1.4637,23367.24,48997673.37,3994212.48,258091436.74,273550144.53,531641581.28,29368.09,2.03945066,0.00059796,0.01913487,0.01195929,1.79012155,1.80208084,976762236.44,12.1197
2803,7.6742,1.4635,1.4635,23411.66,49001888.21,3994333.57,258114190.17,273556750.45,531670940.62,29359.34,2.03884331,0.00059787,0.01913186,0.01195741,1.79042276,1.80238018,976789595.79,12.1158
2804,7.6769,1.4633,1.4633,23456.16,49006102.47,3994454.64,258136936.39,273563354.83,531700291.22,29350.60,2.03823615,0.00059778,0.01912885,0.01195553,1.79072401,1.80267955,976816946.39,12.1119
2805,7.6797,1.4631,1.4631,23500.75,49010316.13,3994575.68,258159675.42,273569957.67,531729633.08,29341.86,2.03762919,0.00059768,0.01912584,0.01195365,1.79102530,1.80297895,976844288.25,12.1079
2806,7.6824,1.4629,1.4629,23545.42,49014529.20,3994696.69,258182407.25,273576558.96,531758966.21,29333.12,2.03702241,0.00059759,0.01912283,0.01195177,1.79132662,1.80327839,976871621.37,12.1040
2807,7.6851,1.4627,1.4627,23590.18,49018741.67,3994817.68,258205131.89,273583158.71,531788290.59,29324.39,2.03641583,0.00059749,0.01911983,0.01194989,1.79162797,1.80357786,976898945.76,12.1001
2808,7.6879,1.4625,1.4625,23635.02,49022953.56,3994938.64,258227849.33,273589756.92,531817606.25,29315.66,2.03580945,0.00059740,0.01911682,0.01194801,1.79192936,1.80387737,976926261.41,12.0962
2809,7.6906,1.4623,1.4623,23679.94,49027164.85,3995059.57,258250559.59,273596353.58,531846913.18,29306.93,2.03520325,0.00059731,0.01911381,0.01194613,1.79223078,1.80417691,976953568.34,12.0923
2810,7.6934,1.4620,1.4620,23724.96,49031375.56,3995180.48,258273262.67,273602948.71,531876211.38,29298.20,2.03459725,0.00059721,0.01911081,0.01194425,1.79253224,1.80447649,976980866.54,12.0884
2811,7.6961,1.4618,1.4618,23770.05,49035585.67,3995301.36,258295958.56,273609542.30,531905500.85,29289.48,2.03399144,0.00059712,0.01910780,0.01194238,1.79283373,1.80477610,977008156.02,12.0845
2812,7.6988,1.4616,1.4616,23815.24,49039795.18,3995422.21,258318647.26,273616134.35,531934781.61,29280.76,2.03338582,0.00059702,0.01910480,0.01194050,1.79313525,1.80507575,977035436.77,12.0806
2813,7.7016,1.4614,1.4614,23860.51,49044004.11,3995543.03,258341328.79,273622724.85,531964053.65,29272.04,2.03278040,0.00059693,0.01910179,0.01193862,1.79343681,1.80537543,977062708.81,12.0767
2814,7.7043,1.4612,1.4612,23905.86,49048212.45,3995663.83,258364003.15,273629313.82,531993316.97,29263.32,2.03217516,0.00059684,0.01909879,0.01193674,1.79373840,1.80567515,977089972.13,12.0728
2815,7.7070,1.4610,1.4610,23951.30,49052420.19,3995784.61,258386670.32,273635901.26,532022571.58,29254.61,2.03157012,0.00059674,0.01909579,0.01193487,1.79404003,1.80597490,977117226.74,12.0689
2816,7.7098,1.4608,1.4608,23996.83,49056627.35,3995905.35,258409330.33,273642487.15,532051817.48,29245.90,2.03096527,0.00059665,0.01909278,0.01193299,1.79434170,1.80627468,977144472.64,12.0650
2817,7.7125,1.4606,1.4606,24042.44,49060833.91,3996026.07,258431983.16,273649071.51,532081054.67,29237.19,2.03036061,0.00059656,0.01908978,0.01193111,1.79464339,1.80657451,977171709.83,12.0611
2818,7.7153,1.4604,1.4604,24088.14,49065039.88,3996146.77,258454628.83,273655654.33,532110283.16,29228.49,2.02975615,0.00059646,0.01908678,0.01192924,1.79494512,1.80687436,977198938.32,12.0572
2819,7.7180,1.4602,1.4602,24133.93,49069245.26,3996267.43,258477267.33,273662235.62,532139502.95,29219.79,2.02915187,0.00059637,0.01908378,0.01192736,1.79524689,1.80717425,977226158.11,12.0533
2820,7.7207,1.4600,1.4600,24179.81,49073450.05,3996388.07,258499898.67,273668815.37,532168714.04,29211.09,2.02854779,0.00059627,0.01908078,0.01192549,1.79554869,1.80747418,977253369.20,12.0494
2821,7.7235,1.4598,1.4598,24225.77,49077654.24,3996508.69,258522522.85,273675393.58,532197916.43,29202.39,2.02794390,0.00059618,0.01907778,0.01192361,1.79585052,1.80777414,977280571.59,12.0455
2822,7.7262,1.4596,1.4596,24271.82,49081857.85,3996629.28,258545139.86,273681970.26,532227110.13,29193.70,2.02734020,0.00059609,0.01907478,0.01192174,1.79615239,1.80807413,977307765.29,12.0416
2823,7.7290,1.4594,1.4594,24317.95,49086060.87,3996749.84,258567749.73,273688545.41,532256295.14,29185.01,2.02673669,0.00059599,0.01907178,0.01191986,1.79645430,1.80837416,977334950.30,12.0377
2824,7.7317,1.4592,1.4592,24364.18,49090263.29,3996870.37,258590352.43,273695119.02,532285471.46,29176.32,2.02613337,0.00059590,0.01906879,0.01191799,1.79675623,1.80867422,977362126.62,12.0338
2825,7.7344,1.4590,1.4590,24410.49,49094465.13,3996990.88,258612947.99,273701691.10,532314639.09,29167.64,2.02553025,0.00059581,0.01906579,0.01191612,1.79705821,1.80897432,977389294.25,12.0299
2826,7.7372,1.4588,1.4588,24456.89,49098666.37,3997111.36,258635536.39,273708261.65,532343798.04,29158.95,2.02492731,0.00059571,0.01906279,0.01191424,1.79736021,1.80927446,977416453.21,12.0260
2827,7.7399,1.4586,1.4586,24503.38,49102867.03,3997231.81,258658117.65,273714830.67,532372948.32,29150.27,2.02432457,0.00059562,0.01905980,0.01191237,1.79766225,1.80957463,977443603.48,12.0221
2828,7.7426,1.4584,1.4584,24549.96,49107067.09,3997352.24,258680691.77,273721398.15,532402089.92,29141.60,2.02372202,0.00059553,0.01905680,0.01191050,1.79796433,1.80987483,977470745.08,12.0183
2829,7.7454,1.4582,1.4582,24596.62,49111266.57,3997472.64,258703258.74,273727964.10,532431222.84,29132.92,2.02311966,0.00059543,0.01905381,0.01190863,1.79826644,1.81017507,977497878.00,12.0144
2830,7.7481,1.4579,1.4579,24643.38,49115465.45,3997593.02,258725818.57,273734528.52,532460347.09,29124.25,2.02251749,0.00059534,0.01905081,0.01190676,1.79856858,1.81047534,977525002.25,12.0105
2831,7.7509,1.4577,1.4577,24690.22,49119663.74,3997713.37,258748371.26,273741091.42,532489462.67,29115.58,2.02191551,0.00059524,0.01904782,0.01190489,1.79887076,1.81077565,977552117.84,12.0066
2832,7.7536,1.4575,1.4575,24737.15,49123861.45,3997833.69,258770916.81,273747652.78,532518569.59,29106.92,2.02131372,0.00059515,0.01904482,0.01190302,1.79917298,1.81107599,977579224.75,12.0027
2833,7.7563,1.4573,1.4573,24784.17,49128058.56,3997953.99,258793455.23,273754212.61,532547667.85,29098.25,2.02071212,0.00059506,0.01904183,0.01190115,1.79947522,1.81137637,977606323.01,11.9989
2834,7.7591,1.4571,1.4571,24831.28,49132255.09,3998074.26,258815986.52,273760770.92,532576757.44,29089.59,2.02011072,0.00059496,0.01903884,0.01189928,1.79977751,1.81167678,977633412.60,11.9950
2835,7.7618,1.4569,1.4569,24878.48,49136451.02,3998194.50,258838510.68,273767327.69,532605838.38,29080.94,2.01950950,0.00059487,0.01903585,0.01189741,1.80007982,1.81197723,977660493.54,11.9911
2836,7.7645,1.4567,1.4567,24925.77,49140646.37,3998314.72,258861027.72,273773882.94,532634910.66,29072.28,2.01890848,0.00059478,0.01903286,0.01189554,1.80038217,1.81227771,977687565.82,11.9872
2837,7.7673,1.4565,1.4565,24973.15,49144841.12,3998434.91,258883537.62,273780436.67,532663974.29,29063.63,2.01830764,0.00059468,0.01902987,0.01189367,1.80068456,1.81257823,977714629.45,11.9834
2838,7.7700,1.4563,1.4563,25020.62,49149035.29,3998555.07,258906040.41,273786988.86,532693029.27,29054.98,2.01770700,0.00059459,0.01902688,0.01189180,1.80098698,1.81287878,977741684.43,11.9795
2839,7.7728,1.4561,1.4561,25068.18,49153228.87,3998675.21,258928536.07,273793539.53,532722075.60,29046.33,2.01710655,0.00059450,0.01902389,0.01188993,1.80128943,1.81317936,977768730.77,11.9756
2840,7.7755,1.4559,1.4559,25115.83,49157421.85,3998795.32,258951024.62,273800088.67,532751113.29,29037.69,2.01650628,0.00059440,0.01902090,0.01188806,1.80159192,1.81347999,977795768.46,11.9718
2841,7.7782,1.4557,1.4557,25163.58,49161614.25,3998915.40,258973506.05,273806636.29,532780142.34,29029.05,2.01590621,0.00059431,0.01901791,0.01188620,1.80189445,1.81378064,977822797.51,11.9679
2842,7.7810,1.4555,1.4555,25211.41,49165806.06,3999035.46,258995980.37,273813182.39,532809162.76,29020.41,2.01530633,0.00059422,0.01901493,0.01188433,1.80219700,1.81408133,977849817.92,11.9640
2843,7.7837,1.4553,1.4553,25259.33,49169997.28,3999155.49,259018447.58,273819726.96,532838174.53,29011.78,2.01470664,0.00059412,0.01901194,0.01188246,1.80249960,1.81438206,977876829.69,11.9602
2844,7.7864,1.4551,1.4551,25307.34,49174187.91,3999275.50,259040907.67,273826270.00,532867177.67,29003.14,2.01410713,0.00059403,0.01900895,0.01188060,1.80280222,1.81468282,977903832.84,11.9563
2845,7.7892,1.4549,1.4549,25355.45,49178377.95,3999395.48,259063360.66,273832811.52,532896172.19,28994.51,2.01350782,0.00059394,0.01900597,0.01187873,1.80310489,1.81498362,977930827.35,11.9525
2846,7.7919,1.4547,1.4547,25403.65,49182567.41,3999515.43,259085806.55,273839351.52,532925158.07,28985.89,2.01290870,0.00059384,0.01900298,0.01187686,1.80340758,1.81528445,977957813.23,11.9486
2847,7.7947,1.4545,1.4545,25451.93,49186756.27,3999635.36,259108245.33,273845890.00,532954135.33,28977.26,2.01230977,0.00059375,0.01900000,0.01187500,1.80371031,1.81558531,977984790.49,11.9448
2848,7.7974,1.4543,1.4543,25500.31,49190944.55,3999755.26,259130677.01,273852426.96,532983103.97,28968.64,2.01171103,0.00059366,0.01899701,0.01187313,1.80401308,1.81588621,978011759.13,11.9409
2849,7.8001,1.4541,1.4541,25548.79,49195132.24,3999875.13,259153101.60,273858962.39,533012063.99,28960.02,2.01111247,0.00059356,0.01899403,0.01187127,1.80431588,1.81618715,978038719.15,11.9370
2850,7.8029,1.4539,1.4539,25597.35,49199319.33,3999994.98,259175519.09,273865496.31,533041015.39,28951.40,2.01051411,0.00059347,0.01899105,0.01186941,1.80461871,1.81648812,978065670.56,11.9332
2851,7.8056,1.4536,1.4536,25646.01,49203505.85,4000114.80,259197929.48,273872028.70,533069958.18,28942.79,2.00991594,0.00059338,0.01898807,0.01186754,1.80492158,1.81678912,978092613.35,11.9293
2852,7.8084,1.4534,1.4534,25694.76,49207691.77,4000234.59,259220332.79,273878559.57,533098892.36,28934.18,2.00931796,0.00059328,0.01898508,0.01186568,1.80522448,1.81709016,978119547.52,11.9255
2853,7.8111,1.4532,1.4532,25743.60,49211877.10,4000354.36,259242729.01,273885088.93,533127817.93,28925.57,2.00872016,0.00059319,0.01898210,0.01186382,1.80552742,1.81739124,978146473.09,11.9216
2854,7.8138,1.4530,1.4530,25792.53,49216061.85,4000474.10,259265118.14,273891616.76,533156734.90,28916.96,2.00812256,0.00059310,0.01897912,0.01186195,1.80583040,1.81769235,978173390.06,11.9178
2855,7.8166,1.4528,1.4528,25841.56,49220246.01,4000593.82,259287500.18,273898143.08,533185643.26,28908.36,2.00752514,0.00059300,0.01897614,0.01186009,1.80613340,1.81799349,978200298.42,11.9140
2856,7.8193,1.4526,1.4526,25890.68,49224429.58,4000713.51,259309875.14,273904667.88,533214543.02,28899.76,2.00692792,0.00059291,0.01897316,0.01185823,1.80643644,1.81829467,978227198.18,11.9101
2857,7.8220,1.4524,1.4524,25939.89,49228612.56,4000833.17,259332243.03,273911191.16,533243434.19,28891.16,2.00633088,0.00059282,0.01897019,0.01185637,1.80673952,1.81859589,978254089.35,11.9063
2858,7.8248,1.4522,1.4522,25989.20,49232794.95,4000952.81,259354603.83,273917712.92,533272316.76,28882.57,2.00573403,0.00059273,0.01896721,0.01185451,1.80704263,1.81889714,978280971.92,11.9024
2859,7.8275,1.4520,1.4520,26038.60,49236976.76,4001072.42,259376957.56,273924233.17,533301190.73,28873.98,2.00513738,0.00059263,0.01896423,0.01185264,1.80734578,1.81919842,978307845.90,11.8986
2860,7.8303,1.4518,1.4518,26088.10,49241157.98,4001192.01,259399304.22,273930751.90,533330056.12,28865.39,2.00454091,0.00059254,0.01896125,0.01185078,1.80764896,1.81949974,978334711.29,11.8947
2861,7.8330,1.4516,1.4516,26137.69,49245338.61,4001311.56,259421643.80,273937269.12,533358912.93,28856.80,2.00394463,0.00059245,0.01895828,0.01184892,1.80795217,1.81980110,978361568.09,11.8909
2862,7.8357,1.4514,1.4514,26187.37,49249518.66,4001431.10,259443976.32,273943784.82,533387761.14,28848.22,2.00334854,0.00059235,0.01895530,0.01184706,1.80825542,1.82010248,978388416.31,11.8871
2863,7.8385,1.4512,1.4512,26237.15,49253698.11,4001550.60,259466301.77,273950299.01,533416600.78,28839.64,2.00275263,0.00059226,0.01895233,0.01184520,1.80855870,1.82040391,978415255.95,11.8832
2864,7.8412,1.4510,1.4510,26287.02,49257876.98,4001670.08,259488620.16,273956811.68,533445431.84,28831.06,2.00215692,0.00059217,0.01894935,0.01184335,1.80886202,1.82070537,978442087.00,11.8794
2865,7.8439,1.4508,1.4508,26336.99,49262055.26,4001789.54,259510931.48,273963322.84,533474254.33,28822.48,2.00156140,0.00059207,0.01894638,0.01184149,1.80916538,1.82100686,978468909.49,11.8756
2866,7.8467,1.4506,1.4506,26387.05,49266232.96,4001908.96,259533235.75,273969832.49,533503068.24,28813.91,2.00096606,0.00059198,0.01894340,0.01183963,1.80946876,1.82130839,978495723.40,11.8718
2867,7.8494,1.4504,1.4504,26437.21,49270410.07,4002028.36,259555532.95,273976340.63,533531873.58,28805.34,2.00037091,0.00059189,0.01894043,0.01183777,1.80977219,1.82160996,978522528.74,11.8679
2868,7.8522,1.4502,1.4502,26487.46,49274586.59,4002147.74,259577823.10,273982847.25,533560670.35,28796.77,1.99977596,0.00059180,0.01893746,0.01183591,1.81007564,1.82191156,978549325.52,11.8641
2869,7.8549,1.4500,1.4500,26537.81,49278762.52,4002267.09,259600106.20,273989352.36,533589458.56,28788.21,1.99918119,0.00059170,0.01893449,0.01183406,1.81037914,1.82221319,978576113.72,11.8603
2870,7.8576,1.4498,1.4498,26588.25,49282937.87,4002386.41,259622382.25,273995855.96,533618238.21,28779.65,1.99858661,0.00059161,0.01893152,0.01183220,1.81068266,1.82251486,978602893.37,11.8564
2871,7.8604,1.4496,1.4496,26638.79,49287112.63,4002505.71,259644651.25,274002358.05,533647009.30,28771.09,1.99799221,0.00059152,0.01892855,0.01183034,1.81098622,1.82281656,978629664.46,11.8526
2872,7.8631,1.4494,1.4494,26689.43,49291286.81,4002624.98,259666913.20,274008858.63,533675771.83,28762.53,1.99739801,0.00059142,0.01892558,0.01182849,1.81128982,1.82311830,978656426.99,11.8488
2873,7.8658,1.4492,1.4492,26740.16,49295460.39,4002744.22,259689168.11,274015357.69,533704525.81,28753.98,1.99680399,0.00059133,0.01892261,0.01182663,1.81159345,1.82342008,978683180.97,11.8450
2874,7.8686,1.4490,1.4490,26790.99,49299633.39,4002863.44,259711415.98,274021855.25,533733271.23,28745.43,1.99621016,0.00059124,0.01891964,0.01182477,1.81189711,1.82372189,978709926.39,11.8412
2875,7.8713,1.4488,1.4488,26841.92,49303805.81,4002982.63,259733656.80,274028351.31,533762008.11,28736.88,1.99561652,0.00059115,0.01891667,0.01182292,1.81220081,1.82402373,978736663.27,11.8373
2876,7.8741,1.4486,1.4486,26892.94,49307977.64,4003101.80,259755890.59,274034845.85,533790736.44,28728.33,1.99502307,0.00059105,0.01891370,0.01182106,1.81250455,1.82432561,978763391.60,11.8335
2877,7.8768,1.4483,1.4483,26944.06,49312148.88,4003220.94,259778117.35,274041338.88,533819456.23,28719.79,1.99442981,0.00059096,0.01891074,0.01181921,1.81280832,1.82462753,978790111.39,11.8297
2878,7.8795,1.4481,1.4481,26995.27,49316319.54,4003340.05,259800337.07,274047830.41,533848167.48,28711.25,1.99383673,0.00059087,0.01890777,0.01181736,1.81311212,1.82492948,978816822.64,11.8259
2879,7.8823,1.4479,1.4479,27046.59,49320489.61,4003459.14,259822549.76,274054320.43,533876870.19,28702.71,1.99324384,0.00059078,0.01890480,0.01181550,1.81341596,1.82523146,978843525.35,11.8221
2880,7.8850,1.4477,1.4477,27098.00,49324659.09,4003578.20,259844755.42,274060808.95,533905564.37,28694.18,1.99265114,0.00059068,0.01890184,0.01181365,1.81371983,1.82553348,978870219.53,11.8183
2881,7.8877,1.4475,1.4475,27149.51,49328827.99,4003697.24,259866954.06,274067295.96,533934250.01,28685.64,1.99205863,0.00059059,0.01889887,0.01181180,1.81402374,1.82583553,978896905.17,11.8145
2882,7.8905,1.4473,1.4473,27201.11,49332996.30,4003816.25,259889145.67,274073781.46,533962927.13,28677.11,1.99146631,0.00059050,0.01889591,0.01180994,1.81432768,1.82613762,978923582.29,11.8107
2883,7.8932,1.4471,1.4471,27252.82,49337164.03,4003935.23,259911330.26,274080265.46,533991595.72,28668.59,1.99087417,0.00059040,0.01889294,0.01180809,1.81463166,1.82643975,978950250.88,11.8069
2884,7.8960,1.4469,1.4469,27304.62,49341331.17,4004054.19,259933507.83,274086747.95,534020255.78,28660.06,1.99028222,0.00059031,0.01888998,0.01180624,1.81493567,1.82674191,978976910.94,11.8031
2885,7.8987,1.4467,1.4467,27356.52,49345497.72,4004173.12,259955678.38,274093228.94,534048907.32,28651.54,1.98969046,0.00059022,0.01888702,0.01180439,1.81523972,1.82704410,979003562.48,11.7993
2886,7.9014,1.4465,1.4465,27408.52,49349663.69,4004292.02,259977841.91,274099708.43,534077550.35,28643.02,1.98909888,0.00059013,0.01888406,0.01180254,1.81554380,1.82734633,979030205.51,11.7955
2887,7.9042,1.4463,1.4463,27460.62,49353829.08,4004410.90,259999998.44,274106186.41,534106184.85,28634.51,1.98850750,0.00059003,0.01888110,0.01180069,1.81584791,1.82764860,979056840.02,11.7917
2888,7.9069,1.4461,1.4461,27512.82,49357993.88,4004529.76,260022147.95,274112662.90,534134810.85,28625.99,1.98791630,0.00058994,0.01887814,0.01179883,1.81615206,1.82795090,979083466.01,11.7879
2889,7.9097,1.4459,1.4459,27565.12,49362158.09,4004648.58,260044290.46,274119137.88,534163428.33,28617.48,1.98732528,0.00058985,0.01887518,0.01179698,1.81645625,1.82825323,979110083.49,11.7841
2890,7.9124,1.4457,1.4457,27617.51,49366321.72,4004767.39,260066425.95,274125611.35,534192037.31,28608.98,1.98673446,0.00058976,0.01887222,0.01179513,1.81676047,1.82855560,979136692.47,11.7803
2891,7.9151,1.4455,1.4455,27670.01,49370484.76,4004886.16,260088554.45,274132083.33,534220637.78,28600.47,1.98614382,0.00058966,0.01886926,0.01179329,1.81706472,1.82885801,979163292.94,11.7765
2892,7.9179,1.4453,1.4453,27722.61,49374647.22,4005004.91,260110675.94,274138553.81,534249229.75,28591.97,1.98555337,0.00058957,0.01886630,0.01179144,1.81736901,1.82916045,979189884.91,11.7727
2893,7.9206,1.4451,1.4451,27775.30,49378809.10,4005123.63,260132790.43,274145022.78,534277813.22,28583.47,1.98496310,0.00058948,0.01886334,0.01178959,1.81767334,1.82946293,979216468.38,11.7689
2894,7.9233,1.4449,1.4449,27828.10,49382970.38,4005242.33,260154897.93,274151490.26,534306388.19,28574.97,1.98437303,0.00058939,0.01886038,0.01178774,1.81797770,1.82976544,979243043.35,11.7651
2895,7.9261,1.4447,1.4447,27881.00,49387131.09,4005361.00,260176998.43,274157956.24,534334954.67,28566.48,1.98378314,0.00058929,0.01885743,0.01178589,1.81828209,1.83006798,979269609.83,11.7613
2896,7.9288,1.4445,1.4445,27933.99,49391291.21,4005479.65,260199091.93,274164420.72,534363512.65,28557.99,1.98319343,0.00058920,0.01885447,0.01178404,1.81858652,1.83037056,979296167.81,11.7575
2897,7.9316,1.4443,1.4443,27987.09,49395450.74,4005598.27,260221178.45,274170883.70,534392062.15,28549.50,1.98260391,0.00058911,0.01885151,0.01178220,1.81889098,1.83067318,979322717.31,11.7537
2898,7.9343,1.4441,1.4441,28040.29,49399609.69,4005716.86,260243257.98,274177345.18,534420603.16,28541.01,1.98201458,0.00058902,0.01884856,0.01178035,1.81919548,1.83097583,979349258.32,11.7499
2899,7.9370,1.4439,1.4439,28093.59,49403768.06,4005835.43,260265330.52,274183805.17,534449135.68,28532.53,1.98142544,0.00058893,0.01884560,0.01177850,1.81950001,1.83127852,979375790.85,11.7462
2900,7.9398,1.4437,1.4437,28146.99,49407925.84,4005953.97,260287396.07,274190263.66,534477659.73,28524.05,1.98083648,0.00058883,0.01884265,0.01177666,1.81980458,1.83158124,979402314.89,11.7424
2901,7.9425,1.4435,1.4435,28200.50,49412083.04,4006072.48,260309454.65,274196720.65,534506175.30,28515.57,1.98024771,0.00058874,0.01883970,0.01177481,1.82010918,1.83188400,979428830.46,11.7386
2902,7.9452,1.4433,1.4433,28254.10,49416239.65,4006190.97,260331506.24,274203176.15,534534682.39,28507.09,1.97965913,0.00058865,0.01883674,0.01177297,1.82041382,1.83218679,979455337.55,11.7348
2903,7.9480,1.4431,1.4431,28307.81,49420395.68,4006309.44,260353550.86,274209630.15,534563181.01,28498.62,1.97907073,0.00058856,0.01883379,0.01177112,1.82071849,1.83248961,979481836.17,11.7310
2904,7.9507,1.4429,1.4429,28361.61,49424551.13,4006427.88,260375588.50,274216082.65,534591671.15,28490.15,1.97848252,0.00058846,0.01883084,0.01176928,1.82102320,1.83279248,979508326.32,11.7273
2905,7.9535,1.4427,1.4427,28415.53,49428705.99,4006546.29,260397619.17,274222533.67,534620152.83,28481.68,1.97789449,0.00058837,0.01882789,0.01176743,1.82132794,1.83309537,979534808.00,11.7235
2906,7.9562,1.4425,1.4425,28469.54,49432860.27,4006664.67,260419642.86,274228983.19,534648626.05,28473.22,1.97730666,0.00058828,0.01882494,0.01176559,1.82163272,1.83339831,979561281.21,11.7197
2907,7.9589,1.4423,1.4423,28523.65,49437013.96,4006783.03,260441659.59,274235431.21,534677090.80,28464.75,1.97671900,0.00058819,0.01882199,0.01176374,1.82193753,1.83370127,979587745.97,11.7159
2908,7.9617,1.4421,1.4421,28577.87,49441167.07,4006901.37,260463669.36,274241877.74,534705547.10,28456.29,1.97613154,0.00058810,0.01881904,0.01176190,1.82224238,1.83400428,979614202.26,11.7122
2909,7.9644,1.4418,1.4418,28632.20,49445319.60,4007019.68,260485672.15,274248322.78,534733994.94,28447.84,1.97554425,0.00058800,0.01881609,0.01176006,1.82254726,1.83430732,979640650.10,11.7084
2910,7.9671,1.4416,1.4416,28686.62,49449471.54,4007137.96,260507667.99,274254766.33,534762434.32,28439.38,1.97495716,0.00058791,0.01881314,0.01175821,1.82285217,1.83461039,979667089.48,11.7046
2911,7.9699,1.4414,1.4414,28741.15,49453622.90,4007256.22,260529656.86,274261208.39,534790865.25,28430.93,1.97437025,0.00058782,0.01881020,0.01175637,1.82315712,1.83491350,979693520.41,11.7009
2912,7.9726,1.4412,1.4412,28795.78,49457773.67,4007374.45,260551638.78,274267648.95,534819287.73,28422.48,1.97378353,0.00058773,0.01880725,0.01175453,1.82346211,1.83521664,979719942.90,11.6971
2913,7.9754,1.4410,1.4410,28850.52,49461923.87,4007492.65,260573613.74,274274088.03,534847701.77,28414.04,1.97319699,0.00058763,0.01880430,0.01175269,1.82376713,1.83551982,979746356.93,11.6933
2914,7.9781,1.4408,1.4408,28905.36,49466073.48,4007610.83,260595581.75,274280525.61,534876107.36,28405.59,1.97261064,0.00058754,0.01880136,0.01175085,1.82407219,1.83582303,979772762.53,11.6896
2915,7.9808,1.4406,1.4406,28960.30,49470222.50,4007728.99,260617542.81,274286961.71,534904504.52,28397.15,1.97202447,0.00058745,0.01879841,0.01174901,1.82437728,1.83612628,979799159.68,11.6858
2916,7.9836,1.4404,1.4404,29015.35,49474370.95,4007847.11,260639496.92,274293396.31,534932893.23,28388.71,1.97143849,0.00058736,0.01879547,0.01174717,1.82468240,1.83642957,979825548.39,11.6821
2917,7.9863,1.4402,1.4402,29070.50,49478518.81,4007965.22,260661444.08,274299829.43,534961273.51,28380.28,1.97085270,0.00058727,0.01879252,0.01174533,1.82498756,1.83673289,979851928.67,11.6783
2918,7.9890,1.4400,1.4400,29125.76,49482666.09,4008083.29,260683384.30,274306261.06,534989645.35,28371.85,1.97026709,0.00058717,0.01878958,0.01174349,1.82529276,1.83703624,979878300.52,11.6745
2919,7.9918,1.4398,1.4398,29181.13,49486812.78,4008201.34,260705317.57,274312691.20,535018008.77,28363.42,1.96968166,0.00058708,0.01878664,0.01174165,1.82559798,1.83733963,979904663.93,11.6708
2920,7.9945,1.4396,1.4396,29236.59,49490958.89,4008319.37,260727243.91,274319119.85,535046363.76,28354.99,1.96909642,0.00058699,0.01878369,0.01173981,1.82590325,1.83764306,979931018.92,11.6670
2921,7.9973,1.4394,1.4394,29292.17,49495104.42,4008437.37,260749163.30,274325547.02,535074710.32,28346.56,1.96851137,0.00058690,0.01878075,0.01173797,1.82620855,1.83794652,979957365.49,11.6633
2922,8.0000,1.4392,1.4392,29347.85,49499249.37,4008555.34,260771075.77,274331972.70,535103048.46,28338.14,1.96792650,0.00058681,0.01877781,0.01173613,1.82651388,1.83825001,979983703.63,11.6595
2923,8.0027,1.4390,1.4390,29403.63,49503393.73,4008673.29,260792981.29,274338396.89,535131378.19,28329.72,1.96734182,0.00058671,0.01877487,0.01173429,1.82681925,1.83855355,980010033.35,11.6558
2924,8.0055,1.4388,1.4388,29459.53,49507537.52,4008791.21,260814879.89,274344819.60,535159699.49,28321.31,1.96675732,0.00058662,0.01877193,0.01173246,1.82712466,1.83885711,980036354.65,11.6520
2925,8.0082,1.4386,1.4386,29515.52,49511680.72,4008909.10,260836771.56,274351240.83,535188012.38,28312.89,1.96617300,0.00058653,0.01876899,0.01173062,1.82743010,1.83916071,980062667.55,11.6483
2926,8.0110,1.4384,1.4384,29571.63,49515823.34,4009026.97,260858656.30,274357660.57,535216316.86,28304.48,1.96558887,0.00058644,0.01876605,0.01172878,1.82773557,1.83946435,980088972.03,11.6445
2927,8.0137,1.4382,1.4382,29627.84,49519965.37,4009144.82,260880534.11,274364078.82,535244612.93,28296.07,1.96500493,0.00058635,0.01876311,0.01172694,1.82804108,1.83976802,980115268.10,11.6408
2928,8.0164,1.4380,1.4380,29684.16,49524106.82,4009262.64,260902405.00,274370495.59,535272900.60,28287.66,1.96442117,0.00058626,0.01876017,0.01172511,1.82834662,1.84007173,980141555.76,11.6370
2929,8.0192,1.4378,1.4378,29740.58,49528247.70,4009380.43,260924268.98,274376910.88,535301179.86,28279.26,1.96383760,0.00058616,0.01875724,0.01172327,1.82865220,1.84037547,980167835.02,11.6333
2930,8.0219,1.4376,1.4376,29797.11,49532387.99,4009498.20,260946126.03,274383324.69,535329450.72,28270.86,1.96325421,0.00058607,0.01875430,0.01172144,1.82895781,1.84067925,980194105.88,11.6296
2931,8.0246,1.4374,1.4374,29853.75,49536527.69,4009615.94,260967976.17,274389737.02,535357713.18,28262.46,1.96267100,0.00058598,0.01875136,0.01171960,1.82926346,1.84098306,980220368.35,11.6258
2932,8.0274,1.4372,1.4372,29910.50,49540666.82,4009733.66,260989819.39,274396147.86,535385967.25,28254.07,1.96208798,0.00058589,0.01874843,0.01171777,1.82956915,1.84128691,980246622.41,11.6221
2933,8.0301,1.4370,1.4370,29967.35,49544805.37,4009851.35,261011655.70,274402557.22,535414212.92,28245.67,1.96150515,0.00058580,0.01874549,0.01171593,1.82987486,1.84159080,980272868.09,11.6183
2934,8.0329,1.4368,1.4368,30024.32,49548943.33,4009969.01,261033485.11,274408965.10,535442450.21,28237.28,1.96092250,0.00058570,0.01874256,0.01171410,1.83018062,1.84189472,980299105.37,11.6146
2935,8.0356,1.4366,1.4366,30081.39,49553080.71,4010086.65,261055307.60,274415371.50,535470679.10,28228.90,1.96034003,0.00058561,0.01873962,0.01171227,1.83048641,1.84219867,980325334.27,11.6109
2936,8.0383,1.4364,1.4364,30138.57,49557217.51,4010204.26,261077123.19,274421776.42,535498899.62,28220.51,1.95975775,0.00058552,0.01873669,0.01171043,1.83079223,1.84250266,980351554.78,11.6071
2937,8.0411,1.4362,1.4362,30195.86,49561353.73,4010321.85,261098931.88,274428179.86,535527111.75,28212.13,1.95917565,0.00058543,0.01873376,0.01170860,1.83109809,1.84280669,980377766.91,11.6034
2938,8.0438,1.4360,1.4360,30253.25,49565489.37,4010439.41,261120733.67,274434581.83,535555315.50,28203.75,1.95859373,0.00058534,0.01873083,0.01170677,1.83140398,1.84311075,980403970.66,11.5997
2939,8.0465,1.4358,1.4358,30310.76,49569624.42,4010556.95,261142528.56,274440982.31,535583510.87,28195.37,1.95801200,0.00058525,0.01872789,0.01170493,1.83170991,1.84341484,980430166.03,11.5959
2940,8.0493,1.4356,1.4356,30368.38,49573758.90,4010674.46,261164316.55,274447381.32,535611697.87,28187.00,1.95743046,0.00058516,0.01872496,0.01170310,1.83201587,1.84371897,980456353.03,11.5922
2941,8.0520,1.4354,1.4354,30426.10,49577892.79,4010791.94,261186097.65,274453778.85,535639876.49,28178.63,1.95684909,0.00058506,0.01872203,0.01170127,1.83232187,1.84402314,980482531.66,11.5885
2942,8.0548,1.4352,1.4352,30483.94,49582026.11,4010909.40,261207871.85,274460174.90,535668046.75,28170.26,1.95626792,0.00058497,0.01871910,0.01169944,1.83262790,1.84432734,980508701.91,11.5848
2943,8.0575,1.4350,1.4350,30541.88,49586158.84,4011026.84,261229639.17,274466569.48,535696208.64,28161.89,1.95568692,0.00058488,0.01871617,0.01169761,1.83293397,1.84463158,980534863.81,11.5810
2944,8.0602,1.4348,1.4348,30599.94,49590290.99,4011144.25,261251399.59,274472962.58,535724362.17,28153.53,1.95510611,0.00058479,0.01871324,0.01169578,1.83324008,1.84493585,980561017.33,11.5773
2945,8.0630,1.4346,1.4346,30658.10,49594422.57,4011261.63,261273153.14,274479354.20,535752507.34,28145.17,1.95452548,0.00058470,0.01871032,0.01169395,1.83354621,1.84524016,980587162.50,11.5736
2946,8.0657,1.4344,1.4344,30716.38,49598553.56,4011378.99,261294899.80,274485744.35,535780644.15,28136.81,1.95394504,0.00058461,0.01870739,0.01169212,1.83385239,1.84554450,980613299.31,11.5699
2947,8.0684,1.4342,1.4342,30774.77,49602683.97,4011496.32,261316639.58,274492133.02,535808772.60,28128.45,1.95336478,0.00058451,0.01870446,0.01169029,1.83415860,1.84584888,980639427.76,11.5662
2948,8.0712,1.4340,1.4340,30833.26,49606813.80,4011613.62,261338372.47,274498520.22,535836892.70,28120.10,1.95278470,0.00058442,0.01870153,0.01168846,1.83446484,1.84615330,980665547.86,11.5624
2949,8.0739,1.4338,1.4338,30891.87,49610943.05,4011730.90,261360098.50,274504905.95,535865004.45,28111.75,1.95220481,0.00058433,0.01869861,0.01168663,1.83477112,1.84645775,980691659.61,11.5587
2950,8.0767,1.4336,1.4336,30950.59,49615071.72,4011848.16,261381817.65,274511290.20,535893107.85,28103.40,1.95162510,0.00058424,0.01869568,0.01168480,1.83507743,1.84676223,980717763.01,11.5550
2951,8.0794,1.4334,1.4334,31009.43,49619199.81,4011965.39,261403529.92,274517672.99,535921202.91,28095.06,1.95104558,0.00058415,0.01869276,0.01168297,1.83538378,1.84706675,980743858.07,11.5513
2952,8.0821,1.4332,1.4332,31068.37,49623327.32,4012082.59,261425235.33,274524054.29,535949289.62,28086.71,1.95046623,0.00058406,0.01868983,0.01168115,1.83569016,1.84737131,980769944.78,11.5476
2953,8.0849,1.4330,1.4330,31127.43,49627454.24,4012199.77,261446933.86,274530434.13,535977367.99,28078.37,1.94988708,0.00058397,0.01868691,0.01167932,1.83599658,1.84767590,980796023.16,11.5439
2954,8.0876,1.4328,1.4328,31186.59,49631580.59,4012316.92,261468625.53,274536812.50,536005438.03,28070.04,1.94930810,0.00058387,0.01868399,0.01167749,1.83630303,1.84798053,980822093.19,11.5402
2955,8.0903,1.4326,1.4326,31245.87,49635706.36,4012434.05,261490310.34,274543189.39,536033499.73,28061.70,1.94872931,0.00058378,0.01868106,0.01167567,1.83660952,1.84828519,980848154.90,11.5365
2956,8.0931,1.4324,1.4324,31305.27,49639831.55,4012551.15,261511988.29,274549564.81,536061553.10,28053.37,1.94815070,0.00058369,0.01867814,0.01167384,1.83691605,1.84858989,980874208.27,11.5328
2957,8.0958,1.4322,1.4322,31364.77,49643956.16,4012668.23,261533659.38,274555938.77,536089598.14,28045.04,1.94757227,0.00058360,0.01867522,0.01167201,1.83722261,1.84889462,980900253.31,11.5291
2958,8.0986,1.4320,1.4320,31424.39,49648080.19,4012785.28,261555323.61,274562311.25,536117634.86,28036.71,1.94699403,0.00058351,0.01867230,0.01167019,1.83752920,1.84919939,980926290.02,11.5254
2959,8.1013,1.4318,1.4318,31484.13,49652203.65,4012902.31,261576980.98,274568682.27,536145663.25,28028.39,1.94641596,0.00058342,0.01866938,0.01166836,1.83783583,1.84950419,980952318.41,11.5217
2960,8.1040,1.4316,1.4316,31543.97,49656326.52,4013019.31,261598631.50,274575051.81,536173683.32,28020.07,1.94583809,0.00058333,0.01866646,0.01166654,1.83814249,1.84980903,980978338.48,11.5180
2961,8.1068,1.4314,1.4314,31603.93,49660448.81,4013136.28,261620275.17,274581419.89,536201695.07,28011.75,1.94526039,0.00058324,0.01866354,0.01166471,1.83844919,1.85011390,981004350.23,11.5143
2962,8.1095,1.4312,1.4312,31664.01,49664570.52,4013253.23,261641912.00,274587786.50,536229698.50,28003.43,1.94468288,0.00058314,0.01866062,0.01166289,1.83875593,1.85041881,981030353.66,11.5106
2963,8.1123,1.4309,1.4309,31724.19,49668691.66,4013370.15,261663541.97,274594151.65,536257693.62,27995.12,1.94410555,0.00058305,0.01865770,0.01166106,1.83906269,1.85072376,981056348.78,11.5069
2964,8.1150,1.4307,1.4307,31784.50,49672812.21,4013487.05,261685165.10,274600515.32,536285680.43,27986.81,1.94352840,0.00058296,0.01865479,0.01165924,1.83936950,1.85102874,981082335.59,11.5032
2965,8.1177,1.4305,1.4305,31844.91,49676932.19,4013603.92,261706781.39,274606877.54,536313658.93,27978.50,1.94295144,0.00058287,0.01865187,0.01165742,1.83967634,1.85133376,981108314.09,11.4995
2966,8.1205,1.4303,1.4303,31905.45,49681051.58,4013720.77,261728390.84,274613238.28,536341629.12,27970.20,1.94237465,0.00058278,0.01864895,0.01165560,1.83998321,1.85163881,981134284.29,11.4958
2967,8.1232,1.4301,1.4301,31966.09,49685170.40,4013837.59,261749993.46,274619597.56,536369591.02,27961.89,1.94179805,0.00058269,0.01864604,0.01165377,1.84029012,1.85194390,981160246.18,11.4921
2968,8.1259,1.4299,1.4299,32026.86,49689288.64,4013954.39,261771589.23,274625955.37,536397544.61,27953.59,1.94122164,0.00058260,0.01864312,0.01165195,1.84059707,1.85224902,981186199.77,11.4884
2969,8.1287,1.4297,1.4297,32087.73,49693406.30,4014071.16,261793178.18,274632311.72,536425489.90,27945.29,1.94064540,0.00058251,0.01864021,0.01165013,1.84090405,1.85255418,981212145.06,11.4847
2970,8.1314,1.4295,1.4295,32148.73,49697523.38,4014187.91,261814760.29,274638666.61,536453426.90,27937.00,1.94006935,0.00058242,0.01863729,0.01164831,1.84121106,1.85285937,981238082.06,11.4810
2971,8.1342,1.4293,1.4293,32209.84,49701639.89,4014304.63,261836335.57,274645020.03,536481355.61,27928.71,1.93949347,0.00058232,0.01863438,0.01164649,1.84151811,1.85316460,981264010.77,11.4773
2972,8.1369,1.4291,1.4291,32271.06,49705755.81,4014421.32,261857904.03,274651371.99,536509276.02,27920.42,1.93891779,0.00058223,0.01863147,0.01164467,1.84182520,1.85346986,981289931.18,11.4737
2973,8.1396,1.4289,1.4289,32332.40,49709871.16,4014537.99,261879465.66,274657722.49,536537188.15,27912.13,1.93834228,0.00058214,0.01862855,0.01164285,1.84213232,1.85377516,981315843.31,11.4700
2974,8.1424,1.4287,1.4287,32393.86,49713985.93,4014654.63,261901020.47,274664071.53,536565091.99,27903.84,1.93776695,0.00058205,0.01862564,0.01164103,1.84243947,1.85408050,981341747.16,11.4663
2975,8.1451,1.4285,1.4285,32455.44,49718100.12,4014771.25,261922568.46,274670419.10,536592987.56,27895.56,1.93719181,0.00058196,0.01862273,0.01163921,1.84274667,1.85438587,981367642.72,11.4626
2976,8.1478,1.4283,1.4283,32517.13,49722213.73,4014887.85,261944109.63,274676765.21,536620874.84,27887.28,1.93661685,0.00058187,0.01861982,0.01163739,1.84305389,1.85469128,981393530.00,11.4589
2977,8.1506,1.4281,1.4281,32578.94,49726326.76,4015004.41,261965643.98,274683109.86,536648753.84,27879.01,1.93604207,0.00058178,0.01861691,0.01163557,1.84336115,1.85499672,981419409.01,11.4553
2978,8.1533,1.4279,1.4279,32640.87,49730439.22,4015120.96,261987171.52,274689453.05,536676624.58,27870.73,1.93546747,0.00058169,0.01861400,0.01163375,1.84366845,1.85530220,981445279.74,11.4516
2979,8.1561,1.4277,1.4277,32702.91,49734551.10,4015237.47,262008692.25,274695794.79,536704487.04,27862.46,1.93489305,0.00058160,0.01861109,0.01163193,1.84397578,1.85560771,981471142.20,11.4479
2980,8.1588,1.4275,1.4275,32765.08,49738662.40,4015353.97,262030206.17,274702135.06,536732341.23,27854.19,1.93431882,0.00058151,0.01860818,0.01163011,1.84428315,1.85591326,981496996.39,11.4442
2981,8.1615,1.4273,1.4273,32827.36,49742773.12,4015470.43,262051713.28,274708473.87,536760187.15,27845.92,1.93374477,0.00058141,0.01860527,0.01162830,1.84459055,1.85621885,981522842.31,11.4406
2982,8.1643,1.4271,1.4271,32889.76,49746883.26,4015586.87,262073213.59,274714811.23,536788024.81,27837.66,1.93317089,0.00058132,0.01860237,0.01162648,1.84489799,1.85652447,981548679.98,11.4369
2983,8.1670,1.4269,1.4269,32952.27,49750992.83,4015703.29,262094707.09,274721147.12,536815854.21,27829.40,1.93259720,0.00058123,0.01859946,0.01162466,1.84520546,1.85683012,981574509.38,11.4332
2984,8.1697,1.4267,1.4267,33014.91,49755101.82,4015819.68,262116193.79,274727481.56,536843675.35,27821.14,1.93202370,0.00058114,0.01859655,0.01162285,1.84551297,1.85713581,981600330.52,11.4295
2985,8.1725,1.4265,1.4265,33077.67,49759210.23,4015936.05,262137673.69,274733814.54,536871488.24,27812.89,1.93145037,0.00058105,0.01859365,0.01162103,1.84582051,1.85744154,981626143.40,11.4259
2986,8.1752,1.4263,1.4263,33140.54,49763318.07,4016052.39,262159146.80,274740146.07,536899292.87,27804.63,1.93087722,0.00058096,0.01859074,0.01161921,1.84612809,1.85774730,981651948.03,11.4222
2987,8.1780,1.4261,1.4261,33203.54,49767425.33,4016168.70,262180613.11,274746476.14,536927089.25,27796.38,1.93030426,0.00058087,0.01858784,0.01161740,1.84643570,1.85805310,981677744.41,11.4186
2988,8.1807,1.4259,1.4259,33266.65,49771532.01,4016284.99,262202072.63,274752804.75,536954877.39,27788.13,1.92973147,0.00058078,0.01858493,0.01161558,1.84674335,1.85835893,981703532.55,11.4149
2989,8.1834,1.4257,1.4257,33329.89,49775638.11,4016401.26,262223525.36,274759131.91,536982657.27,27779.89,1.92915887,0.00058069,0.01858203,0.01161377,1.84705103,1.85866480,981729312.44,11.4112
2990,8.1862,1.4255,1.4255,33393.24,49779743.64,4016517.50,262244971.30,274765457.61,537010428.92,27771.64,1.92858645,0.00058060,0.01857913,0.01161195,1.84735875,1.85897071,981755084.08,11.4076
2991,8.1889,1.4253,1.4253,33456.72,49783848.59,4016633.71,262266410.46,274771781.86,537038192.32,27763.40,1.92801420,0.00058051,0.01857622,0.01161014,1.84766651,1.85927665,981780847.49,11.4039
2992,8.1916,1.4251,1.4251,33520.31,49787952.96,4016749.90,262287842.83,274778104.66,537065947.49,27755.17,1.92744214,0.00058042,0.01857332,0.01160833,1.84797430,1.85958262,981806602.65,11.4002
2993,8.1944,1.4249,1.4249,33584.03,49792056.76,4016866.06,262309268.42,274784426.00,537093694.42,27746.93,1.92687026,0.00058033,0.01857042,0.01160651,1.84828212,1.85988863,981832349.58,11.3966
2994,8.1971,1.4247,1.4247,33647.87,49796159.98,4016982.20,262330687.23,274790745.89,537121433.12,27738.70,1.92629857,0.00058024,0.01856752,0.01160470,1.84858998,1.86019468,981858088.28,11.3929
2995,8.1999,1.4245,1.4245,33711.83,49800262.62,4017098.31,262352099.26,274797064.33,537149163.59,27730.47,1.92572705,0.00058014,0.01856462,0.01160289,1.84889788,1.86050076,981883818.75,11.3893
2996,8.2026,1.4243,1.4243,33775.91,49804364.68,4017214.40,262373504.52,274803381.31,537176885.83,27722.24,1.92515571,0.00058005,0.01856172,0.01160108,1.84920581,1.86080688,981909540.99,11.3856
2997,8.2053,1.4241,1.4241,33840.11,49808466.17,4017330.46,262394903.00,274809696.85,537204599.85,27714.02,1.92458455,0.00057996,0.01855882,0.01159926,1.84951377,1.86111304,981935255.01,11.3820
2998,8.2081,1.4239,1.4239,33904.43,49812567.09,4017446.50,262416294.72,274816010.93,537232305.65,27705.80,1.92401358,0.00057987,0.01855592,0.01159745,1.84982177,1.86141922,981960960.81,11.3783
2999,8.2108,1.4237,1.4237,33968.88,49816667.43,4017562.51,262437679.66,274822323.56,537260003.22,27697.58,1.92344278,0.00057978,0.01855303,0.01159564,1.85012981,1.86172545,981986658.38,11.3747
3000,8.2136,1.4235,1.4235,34033.45,49820767.19,4017678.50,262459057.84,274828634.74,537287692.58,27689.36,1.92287216,0.00057969,0.01855013,0.01159383,1.85043788,1.86203171,982012347.74,11.3710
3001,8.2163,1.4233,1.4233,34098.14,49824866.37,4017794.46,262480429.25,274834944.47,537315373.73,27681.14,1.92230173,0.00057960,0.01854723,0.01159202,1.85074599,1.86233801,982038028.89,11.3674
3002,8.2190,1.4231,1.4231,34162.96,49828964.98,4017910.40,262501793.90,274841252.75,537343046.66,27672.93,1.92173147,0.00057951,0.01854434,0.01159021,1.85105413,1.86264434,982063701.82,11.3637
3003,8.2218,1.4229,1.4229,34227.89,49833063.01,4018026.31,262523151.80,274847559.59,537370711.38,27664.72,1.92116140,0.00057942,0.01854144,0.01158840,1.85136231,1.86295071,982089366.55,11.3601
3004,8.2245,1.4227,1.4227,34292.96,49837160.47,4018142.20,262544502.93,274853864.97,537398367.90,27656.52,1.92059150,0.00057933,0.01853854,0.01158659,1.85167052,1.86325711,982115023.06,11.3565
3005,8.2272,1.4225,1.4225,34358.14,49841257.35,4018258.06,262565847.31,274860168.91,537426016.21,27648.31,1.92002179,0.00057924,0.01853565,0.01158478,1.85197877,1.86356355,982140671.38,11.3528
3006,8.2300,1.4223,1.4223,34423.45,49845353.66,4018373.90,262587184.93,274866471.40,537453656.33,27640.11,1.91945225,0.00057915,0.01853276,0.01158297,1.85228705,1.86387002,982166311.49,11.3492
3007,8.2327,1.4221,1.4221,34488.88,49849449.39,4018489.71,262608515.80,274872772.44,537481288.24,27631.91,1.91888290,0.00057906,0.01852986,0.01158116,1.85259537,1.86417653,982191943.40,11.3455
3008,8.2355,1.4219,1.4219,34554.44,49853544.54,4018605.49,262629839.92,274879072.04,537508911.96,27623.72,1.91831372,0.00057897,0.01852697,0.01157936,1.85290372,1.86448308,982217567.12,11.3419
3009,8.2382,1.4217,1.4217,34620.12,49857639.12,4018721.25,262651157.30,274885370.19,537536527.48,27615.52,1.91774473,0.00057888,0.01852408,0.01157755,1.85321211,1.86478966,982243182.64,11.3383
3010,8.2409,1.4215,1.4215,34685.93,49861733.13,4018836.99,262672467.93,274891666.89,537564134.81,27607.33,1.91717591,0.00057879,0.01852119,0.01157574,1.85352054,1.86509628,982268789.98,11.3346
3011,8.2437,1.4213,1.4213,34751.86,49865826.56,4018952.70,262693771.81,274897962.15,537591733.96,27599.14,1.91660728,0.00057870,0.01851829,0.01157393,1.85382900,1.86540293,982294389.12,11.3310
3012,8.2464,1.4211,1.4211,34817.92,49869919.41,4019068.39,262715068.96,274904255.96,537619324.92,27590.96,1.91603882,0.00057861,0.01851540,0.01157213,1.85413749,1.86570962,982319980.08,11.3274
3013,8.2491,1.4209,1.4209,34884.10,49874011.69,4019184.05,262736359.36,274910548.33,537646907.69,27582.78,1.91547054,0.00057852,0.01851251,0.01157032,1.85444603,1.86601635,982345562.86,11.3237
3014,8.2519,1.4207,1.4207,34950.41,49878103.39,4019299.68,262757643.03,274916839.26,537674482.29,27574.60,1.91490245,0.00057843,0.01850962,0.01156851,1.85475459,1.86632311,982371137.45,11.3201
3015,8.2546,1.4205,1.4205,35016.85,49882194.52,4019415.29,262778919.97,274923128.74,537702048.71,27566.42,1.91433453,0.00057834,0.01850673,0.01156671,1.85506319,1.86662990,982396703.87,11.3165
3016,8.2574,1.4203,1.4203,35083.41,49886285.07,4019530.88,262800190.17,274929416.78,537729606.95,27558.24,1.91376679,0.00057825,0.01850385,0.01156490,1.85537183,1.86693673,982422262.11,11.3129
3017,8.2601,1.4201,1.4201,35150.10,49890375.05,4019646.44,262821453.64,274935703.38,537757157.02,27550.07,1.91319923,0.00057815,0.01850096,0.01156310,1.85568050,1.86724360,982447812.18,11.3092
3018,8.2628,1.4199,1.4199,35216.91,49894464.46,4019761.97,262842710.38,274941988.53,537784698.92,27541.90,1.91263185,0.00057806,0.01849807,0.01156129,1.85598921,1.86755050,982473354.08,11.3056
3019,8.2656,1.4197,1.4197,35283.85,49898553.28,4019877.48,262863960.40,274948272.25,537812232.65,27533.73,1.91206465,0.00057797,0.01849518,0.01155949,1.85629795,1.86785744,982498887.81,11.3020
3020,8.2683,1.4195,1.4195,35350.92,49902641.54,4019992.97,262885203.70,274954554.52,537839758.21,27525.57,1.91149763,0.00057788,0.01849230,0.01155769,1.85660673,1.86816442,982524413.38,11.2984
3021,8.2710,1.4193,1.4193,35418.12,49906729.22,4020108.43,262906440.27,274960835.35,537867275.62,27517.40,1.91093079,0.00057779,0.01848941,0.01155588,1.85691555,1.86847143,982549930.78,11.2948
3022,8.2738,1.4191,1.4191,35485.44,49910816.33,4020223.86,262927670.12,274967114.74,537894784.86,27509.24,1.91036413,0.00057770,0.01848653,0.01155408,1.85722439,1.86877847,982575440.02,11.2911
3023,8.2765,1.4189,1.4189,35552.90,49914902.86,4020339.28,262948893.25,274973392.69,537922285.95,27501.09,1.90979764,0.00057761,0.01848364,0.01155228,1.85753328,1.86908556,982600941.11,11.2875
3024,8.2793,1.4187,1.4187,35620.48,49918988.81,4020454.66,262970109.67,274979669.20,537949778.88,27492.93,1.90923134,0.00057752,0.01848076,0.01155047,1.85784220,1.86939267,982626434.04,11.2839
3025,8.2820,1.4185,1.4185,35688.18,49923074.20,4020570.02,262991319.38,274985944.28,537977263.66,27484.78,1.90866521,0.00057743,0.01847788,0.01154867,1.85815116,1.86969983,982651918.82,11.2803
3026,8.2847,1.4183,1.4183,35756.02,49927159.01,4020685.36,263012522.37,274992217.91,538004740.29,27476.63,1.90809926,0.00057734,0.01847499,0.01154687,1.85846015,1.87000702,982677395.45,11.2767
3027,8.2875,1.4181,1.4181,35823.99,49931243.24,4020800.67,263033718.66,274998490.11,538032208.77,27468.48,1.90753349,0.00057725,0.01847211,0.01154507,1.85876917,1.87031424,982702863.93,11.2731
3028,8.2902,1.4179,1.4179,35892.08,49935326.90,4020915.95,263054908.24,275004760.87,538059669.11,27460.34,1.90696790,0.00057716,0.01846923,0.01154327,1.85907823,1.87062150,982728324.27,11.2695
3029,8.2930,1.4177,1.4177,35960.31,49939409.99,4021031.21,263076091.11,275011030.19,538087121.30,27452.20,1.90640249,0.00057707,0.01846635,0.01154147,1.85938733,1.87092880,982753776.46,11.2659
3030,8.2957,1.4175,1.4175,36028.66,49943492.50,4021146.45,263097267.28,275017298.08,538114565.36,27444.06,1.90583726,0.00057698,0.01846347,0.01153967,1.85969646,1.87123613,982779220.52,11.2622
3031,8.2984,1.4173,1.4173,36097.15,49947574.44,4021261.66,263118436.75,275023564.53,538142001.28,27435.92,1.90527221,0.00057689,0.01846059,0.01153787,1.86000563,1.87154350,982804656.44,11.2586
3032,8.3012,1.4171,1.4171,36165.76,49951655.81,4021376.84,263139599.52,275029829.54,538169429.06,27427.79,1.90470733,0.00057680,0.01845771,0.01153607,1.86031484,1.87185090,982830084.23,11.2550
3033,8.3039,1.4169,1.4169,36234.51,49955736.60,4021492.00,263160755.60,275036093.12,538196848.72,27419.65,1.90414263,0.00057671,0.01845483,0.01153427,1.86062408,1.87215834,982855503.88,11.2514
3034,8.3066,1.4167,1.4167,36303.38,49959816.82,4021607.14,263181904.98,275042355.26,538224260.24,27411.52,1.90357811,0.00057662,0.01845195,0.01153247,1.86093335,1.87246582,982880915.41,11.2478
3035,8.3094,1.4165,1.4165,36372.39,49963896.47,4021722.25,263203047.67,275048615.97,538251663.64,27403.40,1.90301377,0.00057653,0.01844907,0.01153067,1.86124266,1.87277333,982906318.80,11.2442
3036,8.3121,1.4163,1.4163,36441.53,49967975.54,4021837.34,263224183.67,275054875.25,538279058.92,27395.27,1.90244961,0.00057644,0.01844619,0.01152887,1.86155201,1.87308088,982931714.08,11.2406
3037,8.3149,1.4161,1.4161,36510.80,49972054.04,4021952.40,263245312.98,275061133.09,538306446.07,27387.15,1.90188562,0.00057635,0.01844332,0.01152707,1.86186139,1.87338846,982957101.23,11.2370
3038,8.3176,1.4159,1.4159,36580.20,49976131.97,4022067.43,263266435.60,275067389.50,538333825.10,27379.03,1.90132182,0.00057626,0.01844044,0.01152528,1.86217080,1.87369608,982982480.26,11.2334
3039,8.3203,1.4157,1.4157,36649.73,49980209.32,4022182.44,263287551.55,275073644.47,538361196.02,27370.92,1.90075819,0.00057617,0.01843757,0.01152348,1.86248026,1.87400373,983007851.18,11.2298
3040,8.3231,1.4155,1.4155,36719.40,49984286.10,4022297.43,263308660.81,275079898.02,538388558.82,27362.80,1.90019474,0.00057608,0.01843469,0.01152168,1.86278974,1.87431142,983033213.99,11.2262
3041,8.3258,1.4153,1.4153,36789.20,49988362.31,4022412.39,263329763.39,275086150.13,538415913.52,27354.69,1.89963147,0.00057599,0.01843182,0.01151989,1.86309927,1.87461915,983058568.68,11.2226
3042,8.3285,1.4152,1.4152,36859.13,49992437.94,4022527.33,263350859.29,275092400.81,538443260.10,27346.58,1.89906837,0.00057590,0.01842894,0.01151809,1.86340882,1.87492691,983083915.26,11.2191
3043,8.3313,1.4150,1.4150,36929.19,49996513.00,4022642.24,263371948.52,275098650.06,538470598.58,27338.48,1.89850545,0.00057581,0.01842607,0.01151629,1.86371842,1.87523471,983109253.74,11.2155
3044,8.3340,1.4148,1.4148,36999.39,50000587.49,4022757.13,263393031.07,275104897.88,538497928.96,27330.38,1.89794271,0.00057572,0.01842320,0.01151450,1.86402805,1.87554255,983134584.12,11.2119
3045,8.3368,1.4146,1.4146,37069.72,50004661.41,4022871.99,263414106.96,275111144.27,538525251.23,27322.27,1.89738015,0.00057564,0.01842032,0.01151270,1.86433771,1.87585042,983159906.39,11.2083
3046,8.3395,1.4144,1.4144,37140.18,50008734.75,4022986.83,263435176.17,275117389.23,538552565.41,27314.18,1.89681777,0.00057555,0.01841745,0.01151091,1.86464741,1.87615832,983185220.57,11.2047
3047,8.3422,1.4142,1.4142,37210.78,50012807.53,4023101.64,263456238.72,275123632.76,538579871.49,27306.08,1.89625556,0.00057546,0.01841458,0.01150911,1.86495715,1.87646626,983210526.65,11.2011
3048,8.3450,1.4140,1.4140,37281.51,50016879.73,4023216.43,263477294.61,275129874.87,538607169.47,27297.99,1.89569353,0.00057537,0.01841171,0.01150732,1.86526692,1.87677424,983235824.64,11.1975
3049,8.3477,1.4138,1.4138,37352.37,50020951.35,4023331.19,263498343.83,275136115.54,538634459.37,27289.90,1.89513168,0.00057528,0.01840884,0.01150552,1.86557673,1.87708225,983261114.53,11.1940
3050,8.3504,1.4136,1.4136,37423.37,50025022.41,4023445.93,263519386.39,275142354.79,538661741.18,27281.81,1.89457001,0.00057519,0.01840597,0.01150373,1.86588657,1.87739030,983286396.34,11.1904
3051,8.3532,1.4134,1.4134,37494.51,50029092.89,4023560.64,263540422.29,275148592.61,538689014.90,27273.72,1.89400851,0.00057510,0.01840310,0.01150194,1.86619645,1.87769839,983311670.06,11.1868
3052,8.3559,1.4132,1.4132,37565.78,50033162.80,4023675.33,263561451.54,275154829.00,538716280.54,27265.64,1.89344719,0.00057501,0.01840023,0.01150015,1.86650636,1.87800651,983336935.70,11.1832
3053,8.3587,1.4130,1.4130,37637.19,50037232.14,4023789.99,263582474.13,275161063.97,538743538.10,27257.56,1.89288605,0.00057492,0.01839736,0.01149835,1.86681631,1.87831467,983362193.26,11.1796
3054,8.3614,1.4128,1.4128,37708.73,50041300.91,4023904.63,263603490.07,275167297.51,538770787.58,27249.48,1.89232508,0.00057483,0.01839450,0.01149656,1.86712630,1.87862286,983387442.74,11.1761
3055,8.3641,1.4126,1.4126,37780.41,50045369.11,4024019.24,263624499.36,275173529.62,538798028.98,27241.41,1.89176429,0.00057474,0.01839163,0.01149477,1.86743632,1.87893109,983412684.15,11.1725
3056,8.3669,1.4124,1.4124,37852.22,50049436.73,4024133.83,263645502.00,275179760.31,538825262.32,27233.33,1.89120368,0.00057465,0.01838876,0.01149298,1.86774638,1.87923935,983437917.48,11.1689
3057,8.3696,1.4122,1.4122,37924.17,50053503.78,4024248.40,263666498.00,275185989.58,538852487.58,27225.26,1.89064325,0.00057456,0.01838590,0.01149119,1.86805647,1.87954765,983463142.74,11.1653
3058,8.3723,1.4120,1.4120,37996.26,50057570.26,4024362.94,263687487.35,275192217.42,538879704.78,27217.20,1.89008299,0.00057447,0.01838303,0.01148940,1.86836659,1.87985599,983488359.94,11.1618
3059,8.3751,1.4118,1.4118,38068.49,50061636.17,4024477.45,263708470.07,275198443.84,538906913.91,27209.13,1.88952291,0.00057438,0.01838017,0.01148761,1.86867676,1.88016436,983513569.07,11.1582
3060,8.3778,1.4116,1.4116,38140.85,50065701.51,4024591.94,263729446.14,275204668.83,538934114.97,27201.07,1.88896300,0.00057429,0.01837731,0.01148582,1.86898696,1.88047277,983538770.14,11.1546
3061,8.3806,1.4114,1.4114,38213.35,50069766.28,4024706.41,263750415.57,275210892.41,538961307.98,27193.01,1.88840328,0.00057420,0.01837444,0.01148403,1.86929719,1.88078122,983563963.14,11.1511
3062,8.3833,1.4112,1.4112,38285.99,50073830.48,4024820.85,263771378.37,275217114.56,538988492.93,27184.95,1.88784373,0.00057411,0.01837158,0.01148224,1.86960746,1.88108970,983589148.09,11.1475
3063,8.3860,1.4110,1.4110,38358.76,50077894.10,4024935.26,263792334.54,275223335.28,539015669.82,27176.89,1.88728435,0.00057402,0.01836872,0.01148045,1.86991777,1.88139821,983614324.99,11.1439
3064,8.3888,1.4108,1.4108,38431.67,50081957.15,4025049.66,263813284.08,275229554.59,539042838.67,27168.84,1.88672515,0.00057393,0.01836585,0.01147866,1.87022811,1.88170677,983639493.83,11.1404
3065,8.3915,1.4106,1.4106,38504.73,50086019.64,4025164.02,263834226.98,275235772.48,539069999.46,27160.79,1.88616613,0.00057384,0.01836299,0.01147687,1.87053848,1.88201535,983664654.62,11.1368
3066,8.3943,1.4104,1.4104,38577.92,50090081.55,4025278.36,263855163.26,275241988.94,539097152.20,27152.74,1.88560729,0.00057375,0.01836013,0.01147508,1.87084890,1.88232398,983689807.37,11.1332
3067,8.3970,1.4102,1.4102,38651.25,50094142.89,4025392.68,263876092.92,275248203.98,539124296.90,27144.70,1.88504862,0.00057366,0.01835727,0.01147330,1.87115934,1.88263264,983714952.07,11.1297
3068,8.3997,1.4100,1.4100,38724.72,50098203.66,4025506.97,263897015.95,275254417.61,539151433.56,27136.66,1.88449013,0.00057358,0.01835441,0.01147151,1.87146983,1.88294134,983740088.72,11.1261
3069,8.4025,1.4098,1.4098,38798.33,50102263.86,4025621.24,263917932.37,275260629.81,539178562.18,27128.62,1.88393181,0.00057349,0.01835155,0.01146972,1.87178035,1.88325007,983765217.34,11.1226
3070,8.4052,1.4096,1.4096,38872.08,50106323.49,4025735.49,263938842.16,275266840.60,539205682.76,27120.58,1.88337367,0.00057340,0.01834869,0.01146793,1.87209090,1.88355884,983790337.92,11.1190
3071,8.4079,1.4094,1.4094,38945.97,50110382.55,4025849.70,263959745.34,275273049.97,539232795.31,27112.55,1.88281571,0.00057331,0.01834584,0.01146615,1.87240149,1.88386764,983815450.47,11.1155
3072,8.4107,1.4092,1.4092,39020.00,50114441.04,4025963.90,263980641.90,275279257.92,539259899.82,27104.51,1.88225792,0.00057322,0.01834298,0.01146436,1.87271212,1.88417648,983840554.98,11.1119
3073,8.4134,1.4090,1.4090,39094.17,50118498.95,4026078.07,264001531.85,275285464.45,539286996.31,27096.48,1.88170031,0.00057313,0.01834012,0.01146258,1.87302278,1.88448536,983865651.47,11.1084
3074,8.4162,1.4088,1.4088,39168.48,50122556.30,4026192.21,264022415.19,275291669.57,539314084.76,27088.46,1.88114288,0.00057304,0.01833727,0.01146079,1.87333348,1.88479427,983890739.93,11.1048
3075,8.4189,1.4086,1.4086,39242.93,50126613.08,4026306.33,264043291.93,275297873.27,539341165.20,27080.43,1.88058562,0.00057295,0.01833441,0.01145901,1.87364421,1.88510322,983915820.36,11.1013
3076,8.4216,1.4084,1.4084,39317.53,50130669.29,4026420.43,264064162.05,275304075.55,539368237.61,27072.41,1.88002853,0.00057286,0.01833156,0.01145722,1.87395498,1.88541220,983940892.77,11.0977
3077,8.4244,1.4082,1.4082,39392.26,50134724.93,4026534.50,264085025.58,275310276.42,539395302.00,27064.39,1.87947162,0.00057277,0.01832870,0.01145544,1.87426579,1.88572122,983965957.16,11.0942
3078,8.4271,1.4080,1.4080,39467.14,50138779.99,4026648.54,264105882.50,275316475.87,539422358.37,27056.37,1.87891489,0.00057268,0.01832585,0.01145365,1.87457663,1.88603028,983991013.54,11.0906
3079,8.4298,1.4078,1.4078,39542.16,50142834.49,4026762.57,264126732.82,275322673.91,539449406.73,27048.36,1.87835833,0.00057259,0.01832299,0.01145187,1.87488750,1.88633937,984016061.90,11.0871
3080,8.4326,1.4076,1.4076,39617.32,50146888.42,4026876.56,264147576.55,275328870.53,539476447.08,27040.35,1.87780195,0.00057250,0.01832014,0.01145009,1.87519841,1.88664850,984041102.24,11.0835
3081,8.4353,1.4074,1.4074,39692.63,50150941.78,4026990.54,264168413.68,275335065.74,539503479.42,27032.34,1.87724575,0.00057242,0.01831729,0.01144830,1.87550936,1.88695767,984066134.58,11.0800
3082,8.4381,1.4072,1.4072,39768.08,50154994.57,4027104.48,264189244.21,275341259.54,539530503.75,27024.33,1.87668972,0.00057233,0.01831444,0.01144652,1.87582035,1.88726687,984091158.91,11.0764
3083,8.4408,1.4070,1.4070,39843.67,50159046.79,4027218.41,264210068.16,275347451.92,539557520.08,27016.33,1.87613386,0.00057224,0.01831158,0.01144474,1.87613137,1.88757611,984116175.24,11.0729
3084,8.4435,1.4068,1.4068,39919.41,50163098.44,4027332.31,264230885.52,275353642.89,539584528.41,27008.33,1.87557818,0.00057215,0.01830873,0.01144296,1.87644242,1.88788538,984141183.57,11.0694
3085,8.4463,1.4066,1.4066,39995.29,50167149.52,4027446.18,264251696.28,275359832.45,539611528.73,27000.33,1.87502268,0.00057206,0.01830588,0.01144118,1.87675351,1.88819469,984166183.89,11.0658
3086,8.4490,1.4064,1.4064,40071.31,50171200.03,4027560.03,264272500.47,275366020.59,539638521.06,26992.33,1.87446735,0.00057197,0.01830303,0.01143940,1.87706464,1.88850403,984191176.22,11.0623
3087,8.4517,1.4062,1.4062,40147.48,50175249.97,4027673.85,264293298.07,275372207.33,539665505.40,26984.34,1.87391220,0.00057188,0.01830018,0.01143761,1.87737580,1.88881341,984216160.56,11.0588
3088,8.4545,1.4060,1.4060,40223.80,50179299.35,4027787.65,264314089.09,275378392.65,539692481.74,26976.34,1.87335722,0.00057179,0.01829734,0.01143583,1.87768700,1.88912283,984241136.90,11.0552
3089,8.4572,1.4058,1.4058,40300.26,50183348.15,4027901.43,264334873.53,275384576.56,539719450.10,26968.35,1.87280241,0.00057170,0.01829449,0.01143405,1.87799823,1.88943228,984266105.26,11.0517
3090,8.4600,1.4056,1.4056,40376.86,50187396.39,4028015.18,264355651.40,275390759.07,539746410.46,26960.37,1.87224779,0.00057161,0.01829164,0.01143227,1.87830950,1.88974177,984291065.63,11.0482
3091,8.4627,1.4054,1.4054,40453.61,50191444.05,4028128.91,264376422.69,275396940.16,539773362.85,26952.38,1.87169333,0.00057152,0.01828879,0.01143050,1.87862080,1.89005130,984316018.01,11.0446
3092,8.4654,1.4052,1.4052,40530.51,50195491.15,4028242.61,264397187.40,275403119.85,539800307.25,26944.40,1.87113905,0.00057144,0.01828595,0.01142872,1.87893215,1.89036086,984340962.41,11.0411
3093,8.4682,1.4050,1.4050,40607.55,50199537.68,4028356.29,264417945.55,275409298.12,539827243.67,26936.42,1.87058495,0.00057135,0.01828310,0.01142694,1.87924352,1.89067046,984365898.84,11.0376
3094,8.4709,1.4048,1.4048,40684.74,50203583.64,4028469.94,264438697.13,275415474.99,539854172.12,26928.45,1.87003102,0.00057126,0.01828025,0.01142516,1.87955493,1.89098009,984390827.28,11.0341
3095,8.4736,1.4046,1.4046,40762.07,50207629.03,4028583.57,264459442.14,275421650.45,539881092.59,26920.47,1.86947727,0.00057117,0.01827741,0.01142338,1.87986638,1.89128976,984415747.76,11.0305
3096,8.4764,1.4045,1.4045,40839.55,50211673.86,4028697.18,264480180.59,275427824.50,539908005.09,26912.50,1.86892369,0.00057108,0.01827457,0.01142160,1.88017787,1.89159947,984440660.26,11.0270
3097,8.4791,1.4043,1.4043,40917.18,50215718.11,4028810.76,264500912.48,275433997.15,539934909.63,26904.53,1.86837028,0.00057099,0.01827172,0.01141983,1.88048939,1.89190921,984465564.79,11.0235
3098,8.4819,1.4041,1.4041,40994.96,50219761.80,4028924.31,264521637.81,275440168.39,539961806.19,26896.57,1.86781705,0.00057090,0.01826888,0.01141805,1.88080094,1.89221899,984490461.35,11.0200
3099,8.4846,1.4039,1.4039,41072.88,50223804.92,4029037.84,264542356.57,275446338.22,539988694.79,26888.60,1.86726399,0.00057081,0.01826604,0.01141627,1.88111253,1.89252881,984515349.96,11.0165
3100,8.4873,1.4037,1.4037,41150.96,50227847.47,4029151.35,264563068.79,275452506.65,540015575.43,26880.64,1.86671111,0.00057072,0.01826319,0.01141450,1.88142416,1.89283866,984540230.60,11.0129
3101,8.4901,1.4035,1.4035,41229.18,50231889.45,4029264.83,264583774.45,275458673.67,540042448.11,26872.68,1.86615840,0.00057064,0.01826035,0.01141272,1.88173582,1.89314855,984565103.28,11.0094
3102,8.4928,1.4033,1.4033,41307.55,50235930.86,4029378.29,264604473.55,275464839.28,540069312.84,26864.72,1.86560587,0.00057055,0.01825751,0.01141094,1.88204752,1.89345847,984589968.00,11.0059
3103,8.4956,1.4031,1.4031,41386.07,50239971.71,4029491.72,264625166.11,275471003.50,540096169.61,26856.77,1.86505351,0.00057046,0.01825467,0.01140917,1.88235926,1.89376843,984614824.77,11.0024
3104,8.4983,1.4029,1.4029,41464.74,50244011.99,4029605.13,264645852.12,275477166.31,540123018.43,26848.82,1.86450133,0.00057037,0.01825183,0.01140739,1.88267103,1.89407842,984639673.59,10.9989
3105,8.5010,1.4027,1.4027,41543.55,50248051.70,4029718.52,264666531.59,275483327.71,540149859.30,26840.87,1.86394932,0.00057028,0.01824899,0.01140562,1.88298284,1.89438846,984664514.46,10.9954
3106,8.5038,1.4025,1.4025,41622.52,50252090.84,4029831.88,264687204.51,275489487.71,540176692.22,26832.92,1.86339748,0.00057019,0.01824615,0.01140385,1.88329468,1.89469852,984689347.39,10.9919
3107,8.5065,1.4023,1.4023,41701.64,50256129.42,4029945.21,264707870.89,275495646.31,540203517.20,26824.98,1.86284582,0.00057010,0.01824331,0.01140207,1.88360656,1.89500863,984714172.36,10.9884
3108,8.5092,1.4021,1.4021,41780.91,50260167.43,4030058.52,264728530.73,275501803.51,540230334.24,26817.04,1.86229433,0.00057001,0.01824048,0.01140030,1.88391847,1.89531877,984738989.40,10.9849
3109,8.5120,1.4019,1.4019,41860.32,50264204.87,4030171.81,264749184.03,275507959.31,540257143.34,26809.10,1.86174301,0.00056993,0.01823764,0.01139852,1.88423042,1.89562895,984763798.50,10.9813
3110,8.5147,1.4017,1.4017,41939.89,50268241.74,4030285.07,264769830.80,275514113.70,540283944.50,26801.16,1.86119187,0.00056984,0.01823480,0.01139675,1.88454241,1.89593916,984788599.67,10.9778
3111,8.5175,1.4015,1.4015,42019.62,50272278.05,4030398.31,264790471.03,275520266.70,540310737.73,26793.23,1.86064091,0.00056975,0.01823197,0.01139498,1.88485443,1.89624941,984813392.89,10.9743
3112,8.5202,1.4013,1.4013,42099.49,50276313.79,4030511.53,264811104.74,275526418.29,540337523.03,26785.30,1.86009011,0.00056966,0.01822913,0.01139321,1.88516649,1.89655969,984838178.19,10.9708
3113,8.5229,1.4011,1.4011,42179.51,50280348.96,4030624.71,264831731.91,275532568.48,540364300.40,26777.37,1.85953949,0.00056957,0.01822630,0.01139144,1.88547858,1.89687001,984862955.56,10.9673
3114,8.5257,1.4009,1.4009,42259.69,50284383.56,4030737.88,264852352.56,275538717.28,540391069.84,26769.44,1.85898905,0.00056948,0.01822346,0.01138966,1.88579071,1.89718037,984887725.00,10.9638
3115,8.5284,1.4007,1.4007,42340.02,50288417.60,4030851.02,264872966.68,275544864.67,540417831.36,26761.52,1.85843877,0.00056939,0.01822063,0.01138789,1.88610287,1.89749077,984912486.52,10.9603
3116,8.5311,1.4005,1.4005,42420.50,50292451.07,4030964.14,264893574.29,275551010.67,540444584.96,26753.60,1.85788867,0.00056931,0.01821779,0.01138612,1.88641508,1.89780120,984937240.12,10.9568
3117,8.5339,1.4003,1.4003,42501.13,50296483.98,4031077.23,264914175.37,275557155.27,540471330.63,26745.68,1.85733875,0.00056922,0.01821496,0.01138435,1.88672731,1.89811166,984961985.80,10.9533
3118,8.5366,1.4001,1.4001,42581.92,50300516.31,4031190.30,264934769.93,275563298.47,540498068.40,26737.76,1.85678900,0.00056913,0.01821213,0.01138258,1.88703959,1.89842217,984986723.56,10.9499
3119,8.5394,1.3999,1.3999,42662.86,50304548.08,4031303.34,264955357.97,275569440.27,540524798.24,26729.85,1.85623942,0.00056904,0.01820930,0.01138081,1.88735189,1.89873271,985011453.41,10.9464
3120,8.5421,1.3997,1.3997,42743.96,50308579.29,4031416.36,264975939.50,275575580.68,540551520.18,26721.94,1.85569001,0.00056895,0.01820647,0.01137904,1.88766424,1.89904328,985036175.34,10.9429
3121,8.5448,1.3995,1.3995,42825.21,50312609.93,4031529.35,264996514.52,275581719.69,540578234.21,26714.03,1.85514078,0.00056886,0.01820364,0.01137727,1.88797662,1.89935389,985060889.37,10.9394
3122,8.5476,1.3993,1.3993,42906.61,50316640.00,4031642.33,265017083.03,275587857.30,540604940.33,26706.12,1.85459172,0.00056878,0.01820081,0.01137550,1.88828904,1.89966454,985085595.49,10.9359
3123,8.5503,1.3991,1.3991,42988.17,50320669.50,4031755.27,265037645.03,275593993.52,540631638.54,26698.22,1.85404283,0.00056869,0.01819798,0.01137374,1.88860149,1.89997523,985110293.71,10.9324
3124,8.5530,1.3989,1.3989,43069.88,50324698.44,4031868.19,265058200.52,275600128.34,540658328.86,26690.32,1.85349412,0.00056860,0.01819515,0.01137197,1.88891398,1.90028595,985134984.02,10.9289
3125,8.5558,1.3987,1.3987,43151.75,50328726.81,4031981.09,265078749.51,275606261.77,540685011.28,26682.42,1.85294558,0.00056851,0.01819232,0.01137020,1.88922650,1.90059670,985159666.44,10.9254
3126,8.5585,1.3985,1.3985,43233.78,50332754.62,4032093.96,265099291.99,275612393.80,540711685.79,26674.52,1.85239721,0.00056842,0.01818949,0.01136843,1.88953906,1.90090750,985184340.96,10.9219
3127,8.5613,1.3983,1.3983,43315.96,50336781.86,4032206.81,265119827.98,275618524.44,540738352.42,26666.63,1.85184901,0.00056833,0.01818666,0.01136666,1.88985166,1.90121833,985209007.58,10.9185
3128,8.5640,1.3982,1.3982,43398.29,50340808.54,4032319.64,265140357.47,275624653.69,540765011.15,26658.73,1.85130099,0.00056824,0.01818384,0.01136490,1.89016429,1.90152919,985233666.32,10.9150
3129,8.5667,1.3980,1.3980,43480.79,50344834.65,4032432.44,265160880.46,275630781.54,540791662.00,26650.85,1.85075314,0.00056816,0.01818101,0.01136313,1.89047696,1.90184009,985258317.16,10.9115
3130,8.5695,1.3978,1.3978,43563.44,50348860.19,4032545.22,265181396.96,275636908.00,540818304.96,26642.96,1.85020547,0.00056807,0.01817818,0.01136137,1.89078967,1.90215103,985282960.12,10.9080
3131,8.5722,1.3976,1.3976,43646.24,50352885.17,4032657.97,265201906.97,275643033.07,540844940.03,26635.07,1.84965796,0.00056798,0.01817536,0.01135960,1.89110241,1.90246201,985307595.20,10.9045
3132,8.5749,1.3974,1.3974,43729.21,50356909.58,4032770.70,265222410.48,275649156.74,540871567.23,26627.19,1.84911063,0.00056789,0.01817254,0.01135783,1.89141518,1.90277302,985332222.39,10.9011
3133,8.5777,1.3972,1.3972,43812.33,50360933.43,4032883.40,265242907.51,275655279.03,540898186.54,26619.31,1.84856347,0.00056780,0.01816971,0.01135607,1.89172800,1.90308407,985356841.70,10.8976
3134,8.5804,1.3970,1.3970,43895.61,50364956.71,4032996.08,265263398.06,275661399.92,540924797.98,26611.44,1.84801648,0.00056772,0.01816689,0.01135430,1.89204084,1.90339515,985381453.14,10.8941
3135,8.5832,1.3968,1.3968,43979.05,50368979.42,4033108.73,265283882.11,275667519.43,540951401.54,26603.56,1.84746967,0.00056763,0.01816406,0.01135254,1.89235373,1.90370627,985406056.70,10.8906
3136,8.5859,1.3966,1.3966,44062.65,50373001.57,4033221.37,265304359.69,275673637.54,540977997.23,26595.69,1.84692303,0.00056754,0.01816124,0.01135078,1.89266665,1.90401743,985430652.40,10.8872
3137,8.5886,1.3964,1.3964,44146.40,50377023.16,4033333.97,265324830.79,275679754.26,541004585.06,26587.82,1.84637656,0.00056745,0.01815842,0.01134901,1.89297961,1.90432862,985455240.22,10.8837
3138,8.5914,1.3962,1.3962,44230.32,50381044.18,4033446.56,265345295.41,275685869.60,541031165.01,26579.96,1.84583026,0.00056736,0.01815560,0.01134725,1.89329260,1.90463985,985479820.17,10.8802
3139,8.5941,1.3960,1.3960,44314.39,50385064.63,4033559.11,265365753.56,275691983.54,541057737.10,26572.09,1.84528414,0.00056727,0.01815278,0.01134549,1.89360563,1.90495111,985504392.27,10.8768
3140,8.5969,1.3958,1.3958,44398.63,50389084.52,4033671.65,265386205.23,275698096.10,541084301.33,26564.23,1.84473818,0.00056719,0.01814996,0.01134372,1.89391869,1.90526242,985528956.50,10.8733
3141,8.5996,1.3956,1.3956,44483.02,50393103.85,4033784.16,265406650.43,275704207.27,541110857.70,26556.37,1.84419240,0.00056710,0.01814714,0.01134196,1.89423179,1.90557375,985553512.87,10.8698
3142,8.6023,1.3954,1.3954,44567.58,50397122.61,4033896.65,265427089.16,275710317.05,541137406.22,26548.51,1.84364679,0.00056701,0.01814432,0.01134020,1.89454493,1.90588513,985578061.38,10.8664
3143,8.6051,1.3952,1.3952,44652.29,50401140.81,4034009.11,265447521.43,275716425.45,541163946.88,26540.66,1.84310135,0.00056692,0.01814150,0.01133844,1.89485810,1.90619654,985602602.04,10.8629
3144,8.6078,1.3950,1.3950,44737.17,50405158.44,4034121.55,265467947.23,275722532.46,541190479.68,26532.81,1.84255609,0.00056683,0.01813868,0.01133668,1.89517131,1.90650799,985627134.85,10.8594
3145,8.6105,1.3948,1.3948,44822.21,50409175.50,4034233.96,265488366.56,275728638.08,541217004.64,26524.96,1.84201099,0.00056675,0.01813586,0.01133491,1.89548456,1.90681947,985651659.81,10.8560
3146,8.6133,1.3946,1.3946,44907.41,50413192.01,4034346.35,265508779.44,275734742.32,541243521.75,26517.11,1.84146607,0.00056666,0.01813305,0.01133315,1.89579784,1.90713099,985676176.92,10.8525
3147,8.6160,1.3944,1.3944,44992.77,50417207.94,4034458.71,265529185.85,275740845.17,541270031.02,26509.27,1.84092132,0.00056657,0.01813023,0.01133139,1.89611116,1.90744255,985700686.18,10.8491
3148,8.6188,1.3942,1.3942,45078.29,50421223.32,4034571.06,265549585.81,275746946.63,541296532.45,26501.43,1.84037674,0.00056648,0.01812741,0.01132963,1.89642451,1.90775414,985725187.61,10.8456
3149,8.6215,1.3940,1.3940,45163.98,50425238.13,4034683.37,265569979.32,275753046.72,541323026.03,26493.59,1.83983234,0.00056639,0.01812460,0.01132787,1.89673790,1.90806577,985749681.19,10.8421
3150,8.6242,1.3938,1.3938,45249.83,50429252.37,4034795.67,265590366.37,275759145.41,541349511.78,26485.75,1.83928810,0.00056631,0.01812178,0.01132611,1.89705132,1.90837744,985774166.94,10.8387
3151,8.6270,1.3936,1.3936,45335.84,50433266.05,4034907.94,265610746.97,275765242.73,541375989.69,26477.91,1.83874404,0.00056622,0.01811897,0.01132436,1.89736478,1.90868914,985798644.86,10.8352
3152,8.6297,1.3934,1.3934,45422.02,50437279.17,4035020.18,265631121.12,275771338.66,541402459.78,26470.08,1.83820014,0.00056613,0.01811616,0.01132260,1.89767828,1.90900088,985823114.94,10.8318
3153,8.6324,1.3932,1.3932,45508.36,50441291.72,4035132.40,265651488.82,275777433.21,541428922.03,26462.25,1.83765642,0.00056604,0.01811334,0.01132084,1.89799182,1.90931266,985847577.19,10.8283
3154,8.6352,1.3931,1.3931,45594.86,50445303.71,4035244.60,265671850.08,275783526.37,541455376.45,26454.43,1.83711287,0.00056595,0.01811053,0.01131908,1.89830539,1.90962447,985872031.62,10.8249
3155,8.6379,1.3929,1.3929,45681.53,50449315.14,4035356.77,265692204.90,275789618.16,541481823.05,26446.60,1.83656949,0.00056587,0.01810772,0.01131732,1.89861899,1.90993632,985896478.22,10.8214
3156,8.6407,1.3927,1.3927,45768.36,50453326.00,4035468.92,265712553.27,275795708.56,541508261.83,26438.78,1.83602628,0.00056578,0.01810491,0.01131557,1.89893263,1.91024820,985920917.00,10.8180
3157,8.6434,1.3925,1.3925,45855.36,50457336.30,4035581.04,265732895.21,275801797.58,541534692.79,26430.96,1.83548325,0.00056569,0.01810209,0.01131381,1.89924631,1.91056012,985945347.95,10.8145
3158,8.6461,1.3923,1.3923,45942.52,50461346.03,4035693.15,265753230.71,275807885.22,541561115.93,26423.14,1.83494038,0.00056560,0.01809928,0.01131205,1.89956003,1.91087208,985969771.10,10.8111
3159,8.6489,1.3921,1.3921,46029.85,50465355.20,4035805.22,265773559.78,275813971.48,541587531.26,26415.33,1.83439769,0.00056551,0.01809647,0.01131030,1.89987378,1.91118407,985994186.42,10.8077
3160,8.6516,1.3919,1.3919,46117.35,50469363.81,4035917.27,265793882.41,275820056.36,541613938.77,26407.51,1.83385516,0.00056543,0.01809366,0.01130854,1.90018756,1.91149610,986018593.94,10.8042
3161,8.6543,1.3917,1.3917,46205.01,50473371.86,4036029.30,265814198.61,275826139.87,541640338.48,26399.70,1.83331281,0.00056534,0.01809086,0.01130678,1.90050139,1.91180817,986042993.64,10.8008
3162,8.6571,1.3915,1.3915,46292.84,50477379.34,4036141.31,265834508.39,275832221.99,541666730.38,26391.90,1.83277063,0.00056525,0.01808805,0.01130503,1.90081525,1.91212028,986067385.54,10.7973
3163,8.6598,1.3913,1.3913,46380.83,50481386.26,4036253.29,265854811.74,275838302.73,541693114.47,26384.09,1.83222862,0.00056516,0.01808524,0.01130327,1.90112914,1.91243242,986091769.63,10.7939
3164,8.6626,1.3911,1.3911,46468.99,50485392.61,4036365.24,265875108.66,275844382.10,541719490.76,26376.29,1.83168678,0.00056508,0.01808243,0.01130152,1.90144307,1.91274459,986116145.92,10.7905
3165,8.6653,1.3909,1.3909,46557.32,50489398.40,4036477.18,265895399.16,275850460.09,541745859.25,26368.49,1.83114511,0.00056499,0.01807962,0.01129977,1.90175704,1.91305681,986140514.41,10.7870
3166,8.6680,1.3907,1.3907,46645.82,50493403.63,4036589.09,265915683.24,275856536.70,541772219.94,26360.69,1.83060361,0.00056490,0.01807682,0.01129801,1.90207104,1.91336906,986164875.10,10.7836
3167,8.6708,1.3905,1.3905,46734.49,50497408.30,4036700.97,265935960.90,275862611.93,541798572.84,26352.90,1.83006228,0.00056481,0.01807401,0.01129626,1.90238508,1.91368134,986189228.00,10.7802
3168,8.6735,1.3903,1.3903,46823.32,50501412.40,4036812.83,265956232.15,275868685.79,541824917.94,26345.10,1.82952112,0.00056473,0.01807121,0.01129450,1.90269916,1.91399367,986213573.10,10.7767
3169,8.6762,1.3901,1.3901,46912.33,50505415.94,4036924.67,265976496.98,275874758.27,541851255.25,26337.31,1.82898013,0.00056464,0.01806840,0.01129275,1.90301327,1.91430602,986237910.42,10.7733
3170,8.6790,1.3899,1.3899,47001.50,50509418.92,4037036.48,265996755.40,275880829.38,541877584.78,26329.53,1.82843932,0.00056455,0.01806560,0.01129100,1.90332742,1.91461842,986262239.94,10.7699
3171,8.6817,1.3897,1.3897,47090.84,50513421.34,4037148.27,266017007.41,275886899.11,541903906.52,26321.74,1.82789867,0.00056446,0.01806280,0.01128925,1.90364161,1.91493085,986286561.68,10.7664
3172,8.6845,1.3895,1.3895,47180.35,50517423.19,4037260.03,266037253.01,275892967.47,541930220.48,26313.96,1.82735819,0.00056437,0.01805999,0.01128750,1.90395583,1.91524332,986310875.64,10.7630
3173,8.6872,1.3893,1.3893,47270.04,50521424.48,4037371.77,266057492.21,275899034.45,541956526.66,26306.18,1.82681788,0.00056429,0.01805719,0.01128574,1.90427008,1.91555583,986335181.82,10.7596
3174,8.6899,1.3891,1.3891,47359.89,50525425.21,4037483.49,266077725.00,275905100.06,541982825.06,26298.40,1.82627775,0.00056420,0.01805439,0.01128399,1.90458438,1.91586837,986359480.22,10.7562
3175,8.6927,1.3889,1.3889,47449.91,50529425.38,4037595.18,266097951.39,275911164.29,542009115.68,26290.62,1.82573778,0.00056411,0.01805159,0.01128224,1.90489871,1.91618095,986383770.84,10.7527
3176,8.6954,1.3888,1.3888,47540.11,50533424.98,4037706.85,266118171.38,275917227.15,542035398.53,26282.85,1.82519798,0.00056402,0.01804879,0.01128049,1.90521307,1.91649356,986408053.69,10.7493
3177,8.6982,1.3886,1.3886,47630.47,50537424.03,4037818.50,266138384.97,275923288.64,542061673.61,26275.08,1.82465836,0.00056394,0.01804598,0.01127874,1.90552748,1.91680622,986432328.77,10.7459
3178,8.7009,1.3884,1.3884,47721.01,50541422.51,4037930.12,266158592.16,275929348.76,542087940.92,26267.31,1.82411890,0.00056385,0.01804318,0.01127699,1.90584191,1.91711890,986456596.09,10.7425
3179,8.7036,1.3882,1.3882,47811.72,50545420.43,4038041.72,266178792.96,275935407.51,542114200.47,26259.55,1.82357961,0.00056376,0.01804039,0.01127524,1.90615639,1.91743163,986480855.63,10.7391
3180,8.7064,1.3880,1.3880,47902.60,50549417.78,4038153.29,266198987.37,275941464.88,542140452.25,26251.78,1.82304050,0.00056367,0.01803759,0.01127349,1.90647090,1.91774439,986505107.42,10.7356
3181,8.7091,1.3878,1.3878,47993.66,50553414.58,4038264.84,266219175.39,275947520.88,542166696.28,26244.02,1.82250155,0.00056359,0.01803479,0.01127174,1.90678545,1.91805719,986529351.44,10.7322
3182,8.7118,1.3876,1.3876,48084.89,50557410.81,4038376.37,266239357.02,275953575.52,542192932.54,26236.26,1.82196277,0.00056350,0.01803199,0.01126999,1.90710003,1.91837003,986553587.70,10.7288
3183,8.7146,1.3874,1.3874,48176.29,50561406.48,4038487.87,266259532.27,275959628.78,542219161.05,26228.51,1.82142416,0.00056341,0.01802919,0.01126825,1.90741465,1.91868290,986577816.21,10.7254
3184,8.7173,1.3872,1.3872,48267.86,50565401.60,4038599.35,266279701.13,275965680.67,542245381.80,26220.75,1.82088573,0.00056332,0.01802640,0.01126650,1.90772931,1.91899581,986602036.96,10.7220
3185,8.7201,1.3870,1.3870,48359.61,50569396.14,4038710.80,266299863.61,275971731.20,542271594.81,26213.00,1.82034746,0.00056324,0.01802360,0.01126475,1.90804400,1.91930875,986626249.97,10.7186
3186,8.7228,1.3868,1.3868,48451.54,50573390.13,4038822.23,266320019.71,275977780.35,542297800.06,26205.25,1.81980936,0.00056315,0.01802081,0.01126300,1.90835873,1.91962173,986650455.22,10.7152
3187,8.7255,1.3866,1.3866,48543.63,50577383.56,4038933.64,266340169.43,275983828.14,542323997.57,26197.51,1.81927143,0.00056306,0.01801801,0.01126126,1.90867349,1.91993475,986674652.73,10.7118
3188,8.7283,1.3864,1.3864,48635.91,50581376.43,4039045.02,266360312.78,275989874.56,542350187.33,26189.76,1.81873367,0.00056298,0.01801522,0.01125951,1.90898829,1.92024780,986698842.50,10.7083
3189,8.7310,1.3862,1.3862,48728.36,50585368.73,4039156.38,266380449.75,275995919.61,542376369.36,26182.02,1.81819607,0.00056289,0.01801242,0.01125776,1.90930313,1.92056090,986723024.52,10.7049
3190,8.7337,1.3860,1.3860,48820.98,50589360.47,4039267.71,266400580.35,276001963.29,542402543.64,26174.28,1.81765865,0.00056280,0.01800963,0.01125602,1.90961801,1.92087402,986747198.80,10.7015
3191,8.7365,1.3858,1.3858,48913.78,50593351.66,4039379.02,266420704.58,276008005.61,542428710.19,26166.55,1.81712140,0.00056271,0.01800684,0.01125427,1.90993292,1.92118719,986771365.35,10.6981
3192,8.7392,1.3856,1.3856,49006.76,50597342.28,4039490.31,266440822.44,276014046.56,542454869.00,26158.81,1.81658432,0.00056263,0.01800404,0.01125253,1.91024786,1.92150039,986795524.17,10.6947
3193,8.7420,1.3854,1.3854,49099.91,50601332.34,4039601.58,266460933.94,276020086.15,542481020.09,26151.08,1.81604740,0.00056254,0.01800125,0.01125078,1.91056285,1.92181363,986819675.25,10.6913
3194,8.7447,1.3852,1.3852,49193.24,50605321.84,4039712.82,266481039.07,276026124.37,542507163.44,26143.35,1.81551065,0.00056245,0.01799846,0.01124904,1.91087786,1.92212690,986843818.60,10.6879
3195,8.7474,1.3850,1.3850,49286.75,50609310.78,4039824.03,266501137.85,276032161.22,542533299.07,26135.63,1.81497408,0.00056236,0.01799567,0.01124729,1.91119292,1.92244021,986867954.23,10.6845
3196,8.7502,1.3849,1.3849,49380.44,50613299.16,4039935.22,266521230.26,276038196.71,542559426.97,26127.90,1.81443767,0.00056228,0.01799288,0.01124555,1.91150801,1.92275356,986892082.13,10.6811
3197,8.7529,1.3847,1.3847,49474.30,50617286.98,4040046.39,266541316.31,276044230.84,542585547.15,26120.18,1.81390143,0.00056219,0.01799009,0.01124381,1.91182314,1.92306695,986916202.31,10.6777
3198,8.7556,1.3845,1.3845,49568.35,50621274.24,4040157.54,266561396.01,276050263.60,542611659.61,26112.46,1.81336536,0.00056210,0.01798730,0.01124206,1.91213831,1.92338037,986940314.77,10.6743
3199,8.7584,1.3843,1.3843,49662.57,50625260.93,4040268.66,266581469.36,276056295.00,542637764.35,26104.74,1.81282946,0.00056202,0.01798451,0.01124032,1.91245351,1.92369383,986964419.52,10.6709
3200,8.7611,1.3841,1.3841,49756.97,50629247.07,4040379.75,266601536.35,276062325.04,542663861.38,26097.03,1.81229373,0.00056193,0.01798172,0.01123858,1.91276874,1.92400732,986988516.55,10.6676
3201,8.7639,1.3839,1.3839,49851.55,50633232.65,4040490.83,266621596.99,276068353.71,542689950.70,26089.32,1.81175816,0.00056184,0.01797894,0.01123684,1.91308402,1.92432085,987012605.86,10.6642
3202,8.7666,1.3837,1.3837,49946.31,50637217.67,4040601.88,266641651.29,276074381.02,542716032.31,26081.61,1.81122276,0.00056175,0.01797615,0.01123509,1.91339933,1.92463442,987036687.47,10.6608
3203,8.7693,1.3835,1.3835,50041.25,50641202.12,4040712.90,266661699.24,276080406.97,542742106.21,26073.90,1.81068754,0.00056167,0.01797336,0.01123335,1.91371468,1.92494803,987060761.37,10.6574
3204,8.7721,1.3833,1.3833,50136.37,50645186.02,4040823.91,266681740.85,276086431.56,542768172.41,26066.20,1.81015248,0.00056158,0.01797058,0.01123161,1.91403006,1.92526167,987084827.57,10.6540
3205,8.7748,1.3831,1.3831,50231.67,50649169.36,4040934.88,266701776.11,276092454.79,542794230.90,26058.49,1.80961759,0.00056149,0.01796779,0.01122987,1.91434548,1.92557535,987108886.06,10.6506
3206,8.7775,1.3829,1.3829,50327.15,50653152.14,4041045.84,266721805.04,276098476.65,542820281.69,26050.79,1.80908287,0.00056141,0.01796501,0.01122813,1.91466093,1.92588906,987132936.86,10.6472
3207,8.7803,1.3827,1.3827,50422.81,50657134.36,4041156.77,266741827.63,276104497.16,542846324.79,26043.10,1.80854831,0.00056132,0.01796222,0.01122639,1.91497643,1.92620281,987156979.95,10.6438
3208,8.7830,1.3825,1.3825,50518.66,50661116.02,4041267.68,266761843.88,276110516.31,542872360.19,26035.40,1.80801393,0.00056123,0.01795944,0.01122465,1.91529195,1.92651660,987181015.35,10.6405
3209,8.7858,1.3823,1.3823,50614.69,50665097.12,4041378.56,266781853.80,276116534.10,542898387.90,26027.71,1.80747971,0.00056115,0.01795666,0.01122291,1.91560752,1.92683043,987205043.06,10.6371
3210,8.7885,1.3821,1.3821,50710.90,50669077.66,4041489.42,266801857.39,276122550.53,542924407.91,26020.02,1.80694566,0.00056106,0.01795387,0.01122117,1.91592312,1.92714429,987229063.08,10.6337
3211,8.7912,1.3819,1.3819,50807.29,50673057.64,4041600.26,266821854.64,276128565.60,542950420.24,26012.33,1.80641178,0.00056097,0.01795109,0.01121943,1.91623876,1.92745819,987253075.41,10.6303
3212,8.7940,1.3817,1.3817,50903.87,50677037.06,4041711.07,266841845.57,276134579.31,542976424.89,26004.64,1.80587806,0.00056088,0.01794831,0.01121769,1.91655443,1.92777213,987277080.05,10.6269
3213,8.7967,1.3815,1.3815,51000.63,50681015.92,4041821.86,266861830.18,276140591.67,543002421.85,25996.96,1.80534452,0.00056080,0.01794553,0.01121596,1.91687014,1.92808610,987301077.01,10.6236
3214,8.7995,1.3814,1.3814,51097.57,50684994.22,4041932.62,266881808.46,276146602.67,543028411.13,25989.28,1.80481114,0.00056071,0.01794275,0.01121422,1.91718589,1.92840011,987325066.29,10.6202
3215,8.8022,1.3812,1.3812,51194.70,50688971.97,4042043.36,266901780.42,276152612.31,543054392.73,25981.60,1.80427793,0.00056062,0.01793997,0.01121248,1.91750168,1.92871416,987349047.89,10.6168
3216,8.8049,1.3810,1.3810,51292.01,50692949.15,4042154.08,266921746.06,276158620.60,543080366.66,25973.93,1.80374489,0.00056054,0.01793719,0.01121074,1.91781750,1.92902824,987373021.82,10.6134
3217,8.8077,1.3808,1.3808,51389.51,50696925.78,4042264.78,266941705.38,276164627.53,543106332.91,25966.25,1.80321201,0.00056045,0.01793441,0.01120901,1.91813335,1.92934236,987396988.07,10.6101
3218,8.8104,1.3806,1.3806,51487.19,50700901.85,4042375.45,266961658.39,276170633.10,543132291.49,25958.58,1.80267931,0.00056036,0.01793163,0.01120727,1.91844925,1.92965652,987420946.66,10.6067
3219,8.8131,1.3804,1.3804,51585.06,50704877.36,4042486.09,266981605.08,276176637.32,543158242.41,25950.91,1.80214677,0.00056028,0.01792885,0.01120553,1.91876518,1.92997071,987444897.57,10.6033
3220,8.8159,1.3802,1.3802,51683.12,50708852.31,4042596.72,267001545.46,276182640.19,543184185.65,25943.25,1.80161440,0.00056019,0.01792608,0.01120380,1.91908114,1.93028494,987468840.82,10.6000
3221,8.8186,1.3800,1.3800,51781.36,50712826.70,4042707.32,267021479.54,276188641.70,543210121.24,25935.58,1.80108219,0.00056010,0.01792330,0.01120206,1.91939714,1.93059921,987492776.40,10.5966
3222,8.8214,1.3798,1.3798,51879.79,50716800.53,4042817.89,267041407.30,276194641.86,543236049.16,25927.92,1.80055015,0.00056002,0.01792052,0.01120033,1.91971318,1.93091351,987516704.32,10.5932
3223,8.8241,1.3796,1.3796,51978.40,50720773.81,4042928.45,267061328.76,276200640.66,543261969.42,25920.26,1.80001829,0.00055993,0.01791775,0.01119859,1.92002926,1.93122785,987540624.59,10.5899
3224,8.8268,1.3794,1.3794,52077.20,50724746.52,4043038.98,267081243.92,276206638.11,543287882.03,25912.61,1.79948658,0.00055984,0.01791497,0.01119686,1.92034537,1.93154223,987564537.19,10.5865
3225,8.8296,1.3792,1.3792,52176.19,50728718.68,4043149.48,267101152.77,276212634.21,543313786.98,25904.95,1.79895505,0.00055976,0.01791220,0.01119512,1.92066152,1.93185664,987588442.14,10.5831
3226,8.8323,1.3790,1.3790,52275.37,50732690.28,4043259.96,267121055.32,276218628.96,543339684.28,25897.30,1.79842368,0.00055967,0.01790942,0.01119339,1.92097771,1.93217109,987612339.45,10.5798
3227,8.8350,1.3788,1.3788,52374.74,50736661.32,4043370.42,267140951.58,276224622.35,543365573.93,25889.65,1.79789248,0.00055958,0.01790665,0.01119166,1.92129393,1.93248558,987636229.10,10.5764
3228,8.8378,1.3786,1.3786,52474.30,50740631.81,4043480.86,267160841.54,276230614.40,543391455.94,25882.00,1.79736145,0.00055950,0.01790388,0.01118992,1.92161019,1.93280011,987660111.10,10.5731
3229,8.8405,1.3784,1.3784,52574.04,50744601.73,4043591.27,267180725.21,276236605.09,543417330.30,25874.36,1.79683058,0.00055941,0.01790110,0.01118819,1.92192648,1.93311467,987683985.46,10.5697
3230,8.8433,1.3783,1.3783,52673.98,50748571.10,4043701.66,267200602.59,276242594.43,543443197.02,25866.72,1.79629988,0.00055932,0.01789833,0.01118646,1.92224281,1.93342927,987707852.18,10.5663
3231,8.8460,1.3781,1.3781,52774.10,50752539.91,4043812.02,267220473.67,276248582.43,543469056.10,25859.08,1.79576935,0.00055924,0.01789556,0.01118472,1.92255918,1.93374391,987731711.26,10.5630
3232,8.8487,1.3779,1.3779,52874.42,50756508.17,4043922.36,267240338.47,276254569.07,543494907.54,25851.44,1.79523898,0.00055915,0.01789279,0.01118299,1.92287559,1.93405858,987755562.70,10.5596
3233,8.8515,1.3777,1.3777,52974.92,50760475.86,4044032.68,267260196.98,276260554.36,543520751.34,25843.81,1.79470878,0.00055906,0.01789002,0.01118126,1.92319203,1.93437329,987779406.51,10.5563
3234,8.8542,1.3775,1.3775,53075.62,50764443.00,4044142.97,267280049.21,276266538.31,543546587.52,25836.17,1.79417875,0.00055898,0.01788725,0.01117953,1.92350850,1.93468803,987803242.68,10.5529
3235,8.8569,1.3773,1.3773,53176.51,50768409.58,4044253.24,267299895.16,276272520.90,543572416.06,25828.54,1.79364889,0.00055889,0.01788448,0.01117780,1.92382502,1.93500282,987827071.23,10.5496
3236,8.8597,1.3771,1.3771,53277.59,50772375.60,4044363.49,267319734.83,276278502.15,543598236.98,25820.92,1.79311919,0.00055880,0.01788171,0.01117607,1.92414157,1.93531764,987850892.14,10.5462
3237,8.8624,1.3769,1.3769,53378.86,50776341.07,4044473.71,267339568.22,276284482.05,543624050.27,25813.29,1.79258966,0.00055872,0.01787894,0.01117434,1.92445816,1.93563250,987874705.43,10.5429
3238,8.8652,1.3767,1.3767,53480.32,50780305.97,4044583.91,267359395.33,276290460.60,543649855.94,25805.67,1.79206029,0.00055863,0.01787617,0.01117261,1.92477478,1.93594739,987898511.10,10.5395
3239,8.8679,1.3765,1.3765,53581.98,50784270.33,4044694.09,267379216.17,276296437.81,543675653.99,25798.05,1.79153109,0.00055854,0.01787341,0.01117088,1.92509144,1.93626232,987922309.15,10.5362
3240,8.8706,1.3763,1.3763,53683.83,50788234.12,4044804.24,267399030.74,276302413.67,543701444.42,25790.43,1.79100206,0.00055846,0.01787064,0.01116915,1.92540814,1.93657729,987946099.58,10.5328
3241,8.8734,1.3761,1.3761,53785.87,50792197.36,4044914.37,267418839.04,276308388.19,543727227.23,25782.81,1.79047319,0.00055837,0.01786787,0.01116742,1.92572487,1.93689229,987969882.39,10.5295
3242,8.8761,1.3759,1.3759,53888.11,50796160.04,4045024.47,267438641.07,276314361.36,543753002.43,25775.20,1.78994449,0.00055828,0.01786511,0.01116569,1.92604164,1.93720734,987993657.59,10.5262
3243,8.8789,1.3757,1.3757,53990.55,50800122.16,4045134.56,267458436.84,276320333.18,543778770.02,25767.59,1.78941596,0.00055820,0.01786234,0.01116396,1.92635845,1.93752241,988017425.18,10.5228
3244,8.8816,1.3755,1.3755,54093.17,50804083.73,4045244.61,267478226.34,276326303.66,543804530.00,25759.98,1.78888759,0.00055811,0.01785958,0.01116224,1.92667529,1.93783753,988041185.16,10.5195
3245,8.8843,1.3754,1.3754,54196.00,50808044.74,4045354.65,267498009.58,276332272.79,543830282.38,25752.38,1.78835939,0.00055803,0.01785681,0.01116051,1.92699217,1.93815268,988064937.54,10.5161
3246,8.8871,1.3752,1.3752,54299.01,50812005.19,4045464.66,267517786.56,276338240.59,543856027.15,25744.77,1.78783135,0.00055794,0.01785405,0.01115878,1.92730909,1.93846787,988088682.31,10.5128
3247,8.8898,1.3750,1.3750,54402.23,50815965.09,4045574.65,267537557.29,276344207.03,543881764.32,25737.17,1.78730349,0.00055785,0.01785129,0.01115705,1.92762605,1.93878310,988112419.48,10.5095
3248,8.8925,1.3748,1.3748,54505.64,50819924.43,4045684.61,267557321.75,276350172.14,543907493.89,25729.57,1.78677578,0.00055777,0.01784852,0.01115533,1.92794304,1.93909836,988136149.05,10.5061
3249,8.8953,1.3746,1.3746,54609.24,50823883.21,4045794.56,267577079.96,276356135.90,543933215.86,25721.97,1.78624824,0.00055768,0.01784576,0.01115360,1.92826006,1.93941366,988159871.03,10.5028
3250,8.8980,1.3744,1.3744,54713.05,50827841.44,4045904.47,267596831.93,276362098.32,543958930.24,25714.38,1.78572087,0.00055759,0.01784300,0.01115188,1.92857713,1.93972900,988183585.41,10.4995
3251,8.9008,1.3742,1.3742,54817.05,50831799.11,4046014.37,267616577.64,276368059.40,543984637.03,25706.79,1.78519367,0.00055751,0.01784024,0.01115015,1.92889423,1.94004438,988207292.20,10.4961
3252,8.9035,1.3740,1.3740,54921.24,50835756.22,4046124.24,267636317.10,276374019.13,544010336.23,25699.20,1.78466663,0.00055742,0.01783748,0.01114842,1.92921136,1.94035979,988230991.40,10.4928
3253,8.9062,1.3738,1.3738,55025.64,50839712.78,4046234.09,267656050.32,276379977.53,544036027.85,25691.61,1.78413975,0.00055733,0.01783472,0.01114670,1.92952854,1.94067524,988254683.01,10.4895
3254,8.9090,1.3736,1.3736,55130.24,50843668.79,4046343.91,267675777.29,276385934.59,544061711.87,25684.03,1.78361304,0.00055725,0.01783196,0.01114497,1.92984575,1.94099072,988278367.04,10.4861
3255,8.9117,1.3734,1.3734,55235.03,50847624.23,4046453.71,267695498.02,276391890.30,544087388.32,25676.45,1.78308650,0.00055716,0.01782920,0.01114325,1.93016300,1.94130625,988302043.48,10.4828
3256,8.9144,1.3732,1.3732,55340.02,50851579.13,4046563.49,267715212.51,276397844.67,544113057.18,25668.87,1.78256012,0.00055708,0.01782644,0.01114153,1.93048028,1.94162181,988325712.35,10.4795
3257,8.9172,1.3730,1.3730,55445.21,50855533.46,4046673.24,267734920.76,276403797.71,544138718.47,25661.29,1.78203391,0.00055699,0.01782368,0.01113980,1.93079760,1.94193740,988349373.64,10.4762
3258,8.9199,1.3728,1.3728,55550.61,50859487.24,4046782.98,267754622.78,276409749.41,544164372.19,25653.71,1.78150787,0.00055690,0.01782093,0.01113808,1.93111496,1.94225304,988373027.35,10.4728
3259,8.9227,1.3726,1.3726,55656.20,50863440.47,4046892.68,267774318.56,276415699.77,544190018.33,25646.14,1.78098198,0.00055682,0.01781817,0.01113636,1.93143235,1.94256871,988396673.49,10.4695
3260,8.9254,1.3725,1.3725,55761.99,50867393.14,4047002.37,267794008.11,276421648.79,544215656.90,25638.57,1.78045627,0.00055673,0.01781541,0.01113463,1.93174978,1.94288442,988420312.06,10.4662
3261,8.9281,1.3723,1.3723,55867.99,50871345.25,4047112.03,267813691.43,276427596.47,544241287.90,25631.00,1.77993072,0.00055665,0.01781266,0.01113291,1.93206725,1.94320016,988443943.06,10.4629
3262,8.9309,1.3721,1.3721,55974.18,50875296.81,4047221.67,267833368.52,276433542.81,544266911.34,25623.44,1.77940533,0.00055656,0.01780990,0.01113119,1.93238475,1.94351594,988467566.50,10.4596
3263,8.9336,1.3719,1.3719,56080.58,50879247.81,4047331.28,267853039.39,276439487.82,544292527.21,25615.87,1.77888011,0.00055647,0.01780715,0.01112947,1.93270229,1.94383176,988491182.37,10.4563
3264,8.9363,1.3717,1.3717,56187.18,50883198.26,4047440.87,267872704.03,276445431.49,544318135.52,25608.31,1.77835506,0.00055639,0.01780439,0.01112775,1.93301987,1.94414762,988514790.69,10.4529
3265,8.9391,1.3715,1.3715,56293.98,50887148.15,4047550.44,267892362.45,276451373.83,544343736.28,25600.75,1.77783017,0.00055630,0.01780164,0.01112603,1.93333749,1.94446351,988538391.44,10.4496
3266,8.9418,1.3713,1.3713,56400.99,50891097.49,4047659.98,267912014.65,276457314.83,544369329.48,25593.20,1.77730544,0.00055622,0.01779889,0.01112431,1.93365514,1.94477944,988561984.64,10.4463
3267,8.9446,1.3711,1.3711,56508.20,50895046.27,4047769.50,267931660.63,276463254.49,544394915.12,25585.64,1.77678088,0.00055613,0.01779614,0.01112258,1.93397282,1.94509541,988585570.28,10.4430
3268,8.9473,1.3709,1.3709,56615.61,50898994.50,4047879.00,267951300.39,276469192.82,544420493.21,25578.09,1.77625649,0.00055604,0.01779338,0.01112086,1.93429055,1.94541141,988609148.38,10.4397
3269,8.9500,1.3707,1.3707,56723.23,50902942.17,4047988.48,267970933.94,276475129.82,544446063.76,25570.54,1.77573226,0.00055596,0.01779063,0.01111915,1.93460831,1.94572746,988632718.92,10.4364
3270,8.9528,1.3705,1.3705,56831.05,50906889.29,4048097.93,267990561.28,276481065.48,544471626.76,25563.00,1.77520819,0.00055587,0.01778788,0.01111743,1.93492611,1.94604353,988656281.92,10.4331
3271,8.9555,1.3703,1.3703,56939.08,50910835.85,4048207.36,268010182.40,276486999.81,544497182.21,25555.45,1.77468429,0.00055579,0.01778513,0.01111571,1.93524394,1.94635965,988679837.37,10.4298
3272,8.9582,1.3701,1.3701,57047.31,50914781.86,4048316.76,268029797.32,276492932.80,544522730.12,25547.91,1.77416055,0.00055570,0.01778238,0.01111399,1.93556182,1.94667580,988703385.28,10.4265
3273,8.9610,1.3699,1.3699,57155.75,50918727.32,4048426.14,268049406.03,276498864.46,544548270.49,25540.37,1.77363698,0.00055561,0.01777963,0.01111227,1.93587972,1.94699199,988726925.66,10.4231
3274,8.9637,1.3698,1.3698,57264.39,50922672.22,4048535.50,268069008.54,276504794.79,544573803.33,25532.84,1.77311357,0.00055553,0.01777688,0.01111055,1.93619767,1.94730822,988750458.49,10.4198
3275,8.9665,1.3696,1.3696,57373.24,50926616.56,4048644.83,268088604.84,276510723.79,544599328.63,25525.30,1.77259033,0.00055544,0.01777413,0.01110883,1.93651565,1.94762449,988773983.79,10.4165
3276,8.9692,1.3694,1.3694,57482.30,50930560.35,4048754.15,268108194.95,276516651.45,544624846.40,25517.77,1.77206725,0.00055536,0.01777139,0.01110712,1.93683367,1.94794079,988797501.56,10.4132
3277,8.9719,1.3692,1.3692,57591.56,50934503.59,4048863.43,268127778.85,276522577.79,544650356.64,25510.24,1.77154434,0.00055527,0.01776864,0.01110540,1.93715173,1.94825713,988821011.80,10.4099
3278,8.9747,1.3690,1.3690,57701.04,50938446.27,4048972.70,268147356.56,276528502.79,544675859.35,25502.71,1.77102159,0.00055518,0.01776589,0.01110368,1.93746982,1.94857350,988844514.51,10.4066
3279,8.9774,1.3688,1.3688,57810.72,50942388.40,4049081.94,268166928.07,276534426.46,544701354.53,25495.19,1.77049900,0.00055510,0.01776315,0.01110197,1.93778795,1.94888991,988868009.70,10.4033
3280,8.9802,1.3686,1.3686,57920.60,50946329.98,4049191.16,268186493.39,276540348.81,544726842.20,25487.66,1.76997658,0.00055501,0.01776040,0.01110025,1.93810611,1.94920636,988891497.36,10.4000
3281,8.9829,1.3684,1.3684,58030.70,50950271.00,4049300.36,268206052.52,276546269.82,544752322.34,25480.14,1.76945433,0.00055493,0.01775766,0.01109853,1.93842432,1.94952285,988914977.50,10.3967
3282,8.9856,1.3682,1.3682,58141.01,50954211.47,4049409.53,268225605.46,276552189.50,544777794.96,25472.62,1.76893223,0.00055484,0.01775491,0.01109682,1.93874256,1.94983938,988938450.13,10.3935
3283,8.9884,1.3680,1.3680,58251.53,50958151.38,4049518.68,268245152.21,276558107.86,544803260.07,25465.11,1.76841030,0.00055476,0.01775217,0.01109510,1.93906083,1.95015594,988961915.23,10.3902
3284,8.9911,1.3678,1.3678,58362.25,50962090.74,4049627.80,268264692.78,276564024.88,544828717.67,25457.59,1.76788854,0.00055467,0.01774942,0.01109339,1.93937915,1.95047254,988985372.83,10.3869
3285,8.9938,1.3676,1.3676,58473.19,50966029.55,4049736.91,268284227.17,276569940.58,544854167.75,25450.08,1.76736694,0.00055458,0.01774668,0.01109168,1.93969750,1.95078917,989008822.91,10.3836
3286,8.9966,1.3674,1.3674,58584.34,50969967.80,4049845.98,268303755.37,276575854.95,544879610.33,25442.58,1.76684550,0.00055450,0.01774394,0.01108996,1.94001589,1.95110585,989032265.49,10.3803
3287,8.9993,1.3673,1.3673,58695.70,50973905.50,4049955.04,268323277.40,276581768.00,544905045.39,25435.07,1.76632423,0.00055441,0.01774120,0.01108825,1.94033431,1.95142256,989055700.56,10.3770
3288,9.0021,1.3671,1.3671,58807.27,50977842.65,4050064.07,268342793.24,276587679.72,544930472.96,25427.56,1.76580312,0.00055433,0.01773845,0.01108653,1.94065277,1.95173931,989079128.12,10.3737
3289,9.0048,1.3669,1.3669,58919.05,50981779.24,4050173.08,268362302.92,276593590.11,544955893.02,25420.06,1.76528217,0.00055424,0.01773571,0.01108482,1.94097127,1.95205609,989102548.19,10.3704
3290,9.0075,1.3667,1.3667,59031.05,50985715.28,4050282.07,268381806.42,276599499.17,544981305.59,25412.56,1.76476139,0.00055416,0.01773297,0.01108311,1.94128980,1.95237291,989125960.75,10.3671
3291,9.0103,1.3665,1.3665,59143.25,50989650.77,4050391.04,268401303.74,276605406.91,545006710.65,25405.07,1.76424077,0.00055407,0.01773023,0.01108140,1.94160838,1.95268977,989149365.82,10.3639
3292,9.0130,1.3663,1.3663,59255.68,50993585.70,4050499.98,268420794.90,276611313.32,545032108.23,25397.57,1.76372032,0.00055398,0.01772749,0.01107968,1.94192699,1.95300667,989172763.39,10.3606
3293,9.0157,1.3661,1.3661,59368.31,50997520.08,4050608.89,268440279.89,276617218.41,545057498.31,25390.08,1.76320003,0.00055390,0.01772475,0.01107797,1.94224563,1.95332360,989196153.47,10.3573
3294,9.0185,1.3659,1.3659,59481.16,51001453.91,4050717.79,268459758.72,276623122.18,545082880.90,25382.59,1.76267990,0.00055381,0.01772202,0.01107626,1.94256431,1.95364057,989219536.06,10.3540
3295,9.0212,1.3657,1.3657,59594.23,51005387.19,4050826.66,268479231.38,276629024.62,545108256.00,25375.10,1.76215993,0.00055373,0.01771928,0.01107455,1.94288303,1.95395758,989242911.16,10.3507
3296,9.0240,1.3655,1.3655,59707.50,51009319.91,4050935.51,268498697.88,276634925.74,545133623.62,25367.62,1.76164013,0.00055364,0.01771654,0.01107284,1.94320179,1.95427463,989266278.78,10.3475
3297,9.0267,1.3653,1.3653,59821.00,51013252.08,4051044.33,268518158.22,276640825.53,545158983.75,25360.14,1.76112049,0.00055356,0.01771380,0.01107113,1.94352058,1.95459171,989289638.92,10.3442
3298,9.0294,1.3651,1.3651,59934.71,51017183.70,4051153.13,268537612.41,276646724.00,545184336.41,25352.65,1.76060102,0.00055347,0.01771107,0.01106942,1.94383941,1.95490883,989312991.57,10.3409
3299,9.0322,1.3650,1.3650,60048.63,51021114.76,4051261.91,268557060.43,276652621.15,545209681.58,25345.18,1.76008171,0.00055339,0.01770833,0.01106771,1.94415828,1.95522599,989336336.75,10.3376
3300,9.0349,1.3648,1.3648,60162.78,51025045.28,4051370.67,268576502.31,276658516.98,545235019.29,25337.70,1.75956256,0.00055330,0.01770560,0.01106600,1.94447718,1.95554318,989359674.45,10.3344
3301,9.0376,1.3646,1.3646,60277.14,51028975.24,4051479.40,268595938.03,276664411.48,545260349.51,25330.23,1.75904358,0.00055321,0.01770286,0.01106429,1.94479613,1.95586041,989383004.68,10.3311
3302,9.0404,1.3644,1.3644,60391.71,51032904.64,4051588.11,268615367.60,276670304.67,545285672.27,25322.76,1.75852475,0.00055313,0.01770013,0.01106258,1.94511510,1.95617768,989406327.43,10.3278
3303,9.0431,1.3642,1.3642,60506.51,51036833.50,4051696.80,268634791.03,276676196.53,545310987.56,25315.29,1.75800609,0.00055304,0.01769739,0.01106087,1.94543412,1.95649499,989429642.72,10.3245
3304,9.0459,1.3640,1.3640,60621.52,51040761.80,4051805.46,268654208.30,276682087.08,545336295.38,25307.82,1.75748760,0.00055296,0.01769466,0.01105916,1.94575317,1.95681233,989452950.54,10.3213
3305,9.0486,1.3638,1.3638,60736.75,51044689.56,4051914.10,268673619.44,276687976.30,545361595.74,25300.36,1.75696926,0.00055287,0.01769193,0.01105746,1.94607226,1.95712972,989476250.90,10.3180
3306,9.0513,1.3636,1.3636,60852.20,51048616.76,4052022.72,268693024.43,276693864.20,545386888.63,25292.90,1.75645109,0.00055279,0.01768920,0.01105575,1.94639139,1.95744713,989499543.79,10.3147
3307,9.0541,1.3634,1.3634,60967.87,51052543.40,4052131.31,268712423.28,276699750.79,545412174.07,25285.44,1.75593308,0.00055270,0.01768647,0.01105404,1.94671055,1.95776459,989522829.23,10.3115
3308,9.0568,1.3632,1.3632,61083.76,51056469.50,4052239.88,268731816.00,276705636.05,545437452.05,25277.98,1.75541524,0.00055262,0.01768373,0.01105233,1.94702975,1.95808208,989546107.21,10.3082
3309,9.0595,1.3630,1.3630,61199.88,51060395.05,4052348.43,268751202.57,276711520.00,545462722.57,25270.52,1.75489756,0.00055253,0.01768100,0.01105063,1.94734899,1.95839961,989569377.74,10.3049
3310,9.0623,1.3628,1.3628,61316.21,51064320.04,4052456.96,268770583.02,276717402.63,545487985.65,25263.07,1.75438004,0.00055245,0.01767827,0.01104892,1.94766826,1.95871718,989592640.81,10.3017
3311,9.0650,1.3627,1.3627,61432.76,51068244.48,4052565.46,268789957.33,276723283.94,545513241.27,25255.62,1.75386268,0.00055236,0.01767554,0.01104722,1.94798757,1.95903479,989615896.43,10.2984
3312,9.0678,1.3625,1.3625,61549.53,51072168.37,4052673.94,268809325.51,276729163.94,545538489.44,25248.17,1.75334548,0.00055228,0.01767282,0.01104551,1.94830692,1.95935243,989639144.61,10.2952
3313,9.0705,1.3623,1.3623,61666.53,51076091.71,4052782.40,268828687.56,276735042.61,545563730.17,25240.73,1.75282845,0.00055219,0.01767009,0.01104380,1.94862631,1.95967011,989662385.34,10.2919
3314,9.0732,1.3621,1.3621,61783.75,51080014.50,4052890.83,268848043.48,276740919.98,545588963.46,25233.29,1.75231158,0.00055210,0.01766736,0.01104210,1.94894573,1.95998783,989685618.62,10.2887
3315,9.0760,1.3619,1.3619,61901.19,51083936.73,4052999.24,268867393.28,276746796.02,545614189.31,25225.85,1.75179487,0.00055202,0.01766463,0.01104039,1.94926519,1.96030558,989708844.47,10.2854
3316,9.0787,1.3617,1.3617,62018.85,51087858.42,4053107.63,268886736.96,276752670.75,545639407.71,25218.41,1.75127833,0.00055193,0.01766190,0.01103869,1.94958468,1.96062337,989732062.88,10.2821
3317,9.0815,1.3615,1.3615,62136.74,51091779.55,4053215.99,268906074.52,276758544.17,545664618.69,25210.97,1.75076194,0.00055185,0.01765918,0.01103699,1.94990422,1.96094120,989755273.85,10.2789
3318,9.0842,1.3613,1.3613,62254.85,51095700.13,4053324.33,268925405.96,276764416.27,545689822.22,25203.54,1.75024572,0.00055176,0.01765645,0.01103528,1.95022379,1.96125907,989778477.39,10.2756
3319,9.0869,1.3611,1.3611,62373.19,51099620.17,4053432.65,268944731.28,276770287.05,545715018.33,25196.11,1.74972966,0.00055168,0.01765373,0.01103358,1.95054340,1.96157697,989801673.49,10.2724
3320,9.0897,1.3609,1.3609,62491.75,51103539.65,4053540.95,268964050.48,276776156.53,545740207.01,25188.68,1.74921377,0.00055159,0.01765100,0.01103188,1.95086304,1.96189492,989824862.17,10.2691
3321,9.0924,1.3607,1.3607,62610.53,51107458.58,4053649.22,268983363.58,276782024.68,545765388.26,25181.25,1.74869803,0.00055151,0.01764828,0.01103017,1.95118272,1.96221290,989848043.42,10.2659
3322,9.0951,1.3605,1.3605,62729.55,51111376.96,4053757.47,269002670.56,276787891.53,545790562.09,25173.83,1.74818246,0.00055142,0.01764555,0.01102847,1.95150244,1.96253091,989871217.25,10.2626
3323,9.0979,1.3604,1.3604,62848.79,51115294.79,4053865.69,269021971.43,276793757.06,545815728.49,25166.41,1.74766705,0.00055134,0.01764283,0.01102677,1.95182220,1.96284897,989894383.66,10.2594
3324,9.1006,1.3602,1.3602,62968.25,51119212.06,4053973.90,269041266.20,276799621.28,545840887.48,25158.99,1.74715180,0.00055125,0.01764011,0.01102507,1.95214199,1.96316706,989917542.64,10.2561
3325,9.1034,1.3600,1.3600,63087.94,51123128.79,4054082.08,269060554.86,276805484.19,545866039.05,25151.57,1.74663671,0.00055117,0.01763739,0.01102337,1.95246182,1.96348519,989940694.21,10.2529
3326,9.1061,1.3598,1.3598,63207.86,51127044.97,4054190.24,269079837.42,276811345.79,545891183.20,25144.15,1.74612178,0.00055108,0.01763466,0.01102167,1.95278169,1.96380335,989963838.36,10.2497
3327,9.1088,1.3596,1.3596,63328.01,51130960.60,4054298.37,269099113.87,276817206.07,545916319.94,25136.74,1.74560702,0.00055100,0.01763194,0.01101996,1.95310159,1.96412156,989986975.11,10.2464
3328,9.1116,1.3594,1.3594,63448.39,51134875.67,4054406.48,269118384.23,276823065.05,545941449.27,25129.33,1.74509241,0.00055091,0.01762922,0.01101826,1.95342153,1.96443980,990010104.44,10.2432
3329,9.1143,1.3592,1.3592,63568.99,51138790.20,4054514.57,269137648.49,276828922.71,545966571.20,25121.92,1.74457797,0.00055083,0.01762650,0.01101656,1.95374151,1.96475807,990033226.36,10.2399
3330,9.1170,1.3590,1.3590,63689.83,51142704.18,4054622.64,269156906.65,276834779.06,545991685.71,25114.52,1.74406369,0.00055074,0.01762378,0.01101486,1.95406153,1.96507639,990056340.88,10.2367
3331,9.1198,1.3588,1.3588,63810.89,51146617.61,4054730.68,269176158.72,276840634.11,546016792.83,25107.11,1.74354957,0.00055066,0.01762106,0.01101317,1.95438158,1.96539474,990079447.99,10.2335
3332,9.1225,1.3586,1.3586,63932.19,51150530.48,4054838.70,269195404.70,276846487.84,546041892.54,25099.71,1.74303562,0.00055057,0.01761835,0.01101147,1.95470167,1.96571313,990102547.70,10.2302
3333,9.1253,1.3584,1.3584,64053.71,51154442.81,4054946.70,269214644.58,276852340.27,546066984.85,25092.31,1.74252182,0.00055049,0.01761563,0.01100977,1.95502180,1.96603156,990125640.02,10.2270
3334,9.1280,1.3583,1.3583,64175.47,51158354.59,4055054.67,269233878.38,276858191.39,546092069.77,25084.92,1.74200819,0.00055040,0.01761291,0.01100807,1.95534196,1.96635003,990148724.94,10.2238
3335,9.1307,1.3581,1.3581,64297.45,51162265.81,4055162.63,269253106.10,276864041.20,546117147.30,25077.52,1.74149471,0.00055032,0.01761019,0.01100637,1.95566216,1.96666853,990171802.46,10.2205
3336,9.1335,1.3579,1.3579,64419.67,51166176.49,4055270.56,269272327.73,276869889.70,546142217.43,25070.13,1.74098140,0.00055023,0.01760748,0.01100467,1.95598240,1.96698707,990194872.59,10.2173
3337,9.1362,1.3577,1.3577,64542.12,51170086.62,4055378.46,269291543.28,276875736.90,546167280.17,25062.74,1.74046825,0.00055015,0.01760476,0.01100298,1.95630268,1.96730565,990217935.33,10.2141
3338,9.1389,1.3575,1.3575,64664.81,51173996.20,4055486.34,269310752.74,276881582.78,546192335.53,25055.36,1.73995526,0.00055006,0.01760205,0.01100128,1.95662299,1.96762427,990240990.69,10.2108
3339,9.1417,1.3573,1.3573,64787.72,51177905.23,4055594.21,269329956.13,276887427.37,546217383.50,25047.97,1.73944243,0.00054998,0.01759933,0.01099958,1.95694334,1.96794292,990264038.66,10.2076
3340,9.1444,1.3571,1.3571,64910.88,51181813.71,4055702.04,269349153.45,276893270.64,546242424.09,25040.59,1.73892977,0.00054989,0.01759662,0.01099788,1.95726373,1.96826161,990287079.25,10.2044
3341,9.1472,1.3569,1.3569,65034.26,51185721.64,4055809.86,269368344.68,276899112.61,546267457.30,25033.21,1.73841726,0.00054981,0.01759390,0.01099619,1.95758415,1.96858034,990310112.46,10.2012
3342,9.1499,1.3567,1.3567,65157.88,51189629.02,4055917.65,269387529.85,276904953.28,546292483.13,25025.83,1.73790491,0.00054972,0.01759119,0.01099449,1.95790461,1.96889910,990333138.29,10.1979
3343,9.1526,1.3565,1.3565,65281.73,51193535.86,4056025.42,269406708.95,276910792.64,546317501.58,25018.46,1.73739273,0.00054964,0.01758848,0.01099280,1.95822511,1.96921791,990356156.74,10.1947
3344,9.1554,1.3563,1.3563,65405.82,51197442.14,4056133.17,269425881.97,276916630.69,546342512.66,25011.08,1.73688070,0.00054956,0.01758576,0.01099110,1.95854565,1.96953675,990379167.83,10.1915
3345,9.1581,1.3562,1.3562,65530.15,51201347.88,4056240.89,269445048.93,276922467.44,546367516.37,25003.71,1.73636884,0.00054947,0.01758305,0.01098941,1.95886622,1.96985563,990402171.54,10.1883
3346,9.1608,1.3560,1.3560,65654.71,51205253.06,4056348.59,269464209.83,276928302.89,546392512.72,24996.34,1.73585714,0.00054939,0.01758034,0.01098771,1.95918683,1.97017454,990425167.88,10.1850
3347,9.1636,1.3558,1.3558,65779.51,51209157.70,4056456.27,269483364.66,276934137.04,546417501.69,24988.98,1.73534559,0.00054930,0.01757763,0.01098602,1.95950748,1.97049350,990448156.86,10.1818
3348,9.1663,1.3556,1.3556,65904.55,51213061.79,4056563.92,269502513.43,276939969.88,546442483.31,24981.61,1.73483421,0.00054922,0.01757492,0.01098432,1.95982816,1.97081249,990471138.47,10.1786
3349,9.1691,1.3554,1.3554,66029.82,51216965.33,4056671.56,269521656.14,276945801.42,546467457.56,24974.25,1.73432299,0.00054913,0.01757221,0.01098263,1.96014889,1.97113152,990494112.72,10.1754
3350,9.1718,1.3552,1.3552,66155.33,51220868.32,4056779.17,269540792.80,276951631.65,546492424.45,24966.89,1.73381193,0.00054905,0.01756950,0.01098094,1.96046965,1.97145058,990517079.61,10.1722
3351,9.1745,1.3550,1.3550,66281.08,51224770.77,4056886.75,269559923.40,276957460.59,546517383.98,24959.53,1.73330103,0.00054896,0.01756679,0.01097924,1.96079044,1.97176969,990540039.15,10.1690
3352,9.1773,1.3548,1.3548,66407.07,51228672.66,4056994.32,269579047.94,276963288.22,546542336.16,24952.18,1.73279029,0.00054888,0.01756408,0.01097755,1.96111128,1.97208883,990562991.33,10.1657
3353,9.1800,1.3546,1.3546,66533.30,51232574.01,4057101.86,269598166.44,276969114.55,546567280.99,24944.83,1.73227971,0.00054879,0.01756138,0.01097586,1.96143215,1.97240801,990585936.16,10.1625
3354,9.1828,1.3544,1.3544,66659.77,51236474.81,4057209.38,269617278.88,276974939.59,546592218.47,24937.48,1.73176929,0.00054871,0.01755867,0.01097417,1.96175306,1.97272722,990608873.63,10.1593
3355,9.1855,1.3543,1.3543,66786.48,51240375.06,4057316.87,269636385.28,276980763.32,546617148.60,24930.13,1.73125903,0.00054862,0.01755596,0.01097248,1.96207400,1.97304648,990631803.76,10.1561
3356,9.1882,1.3541,1.3541,66913.43,51244274.76,4057424.35,269655485.63,276986585.75,546642071.38,24922.78,1.73074893,0.00054854,0.01755326,0.01097078,1.96239499,1.97336577,990654726.55,10.1529
3357,9.1910,1.3539,1.3539,67040.62,51248173.91,4057531.80,269674579.94,276992406.89,546666986.83,24915.44,1.73023899,0.00054845,0.01755055,0.01096909,1.96271601,1.97368510,990677641.99,10.1497
3358,9.1937,1.3537,1.3537,67168.06,51252072.52,4057639.23,269693668.21,276998226.72,546691894.93,24908.10,1.72972921,0.00054837,0.01754785,0.01096740,1.96303706,1.97400447,990700550.09,10.1465
3359,9.1964,1.3535,1.3535,67295.73,51255970.58,4057746.63,269712750.43,277004045.26,546716795.69,24900.76,1.72921959,0.00054829,0.01754514,0.01096571,1.96335816,1.97432387,990723450.85,10.1433
3360,9.1992,1.3533,1.3533,67423.65,51259868.09,4057854.01,269731826.62,277009862.49,546741689.11,24893.43,1.72871013,0.00054820,0.01754244,0.01096402,1.96367929,1.97464331,990746344.28,10.1401
3361,9.2019,1.3531,1.3531,67551.81,51263765.05,4057961.37,269750896.77,277015678.43,546766575.21,24886.09,1.72820083,0.00054812,0.01753973,0.01096233,1.96400046,1.97496279,990769230.37,10.1369
3362,9.2047,1.3529,1.3529,67680.22,51267661.47,4058068.71,269769960.89,277021493.07,546791453.97,24878.76,1.72769169,0.00054803,0.01753703,0.01096064,1.96432167,1.97528231,990792109.13,10.1337
3363,9.2074,1.3527,1.3527,67808.87,51271557.33,4058176.02,269789018.98,277027306.42,546816325.40,24871.43,1.72718271,0.00054795,0.01753433,0.01095895,1.96464291,1.97560187,990814980.56,10.1305
3364,9.2101,1.3525,1.3525,67937.76,51275452.66,4058283.32,269808071.03,277033118.47,546841189.50,24864.10,1.72667389,0.00054786,0.01753163,0.01095727,1.96496419,1.97592146,990837844.66,10.1273
3365,9.2129,1.3524,1.3524,68066.90,51279347.43,4058390.59,269827117.06,277038929.22,546866046.28,24856.78,1.72616523,0.00054778,0.01752892,0.01095558,1.96528551,1.97624109,990860701.44,10.1241
3366,9.2156,1.3522,1.3522,68196.28,51283241.65,4058497.83,269846157.06,277044738.68,546890895.74,24849.46,1.72565673,0.00054769,0.01752622,0.01095389,1.96560687,1.97656076,990883550.90,10.1209
3367,9.2183,1.3520,1.3520,68325.91,51287135.33,4058605.06,269865191.04,277050546.84,546915737.87,24842.14,1.72514838,0.00054761,0.01752352,0.01095220,1.96592826,1.97688046,990906393.04,10.1177
3368,9.2211,1.3518,1.3518,68455.79,51291028.46,4058712.26,269884218.99,277056353.70,546940572.69,24834.82,1.72464020,0.00054753,0.01752082,0.01095051,1.96624969,1.97720021,990929227.86,10.1145
3369,9.2238,1.3516,1.3516,68585.91,51294921.05,4058819.44,269903240.92,277062159.27,546965400.20,24827.50,1.72413218,0.00054744,0.01751812,0.01094883,1.96657116,1.97751999,990952055.36,10.1113
3370,9.2266,1.3514,1.3514,68716.28,51298813.09,4058926.59,269922256.84,277067963.55,546990220.39,24820.19,1.72362431,0.00054736,0.01751542,0.01094714,1.96689267,1.97783981,990974875.55,10.1081
3371,9.2293,1.3512,1.3512,68846.90,51302704.58,4059033.72,269941266.73,277073766.54,547015033.27,24812.88,1.72311661,0.00054727,0.01751273,0.01094545,1.96721421,1.97815966,990997688.43,10.1049
3372,9.2320,1.3510,1.3510,68977.77,51306595.52,4059140.84,269960270.61,277079568.22,547039838.84,24805.57,1.72260907,0.00054719,0.01751003,0.01094377,1.96753579,1.97847956,991020494.00,10.1017
3373,9.2348,1.3508,1.3508,69108.88,51310485.92,4059247.92,269979268.48,277085368.62,547064637.10,24798.26,1.72210168,0.00054710,0.01750733,0.01094208,1.96785741,1.97879949,991043292.26,10.0985
3374,9.2375,1.3506,1.3506,69240.25,51314375.77,4059354.99,269998260.34,277091167.72,547089428.06,24790.96,1.72159445,0.00054702,0.01750463,0.01094040,1.96817906,1.97911946,991066083.22,10.0953
3375,9.2402,1.3505,1.3505,69371.86,51318265.07,4059462.03,270017246.18,277096965.54,547114211.72,24783.66,1.72108738,0.00054694,0.01750194,0.01093871,1.96850076,1.97943947,991088866.88,10.0922
3376,9.2430,1.3503,1.3503,69503.73,51322153.83,4059569.05,270036226.02,277102762.06,547138988.08,24776.36,1.72058048,0.00054685,0.01749924,0.01093703,1.96882249,1.97975951,991111643.24,10.0890
3377,9.2457,1.3501,1.3501,69635.84,51326042.04,4059676.05,270055199.86,277108557.28,547163757.14,24769.06,1.72007373,0.00054677,0.01749655,0.01093534,1.96914425,1.98007960,991134412.30,10.0858
3378,9.2485,1.3499,1.3499,69768.21,51329929.70,4059783.02,270074167.69,277114351.22,547188518.91,24761.77,1.71956714,0.00054668,0.01749385,0.01093366,1.96946606,1.98039972,991157174.07,10.0826
3379,9.2512,1.3497,1.3497,69900.83,51333816.82,4059889.98,270093129.51,277120143.87,547213273.38,24754.47,1.71906070,0.00054660,0.01749116,0.01093197,1.96978790,1.98071988,991179928.54,10.0794
3380,9.2539,1.3495,1.3495,70033.70,51337703.39,4059996.91,270112085.34,277125935.22,547238020.56,24747.18,1.71855443,0.00054651,0.01748846,0.01093029,1.97010978,1.98104007,991202675.73,10.0762
3381,9.2567,1.3493,1.3493,70166.82,51341589.42,4060103.81,270131035.17,277131725.29,547262760.46,24739.90,1.71804832,0.00054643,0.01748577,0.01092861,1.97043170,1.98136031,991225415.62,10.0731
3382,9.2594,1.3491,1.3491,70300.20,51345474.90,4060210.70,270149979.01,277137514.06,547287493.07,24732.61,1.71754236,0.00054635,0.01748308,0.01092692,1.97075365,1.98168058,991248148.23,10.0699
3383,9.2621,1.3489,1.3489,70433.83,51349359.83,4060317.56,270168916.85,277143301.55,547312218.40,24725.33,1.71703656,0.00054626,0.01748039,0.01092524,1.97107565,1.98200089,991270873.56,10.0667
3384,9.2649,1.3487,1.3487,70567.71,51353244.22,4060424.40,270187848.69,277149087.75,547336936.44,24718.05,1.71653093,0.00054618,0.01747769,0.01092356,1.97139768,1.98232123,991293591.61,10.0635
3385,9.2676,1.3486,1.3486,70701.85,51357128.06,4060531.22,270206774.55,277154872.66,547361647.21,24710.77,1.71602545,0.00054609,0.01747500,0.01092188,1.97171974,1.98264162,991316302.37,10.0604
3386,9.2704,1.3484,1.3484,70836.24,51361011.36,4060638.01,270225694.42,277160656.28,547386350.70,24703.49,1.71552013,0.00054601,0.01747231,0.01092019,1.97204185,1.98296204,991339005.86,10.0572
3387,9.2731,1.3482,1.3482,70970.89,51364894.11,4060744.79,270244608.30,277166438.61,547411046.91,24696.22,1.71501496,0.00054593,0.01746962,0.01091851,1.97236399,1.98328250,991361702.08,10.0540
3388,9.2758,1.3480,1.3480,71105.79,51368776.31,4060851.53,270263516.20,277172219.66,547435735.86,24688.94,1.71450996,0.00054584,0.01746693,0.01091683,1.97268617,1.98360300,991384391.02,10.0508
3389,9.2786,1.3478,1.3478,71240.95,51372657.97,4060958.26,270282418.11,277177999.42,547460417.53,24681.67,1.71400511,0.00054576,0.01746424,0.01091515,1.97300839,1.98392354,991407072.69,10.0477
3390,9.2813,1.3476,1.3476,71376.37,51376539.09,4061064.97,270301314.05,277183777.89,547485091.94,24674.41,1.71350043,0.00054567,0.01746155,0.01091347,1.97333064,1.98424411,991429747.10,10.0445
3391,9.2841,1.3474,1.3474,71512.04,51380419.66,4061171.65,270320204.00,277189555.08,547509759.08,24667.14,1.71299590,0.00054559,0.01745887,0.01091179,1.97365293,1.98456472,991452414.24,10.0413
3392,9.2868,1.3472,1.3472,71647.98,51384299.68,4061278.31,270339087.98,277195330.98,547534418.96,24659.88,1.71249152,0.00054551,0.01745618,0.01091011,1.97397526,1.98488537,991475074.12,10.0382
3393,9.2895,1.3470,1.3470,71784.17,51388179.16,4061384.95,270357965.98,277201105.59,547559071.57,24652.62,1.71198731,0.00054542,0.01745349,0.01090843,1.97429763,1.98520606,991497726.74,10.0350
3394,9.2923,1.3469,1.3469,71920.62,51392058.09,4061491.56,270376838.01,277206878.92,547583716.93,24645.36,1.71148326,0.00054534,0.01745080,0.01090675,1.97462003,1.98552679,991520372.09,10.0318
3395,9.2950,1.3467,1.3467,72057.33,51395936.48,4061598.15,270395704.07,277212650.97,547608355.04,24638.10,1.71097936,0.00054525,0.01744812,0.01090507,1.97494247,1.98584755,991543010.20,10.0287
3396,9.2977,1.3465,1.3465,72194.30,51399814.32,4061704.72,270414564.15,277218421.73,547632985.88,24630.85,1.71047562,0.00054517,0.01744543,0.01090340,1.97526495,1.98616835,991565641.05,10.0255
3397,9.3005,1.3463,1.3463,72331.53,51403691.62,4061811.27,270433418.27,277224191.21,547657609.48,24623.60,1.70997204,0.00054509,0.01744275,0.01090172,1.97558747,1.98648919,991588264.64,10.0223
3398,9.3032,1.3461,1.3461,72469.02,51407568.37,4061917.79,270452266.43,277229959.40,547682225.83,24616.35,1.70946862,0.00054500,0.01744006,0.01090004,1.97591003,1.98681006,991610880.99,10.0192
3399,9.3060,1.3459,1.3459,72606.77,51411444.58,4062024.30,270471108.62,277235726.32,547706834.93,24609.10,1.70896535,0.00054492,0.01743738,0.01089836,1.97623262,1.98713098,991633490.09,10.0160
3400,9.3087,1.3457,1.3457,72744.78,51415320.24,4062130.78,270489944.84,277241491.94,547731436.79,24601.86,1.70846225,0.00054483,0.01743470,0.01089668,1.97655525,1.98745193,991656091.95,10.0129
3401,9.3114,1.3455,1.3455,72883.06,51419195.36,4062237.23,270508775.11,277247256.29,547756031.40,24594.61,1.70795930,0.00054475,0.01743201,0.01089501,1.97687791,1.98777292,991678686.56,10.0097
3402,9.3142,1.3453,1.3453,73021.60,51423069.94,4062343.67,270527599.42,277253019.36,547780618.77,24587.37,1.70745650,0.00054467,0.01742933,0.01089333,1.97720062,1.98809395,991701273.94,10.0065
3403,9.3169,1.3451,1.3451,73160.40,51426943.97,4062450.08,270546417.77,277258781.14,547805198.91,24580.14,1.70695387,0.00054458,0.01742665,0.01089166,1.97752336,1.98841502,991723854.07,10.0034
3404,9.3196,1.3450,1.3450,73299.47,51430817.45,4062556.47,270565230.17,277264541.64,547829771.81,24572.90,1.70645139,0.00054450,0.01742397,0.01088998,1.97784614,1.98873612,991746426.97,10.0002
3405,9.3224,1.3448,1.3448,73438.80,51434690.40,4062662.84,270584036.62,277270300.86,547854337.48,24565.67,1.70594907,0.00054442,0.01742129,0.01088830,1.97816896,1.98905726,991768992.64,9.9971
3406,9.3251,1.3446,1.3446,73578.39,51438562.79,4062769.18,270602837.11,277276058.80,547878895.91,24558.44,1.70544691,0.00054433,0.01741861,0.01088663,1.97849181,1.98937844,991791551.08,9.9939
3407,9.3279,1.3444,1.3444,73718.25,51442434.65,4062875.51,270621631.66,277281815.46,547903447.12,24551.21,1.70494491,0.00054425,0.01741593,0.01088495,1.97881471,1.98969966,991814102.28,9.9908
3408,9.3306,1.3442,1.3442,73858.38,51446305.95,4062981.81,270640420.25,277287570.84,547927991.10,24543.98,1.70444306,0.00054416,0.01741325,0.01088328,1.97913764,1.99002092,991836646.26,9.9876
3409,9.3333,1.3440,1.3440,73998.77,51450176.72,4063088.09,270659202.91,277293324.95,547952527.85,24536.76,1.70394137,0.00054408,0.01741057,0.01088160,1.97946060,1.99034221,991859183.02,9.9845
3410,9.3361,1.3438,1.3438,74139.43,51454046.94,4063194.34,270677979.62,277299077.77,547977057.39,24529.53,1.70343984,0.00054400,0.01740789,0.01087993,1.97978361,1.99066354,991881712.55,9.9813
3411,9.3388,1.3436,1.3436,74280.36,51457916.62,4063300.58,270696750.39,277304829.31,548001579.70,24522.31,1.70293846,0.00054391,0.01740521,0.01087826,1.98010665,1.99098491,991904234.87,9.9782
3412,9.3415,1.3434,1.3434,74421.55,51461785.75,4063406.79,270715515.22,277310579.58,548026094.80,24515.10,1.70243725,0.00054383,0.01740253,0.01087658,1.98042973,1.99130632,991926749.96,9.9750
3413,9.3443,1.3433,1.3433,74563.02,51465654.34,4063512.98,270734274.11,277316328.57,548050602.68,24507.88,1.70193618,0.00054375,0.01739986,0.01087491,1.98075285,1.99162776,991949257.84,9.9719
3414,9.3470,1.3431,1.3431,74704.75,51469522.39,4063619.14,270753027.07,277322076.28,548075103.35,24500.67,1.70143528,0.00054366,0.01739718,0.01087324,1.98107601,1.99194925,991971758.51,9.9688
3415,9.3498,1.3429,1.3429,74846.75,51473389.89,4063725.29,270771774.09,277327822.72,548099596.81,24493.46,1.70093453,0.00054358,0.01739450,0.01087157,1.98139920,1.99227077,991994251.97,9.9656
3416,9.3525,1.3427,1.3427,74989.02,51477256.85,4063831.41,270790515.18,277333567.88,548124083.05,24486.25,1.70043394,0.00054349,0.01739183,0.01086989,1.98172243,1.99259233,992016738.22,9.9625
3417,9.3552,1.3425,1.3425,75131.56,51481123.26,4063937.51,270809250.34,277339311.76,548148562.10,24479.04,1.69993351,0.00054341,0.01738915,0.01086822,1.98204570,1.99291392,992039217.26,9.9593
3418,9.3580,1.3423,1.3423,75274.38,51484989.14,4064043.58,270827979.57,277345054.36,548173033.93,24471.84,1.69943323,0.00054333,0.01738648,0.01086655,1.98236901,1.99323556,992061689.10,9.9562
3419,9.3607,1.3421,1.3421,75417.46,51488854.47,4064149.64,270846702.88,277350795.69,548197498.57,24464.64,1.69893311,0.00054324,0.01738381,0.01086488,1.98269235,1.99355723,992084153.73,9.9531
3420,9.3634,1.3419,1.3419,75560.82,51492719.25,4064255.67,270865420.26,277356535.75,548221956.01,24457.44,1.69843315,0.00054316,0.01738113,0.01086321,1.98301573,1.99387894,992106611.17,9.9499
3421,9.3662,1.3418,1.3418,75704.45,51496583.49,4064361.68,270884131.72,277362274.53,548246406.25,24450.24,1.69793335,0.00054308,0.01737846,0.01086154,1.98333915,1.99420069,992129061.41,9.9468
3422,9.3689,1.3416,1.3416,75848.35,51500447.19,4064467.67,270902837.26,277368012.04,548270849.29,24443.05,1.69743370,0.00054299,0.01737579,0.01085987,1.98366261,1.99452248,992151504.46,9.9436
3423,9.3717,1.3414,1.3414,75992.52,51504310.35,4064573.63,270921536.87,277373748.27,548295285.15,24435.85,1.69693420,0.00054291,0.01737312,0.01085820,1.98398611,1.99484430,992173940.31,9.9405
3424,9.3744,1.3412,1.3412,76136.97,51508172.97,4064679.58,270940230.58,277379483.23,548319713.81,24428.66,1.69643487,0.00054283,0.01737044,0.01085653,1.98430964,1.99516617,992196368.97,9.9374
3425,9.3771,1.3410,1.3410,76281.70,51512035.04,4064785.50,270958918.36,277385216.92,548344135.28,24421.47,1.69593569,0.00054274,0.01736777,0.01085486,1.98463321,1.99548807,992218790.45,9.9343
3426,9.3799,1.3408,1.3408,76426.70,51515896.57,4064891.40,270977600.24,277390949.33,548368549.57,24414.29,1.69543666,0.00054266,0.01736510,0.01085319,1.98495682,1.99581001,992241204.73,9.9311
3427,9.3826,1.3406,1.3406,76571.97,51519757.55,4064997.27,270996276.20,277396680.47,548392956.68,24407.10,1.69493780,0.00054258,0.01736243,0.01085152,1.98528046,1.99613198,992263611.84,9.9280
3428,9.3854,1.3404,1.3404,76717.52,51523618.00,4065103.13,271014946.25,277402410.34,548417356.60,24399.92,1.69443909,0.00054249,0.01735976,0.01084985,1.98560415,1.99645400,992286011.76,9.9249
3429,9.3881,1.3402,1.3402,76863.35,51527477.90,4065208.96,271033610.40,277408138.94,548441749.34,24392.74,1.69394053,0.00054241,0.01735710,0.01084818,1.98592787,1.99677605,992308404.50,9.9217
3430,9.3908,1.3401,1.3401,77009.45,51531337.26,4065314.77,271052268.64,277413866.27,548466134.91,24385.57,1.69344213,0.00054233,0.01735443,0.01084652,1.98625163,1.99709814,992330790.07,9.9186
3431,9.3936,1.3399,1.3399,77155.84,51535196.07,4065420.56,271070920.98,277419592.33,548490513.30,24378.39,1.69294389,0.00054224,0.01735176,0.01084485,1.98657542,1.99742027,992353168.46,9.9155
3432,9.3963,1.3397,1.3397,77302.50,51539054.35,4065526.32,271089567.41,277425317.11,548514884.52,24371.22,1.69244581,0.00054216,0.01734909,0.01084318,1.98689926,1.99774244,992375539.68,9.9124
3433,9.3990,1.3395,1.3395,77449.44,51542912.08,4065632.06,271108207.94,277431040.63,548539248.57,24364.05,1.69194788,0.00054208,0.01734643,0.01084152,1.98722313,1.99806465,992397903.73,9.9092
3434,9.4018,1.3393,1.3393,77596.66,51546769.27,4065737.78,271126842.58,277436762.87,548563605.45,24356.88,1.69145010,0.00054199,0.01734376,0.01083985,1.98754704,1.99838689,992420260.61,9.9061
3435,9.4045,1.3391,1.3391,77744.15,51550625.92,4065843.48,271145471.32,277442483.85,548587955.17,24349.72,1.69095248,0.00054191,0.01734109,0.01083818,1.98787099,1.99870917,992442610.33,9.9030
3436,9.4073,1.3389,1.3389,77891.93,51554482.02,4065949.16,271164094.16,277448203.56,548612297.72,24342.55,1.69045502,0.00054183,0.01733843,0.01083652,1.98819497,1.99903149,992464952.88,9.8999
3437,9.4100,1.3387,1.3387,78039.99,51558337.59,4066054.81,271182711.11,277453922.00,548636633.11,24335.39,1.68995772,0.00054174,0.01733576,0.01083485,1.98851900,1.99935385,992487288.27,9.8968
3438,9.4127,1.3385,1.3385,78188.33,51562192.61,4066160.45,271201322.18,277459639.17,548660961.34,24328.23,1.68946057,0.00054166,0.01733310,0.01083319,1.98884306,1.99967624,992509616.51,9.8937
3439,9.4155,1.3384,1.3384,78336.96,51566047.09,4066266.05,271219927.35,277465355.07,548685282.42,24321.08,1.68896357,0.00054158,0.01733044,0.01083152,1.98916716,1.99999868,992531937.58,9.8905
3440,9.4182,1.3382,1.3382,78485.86,51569901.03,4066371.64,271238526.63,277471069.71,548709596.34,24313.92,1.68846673,0.00054149,0.01732777,0.01082986,1.98949129,2.00032115,992554251.50,9.8874
3441,9.4209,1.3380,1.3380,78635.05,51573754.42,4066477.21,271257120.03,277476783.08,548733903.11,24306.77,1.68797005,0.00054141,0.01732511,0.01082819,1.98981547,2.00064366,992576558.27,9.8843
3442,9.4237,1.3378,1.3378,78784.52,51577607.28,4066582.75,271275707.55,277482495.18,548758202.73,24299.62,1.68747352,0.00054133,0.01732245,0.01082653,1.99013968,2.00096621,992598857.89,9.8812
3443,9.4264,1.3376,1.3376,78934.28,51581459.60,4066688.27,271294289.18,277488206.01,548782495.20,24292.47,1.68697715,0.00054124,0.01731979,0.01082487,1.99046393,2.00128880,992621150.36,9.8781
3444,9.4292,1.3374,1.3374,79084.32,51585311.37,4066793.77,271312864.94,277493915.58,548806780.52,24285.33,1.68648093,0.00054116,0.01731713,0.01082320,1.99078822,2.00161142,992643435.69,9.8750
3445,9.4319,1.3372,1.3372,79234.65,51589162.60,4066899.25,271331434.82,277499623.89,548831058.70,24278.18,1.68598487,0.00054108,0.01731446,0.01082154,1.99111254,2.00193408,992665713.87,9.8719
3446,9.4346,1.3370,1.3370,79385.26,51593013.29,4067004.70,271349998.82,277505330.93,548855329.75,24271.04,1.68548897,0.00054099,0.01731180,0.01081988,1.99143691,2.00225678,992687984.91,9.8688
3447,9.4374,1.3369,1.3369,79536.16,51596863.44,4067110.13,271368556.95,277511036.70,548879593.65,24263.90,1.68499322,0.00054091,0.01730914,0.01081822,1.99176131,2.00257952,992710248.81,9.8657
3448,9.4401,1.3367,1.3367,79687.34,51600713.05,4067215.54,271387109.20,277516741.21,548903850.41,24256.77,1.68449762,0.00054083,0.01730649,0.01081655,1.99208575,2.00290230,992732505.58,9.8626
3449,9.4428,1.3365,1.3365,79838.82,51604562.12,4067320.93,271405655.59,277522444.46,548928100.05,24249.63,1.68400218,0.00054074,0.01730383,0.01081489,1.99241022,2.00322512,992754755.21,9.8594
3450,9.4456,1.3363,1.3363,79990.58,51608410.64,4067426.30,271424196.10,277528146.44,548952342.54,24242.50,1.68350690,0.00054066,0.01730117,0.01081323,1.99273474,2.00354797,992776997.71,9.8563
3451,9.4483,1.3361,1.3361,80142.63,51612258.63,4067531.64,271442730.75,277533847.16,548976577.91,24235.37,1.68301177,0.00054058,0.01729851,0.01081157,1.99305929,2.00387086,992799233.08,9.8532
3452,9.4511,1.3359,1.3359,80294.97,51616106.08,4067636.96,271461259.54,277539546.62,549000806.16,24228.24,1.68251679,0.00054050,0.01729585,0.01080991,1.99338388,2.00419379,992821461.32,9.8501
3453,9.4538,1.3357,1.3357,80447.59,51619952.98,4067742.26,271479782.46,277545244.81,549025027.27,24221.12,1.68202197,0.00054041,0.01729320,0.01080825,1.99370851,2.00451676,992843682.44,9.8470
3454,9.4565,1.3355,1.3355,80600.51,51623799.34,4067847.54,271498299.52,277550941.74,549049241.27,24213.99,1.68152731,0.00054033,0.01729054,0.01080659,1.99403318,2.00483977,992865896.43,9.8439
3455,9.4593,1.3354,1.3354,80753.72,51627645.17,4067952.79,271516810.73,277556637.41,549073448.14,24206.87,1.68103280,0.00054025,0.01728789,0.01080493,1.99435788,2.00516281,992888103.30,9.8408
3456,9.4620,1.3352,1.3352,80907.22,51631490.45,4068058.03,271535316.07,277562331.82,549097647.89,24199.75,1.68053844,0.00054016,0.01728523,0.01080327,1.99468262,2.00548589,992910303.05,9.8378
3457,9.4648,1.3350,1.3350,81061.01,51635335.19,4068163.24,271553815.56,277568024.97,549121840.53,24192.64,1.68004424,0.00054008,0.01728258,0.01080161,1.99500740,2.00580901,992932495.69,9.8347
3458,9.4675,1.3348,1.3348,81215.09,51639179.40,4068268.43,271572309.20,277573716.86,549146026.05,24185.52,1.67955020,0.00054000,0.01727992,0.01079995,1.99533222,2.00613217,992954681.21,9.8316
3459,9.4702,1.3346,1.3346,81369.47,51643023.06,4068373.59,271590796.98,277579407.48,549170204.46,24178.41,1.67905631,0.00053991,0.01727727,0.01079829,1.99565708,2.00645537,992976859.63,9.8285
3460,9.4730,1.3344,1.3344,81524.14,51646866.18,4068478.74,271609278.91,277585096.85,549194375.76,24171.30,1.67856257,0.00053983,0.01727462,0.01079663,1.99598197,2.00677861,992999030.93,9.8254
3461,9.4757,1.3342,1.3342,81679.11,51650708.76,4068583.86,271627755.00,277590784.96,549218539.96,24164.19,1.67806899,0.00053975,0.01727196,0.01079498,1.99630690,2.00710188,993021195.12,9.8223
3462,9.4784,1.3340,1.3340,81834.36,51654550.81,4068688.96,271646225.24,277596471.81,549242697.05,24157.09,1.67757557,0.00053967,0.01726931,0.01079332,1.99663187,2.00742519,993043352.21,9.8192
3463,9.4812,1.3339,1.3339,81989.92,51658392.31,4068794.04,271664689.63,277602157.40,549266847.03,24149.99,1.67708229,0.00053958,0.01726666,0.01079166,1.99695688,2.00774854,993065502.19,9.8161
3464,9.4839,1.3337,1.3337,82145.77,51662233.27,4068899.10,271683148.19,277607841.73,549290989.91,24142.88,1.67658918,0.00053950,0.01726401,0.01079001,1.99728192,2.00807193,993087645.08,9.8130
3465,9.4867,1.3335,1.3335,82301.91,51666073.69,4069004.13,271701600.90,277613524.80,549315125.70,24135.79,1.67609621,0.00053942,0.01726136,0.01078835,1.99760701,2.00839536,993109780.86,9.8099
3466,9.4894,1.3333,1.3333,82458.36,51669913.58,4069109.14,271720047.77,277619206.62,549339254.39,24128.69,1.67560341,0.00053933,0.01725871,0.01078669,1.99793213,2.00871882,993131909.55,9.8068
3467,9.4921,1.3331,1.3331,82615.10,51673752.92,4069214.13,271738488.81,277624887.18,549363375.98,24121.59,1.67511075,0.00053925,0.01725606,0.01078504,1.99825729,2.00904233,993154031.15,9.8038
3468,9.4949,1.3329,1.3329,82772.13,51677591.72,4069319.10,271756924.01,277630566.48,549387490.49,24114.50,1.67461825,0.00053917,0.01725341,0.01078338,1.99858249,2.00936587,993176145.65,9.8007
3469,9.4976,1.3327,1.3327,82929.47,51681429.99,4069424.05,271775353.38,277636244.52,549411597.90,24107.41,1.67412590,0.00053909,0.01725076,0.01078173,1.99890772,2.00968945,993198253.06,9.7976
3470,9.5003,1.3325,1.3325,83087.11,51685267.71,4069528.97,271793776.91,277641921.31,549435698.23,24100.33,1.67363371,0.00053900,0.01724811,0.01078007,1.99923299,2.01001307,993220353.39,9.7945
3471,9.5031,1.3324,1.3324,83245.04,51689104.90,4069633.88,271812194.62,277647596.85,549459791.47,24093.24,1.67314168,0.00053892,0.01724547,0.01077842,1.99955831,2.01033672,993242446.63,9.7914
3472,9.5058,1.3322,1.3322,83403.28,51692941.55,4069738.76,271830606.50,277653271.12,549483877.62,24086.16,1.67264979,0.00053884,0.01724282,0.01077676,1.99988365,2.01066042,993264532.78,9.7884
3473,9.5086,1.3320,1.3320,83561.81,51696777.66,4069843.62,271849012.55,277658944.15,549507956.70,24079.08,1.67215806,0.00053876,0.01724017,0.01077511,2.00020904,2.01098415,993286611.86,9.7853
3474,9.5113,1.3318,1.3318,83720.65,51700613.22,4069948.45,271867412.78,277664615.92,549532028.70,24072.00,1.67166649,0.00053867,0.01723753,0.01077345,2.00053447,2.01130792,993308683.86,9.7822
3475,9.5140,1.3316,1.3316,83879.79,51704448.25,4070053.27,271885807.19,277670286.43,549556093.62,24064.92,1.67117506,0.00053859,0.01723488,0.01077180,2.00085993,2.01163173,993330748.78,9.7791
3476,9.5168,1.3314,1.3314,84039.23,51708282.74,4070158.06,271904195.77,277675955.69,549580151.46,24057.85,1.67068380,0.00053851,0.01723224,0.01077015,2.00118543,2.01195558,993352806.63,9.7761
3477,9.5195,1.3312,1.3312,84198.98,51712116.70,4070262.83,271922578.54,277681623.70,549604202.24,24050.77,1.67019268,0.00053842,0.01722959,0.01076849,2.00151097,2.01227947,993374857.40,9.7730
3478,9.5222,1.3310,1.3310,84359.02,51715950.11,4070367.58,271940955.49,277687290.45,549628245.94,24043.70,1.66970172,0.00053834,0.01722695,0.01076684,2.00183655,2.01260339,993396901.11,9.7699
3479,9.5250,1.3309,1.3309,84519.38,51719782.98,4070472.31,271959326.63,277692955.95,549652282.58,24036.64,1.66921092,0.00053826,0.01722430,0.01076519,2.00216216,2.01292735,993418937.74,9.7668
3480,9.5277,1.3307,1.3307,84680.03,51723615.32,4070577.01,271977691.95,277698620.20,549676312.15,24029.57,1.66872026,0.00053818,0.01722166,0.01076354,2.00248782,2.01325135,993440967.31,9.7638
3481,9.5305,1.3305,1.3305,84841.00,51727447.12,4070681.69,271996051.46,277704283.20,549700334.66,24022.51,1.66822976,0.00053809,0.01721902,0.01076189,2.00281351,2.01357539,993462989.82,9.7607
3482,9.5332,1.3303,1.3303,85002.27,51731278.38,4070786.35,272014405.17,277709944.94,549724350.11,24015.45,1.66773942,0.00053801,0.01721638,0.01076024,2.00313924,2.01389947,993485005.27,9.7576
3483,9.5359,1.3301,1.3301,85163.84,51735109.10,4070890.99,272032753.06,277715605.43,549748358.50,24008.39,1.66724922,0.00053793,0.01721373,0.01075858,2.00346500,2.01422359,993507013.66,9.7546
3484,9.5387,1.3299,1.3299,85325.72,51738939.28,4070995.61,272051095.15,277721264.68,549772359.83,24001.33,1.66675919,0.00053785,0.01721109,0.01075693,2.00379081,2.01454774,993529014.99,9.7515
3485,9.5414,1.3297,1.3297,85487.92,51742768.92,4071100.20,272069431.44,277726922.67,549796354.11,23994.28,1.66626930,0.00053776,0.01720845,0.01075528,2.00411665,2.01487194,993551009.27,9.7484
3486,9.5441,1.3296,1.3296,85650.41,51746598.03,4071204.78,272087761.92,277732579.41,549820341.33,23987.23,1.66577957,0.00053768,0.01720581,0.01075363,2.00444254,2.01519617,993572996.50,9.7454
3487,9.5469,1.3294,1.3294,85813.22,51750426.60,4071309.33,272106086.60,277738234.90,549844321.51,23980.18,1.66528999,0.00053760,0.01720317,0.01075198,2.00476846,2.01552044,993594976.67,9.7423
3488,9.5496,1.3292,1.3292,85976.34,51754254.63,4071413.86,272124405.49,277743889.15,549868294.64,23973.13,1.66480056,0.00053752,0.01720053,0.01075033,2.00509441,2.01584475,993616949.80,9.7392
3489,9.5524,1.3290,1.3290,86139.77,51758082.12,4071518.37,272142718.58,277749542.14,549892260.72,23966.08,1.66431129,0.00053743,0.01719790,0.01074869,2.00542041,2.01616909,993638915.88,9.7362
3490,9.5551,1.3288,1.3288,86303.50,51761909.07,4071622.85,272161025.87,277755193.89,549916219.76,23959.04,1.66382217,0.00053735,0.01719526,0.01074704,2.00574644,2.01649348,993660874.92,9.7331
3491,9.5578,1.3286,1.3286,86467.55,51765735.49,4071727.32,272179327.37,277760844.38,549940171.76,23952.00,1.66333321,0.00053727,0.01719262,0.01074539,2.00607251,2.01681790,993682826.92,9.7301
3492,9.5606,1.3284,1.3284,86631.91,51769561.37,4071831.76,272197623.08,277766493.63,549964116.72,23944.96,1.66284439,0.00053719,0.01718998,0.01074374,2.00639863,2.01714237,993704771.88,9.7270
3493,9.5633,1.3282,1.3282,86796.59,51773386.71,4071936.18,272215913.00,277772141.63,549988054.64,23937.92,1.66235573,0.00053710,0.01718735,0.01074209,2.00672477,2.01746687,993726709.80,9.7239
3494,9.5661,1.3281,1.3281,86961.57,51777211.52,4072040.58,272234197.14,277777788.39,550011985.53,23930.89,1.66186722,0.00053702,0.01718471,0.01074044,2.00705096,2.01779140,993748640.69,9.7209
3495,9.5688,1.3279,1.3279,87126.87,51781035.78,4072144.95,272252475.49,277783433.90,550035909.38,23923.86,1.66137887,0.00053694,0.01718208,0.01073880,2.00737718,2.01811598,993770564.54,9.7178
3496,9.5715,1.3277,1.3277,87292.49,51784859.51,4072249.31,272270748.05,277789078.16,550059826.21,23916.83,1.66089067,0.00053686,0.01717944,0.01073715,2.00770345,2.01844060,993792481.37,9.7148
3497,9.5743,1.3275,1.3275,87458.42,51788682.70,4072353.64,272289014.83,277794721.17,550083736.01,23909.80,1.66040262,0.00053678,0.01717681,0.01073550,2.00802975,2.01876525,993814391.17,9.7117
3498,9.5770,1.3273,1.3273,87624.66,51792505.36,4072457.95,272307275.84,277800362.94,550107638.78,23902.77,1.65991472,0.00053669,0.01717417,0.01073386,2.00835609,2.01908995,993836293.94,9.7087
3499,9.5797,1.3271,1.3271,87791.22,51796327.47,4072562.24,272325531.06,277806003.47,550131534.53,23895.75,1.65942698,0.00053661,0.01717154,0.01073221,2.00868246,2.01941468,993858189.69,9.7056
3500,9.5825,1.3269,1.3269,87958.10,51800149.05,4072666.51,272343780.51,277811642.74,550155423.25,23888.73,1.65893939,0.00053653,0.01716891,0.01073057,2.00900888,2.01973945,993880078.42,9.7026
3501,9.5852,1.3268,1.3268,88125.29,51803970.10,4072770.75,272362024.18,277817280.78,550179304.96,23881.71,1.65845195,0.00053645,0.01716627,0.01072892,2.00933533,2.02006425,993901960.12,9.6995
3502,9.5880,1.3266,1.3266,88292.80,51807790.60,4072874.97,272380262.08,277822917.57,550203179.65,23874.69,1.65796467,0.00053636,0.01716364,0.01072728,2.00966183,2.02038910,993923834.82,9.6965
3503,9.5907,1.3264,1.3264,88460.63,51811610.57,4072979.18,272398494.21,277828553.11,550227047.33,23867.68,1.65747753,0.00053628,0.01716101,0.01072563,2.00998835,2.02071399,993945702.49,9.6934
3504,9.5934,1.3262,1.3262,88628.78,51815430.00,4073083.36,272416720.58,277834187.42,550250907.99,23860.66,1.65699055,0.00053620,0.01715838,0.01072399,2.01031492,2.02103891,993967563.16,9.6904
3505,9.5962,1.3260,1.3260,88797.25,51819248.90,4073187.51,272434941.17,277839820.48,550274761.65,23853.65,1.65650372,0.00053612,0.01715575,0.01072234,2.01064153,2.02136387,993989416.81,9.6874
3506,9.5989,1.3258,1.3258,88966.04,51823067.26,4073291.65,272453156.00,277845452.29,550298608.29,23846.65,1.65601705,0.00053603,0.01715312,0.01072070,2.01096817,2.02168887,994011263.45,9.6843
3507,9.6016,1.3256,1.3256,89135.15,51826885.08,4073395.77,272471365.06,277851082.87,550322447.93,23839.64,1.65553052,0.00053595,0.01715049,0.01071906,2.01129486,2.02201391,994033103.09,9.6813
3508,9.6044,1.3254,1.3254,89304.58,51830702.37,4073499.86,272489568.37,277856712.20,550346280.57,23832.64,1.65504415,0.00053587,0.01714786,0.01071741,2.01162158,2.02233899,994054935.73,9.6782
3509,9.6071,1.3253,1.3253,89474.33,51834519.12,4073603.93,272507765.91,277862340.29,550370106.20,23825.63,1.65455793,0.00053579,0.01714523,0.01071577,2.01194834,2.02266411,994076761.36,9.6752
3510,9.6099,1.3251,1.3251,89644.41,51838335.33,4073707.98,272525957.69,277867967.14,550393924.84,23818.63,1.65407187,0.00053571,0.01714260,0.01071413,2.01227513,2.02298926,994098580.00,9.6722
3511,9.6126,1.3249,1.3249,89814.81,51842151.01,4073812.01,272544143.72,277873592.75,550417736.47,23811.64,1.65358595,0.00053562,0.01713998,0.01071249,2.01260197,2.02331445,994120391.64,9.6691
3512,9.6153,1.3247,1.3247,89985.53,51845966.15,4073916.01,272562324.00,277879217.12,550441541.12,23804.64,1.65310019,0.00053554,0.01713735,0.01071084,2.01292884,2.02363969,994142196.28,9.6661
3513,9.6181,1.3245,1.3245,90156.58,51849780.75,4074020.00,272580498.52,277884840.25,550465338.77,23797.65,1.65261458,0.00053546,0.01713472,0.01070920,2.01325575,2.02396496,994163993.93,9.6631
3514,9.6208,1.3243,1.3243,90327.95,51853594.82,4074123.96,272598667.29,277890462.14,550489129.43,23790.66,1.65212912,0.00053538,0.01713210,0.01070756,2.01358271,2.02429027,994185784.59,9.6600
3515,9.6235,1.3241,1.3241,90499.65,51857408.35,4074227.90,272616830.31,277896082.78,550512913.10,23783.67,1.65164381,0.00053530,0.01712947,0.01070592,2.01390969,2.02461561,994207568.26,9.6570
3516,9.6263,1.3240,1.3240,90671.68,51861221.35,4074331.82,272634987.59,277901702.19,550536689.78,23776.68,1.65115865,0.00053521,0.01712685,0.01070428,2.01423672,2.02494100,994229344.94,9.6540
3517,9.6290,1.3238,1.3238,90844.03,51865033.81,4074435.71,272653139.12,277907320.37,550560459.48,23769.70,1.65067365,0.00053513,0.01712422,0.01070264,2.01456379,2.02526642,994251114.65,9.6509
3518,9.6318,1.3236,1.3236,91016.71,51868845.74,4074539.59,272671284.90,277912937.30,550584222.20,23762.72,1.65018880,0.00053505,0.01712160,0.01070100,2.01489089,2.02559189,994272877.36,9.6479
3519,9.6345,1.3234,1.3234,91189.72,51872657.13,4074643.44,272689424.95,277918552.99,550607977.94,23755.74,1.64970410,0.00053497,0.01711897,0.01069936,2.01521803,2.02591739,994294633.10,9.6449
3520,9.6372,1.3232,1.3232,91363.06,51876467.98,4074747.27,272707559.25,277924167.45,550631726.70,23748.76,1.64921955,0.00053489,0.01711635,0.01069772,2.01554521,2.02624293,994316381.86,9.6418
3521,9.6400,1.3230,1.3230,91536.72,51880278.30,4074851.08,272725687.82,277929780.67,550655468.49,23741.79,1.64873515,0.00053480,0.01711373,0.01069608,2.01587243,2.02656851,994338123.65,9.6388
3522,9.6427,1.3228,1.3228,91710.72,51884088.08,4074954.87,272743810.65,277935392.65,550679203.30,23734.81,1.64825091,0.00053472,0.01711111,0.01069444,2.01619968,2.02689413,994359858.46,9.6358
3523,9.6454,1.3227,1.3227,91885.05,51887897.33,4075058.64,272761927.74,277941003.40,550702931.14,23727.84,1.64776681,0.00053464,0.01710849,0.01069280,2.01652698,2.02721978,994381586.31,9.6328
3524,9.6482,1.3225,1.3225,92059.70,51891706.04,4075162.39,272780039.11,277946612.91,550726652.02,23720.87,1.64728287,0.00053456,0.01710587,0.01069117,2.01685431,2.02754548,994403307.18,9.6297
3525,9.6509,1.3223,1.3223,92234.69,51895514.22,4075266.11,272798144.74,277952221.19,550750365.92,23713.91,1.64679908,0.00053448,0.01710324,0.01068953,2.01718168,2.02787121,994425021.09,9.6267
3526,9.6537,1.3221,1.3221,92410.02,51899321.86,4075369.81,272816244.64,277957828.22,550774072.87,23706.94,1.64631544,0.00053439,0.01710062,0.01068789,2.01750909,2.02819698,994446728.03,9.6237
3527,9.6564,1.3219,1.3219,92585.67,51903128.97,4075473.49,272834338.82,277963434.03,550797772.85,23699.98,1.64583195,0.00053431,0.01709801,0.01068625,2.01783654,2.02852279,994468428.01,9.6207
3528,9.6591,1.3217,1.3217,92761.66,51906935.54,4075577.15,272852427.27,277969038.60,550821465.87,23693.02,1.64534861,0.00053423,0.01709539,0.01068462,2.01816403,2.02884864,994490121.03,9.6177
3529,9.6619,1.3215,1.3215,92937.99,51910741.58,4075680.79,272870509.99,277974641.93,550845151.93,23686.06,1.64486543,0.00053415,0.01709277,0.01068298,2.01849155,2.02917453,994511807.09,9.6146
3530,9.6646,1.3214,1.3214,93114.65,51914547.08,4075784.40,272888587.00,277980244.04,550868831.03,23679.11,1.64438239,0.00053407,0.01709015,0.01068134,2.01881912,2.02950046,994533486.20,9.6116
3531,9.6674,1.3212,1.3212,93291.65,51918352.05,4075888.00,272906658.28,277985844.90,550892503.19,23672.15,1.64389951,0.00053399,0.01708753,0.01067971,2.01914672,2.02982642,994555158.35,9.6086
3532,9.6701,1.3210,1.3210,93468.98,51922156.48,4075991.57,272924723.85,277991444.54,550916168.39,23665.20,1.64341677,0.00053390,0.01708492,0.01067807,2.01947436,2.03015243,994576823.55,9.6056
3533,9.6728,1.3208,1.3208,93646.65,51925960.38,4076095.12,272942783.70,277997042.94,550939826.64,23658.25,1.64293419,0.00053382,0.01708230,0.01067644,2.01980204,2.03047847,994598481.80,9.6026
3534,9.6756,1.3206,1.3206,93824.65,51929763.75,4076198.65,272960837.84,278002640.11,550963477.95,23651.31,1.64245176,0.00053374,0.01707968,0.01067480,2.02012975,2.03080455,994620133.11,9.5996
3535,9.6783,1.3204,1.3204,94003.00,51933566.58,4076302.15,272978886.26,278008236.05,550987122.31,23644.36,1.64196948,0.00053366,0.01707707,0.01067317,2.02045751,2.03113067,994641777.47,9.5966
3536,9.6810,1.3202,1.3202,94181.68,51937368.87,4076405.64,272996928.97,278013830.75,551010759.72,23637.42,1.64148735,0.00053358,0.01707445,0.01067153,2.02078530,2.03145683,994663414.89,9.5936
3537,9.6838,1.3201,1.3201,94360.71,51941170.63,4076509.10,273014965.98,278019424.22,551034390.20,23630.48,1.64100537,0.00053349,0.01707184,0.01066990,2.02111313,2.03178303,994685045.36,9.5905
3538,9.6865,1.3199,1.3199,94540.07,51944971.86,4076612.55,273032997.27,278025016.47,551058013.74,23623.54,1.64052354,0.00053341,0.01706922,0.01066826,2.02144100,2.03210927,994706668.90,9.5875
3539,9.6893,1.3197,1.3197,94719.78,51948772.55,4076715.97,273051022.86,278030607.48,551081630.34,23616.60,1.64004187,0.00053333,0.01706661,0.01066663,2.02176891,2.03243554,994728285.51,9.5845
3540,9.6920,1.3195,1.3195,94899.82,51952572.71,4076819.36,273069042.75,278036197.26,551105240.01,23609.67,1.63956034,0.00053325,0.01706400,0.01066500,2.02209686,2.03276185,994749895.18,9.5815
3541,9.6947,1.3193,1.3193,95080.21,51956372.34,4076922.74,273087056.94,278041785.81,551128842.75,23602.74,1.63907896,0.00053317,0.01706138,0.01066337,2.02242484,2.03308821,994771497.91,9.5785
3542,9.6975,1.3191,1.3191,95260.95,51960171.43,4077026.10,273105065.42,278047373.14,551152438.56,23595.81,1.63859774,0.00053309,0.01705877,0.01066173,2.02275287,2.03341460,994793093.72,9.5755
3543,9.7002,1.3189,1.3189,95442.02,51963969.98,4077129.43,273123068.21,278052959.23,551176027.44,23588.88,1.63811666,0.00053301,0.01705616,0.01066010,2.02308093,2.03374103,994814682.60,9.5725
3544,9.7029,1.3188,1.3188,95623.44,51967768.01,4077232.75,273141065.30,278058544.09,551199609.39,23581.95,1.63763574,0.00053292,0.01705355,0.01065847,2.02340903,2.03406750,994836264.55,9.5695
3545,9.7057,1.3186,1.3186,95805.21,51971565.49,4077336.04,273159056.69,278064127.73,551223184.42,23575.03,1.63715496,0.00053284,0.01705094,0.01065684,2.02373717,2.03439400,994857839.59,9.5665
3546,9.7084,1.3184,1.3184,95987.32,51975362.45,4077439.31,273177042.40,278069710.14,551246752.53,23568.11,1.63667434,0.00053276,0.01704833,0.01065521,2.02406535,2.03472055,994879407.70,9.5635
3547,9.7112,1.3182,1.3182,96169.77,51979158.87,4077542.56,273195022.41,278075291.32,551270313.73,23561.19,1.63619387,0.00053268,0.01704572,0.01065357,2.02439356,2.03504714,994900968.89,9.5605
3548,9.7139,1.3180,1.3180,96352.58,51982954.76,4077645.78,273212996.73,278080871.27,551293868.00,23554.28,1.63571354,0.00053260,0.01704311,0.01065194,2.02472182,2.03537376,994922523.16,9.5575
3549,9.7166,1.3178,1.3178,96535.73,51986750.12,4077748.99,273230965.36,278086450.00,551317415.36,23547.36,1.63523337,0.00053252,0.01704050,0.01065031,2.02505011,2.03570042,994944070.52,9.5545
3550,9.7194,1.3176,1.3176,96719.22,51990544.94,4077852.17,273248928.31,278092027.50,551340955.81,23540.45,1.63475335,0.00053243,0.01703789,0.01064868,2.02537844,2.03602712,994965610.97,9.5515
3551,9.7221,1.3175,1.3175,96903.07,51994339.23,4077955.33,273266885.58,278097603.77,551364489.35,23533.54,1.63427347,0.00053235,0.01703529,0.01064705,2.02570681,2.03635386,994987144.51,9.5485
3552,9.7248,1.3173,1.3173,97087.27,51998132.98,4078058.47,273284837.16,278103178.81,551388015.98,23526.63,1.63379375,0.00053227,0.01703268,0.01064542,2.02603522,2.03668064,995008671.14,9.5455
3553,9.7276,1.3171,1.3171,97271.82,52001926.20,4078161.59,273302783.07,278108752.64,551411535.70,23519.72,1.63331418,0.00053219,0.01703007,0.01064380,2.02636366,2.03700746,995030190.86,9.5425
3554,9.7303,1.3169,1.3169,97456.71,52005718.89,4078264.69,273320723.29,278114325.23,551435048.52,23512.82,1.63283475,0.00053211,0.01702747,0.01064217,2.02669215,2.03733432,995051703.68,9.5396
3555,9.7331,1.3167,1.3167,97641.96,52009511.05,4078367.77,273338657.84,278119896.60,551458554.44,23505.92,1.63235548,0.00053203,0.01702486,0.01064054,2.02702067,2.03766121,995073209.60,9.5366
3556,9.7358,1.3165,1.3165,97827.57,52013302.67,4078470.82,273356586.71,278125466.75,551482053.46,23499.02,1.63187636,0.00053195,0.01702226,0.01063891,2.02734924,2.03798815,995094708.62,9.5336
3557,9.7385,1.3164,1.3164,98013.52,52017093.76,4078573.85,273374509.91,278131035.67,551505545.58,23492.12,1.63139738,0.00053186,0.01701965,0.01063728,2.02767784,2.03831512,995116200.75,9.5306
3558,9.7413,1.3162,1.3162,98199.83,52020884.32,4078676.87,273392427.44,278136603.37,551529030.81,23485.23,1.63091856,0.00053178,0.01701705,0.01063565,2.02800648,2.03864213,995137685.97,9.5276
3559,9.7440,1.3160,1.3160,98386.49,52024674.35,4078779.86,273410339.30,278142169.85,551552509.14,23478.33,1.63043988,0.00053170,0.01701444,0.01063403,2.02833515,2.03896918,995159164.31,9.5246
3560,9.7467,1.3158,1.3158,98573.51,52028463.84,4078882.82,273428245.49,278147735.10,551575980.59,23471.44,1.62996136,0.00053162,0.01701184,0.01063240,2.02866387,2.03929627,995180635.75,9.5216
3561,9.7495,1.3156,1.3156,98760.88,52032252.80,4078985.77,273446146.02,278153299.13,551599445.14,23464.55,1.62948299,0.00053154,0.01700924,0.01063077,2.02899262,2.03962340,995202100.31,9.5186
3562,9.7522,1.3154,1.3154,98948.61,52036041.23,4079088.70,273464040.88,278158861.93,551622902.81,23457.67,1.62900476,0.00053146,0.01700664,0.01062915,2.02932142,2.03995057,995223557.97,9.5157
3563,9.7550,1.3152,1.3152,99136.69,52039829.12,4079191.60,273481930.08,278164423.52,551646353.60,23450.78,1.62852668,0.00053138,0.01700403,0.01062752,2.02965025,2.04027777,995245008.76,9.5127
3564,9.7577,1.3151,1.3151,99325.13,52043616.49,4079294.48,273499813.61,278169983.88,551669797.50,23443.90,1.62804876,0.00053129,0.01700143,0.01062590,2.02997912,2.04060502,995266452.66,9.5097
3565,9.7604,1.3149,1.3149,99513.94,52047403.32,4079397.35,273517691.49,278175543.03,551693234.52,23437.02,1.62757098,0.00053121,0.01699883,0.01062427,2.03030803,2.04093230,995287889.68,9.5067
3566,9.7632,1.3147,1.3147,99703.10,52051189.62,4079500.19,273535563.72,278181100.95,551716664.66,23430.14,1.62709335,0.00053113,0.01699623,0.01062264,2.03063698,2.04125962,995309319.83,9.5037
3567,9.7659,1.3145,1.3145,99892.62,52054975.38,4079603.00,273553430.29,278186657.65,551740087.93,23423.27,1.62661587,0.00053105,0.01699363,0.01062102,2.03096596,2.04158698,995330743.10,9.5008
3568,9.7687,1.3143,1.3143,100082.49,52058760.62,4079705.80,273571291.20,278192213.13,551763504.33,23416.40,1.62613854,0.00053097,0.01699103,0.01061940,2.03129499,2.04191438,995352159.49,9.4978
3569,9.7714,1.3141,1.3141,100272.74,52062545.32,4079808.58,273589146.46,278197767.39,551786913.85,23409.52,1.62566136,0.00053089,0.01698843,0.01061777,2.03162405,2.04224182,995373569.01,9.4948
3570,9.7741,1.3139,1.3139,100463.34,52066329.49,4079911.33,273606996.08,278203320.43,551810316.51,23402.65,1.62518433,0.00053081,0.01698584,0.01061615,2.03195315,2.04256930,995394971.67,9.4918
3571,9.7769,1.3138,1.3138,100654.30,52070113.13,4080014.07,273624840.04,278208872.25,551833712.29,23395.79,1.62470745,0.00053073,0.01698324,0.01061452,2.03228230,2.04289682,995416367.46,9.4889
3572,9.7796,1.3136,1.3136,100845.63,52073896.24,4080116.78,273642678.36,278214422.86,551857101.22,23388.92,1.62423072,0.00053065,0.01698064,0.01061290,2.03261147,2.04322438,995437756.38,9.4859
3573,9.7823,1.3134,1.3134,101037.32,52077678.82,4080219.47,273660511.03,278219972.24,551880483.27,23382.06,1.62375413,0.00053056,0.01697804,0.01061128,2.03294069,2.04355197,995459138.44,9.4829
3574,9.7851,1.3132,1.3132,101229.38,52081460.86,4080322.14,273678338.07,278225520.41,551903858.47,23375.20,1.62327770,0.00053048,0.01697545,0.01060965,2.03326995,2.04387960,995480513.64,9.4800
3575,9.7878,1.3130,1.3130,101421.80,52085242.37,4080424.78,273696159.46,278231067.36,551927226.81,23368.34,1.62280141,0.00053040,0.01697285,0.01060803,2.03359924,2.04420728,995501881.98,9.4770
3576,9.7906,1.3128,1.3128,101614.58,52089023.36,4080527.41,273713975.21,278236613.09,551950588.30,23361.48,1.62232527,0.00053032,0.01697026,0.01060641,2.03392858,2.04453499,995523243.46,9.4740
3577,9.7933,1.3127,1.3127,101807.74,52092803.81,4080630.01,273731785.32,278242157.61,551973942.93,23354.63,1.62184929,0.00053024,0.01696766,0.01060479,2.03425795,2.04486274,995544598.09,9.4710
3578,9.7960,1.3125,1.3125,102001.26,52096583.73,4080732.60,273749589.80,278247700.90,551997290.71,23347.78,1.62137345,0.00053016,0.01696507,0.01060317,2.03458736,2.04519053,995565945.87,9.4681
3579,9.7988,1.3123,1.3123,102195.14,52100363.11,4080835.16,273767388.65,278253242.99,552020631.63,23340.93,1.62089776,0.00053008,0.01696247,0.01060155,2.03491681,2.04551836,995587286.80,9.4651
3580,9.8015,1.3121,1.3121,102389.40,52104141.97,4080937.70,273785181.86,278258783.85,552043965.71,23334.08,1.62042221,0.00053000,0.01695988,0.01059993,2.03524630,2.04584623,995608620.88,9.4622
3581,9.8042,1.3119,1.3119,102584.03,52107920.30,4081040.22,273802969.44,278264323.50,552067292.95,23327.23,1.61994682,0.00052992,0.01695729,0.01059830,2.03557583,2.04617413,995629948.11,9.4592
3582,9.8070,1.3117,1.3117,102779.02,52111698.09,4081142.72,273820751.40,278269861.94,552090613.34,23320.39,1.61947157,0.00052983,0.01695470,0.01059668,2.03590539,2.04650208,995651268.50,9.4562
3583,9.8097,1.3116,1.3116,102974.39,52115475.36,4081245.19,273838527.73,278275399.16,552113926.89,23313.55,1.61899648,0.00052975,0.01695210,0.01059506,2.03623500,2.04683006,995672582.05,9.4533
3584,9.8125,1.3114,1.3114,103170.13,52119252.09,4081347.65,273856298.43,278280935.17,552137233.60,23306.71,1.61852153,0.00052967,0.01694951,0.01059345,2.03656464,2.04715809,995693888.76,9.4503
3585,9.8152,1.3112,1.3112,103366.23,52123028.29,4081450.08,273874063.51,278286469.96,552160533.47,23299.87,1.61804673,0.00052959,0.01694692,0.01059183,2.03689432,2.04748615,995715188.63,9.4474
3586,9.8179,1.3110,1.3110,103562.72,52126803.96,4081552.50,273891822.97,278292003.54,552183826.51,23293.04,1.61757208,0.00052951,0.01694433,0.01059021,2.03722404,2.04781425,995736481.67,9.4444
3587,9.8207,1.3108,1.3108,103759.57,52130579.11,4081654.89,273909576.81,278297535.90,552207112.71,23286.21,1.61709757,0.00052943,0.01694174,0.01058859,2.03755380,2.04814239,995757767.88,9.4414
3588,9.8234,1.3106,1.3106,103956.80,52134353.72,4081757.26,273927325.03,278303067.06,552230392.09,23279.37,1.61662322,0.00052935,0.01693915,0.01058697,2.03788360,2.04847057,995779047.25,9.4385
3589,9.8261,1.3104,1.3104,104154.41,52138127.80,4081859.61,273945067.64,278308597.00,552253664.63,23272.55,1.61614901,0.00052927,0.01693656,0.01058535,2.03821344,2.04879879,995800319.80,9.4355
3590,9.8289,1.3103,1.3103,104352.39,52141901.35,4081961.93,273962804.63,278314125.72,552276930.35,23265.72,1.61567495,0.00052919,0.01693397,0.01058373,2.03854331,2.04912705,995821585.52,9.4326
3591,9.8316,1.3101,1.3101,104550.75,52145674.37,4082064.24,273980536.01,278319653.24,552300189.25,23258.90,1.61520104,0.00052911,0.01693139,0.01058212,2.03887323,2.04945534,995842844.41,9.4296
3592,9.8344,1.3099,1.3099,104749.48,52149446.86,4082166.53,273998261.78,278325179.54,552323441.32,23252.07,1.61472728,0.00052902,0.01692880,0.01058050,2.03920318,2.04978368,995864096.48,9.4267
3593,9.8371,1.3097,1.3097,104948.59,52153218.82,4082268.79,274015981.94,278330704.64,552346686.57,23245.25,1.61425366,0.00052894,0.01692621,0.01057888,2.03953317,2.05011205,995885341.74,9.4237
3594,9.8398,1.3095,1.3095,105148.08,52156990.25,4082371.03,274033696.49,278336228.52,552369925.01,23238.43,1.61378020,0.00052886,0.01692363,0.01057727,2.03986320,2.05044047,995906580.17,9.4208
3595,9.8426,1.3093,1.3093,105347.95,52160761.15,4082473.25,274051405.44,278341751.19,552393156.63,23231.62,1.61330688,0.00052878,0.01692104,0.01057565,2.04019327,2.05076892,995927811.79,9.4178
3596,9.8453,1.3092,1.3092,105548.20,52164531.52,4082575.45,274069108.78,278347272.65,552416381.43,23224.81,1.61283371,0.00052870,0.01691845,0.01057403,2.04052338,2.05109741,995949036.59,9.4149
3597,9.8480,1.3090,1.3090,105748.83,52168301.36,4082677.63,274086806.52,278352792.90,552439599.43,23217.99,1.61236069,0.00052862,0.01691587,0.01057242,2.04085352,2.05142594,995970254.59,9.4119
3598,9.8508,1.3088,1.3088,105949.84,52172070.67,4082779.79,274104498.67,278358311.94,552462810.61,23211.18,1.61188781,0.00052854,0.01691329,0.01057080,2.04118371,2.05175451,995991465.77,9.4090
3599,9.8535,1.3086,1.3086,106151.24,52175839.45,4082881.93,274122185.21,278363829.78,552486014.99,23204.38,1.61141508,0.00052846,0.01691070,0.01056919,2.04151393,2.05208312,996012670.15,9.4060
3600,9.8563,1.3084,1.3084,106353.01,52179607.70,4082984.04,274139866.16,278369346.40,552509212.56,23197.57,1.61094250,0.00052838,0.01690812,0.01056757,2.04184420,2.05241177,996033867.72,9.4031
3601,9.8590,1.3082,1.3082,106555.17,52183375.42,4083086.13,274157541.51,278374861.82,552532403.33,23190.77,1.61047007,0.00052830,0.01690554,0.01056596,2.04217450,2.05274046,996055058.49,9.4002
3602,9.8617,1.3081,1.3081,106757.72,52187142.61,4083188.21,274175211.27,278380376.02,552555587.30,23183.97,1.60999779,0.00052822,0.01690295,0.01056435,2.04250484,2.05306918,996076242.46,9.3972
3603,9.8645,1.3079,1.3079,106960.64,52190909.28,4083290.26,274192875.44,278385889.02,552578764.47,23177.17,1.60952565,0.00052814,0.01690037,0.01056273,2.04283522,2.05339795,996097419.63,9.3943
3604,9.8672,1.3077,1.3077,107163.96,52194675.41,4083392.29,274210534.02,278391400.82,552601934.84,23170.37,1.60905366,0.00052806,0.01689779,0.01056112,2.04316564,2.05372675,996118590.00,9.3913
3605,9.8700,1.3075,1.3075,107367.66,52198441.01,4083494.30,274228187.02,278396911.40,552625098.42,23163.58,1.60858182,0.00052798,0.01689521,0.01055950,2.04349609,2.05405560,996139753.58,9.3884
3606,9.8727,1.3073,1.3073,107571.75,52202206.09,4083596.29,274245834.42,278402420.78,552648255.20,23156.79,1.60811012,0.00052789,0.01689263,0.01055789,2.04382659,2.05438448,996160910.37,9.3855
3607,9.8754,1.3071,1.3071,107776.23,52205970.64,4083698.25,274263476.24,278407928.95,552671405.20,23150.00,1.60763857,0.00052781,0.01689005,0.01055628,2.04415712,2.05471340,996182060.36,9.3825
3608,9.8782,1.3070,1.3070,107981.09,52209734.65,4083800.20,274281112.49,278413435.92,552694548.41,23143.21,1.60716717,0.00052773,0.01688747,0.01055467,2.04448770,2.05504236,996203203.57,9.3796
3609,9.8809,1.3068,1.3068,108186.35,52213498.14,4083902.12,274298743.15,278418941.68,552717684.83,23136.42,1.60669592,0.00052765,0.01688489,0.01055306,2.04481831,2.05537136,996224339.99,9.3767
3610,9.8836,1.3066,1.3066,108391.99,52217261.10,4084004.03,274316368.23,278424446.24,552740814.46,23129.64,1.60622482,0.00052757,0.01688231,0.01055144,2.04514896,2.05570040,996245469.63,9.3737
3611,9.8864,1.3064,1.3064,108598.03,52221023.53,4084105.91,274333987.73,278429949.59,552763937.32,23122.86,1.60575386,0.00052749,0.01687973,0.01054983,2.04547965,2.05602948,996266592.48,9.3708
3612,9.8891,1.3062,1.3062,108804.45,52224785.43,4084207.77,274351601.66,278435451.74,552787053.40,23116.08,1.60528304,0.00052741,0.01687715,0.01054822,2.04581038,2.05635860,996287708.56,9.3679
3613,9.8919,1.3060,1.3060,109011.27,52228546.81,4084309.61,274369210.02,278440952.68,552810162.69,23109.30,1.60481238,0.00052733,0.01687458,0.01054661,2.04614115,2.05668776,996308817.86,9.3649
3614,9.8946,1.3058,1.3058,109218.49,52232307.65,4084411.43,274386812.80,278446452.42,552833265.22,23102.52,1.60434186,0.00052725,0.01687200,0.01054500,2.04647195,2.05701695,996329920.38,9.3620
3615,9.8973,1.3057,1.3057,109426.09,52236067.97,4084513.22,274404410.01,278451950.95,552856360.97,23095.75,1.60387149,0.00052717,0.01686942,0.01054339,2.04680280,2.05734619,996351016.13,9.3591
3616,9.9001,1.3055,1.3055,109634.09,52239827.75,4084615.00,274422001.66,278457448.28,552879449.94,23088.98,1.60340127,0.00052709,0.01686685,0.01054178,2.04713368,2.05767546,996372105.11,9.3562
3617,9.9028,1.3053,1.3053,109842.49,52243587.01,4084716.75,274439587.74,278462944.41,552902532.15,23082.21,1.60293119,0.00052701,0.01686427,0.01054017,2.04746461,2.05800478,996393187.32,9.3532
3618,9.9055,1.3051,1.3051,110051.28,52247345.75,4084818.49,274457168.25,278468439.34,552925607.60,23075.44,1.60246126,0.00052693,0.01686170,0.01053856,2.04779557,2.05833413,996414262.76,9.3503
3619,9.9083,1.3049,1.3049,110260.47,52251103.95,4084920.20,274474743.21,278473933.07,552948676.27,23068.68,1.60199148,0.00052685,0.01685912,0.01053695,2.04812657,2.05866352,996435331.44,9.3474
3620,9.9110,1.3047,1.3047,110470.06,52254861.62,4085021.89,274492312.60,278479425.59,552971738.19,23061.91,1.60152184,0.00052677,0.01685655,0.01053534,2.04845761,2.05899295,996456393.35,9.3445
3621,9.9138,1.3046,1.3046,110680.05,52258618.77,4085123.56,274509876.43,278484916.91,552994793.34,23055.15,1.60105235,0.00052669,0.01685398,0.01053374,2.04878869,2.05932243,996477448.50,9.3415
3622,9.9165,1.3044,1.3044,110890.43,52262375.39,4085225.21,274527434.70,278490407.03,553017841.74,23048.40,1.60058301,0.00052661,0.01685141,0.01053213,2.04911981,2.05965194,996498496.90,9.3386
3623,9.9192,1.3042,1.3042,111101.21,52266131.48,4085326.84,274544987.42,278495895.95,553040883.38,23041.64,1.60011381,0.00052653,0.01684883,0.01053052,2.04945096,2.05998148,996519538.54,9.3357
3624,9.9220,1.3040,1.3040,111312.40,52269887.04,4085428.45,274562534.59,278501383.67,553063918.26,23034.88,1.59964476,0.00052645,0.01684626,0.01052891,2.04978216,2.06031107,996540573.42,9.3328
3625,9.9247,1.3038,1.3038,111523.99,52273642.08,4085530.03,274580076.20,278506870.19,553086946.39,23028.13,1.59917585,0.00052637,0.01684369,0.01052731,2.05011339,2.06064070,996561601.56,9.3299
3626,9.9274,1.3036,1.3036,111735.98,52277396.59,4085631.60,274597612.26,278512355.52,553109967.77,23021.38,1.59870710,0.00052628,0.01684112,0.01052570,2.05044467,2.06097037,996582622.94,9.3269
3627,9.9302,1.3035,1.3035,111948.37,52281150.57,4085733.14,274615142.77,278517839.64,553132982.41,23014.63,1.59823849,0.00052620,0.01683855,0.01052409,2.05077598,2.06130007,996603637.57,9.3240
3628,9.9329,1.3033,1.3033,112161.16,52284904.02,4085834.67,274632667.74,278523322.56,553155990.30,23007.89,1.59777002,0.00052612,0.01683598,0.01052249,2.05110733,2.06162982,996624645.46,9.3211
3629,9.9357,1.3031,1.3031,112374.36,52288656.95,4085936.17,274650187.16,278528804.28,553178991.44,23001.14,1.59730170,0.00052604,0.01683341,0.01052088,2.05143872,2.06195960,996645646.60,9.3182
3630,9.9384,1.3029,1.3029,112587.97,52292409.34,4086037.65,274667701.03,278534284.81,553201985.84,22994.40,1.59683353,0.00052596,0.01683084,0.01051928,2.05177015,2.06228943,996666641.01,9.3153
3631,9.9411,1.3027,1.3027,112801.98,52296161.21,4086139.11,274685209.37,278539764.14,553224973.51,22987.66,1.59636550,0.00052588,0.01682827,0.01051767,2.05210162,2.06261929,996687628.67,9.3124
3632,9.9439,1.3025,1.3025,113016.40,52299912.56,4086240.55,274702712.16,278545242.27,553247954.43,22980.93,1.59589762,0.00052580,0.01682570,0.01051607,2.05243313,2.06294919,996708609.60,9.3095
3633,9.9466,1.3024,1.3024,113231.22,52303663.37,4086341.97,274720209.42,278550719.20,553270928.62,22974.19,1.59542989,0.00052572,0.01682314,0.01051446,2.05276467,2.06327913,996729583.79,9.3066
3634,9.9493,1.3022,1.3022,113446.46,52307413.66,4086443.36,274737701.14,278556194.94,553293896.08,22967.46,1.59496230,0.00052564,0.01682057,0.01051286,2.05309626,2.06360912,996750551.24,9.3037
3635,9.9521,1.3020,1.3020,113662.10,52311163.43,4086544.74,274755187.33,278561669.48,553316856.81,22960.73,1.59449486,0.00052556,0.01681800,0.01051125,2.05342788,2.06393914,996771511.97,9.3007
3636,9.9548,1.3018,1.3018,113878.16,52314912.66,4086646.09,274772667.98,278567142.82,553339810.80,22954.00,1.59402756,0.00052548,0.01681544,0.01050965,2.05375955,2.06426920,996792465.97,9.2978
3637,9.9576,1.3016,1.3016,114094.62,52318661.37,4086747.43,274790143.10,278572614.97,553362758.07,22947.27,1.59356041,0.00052540,0.01681287,0.01050805,2.05409125,2.06459930,996813413.24,9.2949
3638,9.9603,1.3015,1.3015,114311.49,52322409.55,4086848.74,274807612.69,278578085.93,553385698.62,22940.55,1.59309341,0.00052532,0.01681031,0.01050644,2.05442299,2.06492943,996834353.78,9.2920
3639,9.9630,1.3013,1.3013,114528.78,52326157.21,4086950.03,274825076.76,278583555.68,553408632.44,22933.82,1.59262655,0.00052524,0.01680774,0.01050484,2.05475477,2.06525961,996855287.60,9.2891
3640,9.9658,1.3011,1.3011,114746.48,52329904.34,4087051.30,274842535.29,278589024.25,553431559.54,22927.10,1.59215983,0.00052516,0.01680518,0.01050324,2.05508659,2.06558983,996876214.71,9.2862
3641,9.9685,1.3009,1.3009,114964.60,52333650.94,4087152.55,274859988.31,278594491.62,553454479.93,22920.38,1.59169327,0.00052508,0.01680262,0.01050163,2.05541845,2.06592009,996897135.09,9.2833
3642,9.9713,1.3007,1.3007,115183.13,52337397.01,4087253.78,274877435.80,278599957.79,553477393.59,22913.67,1.59122685,0.00052500,0.01680005,0.01050003,2.05575035,2.06625038,996918048.75,9.2804
3643,9.9740,1.3005,1.3005,115402.07,52341142.56,4087354.99,274894877.77,278605422.77,553500300.54,22906.95,1.59076057,0.00052492,0.01679749,0.01049843,2.05608229,2.06658072,996938955.71,9.2775
3644,9.9767,1.3004,1.3004,115621.43,52344887.58,4087456.17,274912314.22,278610886.56,553523200.78,22900.24,1.59029444,0.00052484,0.01679493,0.01049683,2.05641426,2.06691109,996959855.95,9.2746
3645,9.9795,1.3002,1.3002,115841.21,52348632.08,4087557.34,274929745.16,278616349.16,553546094.31,22893.53,1.58982845,0.00052476,0.01679237,0.01049523,2.05674628,2.06724151,996980749.48,9.2717
3646,9.9822,1.3000,1.3000,116061.40,52352376.05,4087658.49,274947170.57,278621810.56,553568981.14,22886.82,1.58936261,0.00052468,0.01678981,0.01049363,2.05707833,2.06757196,997001636.30,9.2688
3647,9.9849,1.2998,1.2998,116282.02,52356119.50,4087759.61,274964590.48,278627270.77,553591861.25,22880.12,1.58889692,0.00052460,0.01678724,0.01049203,2.05741042,2.06790245,997022516.41,9.2659
3648,9.9877,1.2996,1.2996,116503.05,52359862.41,4087860.71,274982004.87,278632729.79,553614734.66,22873.41,1.58843137,0.00052452,0.01678468,0.01049043,2.05774256,2.06823298,997043389.83,9.2630
3649,9.9904,1.2994,1.2994,116724.50,52363604.81,4087961.79,274999413.75,278638187.62,553637601.37,22866.71,1.58796597,0.00052444,0.01678212,0.01048883,2.05807473,2.06856355,997064256.54,9.2602
3650,9.9932,1.2993,1.2993,116946.38,52367346.67,4088062.85,275016817.13,278643644.26,553660461.38,22860.01,1.58750071,0.00052436,0.01677957,0.01048723,2.05840694,2.06889417,997085116.55,9.2573
