day,year,rbp_eib,qap_eib,baseline_eib,cumsum,theta,simple_minted,baseline_minted,total_minted,daily_issuance,reward_per_win,reward_32gib_day,reward_tib_day,storage_pledge,consensus_pledge,total_pledge,circulating,roi_pct
1,0.0027,2.1703,2.1703,114.42,34529969.19,3508421.05,155516089.69,246328719.78,401844809.47,69464.63,4.82393294,0.00095389,0.03052432,0.01907770,1.07440127,1.09347897,832650797.97,31.8622
2,0.0055,2.1706,2.1706,114.64,34536220.47,3508668.44,155571300.17,246342955.65,401914255.82,69446.35,4.82266339,0.00095351,0.03051221,0.01907013,1.07437193,1.09344207,832801577.65,31.8506
3,0.0082,2.1709,2.1709,114.86,34542472.57,3508915.83,155626493.18,246357190.72,401983683.90,69428.08,4.82139423,0.00095313,0.03050010,0.01906257,1.07434267,1.09340524,832952339.06,31.8391
4,0.0110,2.1712,2.1712,115.08,34548725.51,3509163.21,155681668.73,246371424.98,402053093.71,69409.81,4.82012547,0.00095275,0.03048800,0.01905500,1.07431349,1.09336850,833103082.20,31.8275
5,0.0137,2.1715,2.1715,115.30,34554979.29,3509410.58,155736826.82,246385658.43,402122485.25,69391.54,4.81885710,0.00095237,0.03047591,0.01904744,1.07428439,1.09333183,833253807.08,31.8159
6,0.0164,2.1717,2.1717,115.51,34561233.91,3509657.94,155791967.45,246399891.08,402191858.53,69373.28,4.81758912,0.00095199,0.03046381,0.01903988,1.07425536,1.09329525,833404513.70,31.8044
7,0.0192,2.1720,2.1720,115.73,34567489.36,3509905.30,155847090.64,246414122.93,402261213.56,69355.03,4.81632153,0.00095162,0.03045173,0.01903233,1.07422641,1.09325874,833555202.06,31.7928
8,0.0219,2.1723,2.1723,115.95,34573745.64,3510152.65,155902196.38,246428353.97,402330550.35,69336.78,4.81505434,0.00095124,0.03043965,0.01902478,1.07419754,1.09322232,833705872.18,31.7813
9,0.0246,2.1726,2.1726,116.17,34580002.77,3510399.99,155957284.69,246442584.20,402399868.89,69318.54,4.81378754,0.00095086,0.03042757,0.01901723,1.07416875,1.09318598,833856524.05,31.7697
10,0.0274,2.1729,2.1729,116.39,34586260.73,3510647.33,156012355.56,246456813.63,402469169.19,69300.30,4.81252113,0.00095048,0.03041550,0.01900969,1.07414003,1.09314971,834007157.69,31.7582
11,0.0301,2.1732,2.1732,116.62,34592519.52,3510894.66,156067409.01,246471042.25,402538451.26,69282.07,4.81125511,0.00095011,0.03040343,0.01900215,1.07411138,1.09311353,834157773.09,31.7466
12,0.0329,2.1735,2.1735,116.84,34598779.16,3511141.98,156122445.04,246485270.07,402607715.11,69263.85,4.80998948,0.00094973,0.03039137,0.01899461,1.07408281,1.09307742,834308370.28,31.7351
13,0.0356,2.1738,2.1738,117.06,34605039.63,3511389.29,156177463.66,246499497.08,402676960.74,69245.63,4.80872424,0.00094935,0.03037932,0.01898707,1.07405432,1.09304140,834458949.24,31.7235
14,0.0383,2.1741,2.1741,117.28,34611300.93,3511636.60,156232464.86,246513723.29,402746188.16,69227.42,4.80745940,0.00094898,0.03036727,0.01897954,1.07402590,1.09300545,834609509.99,31.7120
15,0.0411,2.1744,2.1744,117.51,34617563.08,3511883.90,156287448.67,246527948.70,402815397.36,69209.21,4.80619495,0.00094860,0.03035522,0.01897201,1.07399756,1.09296958,834760052.53,31.7005
16,0.0438,2.1746,2.1746,117.73,34623826.06,3512131.19,156342415.07,246542173.30,402884588.37,69191.00,4.80493088,0.00094822,0.03034318,0.01896449,1.07396930,1.09293379,834910576.87,31.6889
17,0.0465,2.1749,2.1749,117.95,34630089.87,3512378.48,156397364.08,246556397.09,402953761.18,69172.81,4.80366721,0.00094785,0.03033115,0.01895697,1.07394111,1.09289807,835061083.01,31.6774
18,0.0493,2.1752,2.1752,118.18,34636354.53,3512625.75,156452295.71,246570620.08,403022915.79,69154.62,4.80240393,0.00094747,0.03031912,0.01894945,1.07391299,1.09286244,835211570.96,31.6659
19,0.0520,2.1755,2.1755,118.40,34642620.02,3512873.02,156507209.95,246584842.27,403092052.23,69136.43,4.80114104,0.00094710,0.03030709,0.01894193,1.07388495,1.09282688,835362040.72,31.6543
20,0.0548,2.1758,2.1758,118.63,34648886.35,3513120.29,156562106.82,246599063.66,403161170.48,69118.25,4.79987854,0.00094672,0.03029508,0.01893442,1.07385698,1.09279140,835512492.31,31.6428
21,0.0575,2.1761,2.1761,118.85,34655153.52,3513367.54,156616986.32,246613284.23,403230270.55,69100.08,4.79861644,0.00094635,0.03028306,0.01892691,1.07382909,1.09275600,835662925.72,31.6313
22,0.0602,2.1764,2.1764,119.08,34661421.53,3513614.79,156671848.45,246627504.01,403299352.46,69081.91,4.79735472,0.00094597,0.03027105,0.01891941,1.07380127,1.09272068,835813340.96,31.6198
23,0.0630,2.1767,2.1767,119.30,34667690.37,3513862.03,156726693.22,246641722.98,403368416.21,69063.74,4.79609339,0.00094560,0.03025905,0.01891190,1.07377352,1.09268543,835963738.04,31.6082
24,0.0657,2.1770,2.1770,119.53,34673960.05,3514109.27,156781520.64,246655941.15,403437461.79,69045.59,4.79483245,0.00094522,0.03024705,0.01890441,1.07374585,1.09265026,836114116.96,31.5967
25,0.0684,2.1773,2.1773,119.76,34680230.57,3514356.49,156836330.71,246670158.52,403506489.23,69027.44,4.79357190,0.00094485,0.03023506,0.01889691,1.07371825,1.09261516,836264477.72,31.5852
26,0.0712,2.1776,2.1776,119.99,34686501.93,3514603.71,156891123.44,246684375.08,403575498.52,69009.29,4.79231175,0.00094447,0.03022307,0.01888942,1.07369073,1.09258015,836414820.35,31.5737
27,0.0739,2.1778,2.1778,120.21,34692774.13,3514850.92,156945898.83,246698590.84,403644489.67,68991.15,4.79105198,0.00094410,0.03021108,0.01888193,1.07366328,1.09254520,836565144.83,31.5622
28,0.0767,2.1781,2.1781,120.44,34699047.16,3515098.13,157000656.88,246712805.80,403713462.68,68973.01,4.78979260,0.00094372,0.03019911,0.01887444,1.07363590,1.09251034,836715451.18,31.5507
29,0.0794,2.1784,2.1784,120.67,34705321.03,3515345.33,157055397.61,246727019.95,403782417.56,68954.88,4.78853361,0.00094335,0.03018713,0.01886696,1.07360859,1.09247555,836865739.39,31.5392
30,0.0821,2.1787,2.1787,120.90,34711595.75,3515592.52,157110121.02,246741233.30,403851354.32,68936.76,4.78727501,0.00094297,0.03017516,0.01885948,1.07358136,1.09244084,837016009.49,31.5277
31,0.0849,2.1790,2.1790,121.13,34717871.30,3515839.70,157164827.12,246755445.85,403920272.97,68918.64,4.78601680,0.00094260,0.03016320,0.01885200,1.07355420,1.09240620,837166261.46,31.5162
32,0.0876,2.1793,2.1793,121.36,34724147.69,3516086.88,157219515.90,246769657.59,403989173.49,68900.53,4.78475898,0.00094223,0.03015124,0.01884453,1.07352711,1.09237164,837316495.32,31.5047
33,0.0903,2.1796,2.1796,121.59,34730424.92,3516334.05,157274187.38,246783868.54,404058055.92,68882.42,4.78350155,0.00094185,0.03013929,0.01883706,1.07350009,1.09233715,837466711.08,31.4932
34,0.0931,2.1799,2.1799,121.82,34736702.98,3516581.21,157328841.56,246798078.68,404126920.24,68864.32,4.78224450,0.00094148,0.03012734,0.01882959,1.07347315,1.09230274,837616908.73,31.4817
35,0.0958,2.1802,2.1802,122.05,34742981.89,3516828.36,157383478.44,246812288.02,404195766.46,68846.23,4.78098785,0.00094111,0.03011540,0.01882212,1.07344627,1.09226840,837767088.29,31.4702
36,0.0986,2.1805,2.1805,122.29,34749261.64,3517075.51,157438098.04,246826496.56,404264594.60,68828.13,4.77973158,0.00094073,0.03010346,0.01881466,1.07341947,1.09223414,837917249.76,31.4587
37,0.1013,2.1808,2.1808,122.52,34755542.22,3517322.65,157492700.36,246840704.29,404333404.65,68810.05,4.77847570,0.00094036,0.03009153,0.01880721,1.07339274,1.09219995,838067393.14,31.4472
38,0.1040,2.1811,2.1811,122.75,34761823.65,3517569.78,157547285.39,246854911.23,404402196.62,68791.97,4.77722022,0.00093999,0.03007960,0.01879975,1.07336608,1.09216583,838217518.45,31.4357
39,0.1068,2.1813,2.1813,122.98,34768105.92,3517816.91,157601853.16,246869117.36,404470970.52,68773.90,4.77596511,0.00093962,0.03006768,0.01879230,1.07333949,1.09213179,838367625.68,31.4243
40,0.1095,2.1816,2.1816,123.22,34774389.02,3518064.02,157656403.66,246883322.69,404539726.35,68755.83,4.77471040,0.00093924,0.03005576,0.01878485,1.07331298,1.09209783,838517714.84,31.4128
41,0.1123,2.1819,2.1819,123.45,34780672.97,3518311.13,157710936.89,246897527.22,404608464.11,68737.77,4.77345608,0.00093887,0.03004385,0.01877741,1.07328653,1.09206394,838667785.94,31.4013
42,0.1150,2.1822,2.1822,123.69,34786957.75,3518558.24,157765452.88,246911730.95,404677183.82,68719.71,4.77220214,0.00093850,0.03003194,0.01876997,1.07326015,1.09203012,838817838.99,31.3898
43,0.1177,2.1825,2.1825,123.92,34793243.38,3518805.33,157819951.61,246925933.88,404745885.48,68701.66,4.77094859,0.00093813,0.03002004,0.01876253,1.07323384,1.09199637,838967873.98,31.3784
44,0.1205,2.1828,2.1828,124.16,34799529.84,3519052.42,157874433.10,246940136.00,404814569.10,68683.61,4.76969543,0.00093775,0.03000815,0.01875509,1.07320761,1.09196270,839117890.93,31.3669
45,0.1232,2.1831,2.1831,124.39,34805817.15,3519299.51,157928897.35,246954337.33,404883234.67,68665.57,4.76844266,0.00093738,0.02999625,0.01874766,1.07318144,1.09192910,839267889.84,31.3554
46,0.1259,2.1834,2.1834,124.63,34812105.29,3519546.58,157983344.36,246968537.85,404951882.21,68647.54,4.76719027,0.00093701,0.02998437,0.01874023,1.07315534,1.09189557,839417870.71,31.3440
47,0.1287,2.1837,2.1837,124.87,34818394.28,3519793.65,158037774.15,246982737.58,405020511.72,68629.51,4.76593827,0.00093664,0.02997249,0.01873280,1.07312932,1.09186212,839567833.55,31.3325
48,0.1314,2.1840,2.1840,125.10,34824684.11,3520040.71,158092186.71,246996936.50,405089123.21,68611.49,4.76468666,0.00093627,0.02996061,0.01872538,1.07310336,1.09182874,839717778.37,31.3211
49,0.1342,2.1843,2.1843,125.34,34830974.78,3520287.76,158146582.06,247011134.62,405157716.68,68593.47,4.76343544,0.00093590,0.02994874,0.01871796,1.07307747,1.09179543,839867705.18,31.3096
50,0.1369,2.1846,2.1846,125.58,34837266.29,3520534.81,158200960.19,247025331.95,405226292.14,68575.46,4.76218460,0.00093553,0.02993687,0.01871055,1.07305165,1.09176219,840017613.97,31.2981
51,0.1396,2.1848,2.1848,125.82,34843558.64,3520781.85,158255321.12,247039528.47,405294849.59,68557.45,4.76093415,0.00093516,0.02992501,0.01870313,1.07302590,1.09172903,840167504.75,31.2867
52,0.1424,2.1851,2.1851,126.06,34849851.83,3521028.88,158309664.85,247053724.19,405363389.04,68539.45,4.75968408,0.00093479,0.02991316,0.01869572,1.07300021,1.09169594,840317377.54,31.2752
53,0.1451,2.1854,2.1854,126.30,34856145.86,3521275.90,158363991.38,247067919.12,405431910.50,68521.46,4.75843440,0.00093442,0.02990130,0.01868832,1.07297460,1.09166291,840467232.33,31.2638
54,0.1478,2.1857,2.1857,126.54,34862440.74,3521522.92,158418300.72,247082113.24,405500413.96,68503.47,4.75718511,0.00093405,0.02988946,0.01868091,1.07294905,1.09162996,840617069.13,31.2524
55,0.1506,2.1860,2.1860,126.78,34868736.45,3521769.93,158472592.88,247096306.57,405568899.45,68485.48,4.75593621,0.00093368,0.02987762,0.01867351,1.07292358,1.09159709,840766887.94,31.2409
56,0.1533,2.1863,2.1863,127.02,34875033.01,3522016.93,158526867.86,247110499.09,405637366.95,68467.50,4.75468769,0.00093331,0.02986578,0.01866611,1.07289816,1.09156428,840916688.78,31.2295
57,0.1561,2.1866,2.1866,127.26,34881330.41,3522263.93,158581125.66,247124690.82,405705816.48,68449.53,4.75343956,0.00093294,0.02985395,0.01865872,1.07287282,1.09153154,841066471.64,31.2180
58,0.1588,2.1869,2.1869,127.50,34887628.65,3522510.91,158635366.30,247138881.74,405774248.04,68431.56,4.75219181,0.00093257,0.02984212,0.01865133,1.07284755,1.09149888,841216236.54,31.2066
59,0.1615,2.1872,2.1872,127.75,34893927.74,3522757.90,158689589.77,247153071.87,405842661.64,68413.60,4.75094445,0.00093220,0.02983030,0.01864394,1.07282234,1.09146628,841365983.47,31.1952
60,0.1643,2.1875,2.1875,127.99,34900227.66,3523004.87,158743796.09,247167261.20,405911057.28,68395.64,4.74969747,0.00093183,0.02981849,0.01863656,1.07279720,1.09143375,841515712.45,31.1838
61,0.1670,2.1878,2.1878,128.23,34906528.43,3523251.84,158797985.25,247181449.73,405979434.98,68377.69,4.74845088,0.00093146,0.02980668,0.01862917,1.07277213,1.09140130,841665423.47,31.1723
62,0.1697,2.1881,2.1881,128.48,34912830.04,3523498.79,158852157.27,247195637.46,406047794.72,68359.75,4.74720468,0.00093109,0.02979487,0.01862179,1.07274712,1.09136891,841815116.55,31.1609
63,0.1725,2.1884,2.1884,128.72,34919132.49,3523745.75,158906312.14,247209824.39,406116136.53,68341.81,4.74595886,0.00093072,0.02978307,0.01861442,1.07272218,1.09133660,841964791.69,31.1495
64,0.1752,2.1886,2.1886,128.96,34925435.78,3523992.69,158960449.88,247224010.52,406184460.40,68323.87,4.74471343,0.00093035,0.02977128,0.01860705,1.07269731,1.09130435,842114448.90,31.1381
65,0.1780,2.1889,2.1889,129.21,34931739.92,3524239.63,159014570.49,247238195.86,406252766.35,68305.94,4.74346838,0.00092998,0.02975949,0.01859968,1.07267250,1.09127218,842264088.18,31.1267
66,0.1807,2.1892,2.1892,129.46,34938044.90,3524486.56,159068673.98,247252380.39,406321054.37,68288.02,4.74222372,0.00092962,0.02974770,0.01859231,1.07264776,1.09124007,842413709.53,31.1153
67,0.1834,2.1895,2.1895,129.70,34944350.72,3524733.48,159122760.34,247266564.13,406389324.47,68270.10,4.74097944,0.00092925,0.02973592,0.01858495,1.07262308,1.09120803,842563312.97,31.1038
68,0.1862,2.1898,2.1898,129.95,34950657.39,3524980.40,159176829.59,247280747.07,406457576.67,68252.19,4.73973554,0.00092888,0.02972414,0.01857759,1.07259847,1.09117606,842712898.50,31.0924
69,0.1889,2.1901,2.1901,130.19,34956964.90,3525227.31,159230881.73,247294929.22,406525810.95,68234.29,4.73849204,0.00092851,0.02971237,0.01857023,1.07257393,1.09114416,842862466.11,31.0810
70,0.1916,2.1904,2.1904,130.44,34963273.25,3525474.21,159284916.77,247309110.56,406594027.34,68216.38,4.73724891,0.00092814,0.02970061,0.01856288,1.07254945,1.09111233,843012015.83,31.0696
71,0.1944,2.1907,2.1907,130.69,34969582.45,3525721.11,159338934.72,247323291.11,406662225.82,68198.49,4.73600617,0.00092778,0.02968885,0.01855553,1.07252504,1.09108057,843161547.65,31.0582
72,0.1971,2.1910,2.1910,130.94,34975892.49,3525967.99,159392935.56,247337470.86,406730406.42,68180.60,4.73476381,0.00092741,0.02967709,0.01854818,1.07250069,1.09104887,843311061.59,31.0468
73,0.1999,2.1913,2.1913,131.19,34982203.37,3526214.87,159446919.33,247351649.81,406798569.14,68162.71,4.73352184,0.00092704,0.02966534,0.01854084,1.07247641,1.09101725,843460557.63,31.0354
74,0.2026,2.1916,2.1916,131.44,34988515.09,3526461.75,159500886.01,247365827.97,406866713.97,68144.84,4.73228025,0.00092667,0.02965360,0.01853350,1.07245219,1.09098569,843610035.80,31.0241
75,0.2053,2.1919,2.1919,131.69,34994827.66,3526708.61,159554835.61,247380005.33,406934840.94,68126.96,4.73103905,0.00092631,0.02964186,0.01852616,1.07242804,1.09095420,843759496.10,31.0127
76,0.2081,2.1922,2.1922,131.94,35001141.08,3526955.47,159608768.14,247394181.89,407002950.03,68109.09,4.72979823,0.00092594,0.02963012,0.01851883,1.07240395,1.09092277,843908938.53,31.0013
77,0.2108,2.1925,2.1925,132.19,35007455.33,3527202.32,159662683.61,247408357.65,407071041.26,68091.23,4.72855779,0.00092557,0.02961839,0.01851149,1.07237992,1.09089142,844058363.09,30.9899
78,0.2136,2.1927,2.1927,132.44,35013770.44,3527449.17,159716582.02,247422532.62,407139114.64,68073.38,4.72731774,0.00092521,0.02960667,0.01850417,1.07235596,1.09086013,844207769.80,30.9785
79,0.2163,2.1930,2.1930,132.69,35020086.38,3527696.00,159770463.37,247436706.79,407207170.16,68055.52,4.72607807,0.00092484,0.02959495,0.01849684,1.07233207,1.09082891,844357158.66,30.9671
80,0.2190,2.1933,2.1933,132.94,35026403.17,3527942.83,159824327.67,247450880.17,407275207.84,68037.68,4.72483879,0.00092448,0.02958323,0.01848952,1.07230823,1.09079775,844506529.67,30.9558
81,0.2218,2.1936,2.1936,133.20,35032720.81,3528189.66,159878174.93,247465052.75,407343227.68,68019.84,4.72359988,0.00092411,0.02957152,0.01848220,1.07228446,1.09076666,844655882.84,30.9444
82,0.2245,2.1939,2.1939,133.45,35039039.29,3528436.47,159932005.16,247479224.53,407411229.68,68002.00,4.72236136,0.00092374,0.02955982,0.01847488,1.07226076,1.09073564,844805218.18,30.9330
83,0.2272,2.1942,2.1942,133.70,35045358.61,3528683.28,159985818.34,247493395.51,407479213.86,67984.17,4.72112323,0.00092338,0.02954812,0.01846757,1.07223711,1.09070469,844954535.69,30.9217
84,0.2300,2.1945,2.1945,133.96,35051678.78,3528930.08,160039614.50,247507565.70,407547180.21,67966.35,4.71988547,0.00092301,0.02953642,0.01846026,1.07221353,1.09067380,845103835.37,30.9103
85,0.2327,2.1948,2.1948,134.21,35057999.79,3529176.88,160093393.64,247521735.10,407615128.74,67948.53,4.71864810,0.00092265,0.02952473,0.01845296,1.07219002,1.09064297,845253117.24,30.8989
86,0.2355,2.1951,2.1951,134.47,35064321.65,3529423.66,160147155.76,247535903.70,407683059.46,67930.72,4.71741111,0.00092228,0.02951305,0.01844565,1.07216656,1.09061222,845402381.29,30.8876
87,0.2382,2.1954,2.1954,134.72,35070644.35,3529670.44,160200900.88,247550071.50,407750972.37,67912.91,4.71617450,0.00092192,0.02950137,0.01843835,1.07214317,1.09058153,845551627.54,30.8762
88,0.2409,2.1957,2.1957,134.98,35076967.90,3529917.21,160254628.98,247564238.51,407818867.49,67895.11,4.71493828,0.00092155,0.02948969,0.01843106,1.07211984,1.09055090,845700855.98,30.8649
89,0.2437,2.1960,2.1960,135.23,35083292.30,3530163.98,160308340.08,247578404.72,407886744.80,67877.32,4.71370244,0.00092119,0.02947802,0.01842376,1.07209658,1.09052034,845850066.63,30.8535
90,0.2464,2.1963,2.1963,135.49,35089617.54,3530410.74,160362034.19,247592570.13,407954604.32,67859.52,4.71246698,0.00092082,0.02946635,0.01841647,1.07207337,1.09048984,845999259.49,30.8422
91,0.2491,2.1966,2.1966,135.75,35095943.62,3530657.49,160415711.31,247606734.76,408022446.06,67841.74,4.71123190,0.00092046,0.02945469,0.01840918,1.07205023,1.09045941,846148434.56,30.8308
92,0.2519,2.1969,2.1969,136.01,35102270.55,3530904.23,160469371.44,247620898.58,408090270.02,67823.96,4.70999720,0.00092009,0.02944304,0.01840190,1.07202715,1.09042905,846297591.85,30.8195
93,0.2546,2.1971,2.1971,136.27,35108598.33,3531150.97,160523014.60,247635061.61,408158076.21,67806.19,4.70876289,0.00091973,0.02943139,0.01839462,1.07200413,1.09039875,846446731.37,30.8082
94,0.2574,2.1974,2.1974,136.53,35114926.95,3531397.70,160576640.78,247649223.85,408225864.63,67788.42,4.70752896,0.00091937,0.02941974,0.01838734,1.07198117,1.09036851,846595853.12,30.7968
95,0.2601,2.1977,2.1977,136.78,35121256.42,3531644.42,160630249.99,247663385.29,408293635.28,67770.65,4.70629541,0.00091900,0.02940810,0.01838006,1.07195828,1.09033834,846744957.11,30.7855
96,0.2628,2.1980,2.1980,137.04,35127586.73,3531891.14,160683842.24,247677545.94,408361388.18,67752.90,4.70506224,0.00091864,0.02939647,0.01837279,1.07193544,1.09030823,846894043.34,30.7742
97,0.2656,2.1983,2.1983,137.31,35133917.90,3532137.85,160737417.53,247691705.79,408429123.32,67735.14,4.70382945,0.00091828,0.02938484,0.01836552,1.07191267,1.09027819,847043111.82,30.7628
98,0.2683,2.1986,2.1986,137.57,35140249.90,3532384.55,160790975.87,247705864.85,408496840.72,67717.40,4.70259704,0.00091791,0.02937321,0.01835826,1.07188995,1.09024821,847192162.55,30.7515
99,0.2710,2.1989,2.1989,137.83,35146582.76,3532631.24,160844517.26,247720023.12,408564540.37,67699.66,4.70136501,0.00091755,0.02936159,0.01835099,1.07186730,1.09021829,847341195.54,30.7402
100,0.2738,2.1992,2.1992,138.09,35152916.46,3532877.93,160898041.71,247734180.59,408632222.29,67681.92,4.70013337,0.00091719,0.02934998,0.01834373,1.07184471,1.09018844,847490210.79,30.7289
101,0.2765,2.1995,2.1995,138.35,35159251.00,3533124.61,160951549.22,247748337.26,408699886.48,67664.19,4.69890210,0.00091682,0.02933836,0.01833648,1.07182217,1.09015865,847639208.31,30.7175
102,0.2793,2.1998,2.1998,138.62,35165586.40,3533371.28,161005039.80,247762493.15,408767532.95,67646.47,4.69767122,0.00091646,0.02932676,0.01832922,1.07179970,1.09012892,847788188.11,30.7062
103,0.2820,2.2001,2.2001,138.88,35171922.64,3533617.95,161058513.46,247776648.24,408835161.70,67628.75,4.69644071,0.00091610,0.02931516,0.01832197,1.07177729,1.09009926,847937150.19,30.6949
104,0.2847,2.2004,2.2004,139.14,35178259.73,3533864.60,161111970.20,247790802.53,408902772.73,67611.03,4.69521059,0.00091574,0.02930356,0.01831473,1.07175494,1.09006966,848086094.56,30.6836
105,0.2875,2.2007,2.2007,139.41,35184597.66,3534111.25,161165410.02,247804956.03,408970366.05,67593.32,4.69398085,0.00091537,0.02929197,0.01830748,1.07173264,1.09004012,848235021.22,30.6723
106,0.2902,2.2010,2.2010,139.67,35190936.44,3534357.90,161218832.93,247819108.74,409037941.67,67575.62,4.69275149,0.00091501,0.02928039,0.01830024,1.07171041,1.09001065,848383930.17,30.6610
107,0.2930,2.2013,2.2013,139.94,35197276.07,3534604.54,161272238.94,247833260.66,409105499.60,67557.92,4.69152250,0.00091465,0.02926880,0.01829300,1.07168823,1.08998124,848532821.43,30.6497
108,0.2957,2.2016,2.2016,140.20,35203616.55,3534851.16,161325628.05,247847411.78,409173039.83,67540.23,4.69029390,0.00091429,0.02925723,0.01828577,1.07166612,1.08995189,848681694.99,30.6384
109,0.2984,2.2018,2.2018,140.47,35209957.87,3535097.79,161379000.27,247861562.11,409240562.38,67522.55,4.68906568,0.00091393,0.02924566,0.01827854,1.07164406,1.08992260,848830550.87,30.6271
110,0.3012,2.2021,2.2021,140.74,35216300.05,3535344.40,161432355.59,247875711.65,409308067.24,67504.86,4.68783783,0.00091357,0.02923409,0.01827131,1.07162207,1.08989337,848979389.07,30.6158
111,0.3039,2.2024,2.2024,141.00,35222643.07,3535591.01,161485694.04,247889860.39,409375554.43,67487.19,4.68661037,0.00091320,0.02922253,0.01826408,1.07160013,1.08986421,849128209.59,30.6045
112,0.3066,2.2027,2.2027,141.27,35228986.93,3535837.61,161539015.61,247904008.34,409443023.95,67469.52,4.68538329,0.00091284,0.02921097,0.01825686,1.07157825,1.08983511,849277012.45,30.5932
113,0.3094,2.2030,2.2030,141.54,35235331.65,3536084.21,161592320.30,247918155.50,409510475.81,67451.85,4.68415658,0.00091248,0.02919942,0.01824964,1.07155643,1.08980607,849425797.63,30.5820
114,0.3121,2.2033,2.2033,141.81,35241677.22,3536330.79,161645608.13,247932301.87,409577910.00,67434.20,4.68293025,0.00091212,0.02918788,0.01824242,1.07153466,1.08977709,849574565.16,30.5707
115,0.3149,2.2036,2.2036,142.08,35248023.63,3536577.37,161698879.10,247946447.44,409645326.54,67416.54,4.68170431,0.00091176,0.02917634,0.01823521,1.07151296,1.08974817,849723315.04,30.5594
116,0.3176,2.2039,2.2039,142.35,35254370.89,3536823.94,161752133.21,247960592.23,409712725.44,67398.89,4.68047874,0.00091140,0.02916480,0.01822800,1.07149131,1.08971931,849872047.27,30.5481
117,0.3203,2.2042,2.2042,142.62,35260719.00,3537070.51,161805370.47,247974736.22,409780106.69,67381.25,4.67925355,0.00091104,0.02915327,0.01822079,1.07146972,1.08969051,850020761.85,30.5369
118,0.3231,2.2045,2.2045,142.89,35267067.96,3537317.07,161858590.89,247988879.42,409847470.30,67363.61,4.67802874,0.00091068,0.02914174,0.01821359,1.07144819,1.08966178,850169458.80,30.5256
119,0.3258,2.2048,2.2048,143.16,35273417.76,3537563.62,161911794.46,248003021.82,409914816.28,67345.98,4.67680431,0.00091032,0.02913022,0.01820639,1.07142671,1.08963310,850318138.11,30.5143
120,0.3285,2.2051,2.2051,143.44,35279768.42,3537810.16,161964981.20,248017163.44,409982144.64,67328.36,4.67558026,0.00090996,0.02911870,0.01819919,1.07140529,1.08960448,850466799.80,30.5031
121,0.3313,2.2054,2.2054,143.71,35286119.92,3538056.70,162018151.11,248031304.26,410049455.37,67310.73,4.67435658,0.00090960,0.02910719,0.01819199,1.07138393,1.08957593,850615443.87,30.4918
122,0.3340,2.2057,2.2057,143.98,35292472.28,3538303.23,162071304.20,248045444.30,410116748.49,67293.12,4.67313329,0.00090924,0.02909568,0.01818480,1.07136263,1.08954743,850764070.32,30.4805
123,0.3368,2.2060,2.2060,144.25,35298825.48,3538549.75,162124440.47,248059583.54,410184024.00,67275.51,4.67191037,0.00090888,0.02908418,0.01817761,1.07134138,1.08951900,850912679.17,30.4693
124,0.3395,2.2063,2.2063,144.53,35305179.53,3538796.27,162177559.92,248073721.99,410251281.91,67257.90,4.67068783,0.00090852,0.02907268,0.01817043,1.07132019,1.08949062,851061270.40,30.4580
125,0.3422,2.2066,2.2066,144.80,35311534.43,3539042.78,162230662.57,248087859.65,410318522.21,67240.31,4.66946567,0.00090816,0.02906119,0.01816324,1.07129906,1.08946230,851209844.04,30.4468
126,0.3450,2.2069,2.2069,145.08,35317890.18,3539289.28,162283748.41,248101996.51,410385744.93,67222.71,4.66824388,0.00090780,0.02904970,0.01815607,1.07127798,1.08943405,851358400.09,30.4355
127,0.3477,2.2072,2.2072,145.35,35324246.79,3539535.77,162336817.46,248116132.59,410452950.05,67205.12,4.66702247,0.00090744,0.02903822,0.01814889,1.07125696,1.08940585,851506938.54,30.4243
128,0.3504,2.2074,2.2074,145.63,35330604.24,3539782.26,162389869.71,248130267.88,410520137.59,67187.54,4.66580144,0.00090709,0.02902674,0.01814172,1.07123600,1.08937771,851655459.42,30.4131
129,0.3532,2.2077,2.2077,145.91,35336962.54,3540028.74,162442905.18,248144402.38,410587307.55,67169.96,4.66458079,0.00090673,0.02901527,0.01813454,1.07121509,1.08934963,851803962.72,30.4018
130,0.3559,2.2080,2.2080,146.19,35343321.69,3540275.21,162495923.86,248158536.08,410654459.94,67152.39,4.66336052,0.00090637,0.02900380,0.01812738,1.07119423,1.08932161,851952448.44,30.3906
131,0.3587,2.2083,2.2083,146.46,35349681.69,3540521.68,162548925.77,248172669.00,410721594.77,67134.82,4.66214062,0.00090601,0.02899234,0.01812021,1.07117343,1.08929365,852100916.60,30.3794
132,0.3614,2.2086,2.2086,146.74,35356042.54,3540768.14,162601910.91,248186801.12,410788712.03,67117.26,4.66092110,0.00090565,0.02898088,0.01811305,1.07115269,1.08926574,852249367.20,30.3681
133,0.3641,2.2089,2.2089,147.02,35362404.24,3541014.59,162654879.28,248200932.46,410855811.74,67099.71,4.65970196,0.00090529,0.02896943,0.01810589,1.07113200,1.08923790,852397800.24,30.3569
134,0.3669,2.2092,2.2092,147.30,35368766.79,3541261.03,162707830.89,248215063.00,410922893.90,67082.16,4.65848319,0.00090494,0.02895798,0.01809874,1.07111137,1.08921011,852546215.73,30.3457
135,0.3696,2.2095,2.2095,147.58,35375130.19,3541507.47,162760765.75,248229192.76,410989958.51,67064.61,4.65726480,0.00090458,0.02894654,0.01809159,1.07109079,1.08918238,852694613.68,30.3345
136,0.3723,2.2098,2.2098,147.86,35381494.45,3541753.90,162813683.86,248243321.73,411057005.59,67047.07,4.65604679,0.00090422,0.02893510,0.01808444,1.07107027,1.08915471,852842994.08,30.3232
137,0.3751,2.2101,2.2101,148.14,35387859.55,3542000.32,162866585.22,248257449.90,411124035.13,67029.54,4.65482915,0.00090386,0.02892367,0.01807729,1.07104980,1.08912709,852991356.96,30.3120
138,0.3778,2.2104,2.2104,148.42,35394225.50,3542246.74,162919469.85,248271577.29,411191047.14,67012.01,4.65361189,0.00090351,0.02891224,0.01807015,1.07102939,1.08909954,853139702.30,30.3008
139,0.3806,2.2107,2.2107,148.71,35400592.31,3542493.15,162972337.74,248285703.89,411258041.63,66994.49,4.65239501,0.00090315,0.02890081,0.01806301,1.07100903,1.08907204,853288030.12,30.2896
140,0.3833,2.2110,2.2110,148.99,35406959.96,3542739.55,163025188.90,248299829.70,411325018.60,66976.97,4.65117850,0.00090279,0.02888940,0.01805587,1.07098872,1.08904460,853436340.43,30.2784
141,0.3860,2.2113,2.2113,149.27,35413328.47,3542985.95,163078023.34,248313954.72,411391978.05,66959.46,4.64996237,0.00090244,0.02887798,0.01804874,1.07096847,1.08901721,853584633.22,30.2672
142,0.3888,2.2116,2.2116,149.55,35419697.83,3543232.33,163130841.06,248328078.95,411458920.00,66941.95,4.64874661,0.00090208,0.02886657,0.01804161,1.07094828,1.08898988,853732908.50,30.2560
143,0.3915,2.2119,2.2119,149.84,35426068.04,3543478.71,163183642.06,248342202.39,411525844.45,66924.45,4.64753123,0.00090172,0.02885517,0.01803448,1.07092813,1.08896261,853881166.28,30.2448
144,0.3943,2.2122,2.2122,150.12,35432439.10,3543725.09,163236426.36,248356325.04,411592751.41,66906.95,4.64631623,0.00090137,0.02884377,0.01802736,1.07090804,1.08893540,854029406.57,30.2336
145,0.3970,2.2125,2.2125,150.41,35438811.02,3543971.46,163289193.96,248370446.91,411659640.87,66889.46,4.64510160,0.00090101,0.02883237,0.01802023,1.07088800,1.08890824,854177629.37,30.2224
146,0.3997,2.2128,2.2128,150.69,35445183.78,3544217.81,163341944.86,248384567.99,411726512.85,66871.98,4.64388734,0.00090066,0.02882098,0.01801311,1.07086802,1.08888114,854325834.68,30.2112
147,0.4025,2.2131,2.2131,150.98,35451557.40,3544464.17,163394679.07,248398688.27,411793367.35,66854.50,4.64267346,0.00090030,0.02880960,0.01800600,1.07084809,1.08885409,854474022.51,30.2001
148,0.4052,2.2134,2.2134,151.27,35457931.87,3544710.51,163447396.60,248412807.77,411860204.37,66837.02,4.64145996,0.00089994,0.02879822,0.01799889,1.07082821,1.08882710,854622192.87,30.1889
149,0.4079,2.2137,2.2137,151.56,35464307.19,3544956.85,163500097.44,248426926.48,411927023.92,66819.55,4.64024683,0.00089959,0.02878684,0.01799178,1.07080839,1.08880017,854770345.75,30.1777
150,0.4107,2.2139,2.2139,151.84,35470683.37,3545203.18,163552781.61,248441044.41,411993826.02,66802.09,4.63903408,0.00089923,0.02877547,0.01798467,1.07078862,1.08877329,854918481.18,30.1665
151,0.4134,2.2142,2.2142,152.13,35477060.39,3545449.51,163605449.10,248455161.54,412060610.65,66784.63,4.63782170,0.00089888,0.02876411,0.01797757,1.07076890,1.08874646,855066599.14,30.1554
152,0.4162,2.2145,2.2145,152.42,35483438.27,3545695.82,163658099.93,248469277.89,412127377.83,66767.18,4.63660970,0.00089852,0.02875275,0.01797047,1.07074923,1.08871970,855214699.66,30.1442
153,0.4189,2.2148,2.2148,152.71,35489817.00,3545942.13,163710734.11,248483393.45,412194127.56,66749.73,4.63539807,0.00089817,0.02874139,0.01796337,1.07072961,1.08869298,855362782.72,30.1330
154,0.4216,2.2151,2.2151,153.00,35496196.59,3546188.43,163763351.62,248497508.23,412260859.85,66732.29,4.63418681,0.00089781,0.02873004,0.01795628,1.07071005,1.08866633,855510848.35,30.1219
155,0.4244,2.2154,2.2154,153.29,35502577.02,3546434.73,163815952.49,248511622.21,412327574.70,66714.85,4.63297593,0.00089746,0.02871869,0.01794918,1.07069054,1.08863972,855658896.53,30.1107
156,0.4271,2.2157,2.2157,153.58,35508958.31,3546681.02,163868536.71,248525735.41,412394272.13,66697.42,4.63176543,0.00089710,0.02870735,0.01794210,1.07067108,1.08861318,855806927.29,30.0995
157,0.4298,2.2160,2.2160,153.88,35515340.46,3546927.30,163921104.30,248539847.82,412460952.12,66680.00,4.63055529,0.00089675,0.02869602,0.01793501,1.07065167,1.08858668,855954940.62,30.0884
158,0.4326,2.2163,2.2163,154.17,35521723.45,3547173.57,163973655.25,248553959.45,412527614.70,66662.58,4.62934554,0.00089640,0.02868469,0.01792793,1.07063232,1.08856025,856102936.53,30.0772
159,0.4353,2.2166,2.2166,154.46,35528107.30,3547419.84,164026189.57,248568070.28,412594259.86,66645.16,4.62813615,0.00089604,0.02867336,0.01792085,1.07061301,1.08853386,856250915.02,30.0661
160,0.4381,2.2169,2.2169,154.76,35534492.00,3547666.10,164078707.27,248582180.34,412660887.61,66627.75,4.62692714,0.00089569,0.02866204,0.01791377,1.07059376,1.08850753,856398876.10,30.0549
161,0.4408,2.2172,2.2172,155.05,35540877.56,3547912.36,164131208.36,248596289.60,412727497.96,66610.35,4.62571850,0.00089533,0.02865072,0.01790670,1.07057456,1.08848126,856546819.78,30.0438
162,0.4435,2.2175,2.2175,155.34,35547263.97,3548158.60,164183692.83,248610398.08,412794090.90,66592.95,4.62451024,0.00089498,0.02863941,0.01789963,1.07055541,1.08845503,856694746.07,30.0327
163,0.4463,2.2178,2.2178,155.64,35553651.23,3548404.84,164236160.69,248624505.77,412860666.46,66575.55,4.62330235,0.00089463,0.02862810,0.01789256,1.07053630,1.08842887,856842654.95,30.0215
164,0.4490,2.2181,2.2181,155.94,35560039.35,3548651.07,164288611.95,248638612.67,412927224.62,66558.17,4.62209483,0.00089427,0.02861680,0.01788550,1.07051725,1.08840275,856990546.45,30.0104
165,0.4517,2.2184,2.2184,156.23,35566428.32,3548897.30,164341046.61,248652718.79,412993765.40,66540.78,4.62088769,0.00089392,0.02860550,0.01787844,1.07049825,1.08837669,857138420.57,29.9993
166,0.4545,2.2187,2.2187,156.53,35572818.15,3549143.52,164393464.68,248666824.13,413060288.81,66523.41,4.61968092,0.00089357,0.02859421,0.01787138,1.07047930,1.08835068,857286277.31,29.9881
167,0.4572,2.2190,2.2190,156.83,35579208.83,3549389.73,164445866.17,248680928.67,413126794.84,66506.03,4.61847452,0.00089322,0.02858292,0.01786432,1.07046040,1.08832473,857434116.67,29.9770
168,0.4600,2.2193,2.2193,157.12,35585600.36,3549635.93,164498251.08,248695032.43,413193283.51,66488.67,4.61726850,0.00089286,0.02857163,0.01785727,1.07044156,1.08829883,857581938.67,29.9659
169,0.4627,2.2196,2.2196,157.42,35591992.75,3549882.13,164550619.41,248709135.41,413259754.81,66471.31,4.61606285,0.00089251,0.02856036,0.01785022,1.07042276,1.08827298,857729743.31,29.9548
170,0.4654,2.2199,2.2199,157.72,35598385.99,3550128.32,164602971.16,248723237.60,413326208.76,66453.95,4.61485757,0.00089216,0.02854908,0.01784318,1.07040401,1.08824718,857877530.59,29.9437
171,0.4682,2.2202,2.2202,158.02,35604780.09,3550374.50,164655306.36,248737339.00,413392645.36,66436.60,4.61365266,0.00089181,0.02853781,0.01783613,1.07038531,1.08822144,858025300.52,29.9325
172,0.4709,2.2205,2.2205,158.32,35611175.04,3550620.68,164707624.99,248751439.62,413459064.62,66419.25,4.61244813,0.00089145,0.02852655,0.01782909,1.07036666,1.08819575,858173053.11,29.9214
173,0.4736,2.2208,2.2208,158.62,35617570.85,3550866.84,164759927.07,248765539.46,413525466.53,66401.91,4.61124396,0.00089110,0.02851529,0.01782206,1.07034805,1.08817011,858320788.36,29.9103
174,0.4764,2.2211,2.2211,158.92,35623967.51,3551113.01,164812212.60,248779638.51,413591851.11,66384.58,4.61004017,0.00089075,0.02850404,0.01781502,1.07032950,1.08814452,858468506.27,29.8992
175,0.4791,2.2214,2.2214,159.23,35630365.03,3551359.16,164864481.59,248793736.77,413658218.36,66367.25,4.60883676,0.00089040,0.02849279,0.01780799,1.07031100,1.08811899,858616206.85,29.8881
176,0.4819,2.2217,2.2217,159.53,35636763.40,3551605.31,164916734.03,248807834.25,413724568.28,66349.93,4.60763371,0.00089005,0.02848154,0.01780096,1.07029254,1.08809351,858763890.11,29.8770
177,0.4846,2.2220,2.2220,159.83,35643162.63,3551851.45,164968969.95,248821930.94,413790900.89,66332.61,4.60643104,0.00088970,0.02847030,0.01779394,1.07027414,1.08806808,858911556.05,29.8659
178,0.4873,2.2223,2.2223,160.14,35649562.71,3552097.58,165021189.33,248836026.85,413857216.18,66315.29,4.60522873,0.00088935,0.02845907,0.01778692,1.07025578,1.08804270,859059204.68,29.8549
179,0.4901,2.2225,2.2225,160.44,35655963.65,3552343.71,165073392.19,248850121.98,413923514.17,66297.99,4.60402680,0.00088899,0.02844784,0.01777990,1.07023747,1.08801737,859206836.00,29.8438
180,0.4928,2.2228,2.2228,160.75,35662365.45,3552589.83,165125578.53,248864216.32,413989794.85,66280.68,4.60282524,0.00088864,0.02843661,0.01777288,1.07021921,1.08799209,859354450.01,29.8327
181,0.4956,2.2231,2.2231,161.05,35668768.10,3552835.94,165177748.36,248878309.88,414056058.24,66263.39,4.60162405,0.00088829,0.02842539,0.01776587,1.07020100,1.08796687,859502046.73,29.8216
182,0.4983,2.2234,2.2234,161.36,35675171.60,3553082.04,165229901.68,248892402.65,414122304.33,66246.09,4.60042323,0.00088794,0.02841417,0.01775886,1.07018284,1.08794169,859649626.16,29.8105
183,0.5010,2.2237,2.2237,161.66,35681575.97,3553328.14,165282038.50,248906494.64,414188533.14,66228.81,4.59922279,0.00088759,0.02840296,0.01775185,1.07016472,1.08791657,859797188.30,29.7995
184,0.5038,2.2240,2.2240,161.97,35687981.19,3553574.23,165334158.83,248920585.84,414254744.67,66211.53,4.59802271,0.00088724,0.02839175,0.01774485,1.07014665,1.08789150,859944733.16,29.7884
185,0.5065,2.2243,2.2243,162.28,35694387.26,3553820.32,165386262.66,248934676.26,414320938.92,66194.25,4.59682301,0.00088689,0.02838055,0.01773785,1.07012863,1.08786647,860092260.75,29.7773
186,0.5092,2.2246,2.2246,162.59,35700794.19,3554066.40,165438350.00,248948765.90,414387115.90,66176.98,4.59562367,0.00088654,0.02836936,0.01773085,1.07011066,1.08784150,860239771.06,29.7662
187,0.5120,2.2249,2.2249,162.90,35707201.98,3554312.47,165490420.86,248962854.75,414453275.62,66159.72,4.59442471,0.00088619,0.02835816,0.01772385,1.07009273,1.08781658,860387264.11,29.7552
188,0.5147,2.2252,2.2252,163.21,35713610.62,3554558.53,165542475.25,248976942.82,414519418.07,66142.46,4.59322612,0.00088584,0.02834698,0.01771686,1.07007485,1.08779171,860534739.90,29.7441
189,0.5175,2.2255,2.2255,163.52,35720020.12,3554804.58,165594513.16,248991030.11,414585543.27,66125.20,4.59202790,0.00088549,0.02833579,0.01770987,1.07005702,1.08776689,860682198.44,29.7331
190,0.5202,2.2258,2.2258,163.83,35726430.48,3555050.63,165646534.61,249005116.62,414651651.23,66107.95,4.59083004,0.00088514,0.02832461,0.01770288,1.07003923,1.08774212,860829639.72,29.7220
191,0.5229,2.2261,2.2261,164.14,35732841.70,3555296.68,165698539.60,249019202.34,414717741.94,66090.71,4.58963256,0.00088480,0.02831344,0.01769590,1.07002149,1.08771740,860977063.76,29.7110
192,0.5257,2.2264,2.2264,164.45,35739253.77,3555542.71,165750528.13,249033287.28,414783815.41,66073.47,4.58843545,0.00088445,0.02830227,0.01768892,1.07000380,1.08769272,861124470.57,29.6999
193,0.5284,2.2267,2.2267,164.76,35745666.70,3555788.74,165802500.21,249047371.43,414849871.64,66056.24,4.58723871,0.00088410,0.02829111,0.01768194,1.06998616,1.08766810,861271860.14,29.6889
194,0.5311,2.2270,2.2270,165.08,35752080.48,3556034.76,165854455.85,249061454.80,414915910.65,66039.01,4.58604233,0.00088375,0.02827995,0.01767497,1.06996856,1.08764353,861419232.48,29.6778
195,0.5339,2.2273,2.2273,165.39,35758495.13,3556280.77,165906395.05,249075537.39,414981932.44,66021.79,4.58484633,0.00088340,0.02826880,0.01766800,1.06995101,1.08761900,861566587.60,29.6668
196,0.5366,2.2276,2.2276,165.71,35764910.63,3556526.78,165958317.81,249089619.20,415047937.01,66004.57,4.58365070,0.00088305,0.02825765,0.01766103,1.06993350,1.08759453,861713925.51,29.6558
197,0.5394,2.2279,2.2279,166.02,35771326.99,3556772.78,166010224.14,249103700.23,415113924.37,65987.36,4.58245544,0.00088270,0.02824650,0.01765406,1.06991604,1.08757010,861861246.20,29.6447
198,0.5421,2.2282,2.2282,166.34,35777744.20,3557018.77,166062114.05,249117780.47,415179894.52,65970.15,4.58126054,0.00088236,0.02823536,0.01764710,1.06989862,1.08754573,862008549.68,29.6337
199,0.5448,2.2285,2.2285,166.65,35784162.28,3557264.76,166113987.54,249131859.93,415245847.47,65952.95,4.58006602,0.00088201,0.02822423,0.01764014,1.06988126,1.08752140,862155835.97,29.6227
200,0.5476,2.2288,2.2288,166.97,35790581.21,3557510.74,166165844.61,249145938.61,415311783.23,65935.75,4.57887186,0.00088166,0.02821310,0.01763319,1.06986393,1.08749712,862303105.05,29.6117
201,0.5503,2.2291,2.2291,167.29,35797001.00,3557756.71,166217685.28,249160016.51,415377701.79,65918.56,4.57767807,0.00088131,0.02820197,0.01762623,1.06984665,1.08747289,862450356.95,29.6007
202,0.5530,2.2294,2.2294,167.60,35803421.65,3558002.67,166269509.55,249174093.62,415443603.17,65901.38,4.57648465,0.00088096,0.02819085,0.01761928,1.06982942,1.08744870,862597591.66,29.5896
203,0.5558,2.2297,2.2297,167.92,35809843.16,3558248.63,166321317.41,249188169.96,415509487.37,65884.20,4.57529160,0.00088062,0.02817973,0.01761233,1.06981223,1.08742457,862744809.20,29.5786
204,0.5585,2.2300,2.2300,168.24,35816265.52,3558494.58,166373108.88,249202245.51,415575354.39,65867.02,4.57409892,0.00088027,0.02816862,0.01760539,1.06979509,1.08740048,862892009.55,29.5676
205,0.5613,2.2303,2.2303,168.56,35822688.75,3558740.53,166424883.97,249216320.28,415641204.25,65849.86,4.57290661,0.00087992,0.02815752,0.01759845,1.06977799,1.08737644,863039192.74,29.5566
206,0.5640,2.2306,2.2306,168.88,35829112.83,3558986.46,166476642.67,249230394.27,415707036.94,65832.69,4.57171467,0.00087958,0.02814641,0.01759151,1.06976094,1.08735245,863186358.77,29.5456
207,0.5667,2.2309,2.2309,169.20,35835537.77,3559232.39,166528384.99,249244467.48,415772852.47,65815.53,4.57052309,0.00087923,0.02813532,0.01758457,1.06974393,1.08732850,863333507.63,29.5346
208,0.5695,2.2312,2.2312,169.52,35841963.57,3559478.31,166580110.94,249258539.91,415838650.85,65798.38,4.56933188,0.00087888,0.02812422,0.01757764,1.06972697,1.08730461,863480639.35,29.5236
209,0.5722,2.2315,2.2315,169.85,35848390.23,3559724.23,166631820.53,249272611.55,415904432.08,65781.23,4.56814104,0.00087854,0.02811314,0.01757071,1.06971005,1.08728076,863627753.91,29.5126
210,0.5749,2.2318,2.2318,170.17,35854817.75,3559970.14,166683513.75,249286682.42,415970196.17,65764.09,4.56695057,0.00087819,0.02810205,0.01756378,1.06969317,1.08725695,863774851.33,29.5016
211,0.5777,2.2321,2.2321,170.49,35861246.12,3560216.04,166735190.61,249300752.51,416035943.12,65746.95,4.56576047,0.00087784,0.02809097,0.01755686,1.06967634,1.08723320,863921931.62,29.4907
212,0.5804,2.2324,2.2324,170.82,35867675.36,3560461.94,166786851.13,249314821.81,416101672.94,65729.82,4.56457073,0.00087750,0.02807990,0.01754994,1.06965955,1.08720949,864068994.77,29.4797
213,0.5832,2.2327,2.2327,171.14,35874105.46,3560707.82,166838495.29,249328890.34,416167385.63,65712.69,4.56338136,0.00087715,0.02806883,0.01754302,1.06964281,1.08718583,864216040.79,29.4687
214,0.5859,2.2330,2.2330,171.47,35880536.41,3560953.70,166890123.12,249342958.08,416233081.20,65695.57,4.56219236,0.00087681,0.02805777,0.01753611,1.06962611,1.08716221,864363069.70,29.4577
215,0.5886,2.2333,2.2333,171.79,35886968.23,3561199.58,166941734.61,249357025.04,416298759.65,65678.45,4.56100373,0.00087646,0.02804671,0.01752919,1.06960945,1.08713864,864510081.48,29.4467
216,0.5914,2.2336,2.2336,172.12,35893400.91,3561445.44,166993329.77,249371091.23,416364421.00,65661.34,4.55981546,0.00087611,0.02803565,0.01752228,1.06959284,1.08711512,864657076.16,29.4358
217,0.5941,2.2339,2.2339,172.45,35899834.44,3561691.30,167044908.60,249385156.63,416430065.23,65644.24,4.55862756,0.00087577,0.02802460,0.01751538,1.06957627,1.08709164,864804053.73,29.4248
218,0.5969,2.2342,2.2342,172.77,35906268.84,3561937.16,167096471.11,249399221.26,416495692.37,65627.14,4.55744003,0.00087542,0.02801356,0.01750847,1.06955974,1.08706821,864951014.20,29.4138
219,0.5996,2.2345,2.2345,173.10,35912704.09,3562183.00,167148017.31,249413285.10,416561302.41,65610.04,4.55625286,0.00087508,0.02800252,0.01750157,1.06954325,1.08704483,865097957.57,29.4029
220,0.6023,2.2348,2.2348,173.43,35919140.21,3562428.84,167199547.20,249427348.17,416626895.36,65592.95,4.55506606,0.00087473,0.02799148,0.01749468,1.06952681,1.08702149,865244883.86,29.3919
221,0.6051,2.2351,2.2351,173.76,35925577.18,3562674.67,167251060.78,249441410.45,416692471.23,65575.87,4.55387963,0.00087439,0.02798045,0.01748778,1.06951041,1.08699820,865391793.06,29.3810
222,0.6078,2.2354,2.2354,174.09,35932015.02,3562920.50,167302558.06,249455471.96,416758030.02,65558.79,4.55269356,0.00087404,0.02796942,0.01748089,1.06949406,1.08697495,865538685.18,29.3700
223,0.6105,2.2357,2.2357,174.42,35938453.72,3563166.32,167354039.04,249469532.69,416823571.73,65541.71,4.55150787,0.00087370,0.02795840,0.01747400,1.06947774,1.08695175,865685560.23,29.3591
224,0.6133,2.2360,2.2360,174.75,35944893.28,3563412.13,167405503.74,249483592.63,416889096.37,65524.64,4.55032253,0.00087336,0.02794739,0.01746712,1.06946147,1.08692859,865832418.20,29.3481
225,0.6160,2.2363,2.2363,175.09,35951333.69,3563657.93,167456952.15,249497651.80,416954603.95,65507.58,4.54913757,0.00087301,0.02793637,0.01746023,1.06944524,1.08690548,865979259.12,29.3372
226,0.6188,2.2366,2.2366,175.42,35957774.97,3563903.73,167508384.29,249511710.19,417020094.48,65490.52,4.54795296,0.00087267,0.02792537,0.01745335,1.06942906,1.08688241,866126082.97,29.3263
227,0.6215,2.2369,2.2369,175.75,35964217.12,3564149.52,167559800.14,249525767.80,417085567.95,65473.47,4.54676873,0.00087232,0.02791436,0.01744648,1.06941291,1.08685939,866272889.78,29.3153
228,0.6242,2.2372,2.2372,176.09,35970660.12,3564395.30,167611199.73,249539824.64,417151024.37,65456.42,4.54558486,0.00087198,0.02790336,0.01743960,1.06939681,1.08683641,866419679.53,29.3044
229,0.6270,2.2375,2.2375,176.42,35977103.98,3564641.08,167662583.06,249553880.69,417216463.75,65439.38,4.54440136,0.00087164,0.02789237,0.01743273,1.06938075,1.08681348,866566452.24,29.2935
230,0.6297,2.2378,2.2378,176.76,35983548.71,3564886.85,167713950.12,249567935.97,417281886.09,65422.34,4.54321822,0.00087129,0.02788138,0.01742586,1.06936473,1.08679059,866713207.92,29.2825
231,0.6324,2.2381,2.2381,177.09,35989994.29,3565132.61,167765300.94,249581990.46,417347291.40,65405.31,4.54203545,0.00087095,0.02787040,0.01741900,1.06934875,1.08676775,866859946.56,29.2716
232,0.6352,2.2384,2.2384,177.43,35996440.74,3565378.36,167816635.50,249596044.18,417412679.69,65388.28,4.54085304,0.00087061,0.02785942,0.01741214,1.06933281,1.08674495,867006668.18,29.2607
233,0.6379,2.2386,2.2386,177.77,36002888.05,3565624.11,167867953.82,249610097.12,417478050.95,65371.26,4.53967100,0.00087026,0.02784844,0.01740528,1.06931692,1.08672219,867153372.78,29.2498
234,0.6407,2.2389,2.2389,178.10,36009336.22,3565869.85,167919255.91,249624149.29,417543405.19,65354.25,4.53848932,0.00086992,0.02783747,0.01739842,1.06930106,1.08669948,867300060.36,29.2389
235,0.6434,2.2392,2.2392,178.44,36015785.26,3566115.59,167970541.76,249638200.67,417608742.43,65337.24,4.53730801,0.00086958,0.02782651,0.01739157,1.06928525,1.08667681,867446730.93,29.2280
236,0.6461,2.2395,2.2395,178.78,36022235.15,3566361.31,168021811.38,249652251.28,417674062.66,65320.23,4.53612707,0.00086924,0.02781555,0.01738472,1.06926947,1.08665419,867593384.49,29.2171
237,0.6489,2.2398,2.2398,179.12,36028685.91,3566607.03,168073064.78,249666301.11,417739365.89,65303.23,4.53494648,0.00086889,0.02780459,0.01737787,1.06925374,1.08663161,867740021.05,29.2062
238,0.6516,2.2401,2.2401,179.46,36035137.53,3566852.75,168124301.96,249680350.17,417804652.12,65286.23,4.53376627,0.00086855,0.02779364,0.01737102,1.06923805,1.08660907,867886640.62,29.1953
239,0.6543,2.2404,2.2404,179.80,36041590.01,3567098.45,168175522.93,249694398.44,417869921.37,65269.24,4.53258641,0.00086821,0.02778269,0.01736418,1.06922240,1.08658658,868033243.20,29.1844
240,0.6571,2.2407,2.2407,180.15,36048043.36,3567344.15,168226727.69,249708445.94,417935173.63,65252.26,4.53140693,0.00086787,0.02777175,0.01735734,1.06920678,1.08656413,868179828.79,29.1735
241,0.6598,2.2410,2.2410,180.49,36054497.57,3567589.84,168277916.25,249722492.66,418000408.91,65235.28,4.53022780,0.00086753,0.02776081,0.01735051,1.06919121,1.08654172,868243064.07,29.1626
242,0.6626,2.2413,2.2413,180.83,36060952.64,3567835.53,168329088.61,249736538.61,418065627.21,65218.31,4.52904904,0.00086718,0.02774988,0.01734367,1.06907307,1.08641675,868306282.38,29.1545
243,0.6653,2.2416,2.2416,181.18,36067408.57,3568081.21,168380244.78,249750583.77,418130828.55,65201.34,4.52787065,0.00086684,0.02773895,0.01733684,1.06895501,1.08629185,868369483.71,29.1463
244,0.6680,2.2419,2.2419,181.52,36073865.37,3568326.88,168431384.76,249764628.16,418196012.92,65184.37,4.52669262,0.00086650,0.02772803,0.01733002,1.06883702,1.08616704,868432668.09,29.1382
245,0.6708,2.2422,2.2422,181.86,36080323.03,3568572.54,168482508.56,249778671.78,418261180.34,65167.42,4.52551495,0.00086616,0.02771711,0.01732319,1.06871912,1.08604231,868495835.50,29.1301
246,0.6735,2.2425,2.2425,182.21,36086781.55,3568818.20,168533616.19,249792714.62,418326330.80,65150.46,4.52433765,0.00086582,0.02770619,0.01731637,1.06860129,1.08591766,868558985.96,29.1219
247,0.6762,2.2428,2.2428,182.56,36093240.94,3569063.85,168584707.64,249806756.68,418391464.32,65133.51,4.52316071,0.00086548,0.02769528,0.01730955,1.06848353,1.08579308,868622119.48,29.1138
248,0.6790,2.2431,2.2431,182.90,36099701.19,3569309.50,168635782.93,249820797.96,418456580.89,65116.57,4.52198413,0.00086514,0.02768438,0.01730274,1.06836585,1.08566859,868685236.05,29.1057
249,0.6817,2.2434,2.2434,183.25,36106162.30,3569555.13,168686842.05,249834838.47,418521680.52,65099.63,4.52080792,0.00086480,0.02767348,0.01729592,1.06824825,1.08554418,868748335.68,29.0976
250,0.6845,2.2437,2.2437,183.60,36112624.28,3569800.76,168737885.02,249848878.20,418586763.22,65082.70,4.51963207,0.00086446,0.02766258,0.01728911,1.06813073,1.08541984,868811418.39,29.0894
251,0.6872,2.2440,2.2440,183.95,36119087.12,3570046.39,168788911.84,249862917.16,418651829.00,65065.77,4.51845658,0.00086412,0.02765169,0.01728231,1.06801328,1.08529559,868874484.16,29.0813
252,0.6899,2.2443,2.2443,184.30,36125550.83,3570292.00,168839922.51,249876955.34,418716877.85,65048.85,4.51728146,0.00086378,0.02764080,0.01727550,1.06789591,1.08517141,868937533.01,29.0732
253,0.6927,2.2446,2.2446,184.65,36132015.40,3570537.61,168890917.04,249890992.75,418781909.79,65031.94,4.51610670,0.00086344,0.02762992,0.01726870,1.06777861,1.08504731,869000564.95,29.0651
254,0.6954,2.2449,2.2449,185.00,36138480.83,3570783.21,168941895.43,249905029.38,418846924.81,65015.03,4.51493230,0.00086310,0.02761904,0.01726190,1.06766139,1.08492329,869063579.98,29.0569
255,0.6982,2.2452,2.2452,185.35,36144947.13,3571028.81,168992857.70,249919065.23,418911922.93,64998.12,4.51375826,0.00086276,0.02760817,0.01725511,1.06754424,1.08479935,869126578.09,29.0488
256,0.7009,2.2455,2.2455,185.70,36151414.29,3571274.40,169043803.84,249933100.31,418976904.15,64981.22,4.51258459,0.00086242,0.02759730,0.01724832,1.06742717,1.08467549,869189559.31,29.0407
257,0.7036,2.2458,2.2458,186.06,36157882.32,3571519.98,169094733.86,249947134.62,419041868.47,64964.32,4.51141128,0.00086208,0.02758644,0.01724153,1.06731018,1.08455170,869252523.63,29.0326
258,0.7064,2.2461,2.2461,186.41,36164351.21,3571765.55,169145647.76,249961168.14,419106815.90,64947.43,4.51023834,0.00086174,0.02757558,0.01723474,1.06719326,1.08442800,869315471.07,29.0245
259,0.7091,2.2464,2.2464,186.76,36170820.96,3572011.12,169196545.55,249975200.90,419171746.45,64930.55,4.50906575,0.00086140,0.02756473,0.01722796,1.06707641,1.08430437,869378401.61,29.0163
260,0.7118,2.2467,2.2467,187.12,36177291.58,3572256.68,169247427.24,249989232.88,419236660.12,64913.67,4.50789353,0.00086106,0.02755388,0.01722117,1.06695964,1.08418082,869441315.28,29.0082
261,0.7146,2.2470,2.2470,187.48,36183763.07,3572502.23,169298292.83,250003264.08,419301556.91,64896.79,4.50672167,0.00086072,0.02754303,0.01721440,1.06684295,1.08405735,869504212.07,29.0001
262,0.7173,2.2473,2.2473,187.83,36190235.42,3572747.78,169349142.32,250017294.51,419366436.83,64879.92,4.50555017,0.00086038,0.02753219,0.01720762,1.06672633,1.08393395,869567092.00,28.9920
263,0.7201,2.2476,2.2476,188.19,36196708.64,3572993.32,169399975.72,250031324.17,419431299.89,64863.06,4.50437903,0.00086004,0.02752136,0.01720085,1.06660978,1.08381063,869629955.05,28.9839
264,0.7228,2.2479,2.2479,188.55,36203182.72,3573238.85,169450793.04,250045353.05,419496146.09,64846.20,4.50320826,0.00085970,0.02751053,0.01719408,1.06649331,1.08368739,869692801.25,28.9758
265,0.7255,2.2482,2.2482,188.90,36209657.67,3573484.38,169501594.28,250059381.15,419560975.43,64829.34,4.50203784,0.00085937,0.02749970,0.01718731,1.06637691,1.08356422,869755630.60,28.9677
266,0.7283,2.2485,2.2485,189.26,36216133.48,3573729.90,169552379.44,250073408.49,419625787.93,64812.50,4.50086779,0.00085903,0.02748888,0.01718055,1.06626059,1.08344114,869818443.09,28.9596
267,0.7310,2.2488,2.2488,189.62,36222610.16,3573975.41,169603148.54,250087435.05,419690583.58,64795.65,4.49969810,0.00085869,0.02747806,0.01717379,1.06614434,1.08331812,869881238.75,28.9515
268,0.7337,2.2491,2.2491,189.98,36229087.70,3574220.91,169653901.57,250101460.83,419755362.40,64778.81,4.49852877,0.00085835,0.02746725,0.01716703,1.06602816,1.08319519,869944017.56,28.9433
269,0.7365,2.2494,2.2494,190.35,36235566.11,3574466.41,169704638.54,250115485.84,419820124.38,64761.98,4.49735980,0.00085801,0.02745644,0.01716028,1.06591205,1.08307233,870006779.54,28.9352
270,0.7392,2.2497,2.2497,190.71,36242045.39,3574711.90,169755359.45,250129510.08,419884869.53,64745.15,4.49619119,0.00085768,0.02744564,0.01715352,1.06579602,1.08294955,870069524.69,28.9271
271,0.7420,2.2500,2.2500,191.07,36248525.53,3574957.39,169806064.32,250143533.54,419949597.86,64728.33,4.49502295,0.00085734,0.02743484,0.01714677,1.06568007,1.08282684,870132253.02,28.9190
272,0.7447,2.2504,2.2504,191.43,36255006.54,3575202.86,169856753.14,250157556.23,420014309.38,64711.51,4.49385506,0.00085700,0.02742405,0.01714003,1.06556418,1.08270421,870194964.54,28.9109
273,0.7474,2.2507,2.2507,191.80,36261488.42,3575448.33,169907425.93,250171578.15,420079004.08,64694.70,4.49268754,0.00085666,0.02741326,0.01713329,1.06544837,1.08258165,870257659.24,28.9028
274,0.7502,2.2510,2.2510,192.16,36267971.16,3575693.80,169958082.68,250185599.29,420143681.97,64677.89,4.49152037,0.00085633,0.02740247,0.01712654,1.06533263,1.08245917,870320337.13,28.8947
275,0.7529,2.2513,2.2513,192.53,36274454.77,3575939.25,170008723.40,250199619.66,420208343.06,64661.09,4.49035357,0.00085599,0.02739169,0.01711981,1.06521696,1.08233677,870382998.22,28.8866
276,0.7556,2.2516,2.2516,192.89,36280939.24,3576184.70,170059348.09,250213639.26,420272987.35,64644.29,4.48918713,0.00085565,0.02738092,0.01711307,1.06510137,1.08221444,870445642.52,28.8785
277,0.7584,2.2519,2.2519,193.26,36287424.58,3576430.15,170109956.77,250227658.09,420337614.86,64627.50,4.48802104,0.00085532,0.02737014,0.01710634,1.06498584,1.08209218,870508270.02,28.8704
278,0.7611,2.2522,2.2522,193.63,36293910.79,3576675.58,170160549.44,250241676.14,420402225.57,64610.72,4.48685532,0.00085498,0.02735938,0.01709961,1.06487039,1.08197000,870570880.74,28.8623
279,0.7639,2.2525,2.2525,193.99,36300397.87,3576921.01,170211126.09,250255693.42,420466819.51,64593.94,4.48568996,0.00085464,0.02734862,0.01709288,1.06475502,1.08184790,870633474.67,28.8542
280,0.7666,2.2528,2.2528,194.36,36306885.81,3577166.43,170261686.75,250269709.92,420531396.67,64577.16,4.48452495,0.00085431,0.02733786,0.01708616,1.06463971,1.08172587,870696051.83,28.8461
281,0.7693,2.2531,2.2531,194.73,36313374.62,3577411.85,170312231.40,250283725.66,420595957.06,64560.39,4.48336031,0.00085397,0.02732711,0.01707944,1.06452447,1.08160391,870758612.22,28.8380
282,0.7721,2.2534,2.2534,195.10,36319864.30,3577657.26,170362760.06,250297740.62,420660500.68,64543.62,4.48219603,0.00085364,0.02731636,0.01707272,1.06440931,1.08148203,870821155.84,28.8299
283,0.7748,2.2537,2.2537,195.47,36326354.84,3577902.66,170413272.73,250311754.81,420725027.54,64526.86,4.48103210,0.00085330,0.02730561,0.01706601,1.06429422,1.08136022,870883682.71,28.8218
284,0.7775,2.2540,2.2540,195.85,36332846.26,3578148.05,170463769.42,250325768.23,420789537.65,64510.11,4.47986854,0.00085296,0.02729487,0.01705930,1.06417919,1.08123849,870946192.81,28.8138
285,0.7803,2.2543,2.2543,196.22,36339338.54,3578393.44,170514250.13,250339780.88,420854031.01,64493.36,4.47870533,0.00085263,0.02728414,0.01705259,1.06406424,1.08111683,871008686.17,28.8057
286,0.7830,2.2546,2.2546,196.59,36345831.69,3578638.82,170564714.87,250353792.75,420918507.62,64476.61,4.47754249,0.00085229,0.02727341,0.01704588,1.06394936,1.08099524,871071162.78,28.7976
287,0.7858,2.2549,2.2549,196.96,36352325.70,3578884.19,170615163.64,250367803.85,420982967.49,64459.87,4.47638000,0.00085196,0.02726268,0.01703918,1.06383455,1.08087373,871133622.65,28.7895
288,0.7885,2.2552,2.2552,197.34,36358820.59,3579129.56,170665596.44,250381814.18,421047410.63,64443.14,4.47521787,0.00085162,0.02725196,0.01703248,1.06371981,1.08075229,871196065.79,28.7814
289,0.7912,2.2555,2.2555,197.71,36365316.34,3579374.92,170716013.29,250395823.74,421111837.04,64426.41,4.47405610,0.00085129,0.02724125,0.01702578,1.06360515,1.08063092,871258492.20,28.7733
290,0.7940,2.2558,2.2558,198.09,36371812.96,3579620.27,170766414.19,250409832.53,421176246.72,64409.68,4.47289469,0.00085095,0.02723054,0.01701908,1.06349055,1.08050963,871320901.88,28.7652
291,0.7967,2.2561,2.2561,198.47,36378310.45,3579865.62,170816799.14,250423840.55,421240639.68,64392.96,4.47173364,0.00085062,0.02721983,0.01701239,1.06337602,1.08038841,871383294.85,28.7571
292,0.7995,2.2564,2.2564,198.84,36384808.81,3580110.96,170867168.14,250437847.79,421305015.93,64376.25,4.47057295,0.00085029,0.02720913,0.01700570,1.06326156,1.08026726,871445671.10,28.7491
293,0.8022,2.2567,2.2567,199.22,36391308.04,3580356.29,170917521.21,250451854.27,421369375.48,64359.54,4.46941261,0.00084995,0.02719843,0.01699902,1.06314717,1.08014619,871508030.64,28.7410
294,0.8049,2.2570,2.2570,199.60,36397808.13,3580601.62,170967858.34,250465859.97,421433718.31,64342.84,4.46825263,0.00084962,0.02718773,0.01699233,1.06303285,1.08002519,871570373.48,28.7329
295,0.8077,2.2573,2.2573,199.98,36404309.10,3580846.94,171018179.55,250479864.91,421498044.45,64326.14,4.46709302,0.00084928,0.02717705,0.01698565,1.06291860,1.07990426,871632699.62,28.7248
296,0.8104,2.2576,2.2576,200.36,36410810.93,3581092.25,171068484.83,250493869.07,421562353.90,64309.45,4.46593376,0.00084895,0.02716636,0.01697898,1.06280442,1.07978340,871695009.06,28.7167
297,0.8131,2.2579,2.2579,200.74,36417313.63,3581337.55,171118774.19,250507872.46,421626646.66,64292.76,4.46477485,0.00084862,0.02715568,0.01697230,1.06269031,1.07966261,871757301.82,28.7087
298,0.8159,2.2582,2.2582,201.12,36423817.21,3581582.85,171169047.65,250521875.08,421690922.73,64276.07,4.46361631,0.00084828,0.02714501,0.01696563,1.06257627,1.07954190,871819577.89,28.7006
299,0.8186,2.2585,2.2585,201.50,36430321.65,3581828.14,171219305.19,250535876.94,421755182.13,64259.40,4.46245812,0.00084795,0.02713434,0.01695896,1.06246229,1.07942125,871881837.29,28.6925
300,0.8214,2.2588,2.2588,201.89,36436826.96,3582073.43,171269546.84,250549878.02,421819424.85,64242.72,4.46130029,0.00084761,0.02712367,0.01695229,1.06234839,1.07930068,871944080.02,28.6844
301,0.8241,2.2591,2.2591,202.27,36443333.14,3582318.70,171319772.58,250563878.33,421883650.91,64226.06,4.46014282,0.00084728,0.02711301,0.01694563,1.06223455,1.07918018,872006306.07,28.6764
302,0.8268,2.2594,2.2594,202.66,36449840.19,3582563.97,171369982.43,250577877.87,421947860.30,64209.39,4.45898571,0.00084695,0.02710235,0.01693897,1.06212079,1.07905975,872068515.47,28.6683
303,0.8296,2.2597,2.2597,203.04,36456348.11,3582809.24,171420176.40,250591876.64,422012053.04,64192.74,4.45782895,0.00084662,0.02709170,0.01693231,1.06200709,1.07893940,872130708.20,28.6602
304,0.8323,2.2600,2.2600,203.43,36462856.90,3583054.49,171470354.48,250605874.64,422076229.13,64176.08,4.45667255,0.00084628,0.02708105,0.01692566,1.06189345,1.07881911,872192884.29,28.6521
305,0.8350,2.2603,2.2603,203.81,36469366.56,3583299.74,171520516.69,250619871.88,422140388.56,64159.44,4.45551651,0.00084595,0.02707041,0.01691900,1.06177989,1.07869889,872255043.73,28.6441
306,0.8378,2.2606,2.2606,204.20,36475877.09,3583544.99,171570663.02,250633868.34,422204531.36,64142.80,4.45436082,0.00084562,0.02705977,0.01691235,1.06166640,1.07857875,872317186.52,28.6360
307,0.8405,2.2609,2.2609,204.59,36482388.49,3583790.22,171620793.49,250647864.03,422268657.52,64126.16,4.45320549,0.00084529,0.02704913,0.01690571,1.06155297,1.07845868,872379312.68,28.6279
308,0.8433,2.2612,2.2612,204.98,36488900.77,3584035.45,171670908.09,250661858.96,422332767.05,64109.53,4.45205052,0.00084495,0.02703850,0.01689906,1.06143961,1.07833867,872441422.21,28.6199
309,0.8460,2.2615,2.2615,205.37,36495413.91,3584280.67,171721006.83,250675853.11,422396859.95,64092.90,4.45089591,0.00084462,0.02702788,0.01689242,1.06132631,1.07821874,872503515.11,28.6118
310,0.8487,2.2618,2.2618,205.76,36501927.92,3584525.89,171771089.73,250689846.50,422460936.23,64076.28,4.44974165,0.00084429,0.02701726,0.01688579,1.06121309,1.07809887,872565591.39,28.6037
311,0.8515,2.2621,2.2621,206.15,36508442.81,3584771.10,171821156.77,250703839.11,422524995.89,64059.66,4.44858775,0.00084396,0.02700664,0.01687915,1.06109993,1.07797908,872627651.05,28.5957
312,0.8542,2.2624,2.2624,206.54,36514958.56,3585016.30,171871207.98,250717830.96,422589038.94,64043.05,4.44743420,0.00084363,0.02699603,0.01687252,1.06098684,1.07785936,872689694.10,28.5876
313,0.8569,2.2627,2.2627,206.93,36521475.19,3585261.49,171921243.35,250731822.04,422653065.39,64026.45,4.44628101,0.00084329,0.02698542,0.01686589,1.06087381,1.07773970,872751720.55,28.5796
314,0.8597,2.2630,2.2630,207.33,36527992.68,3585506.68,171971262.88,250745812.35,422717075.23,64009.85,4.44512818,0.00084296,0.02697482,0.01685926,1.06076086,1.07762012,872813730.40,28.5715
315,0.8624,2.2633,2.2633,207.72,36534511.05,3585751.86,172021266.59,250759801.90,422781068.48,63993.25,4.44397570,0.00084263,0.02696422,0.01685264,1.06064796,1.07750060,872875723.65,28.5634
316,0.8652,2.2636,2.2636,208.12,36541030.29,3585997.04,172071254.47,250773790.67,422845045.14,63976.66,4.44282358,0.00084230,0.02695363,0.01684602,1.06053514,1.07738116,872937700.31,28.5554
317,0.8679,2.2639,2.2639,208.51,36547550.40,3586242.21,172121226.54,250787778.68,422909005.22,63960.07,4.44167181,0.00084197,0.02694304,0.01683940,1.06042238,1.07726178,872999660.38,28.5473
318,0.8706,2.2642,2.2642,208.91,36554071.38,3586487.37,172171182.79,250801765.92,422972948.71,63943.49,4.44052040,0.00084164,0.02693245,0.01683278,1.06030969,1.07714247,873061603.87,28.5393
319,0.8734,2.2645,2.2645,209.30,36560593.24,3586732.52,172221123.24,250815752.39,423036875.63,63926.92,4.43936934,0.00084131,0.02692187,0.01682617,1.06019706,1.07702323,873123530.79,28.5312
320,0.8761,2.2648,2.2648,209.70,36567115.96,3586977.67,172271047.89,250829738.09,423100785.98,63910.35,4.43821864,0.00084098,0.02691130,0.01681956,1.06008450,1.07690406,873185441.14,28.5232
321,0.8789,2.2651,2.2651,210.10,36573639.56,3587222.81,172320956.74,250843723.02,423164679.76,63893.78,4.43706830,0.00084065,0.02690073,0.01681295,1.05997201,1.07678496,873247334.93,28.5151
322,0.8816,2.2654,2.2654,210.50,36580164.03,3587467.94,172370849.79,250857707.19,423228556.99,63877.22,4.43591831,0.00084032,0.02689016,0.01680635,1.05985958,1.07666592,873309212.15,28.5071
323,0.8843,2.2657,2.2657,210.90,36586689.37,3587713.07,172420727.06,250871690.59,423292417.65,63860.67,4.43476868,0.00083999,0.02687960,0.01679975,1.05974721,1.07654696,873371072.82,28.4990
324,0.8871,2.2660,2.2660,211.30,36593215.59,3587958.19,172470588.55,250885673.22,423356261.77,63844.12,4.43361940,0.00083966,0.02686904,0.01679315,1.05963491,1.07642806,873432916.94,28.4910
325,0.8898,2.2663,2.2663,211.70,36599742.68,3588203.30,172520434.26,250899655.09,423420089.35,63827.57,4.43247047,0.00083933,0.02685849,0.01678655,1.05952268,1.07630923,873494744.51,28.4829
326,0.8925,2.2667,2.2667,212.11,36606270.64,3588448.40,172570264.20,250913636.19,423483900.38,63811.04,4.43132190,0.00083900,0.02684794,0.01677996,1.05941051,1.07619047,873556555.55,28.4749
327,0.8953,2.2670,2.2670,212.51,36612799.47,3588693.50,172620078.37,250927616.52,423547694.89,63794.50,4.43017369,0.00083867,0.02683739,0.01677337,1.05929841,1.07607178,873618350.05,28.4668
328,0.8980,2.2673,2.2673,212.91,36619329.17,3588938.59,172669876.78,250941596.08,423611472.86,63777.97,4.42902583,0.00083834,0.02682685,0.01676678,1.05918637,1.07595315,873680128.02,28.4588
329,0.9008,2.2676,2.2676,213.32,36625859.75,3589183.68,172719659.43,250955574.88,423675234.31,63761.45,4.42787832,0.00083801,0.02681632,0.01676020,1.05907439,1.07583459,873741889.47,28.4508
330,0.9035,2.2679,2.2679,213.72,36632391.20,3589428.76,172769426.32,250969552.91,423738979.23,63744.93,4.42673117,0.00083768,0.02680579,0.01675362,1.05896248,1.07571610,873803634.40,28.4427
331,0.9062,2.2682,2.2682,214.13,36638923.53,3589673.83,172819177.48,250983530.17,423802707.65,63728.41,4.42558437,0.00083735,0.02679526,0.01674704,1.05885064,1.07559767,873865362.81,28.4347
332,0.9090,2.2685,2.2685,214.54,36645456.72,3589918.89,172868912.88,250997506.67,423866419.55,63711.91,4.42443793,0.00083702,0.02678474,0.01674046,1.05873886,1.07547932,873927074.72,28.4266
333,0.9117,2.2688,2.2688,214.94,36651990.79,3590163.95,172918632.56,251011482.40,423930114.96,63695.40,4.42329184,0.00083669,0.02677422,0.01673389,1.05862714,1.07536103,873988770.12,28.4186
334,0.9144,2.2691,2.2691,215.35,36658525.74,3590409.00,172968336.49,251025457.37,423993793.86,63678.90,4.42214610,0.00083637,0.02676371,0.01672732,1.05851549,1.07524280,874050449.02,28.4106
335,0.9172,2.2694,2.2694,215.76,36665061.56,3590654.05,173018024.71,251039431.57,424057456.27,63662.41,4.42100072,0.00083604,0.02675320,0.01672075,1.05840390,1.07512464,874112111.43,28.4025
336,0.9199,2.2697,2.2697,216.17,36671598.25,3590899.08,173067697.19,251053405.00,424121102.19,63645.92,4.41985569,0.00083571,0.02674269,0.01671418,1.05829237,1.07500655,874173757.36,28.3945
337,0.9227,2.2700,2.2700,216.58,36678135.81,3591144.11,173117353.97,251067377.67,424184731.63,63629.44,4.41871101,0.00083538,0.02673220,0.01670762,1.05818091,1.07488853,874235386.79,28.3865
338,0.9254,2.2703,2.2703,216.99,36684674.25,3591389.14,173166995.03,251081349.57,424248344.59,63612.96,4.41756669,0.00083505,0.02672170,0.01670106,1.05806951,1.07477057,874296999.76,28.3784
339,0.9281,2.2706,2.2706,217.41,36691213.56,3591634.16,173216620.38,251095320.70,424311941.08,63596.49,4.41642272,0.00083473,0.02671121,0.01669451,1.05795817,1.07465268,874358596.24,28.3704
340,0.9309,2.2709,2.2709,217.82,36697753.75,3591879.17,173266230.03,251109291.07,424375521.10,63580.02,4.41527911,0.00083440,0.02670072,0.01668795,1.05784690,1.07453485,874420176.26,28.3624
341,0.9336,2.2712,2.2712,218.23,36704294.81,3592124.17,173315823.98,251123260.68,424439084.65,63563.56,4.41413584,0.00083407,0.02669024,0.01668140,1.05773569,1.07441709,874481739.82,28.3544
342,0.9363,2.2715,2.2715,218.65,36710836.75,3592369.16,173365402.24,251137229.52,424502631.75,63547.10,4.41299294,0.00083374,0.02667976,0.01667485,1.05762454,1.07429939,874543286.92,28.3463
343,0.9391,2.2718,2.2718,219.06,36717379.56,3592614.15,173414964.81,251151197.59,424566162.40,63530.65,4.41185038,0.00083342,0.02666929,0.01666831,1.05751346,1.07418176,874604817.56,28.3383
344,0.9418,2.2721,2.2721,219.48,36723923.25,3592859.14,173464511.70,251165164.90,424629676.60,63514.20,4.41070817,0.00083309,0.02665882,0.01666176,1.05740244,1.07406420,874666331.76,28.3303
345,0.9446,2.2724,2.2724,219.90,36730467.81,3593104.11,173514042.91,251179131.44,424693174.35,63497.76,4.40956632,0.00083276,0.02664836,0.01665522,1.05729148,1.07394670,874727829.51,28.3223
346,0.9473,2.2727,2.2727,220.32,36737013.24,3593349.08,173563558.45,251193097.22,424756655.67,63481.32,4.40842482,0.00083243,0.02663790,0.01664869,1.05718058,1.07382927,874789310.83,28.3142
347,0.9500,2.2730,2.2730,220.74,36743559.55,3593594.04,173613058.32,251207062.24,424820120.55,63464.88,4.40728368,0.00083211,0.02662745,0.01664215,1.05706974,1.07371190,874850775.72,28.3062
348,0.9528,2.2733,2.2733,221.15,36750106.74,3593839.00,173662542.52,251221026.49,424883569.01,63448.46,4.40614288,0.00083178,0.02661699,0.01663562,1.05695897,1.07359459,874912224.17,28.2982
349,0.9555,2.2736,2.2736,221.58,36756654.80,3594083.95,173712011.07,251234989.97,424947001.05,63432.04,4.40500244,0.00083145,0.02660655,0.01662909,1.05684826,1.07347735,874973656.21,28.2902
350,0.9582,2.2739,2.2739,222.00,36763203.73,3594328.89,173761463.97,251248952.69,425010416.66,63415.62,4.40386235,0.00083113,0.02659611,0.01662257,1.05673761,1.07336018,875035071.83,28.2822
351,0.9610,2.2742,2.2742,222.42,36769753.54,3594573.82,173810901.22,251262914.65,425073815.87,63399.21,4.40272261,0.00083080,0.02658567,0.01661604,1.05662702,1.07324307,875096471.03,28.2742
352,0.9637,2.2745,2.2745,222.84,36776304.23,3594818.75,173860322.82,251276875.84,425137198.67,63382.80,4.40158323,0.00083048,0.02657524,0.01660952,1.05651650,1.07312602,875157853.83,28.2662
353,0.9665,2.2748,2.2748,223.26,36782855.79,3595063.67,173909728.79,251290836.27,425200565.06,63366.40,4.40044419,0.00083015,0.02656481,0.01660301,1.05640603,1.07300904,875219220.23,28.2581
354,0.9692,2.2752,2.2752,223.69,36789408.23,3595308.59,173959119.13,251304795.94,425263915.06,63350.00,4.39930551,0.00082982,0.02655439,0.01659649,1.05629563,1.07289212,875280570.23,28.2501
355,0.9719,2.2755,2.2755,224.11,36795961.55,3595553.50,174008493.83,251318754.84,425327248.67,63333.61,4.39816718,0.00082950,0.02654397,0.01658998,1.05618529,1.07277526,875341903.83,28.2421
356,0.9747,2.2758,2.2758,224.54,36802515.74,3595798.40,174057852.92,251332712.98,425390565.89,63317.22,4.39702920,0.00082917,0.02653355,0.01658347,1.05607500,1.07265847,875403221.05,28.2341
357,0.9774,2.2761,2.2761,224.97,36809070.80,3596043.29,174107196.38,251346670.35,425453866.73,63300.84,4.39589157,0.00082885,0.02652314,0.01657696,1.05596478,1.07254175,875464521.89,28.2261
358,0.9802,2.2764,2.2764,225.39,36815626.75,3596288.18,174156524.23,251360626.96,425517151.19,63284.46,4.39475429,0.00082852,0.02651273,0.01657046,1.05585462,1.07242508,875525806.36,28.2181
359,0.9829,2.2767,2.2767,225.82,36822183.56,3596533.06,174205836.48,251374582.81,425580419.28,63268.09,4.39361737,0.00082820,0.02650233,0.01656396,1.05574452,1.07230848,875587074.45,28.2101
360,0.9856,2.2770,2.2770,226.25,36828741.26,3596777.93,174255133.12,251388537.89,425643671.01,63251.72,4.39248079,0.00082787,0.02649194,0.01655746,1.05563448,1.07219194,875648326.17,28.2021
361,0.9884,2.2773,2.2773,226.68,36835299.83,3597022.80,174304414.16,251402492.21,425706906.37,63235.36,4.39134457,0.00082755,0.02648154,0.01655096,1.05552451,1.07207547,875709561.53,28.1941
362,0.9911,2.2776,2.2776,227.11,36841859.28,3597267.66,174353679.61,251416445.77,425770125.37,63219.01,4.39020869,0.00082722,0.02647115,0.01654447,1.05541459,1.07195906,875770780.54,28.1861
363,0.9938,2.2779,2.2779,227.55,36848419.61,3597512.51,174402929.46,251430398.56,425833328.03,63202.65,4.38907317,0.00082690,0.02646077,0.01653798,1.05530473,1.07184271,875831983.19,28.1781
364,0.9966,2.2782,2.2782,227.98,36854980.81,3597757.36,174452163.74,251444350.59,425896514.33,63186.31,4.38793800,0.00082657,0.02645039,0.01653149,1.05519493,1.07172642,875893169.50,28.1701
365,0.9993,2.2785,2.2785,228.41,36861542.89,3598002.20,174501382.44,251458301.86,425959684.30,63169.97,4.38680317,0.00082625,0.02644001,0.01652501,1.05508519,1.07161020,875954339.46,28.1621
366,1.0021,2.2788,2.2788,228.85,36868105.85,3598247.03,174550585.56,251472252.37,426022837.93,63153.63,4.38566870,0.00082593,0.02642964,0.01651853,1.05497551,1.07149404,876015493.09,28.1541
367,1.0048,2.2791,2.2791,229.28,36874669.68,3598491.86,174599773.11,251486202.11,426085975.23,63137.30,4.38453458,0.00082560,0.02641928,0.01651205,1.05486589,1.07137794,876076630.39,28.1461
368,1.0075,2.2794,2.2794,229.72,36881234.39,3598736.68,174648945.10,251500151.10,426149096.20,63120.97,4.38340081,0.00082528,0.02640892,0.01650557,1.05475633,1.07126191,876137751.36,28.1381
369,1.0103,2.2797,2.2797,230.15,36887799.98,3598981.49,174698101.53,251514099.32,426212200.85,63104.65,4.38226739,0.00082495,0.02639856,0.01649910,1.05464683,1.07114593,876198856.01,28.1301
370,1.0130,2.2800,2.2800,230.59,36894366.45,3599226.30,174747242.41,251528046.77,426275289.18,63088.33,4.38113431,0.00082463,0.02638821,0.01649263,1.05453739,1.07103002,876259944.35,28.1221
371,1.0157,2.2803,2.2803,231.03,36900933.80,3599471.10,174796367.74,251541993.47,426338361.21,63072.02,4.38000159,0.00082431,0.02637786,0.01648616,1.05442801,1.07091417,876321016.37,28.1142
372,1.0185,2.2806,2.2806,231.47,36907502.02,3599715.89,174845477.52,251555939.40,426401416.92,63055.72,4.37886922,0.00082398,0.02636751,0.01647969,1.05431868,1.07079838,876382072.09,28.1062
373,1.0212,2.2809,2.2809,231.91,36914071.12,3599960.67,174894571.76,251569884.58,426464456.34,63039.42,4.37773720,0.00082366,0.02635717,0.01647323,1.05420942,1.07068265,876443111.50,28.0982
374,1.0240,2.2812,2.2812,232.35,36920641.10,3600205.45,174943650.47,251583828.99,426527479.46,63023.12,4.37660552,0.00082334,0.02634684,0.01646677,1.05410021,1.07056699,876504134.62,28.0902
375,1.0267,2.2815,2.2815,232.79,36927211.96,3600450.22,174992713.65,251597772.64,426590486.29,63006.83,4.37547420,0.00082302,0.02633651,0.01646032,1.05399106,1.07045138,876565141.45,28.0822
376,1.0294,2.2819,2.2819,233.23,36933783.69,3600694.99,175041761.31,251611715.52,426653476.83,62990.54,4.37434322,0.00082269,0.02632618,0.01645386,1.05388198,1.07033584,876626131.99,28.0742
377,1.0322,2.2822,2.2822,233.68,36940356.31,3600939.75,175090793.44,251625657.65,426716451.09,62974.26,4.37321260,0.00082237,0.02631586,0.01644741,1.05377294,1.07022035,876687106.25,28.0663
378,1.0349,2.2825,2.2825,234.12,36946929.80,3601184.50,175139810.06,251639599.01,426779409.08,62957.99,4.37208232,0.00082205,0.02630554,0.01644096,1.05366397,1.07010493,876748064.24,28.0583
379,1.0376,2.2828,2.2828,234.56,36953504.17,3601429.24,175188811.17,251653539.62,426842350.79,62941.71,4.37095239,0.00082173,0.02629522,0.01643452,1.05355506,1.06998957,876809005.95,28.0503
380,1.0404,2.2831,2.2831,235.01,36960079.42,3601673.98,175237796.78,251667479.46,426905276.24,62925.45,4.36982281,0.00082140,0.02628492,0.01642807,1.05344620,1.06987427,876869931.40,28.0423
381,1.0431,2.2834,2.2834,235.46,36966655.55,3601918.71,175286766.88,251681418.54,426968185.43,62909.19,4.36869358,0.00082108,0.02627461,0.01642163,1.05333740,1.06975903,876930840.59,28.0344
382,1.0459,2.2837,2.2837,235.91,36973232.56,3602163.44,175335721.49,251695356.87,427031078.36,62892.93,4.36756470,0.00082076,0.02626431,0.01641519,1.05322866,1.06964385,876991733.52,28.0264
383,1.0486,2.2840,2.2840,236.35,36979810.45,3602408.15,175384660.61,251709294.43,427093955.04,62876.68,4.36643616,0.00082044,0.02625401,0.01640876,1.05311997,1.06952873,877052610.20,28.0184
384,1.0513,2.2843,2.2843,236.80,36986389.22,3602652.86,175433584.25,251723231.23,427156815.47,62860.43,4.36530798,0.00082012,0.02624372,0.01640233,1.05301135,1.06941367,877113470.64,28.0104
385,1.0541,2.2846,2.2846,237.25,36992968.86,3602897.57,175482492.40,251737167.27,427219659.67,62844.19,4.36418014,0.00081979,0.02623343,0.01639590,1.05290278,1.06929867,877174314.83,28.0025
386,1.0568,2.2849,2.2849,237.70,36999549.39,3603142.27,175531385.08,251751102.55,427282487.63,62827.96,4.36305265,0.00081947,0.02622315,0.01638947,1.05279427,1.06918374,877235142.79,27.9945
387,1.0595,2.2852,2.2852,238.16,37006130.80,3603386.96,175580262.29,251765037.07,427345299.35,62811.73,4.36192551,0.00081915,0.02621287,0.01638305,1.05268581,1.06906886,877295954.52,27.9865
388,1.0623,2.2855,2.2855,238.61,37012713.08,3603631.64,175629124.03,251778970.83,427408094.85,62795.50,4.36079871,0.00081883,0.02620260,0.01637662,1.05257741,1.06895404,877356750.02,27.9786
389,1.0650,2.2858,2.2858,239.06,37019296.25,3603876.32,175677970.31,251792903.83,427470874.13,62779.28,4.35967227,0.00081851,0.02619233,0.01637021,1.05246907,1.06883928,877417529.30,27.9706
390,1.0678,2.2861,2.2861,239.52,37025880.29,3604120.99,175726801.13,251806836.07,427533637.20,62763.06,4.35854617,0.00081819,0.02618206,0.01636379,1.05236079,1.06872458,877478292.36,27.9626
391,1.0705,2.2864,2.2864,239.97,37032465.22,3604365.65,175775616.51,251820767.55,427596384.05,62746.85,4.35742042,0.00081787,0.02617180,0.01635738,1.05225256,1.06860993,877539039.22,27.9547
392,1.0732,2.2867,2.2867,240.43,37039051.02,3604610.31,175824416.43,251834698.27,427659114.70,62730.65,4.35629502,0.00081755,0.02616155,0.01635097,1.05214439,1.06849535,877599769.86,27.9467
393,1.0760,2.2870,2.2870,240.88,37045637.71,3604854.96,175873200.92,251848628.23,427721829.15,62714.45,4.35516996,0.00081723,0.02615129,0.01634456,1.05203627,1.06838083,877660484.31,27.9388
394,1.0787,2.2873,2.2873,241.34,37052225.28,3605099.60,175921969.97,251862557.43,427784527.40,62698.25,4.35404525,0.00081691,0.02614105,0.01633815,1.05192821,1.06826636,877721182.56,27.9308
395,1.0815,2.2877,2.2877,241.80,37058813.73,3605344.24,175970723.59,251876485.87,427847209.46,62682.06,4.35292089,0.00081659,0.02613080,0.01633175,1.05182021,1.06815196,877781864.62,27.9229
396,1.0842,2.2880,2.2880,242.26,37065403.05,3605588.87,176019461.78,251890413.56,427909875.34,62665.88,4.35179688,0.00081627,0.02612056,0.01632535,1.05171226,1.06803761,877842530.50,27.9149
397,1.0869,2.2883,2.2883,242.72,37071993.26,3605833.49,176068184.55,251904340.48,427972525.03,62649.69,4.35067321,0.00081595,0.02611033,0.01631895,1.05160437,1.06792332,877903180.19,27.9070
398,1.0897,2.2886,2.2886,243.18,37078584.35,3606078.10,176116891.90,251918266.65,428035158.55,62633.52,4.34954989,0.00081563,0.02610010,0.01631256,1.05149653,1.06780909,877963813.71,27.8990
399,1.0924,2.2889,2.2889,243.65,37085176.33,3606322.71,176165583.84,251932192.05,428097775.90,62617.35,4.34842691,0.00081531,0.02608987,0.01630617,1.05138875,1.06769492,878024431.06,27.8911
400,1.0951,2.2892,2.2892,244.11,37091769.18,3606567.32,176214260.38,251946116.70,428160377.08,62601.18,4.34730428,0.00081499,0.02607965,0.01629978,1.05128103,1.06758081,878085032.24,27.8831
401,1.0979,2.2895,2.2895,244.57,37098362.91,3606811.91,176262921.51,251960040.59,428222962.10,62585.02,4.34618200,0.00081467,0.02606943,0.01629339,1.05117336,1.06746675,878145617.26,27.8752
402,1.1006,2.2898,2.2898,245.04,37104957.53,3607056.50,176311567.24,251973963.72,428285530.96,62568.86,4.34506007,0.00081435,0.02605922,0.01628701,1.05106574,1.06735275,878206186.13,27.8672
403,1.1034,2.2901,2.2901,245.50,37111553.03,3607301.08,176360197.58,251987886.10,428348083.68,62552.71,4.34393848,0.00081403,0.02604901,0.01628063,1.05095818,1.06723881,878266738.84,27.8593
404,1.1061,2.2904,2.2904,245.97,37118149.40,3607545.66,176408812.53,252001807.71,428410620.25,62536.57,4.34281724,0.00081371,0.02603880,0.01627425,1.05085068,1.06712493,878327275.41,27.8513
405,1.1088,2.2907,2.2907,246.44,37124746.66,3607790.23,176457412.10,252015728.57,428473140.67,62520.43,4.34169634,0.00081339,0.02602860,0.01626788,1.05074323,1.06701110,878387795.84,27.8434
406,1.1116,2.2910,2.2910,246.91,37131344.81,3608034.79,176505996.30,252029648.67,428535644.97,62504.29,4.34057579,0.00081308,0.02601841,0.01626151,1.05063583,1.06689734,878448300.13,27.8355
407,1.1143,2.2913,2.2913,247.38,37137943.83,3608279.35,176554565.12,252043568.01,428598133.13,62488.16,4.33945558,0.00081276,0.02600822,0.01625514,1.05052849,1.06678363,878508788.29,27.8275
408,1.1170,2.2916,2.2916,247.85,37144543.74,3608523.89,176603118.57,252057486.59,428660605.16,62472.03,4.33833572,0.00081244,0.02599803,0.01624877,1.05042121,1.06666997,878569260.32,27.8196
409,1.1198,2.2919,2.2919,248.32,37151144.53,3608768.44,176651656.66,252071404.42,428723061.07,62455.91,4.33721621,0.00081212,0.02598785,0.01624240,1.05031397,1.06655638,878629716.24,27.8116
410,1.1225,2.2922,2.2922,248.79,37157746.20,3609012.97,176700179.39,252085321.49,428785500.87,62439.80,4.33609704,0.00081180,0.02597767,0.01623604,1.05020680,1.06644284,878690156.03,27.8037
411,1.1253,2.2926,2.2926,249.26,37164348.75,3609257.50,176748686.76,252099237.80,428847924.56,62423.69,4.33497822,0.00081148,0.02596749,0.01622968,1.05009967,1.06632936,878750579.72,27.7958
412,1.1280,2.2929,2.2929,249.74,37170952.19,3609502.02,176797178.79,252113153.35,428910332.14,62407.58,4.33385974,0.00081117,0.02595732,0.01622333,1.04999261,1.06621593,878810987.30,27.7879
413,1.1307,2.2932,2.2932,250.21,37177556.51,3609746.54,176845655.47,252127068.15,428972723.62,62391.48,4.33274161,0.00081085,0.02594716,0.01621697,1.04988559,1.06610256,878871378.78,27.7799
414,1.1335,2.2935,2.2935,250.69,37184161.71,3609991.05,176894116.82,252140982.18,429035099.00,62375.38,4.33162382,0.00081053,0.02593700,0.01621062,1.04977863,1.06598925,878931754.16,27.7720
415,1.1362,2.2938,2.2938,251.16,37190767.80,3610235.55,176942562.83,252154895.47,429097458.29,62359.29,4.33050638,0.00081021,0.02592684,0.01620427,1.04967172,1.06587600,878992113.45,27.7641
416,1.1389,2.2941,2.2941,251.64,37197374.76,3610480.04,176990993.51,252168807.99,429159801.50,62343.21,4.32938928,0.00080990,0.02591669,0.01619793,1.04956487,1.06576280,879052456.66,27.7561
417,1.1417,2.2944,2.2944,252.12,37203982.61,3610724.53,177039408.86,252182719.76,429222128.62,62327.12,4.32827253,0.00080958,0.02590654,0.01619159,1.04945807,1.06564965,879112783.78,27.7482
418,1.1444,2.2947,2.2947,252.60,37210591.35,3610969.01,177087808.90,252196630.77,429284439.67,62311.05,4.32715612,0.00080926,0.02589639,0.01618525,1.04935132,1.06553657,879173094.83,27.7403
419,1.1472,2.2950,2.2950,253.08,37217200.97,3611213.49,177136193.62,252210541.03,429346734.65,62294.98,4.32604005,0.00080895,0.02588626,0.01617891,1.04924462,1.06542353,879233389.81,27.7324
420,1.1499,2.2953,2.2953,253.56,37223811.47,3611457.95,177184563.03,252224450.53,429409013.56,62278.91,4.32492434,0.00080863,0.02587612,0.01617257,1.04913798,1.06531056,879293668.72,27.7245
421,1.1526,2.2956,2.2956,254.04,37230422.86,3611702.41,177232917.14,252238359.27,429471276.41,62262.85,4.32380896,0.00080831,0.02586599,0.01616624,1.04903139,1.06519764,879353931.57,27.7165
422,1.1554,2.2959,2.2959,254.52,37237035.12,3611946.87,177281255.94,252252267.26,429533523.20,62246.79,4.32269393,0.00080800,0.02585586,0.01615991,1.04892486,1.06508477,879414178.36,27.7086
423,1.1581,2.2962,2.2962,255.01,37243648.28,3612191.32,177329579.45,252266174.49,429595753.94,62230.74,4.32157924,0.00080768,0.02584574,0.01615359,1.04881838,1.06497196,879474409.10,27.7007
424,1.1608,2.2965,2.2965,255.49,37250262.32,3612435.76,177377887.67,252280080.96,429657968.63,62214.69,4.32046490,0.00080736,0.02583562,0.01614726,1.04871195,1.06485921,879534623.80,27.6928
425,1.1636,2.2968,2.2968,255.98,37256877.24,3612680.19,177426180.61,252293986.68,429720167.29,62198.65,4.31935090,0.00080705,0.02582551,0.01614094,1.04860557,1.06474651,879594822.45,27.6849
426,1.1663,2.2972,2.2972,256.46,37263493.04,3612924.62,177474458.26,252307891.64,429782349.90,62182.62,4.31823724,0.00080673,0.02581540,0.01613462,1.04849924,1.06463387,879655005.07,27.6770
427,1.1691,2.2975,2.2975,256.95,37270109.73,3613169.04,177522720.64,252321795.85,429844516.49,62166.58,4.31712393,0.00080642,0.02580529,0.01612831,1.04839297,1.06452128,879715171.65,27.6691
428,1.1718,2.2978,2.2978,257.44,37276727.31,3613413.45,177570967.74,252335699.30,429906667.05,62150.56,4.31601096,0.00080610,0.02579519,0.01612199,1.04828675,1.06440874,879775322.21,27.6612
429,1.1745,2.2981,2.2981,257.93,37283345.77,3613657.86,177619199.58,252349602.00,429968801.58,62134.54,4.31489834,0.00080578,0.02578509,0.01611568,1.04818058,1.06429627,879835456.74,27.6533
430,1.1773,2.2984,2.2984,258.42,37289965.11,3613902.26,177667416.16,252363503.94,430030920.10,62118.52,4.31378606,0.00080547,0.02577500,0.01610938,1.04807446,1.06418384,879895575.26,27.6454
431,1.1800,2.2987,2.2987,258.91,37296585.34,3614146.66,177715617.48,252377405.13,430093022.61,62102.51,4.31267412,0.00080515,0.02576491,0.01610307,1.04796840,1.06407147,879955677.77,27.6375
432,1.1828,2.2990,2.2990,259.40,37303206.45,3614391.04,177763803.55,252391305.56,430155109.11,62086.50,4.31156252,0.00080484,0.02575483,0.01609677,1.04786239,1.06395916,880015764.27,27.6296
433,1.1855,2.2993,2.2993,259.90,37309828.45,3614635.42,177811974.37,252405205.23,430217179.61,62070.50,4.31045127,0.00080452,0.02574475,0.01609047,1.04775643,1.06384689,880075834.77,27.6217
434,1.1882,2.2996,2.2996,260.39,37316451.34,3614879.80,177860129.95,252419104.15,430279234.11,62054.50,4.30934036,0.00080421,0.02573468,0.01608417,1.04765052,1.06373469,880135889.27,27.6138
435,1.1910,2.2999,2.2999,260.88,37323075.11,3615124.16,177908270.30,252433002.32,430341272.62,62038.51,4.30822979,0.00080389,0.02572460,0.01607788,1.04754466,1.06362253,880195927.78,27.6059
436,1.1937,2.3002,2.3002,261.38,37329699.76,3615368.53,177956395.41,252446899.73,430403295.14,62022.52,4.30711957,0.00080358,0.02571454,0.01607159,1.04743885,1.06351044,880255950.30,27.5980
437,1.1964,2.3005,2.3005,261.88,37336325.30,3615612.88,178004505.29,252460796.39,430465301.68,62006.54,4.30600969,0.00080326,0.02570448,0.01606530,1.04733309,1.06339839,880315956.84,27.5901
438,1.1992,2.3008,2.3008,262.38,37342951.73,3615857.23,178052599.95,252474692.29,430527292.24,61990.56,4.30490015,0.00080295,0.02569442,0.01605901,1.04722739,1.06328640,880375947.40,27.5822
439,1.2019,2.3012,2.3012,262.87,37349579.04,3616101.57,178100679.39,252488587.44,430589266.83,61974.59,4.30379095,0.00080264,0.02568436,0.01605273,1.04712173,1.06317446,880435921.99,27.5743
440,1.2047,2.3015,2.3015,263.37,37356207.24,3616345.90,178148743.61,252502481.84,430651225.45,61958.62,4.30268210,0.00080232,0.02567431,0.01604645,1.04701613,1.06306258,880495880.62,27.5664
441,1.2074,2.3018,2.3018,263.87,37362836.32,3616590.23,178196792.63,252516375.48,430713168.11,61942.66,4.30157358,0.00080201,0.02566427,0.01604017,1.04691058,1.06295074,880555823.28,27.5585
442,1.2101,2.3021,2.3021,264.38,37369466.29,3616834.55,178244826.45,252530268.37,430775094.81,61926.70,4.30046541,0.00080169,0.02565423,0.01603389,1.04680507,1.06283897,880615749.98,27.5506
443,1.2129,2.3024,2.3024,264.88,37376097.15,3617078.86,178292845.06,252544160.50,430837005.56,61910.75,4.29935758,0.00080138,0.02564419,0.01602762,1.04669962,1.06272724,880675660.73,27.5428
444,1.2156,2.3027,2.3027,265.38,37382728.89,3617323.17,178340848.49,252558051.88,430898900.36,61894.80,4.29825010,0.00080107,0.02563416,0.01602135,1.04659422,1.06261557,880735555.53,27.5349
445,1.2183,2.3030,2.3030,265.89,37389361.52,3617567.47,178388836.72,252571942.50,430960779.22,61878.86,4.29714295,0.00080075,0.02562413,0.01601508,1.04648887,1.06250395,880795434.39,27.5270
446,1.2211,2.3033,2.3033,266.39,37395995.04,3617811.76,178436809.77,252585832.38,431022642.14,61862.92,4.29603615,0.00080044,0.02561411,0.01600882,1.04638357,1.06239238,880855297.31,27.5191
447,1.2238,2.3036,2.3036,266.90,37402629.44,3618056.05,178484767.64,252599721.50,431084489.13,61846.99,4.29492968,0.00080013,0.02560409,0.01600255,1.04627832,1.06228087,880915144.29,27.5112
448,1.2266,2.3039,2.3039,267.41,37409264.73,3618300.33,178532710.33,252613609.86,431146320.19,61831.06,4.29382356,0.00079981,0.02559407,0.01599629,1.04617312,1.06216941,880974975.35,27.5034
449,1.2293,2.3042,2.3042,267.91,37415900.91,3618544.60,178580637.85,252627497.47,431208135.33,61815.14,4.29271778,0.00079950,0.02558406,0.01599004,1.04606797,1.06205800,881034790.49,27.4955
450,1.2320,2.3045,2.3045,268.42,37422537.97,3618788.87,178628550.21,252641384.33,431269934.54,61799.22,4.29161235,0.00079919,0.02557405,0.01598378,1.04596286,1.06194665,881094589.71,27.4876
451,1.2348,2.3048,2.3048,268.93,37429175.93,3619033.13,178676447.41,252655270.44,431331717.85,61783.30,4.29050725,0.00079888,0.02556405,0.01597753,1.04585781,1.06183534,881154373.01,27.4797
452,1.2375,2.3052,2.3052,269.44,37435814.76,3619277.38,178724329.45,252669155.79,431393485.24,61767.40,4.28940249,0.00079856,0.02555405,0.01597128,1.04575281,1.06172409,881214140.41,27.4719
453,1.2402,2.3055,2.3055,269.96,37442454.49,3619521.63,178772196.34,252683040.40,431455236.74,61751.49,4.28829808,0.00079825,0.02554406,0.01596504,1.04564786,1.06161289,881273891.90,27.4640
454,1.2430,2.3058,2.3058,270.47,37449095.10,3619765.87,178820048.09,252696924.25,431516972.33,61735.59,4.28719400,0.00079794,0.02553407,0.01595879,1.04554295,1.06150174,881333627.49,27.4561
455,1.2457,2.3061,2.3061,270.98,37455736.61,3620010.10,178867884.69,252710807.34,431578692.03,61719.70,4.28609027,0.00079763,0.02552408,0.01595255,1.04543810,1.06139065,881393347.19,27.4483
456,1.2485,2.3064,2.3064,271.50,37462379.00,3620254.33,178915706.16,252724689.69,431640395.84,61703.81,4.28498687,0.00079732,0.02551410,0.01594631,1.04533329,1.06127960,881453051.00,27.4404
457,1.2512,2.3067,2.3067,272.02,37469022.27,3620498.55,178963512.49,252738571.28,431702083.77,61687.93,4.28388382,0.00079700,0.02550412,0.01594008,1.04522854,1.06116861,881512738.93,27.4326
458,1.2539,2.3070,2.3070,272.53,37475666.44,3620742.76,179011303.70,252752452.12,431763755.82,61672.05,4.28278111,0.00079669,0.02549415,0.01593384,1.04512383,1.06105767,881572410.98,27.4247
459,1.2567,2.3073,2.3073,273.05,37482311.49,3620986.97,179059079.79,252766332.20,431825411.99,61656.17,4.28167873,0.00079638,0.02548418,0.01592761,1.04501917,1.06094678,881632067.15,27.4168
460,1.2594,2.3076,2.3076,273.57,37488957.43,3621231.17,179106840.75,252780211.54,431887052.29,61640.30,4.28057670,0.00079607,0.02547421,0.01592138,1.04491456,1.06083594,881691707.46,27.4090
461,1.2621,2.3079,2.3079,274.09,37495604.26,3621475.36,179154586.61,252794090.12,431948676.73,61624.44,4.27947501,0.00079576,0.02546425,0.01591516,1.04481000,1.06072516,881751331.90,27.4011
462,1.2649,2.3082,2.3082,274.61,37502251.98,3621719.55,179202317.36,252807967.96,432010285.32,61608.58,4.27837365,0.00079545,0.02545430,0.01590894,1.04470548,1.06061442,881810940.48,27.3933
463,1.2676,2.3085,2.3085,275.13,37508900.59,3621963.73,179250033.00,252821845.04,432071878.04,61592.73,4.27727264,0.00079514,0.02544435,0.01590272,1.04460102,1.06050373,881870533.20,27.3854
464,1.2704,2.3089,2.3089,275.66,37515550.09,3622207.90,179297733.55,252835721.37,432133454.92,61576.88,4.27617197,0.00079482,0.02543440,0.01589650,1.04449660,1.06039310,881930110.08,27.3776
465,1.2731,2.3092,2.3092,276.18,37522200.47,3622452.07,179345419.00,252849596.94,432195015.95,61561.03,4.27507163,0.00079451,0.02542446,0.01589028,1.04439223,1.06028252,881989671.11,27.3697
466,1.2758,2.3095,2.3095,276.70,37528851.75,3622696.23,179393089.37,252863471.77,432256561.14,61545.19,4.27397164,0.00079420,0.02541452,0.01588407,1.04428791,1.06017198,882049216.30,27.3619
467,1.2786,2.3098,2.3098,277.23,37535503.91,3622940.38,179440744.65,252877345.85,432318090.50,61529.36,4.27287198,0.00079389,0.02540458,0.01587786,1.04418364,1.06006150,882108745.66,27.3540
468,1.2813,2.3101,2.3101,277.76,37542156.96,3623184.52,179488384.85,252891219.17,432379604.02,61513.53,4.27177266,0.00079358,0.02539465,0.01587166,1.04407941,1.05995107,882168259.19,27.3462
469,1.2841,2.3104,2.3104,278.28,37548810.91,3623428.66,179536009.98,252905091.75,432441101.72,61497.70,4.27067369,0.00079327,0.02538472,0.01586545,1.04397524,1.05984069,882227756.89,27.3383
470,1.2868,2.3107,2.3107,278.81,37555465.74,3623672.80,179583620.04,252918963.57,432502583.61,61481.88,4.26957505,0.00079296,0.02537480,0.01585925,1.04387111,1.05973036,882287238.77,27.3305
471,1.2895,2.3110,2.3110,279.34,37562121.46,3623916.92,179631215.03,252932834.64,432564049.67,61466.07,4.26847675,0.00079265,0.02536488,0.01585305,1.04376702,1.05962008,882346704.83,27.3227
472,1.2923,2.3113,2.3113,279.87,37568778.07,3624161.04,179678794.96,252946704.96,432625499.93,61450.25,4.26737879,0.00079234,0.02535497,0.01584686,1.04366299,1.05950984,882406155.09,27.3148
473,1.2950,2.3116,2.3116,280.41,37575435.57,3624405.16,179726359.84,252960574.53,432686934.37,61434.45,4.26628117,0.00079203,0.02534506,0.01584066,1.04355900,1.05939966,882465589.54,27.3070
474,1.2977,2.3119,2.3119,280.94,37582093.96,3624649.26,179773909.67,252974443.36,432748353.02,61418.65,4.26518388,0.00079172,0.02533515,0.01583447,1.04345506,1.05928953,882525008.18,27.2991
475,1.3005,2.3123,2.3123,281.47,37588753.24,3624893.36,179821444.45,252988311.43,432809755.87,61402.85,4.26408694,0.00079141,0.02532525,0.01582828,1.04335117,1.05917945,882584411.04,27.2913
476,1.3032,2.3126,2.3126,282.01,37595413.41,3625137.46,179868964.19,253002178.75,432871142.93,61387.06,4.26299033,0.00079110,0.02531536,0.01582210,1.04324732,1.05906942,882643798.10,27.2835
477,1.3060,2.3129,2.3129,282.55,37602074.47,3625381.54,179916468.89,253016045.32,432932514.21,61371.27,4.26189407,0.00079080,0.02530546,0.01581591,1.04314352,1.05895943,882703169.37,27.2757
478,1.3087,2.3132,2.3132,283.08,37608736.43,3625625.62,179963958.56,253029911.14,432993869.70,61355.49,4.26079814,0.00079049,0.02529557,0.01580973,1.04303977,1.05884950,882762524.87,27.2678
479,1.3114,2.3135,2.3135,283.62,37615399.27,3625869.70,180011433.21,253043776.21,433055209.42,61339.72,4.25970254,0.00079018,0.02528569,0.01580356,1.04293606,1.05873962,882821864.58,27.2600
480,1.3142,2.3138,2.3138,284.16,37622063.00,3626113.76,180058892.83,253057640.53,433116533.36,61323.94,4.25860729,0.00078987,0.02527581,0.01579738,1.04283240,1.05862978,882881188.53,27.2522
481,1.3169,2.3141,2.3141,284.70,37628727.63,3626357.82,180106337.44,253071504.10,433177841.54,61308.18,4.25751237,0.00078956,0.02526593,0.01579121,1.04272879,1.05851999,882940496.70,27.2444
482,1.3196,2.3144,2.3144,285.24,37635393.14,3626601.88,180153767.03,253085366.93,433239133.96,61292.42,4.25641779,0.00078925,0.02525606,0.01578504,1.04262522,1.05841026,882999789.12,27.2365
483,1.3224,2.3147,2.3147,285.78,37642059.55,3626845.92,180201181.62,253099229.00,433300410.62,61276.66,4.25532355,0.00078894,0.02524619,0.01577887,1.04252170,1.05830057,883059065.78,27.2287
484,1.3251,2.3150,2.3150,286.33,37648726.84,3627089.96,180248581.20,253113090.32,433361671.52,61260.91,4.25422965,0.00078864,0.02523633,0.01577271,1.04241822,1.05819093,883118326.69,27.2209
485,1.3279,2.3153,2.3153,286.87,37655395.03,3627334.00,180295965.79,253126950.90,433422916.68,61245.16,4.25313608,0.00078833,0.02522647,0.01576654,1.04231479,1.05808134,883177571.85,27.2131
486,1.3306,2.3157,2.3157,287.42,37662064.11,3627578.02,180343335.38,253140810.72,433484146.10,61229.42,4.25204286,0.00078802,0.02521661,0.01576038,1.04221141,1.05797179,883236801.26,27.2053
487,1.3333,2.3160,2.3160,287.96,37668734.08,3627822.04,180390689.98,253154669.80,433545359.78,61213.68,4.25094996,0.00078771,0.02520676,0.01575423,1.04210807,1.05786230,883296014.94,27.1975
488,1.3361,2.3163,2.3163,288.51,37675404.95,3628066.06,180438029.60,253168528.13,433606557.73,61197.95,4.24985741,0.00078740,0.02519692,0.01574807,1.04200478,1.05775286,883355212.89,27.1896
489,1.3388,2.3166,2.3166,289.06,37682076.70,3628310.06,180485354.24,253182385.71,433667739.95,61182.22,4.24876519,0.00078710,0.02518707,0.01574192,1.04190154,1.05764346,883414395.11,27.1818
490,1.3415,2.3169,2.3169,289.61,37688749.35,3628554.06,180532663.90,253196242.54,433728906.44,61166.50,4.24767331,0.00078679,0.02517724,0.01573577,1.04179834,1.05753411,883473561.60,27.1740
491,1.3443,2.3172,2.3172,290.16,37695422.89,3628798.06,180579958.60,253210098.62,433790057.22,61150.78,4.24658177,0.00078648,0.02516740,0.01572963,1.04169518,1.05742481,883532712.38,27.1662
492,1.3470,2.3175,2.3175,290.71,37702097.32,3629042.04,180627238.33,253223953.96,433851192.28,61135.06,4.24549056,0.00078617,0.02515757,0.01572348,1.04159207,1.05731555,883591847.45,27.1584
493,1.3498,2.3178,2.3178,291.26,37708772.64,3629286.02,180674503.10,253237808.54,433912311.64,61119.36,4.24439969,0.00078587,0.02514775,0.01571734,1.04148901,1.05720635,883650966.80,27.1506
494,1.3525,2.3181,2.3181,291.82,37715448.86,3629530.00,180721752.91,253251662.38,433973415.29,61103.65,4.24330916,0.00078556,0.02513792,0.01571120,1.04138599,1.05709719,883710070.45,27.1428
495,1.3552,2.3184,2.3184,292.37,37722125.96,3629773.96,180768987.77,253265515.47,434034503.24,61087.95,4.24221896,0.00078525,0.02512811,0.01570507,1.04128301,1.05698808,883769158.41,27.1350
496,1.3580,2.3188,2.3188,292.93,37728803.96,3630017.92,180816207.69,253279367.81,434095575.50,61072.26,4.24112910,0.00078495,0.02511829,0.01569893,1.04118008,1.05687902,883828230.67,27.1272
497,1.3607,2.3191,2.3191,293.48,37735482.86,3630261.88,180863412.67,253293219.41,434156632.07,61056.57,4.24003957,0.00078464,0.02510848,0.01569280,1.04107720,1.05677000,883887287.24,27.1194
498,1.3634,2.3194,2.3194,294.04,37742162.64,3630505.83,180910602.70,253307070.25,434217672.96,61040.89,4.23895038,0.00078433,0.02509868,0.01568667,1.04097436,1.05666103,883946328.12,27.1116
499,1.3662,2.3197,2.3197,294.60,37748843.32,3630749.77,180957777.81,253320920.35,434278698.16,61025.21,4.23786153,0.00078403,0.02508888,0.01568055,1.04087156,1.05655211,884005353.33,27.1038
500,1.3689,2.3200,2.3200,295.16,37755524.90,3630993.70,181004937.99,253334769.70,434339707.70,61009.53,4.23677301,0.00078372,0.02507908,0.01567443,1.04076881,1.05644324,884064362.86,27.0960
501,1.3717,2.3203,2.3203,295.72,37762207.36,3631237.63,181052083.25,253348618.31,434400701.56,60993.86,4.23568483,0.00078342,0.02506929,0.01566830,1.04066611,1.05633441,884123356.72,27.0882
502,1.3744,2.3206,2.3206,296.28,37768890.72,3631481.55,181099213.59,253362466.17,434461679.75,60978.20,4.23459698,0.00078311,0.02505950,0.01566219,1.04056344,1.05622563,884182334.92,27.0805
503,1.3771,2.3209,2.3209,296.85,37775574.97,3631725.46,181146329.01,253376313.28,434522642.29,60962.54,4.23350947,0.00078280,0.02504971,0.01565607,1.04046083,1.05611690,884241297.45,27.0727
504,1.3799,2.3212,2.3212,297.41,37782260.12,3631969.37,181193429.53,253390159.64,434583589.17,60946.88,4.23242230,0.00078250,0.02503993,0.01564996,1.04035825,1.05600821,884300244.33,27.0649
505,1.3826,2.3215,2.3215,297.98,37788946.16,3632213.27,181240515.15,253404005.26,434644520.40,60931.23,4.23133546,0.00078219,0.02503016,0.01564385,1.04025572,1.05589957,884359175.56,27.0571
506,1.3854,2.3219,2.3219,298.54,37795633.09,3632457.16,181287585.86,253417850.12,434705435.99,60915.58,4.23024895,0.00078189,0.02502039,0.01563774,1.04015324,1.05579098,884418091.15,27.0493
507,1.3881,2.3222,2.3222,299.11,37802320.92,3632701.05,181334641.68,253431694.25,434766335.93,60899.94,4.22916278,0.00078158,0.02501062,0.01563164,1.04005080,1.05568243,884476991.09,27.0415
508,1.3908,2.3225,2.3225,299.68,37809009.64,3632944.93,181381682.61,253445537.62,434827220.24,60884.31,4.22807695,0.00078128,0.02500086,0.01562553,1.03994840,1.05557393,884535875.40,27.0338
509,1.3936,2.3228,2.3228,300.25,37815699.25,3633188.81,181428708.66,253459380.25,434888088.92,60868.68,4.22699145,0.00078097,0.02499110,0.01561943,1.03984604,1.05546548,884594744.08,27.0260
510,1.3963,2.3231,2.3231,300.82,37822389.76,3633432.67,181475719.83,253473222.14,434948941.97,60853.05,4.22590628,0.00078067,0.02498134,0.01561334,1.03974373,1.05535707,884653597.13,27.0182
511,1.3990,2.3234,2.3234,301.39,37829081.17,3633676.53,181522716.12,253487063.27,435009779.39,60837.43,4.22482145,0.00078036,0.02497159,0.01560724,1.03964146,1.05524871,884712434.56,27.0104
512,1.4018,2.3237,2.3237,301.96,37835773.46,3633920.39,181569697.54,253500903.67,435070601.21,60821.81,4.22373695,0.00078006,0.02496184,0.01560115,1.03953924,1.05514039,884771256.37,27.0027
513,1.4045,2.3240,2.3240,302.54,37842466.66,3634164.24,181616664.10,253514743.31,435131407.41,60806.20,4.22265279,0.00077975,0.02495210,0.01559506,1.03943706,1.05503212,884830062.57,26.9949
514,1.4073,2.3243,2.3243,303.11,37849160.74,3634408.08,181663615.79,253528582.21,435192198.00,60790.59,4.22156897,0.00077945,0.02494236,0.01558898,1.03933492,1.05492390,884888853.16,26.9871
515,1.4100,2.3246,2.3246,303.69,37855855.73,3634651.91,181710552.63,253542420.36,435252972.99,60774.99,4.22048547,0.00077914,0.02493263,0.01558289,1.03923283,1.05481572,884947628.15,26.9794
516,1.4127,2.3250,2.3250,304.27,37862551.60,3634895.74,181757474.61,253556257.77,435313732.38,60759.39,4.21940231,0.00077884,0.02492290,0.01557681,1.03913077,1.05470758,885006387.55,26.9716
517,1.4155,2.3253,2.3253,304.84,37869248.38,3635139.56,181804381.75,253570094.43,435374476.18,60743.80,4.21831949,0.00077854,0.02491317,0.01557073,1.03902876,1.05459950,885065131.35,26.9638
518,1.4182,2.3256,2.3256,305.42,37875946.05,3635383.38,181851274.05,253583930.35,435435204.40,60728.21,4.21723700,0.00077823,0.02490345,0.01556465,1.03892680,1.05449145,885123859.56,26.9561
519,1.4209,2.3259,2.3259,306.00,37882644.61,3635627.19,181898151.50,253597765.52,435495917.03,60712.63,4.21615484,0.00077793,0.02489373,0.01555858,1.03882487,1.05438346,885182572.19,26.9483
520,1.4237,2.3262,2.3262,306.59,37889344.07,3635870.99,181945014.13,253611599.95,435556614.08,60697.05,4.21507302,0.00077763,0.02488401,0.01555251,1.03872299,1.05427550,885241269.24,26.9406
521,1.4264,2.3265,2.3265,307.17,37896044.42,3636114.78,181991861.93,253625433.63,435617295.56,60681.48,4.21399153,0.00077732,0.02487431,0.01554644,1.03862116,1.05416760,885299950.72,26.9328
522,1.4292,2.3268,2.3268,307.75,37902745.67,3636358.57,182038694.90,253639266.57,435677961.47,60665.91,4.21291037,0.00077702,0.02486460,0.01554037,1.03851936,1.05405973,885358616.63,26.9250
523,1.4319,2.3271,2.3271,308.34,37909447.82,3636602.35,182085513.05,253653098.76,435738611.81,60650.35,4.21182955,0.00077672,0.02485490,0.01553431,1.03841760,1.05395192,885417266.97,26.9173
524,1.4346,2.3274,2.3274,308.92,37916150.86,3636846.13,182132316.39,253666930.20,435799246.60,60634.79,4.21074906,0.00077641,0.02484520,0.01552825,1.03831589,1.05384414,885475901.76,26.9095
525,1.4374,2.3278,2.3278,309.51,37922854.80,3637089.90,182179104.92,253680760.91,435859865.83,60619.23,4.20966890,0.00077611,0.02483551,0.01552219,1.03821422,1.05373642,885534520.99,26.9018
526,1.4401,2.3281,2.3281,310.10,37929559.63,3637333.66,182225878.65,253694590.86,435920469.51,60603.68,4.20858908,0.00077581,0.02482582,0.01551614,1.03811260,1.05362873,885593124.68,26.8940
527,1.4428,2.3284,2.3284,310.69,37936265.36,3637577.41,182272637.57,253708420.08,435981057.65,60588.14,4.20750959,0.00077550,0.02481613,0.01551008,1.03801101,1.05352109,885651712.81,26.8863
528,1.4456,2.3287,2.3287,311.28,37942971.99,3637821.16,182319381.70,253722248.55,436041630.25,60572.60,4.20643043,0.00077520,0.02480645,0.01550403,1.03790947,1.05341350,885710285.41,26.8786
529,1.4483,2.3290,2.3290,311.87,37949679.51,3638064.90,182366111.04,253736076.27,436102187.31,60557.06,4.20535160,0.00077490,0.02479677,0.01549798,1.03780796,1.05330595,885768842.47,26.8708
530,1.4511,2.3293,2.3293,312.46,37956387.93,3638308.64,182412825.59,253749903.25,436162728.84,60541.53,4.20427311,0.00077460,0.02478710,0.01549194,1.03770650,1.05319844,885827384.01,26.8631
531,1.4538,2.3296,2.3296,313.06,37963097.25,3638552.37,182459525.37,253763729.49,436223254.85,60526.01,4.20319495,0.00077429,0.02477743,0.01548590,1.03760508,1.05309098,885885910.01,26.8553
532,1.4565,2.3299,2.3299,313.65,37969807.46,3638796.09,182506210.36,253777554.98,436283765.34,60510.49,4.20211713,0.00077399,0.02476777,0.01547985,1.03750371,1.05298356,885944420.50,26.8476
533,1.4593,2.3302,2.3302,314.25,37976518.57,3639039.81,182552880.58,253791379.73,436344260.31,60494.97,4.20103963,0.00077369,0.02475811,0.01547382,1.03740237,1.05287619,886002915.47,26.8399
534,1.4620,2.3306,2.3306,314.85,37983230.58,3639283.52,182599536.04,253805203.73,436404739.77,60479.46,4.19996247,0.00077339,0.02474845,0.01546778,1.03730108,1.05276886,886061394.93,26.8321
535,1.4648,2.3309,2.3309,315.44,37989943.49,3639527.22,182646176.73,253819026.99,436465203.72,60463.95,4.19888564,0.00077309,0.02473880,0.01546175,1.03719982,1.05266157,886119858.88,26.8244
536,1.4675,2.3312,2.3312,316.04,37996657.29,3639770.92,182692802.66,253832849.51,436525652.17,60448.45,4.19780914,0.00077279,0.02472915,0.01545572,1.03709861,1.05255433,886178307.34,26.8167
537,1.4702,2.3315,2.3315,316.64,38003371.99,3640014.60,182739413.84,253846671.29,436586085.13,60432.95,4.19673297,0.00077248,0.02471951,0.01544969,1.03699744,1.05244713,886236740.29,26.8089
538,1.4730,2.3318,2.3318,317.25,38010087.59,3640258.29,182786010.27,253860492.32,436646502.59,60417.46,4.19565714,0.00077218,0.02470987,0.01544367,1.03689631,1.05233997,886295157.75,26.8012
539,1.4757,2.3321,2.3321,317.85,38016804.08,3640501.96,182832591.96,253874312.61,436706904.57,60401.98,4.19458163,0.00077188,0.02470023,0.01543764,1.03679522,1.05223286,886353559.73,26.7935
540,1.4784,2.3324,2.3324,318.45,38023521.47,3640745.63,182879158.91,253888132.15,436767291.06,60386.49,4.19350646,0.00077158,0.02469060,0.01543162,1.03669417,1.05212579,886411946.22,26.7858
541,1.4812,2.3327,2.3327,319.06,38030239.77,3640989.30,182925711.12,253901950.95,436827662.08,60371.02,4.19243162,0.00077128,0.02468097,0.01542561,1.03659316,1.05201876,886470317.24,26.7781
542,1.4839,2.3331,2.3331,319.67,38036958.96,3641232.95,182972248.61,253915769.01,436888017.62,60355.54,4.19135711,0.00077098,0.02467135,0.01541959,1.03649219,1.05191178,886528672.78,26.7703
543,1.4867,2.3334,2.3334,320.27,38043679.04,3641476.60,183018771.36,253929586.33,436948357.69,60340.07,4.19028294,0.00077068,0.02466173,0.01541358,1.03639126,1.05180484,886587012.85,26.7626
544,1.4894,2.3337,2.3337,320.88,38050400.03,3641720.25,183065279.40,253943402.90,437008682.30,60324.61,4.18920909,0.00077038,0.02465211,0.01540757,1.03629037,1.05169794,886645337.47,26.7549
545,1.4921,2.3340,2.3340,321.49,38057121.91,3641963.88,183111772.72,253957218.73,437068991.46,60309.15,4.18813558,0.00077008,0.02464250,0.01540156,1.03618953,1.05159109,886703646.62,26.7472
546,1.4949,2.3343,2.3343,322.10,38063844.70,3642207.51,183158251.33,253971033.82,437129285.15,60293.70,4.18706239,0.00076978,0.02463289,0.01539556,1.03608872,1.05148428,886761940.32,26.7395
547,1.4976,2.3346,2.3346,322.72,38070568.38,3642451.14,183204715.23,253984848.17,437189563.40,60278.25,4.18598954,0.00076948,0.02462329,0.01538956,1.03598795,1.05137751,886820218.57,26.7318
548,1.5003,2.3349,2.3349,323.33,38077292.96,3642694.76,183251164.43,253998661.78,437249826.21,60262.81,4.18491702,0.00076918,0.02461369,0.01538356,1.03588723,1.05127078,886878481.37,26.7241
549,1.5031,2.3352,2.3352,323.94,38084018.44,3642938.37,183297598.93,254012474.64,437310073.57,60247.37,4.18384483,0.00076888,0.02460409,0.01537756,1.03578654,1.05116410,886936728.74,26.7163
550,1.5058,2.3355,2.3355,324.56,38090744.82,3643181.97,183344018.74,254026286.76,437370305.50,60231.93,4.18277297,0.00076858,0.02459450,0.01537156,1.03568589,1.05105746,886994960.67,26.7086
551,1.5086,2.3359,2.3359,325.18,38097472.09,3643425.57,183390423.87,254040098.14,437430522.01,60216.50,4.18170143,0.00076828,0.02458492,0.01536557,1.03558528,1.05095086,887053177.17,26.7009
552,1.5113,2.3362,2.3362,325.79,38104200.27,3643669.16,183436814.30,254053908.78,437490723.08,60201.08,4.18063023,0.00076798,0.02457533,0.01535958,1.03548472,1.05084430,887111378.24,26.6932
553,1.5140,2.3365,2.3365,326.41,38110929.35,3643912.74,183483190.06,254067718.67,437550908.74,60185.65,4.17955936,0.00076768,0.02456575,0.01535360,1.03538419,1.05073778,887169563.90,26.6855
554,1.5168,2.3368,2.3368,327.03,38117659.32,3644156.32,183529551.15,254081527.83,437611078.97,60170.24,4.17848882,0.00076738,0.02455618,0.01534761,1.03528370,1.05063131,887227734.14,26.6778
555,1.5195,2.3371,2.3371,327.66,38124390.20,3644399.89,183575897.56,254095336.24,437671233.80,60154.83,4.17741862,0.00076708,0.02454661,0.01534163,1.03518325,1.05052488,887285888.97,26.6701
556,1.5222,2.3374,2.3374,328.28,38131121.97,3644643.46,183622229.31,254109143.91,437731373.22,60139.42,4.17634874,0.00076678,0.02453704,0.01533565,1.03508284,1.05041849,887344028.39,26.6625
557,1.5250,2.3377,2.3377,328.90,38137854.65,3644887.02,183668546.40,254122950.84,437791497.24,60124.02,4.17527919,0.00076648,0.02452748,0.01532967,1.03498247,1.05031214,887402152.41,26.6548
558,1.5277,2.3380,2.3380,329.53,38144588.23,3645130.57,183714848.84,254136757.03,437851605.87,60108.62,4.17420997,0.00076619,0.02451792,0.01532370,1.03488213,1.05020583,887460261.03,26.6471
559,1.5305,2.3384,2.3384,330.15,38151322.70,3645374.11,183761136.62,254150562.48,437911699.10,60093.23,4.17314107,0.00076589,0.02450837,0.01531773,1.03478184,1.05009957,887518354.26,26.6394
560,1.5332,2.3387,2.3387,330.78,38158058.08,3645617.65,183807409.75,254164367.19,437971776.94,60077.84,4.17207251,0.00076559,0.02449882,0.01531176,1.03468159,1.04999335,887576432.11,26.6317
561,1.5359,2.3390,2.3390,331.41,38164794.35,3645861.18,183853668.25,254178171.16,438031839.41,60062.46,4.17100428,0.00076529,0.02448927,0.01530579,1.03458137,1.04988716,887634494.57,26.6240
562,1.5387,2.3393,2.3393,332.04,38171531.53,3646104.71,183899912.11,254191974.38,438091886.49,60047.08,4.16993638,0.00076499,0.02447973,0.01529983,1.03448119,1.04978102,887692541.65,26.6163
563,1.5414,2.3396,2.3396,332.67,38178269.61,3646348.23,183946141.33,254205776.87,438151918.20,60031.71,4.16886881,0.00076469,0.02447019,0.01529387,1.03438106,1.04967492,887750573.36,26.6086
564,1.5441,2.3399,2.3399,333.30,38185008.58,3646591.74,183992355.93,254219578.61,438211934.54,60016.34,4.16780156,0.00076440,0.02446065,0.01528791,1.03428096,1.04956887,887808589.71,26.6010
565,1.5469,2.3402,2.3402,333.94,38191748.46,3646835.25,184038555.90,254233379.62,438271935.52,60000.98,4.16673465,0.00076410,0.02445112,0.01528195,1.03418090,1.04946285,887866590.68,26.5933
566,1.5496,2.3405,2.3405,334.57,38198489.24,3647078.74,184084741.26,254247179.89,438331921.14,59985.62,4.16566806,0.00076380,0.02444160,0.01527600,1.03408087,1.04935687,887924576.30,26.5856
567,1.5524,2.3409,2.3409,335.21,38205230.92,3647322.24,184130912.00,254260979.41,438391891.41,59970.27,4.16460181,0.00076350,0.02443207,0.01527005,1.03398089,1.04925094,887982546.57,26.5779
568,1.5551,2.3412,2.3412,335.85,38211973.51,3647565.72,184177068.13,254274778.20,438451846.32,59954.92,4.16353588,0.00076320,0.02442256,0.01526410,1.03388094,1.04914504,888040501.49,26.5703
569,1.5578,2.3415,2.3415,336.48,38218716.99,3647809.20,184223209.66,254288576.24,438511785.90,59939.57,4.16247028,0.00076291,0.02441304,0.01525815,1.03378103,1.04903919,888098441.06,26.5626
570,1.5606,2.3418,2.3418,337.12,38225461.38,3648052.68,184269336.58,254302373.55,438571710.13,59924.23,4.16140501,0.00076261,0.02440353,0.01525221,1.03368116,1.04893337,888156365.29,26.5549
571,1.5633,2.3421,2.3421,337.76,38232206.66,3648296.14,184315448.91,254316170.11,438631619.03,59908.90,4.16034006,0.00076231,0.02439403,0.01524627,1.03358133,1.04882760,888214274.19,26.5473
572,1.5661,2.3424,2.3424,338.41,38238952.85,3648539.60,184361546.65,254329965.94,438691512.59,59893.57,4.15927545,0.00076202,0.02438452,0.01524033,1.03348154,1.04872187,888272167.75,26.5396
573,1.5688,2.3427,2.3427,339.05,38245699.94,3648783.06,184407629.81,254343761.03,438751390.83,59878.24,4.15821116,0.00076172,0.02437503,0.01523439,1.03338178,1.04861617,888330046.00,26.5319
574,1.5715,2.3431,2.3431,339.69,38252447.93,3649026.50,184453698.38,254357555.37,438811253.75,59862.92,4.15714720,0.00076142,0.02436553,0.01522846,1.03328206,1.04851052,888387908.91,26.5243
575,1.5743,2.3434,2.3434,340.34,38259196.83,3649269.94,184499752.37,254371348.98,438871101.36,59847.60,4.15608357,0.00076113,0.02435604,0.01522253,1.03318238,1.04840491,888445756.52,26.5166
576,1.5770,2.3437,2.3437,340.99,38265946.62,3649513.38,184545791.79,254385141.85,438930933.65,59832.29,4.15502027,0.00076083,0.02434656,0.01521660,1.03308274,1.04829934,888503588.81,26.5089
577,1.5797,2.3440,2.3440,341.63,38272697.32,3649756.80,184591816.65,254398933.98,438990750.63,59816.99,4.15395730,0.00076053,0.02433707,0.01521067,1.03298313,1.04819380,888561405.80,26.5013
578,1.5825,2.3443,2.3443,342.28,38279448.92,3650000.23,184637826.94,254412725.37,439050552.32,59801.68,4.15289465,0.00076024,0.02432760,0.01520475,1.03288356,1.04808831,888619207.48,26.4936
579,1.5852,2.3446,2.3446,342.93,38286201.43,3650243.64,184683822.67,254426516.03,439110338.70,59786.39,4.15183233,0.00075994,0.02431812,0.01519883,1.03278403,1.04798286,888676993.86,26.4860
580,1.5880,2.3449,2.3449,343.59,38292954.83,3650487.05,184729803.85,254440305.94,439170109.79,59771.09,4.15077034,0.00075965,0.02430865,0.01519291,1.03268454,1.04787745,888734764.96,26.4783
581,1.5907,2.3452,2.3452,344.24,38299709.14,3650730.45,184775770.48,254454095.12,439229865.60,59755.80,4.14970867,0.00075935,0.02429919,0.01518699,1.03258508,1.04777207,888792520.76,26.4707
582,1.5934,2.3456,2.3456,344.89,38306464.36,3650973.84,184821722.57,254467883.56,439289606.12,59740.52,4.14864733,0.00075905,0.02428972,0.01518108,1.03248566,1.04766674,888850261.28,26.4630
583,1.5962,2.3459,2.3459,345.55,38313220.47,3651217.23,184867660.11,254481671.25,439349331.36,59725.24,4.14758632,0.00075876,0.02428027,0.01517517,1.03238628,1.04756144,888907986.53,26.4554
584,1.5989,2.3462,2.3462,346.21,38319977.49,3651460.61,184913583.12,254495458.22,439409041.33,59709.97,4.14652564,0.00075846,0.02427081,0.01516926,1.03228693,1.04745619,888965696.50,26.4477
585,1.6016,2.3465,2.3465,346.86,38326735.41,3651703.99,184959491.59,254509244.44,439468736.03,59694.70,4.14546528,0.00075817,0.02426136,0.01516335,1.03218762,1.04735097,889023391.20,26.4401
586,1.6044,2.3468,2.3468,347.52,38333494.24,3651947.36,185005385.55,254523029.92,439528415.47,59679.44,4.14440525,0.00075787,0.02425192,0.01515745,1.03208835,1.04724580,889081070.63,26.4325
587,1.6071,2.3471,2.3471,348.18,38340253.96,3652190.72,185051264.97,254536814.67,439588079.64,59664.18,4.14334555,0.00075758,0.02424248,0.01515155,1.03198911,1.04714066,889138734.81,26.4248
588,1.6099,2.3474,2.3474,348.85,38347014.60,3652434.08,185097129.89,254550598.68,439647728.57,59648.92,4.14228618,0.00075728,0.02423304,0.01514565,1.03188991,1.04703556,889196383.73,26.4172
589,1.6126,2.3478,2.3478,349.51,38353776.13,3652677.42,185142980.29,254564381.95,439707362.24,59633.67,4.14122713,0.00075699,0.02422360,0.01513975,1.03179075,1.04693050,889254017.40,26.4096
590,1.6153,2.3481,2.3481,350.17,38360538.57,3652920.77,185188816.18,254578164.48,439766980.66,59618.43,4.14016840,0.00075669,0.02421417,0.01513386,1.03169162,1.04682548,889311635.82,26.4019
591,1.6181,2.3484,2.3484,350.84,38367301.92,3653164.10,185234637.56,254591946.28,439826583.84,59603.18,4.13911001,0.00075640,0.02420475,0.01512797,1.03159253,1.04672050,889369239.01,26.3943
592,1.6208,2.3487,2.3487,351.51,38374066.16,3653407.43,185280444.45,254605727.34,439886171.79,59587.95,4.13805194,0.00075610,0.02419533,0.01512208,1.03149348,1.04661556,889426826.96,26.3867
593,1.6235,2.3490,2.3490,352.17,38380831.32,3653650.76,185326236.85,254619507.66,439945744.51,59572.72,4.13699419,0.00075581,0.02418591,0.01511619,1.03139446,1.04651065,889484399.67,26.3790
594,1.6263,2.3493,2.3493,352.84,38387597.37,3653894.07,185372014.75,254633287.25,440005302.00,59557.49,4.13593677,0.00075552,0.02417649,0.01511031,1.03129548,1.04640579,889541957.16,26.3714
595,1.6290,2.3496,2.3496,353.51,38394364.33,3654137.38,185417778.17,254647066.09,440064844.27,59542.27,4.13487968,0.00075522,0.02416708,0.01510443,1.03119653,1.04630096,889599499.43,26.3638
596,1.6318,2.3500,2.3500,354.19,38401132.20,3654380.69,185463527.11,254660844.20,440124371.32,59527.05,4.13382291,0.00075493,0.02415768,0.01509855,1.03109762,1.04619617,889657026.48,26.3562
597,1.6345,2.3503,2.3503,354.86,38407900.97,3654623.98,185509261.57,254674621.58,440183883.15,59511.84,4.13276647,0.00075463,0.02414828,0.01509267,1.03099874,1.04609142,889714538.32,26.3486
598,1.6372,2.3506,2.3506,355.53,38414670.65,3654867.27,185554981.57,254688398.22,440243379.78,59496.63,4.13171036,0.00075434,0.02413888,0.01508680,1.03089991,1.04598670,889772034.95,26.3409
599,1.6400,2.3509,2.3509,356.21,38421441.23,3655110.56,185600687.09,254702174.12,440302861.21,59481.43,4.13065457,0.00075405,0.02412948,0.01508093,1.03080110,1.04588203,889829516.37,26.3333
600,1.6427,2.3512,2.3512,356.89,38428212.71,3655353.83,185646378.15,254715949.28,440362327.44,59466.23,4.12959910,0.00075375,0.02412009,0.01507506,1.03070233,1.04577739,889886982.60,26.3257
601,1.6454,2.3515,2.3515,357.57,38434985.10,3655597.11,185692054.76,254729723.71,440421778.47,59451.03,4.12854396,0.00075346,0.02411071,0.01506919,1.03060360,1.04567279,889944433.63,26.3181
602,1.6482,2.3518,2.3518,358.24,38441758.40,3655840.37,185737716.91,254743497.40,440481214.31,59435.84,4.12748915,0.00075317,0.02410133,0.01506333,1.03050490,1.04556823,890001869.47,26.3105
603,1.6509,2.3522,2.3522,358.93,38448532.60,3656083.63,185783364.62,254757270.36,440540634.97,59420.66,4.12643466,0.00075287,0.02409195,0.01505747,1.03040624,1.04546371,890059290.13,26.3029
604,1.6537,2.3525,2.3525,359.61,38455307.71,3656326.88,185828997.87,254771042.58,440600040.45,59405.48,4.12538050,0.00075258,0.02408257,0.01505161,1.03030762,1.04535922,890116695.61,26.2953
605,1.6564,2.3528,2.3528,360.29,38462083.72,3656570.12,185874616.70,254784814.06,440659430.75,59390.30,4.12432666,0.00075229,0.02407320,0.01504575,1.03020902,1.04525478,890174085.92,26.2877
606,1.6591,2.3531,2.3531,360.98,38468860.64,3656813.36,185920221.08,254798584.81,440718805.89,59375.13,4.12327315,0.00075199,0.02406384,0.01503990,1.03011047,1.04515037,890231461.05,26.2801
607,1.6619,2.3534,2.3534,361.66,38475638.46,3657056.59,185965811.04,254812354.82,440778165.86,59359.97,4.12221996,0.00075170,0.02405448,0.01503405,1.03001195,1.04504599,890288821.02,26.2725
608,1.6646,2.3537,2.3537,362.35,38482417.19,3657299.82,186011386.57,254826124.10,440837510.66,59344.81,4.12116709,0.00075141,0.02404512,0.01502820,1.02991346,1.04494166,890346165.82,26.2649
609,1.6674,2.3540,2.3540,363.04,38489196.83,3657543.04,186056947.67,254839892.64,440896840.31,59329.65,4.12011455,0.00075112,0.02403576,0.01502235,1.02981501,1.04483736,890403495.47,26.2573
610,1.6701,2.3544,2.3544,363.73,38495977.37,3657786.25,186102494.37,254853660.44,440956154.81,59314.50,4.11906233,0.00075083,0.02402641,0.01501651,1.02971659,1.04473310,890460809.97,26.2497
611,1.6728,2.3547,2.3547,364.42,38502758.82,3658029.46,186148026.65,254867427.51,441015454.16,59299.35,4.11801044,0.00075053,0.02401707,0.01501067,1.02961821,1.04462888,890518109.32,26.2421
612,1.6756,2.3550,2.3550,365.11,38509541.18,3658272.66,186193544.52,254881193.85,441074738.37,59284.21,4.11695888,0.00075024,0.02400773,0.01500483,1.02951986,1.04452469,890575393.53,26.2345
613,1.6783,2.3553,2.3553,365.81,38516324.44,3658515.85,186239047.99,254894959.45,441134007.44,59269.07,4.11590763,0.00074995,0.02399839,0.01499899,1.02942155,1.04442054,890632662.60,26.2269
614,1.6810,2.3556,2.3556,366.50,38523108.61,3658759.04,186284537.06,254908724.31,441193261.37,59253.94,4.11485671,0.00074966,0.02398905,0.01499316,1.02932327,1.04431643,890689916.54,26.2193
615,1.6838,2.3559,2.3559,367.20,38529893.69,3659002.22,186330011.74,254922488.44,441252500.18,59238.81,4.11380612,0.00074937,0.02397972,0.01498733,1.02922502,1.04421235,890747155.34,26.2117
616,1.6865,2.3562,2.3562,367.90,38536679.67,3659245.39,186375472.03,254936251.84,441311723.87,59223.68,4.11275585,0.00074907,0.02397040,0.01498150,1.02912681,1.04410831,890804379.03,26.2041
617,1.6893,2.3566,2.3566,368.60,38543466.56,3659488.56,186420917.93,254950014.50,441370932.43,59208.56,4.11170590,0.00074878,0.02396107,0.01497567,1.02902864,1.04400431,890861587.59,26.1966
618,1.6920,2.3569,2.3569,369.30,38550254.36,3659731.72,186466349.46,254963776.42,441430125.88,59193.45,4.11065627,0.00074849,0.02395175,0.01496985,1.02893049,1.04390034,890918781.04,26.1890
619,1.6947,2.3572,2.3572,370.00,38557043.06,3659974.87,186511766.60,254977537.62,441489304.22,59178.34,4.10960697,0.00074820,0.02394244,0.01496402,1.02883239,1.04379641,890975959.38,26.1814
620,1.6975,2.3575,2.3575,370.70,38563832.68,3660218.02,186557169.38,254991298.07,441548467.46,59163.24,4.10855799,0.00074791,0.02393313,0.01495821,1.02873431,1.04369252,891033122.62,26.1738
621,1.7002,2.3578,2.3578,371.41,38570623.20,3660461.16,186602557.79,255005057.80,441607615.59,59148.13,4.10750934,0.00074762,0.02392382,0.01495239,1.02863627,1.04358866,891090270.75,26.1662
622,1.7029,2.3581,2.3581,372.11,38577414.62,3660704.30,186647931.84,255018816.79,441666748.63,59133.04,4.10646101,0.00074733,0.02391452,0.01494657,1.02853826,1.04348484,891147403.79,26.1587
623,1.7057,2.3585,2.3585,372.82,38584206.96,3660947.42,186693291.53,255032575.04,441725866.58,59117.95,4.10541300,0.00074704,0.02390522,0.01494076,1.02844029,1.04338105,891204521.74,26.1511
624,1.7084,2.3588,2.3588,373.53,38591000.20,3661190.55,186738636.87,255046332.56,441784969.44,59102.86,4.10436532,0.00074675,0.02389593,0.01493495,1.02834235,1.04327731,891261624.60,26.1435
625,1.7112,2.3591,2.3591,374.24,38597794.36,3661433.66,186783967.86,255060089.35,441844057.22,59087.78,4.10331795,0.00074646,0.02388663,0.01492915,1.02824445,1.04317359,891318712.38,26.1360
626,1.7139,2.3594,2.3594,374.95,38604589.42,3661676.77,186829284.51,255073845.41,441903129.92,59072.70,4.10227091,0.00074617,0.02387735,0.01492334,1.02814658,1.04306992,891375785.08,26.1284
627,1.7166,2.3597,2.3597,375.66,38611385.39,3661919.87,186874586.82,255087600.73,441962187.54,59057.63,4.10122420,0.00074588,0.02386806,0.01491754,1.02804874,1.04296628,891432842.71,26.1208
628,1.7194,2.3600,2.3600,376.38,38618182.26,3662162.97,186919874.79,255101355.31,442021230.11,59042.56,4.10017780,0.00074559,0.02385879,0.01491174,1.02795093,1.04286267,891489885.27,26.1133
629,1.7221,2.3603,2.3603,377.09,38624980.05,3662406.06,186965148.44,255115109.17,442080257.60,59027.50,4.09913173,0.00074530,0.02384951,0.01490594,1.02785316,1.04275910,891546912.77,26.1057
630,1.7248,2.3607,2.3607,377.81,38631778.74,3662649.14,187010407.75,255128862.29,442139270.04,59012.44,4.09808598,0.00074501,0.02384024,0.01490015,1.02775542,1.04265557,891603925.20,26.0982
631,1.7276,2.3610,2.3610,378.53,38638578.35,3662892.22,187055652.75,255142614.67,442198267.42,58997.38,4.09704055,0.00074472,0.02383097,0.01489436,1.02765771,1.04255207,891660922.59,26.0906
632,1.7303,2.3613,2.3613,379.25,38645378.86,3663135.29,187100883.43,255156366.33,442257249.76,58982.33,4.09599545,0.00074443,0.02382171,0.01488857,1.02756004,1.04244861,891717904.92,26.0831
633,1.7331,2.3616,2.3616,379.97,38652180.28,3663378.35,187146099.80,255170117.25,442316217.05,58967.29,4.09495067,0.00074414,0.02381245,0.01488278,1.02746240,1.04234518,891774872.21,26.0755
634,1.7358,2.3619,2.3619,380.69,38658982.61,3663621.41,187191301.86,255183867.44,442375169.30,58952.25,4.09390620,0.00074385,0.02380319,0.01487700,1.02736479,1.04224179,891831824.46,26.0680
635,1.7385,2.3622,2.3622,381.41,38665785.85,3663864.46,187236489.62,255197616.89,442434106.51,58937.21,4.09286206,0.00074356,0.02379394,0.01487121,1.02726722,1.04213843,891888761.67,26.0604
636,1.7413,2.3626,2.3626,382.14,38672590.00,3664107.50,187281663.08,255211365.62,442493028.69,58922.18,4.09181825,0.00074327,0.02378469,0.01486543,1.02716968,1.04203511,891945683.86,26.0529
637,1.7440,2.3629,2.3629,382.87,38679395.06,3664350.54,187326822.24,255225113.61,442551935.85,58907.16,4.09077475,0.00074298,0.02377545,0.01485966,1.02707217,1.04193182,892002591.01,26.0453
638,1.7467,2.3632,2.3632,383.59,38686201.03,3664593.57,187371967.12,255238860.87,442610827.99,58892.13,4.08973158,0.00074269,0.02376621,0.01485388,1.02697469,1.04182857,892059483.15,26.0378
639,1.7495,2.3635,2.3635,384.32,38693007.91,3664836.60,187417097.71,255252607.39,442669705.10,58877.12,4.08868872,0.00074241,0.02375697,0.01484811,1.02687725,1.04172536,892116360.27,26.0302
640,1.7522,2.3638,2.3638,385.05,38699815.70,3665079.62,187462214.02,255266353.19,442728567.21,58862.11,4.08764619,0.00074212,0.02374774,0.01484234,1.02677984,1.04162218,892173222.37,26.0227
641,1.7550,2.3641,2.3641,385.78,38706624.40,3665322.63,187507316.06,255280098.25,442787414.31,58847.10,4.08660398,0.00074183,0.02373851,0.01483657,1.02668246,1.04151903,892230069.47,26.0152
642,1.7577,2.3644,2.3644,386.52,38713434.00,3665565.63,187552403.82,255293842.58,442846246.40,58832.09,4.08556209,0.00074154,0.02372929,0.01483081,1.02658511,1.04141592,892286901.56,26.0076
643,1.7604,2.3648,2.3648,387.25,38720244.52,3665808.63,187597477.32,255307586.18,442905063.50,58817.10,4.08452052,0.00074125,0.02372007,0.01482504,1.02648780,1.04131284,892343718.66,26.0001
644,1.7632,2.3651,2.3651,387.99,38727055.95,3666051.62,187642536.55,255321329.04,442963865.60,58802.10,4.08347928,0.00074096,0.02371085,0.01481928,1.02639051,1.04120980,892400520.76,25.9926
645,1.7659,2.3654,2.3654,388.73,38733868.29,3666294.61,187687581.53,255335071.18,443022652.71,58787.11,4.08243835,0.00074068,0.02370164,0.01481352,1.02629326,1.04110679,892457307.87,25.9850
646,1.7687,2.3657,2.3657,389.47,38740681.54,3666537.59,187732612.26,255348812.58,443081424.84,58772.13,4.08139774,0.00074039,0.02369243,0.01480777,1.02619604,1.04100381,892514080.00,25.9775
647,1.7714,2.3660,2.3660,390.21,38747495.71,3666780.56,187777628.73,255362553.25,443140181.98,58757.15,4.08035746,0.00074010,0.02368323,0.01480202,1.02609886,1.04090087,892570837.15,25.9700
648,1.7741,2.3663,2.3663,390.95,38754310.78,3667023.53,187822630.96,255376293.19,443198924.16,58742.17,4.07931749,0.00073981,0.02367402,0.01479627,1.02600170,1.04079797,892627579.32,25.9625
649,1.7769,2.3667,2.3667,391.69,38761126.76,3667266.49,187867618.95,255390032.40,443257651.36,58727.20,4.07827785,0.00073953,0.02366483,0.01479052,1.02590458,1.04069510,892684306.52,25.9549
650,1.7796,2.3670,2.3670,392.43,38767943.66,3667509.44,187912592.71,255403770.88,443316363.59,58712.23,4.07723853,0.00073924,0.02365563,0.01478477,1.02580749,1.04059226,892741018.75,25.9474
651,1.7823,2.3673,2.3673,393.18,38774761.46,3667752.39,187957552.24,255417508.63,443375060.86,58697.27,4.07619952,0.00073895,0.02364644,0.01477903,1.02571043,1.04048946,892797716.03,25.9399
652,1.7851,2.3676,2.3676,393.93,38781580.18,3667995.33,188002497.54,255431245.64,443433743.18,58682.32,4.07516084,0.00073866,0.02363726,0.01477329,1.02561340,1.04038669,892854398.34,25.9324
653,1.7878,2.3679,2.3679,394.68,38788399.81,3668238.27,188047428.62,255444981.93,443492410.54,58667.36,4.07412248,0.00073838,0.02362808,0.01476755,1.02551640,1.04028395,892911065.71,25.9249
654,1.7906,2.3682,2.3682,395.43,38795220.35,3668481.20,188092345.48,255458717.48,443551062.96,58652.42,4.07308443,0.00073809,0.02361890,0.01476181,1.02541944,1.04018125,892967718.12,25.9174
655,1.7933,2.3686,2.3686,396.18,38802041.80,3668724.12,188137248.12,255472452.31,443609700.43,58637.47,4.07204671,0.00073780,0.02360973,0.01475608,1.02532250,1.04007858,893024355.60,25.9099
656,1.7960,2.3689,2.3689,396.93,38808864.17,3668967.03,188182136.56,255486186.40,443668322.97,58622.53,4.07100931,0.00073752,0.02360056,0.01475035,1.02522560,1.03997595,893080978.13,25.9024
657,1.7988,2.3692,2.3692,397.69,38815687.44,3669209.94,188227010.80,255499919.77,443726930.57,58607.60,4.06997222,0.00073723,0.02359139,0.01474462,1.02512873,1.03987335,893137585.73,25.8948
658,1.8015,2.3695,2.3695,398.44,38822511.63,3669452.84,188271870.84,255513652.40,443785523.24,58592.67,4.06893546,0.00073694,0.02358223,0.01473889,1.02503189,1.03977078,893194178.40,25.8873
659,1.8042,2.3698,2.3698,399.20,38829336.73,3669695.74,188316716.68,255527384.30,443844100.98,58577.75,4.06789901,0.00073666,0.02357307,0.01473317,1.02493508,1.03966825,893250756.15,25.8798
660,1.8070,2.3701,2.3701,399.96,38836162.74,3669938.63,188361548.33,255541115.48,443902663.81,58562.83,4.06686288,0.00073637,0.02356392,0.01472745,1.02483830,1.03956575,893307318.97,25.8723
661,1.8097,2.3705,2.3705,400.72,38842989.67,3670181.51,188406365.80,255554845.92,443961211.72,58547.91,4.06582708,0.00073609,0.02355477,0.01472173,1.02474155,1.03946328,893363866.88,25.8648
662,1.8125,2.3708,2.3708,401.48,38849817.51,3670424.39,188451169.09,255568575.63,444019744.72,58533.00,4.06479159,0.00073580,0.02354562,0.01471601,1.02464484,1.03936085,893420399.88,25.8574
663,1.8152,2.3711,2.3711,402.24,38856646.26,3670667.26,188495958.19,255582304.62,444078262.81,58518.09,4.06375642,0.00073551,0.02353648,0.01471030,1.02454815,1.03925845,893476917.97,25.8499
664,1.8179,2.3714,2.3714,403.01,38863475.92,3670910.12,188540733.13,255596032.87,444136766.00,58503.19,4.06272157,0.00073523,0.02352734,0.01470459,1.02445149,1.03915608,893533421.16,25.8424
665,1.8207,2.3717,2.3717,403.77,38870306.50,3671152.98,188585493.90,255609760.40,444195254.29,58488.29,4.06168704,0.00073494,0.02351820,0.01469888,1.02435487,1.03905375,893589909.46,25.8349
666,1.8234,2.3720,2.3720,404.54,38877137.99,3671395.83,188630240.50,255623487.19,444253727.69,58473.40,4.06065283,0.00073466,0.02350907,0.01469317,1.02425827,1.03895144,893646382.86,25.8274
667,1.8261,2.3724,2.3724,405.31,38883970.39,3671638.68,188674972.95,255637213.26,444312186.21,58458.51,4.05961894,0.00073437,0.02349995,0.01468747,1.02416171,1.03884918,893702841.37,25.8199
668,1.8289,2.3727,2.3727,406.08,38890803.71,3671881.51,188719691.24,255650938.59,444370629.84,58443.63,4.05858536,0.00073409,0.02349082,0.01468176,1.02406518,1.03874694,893759285.00,25.8124
669,1.8316,2.3730,2.3730,406.85,38897637.94,3672124.35,188764395.39,255664663.20,444429058.59,58428.75,4.05755210,0.00073380,0.02348170,0.01467606,1.02396867,1.03864474,893815713.75,25.8049
670,1.8344,2.3733,2.3733,407.63,38904473.08,3672367.17,188809085.38,255678387.08,444487472.46,58413.88,4.05651917,0.00073352,0.02347259,0.01467037,1.02387220,1.03854257,893872127.63,25.7975
671,1.8371,2.3736,2.3736,408.40,38911309.14,3672609.99,188853761.24,255692110.23,444545871.47,58399.01,4.05548654,0.00073323,0.02346347,0.01466467,1.02377576,1.03844043,893928526.63,25.7900
672,1.8398,2.3739,2.3739,409.18,38918146.11,3672852.80,188898422.96,255705832.65,444604255.61,58384.14,4.05445424,0.00073295,0.02345437,0.01465898,1.02367934,1.03833832,893984910.77,25.7825
673,1.8426,2.3743,2.3743,409.96,38924984.00,3673095.61,188943070.55,255719554.34,444662624.89,58369.28,4.05342226,0.00073266,0.02344526,0.01465329,1.02358296,1.03823625,894041280.05,25.7750
674,1.8453,2.3746,2.3746,410.73,38931822.80,3673338.41,188987704.01,255733275.31,444720979.32,58354.42,4.05239059,0.00073238,0.02343616,0.01464760,1.02348661,1.03813421,894097634.48,25.7676
675,1.8480,2.3749,2.3749,411.52,38938662.51,3673581.20,189032323.34,255746995.54,444779318.89,58339.57,4.05135924,0.00073210,0.02342707,0.01464192,1.02339028,1.03803220,894153974.05,25.7601
676,1.8508,2.3752,2.3752,412.30,38945503.14,3673823.99,189076928.56,255760715.05,444837643.61,58324.73,4.05032821,0.00073181,0.02341797,0.01463623,1.02329399,1.03793022,894210298.78,25.7526
677,1.8535,2.3755,2.3755,413.08,38952344.68,3674066.77,189121519.67,255774433.83,444895953.50,58309.88,4.04929750,0.00073153,0.02340889,0.01463055,1.02319773,1.03782828,894266608.66,25.7452
678,1.8563,2.3759,2.3759,413.87,38959187.14,3674309.54,189166096.66,255788151.88,444954248.55,58295.05,4.04826711,0.00073124,0.02339980,0.01462488,1.02310149,1.03772637,894322903.71,25.7377
679,1.8590,2.3762,2.3762,414.65,38966030.51,3674552.31,189210659.55,255801869.20,445012528.76,58280.21,4.04723703,0.00073096,0.02339072,0.01461920,1.02300529,1.03762449,894379183.92,25.7302
680,1.8617,2.3765,2.3765,415.44,38972874.80,3674795.07,189255208.34,255815585.80,445070794.14,58265.38,4.04620727,0.00073068,0.02338164,0.01461353,1.02290911,1.03752264,894435449.31,25.7228
681,1.8645,2.3768,2.3768,416.23,38979720.00,3675037.83,189299743.04,255829301.67,445129044.70,58250.56,4.04517782,0.00073039,0.02337257,0.01460786,1.02281297,1.03742083,894491699.87,25.7153
682,1.8672,2.3771,2.3771,417.02,38986566.11,3675280.57,189344263.64,255843016.81,445187280.44,58235.74,4.04414870,0.00073011,0.02336350,0.01460219,1.02271685,1.03731904,894547935.61,25.7079
683,1.8700,2.3774,2.3774,417.82,38993413.15,3675523.32,189388770.15,255856731.22,445245501.37,58220.93,4.04311989,0.00072983,0.02335443,0.01459652,1.02262077,1.03721729,894604156.53,25.7004
684,1.8727,2.3778,2.3778,418.61,39000261.09,3675766.05,189433262.58,255870444.90,445303707.49,58206.12,4.04209140,0.00072954,0.02334537,0.01459086,1.02252471,1.03711557,894660362.65,25.6929
685,1.8754,2.3781,2.3781,419.40,39007109.95,3676008.78,189477740.94,255884157.86,445361898.80,58191.31,4.04106322,0.00072926,0.02333631,0.01458520,1.02242868,1.03701388,894716553.96,25.6855
686,1.8782,2.3784,2.3784,420.20,39013959.73,3676251.50,189522205.22,255897870.09,445420075.31,58176.51,4.04003536,0.00072898,0.02332726,0.01457954,1.02233268,1.03691222,894772730.47,25.6780
687,1.8809,2.3787,2.3787,421.00,39020810.43,3676494.22,189566655.43,255911581.59,445478237.02,58161.71,4.03900782,0.00072869,0.02331821,0.01457388,1.02223671,1.03681059,894828892.18,25.6706
688,1.8836,2.3790,2.3790,421.80,39027662.04,3676736.93,189611091.57,255925292.37,445536383.94,58146.92,4.03798059,0.00072841,0.02330916,0.01456823,1.02214077,1.03670900,894885039.10,25.6632
689,1.8864,2.3793,2.3793,422.60,39034514.56,3676979.63,189655513.66,255939002.42,445594516.07,58132.13,4.03695368,0.00072813,0.02330012,0.01456258,1.02204486,1.03660744,894941171.24,25.6557
690,1.8891,2.3797,2.3797,423.41,39041368.00,3677222.33,189699921.68,255952711.74,445652633.42,58117.35,4.03592709,0.00072785,0.02329108,0.01455693,1.02194898,1.03650590,894997288.59,25.6483
691,1.8919,2.3800,2.3800,424.21,39048222.36,3677465.02,189744315.66,255966420.34,445710736.00,58102.57,4.03490081,0.00072756,0.02328205,0.01455128,1.02185312,1.03640440,895053391.16,25.6408
692,1.8946,2.3803,2.3803,425.02,39055077.63,3677707.71,189788695.59,255980128.20,445768823.79,58087.80,4.03387485,0.00072728,0.02327302,0.01454564,1.02175730,1.03630293,895109478.96,25.6334
693,1.8973,2.3806,2.3806,425.83,39061933.82,3677950.38,189833061.48,255993835.35,445826896.82,58073.03,4.03284921,0.00072700,0.02326399,0.01453999,1.02166150,1.03620149,895165551.98,25.6260
694,1.9001,2.3809,2.3809,426.63,39068790.93,3678193.06,189877413.32,256007541.76,445884955.09,58058.26,4.03182388,0.00072672,0.02325497,0.01453435,1.02156573,1.03610009,895221610.25,25.6185
695,1.9028,2.3813,2.3813,427.45,39075648.95,3678435.72,189921751.14,256021247.45,445942998.59,58043.50,4.03079887,0.00072644,0.02324595,0.01452872,1.02146999,1.03599871,895277653.75,25.6111
696,1.9055,2.3816,2.3816,428.26,39082507.89,3678678.38,189966074.92,256034952.41,446001027.34,58028.75,4.02977417,0.00072615,0.02323693,0.01452308,1.02137428,1.03589736,895333682.50,25.6037
697,1.9083,2.3819,2.3819,429.07,39089367.75,3678921.03,190010384.68,256048656.65,446059041.33,58014.00,4.02874979,0.00072587,0.02322792,0.01451745,1.02127860,1.03579605,895389696.50,25.5962
698,1.9110,2.3822,2.3822,429.89,39096228.53,3679163.68,190054680.42,256062360.16,446117040.58,57999.25,4.02772572,0.00072559,0.02321891,0.01451182,1.02118294,1.03569476,895445695.75,25.5888
699,1.9138,2.3825,2.3825,430.70,39103090.22,3679406.32,190098962.14,256076062.95,446175025.09,57984.51,4.02670197,0.00072531,0.02320991,0.01450619,1.02108732,1.03559351,895501680.26,25.5814
700,1.9165,2.3829,2.3829,431.52,39109952.83,3679648.95,190143229.86,256089765.01,446232994.86,57969.77,4.02567854,0.00072503,0.02320090,0.01450057,1.02099172,1.03549228,895557650.03,25.5740
701,1.9192,2.3832,2.3832,432.34,39116816.35,3679891.58,190187483.56,256103466.34,446290949.90,57955.04,4.02465542,0.00072475,0.02319191,0.01449494,1.02089615,1.03539109,895613605.06,25.5666
702,1.9220,2.3835,2.3835,433.17,39123680.80,3680134.20,190231723.26,256117166.95,446348890.21,57940.31,4.02363261,0.00072447,0.02318292,0.01448932,1.02080061,1.03528993,895669545.37,25.5591
703,1.9247,2.3838,2.3838,433.99,39130546.16,3680376.81,190275948.96,256130866.83,446406815.80,57925.59,4.02261012,0.00072419,0.02317393,0.01448370,1.02070509,1.03518880,895725470.96,25.5517
704,1.9274,2.3841,2.3841,434.81,39137412.44,3680619.42,190320160.67,256144565.99,446464726.66,57910.87,4.02158795,0.00072390,0.02316494,0.01447809,1.02060961,1.03508769,895781381.83,25.5443
705,1.9302,2.3844,2.3844,435.64,39144279.63,3680862.02,190364358.39,256158264.42,446522622.82,57896.15,4.02056609,0.00072362,0.02315596,0.01447247,1.02051415,1.03498662,895837277.98,25.5369
706,1.9329,2.3848,2.3848,436.47,39151147.75,3681104.62,190408542.13,256171962.13,446580504.26,57881.44,4.01954454,0.00072334,0.02314698,0.01446686,1.02041872,1.03488558,895893159.42,25.5295
707,1.9357,2.3851,2.3851,437.30,39158016.78,3681347.21,190452711.88,256185659.11,446638370.99,57866.74,4.01852331,0.00072306,0.02313801,0.01446125,1.02032331,1.03478457,895949026.16,25.5221
708,1.9384,2.3854,2.3854,438.13,39164886.73,3681589.79,190496867.66,256199355.37,446696223.03,57852.03,4.01750240,0.00072278,0.02312904,0.01445565,1.02022794,1.03468359,896004878.19,25.5147
709,1.9411,2.3857,2.3857,438.96,39171757.60,3681832.36,190541009.46,256213050.90,446754060.36,57837.34,4.01648179,0.00072250,0.02312007,0.01445004,1.02013259,1.03458264,896060715.53,25.5073
710,1.9439,2.3860,2.3860,439.80,39178629.39,3682074.93,190585137.30,256226745.71,446811883.01,57822.65,4.01546151,0.00072222,0.02311111,0.01444444,1.02003727,1.03448171,896116538.17,25.4999
711,1.9466,2.3864,2.3864,440.63,39185502.10,3682317.50,190629251.18,256240439.79,446869690.97,57807.96,4.01444153,0.00072194,0.02310215,0.01443884,1.01994198,1.03438082,896172346.13,25.4925
712,1.9493,2.3867,2.3867,441.47,39192375.72,3682560.05,190673351.09,256254133.15,446927484.24,57793.27,4.01342187,0.00072166,0.02309319,0.01443325,1.01984671,1.03427996,896228139.41,25.4851
713,1.9521,2.3870,2.3870,442.31,39199250.27,3682802.60,190717437.05,256267825.79,446985262.84,57778.60,4.01240253,0.00072138,0.02308424,0.01442765,1.01975148,1.03417913,896283918.00,25.4777
714,1.9548,2.3873,2.3873,443.15,39206125.73,3683045.15,190761509.07,256281517.69,447043026.76,57763.92,4.01138350,0.00072110,0.02307530,0.01442206,1.01965627,1.03407833,896339681.93,25.4703
715,1.9576,2.3876,2.3876,443.99,39213002.11,3683287.69,190805567.13,256295208.88,447100776.02,57749.25,4.01036478,0.00072082,0.02306635,0.01441647,1.01956108,1.03397755,896395431.18,25.4629
716,1.9603,2.3880,2.3880,444.84,39219879.41,3683530.22,190849611.26,256308899.34,447158510.60,57734.59,4.00934638,0.00072054,0.02305741,0.01441088,1.01946593,1.03387681,896451165.77,25.4555
717,1.9630,2.3883,2.3883,445.68,39226757.64,3683772.74,190893641.45,256322589.08,447216230.53,57719.93,4.00832829,0.00072026,0.02304848,0.01440530,1.01937080,1.03377609,896506885.69,25.4481
718,1.9658,2.3886,2.3886,446.53,39233636.78,3684015.26,190937657.71,256336278.09,447273935.80,57705.27,4.00731051,0.00071999,0.02303954,0.01439971,1.01927569,1.03367541,896562590.96,25.4408
719,1.9685,2.3889,2.3889,447.38,39240516.84,3684257.77,190981660.04,256349966.38,447331626.42,57690.62,4.00629305,0.00071971,0.02303062,0.01439413,1.01918062,1.03357475,896618281.58,25.4334
720,1.9713,2.3892,2.3892,448.23,39247397.82,3684500.28,191025648.45,256363653.95,447389302.39,57675.97,4.00527590,0.00071943,0.02302169,0.01438856,1.01908557,1.03347413,896673957.56,25.4260
721,1.9740,2.3895,2.3895,449.08,39254279.72,3684742.78,191069622.93,256377340.79,447446963.73,57661.33,4.00425906,0.00071915,0.02301277,0.01438298,1.01899055,1.03337353,896729618.89,25.4186
722,1.9767,2.3899,2.3899,449.93,39261162.54,3684985.27,191113583.51,256391026.91,447504610.42,57646.69,4.00324254,0.00071887,0.02300385,0.01437741,1.01889555,1.03327296,896785265.58,25.4112
723,1.9795,2.3902,2.3902,450.79,39268046.28,3685227.76,191157530.17,256404712.31,447562242.48,57632.06,4.00222633,0.00071859,0.02299494,0.01437184,1.01880059,1.03317242,896840897.64,25.4039
724,1.9822,2.3905,2.3905,451.65,39274930.94,3685470.24,191201462.93,256418396.98,447619859.91,57617.43,4.00121043,0.00071831,0.02298603,0.01436627,1.01870565,1.03307191,896896515.07,25.3965
725,1.9849,2.3908,2.3908,452.50,39281816.52,3685712.71,191245381.78,256432080.93,447677462.71,57602.81,4.00019485,0.00071804,0.02297712,0.01436070,1.01861073,1.03297143,896952117.88,25.3891
726,1.9877,2.3911,2.3911,453.36,39288703.02,3685955.18,191289286.74,256445764.16,447735050.90,57588.19,3.99917958,0.00071776,0.02296822,0.01435514,1.01851584,1.03287098,897007706.06,25.3817
727,1.9904,2.3915,2.3915,454.23,39295590.44,3686197.64,191333177.81,256459446.66,447792624.47,57573.57,3.99816462,0.00071748,0.02295932,0.01434958,1.01842098,1.03277056,897063279.63,25.3744
728,1.9932,2.3918,2.3918,455.09,39302478.78,3686440.10,191377054.99,256473128.44,447850183.43,57558.96,3.99714997,0.00071720,0.02295043,0.01434402,1.01832614,1.03267016,897118838.59,25.3670
729,1.9959,2.3921,2.3921,455.96,39309368.04,3686682.55,191420918.28,256486809.50,447907727.78,57544.35,3.99613564,0.00071692,0.02294154,0.01433846,1.01823134,1.03256980,897174382.95,25.3597
730,1.9986,2.3924,2.3924,456.82,39316258.23,3686924.99,191464767.70,256500489.83,447965257.53,57529.75,3.99512162,0.00071665,0.02293265,0.01433291,1.01813655,1.03246946,897229912.70,25.3523
731,2.0014,2.3927,2.3927,457.69,39323149.33,3687167.43,191508603.24,256514169.45,448022772.69,57515.15,3.99410791,0.00071637,0.02292377,0.01432735,1.01804180,1.03236915,897285427.85,25.3449
732,2.0041,2.3931,2.3931,458.56,39330041.36,3687409.86,191552424.91,256527848.34,448080273.25,57500.56,3.99309451,0.00071609,0.02291489,0.01432180,1.01794707,1.03226887,897340928.41,25.3376
733,2.0068,2.3934,2.3934,459.43,39336934.31,3687652.28,191596232.72,256541526.51,448137759.22,57485.97,3.99208143,0.00071581,0.02290601,0.01431626,1.01785236,1.03216862,897396414.38,25.3302
734,2.0096,2.3937,2.3937,460.31,39343828.18,3687894.70,191640026.66,256555203.95,448195230.61,57471.39,3.99106866,0.00071554,0.02289714,0.01431071,1.01775768,1.03206839,897451885.77,25.3229
735,2.0123,2.3940,2.3940,461.18,39350722.97,3688137.11,191683806.74,256568880.68,448252687.42,57456.81,3.99005619,0.00071526,0.02288827,0.01430517,1.01766303,1.03196820,897507342.58,25.3155
736,2.0151,2.3943,2.3943,462.06,39357618.68,3688379.51,191727572.98,256582556.68,448310129.65,57442.23,3.98904405,0.00071498,0.02287941,0.01429963,1.01756840,1.03186803,897562784.82,25.3082
737,2.0178,2.3947,2.3947,462.93,39364515.31,3688621.91,191771325.36,256596231.96,448367557.32,57427.66,3.98803221,0.00071470,0.02287055,0.01429409,1.01747380,1.03176789,897618212.48,25.3008
738,2.0205,2.3950,2.3950,463.81,39371412.87,3688864.30,191815063.90,256609906.52,448424970.42,57413.10,3.98702068,0.00071443,0.02286169,0.01428856,1.01737923,1.03166778,897673625.58,25.2935
739,2.0233,2.3953,2.3953,464.70,39378311.35,3689106.69,191858788.60,256623580.35,448482368.95,57398.54,3.98600947,0.00071415,0.02285284,0.01428302,1.01728468,1.03156770,897729024.11,25.2861
740,2.0260,2.3956,2.3956,465.58,39385210.75,3689349.06,191902499.46,256637253.47,448539752.93,57383.98,3.98499856,0.00071387,0.02284399,0.01427749,1.01719015,1.03146765,897784408.09,25.2788
741,2.0287,2.3959,2.3959,466.46,39392111.07,3689591.44,191946196.50,256650925.86,448597122.36,57369.43,3.98398797,0.00071360,0.02283514,0.01427196,1.01709566,1.03136762,897839777.52,25.2715
742,2.0315,2.3963,2.3963,467.35,39399012.32,3689833.80,191989879.70,256664597.53,448654477.24,57354.88,3.98297769,0.00071332,0.02282630,0.01426644,1.01700118,1.03126762,897895132.40,25.2641
743,2.0342,2.3966,2.3966,468.24,39405914.48,3690076.16,192033549.09,256678268.48,448711817.57,57340.34,3.98196772,0.00071305,0.02281746,0.01426091,1.01690674,1.03116765,897950472.73,25.2568
744,2.0370,2.3969,2.3969,469.13,39412817.57,3690318.52,192077204.65,256691938.71,448769143.37,57325.80,3.98095806,0.00071277,0.02280863,0.01425539,1.01681231,1.03106770,898005798.53,25.2495
745,2.0397,2.3972,2.3972,470.02,39419721.59,3690560.86,192120846.41,256705608.22,448826454.63,57311.26,3.97994872,0.00071249,0.02279979,0.01424987,1.01671792,1.03096779,898061109.79,25.2421
746,2.0424,2.3975,2.3975,470.92,39426626.52,3690803.21,192164474.35,256719277.01,448883751.36,57296.73,3.97893968,0.00071222,0.02279097,0.01424435,1.01662355,1.03086790,898116406.52,25.2348
747,2.0452,2.3979,2.3979,471.81,39433532.38,3691045.54,192208088.49,256732945.08,448941033.57,57282.21,3.97793095,0.00071194,0.02278214,0.01423884,1.01652920,1.03076804,898171688.73,25.2275
748,2.0479,2.3982,2.3982,472.71,39440439.16,3691287.87,192251688.83,256746612.42,448998301.25,57267.68,3.97692254,0.00071167,0.02277332,0.01423333,1.01643488,1.03066821,898226956.41,25.2202
749,2.0507,2.3985,2.3985,473.61,39447346.87,3691530.19,192295275.37,256760279.05,449055554.42,57253.17,3.97591443,0.00071139,0.02276451,0.01422782,1.01634058,1.03056840,898282209.58,25.2128
750,2.0534,2.3988,2.3988,474.51,39454255.50,3691772.51,192338848.12,256773944.96,449112793.07,57238.66,3.97490664,0.00071112,0.02275570,0.01422231,1.01624631,1.03046862,898337448.24,25.2055
751,2.0561,2.3992,2.3992,475.41,39461165.05,3692014.82,192382407.08,256787610.14,449170017.22,57224.15,3.97389915,0.00071084,0.02274689,0.01421680,1.01615207,1.03036887,898392672.38,25.1982
752,2.0589,2.3995,2.3995,476.31,39468075.53,3692257.12,192425952.26,256801274.60,449227226.87,57209.64,3.97289198,0.00071057,0.02273808,0.01421130,1.01605785,1.03026915,898447882.03,25.1909
753,2.0616,2.3998,2.3998,477.22,39474986.93,3692499.42,192469483.66,256814938.35,449284422.01,57195.15,3.97188512,0.00071029,0.02272928,0.01420580,1.01596365,1.03016945,898503077.17,25.1836
754,2.0643,2.4001,2.4001,478.12,39481899.25,3692741.71,192513001.29,256828601.37,449341602.66,57180.65,3.97087856,0.00071002,0.02272048,0.01420030,1.01586948,1.03006978,898558257.83,25.1763
755,2.0671,2.4004,2.4004,479.03,39488812.50,3692983.99,192556505.15,256842263.68,449398768.82,57166.16,3.96987232,0.00070974,0.02271169,0.01419481,1.01577533,1.02997014,898613423.99,25.1689
756,2.0698,2.4008,2.4008,479.94,39495726.67,3693226.27,192599995.24,256855925.26,449455920.50,57151.68,3.96886638,0.00070947,0.02270290,0.01418931,1.01568121,1.02987052,898668575.66,25.1616
757,2.0726,2.4011,2.4011,480.86,39502641.77,3693468.54,192643471.57,256869586.13,449513057.70,57137.19,3.96786076,0.00070919,0.02269411,0.01418382,1.01558711,1.02977094,898723712.86,25.1543
758,2.0753,2.4014,2.4014,481.77,39509557.79,3693710.80,192686934.14,256883246.27,449570180.41,57122.72,3.96685544,0.00070892,0.02268533,0.01417833,1.01549304,1.02967137,898778835.58,25.1470
759,2.0780,2.4017,2.4017,482.69,39516474.74,3693953.06,192730382.96,256896905.70,449627288.66,57108.25,3.96585044,0.00070864,0.02267655,0.01417285,1.01539899,1.02957184,898833943.82,25.1397
760,2.0808,2.4020,2.4020,483.60,39523392.61,3694195.32,192773818.04,256910564.40,449684382.44,57093.78,3.96484574,0.00070837,0.02266778,0.01416736,1.01530497,1.02947233,898889037.60,25.1324
761,2.0835,2.4024,2.4024,484.52,39530311.40,3694437.56,192817239.37,256924222.39,449741461.75,57079.32,3.96384136,0.00070809,0.02265901,0.01416188,1.01521097,1.02937285,898944116.92,25.1251
762,2.0862,2.4027,2.4027,485.44,39537231.12,3694679.80,192860646.96,256937879.66,449798526.61,57064.86,3.96283728,0.00070782,0.02265024,0.01415640,1.01511699,1.02927339,898999181.77,25.1178
763,2.0890,2.4030,2.4030,486.37,39544151.77,3694922.04,192904040.81,256951536.20,449855577.01,57050.40,3.96183351,0.00070755,0.02264148,0.01415092,1.01502304,1.02917397,899054232.18,25.1105
764,2.0917,2.4033,2.4033,487.29,39551073.34,3695164.26,192947420.93,256965192.03,449912612.97,57035.95,3.96083005,0.00070727,0.02263272,0.01414545,1.01492912,1.02907456,899109268.13,25.1033
765,2.0945,2.4036,2.4036,488.22,39557995.83,3695406.48,192990787.33,256978847.14,449969634.47,57021.51,3.95982690,0.00070700,0.02262396,0.01413997,1.01483522,1.02897519,899164289.64,25.0960
766,2.0972,2.4040,2.4040,489.14,39564919.25,3695648.70,193034140.01,256992501.53,450026641.54,57007.07,3.95882406,0.00070673,0.02261521,0.01413450,1.01474134,1.02887584,899219296.70,25.0887
767,2.0999,2.4043,2.4043,490.07,39571843.60,3695890.91,193077478.97,257006155.21,450083634.17,56992.63,3.95782153,0.00070645,0.02260646,0.01412904,1.01464748,1.02877652,899274289.33,25.0814
768,2.1027,2.4046,2.4046,491.01,39578768.87,3696133.11,193120804.21,257019808.16,450140612.37,56978.20,3.95681930,0.00070618,0.02259771,0.01412357,1.01455365,1.02867722,899329267.53,25.0741
769,2.1054,2.4049,2.4049,491.94,39585695.07,3696375.30,193164115.74,257033460.39,450197576.14,56963.77,3.95581739,0.00070591,0.02258897,0.01411811,1.01445985,1.02857795,899384231.30,25.0668
770,2.1081,2.4053,2.4053,492.87,39592622.19,3696617.49,193207413.58,257047111.91,450254525.49,56949.35,3.95481578,0.00070563,0.02258023,0.01411264,1.01436606,1.02847871,899439180.65,25.0596
771,2.1109,2.4056,2.4056,493.81,39599550.24,3696859.68,193250697.71,257060762.71,450311460.41,56934.93,3.95381448,0.00070536,0.02257150,0.01410719,1.01427231,1.02837949,899494115.58,25.0523
772,2.1136,2.4059,2.4059,494.75,39606479.22,3697101.85,193293968.14,257074412.79,450368380.93,56920.51,3.95281349,0.00070509,0.02256277,0.01410173,1.01417857,1.02828030,899549036.09,25.0450
773,2.1164,2.4062,2.4062,495.69,39613409.12,3697344.02,193337224.88,257088062.15,450425287.03,56906.10,3.95181281,0.00070481,0.02255404,0.01409627,1.01408486,1.02818113,899603942.20,25.0377
774,2.1191,2.4065,2.4065,496.63,39620339.95,3697586.19,193380467.94,257101710.80,450482178.73,56891.70,3.95081244,0.00070454,0.02254532,0.01409082,1.01399117,1.02808199,899658833.90,25.0305
775,2.1218,2.4069,2.4069,497.58,39627271.70,3697828.35,193423697.31,257115358.72,450539056.03,56877.30,3.94981237,0.00070427,0.02253660,0.01408537,1.01389751,1.02798288,899713711.19,25.0232
776,2.1246,2.4072,2.4072,498.52,39634204.38,3698070.50,193466913.00,257129005.93,450595918.93,56862.90,3.94881261,0.00070400,0.02252788,0.01407993,1.01380387,1.02788379,899768574.10,25.0159
777,2.1273,2.4075,2.4075,499.47,39641137.99,3698312.64,193510115.02,257142652.42,450652767.44,56848.51,3.94781316,0.00070372,0.02251917,0.01407448,1.01371025,1.02778473,899823422.60,25.0087
778,2.1300,2.4078,2.4078,500.42,39648072.53,3698554.78,193553303.37,257156298.19,450709601.56,56834.12,3.94681402,0.00070345,0.02251046,0.01406904,1.01361666,1.02768569,899878256.73,25.0014
779,2.1328,2.4081,2.4081,501.37,39655007.99,3698796.92,193596478.05,257169943.25,450766421.30,56819.74,3.94581518,0.00070318,0.02250176,0.01406360,1.01352309,1.02758668,899933076.47,24.9941
780,2.1355,2.4085,2.4085,502.32,39661944.38,3699039.04,193639639.08,257183587.59,450823226.66,56805.36,3.94481666,0.00070291,0.02249305,0.01405816,1.01342954,1.02748770,899987881.82,24.9869
781,2.1383,2.4088,2.4088,503.28,39668881.69,3699281.16,193682786.44,257197231.21,450880017.65,56790.99,3.94381844,0.00070264,0.02248436,0.01405272,1.01333602,1.02738874,900042672.81,24.9796
782,2.1410,2.4091,2.4091,504.24,39675819.94,3699523.28,193725920.15,257210874.11,450936794.26,56776.62,3.94282052,0.00070236,0.02247566,0.01404729,1.01324252,1.02728980,900097449.43,24.9724
783,2.1437,2.4094,2.4094,505.19,39682759.11,3699765.38,193769040.22,257224516.30,450993556.51,56762.25,3.94182292,0.00070209,0.02246697,0.01404186,1.01314904,1.02719090,900152211.68,24.9651
784,2.1465,2.4098,2.4098,506.15,39689699.21,3700007.49,193812146.63,257238157.77,451050304.40,56747.89,3.94082562,0.00070182,0.02245829,0.01403643,1.01305558,1.02709201,900206959.56,24.9579
785,2.1492,2.4101,2.4101,507.12,39696640.24,3700249.58,193855239.41,257251798.52,451107037.93,56733.53,3.93982863,0.00070155,0.02244960,0.01403100,1.01296215,1.02699315,900261693.10,24.9506
786,2.1520,2.4104,2.4104,508.08,39703582.19,3700491.67,193898318.56,257265438.56,451163757.11,56719.18,3.93883194,0.00070128,0.02244092,0.01402558,1.01286874,1.02689432,900316412.28,24.9434
787,2.1547,2.4107,2.4107,509.05,39710525.07,3700733.75,193941384.07,257279077.87,451220461.95,56704.83,3.93783556,0.00070101,0.02243225,0.01402016,1.01277536,1.02679551,900371117.11,24.9361
788,2.1574,2.4110,2.4110,510.01,39717468.88,3700975.83,193984435.96,257292716.48,451277152.44,56690.49,3.93683949,0.00070074,0.02242358,0.01401474,1.01268200,1.02669673,900425807.60,24.9289
789,2.1602,2.4114,2.4114,510.98,39724413.62,3701217.90,194027474.22,257306354.36,451333828.58,56676.15,3.93584373,0.00070047,0.02241491,0.01400932,1.01258866,1.02659797,900480483.75,24.9217
790,2.1629,2.4117,2.4117,511.95,39731359.29,3701459.96,194070498.87,257319991.53,451390490.40,56661.82,3.93484827,0.00070020,0.02240624,0.01400390,1.01249534,1.02649924,900535145.56,24.9144
791,2.1656,2.4120,2.4120,512.93,39738305.89,3701702.02,194113509.90,257333627.99,451447137.88,56647.48,3.93385312,0.00069992,0.02239758,0.01399849,1.01240204,1.02640053,900589793.05,24.9072
792,2.1684,2.4123,2.4123,513.90,39745253.41,3701944.07,194156507.32,257347263.72,451503771.04,56633.16,3.93285827,0.00069965,0.02238893,0.01399308,1.01230877,1.02630185,900644426.21,24.8999
793,2.1711,2.4127,2.4127,514.88,39752201.87,3702186.12,194199491.14,257360898.75,451560389.88,56618.84,3.93186373,0.00069938,0.02238027,0.01398767,1.01221552,1.02620319,900699045.04,24.8927
794,2.1739,2.4130,2.4130,515.86,39759151.25,3702428.15,194242461.35,257374533.05,451616994.40,56604.52,3.93086950,0.00069911,0.02237162,0.01398226,1.01212230,1.02610456,900753649.57,24.8855
795,2.1766,2.4133,2.4133,516.84,39766101.56,3702670.19,194285417.97,257388166.64,451673584.61,56590.21,3.92987557,0.00069884,0.02236298,0.01397686,1.01202909,1.02600595,900808239.77,24.8783
796,2.1793,2.4136,2.4136,517.82,39773052.80,3702912.21,194328361.00,257401799.51,451730160.51,56575.90,3.92888195,0.00069857,0.02235433,0.01397146,1.01193591,1.02590737,900862815.67,24.8710
797,2.1821,2.4139,2.4139,518.81,39780004.97,3703154.23,194371290.43,257415431.67,451786722.11,56561.60,3.92788864,0.00069830,0.02234570,0.01396606,1.01184275,1.02580881,900917377.27,24.8638
798,2.1848,2.4143,2.4143,519.79,39786958.07,3703396.25,194414206.29,257429063.12,451843269.40,56547.30,3.92689563,0.00069803,0.02233706,0.01396066,1.01174961,1.02571028,900971924.57,24.8566
799,2.1875,2.4146,2.4146,520.78,39793912.10,3703638.25,194457108.56,257442693.84,451899802.41,56533.00,3.92590292,0.00069776,0.02232843,0.01395527,1.01165650,1.02561177,901026457.57,24.8494
800,2.1903,2.4149,2.4149,521.77,39800867.05,3703880.26,194499997.26,257456323.85,451956321.12,56518.71,3.92491053,0.00069749,0.02231980,0.01394988,1.01156341,1.02551328,901080976.28,24.8422
801,2.1930,2.4152,2.4152,522.76,39807822.94,3704122.25,194542872.39,257469953.15,452012825.54,56504.43,3.92391843,0.00069722,0.02231118,0.01394449,1.01147034,1.02541482,901135480.71,24.8349
802,2.1958,2.4156,2.4156,523.75,39814779.76,3704364.24,194585733.95,257483581.73,452069315.69,56490.14,3.92292665,0.00069695,0.02230256,0.01393910,1.01137729,1.02531638,901189970.85,24.8277
803,2.1985,2.4159,2.4159,524.75,39821737.51,3704606.22,194628581.95,257497209.60,452125791.55,56475.87,3.92193516,0.00069669,0.02229394,0.01393371,1.01128426,1.02521797,901244446.72,24.8205
804,2.2012,2.4162,2.4162,525.75,39828696.19,3704848.20,194671416.40,257510836.75,452182253.15,56461.59,3.92094399,0.00069642,0.02228533,0.01392833,1.01119126,1.02511958,901298908.31,24.8133
805,2.2040,2.4165,2.4165,526.75,39835655.79,3705090.17,194714237.28,257524463.19,452238700.47,56447.32,3.91995312,0.00069615,0.02227672,0.01392295,1.01109827,1.02502122,901353355.63,24.8061
806,2.2067,2.4169,2.4169,527.75,39842616.33,3705332.13,194757044.62,257538088.91,452295133.53,56433.06,3.91896255,0.00069588,0.02226811,0.01391757,1.01100531,1.02492288,901407788.70,24.7989
807,2.2094,2.4172,2.4172,528.75,39849577.80,3705574.09,194799838.42,257551713.92,452351552.33,56418.80,3.91797229,0.00069561,0.02225951,0.01391219,1.01091237,1.02482457,901462207.50,24.7917
808,2.2122,2.4175,2.4175,529.76,39856540.20,3705816.04,194842618.67,257565338.21,452407956.88,56404.55,3.91698233,0.00069534,0.02225091,0.01390682,1.01081946,1.02472627,901516612.04,24.7845
809,2.2149,2.4178,2.4178,530.76,39863503.53,3706057.98,194885385.38,257578961.79,452464347.17,56390.29,3.91599268,0.00069507,0.02224231,0.01390145,1.01072656,1.02462801,901571002.34,24.7773
810,2.2177,2.4181,2.4181,531.77,39870467.79,3706299.92,194928138.57,257592584.65,452520723.22,56376.05,3.91500333,0.00069480,0.02223372,0.01389608,1.01063369,1.02452976,901625378.38,24.7701
811,2.2204,2.4185,2.4185,532.78,39877432.98,3706541.85,194970878.22,257606206.80,452577085.03,56361.81,3.91401429,0.00069454,0.02222513,0.01389071,1.01054084,1.02443154,901679740.19,24.7629
812,2.2231,2.4188,2.4188,533.80,39884399.11,3706783.78,195013604.36,257619828.24,452633432.60,56347.57,3.91302555,0.00069427,0.02221655,0.01388534,1.01044801,1.02433335,901734087.76,24.7557
813,2.2259,2.4191,2.4191,534.81,39891366.16,3707025.70,195056316.97,257633448.96,452689765.93,56333.33,3.91203711,0.00069400,0.02220797,0.01387998,1.01035520,1.02423518,901788421.09,24.7485
814,2.2286,2.4194,2.4194,535.83,39898334.15,3707267.61,195099016.07,257647068.97,452746085.03,56319.11,3.91104898,0.00069373,0.02219939,0.01387462,1.01026241,1.02413703,901842740.20,24.7413
815,2.2313,2.4198,2.4198,536.85,39905303.07,3707509.52,195141701.65,257660688.26,452802389.92,56304.88,3.91006116,0.00069346,0.02219082,0.01386926,1.01016964,1.02403890,901897045.08,24.7342
816,2.2341,2.4201,2.4201,537.87,39912272.91,3707751.42,195184373.73,257674306.84,452858680.58,56290.66,3.90907363,0.00069320,0.02218225,0.01386390,1.01007690,1.02394080,901951335.74,24.7270
817,2.2368,2.4204,2.4204,538.89,39919243.70,3707993.32,195227032.31,257687924.71,452914957.02,56276.44,3.90808642,0.00069293,0.02217368,0.01385855,1.00998417,1.02384272,902005612.18,24.7198
818,2.2396,2.4207,2.4207,539.91,39926215.41,3708235.20,195269677.39,257701541.87,452971219.25,56262.23,3.90709950,0.00069266,0.02216512,0.01385320,1.00989147,1.02374467,902059874.42,24.7126
819,2.2423,2.4211,2.4211,540.94,39933188.05,3708477.09,195312308.97,257715158.31,453027467.28,56248.03,3.90611289,0.00069239,0.02215656,0.01384785,1.00979879,1.02364664,902114122.44,24.7054
820,2.2450,2.4214,2.4214,541.97,39940161.63,3708718.96,195354927.07,257728774.03,453083701.10,56233.82,3.90512658,0.00069213,0.02214800,0.01384250,1.00970613,1.02354863,902168356.26,24.6983
821,2.2478,2.4217,2.4217,543.00,39947136.14,3708960.83,195397531.68,257742389.05,453139920.73,56219.62,3.90414058,0.00069186,0.02213945,0.01383716,1.00961349,1.02345065,902222575.89,24.6911
822,2.2505,2.4220,2.4220,544.03,39954111.58,3709202.70,195440122.81,257756003.35,453196126.16,56205.43,3.90315488,0.00069159,0.02213090,0.01383182,1.00952087,1.02335269,902276781.32,24.6839
823,2.2533,2.4224,2.4224,545.06,39961087.95,3709444.55,195482700.46,257769616.94,453252317.40,56191.24,3.90216948,0.00069132,0.02212236,0.01382648,1.00942828,1.02325475,902330972.56,24.6767
824,2.2560,2.4227,2.4227,546.10,39968065.26,3709686.40,195525264.64,257783229.81,453308494.45,56177.06,3.90118439,0.00069106,0.02211382,0.01382114,1.00933570,1.02315684,902385149.61,24.6696
825,2.2587,2.4230,2.4230,547.14,39975043.50,3709928.25,195567815.35,257796841.97,453364657.33,56162.87,3.90019960,0.00069079,0.02210528,0.01381580,1.00924315,1.02305895,902439312.49,24.6624
826,2.2615,2.4233,2.4233,548.18,39982022.67,3710170.09,195610352.60,257810453.42,453420806.02,56148.70,3.89921511,0.00069052,0.02209675,0.01381047,1.00915061,1.02296108,902493461.19,24.6553
827,2.2642,2.4236,2.4236,549.22,39989002.78,3710411.92,195652876.39,257824064.16,453476940.55,56134.53,3.89823093,0.00069026,0.02208822,0.01380514,1.00905810,1.02286323,902547595.71,24.6481
828,2.2669,2.4240,2.4240,550.26,39995983.81,3710653.75,195695386.72,257837674.18,453533060.91,56120.36,3.89724705,0.00068999,0.02207969,0.01379981,1.00896561,1.02276541,902601716.07,24.6409
829,2.2697,2.4243,2.4243,551.31,40002965.78,3710895.57,195737883.60,257851283.50,453589167.10,56106.19,3.89626347,0.00068972,0.02207117,0.01379448,1.00887313,1.02266761,902655822.26,24.6338
830,2.2724,2.4246,2.4246,552.36,40009948.69,3711137.38,195780367.04,257864892.10,453645259.14,56092.03,3.89528019,0.00068946,0.02206265,0.01378916,1.00878068,1.02256984,902709914.30,24.6266
831,2.2752,2.4249,2.4249,553.41,40016932.53,3711379.19,195822837.03,257878499.98,453701337.02,56077.88,3.89429722,0.00068919,0.02205413,0.01378383,1.00868825,1.02247208,902763992.18,24.6195
832,2.2779,2.4253,2.4253,554.46,40023917.30,3711620.99,195865293.59,257892107.16,453757400.74,56063.73,3.89331455,0.00068893,0.02204562,0.01377851,1.00859584,1.02237435,902818055.91,24.6123
833,2.2806,2.4256,2.4256,555.51,40030903.00,3711862.78,195907736.70,257905713.62,453813450.33,56049.58,3.89233218,0.00068866,0.02203711,0.01377320,1.00850345,1.02227665,902872105.49,24.6052
834,2.2834,2.4259,2.4259,556.57,40037889.64,3712104.57,195950166.39,257919319.38,453869485.77,56035.44,3.89135011,0.00068839,0.02202861,0.01376788,1.00841108,1.02217896,902926140.93,24.5980
835,2.2861,2.4262,2.4262,557.63,40044877.22,3712346.35,195992582.66,257932924.42,453925507.07,56021.30,3.89036835,0.00068813,0.02202011,0.01376257,1.00831873,1.02208130,902980162.24,24.5909
836,2.2888,2.4266,2.4266,558.69,40051865.72,3712588.13,196034985.50,257946528.74,453981514.25,56007.17,3.88938689,0.00068786,0.02201161,0.01375726,1.00822640,1.02198366,903034169.41,24.5837
837,2.2916,2.4269,2.4269,559.75,40058855.17,3712829.90,196077374.93,257960132.36,454037507.29,55993.04,3.88840573,0.00068760,0.02200311,0.01375195,1.00813409,1.02188604,903088162.45,24.5766
838,2.2943,2.4272,2.4272,560.81,40065845.54,3713071.66,196119750.94,257973735.27,454093486.21,55978.92,3.88742487,0.00068733,0.02199462,0.01374664,1.00804181,1.02178845,903142141.37,24.5695
839,2.2971,2.4275,2.4275,561.88,40072836.85,3713313.42,196162113.54,257987337.46,454149451.00,55964.80,3.88644432,0.00068707,0.02198614,0.01374134,1.00794954,1.02169087,903196106.17,24.5623
840,2.2998,2.4279,2.4279,562.95,40079829.10,3713555.17,196204462.74,258000938.95,454205401.69,55950.68,3.88546406,0.00068680,0.02197765,0.01373603,1.00785729,1.02159332,903250056.85,24.5552
841,2.3025,2.4282,2.4282,564.02,40086822.28,3713796.92,196246798.54,258014539.72,454261338.26,55936.57,3.88448411,0.00068654,0.02196917,0.01373073,1.00776506,1.02149580,903303993.42,24.5481
842,2.3053,2.4285,2.4285,565.09,40093816.39,3714038.66,196289120.94,258028139.78,454317260.72,55922.46,3.88350446,0.00068627,0.02196070,0.01372544,1.00767285,1.02139829,903357915.88,24.5409
843,2.3080,2.4288,2.4288,566.16,40100811.44,3714280.39,196331429.95,258041739.13,454373169.08,55908.36,3.88252511,0.00068601,0.02195222,0.01372014,1.00758067,1.02130081,903411824.25,24.5338
844,2.3107,2.4292,2.4292,567.24,40107807.43,3714522.12,196373725.58,258055337.77,454429063.35,55894.26,3.88154606,0.00068574,0.02194376,0.01371485,1.00748850,1.02120335,903465718.51,24.5267
845,2.3135,2.4295,2.4295,568.32,40114804.35,3714763.84,196416007.82,258068935.70,454484943.52,55880.17,3.88056731,0.00068548,0.02193529,0.01370956,1.00739635,1.02110591,903519598.68,24.5196
846,2.3162,2.4298,2.4298,569.40,40121802.20,3715005.55,196458276.68,258082532.91,454540809.60,55866.08,3.87958887,0.00068521,0.02192683,0.01370427,1.00730422,1.02100849,903573464.76,24.5124
847,2.3190,2.4301,2.4301,570.48,40128800.99,3715247.26,196500532.17,258096129.42,454596661.59,55851.99,3.87861072,0.00068495,0.02191837,0.01369898,1.00721211,1.02091109,903627316.75,24.5053
848,2.3217,2.4305,2.4305,571.57,40135800.72,3715488.96,196542774.28,258109725.22,454652499.50,55837.91,3.87763288,0.00068468,0.02190992,0.01369370,1.00712002,1.02081372,903681154.67,24.4982
849,2.3244,2.4308,2.4308,572.65,40142801.38,3715730.66,196585003.03,258123320.31,454708323.34,55823.84,3.87665534,0.00068442,0.02190146,0.01368841,1.00702796,1.02071637,903734978.50,24.4911
850,2.3272,2.4311,2.4311,573.74,40149802.98,3715972.34,196627218.42,258136914.68,454764133.11,55809.76,3.87567809,0.00068416,0.02189302,0.01368314,1.00693591,1.02061904,903788788.27,24.4840
851,2.3299,2.4314,2.4314,574.83,40156805.51,3716214.03,196669420.45,258150508.35,454819928.80,55795.70,3.87470115,0.00068389,0.02188457,0.01367786,1.00684388,1.02052173,903842583.96,24.4769
852,2.3326,2.4318,2.4318,575.92,40163808.98,3716455.70,196711609.13,258164101.31,454875710.43,55781.63,3.87372451,0.00068363,0.02187613,0.01367258,1.00675187,1.02042445,903896365.60,24.4698
853,2.3354,2.4321,2.4321,577.02,40170813.39,3716697.38,196753784.46,258177693.55,454931478.01,55767.57,3.87274817,0.00068337,0.02186769,0.01366731,1.00665988,1.02032718,903950133.17,24.4627
854,2.3381,2.4324,2.4324,578.12,40177818.73,3716939.04,196795946.44,258191285.09,454987231.53,55753.52,3.87177213,0.00068310,0.02185926,0.01366204,1.00656790,1.02022994,904003886.69,24.4556
855,2.3409,2.4327,2.4327,579.21,40184825.01,3717180.70,196838095.08,258204875.92,455042971.00,55739.47,3.87079639,0.00068284,0.02185083,0.01365677,1.00647595,1.02013272,904057626.16,24.4485
856,2.3436,2.4331,2.4331,580.32,40191832.22,3717422.35,196880230.38,258218466.03,455098696.42,55725.42,3.86982095,0.00068258,0.02184241,0.01365150,1.00638402,1.02003552,904111351.58,24.4414
857,2.3463,2.4334,2.4334,581.42,40198840.38,3717664.00,196922352.35,258232055.44,455154407.80,55711.38,3.86884581,0.00068231,0.02183398,0.01364624,1.00629211,1.01993834,904165062.96,24.4343
858,2.3491,2.4337,2.4337,582.52,40205849.47,3717905.64,196964461.00,258245644.14,455210105.14,55697.34,3.86787098,0.00068205,0.02182556,0.01364098,1.00620021,1.01984119,904218760.30,24.4272
859,2.3518,2.4340,2.4340,583.63,40212859.49,3718147.27,197006556.32,258259232.13,455265788.45,55683.31,3.86689644,0.00068179,0.02181715,0.01363572,1.00610834,1.01974405,904272443.61,24.4201
860,2.3546,2.4344,2.4344,584.74,40219870.46,3718388.90,197048638.32,258272819.41,455321457.73,55669.28,3.86592220,0.00068152,0.02180874,0.01363046,1.00601648,1.01964694,904326112.89,24.4130
861,2.3573,2.4347,2.4347,585.85,40226882.36,3718630.52,197090707.00,258286405.98,455377112.98,55655.25,3.86494826,0.00068126,0.02180033,0.01362520,1.00592464,1.01954985,904379768.14,24.4059
862,2.3600,2.4350,2.4350,586.97,40233895.19,3718872.13,197132762.37,258299991.85,455432754.22,55641.23,3.86397462,0.00068100,0.02179192,0.01361995,1.00583283,1.01945278,904433409.38,24.3988
863,2.3628,2.4353,2.4353,588.08,40240908.97,3719113.74,197174804.44,258313577.00,455488381.43,55627.22,3.86300128,0.00068074,0.02178352,0.01361470,1.00574103,1.01935573,904487036.60,24.3917
864,2.3655,2.4357,2.4357,589.20,40247923.68,3719355.34,197216833.20,258327161.44,455543994.64,55613.21,3.86202824,0.00068047,0.02177512,0.01360945,1.00564925,1.01925870,904540649.80,24.3846
865,2.3682,2.4360,2.4360,590.32,40254939.33,3719596.94,197258848.66,258340745.18,455599593.84,55599.20,3.86105550,0.00068021,0.02176673,0.01360421,1.00555749,1.01916169,904594249.00,24.3776
866,2.3710,2.4363,2.4363,591.44,40261955.92,3719838.53,197300850.83,258354328.21,455655179.04,55585.20,3.86008305,0.00067995,0.02175834,0.01359896,1.00546575,1.01906471,904647834.20,24.3705
867,2.3737,2.4366,2.4366,592.57,40268973.45,3720080.11,197342839.71,258367910.53,455710750.23,55571.20,3.85911091,0.00067969,0.02174995,0.01359372,1.00537402,1.01896774,904701405.40,24.3634
868,2.3765,2.4370,2.4370,593.69,40275991.91,3720321.69,197384815.30,258381492.14,455766307.44,55557.20,3.85813907,0.00067942,0.02174157,0.01358848,1.00528232,1.01887080,904754962.60,24.3563
869,2.3792,2.4373,2.4373,594.82,40283011.32,3720563.26,197426777.61,258395073.04,455821850.65,55543.21,3.85716752,0.00067916,0.02173319,0.01358324,1.00519063,1.01877387,904808505.81,24.3493
870,2.3819,2.4376,2.4376,595.95,40290031.66,3720804.83,197468726.64,258408653.23,455877379.88,55529.23,3.85619628,0.00067890,0.02172481,0.01357801,1.00509897,1.01867697,904862035.04,24.3422
871,2.3847,2.4379,2.4379,597.08,40297052.94,3721046.39,197510662.40,258422232.72,455932895.12,55515.24,3.85522533,0.00067864,0.02171644,0.01357277,1.00500732,1.01858009,904915550.28,24.3351
872,2.3874,2.4383,2.4383,598.22,40304075.15,3721287.94,197552584.89,258435811.50,455988396.39,55501.27,3.85425468,0.00067838,0.02170807,0.01356754,1.00491569,1.01848323,904969051.55,24.3281
873,2.3901,2.4386,2.4386,599.36,40311098.31,3721529.49,197594494.11,258449389.57,456043883.68,55487.29,3.85328433,0.00067812,0.02169970,0.01356231,1.00482408,1.01838639,905022538.84,24.3210
874,2.3929,2.4389,2.4389,600.49,40318122.41,3721771.03,197636390.08,258462966.93,456099357.01,55473.33,3.85231428,0.00067785,0.02169134,0.01355709,1.00473248,1.01828957,905076012.17,24.3139
875,2.3956,2.4392,2.4392,601.64,40325147.44,3722012.56,197678272.78,258476543.58,456154816.37,55459.36,3.85134453,0.00067759,0.02168298,0.01355186,1.00464091,1.01819277,905129471.53,24.3069
876,2.3984,2.4396,2.4396,602.78,40332173.42,3722254.09,197720142.24,258490119.53,456210261.77,55445.40,3.85037507,0.00067733,0.02167462,0.01354664,1.00454935,1.01809599,905182916.93,24.2998
877,2.4011,2.4399,2.4399,603.93,40339200.33,3722495.61,197761998.44,258503694.77,456265693.21,55431.45,3.84940592,0.00067707,0.02166627,0.01354142,1.00445782,1.01799924,905236348.38,24.2928
878,2.4038,2.4402,2.4402,605.07,40346228.18,3722737.13,197803841.40,258517269.30,456321110.71,55417.49,3.84843706,0.00067681,0.02165792,0.01353620,1.00436630,1.01790250,905289765.87,24.2857
879,2.4066,2.4406,2.4406,606.22,40353256.97,3722978.64,197845671.13,258530843.13,456376514.25,55403.55,3.84746850,0.00067655,0.02164958,0.01353099,1.00427480,1.01780578,905343169.42,24.2787
880,2.4093,2.4409,2.4409,607.38,40360286.71,3723220.14,197887487.61,258544416.25,456431903.86,55389.60,3.84650024,0.00067629,0.02164124,0.01352577,1.00418332,1.01770909,905396559.02,24.2716
881,2.4120,2.4412,2.4412,608.53,40367317.38,3723461.64,197929290.86,258557988.66,456487279.52,55375.66,3.84553227,0.00067603,0.02163290,0.01352056,1.00409185,1.01761241,905449934.69,24.2646
882,2.4148,2.4415,2.4415,609.69,40374348.99,3723703.13,197971080.89,258571560.36,456542641.25,55361.73,3.84456460,0.00067577,0.02162456,0.01351535,1.00400040,1.01751576,905503296.42,24.2575
883,2.4175,2.4419,2.4419,610.85,40381381.54,3723944.62,198012857.69,258585131.36,456597989.05,55347.80,3.84359724,0.00067551,0.02161623,0.01351015,1.00390898,1.01741912,905556644.22,24.2505
884,2.4203,2.4422,2.4422,612.01,40388415.03,3724186.09,198054621.28,258598701.65,456653322.93,55333.87,3.84263016,0.00067525,0.02160791,0.01350494,1.00381757,1.01732251,905609978.09,24.2434
885,2.4230,2.4425,2.4425,613.17,40395449.46,3724427.57,198096371.65,258612271.23,456708642.88,55319.95,3.84166339,0.00067499,0.02159958,0.01349974,1.00372617,1.01722591,905663298.04,24.2364
886,2.4257,2.4428,2.4428,614.34,40402484.84,3724669.03,198138108.80,258625840.11,456763948.92,55306.04,3.84069692,0.00067473,0.02159126,0.01349454,1.00363480,1.01712934,905716604.08,24.2294
887,2.4285,2.4432,2.4432,615.50,40409521.15,3724910.49,198179832.76,258639408.28,456819241.04,55292.12,3.83973074,0.00067447,0.02158295,0.01348934,1.00354344,1.01703278,905769896.20,24.2223
888,2.4312,2.4435,2.4435,616.67,40416558.40,3725151.95,198221543.50,258652975.75,456874519.25,55278.21,3.83876485,0.00067421,0.02157463,0.01348415,1.00345211,1.01693625,905823174.42,24.2153
889,2.4339,2.4438,2.4438,617.85,40423596.60,3725393.40,198263241.06,258666542.51,456929783.56,55264.31,3.83779927,0.00067395,0.02156632,0.01347895,1.00336079,1.01683974,905876438.72,24.2083
890,2.4367,2.4441,2.4441,619.02,40430635.73,3725634.84,198304925.41,258680108.56,456985033.97,55250.41,3.83683398,0.00067369,0.02155802,0.01347376,1.00326948,1.01674324,905929689.13,24.2012
891,2.4394,2.4445,2.4445,620.20,40437675.81,3725876.27,198346596.58,258693673.90,457040270.48,55236.51,3.83586899,0.00067343,0.02154971,0.01346857,1.00317820,1.01664677,905982925.65,24.1942
892,2.4422,2.4448,2.4448,621.38,40444716.82,3726117.70,198388254.56,258707238.54,457095493.11,55222.62,3.83490430,0.00067317,0.02154141,0.01346338,1.00308693,1.01655031,906036148.27,24.1872
893,2.4449,2.4451,2.4451,622.56,40451758.78,3726359.13,198429899.36,258720802.48,457150701.84,55208.73,3.83393990,0.00067291,0.02153312,0.01345820,1.00299568,1.01645388,906089357.00,24.1802
894,2.4476,2.4455,2.4455,623.74,40458801.68,3726600.54,198471530.99,258734365.71,457205896.69,55194.85,3.83297580,0.00067265,0.02152483,0.01345302,1.00290445,1.01635746,906142551.86,24.1732
895,2.4504,2.4458,2.4458,624.93,40465845.52,3726841.96,198513149.43,258747928.23,457261077.67,55180.97,3.83201200,0.00067239,0.02151654,0.01344784,1.00281323,1.01626107,906195732.83,24.1661
896,2.4531,2.4461,2.4461,626.11,40472890.30,3727083.36,198554754.72,258761490.05,457316244.76,55167.10,3.83104849,0.00067213,0.02150825,0.01344266,1.00272204,1.01616469,906248899.93,24.1591
897,2.4559,2.4464,2.4464,627.30,40479936.03,3727324.76,198596346.83,258775051.16,457371397.99,55153.23,3.83008528,0.00067187,0.02149997,0.01343748,1.00263086,1.01606834,906302053.15,24.1521
898,2.4586,2.4468,2.4468,628.50,40486982.69,3727566.15,198637925.79,258788611.57,457426537.35,55139.36,3.82912236,0.00067162,0.02149169,0.01343231,1.00253969,1.01597200,906355192.52,24.1451
899,2.4613,2.4471,2.4471,629.69,40494030.30,3727807.54,198679491.59,258802171.27,457481662.85,55125.50,3.82815975,0.00067136,0.02148342,0.01342714,1.00244855,1.01587569,906408318.02,24.1381
900,2.4641,2.4474,2.4474,630.89,40501078.85,3728048.92,198721044.23,258815730.27,457536774.50,55111.64,3.82719742,0.00067110,0.02147515,0.01342197,1.00235742,1.01577939,906461429.66,24.1311
901,2.4668,2.4477,2.4477,632.09,40508128.35,3728290.29,198762583.73,258829288.56,457591872.29,55097.79,3.82623540,0.00067084,0.02146688,0.01341680,1.00226631,1.01568311,906514527.45,24.1241
902,2.4695,2.4481,2.4481,633.29,40515178.78,3728531.66,198804110.08,258842846.14,457646956.23,55083.94,3.82527367,0.00067058,0.02145861,0.01341163,1.00217522,1.01558685,906567611.39,24.1171
903,2.4723,2.4484,2.4484,634.49,40522230.16,3728773.02,198845623.30,258856403.02,457702026.32,55070.10,3.82431223,0.00067032,0.02145035,0.01340647,1.00208414,1.01549061,906620681.49,24.1101
904,2.4750,2.4487,2.4487,635.70,40529282.48,3729014.38,198887123.38,258869959.20,457757082.58,55056.26,3.82335109,0.00067007,0.02144210,0.01340131,1.00199308,1.01539439,906673737.74,24.1031
905,2.4778,2.4490,2.4490,636.91,40536335.74,3729255.73,198928610.32,258883514.67,457812125.00,55042.42,3.82239025,0.00066981,0.02143384,0.01339615,1.00190204,1.01529819,906726780.16,24.0961
906,2.4805,2.4494,2.4494,638.12,40543389.95,3729497.07,198970084.14,258897069.44,457867153.59,55028.59,3.82142970,0.00066955,0.02142559,0.01339099,1.00181102,1.01520201,906779808.75,24.0891
907,2.4832,2.4497,2.4497,639.33,40550445.10,3729738.41,199011544.84,258910623.51,457922168.35,55014.76,3.82046945,0.00066929,0.02141734,0.01338584,1.00172001,1.01510585,906832823.51,24.0821
908,2.4860,2.4500,2.4500,640.55,40557501.19,3729979.74,199052992.42,258924176.86,457977169.28,55000.94,3.81950949,0.00066903,0.02140910,0.01338069,1.00162902,1.01500971,906885824.45,24.0751
909,2.4887,2.4504,2.4504,641.76,40564558.22,3730221.07,199094426.88,258937729.52,458032156.40,54987.12,3.81854983,0.00066878,0.02140086,0.01337554,1.00153805,1.01491359,906938811.56,24.0681
910,2.4914,2.4507,2.4507,642.98,40571616.20,3730462.38,199135848.23,258951281.47,458087129.70,54973.30,3.81759046,0.00066852,0.02139262,0.01337039,1.00144709,1.01481748,906991784.87,24.0611
911,2.4942,2.4510,2.4510,644.21,40578675.12,3730703.70,199177256.48,258964832.72,458142089.20,54959.49,3.81663139,0.00066826,0.02138439,0.01336524,1.00135615,1.01472140,907044744.36,24.0542
912,2.4969,2.4513,2.4513,645.43,40585734.99,3730945.00,199218651.62,258978383.26,458197034.88,54945.69,3.81567262,0.00066801,0.02137616,0.01336010,1.00126523,1.01462533,907097690.04,24.0472
913,2.4997,2.4517,2.4517,646.66,40592795.80,3731186.30,199260033.67,258991933.10,458251966.76,54931.88,3.81471413,0.00066775,0.02136794,0.01335496,1.00117432,1.01452928,907150621.93,24.0402
914,2.5024,2.4520,2.4520,647.89,40599857.55,3731427.60,199301402.62,259005482.23,458306884.85,54918.09,3.81375595,0.00066749,0.02135971,0.01334982,1.00108343,1.01443325,907203540.01,24.0332
915,2.5051,2.4523,2.4523,649.12,40606920.25,3731668.89,199342758.48,259019030.67,458361789.14,54904.29,3.81279806,0.00066723,0.02135149,0.01334468,1.00099256,1.01433724,907256444.31,24.0263
916,2.5079,2.4527,2.4527,650.35,40613983.89,3731910.17,199384101.25,259032578.39,458416679.65,54890.50,3.81184046,0.00066698,0.02134328,0.01333955,1.00090170,1.01424125,907309334.81,24.0193
917,2.5106,2.4530,2.4530,651.59,40621048.48,3732151.45,199425430.94,259046125.42,458471556.36,54876.72,3.81088316,0.00066672,0.02133507,0.01333442,1.00081086,1.01414528,907362211.53,24.0123
918,2.5133,2.4533,2.4533,652.83,40628114.01,3732392.72,199466747.56,259059671.74,458526419.30,54862.94,3.80992615,0.00066646,0.02132686,0.01332929,1.00072004,1.01404933,907415074.46,24.0053
919,2.5161,2.4536,2.4536,654.07,40635180.48,3732633.98,199508051.10,259073217.36,458581268.46,54849.16,3.80896943,0.00066621,0.02131865,0.01332416,1.00062923,1.01395339,907467923.62,23.9984
920,2.5188,2.4540,2.4540,655.31,40642247.90,3732875.24,199549341.57,259086762.27,458636103.85,54835.39,3.80801301,0.00066595,0.02131045,0.01331903,1.00053844,1.01385748,907520759.01,23.9914
921,2.5216,2.4543,2.4543,656.56,40649316.27,3733116.49,199590618.98,259100306.48,458690925.47,54821.62,3.80705689,0.00066570,0.02130225,0.01331391,1.00044767,1.01376158,907573580.63,23.9845
922,2.5243,2.4546,2.4546,657.80,40656385.58,3733357.73,199631883.33,259113849.99,458745733.32,54807.86,3.80610106,0.00066544,0.02129406,0.01330879,1.00035691,1.01366570,907626388.48,23.9775
923,2.5270,2.4549,2.4549,659.05,40663455.83,3733598.97,199673134.62,259127392.80,458800527.42,54794.10,3.80514552,0.00066518,0.02128587,0.01330367,1.00026617,1.01356984,907679182.58,23.9705
924,2.5298,2.4553,2.4553,660.31,40670527.03,3733840.21,199714372.85,259140934.90,458855307.76,54780.34,3.80419027,0.00066493,0.02127768,0.01329855,1.00017545,1.01347400,907731962.92,23.9636
925,2.5325,2.4556,2.4556,661.56,40677599.17,3734081.43,199755598.04,259154476.30,458910074.34,54766.59,3.80323532,0.00066467,0.02126949,0.01329343,1.00008474,1.01337817,907784729.51,23.9566
926,2.5352,2.4559,2.4559,662.82,40684672.26,3734322.65,199796810.18,259168017.00,458964827.19,54752.84,3.80228067,0.00066442,0.02126131,0.01328832,0.99999405,1.01328237,907837482.35,23.9497
927,2.5380,2.4563,2.4563,664.08,40691746.30,3734563.87,199838009.29,259181557.00,459019566.29,54739.10,3.80132630,0.00066416,0.02125313,0.01328321,0.99990337,1.01318658,907890221.45,23.9427
928,2.5407,2.4566,2.4566,665.34,40698821.28,3734805.08,199879195.35,259195096.29,459074291.65,54725.36,3.80037224,0.00066390,0.02124496,0.01327810,0.99981271,1.01309081,907942946.81,23.9358
929,2.5435,2.4569,2.4569,666.61,40705897.21,3735046.28,199920368.39,259208634.88,459129003.27,54711.63,3.79941846,0.00066365,0.02123679,0.01327299,0.99972207,1.01299506,907995658.43,23.9288
930,2.5462,2.4572,2.4572,667.87,40712974.08,3735287.48,199961528.39,259222172.77,459183701.17,54697.90,3.79846498,0.00066339,0.02122862,0.01326789,0.99963144,1.01289933,908048356.33,23.9219
931,2.5489,2.4576,2.4576,669.14,40720051.90,3735528.67,200002675.37,259235709.96,459238385.34,54684.17,3.79751179,0.00066314,0.02122046,0.01326279,0.99954083,1.01280362,908101040.50,23.9150
932,2.5517,2.4579,2.4579,670.42,40727130.66,3735769.85,200043809.34,259249246.45,459293055.78,54670.45,3.79655889,0.00066288,0.02121230,0.01325769,0.99945024,1.01270792,908153710.95,23.9080
933,2.5544,2.4582,2.4582,671.69,40734210.37,3736011.03,200084930.28,259262782.23,459347712.52,54656.73,3.79560629,0.00066263,0.02120414,0.01325259,0.99935966,1.01261224,908206367.68,23.9011
934,2.5572,2.4586,2.4586,672.97,40741291.03,3736252.20,200126038.22,259276317.31,459402355.53,54643.02,3.79465398,0.00066237,0.02119599,0.01324749,0.99926909,1.01251658,908259010.70,23.8942
935,2.5599,2.4589,2.4589,674.25,40748372.64,3736493.37,200167133.15,259289851.69,459456984.84,54629.31,3.79370196,0.00066212,0.02118784,0.01324240,0.99917855,1.01242094,908311640.00,23.8872
936,2.5626,2.4592,2.4592,675.53,40755455.19,3736734.53,200208215.07,259303385.37,459511600.44,54615.60,3.79275024,0.00066187,0.02117969,0.01323731,0.99908801,1.01232532,908364255.61,23.8803
937,2.5654,2.4595,2.4595,676.81,40762538.69,3736975.68,200249284.00,259316918.35,459566202.35,54601.90,3.79179880,0.00066161,0.02117155,0.01323222,0.99899750,1.01222971,908416857.51,23.8734
938,2.5681,2.4599,2.4599,678.10,40769623.13,3737216.83,200290339.93,259330450.63,459620790.55,54588.21,3.79084766,0.00066136,0.02116341,0.01322713,0.99890700,1.01213413,908469445.72,23.8664
939,2.5708,2.4602,2.4602,679.39,40776708.52,3737457.97,200331382.87,259343982.20,459675365.07,54574.51,3.78989682,0.00066110,0.02115527,0.01322204,0.99881651,1.01203856,908522020.23,23.8595
940,2.5736,2.4605,2.4605,680.68,40783794.86,3737699.10,200372412.82,259357513.07,459729925.89,54560.83,3.78894626,0.00066085,0.02114714,0.01321696,0.99872604,1.01194300,908574581.06,23.8526
941,2.5763,2.4609,2.4609,681.97,40790882.15,3737940.23,200413429.79,259371043.25,459784473.04,54547.14,3.78799600,0.00066059,0.02113901,0.01321188,0.99863559,1.01184747,908627128.20,23.8457
942,2.5791,2.4612,2.4612,683.27,40797970.38,3738181.36,200454433.78,259384572.72,459839006.50,54533.46,3.78704603,0.00066034,0.02113088,0.01320680,0.99854515,1.01175195,908679661.66,23.8388
943,2.5818,2.4615,2.4615,684.57,40805059.56,3738422.47,200495424.80,259398101.49,459893526.29,54519.79,3.78609635,0.00066009,0.02112276,0.01320172,0.99845473,1.01165645,908732181.45,23.8319
944,2.5845,2.4619,2.4619,685.87,40812149.69,3738663.58,200536402.84,259411629.56,459948032.40,54506.12,3.78514697,0.00065983,0.02111464,0.01319665,0.99836432,1.01156097,908784687.57,23.8249
945,2.5873,2.4622,2.4622,687.17,40819240.77,3738904.69,200577367.92,259425156.93,460002524.85,54492.45,3.78419787,0.00065958,0.02110652,0.01319158,0.99827393,1.01146551,908837180.02,23.8180
946,2.5900,2.4625,2.4625,688.48,40826332.79,3739145.79,200618320.04,259438683.60,460057003.64,54478.79,3.78324907,0.00065933,0.02109841,0.01318651,0.99818356,1.01137006,908889658.80,23.8111
947,2.5927,2.4628,2.4628,689.79,40833425.77,3739386.88,200659259.20,259452209.57,460111468.77,54465.13,3.78230056,0.00065907,0.02109030,0.01318144,0.99809320,1.01127463,908942123.93,23.8042
948,2.5955,2.4632,2.4632,691.10,40840519.69,3739627.97,200700185.40,259465734.84,460165920.24,54451.47,3.78135234,0.00065882,0.02108220,0.01317637,0.99800285,1.01117922,908994575.40,23.7973
949,2.5982,2.4635,2.4635,692.41,40847614.56,3739869.05,200741098.66,259479259.41,460220358.06,54437.82,3.78040442,0.00065857,0.02107409,0.01317131,0.99791252,1.01108383,909047013.23,23.7904
950,2.6010,2.4638,2.4638,693.73,40854710.37,3740110.12,200781998.97,259492783.27,460274782.24,54424.18,3.77945678,0.00065831,0.02106600,0.01316625,0.99782221,1.01098845,909099437.40,23.7835
951,2.6037,2.4642,2.4642,695.05,40861807.14,3740351.19,200822886.34,259506306.44,460329192.78,54410.54,3.77850944,0.00065806,0.02105790,0.01316119,0.99773191,1.01089309,909151847.94,23.7766
952,2.6064,2.4645,2.4645,696.37,40868904.86,3740592.25,200863760.77,259519828.91,460383589.68,54396.90,3.77756238,0.00065781,0.02104981,0.01315613,0.99764162,1.01079775,909204244.84,23.7697
953,2.6092,2.4648,2.4648,697.69,40876003.52,3740833.31,200904622.26,259533350.68,460437972.94,54383.26,3.77661562,0.00065755,0.02104172,0.01315108,0.99755135,1.01070243,909256628.10,23.7628
954,2.6119,2.4651,2.4651,699.02,40883103.13,3741074.36,200945470.83,259546871.75,460492342.58,54369.64,3.77566915,0.00065730,0.02103364,0.01314602,0.99746110,1.01060712,909308997.74,23.7559
955,2.6146,2.4655,2.4655,700.35,40890203.69,3741315.40,200986306.47,259560392.12,460546698.59,54356.01,3.77472297,0.00065705,0.02102555,0.01314097,0.99737086,1.01051183,909361353.75,23.7491
956,2.6174,2.4658,2.4658,701.68,40897305.21,3741556.44,201027129.19,259573911.79,460601040.98,54342.39,3.77377708,0.00065680,0.02101748,0.01313592,0.99728064,1.01041656,909413696.14,23.7422
957,2.6201,2.4661,2.4661,703.01,40904407.67,3741797.47,201067938.99,259587430.76,460655369.75,54328.77,3.77283149,0.00065654,0.02100940,0.01313088,0.99719043,1.01032130,909466024.91,23.7353
958,2.6229,2.4665,2.4665,704.35,40911511.08,3742038.50,201108735.88,259600949.03,460709684.91,54315.16,3.77188618,0.00065629,0.02100133,0.01312583,0.99710023,1.01022606,909518340.07,23.7284
959,2.6256,2.4668,2.4668,705.69,40918615.43,3742279.52,201149519.87,259614466.60,460763986.46,54301.55,3.77094116,0.00065604,0.02099326,0.01312079,0.99701005,1.01013084,909570641.63,23.7215
960,2.6283,2.4671,2.4671,707.03,40925720.74,3742520.53,201190290.94,259627983.47,460818274.41,54287.95,3.76999644,0.00065579,0.02098520,0.01311575,0.99691989,1.01003564,909622929.58,23.7146
961,2.6311,2.4675,2.4675,708.37,40932827.00,3742761.54,201231049.12,259641499.65,460872548.76,54274.35,3.76905200,0.00065554,0.02097713,0.01311071,0.99682974,1.00994045,909675203.93,23.7078
962,2.6338,2.4678,2.4678,709.72,40939934.21,3743002.54,201271794.40,259655015.12,460926809.52,54260.75,3.76810786,0.00065528,0.02096908,0.01310567,0.99673961,1.00984528,909727464.68,23.7009
963,2.6366,2.4681,2.4681,711.07,40947042.37,3743243.53,201312526.78,259668529.90,460981056.68,54247.16,3.76716400,0.00065503,0.02096102,0.01310064,0.99664949,1.00975013,909779711.84,23.6940
964,2.6393,2.4684,2.4684,712.42,40954151.48,3743484.52,201353246.28,259682043.97,461035290.25,54233.57,3.76622044,0.00065478,0.02095297,0.01309561,0.99655938,1.00965499,909831945.41,23.6872
965,2.6420,2.4688,2.4688,713.77,40961261.54,3743725.51,201393952.89,259695557.35,461089510.24,54219.99,3.76527716,0.00065453,0.02094492,0.01309058,0.99646929,1.00955987,909884165.41,23.6803
966,2.6448,2.4691,2.4691,715.13,40968372.55,3743966.48,201434646.62,259709070.03,461143716.65,54206.41,3.76433418,0.00065428,0.02093688,0.01308555,0.99637922,1.00946476,909936371.82,23.6734
967,2.6475,2.4694,2.4694,716.49,40975484.51,3744207.45,201475327.48,259722582.01,461197909.49,54192.84,3.76339148,0.00065403,0.02092884,0.01308052,0.99628915,1.00936968,909988564.65,23.6666
968,2.6502,2.4698,2.4698,717.85,40982597.42,3744448.42,201515995.46,259736093.30,461252088.76,54179.27,3.76244908,0.00065378,0.02092080,0.01307550,0.99619911,1.00927461,910040743.92,23.6597
969,2.6530,2.4701,2.4701,719.22,40989711.28,3744689.38,201556650.58,259749603.88,461306254.46,54165.70,3.76150696,0.00065352,0.02091277,0.01307048,0.99610908,1.00917955,910092909.62,23.6528
970,2.6557,2.4704,2.4704,720.58,40996826.10,3744930.33,201597292.83,259763113.77,461360406.60,54152.14,3.76056514,0.00065327,0.02090474,0.01306546,0.99601906,1.00908452,910145061.76,23.6460
971,2.6585,2.4708,2.4708,721.95,41003941.86,3745171.28,201637922.22,259776622.96,461414545.18,54138.58,3.75962360,0.00065302,0.02089671,0.01306044,0.99592906,1.00898950,910197200.34,23.6391
972,2.6612,2.4711,2.4711,723.33,41011058.58,3745412.22,201678538.76,259790131.45,461468670.20,54125.03,3.75868236,0.00065277,0.02088868,0.01305543,0.99583907,1.00889449,910249325.37,23.6323
973,2.6639,2.4714,2.4714,724.70,41018176.25,3745653.15,201719142.44,259803639.24,461522781.68,54111.48,3.75774140,0.00065252,0.02088066,0.01305041,0.99574909,1.00879951,910301436.84,23.6254
974,2.6667,2.4717,2.4717,726.08,41025294.86,3745894.08,201759733.27,259817146.34,461576879.61,54097.93,3.75680073,0.00065227,0.02087265,0.01304540,0.99565913,1.00870454,910353534.77,23.6186
975,2.6694,2.4721,2.4721,727.46,41032414.43,3746135.00,201800311.27,259830652.73,461630964.00,54084.39,3.75586035,0.00065202,0.02086463,0.01304039,0.99556919,1.00860958,910405619.16,23.6117
976,2.6721,2.4724,2.4724,728.84,41039534.96,3746375.92,201840876.42,259844158.43,461685034.85,54070.85,3.75492027,0.00065177,0.02085662,0.01303539,0.99547926,1.00851464,910457690.01,23.6049
977,2.6749,2.4727,2.4727,730.23,41046656.43,3746616.83,201881428.73,259857663.44,461739092.17,54057.32,3.75398046,0.00065152,0.02084861,0.01303038,0.99538934,1.00841972,910509747.33,23.5980
978,2.6776,2.4731,2.4731,731.61,41053778.86,3746857.73,201921968.22,259871167.74,461793135.96,54043.79,3.75304095,0.00065127,0.02084061,0.01302538,0.99529944,1.00832482,910561791.12,23.5912
979,2.6804,2.4734,2.4734,733.01,41060902.23,3747098.63,201962494.87,259884671.35,461847166.22,54030.26,3.75210173,0.00065102,0.02083261,0.01302038,0.99520955,1.00822993,910613821.39,23.5844
980,2.6831,2.4737,2.4737,734.40,41068026.56,3747339.52,202003008.71,259898174.26,461901182.97,54016.74,3.75116280,0.00065077,0.02082461,0.01301538,0.99511967,1.00813506,910665838.13,23.5775
981,2.6858,2.4741,2.4741,735.79,41075151.85,3747580.41,202043509.72,259911676.47,461955186.20,54003.23,3.75022415,0.00065052,0.02081662,0.01301039,0.99502981,1.00804020,910717841.36,23.5707
982,2.6886,2.4744,2.4744,737.19,41082278.08,3747821.29,202083997.92,259925177.99,462009175.91,53989.72,3.74928580,0.00065027,0.02080863,0.01300539,0.99493997,1.00794536,910769831.07,23.5639
983,2.6913,2.4747,2.4747,738.59,41089405.27,3748062.16,202124473.31,259938678.81,462063152.12,53976.21,3.74834773,0.00065002,0.02080064,0.01300040,0.99485013,1.00785053,910821807.28,23.5570
984,2.6940,2.4750,2.4750,740.00,41096533.41,3748303.03,202164935.89,259952178.94,462117114.82,53962.70,3.74740995,0.00064977,0.02079266,0.01299541,0.99476031,1.00775573,910873769.98,23.5502
985,2.6968,2.4754,2.4754,741.40,41103662.50,3748543.89,202205385.66,259965678.36,462171064.03,53949.20,3.74647246,0.00064952,0.02078468,0.01299042,0.99467051,1.00766093,910925719.19,23.5434
986,2.6995,2.4757,2.4757,742.81,41110792.55,3748784.75,202245822.64,259979177.09,462224999.73,53935.71,3.74553525,0.00064927,0.02077670,0.01298544,0.99458072,1.00756616,910977654.90,23.5366
987,2.7023,2.4760,2.4760,744.23,41117923.55,3749025.60,202286246.82,259992675.13,462278921.95,53922.22,3.74459834,0.00064902,0.02076873,0.01298045,0.99449094,1.00747140,911029577.11,23.5298
988,2.7050,2.4764,2.4764,745.64,41125055.50,3749266.44,202326658.21,260006172.46,462332830.68,53908.73,3.74366171,0.00064877,0.02076076,0.01297547,0.99440118,1.00737665,911081485.84,23.5229
989,2.7077,2.4767,2.4767,747.06,41132188.41,3749507.28,202367056.82,260019669.10,462386725.92,53895.25,3.74272537,0.00064852,0.02075279,0.01297049,0.99431143,1.00728193,911133381.09,23.5161
990,2.7105,2.4770,2.4770,748.48,41139322.27,3749748.11,202407442.64,260033165.05,462440607.69,53881.77,3.74178932,0.00064828,0.02074483,0.01296552,0.99422170,1.00718721,911185262.85,23.5093
991,2.7132,2.4774,2.4774,749.90,41146457.08,3749988.93,202447815.68,260046660.30,462494475.98,53868.29,3.74085356,0.00064803,0.02073687,0.01296054,0.99413197,1.00709252,911237131.14,23.5025
992,2.7159,2.4777,2.4777,751.33,41153592.85,3750229.75,202488175.95,260060154.85,462548330.80,53854.82,3.73991808,0.00064778,0.02072891,0.01295557,0.99404227,1.00699784,911288985.96,23.4957
993,2.7187,2.4780,2.4780,752.75,41160729.57,3750470.57,202528523.45,260073648.71,462602172.15,53841.35,3.73898289,0.00064753,0.02072096,0.01295060,0.99395257,1.00690317,911340827.32,23.4889
994,2.7214,2.4784,2.4784,754.19,41167867.24,3750711.37,202568858.17,260087141.87,462656000.05,53827.89,3.73804799,0.00064728,0.02071301,0.01294563,0.99386289,1.00680852,911392655.21,23.4821
995,2.7242,2.4787,2.4787,755.62,41175005.87,3750952.18,202609180.14,260100634.34,462709814.48,53814.43,3.73711338,0.00064703,0.02070506,0.01294066,0.99377322,1.00671389,911444469.64,23.4753
996,2.7269,2.4790,2.4790,757.06,41182145.46,3751192.97,202649489.35,260114126.11,462763615.46,53800.98,3.73617905,0.00064678,0.02069712,0.01293570,0.99368357,1.00661927,911496270.62,23.4685
997,2.7296,2.4794,2.4794,758.49,41189286.00,3751433.76,202689785.80,260127617.18,462817402.98,53787.53,3.73524501,0.00064654,0.02068918,0.01293074,0.99359393,1.00652467,911548058.15,23.4617
998,2.7324,2.4797,2.4797,759.94,41196427.49,3751674.54,202730069.51,260141107.56,462871177.07,53774.08,3.73431126,0.00064629,0.02068124,0.01292578,0.99350430,1.00643008,911599832.23,23.4549
999,2.7351,2.4800,2.4800,761.38,41203569.94,3751915.32,202770340.46,260154597.25,462924937.71,53760.64,3.73337780,0.00064604,0.02067331,0.01292082,0.99341469,1.00633551,911651592.87,23.4481
1000,2.7379,2.4803,2.4803,762.83,41210713.34,3752156.09,202810598.68,260168086.23,462978684.91,53747.20,3.73244462,0.00064579,0.02066538,0.01291586,0.99332509,1.00624095,911703340.07,23.4413
1001,2.7406,2.4807,2.4807,764.28,41217857.69,3752396.86,202850844.15,260181574.53,463032418.68,53733.77,3.73151173,0.00064555,0.02065745,0.01291091,0.99323551,1.00614641,911755073.84,23.4345
1002,2.7433,2.4810,2.4810,765.73,41225003.01,3752637.62,202891076.89,260195062.13,463086139.02,53720.34,3.73057912,0.00064530,0.02064953,0.01290595,0.99314593,1.00605189,911806794.18,23.4277
1003,2.7461,2.4813,2.4813,767.19,41232149.27,3752878.37,202931296.90,260208549.03,463139845.93,53706.91,3.72964681,0.00064505,0.02064161,0.01290100,0.99305637,1.00595738,911858501.09,23.4209
1004,2.7488,2.4817,2.4817,768.64,41239296.50,3753119.12,202971504.18,260222035.24,463193539.42,53693.49,3.72871478,0.00064480,0.02063369,0.01289606,0.99296683,1.00586288,911910194.59,23.4141
1005,2.7515,2.4820,2.4820,770.11,41246444.67,3753359.86,203011698.74,260235520.76,463247219.50,53680.08,3.72778303,0.00064456,0.02062578,0.01289111,0.99287729,1.00576840,911961874.66,23.4074
1006,2.7543,2.4823,2.4823,771.57,41253593.81,3753600.59,203051880.59,260249005.58,463300886.16,53666.66,3.72685157,0.00064431,0.02061787,0.01288617,0.99278777,1.00567394,912013541.33,23.4006
1007,2.7570,2.4827,2.4827,773.04,41260743.90,3753841.32,203092049.72,260262489.70,463354539.42,53653.25,3.72592040,0.00064406,0.02060996,0.01288123,0.99269827,1.00557949,912065194.58,23.3938
1008,2.7598,2.4830,2.4830,774.51,41267894.94,3754082.04,203132206.13,260275973.13,463408179.27,53639.85,3.72498951,0.00064381,0.02060206,0.01287629,0.99260877,1.00548506,912116834.43,23.3870
1009,2.7625,2.4833,2.4833,775.98,41275046.94,3754322.76,203172349.84,260289455.87,463461805.71,53626.45,3.72405891,0.00064357,0.02059416,0.01287135,0.99251929,1.00539064,912168460.88,23.3803
1010,2.7652,2.4837,2.4837,777.45,41282199.90,3754563.47,203212480.85,260302937.91,463515418.77,53613.05,3.72312860,0.00064332,0.02058626,0.01286641,0.99242983,1.00529624,912220073.93,23.3735
1011,2.7680,2.4840,2.4840,778.93,41289353.81,3754804.18,203252599.16,260316419.26,463569018.43,53599.66,3.72219857,0.00064307,0.02057837,0.01286148,0.99234037,1.00520185,912271673.59,23.3667
1012,2.7707,2.4843,2.4843,780.41,41296508.68,3755044.87,203292704.78,260329899.92,463622604.70,53586.27,3.72126883,0.00064283,0.02057048,0.01285655,0.99225093,1.00510748,912323259.86,23.3600
1013,2.7734,2.4847,2.4847,781.89,41303664.51,3755285.57,203332797.71,260343379.88,463676177.58,53572.89,3.72033938,0.00064258,0.02056259,0.01285162,0.99216150,1.00501312,912374832.75,23.3532
1014,2.7762,2.4850,2.4850,783.38,41310821.29,3755526.25,203372877.95,260356859.14,463729737.09,53559.51,3.71941021,0.00064233,0.02055471,0.01284669,0.99207208,1.00491878,912426392.25,23.3464
1015,2.7789,2.4853,2.4853,784.87,41317979.03,3755766.93,203412945.50,260370337.72,463783283.22,53546.13,3.71848132,0.00064209,0.02054683,0.01284177,0.99198268,1.00482445,912477938.38,23.3397
1016,2.7817,2.4857,2.4857,786.36,41325137.73,3756007.61,203453000.38,260383815.60,463836815.98,53532.76,3.71755272,0.00064184,0.02053895,0.01283684,0.99189329,1.00473014,912529471.14,23.3329
1017,2.7844,2.4860,2.4860,787.86,41332297.38,3756248.28,203493042.59,260397292.78,463890335.37,53519.39,3.71662441,0.00064160,0.02053108,0.01283192,0.99180392,1.00463584,912580990.54,23.3262
1018,2.7871,2.4863,2.4863,789.35,41339457.99,3756488.94,203533072.12,260410769.28,463943841.40,53506.03,3.71569638,0.00064135,0.02052321,0.01282700,0.99171455,1.00454156,912632496.56,23.3194
1019,2.7899,2.4867,2.4867,790.85,41346619.56,3756729.60,203573088.99,260424245.08,463997334.07,53492.67,3.71476864,0.00064110,0.02051534,0.01282209,0.99162520,1.00444729,912683989.23,23.3127
1020,2.7926,2.4870,2.4870,792.36,41353782.08,3756970.25,203613093.20,260437720.18,464050813.38,53479.31,3.71384118,0.00064086,0.02050748,0.01281717,0.99153586,1.00435303,912735468.54,23.3059
1021,2.7953,2.4873,2.4873,793.86,41360945.57,3757210.89,203653084.75,260451194.60,464104279.34,53465.96,3.71291400,0.00064061,0.02049962,0.01281226,0.99144653,1.00425880,912786934.51,23.2992
1022,2.7981,2.4877,2.4877,795.37,41368110.01,3757451.53,203693063.64,260464668.32,464157731.96,53452.61,3.71198712,0.00064037,0.02049176,0.01280735,0.99135722,1.00416457,912838387.12,23.2924
1023,2.8008,2.4880,2.4880,796.88,41375275.41,3757692.16,203733029.88,260478141.34,464211171.23,53439.27,3.71106051,0.00064012,0.02048391,0.01280244,0.99126792,1.00407036,912889826.39,23.2857
1024,2.8036,2.4883,2.4883,798.40,41382441.76,3757932.79,203772983.48,260491613.68,464264597.16,53425.93,3.71013419,0.00063988,0.02047606,0.01279754,0.99117863,1.00397617,912941252.32,23.2789
1025,2.8063,2.4887,2.4887,799.92,41389609.07,3758173.41,203812924.44,260505085.32,464318009.76,53412.60,3.70920816,0.00063963,0.02046821,0.01279263,0.99108936,1.00388199,912992664.92,23.2722
1026,2.8090,2.4890,2.4890,801.44,41396777.35,3758414.02,203852852.76,260518556.27,464371409.03,53399.27,3.70828241,0.00063939,0.02046037,0.01278773,0.99100009,1.00378782,913044064.19,23.2655
1027,2.8118,2.4893,2.4893,802.96,41403946.58,3758654.63,203892768.44,260532026.53,464424794.97,53385.94,3.70735695,0.00063914,0.02045253,0.01278283,0.99091084,1.00369367,913095450.13,23.2587
1028,2.8145,2.4896,2.4896,804.49,41411116.77,3758895.23,203932671.49,260545496.09,464478167.58,53372.62,3.70643177,0.00063890,0.02044469,0.01277793,0.99082160,1.00359954,913146822.75,23.2520
1029,2.8172,2.4900,2.4900,806.02,41418287.91,3759135.83,203972561.92,260558964.96,464531526.88,53359.30,3.70550687,0.00063865,0.02043685,0.01277303,0.99073238,1.00350541,913198182.04,23.2453
1030,2.8200,2.4903,2.4903,807.55,41425460.02,3759376.42,204012439.72,260572433.14,464584872.87,53345.98,3.70458226,0.00063841,0.02042902,0.01276814,0.99064317,1.00341131,913249528.03,23.2385
1031,2.8227,2.4906,2.4906,809.08,41432633.08,3759617.01,204052304.91,260585900.63,464638205.54,53332.67,3.70365793,0.00063816,0.02042120,0.01276325,0.99055396,1.00331721,913300860.70,23.2318
1032,2.8255,2.4910,2.4910,810.62,41439807.11,3759857.58,204092157.48,260599367.43,464691524.91,53319.37,3.70273389,0.00063792,0.02041337,0.01275836,0.99046478,1.00322313,913352180.07,23.2251
1033,2.8282,2.4913,2.4913,812.16,41446982.09,3760098.16,204131997.44,260612833.53,464744830.97,53306.07,3.70181013,0.00063767,0.02040555,0.01275347,0.99037560,1.00312907,913403486.14,23.2184
1034,2.8309,2.4916,2.4916,813.71,41454158.03,3760338.72,204171824.80,260626298.94,464798123.74,53292.77,3.70088665,0.00063743,0.02039774,0.01274858,0.99028644,1.00303502,913454778.91,23.2117
1035,2.8337,2.4920,2.4920,815.25,41461334.93,3760579.28,204211639.55,260639763.66,464851403.22,53279.47,3.69996346,0.00063719,0.02038992,0.01274370,0.99019728,1.00294098,913506058.38,23.2049
1036,2.8364,2.4923,2.4923,816.80,41468512.79,3760819.84,204251441.71,260653227.69,464904669.40,53266.18,3.69904055,0.00063694,0.02038211,0.01273882,0.99010814,1.00284696,913557324.56,23.1982
1037,2.8392,2.4926,2.4926,818.36,41475691.61,3761060.39,204291231.27,260666691.03,464957922.30,53252.90,3.69811793,0.00063670,0.02037430,0.01273394,0.99001902,1.00275296,913608577.46,23.1915
1038,2.8419,2.4930,2.4930,819.91,41482871.39,3761300.93,204331008.24,260680153.67,465011161.91,53239.62,3.69719558,0.00063645,0.02036650,0.01272906,0.98992990,1.00265896,913659817.08,23.1848
1039,2.8446,2.4933,2.4933,821.47,41490052.13,3761541.47,204370772.62,260693615.63,465064388.25,53226.34,3.69627353,0.00063621,0.02035870,0.01272419,0.98984080,1.00256498,913711043.42,23.1781
1040,2.8474,2.4936,2.4936,823.03,41497233.83,3761782.00,204410524.43,260707076.89,465117601.32,53213.07,3.69535175,0.00063597,0.02035090,0.01271931,0.98975171,1.00247102,913762256.48,23.1714
1041,2.8501,2.4940,2.4940,824.60,41504416.49,3762022.52,204450263.65,260720537.46,465170801.11,53199.80,3.69443026,0.00063572,0.02034311,0.01271444,0.98966263,1.00237707,913813456.28,23.1647
1042,2.8528,2.4943,2.4943,826.16,41511600.11,3762263.04,204489990.30,260733997.34,465223987.64,53186.53,3.69350905,0.00063548,0.02033532,0.01270957,0.98957356,1.00228313,913864642.81,23.1580
1043,2.8556,2.4946,2.4946,827.73,41518784.69,3762503.55,204529704.38,260747456.53,465277160.91,53173.27,3.69258813,0.00063524,0.02032753,0.01270470,0.98948450,1.00218921,913915816.08,23.1513
1044,2.8583,2.4950,2.4950,829.31,41525970.23,3762744.06,204569405.89,260760915.03,465330320.93,53160.01,3.69166749,0.00063499,0.02031974,0.01269984,0.98939546,1.00209530,913966976.09,23.1446
1045,2.8611,2.4953,2.4953,830.88,41533156.73,3762984.56,204609094.84,260774372.84,465383467.68,53146.76,3.69074713,0.00063475,0.02031196,0.01269498,0.98930643,1.00200141,914018122.85,23.1379
1046,2.8638,2.4956,2.4956,832.46,41540344.19,3763225.05,204648771.23,260787829.96,465436601.19,53133.51,3.68982705,0.00063451,0.02030418,0.01269012,0.98921741,1.00190752,914069256.36,23.1312
1047,2.8665,2.4960,2.4960,834.04,41547532.61,3763465.54,204688435.07,260801286.39,465489721.46,53120.26,3.68890726,0.00063426,0.02029641,0.01268526,0.98912840,1.00181366,914120376.62,23.1245
1048,2.8693,2.4963,2.4963,835.63,41554722.00,3763706.02,204728086.36,260814742.12,465542828.48,53107.02,3.68798775,0.00063402,0.02028864,0.01268040,0.98903941,1.00171980,914171483.64,23.1178
1049,2.8720,2.4966,2.4966,837.22,41561912.34,3763946.50,204767725.10,260828197.17,465595922.27,53093.79,3.68706852,0.00063378,0.02028087,0.01267554,0.98895042,1.00162597,914222577.43,23.1111
1050,2.8747,2.4970,2.4970,838.81,41569103.65,3764186.97,204807351.30,260841651.53,465649002.82,53080.55,3.68614957,0.00063353,0.02027311,0.01267069,0.98886145,1.00153214,914273657.99,23.1045
1051,2.8775,2.4973,2.4973,840.40,41576295.91,3764427.44,204846964.96,260855105.19,465702070.15,53067.33,3.68523091,0.00063329,0.02026534,0.01266584,0.98877249,1.00143833,914324725.31,23.0978
1052,2.8802,2.4976,2.4976,842.00,41583489.14,3764667.89,204886566.08,260868558.17,465755124.25,53054.10,3.68431253,0.00063305,0.02025759,0.01266099,0.98868354,1.00134453,914375779.41,23.0911
1053,2.8830,2.4980,2.4980,843.60,41590683.33,3764908.35,204926154.67,260882010.45,465808165.13,53040.88,3.68339443,0.00063281,0.02024983,0.01265614,0.98859460,1.00125075,914426820.29,23.0844
1054,2.8857,2.4983,2.4983,845.21,41597878.48,3765148.79,204965730.74,260895462.05,465861192.79,53027.66,3.68247661,0.00063256,0.02024208,0.01265130,0.98850568,1.00115698,914477847.95,23.0777
1055,2.8884,2.4987,2.4987,846.81,41605074.60,3765389.23,205005294.29,260908912.96,465914207.24,53014.45,3.68155908,0.00063232,0.02023433,0.01264646,0.98841676,1.00106322,914528862.40,23.0711
1056,2.8912,2.4990,2.4990,848.42,41612271.67,3765629.67,205044845.31,260922363.17,465967208.48,53001.24,3.68064182,0.00063208,0.02022659,0.01264162,0.98832786,1.00096948,914579863.65,23.0644
1057,2.8939,2.4993,2.4993,850.03,41619469.71,3765870.10,205084383.82,260935812.70,466020196.52,52988.04,3.67972485,0.00063184,0.02021884,0.01263678,0.98823897,1.00087575,914630851.68,23.0577
1058,2.8966,2.4997,2.4997,851.65,41626668.71,3766110.52,205123909.82,260949261.54,466073171.36,52974.84,3.67880816,0.00063160,0.02021110,0.01263194,0.98815009,1.00078203,914681826.52,23.0511
1059,2.8994,2.5000,2.5000,853.27,41633868.67,3766350.94,205163423.32,260962709.68,466126133.00,52961.64,3.67789176,0.00063136,0.02020337,0.01262711,0.98806122,1.00068833,914732788.16,23.0444
1060,2.9021,2.5003,2.5003,854.89,41641069.60,3766591.35,205202924.31,260976157.14,466179081.45,52948.45,3.67697563,0.00063111,0.02019564,0.01262227,0.98797236,1.00059464,914783736.61,23.0377
1061,2.9049,2.5007,2.5007,856.52,41648271.48,3766831.75,205242412.80,260989603.91,466232016.71,52935.26,3.67605979,0.00063087,0.02018791,0.01261744,0.98788352,1.00050096,914834671.87,23.0311
1062,2.9076,2.5010,2.5010,858.14,41655474.33,3767072.15,205281888.79,261003049.99,466284938.79,52922.08,3.67514422,0.00063063,0.02018018,0.01261261,0.98779469,1.00040730,914885593.95,23.0244
1063,2.9103,2.5013,2.5013,859.78,41662678.15,3767312.54,205321352.30,261016495.38,466337847.68,52908.90,3.67422894,0.00063039,0.02017246,0.01260779,0.98770586,1.00031365,914936502.85,23.0178
1064,2.9131,2.5017,2.5017,861.41,41669882.92,3767552.93,205360803.32,261029940.09,466390743.40,52895.72,3.67331394,0.00063015,0.02016474,0.01260296,0.98761705,1.00022001,914987398.57,23.0111
1065,2.9158,2.5020,2.5020,863.05,41677088.66,3767793.31,205400241.85,261043384.10,466443625.95,52882.55,3.67239922,0.00062991,0.02015702,0.01259814,0.98752825,1.00012639,915038281.12,23.0044
1066,2.9185,2.5023,2.5023,864.69,41684295.36,3768033.69,205439667.91,261056827.43,466496495.33,52869.38,3.67148478,0.00062967,0.02014931,0.01259332,0.98743946,1.00003278,915089150.50,22.9978
1067,2.9213,2.5027,2.5027,866.33,41691503.03,3768274.06,205479081.49,261070270.06,466549351.55,52856.22,3.67057062,0.00062943,0.02014160,0.01258850,0.98735069,0.99993919,915140006.71,22.9911
1068,2.9240,2.5030,2.5030,867.98,41698711.66,3768514.42,205518482.60,261083712.01,466602194.61,52843.06,3.66965675,0.00062918,0.02013390,0.01258368,0.98726192,0.99984560,915190849.77,22.9845
1069,2.9268,2.5033,2.5033,869.63,41705921.25,3768754.78,205557871.24,261097153.27,466655024.51,52829.90,3.66874315,0.00062894,0.02012619,0.01257887,0.98717316,0.99975203,915241679.67,22.9779
1070,2.9295,2.5037,2.5037,871.28,41713131.81,3768995.13,205597247.42,261110593.84,466707841.26,52816.75,3.66782983,0.00062870,0.02011849,0.01257406,0.98708442,0.99965848,915292496.42,22.9712
1071,2.9322,2.5040,2.5040,872.94,41720343.33,3769235.47,205636611.14,261124033.72,466760644.86,52803.60,3.66691680,0.00062846,0.02011080,0.01256925,0.98699569,0.99956493,915343300.02,22.9646
1072,2.9350,2.5043,2.5043,874.60,41727555.81,3769475.81,205675962.40,261137472.92,466813435.32,52790.46,3.66600405,0.00062822,0.02010310,0.01256444,0.98690697,0.99947140,915394090.48,22.9579
1073,2.9377,2.5047,2.5047,876.26,41734769.26,3769716.15,205715301.21,261150911.42,466866212.64,52777.32,3.66509157,0.00062798,0.02009541,0.01255963,0.98681825,0.99937789,915444867.80,22.9513
1074,2.9405,2.5050,2.5050,877.92,41741983.67,3769956.47,205754627.58,261164349.24,466918976.82,52764.18,3.66417938,0.00062774,0.02008773,0.01255483,0.98672955,0.99928438,915495631.98,22.9447
1075,2.9432,2.5053,2.5053,879.59,41749199.05,3770196.79,205793941.50,261177786.37,466971727.87,52751.05,3.66326746,0.00062750,0.02008004,0.01255003,0.98664087,0.99919089,915546383.04,22.9380
1076,2.9459,2.5057,2.5057,881.27,41756415.39,3770437.11,205833242.98,261191222.82,467024465.80,52737.92,3.66235583,0.00062726,0.02007236,0.01254523,0.98655219,0.99909741,915597120.96,22.9314
1077,2.9487,2.5060,2.5060,882.94,41763632.70,3770677.42,205872532.02,261204658.57,467077190.60,52724.80,3.66144448,0.00062702,0.02006469,0.01254043,0.98646352,0.99900395,915647845.76,22.9248
1078,2.9514,2.5063,2.5063,884.62,41770850.97,3770917.72,205911808.64,261218093.64,467129902.28,52711.68,3.66053341,0.00062678,0.02005701,0.01253563,0.98637487,0.99891050,915698557.44,22.9182
1079,2.9541,2.5067,2.5067,886.30,41778070.21,3771158.02,205951072.82,261231528.02,467182600.84,52698.57,3.65962261,0.00062654,0.02004934,0.01253084,0.98628622,0.99881706,915749256.01,22.9115
1080,2.9569,2.5070,2.5070,887.99,41785290.41,3771398.31,205990324.58,261244961.72,467235286.30,52685.45,3.65871210,0.00062630,0.02004167,0.01252605,0.98619759,0.99872363,915799941.46,22.9049
1081,2.9596,2.5073,2.5073,889.67,41792511.58,3771638.60,206029563.92,261258394.72,467287958.65,52672.35,3.65780186,0.00062606,0.02003401,0.01252126,0.98610896,0.99863022,915850613.81,22.8983
1082,2.9624,2.5077,2.5077,891.36,41799733.71,3771878.88,206068790.85,261271827.04,467340617.89,52659.24,3.65689191,0.00062582,0.02002635,0.01251647,0.98602035,0.99853682,915901273.05,22.8917
1083,2.9651,2.5080,2.5080,893.06,41806956.81,3772119.15,206108005.36,261285258.67,467393264.03,52646.14,3.65598224,0.00062558,0.02001869,0.01251168,0.98593175,0.99844343,915951919.20,22.8851
1084,2.9678,2.5084,2.5084,894.76,41814180.87,3772359.42,206147207.47,261298689.62,467445897.08,52633.05,3.65507284,0.00062534,0.02001104,0.01250690,0.98584316,0.99835005,916002552.24,22.8785
1085,2.9706,2.5087,2.5087,896.46,41821405.90,3772599.68,206186397.17,261312119.87,467498517.04,52619.96,3.65416373,0.00062511,0.02000338,0.01250212,0.98575458,0.99825669,916053172.20,22.8719
1086,2.9733,2.5090,2.5090,898.16,41828631.89,3772839.94,206225574.46,261325549.45,467551123.91,52606.87,3.65325489,0.00062487,0.01999574,0.01249734,0.98566601,0.99816334,916103779.07,22.8653
1087,2.9760,2.5094,2.5094,899.87,41835858.86,3773080.19,206264739.37,261338978.33,467603717.70,52593.79,3.65234633,0.00062463,0.01998809,0.01249256,0.98557745,0.99807000,916154372.86,22.8586
1088,2.9788,2.5097,2.5097,901.58,41843086.78,3773320.43,206303891.88,261352406.53,467656298.40,52580.71,3.65143805,0.00062439,0.01998045,0.01248778,0.98548890,0.99797668,916204953.57,22.8520
1089,2.9815,2.5100,2.5100,903.29,41850315.68,3773560.67,206343032.00,261365834.04,467708866.04,52567.63,3.65053005,0.00062415,0.01997281,0.01248301,0.98540036,0.99788337,916255521.20,22.8454
1090,2.9843,2.5104,2.5104,905.01,41857545.53,3773800.90,206382159.74,261379260.86,467761420.60,52554.56,3.64962233,0.00062391,0.01996518,0.01247823,0.98531183,0.99779007,916306075.76,22.8388
1091,2.9870,2.5107,2.5107,906.73,41864776.36,3774041.13,206421275.09,261392687.00,467813962.09,52541.49,3.64871489,0.00062367,0.01995754,0.01247346,0.98522332,0.99769678,916356617.26,22.8323
1092,2.9897,2.5110,2.5110,908.45,41872008.15,3774281.35,206460378.07,261406112.45,467866490.53,52528.43,3.64780773,0.00062343,0.01994991,0.01246870,0.98513481,0.99760351,916407145.69,22.8257
1093,2.9925,2.5114,2.5114,910.18,41879240.91,3774521.56,206499468.68,261419537.22,467919005.90,52515.37,3.64690085,0.00062320,0.01994229,0.01246393,0.98504631,0.99751024,916457661.06,22.8191
1094,2.9952,2.5117,2.5117,911.91,41886474.64,3774761.77,206538546.91,261432961.30,467971508.21,52502.32,3.64599424,0.00062296,0.01993467,0.01245917,0.98495783,0.99741699,916508163.38,22.8125
1095,2.9979,2.5120,2.5120,913.64,41893709.33,3775001.97,206577612.78,261446384.70,468023997.48,52489.27,3.64508791,0.00062272,0.01992705,0.01245440,0.98486935,0.99732376,916558652.64,22.8059
1096,3.0007,2.5124,2.5124,915.38,41900944.99,3775242.17,206616666.29,261459807.40,468076473.70,52476.22,3.64418187,0.00062248,0.01991943,0.01244964,0.98478089,0.99723053,916609128.86,22.7993
1097,3.0034,2.5127,2.5127,917.12,41908181.62,3775482.36,206655707.45,261473229.43,468128936.87,52463.18,3.64327609,0.00062224,0.01991182,0.01244489,0.98469243,0.99713732,916659592.04,22.7927
1098,3.0062,2.5131,2.5131,918.86,41915419.21,3775722.54,206694736.25,261486650.76,468181387.01,52450.14,3.64237060,0.00062201,0.01990421,0.01244013,0.98460399,0.99704412,916710042.17,22.7861
1099,3.0089,2.5134,2.5134,920.61,41922657.78,3775962.72,206733752.70,261500071.42,468233824.11,52437.10,3.64146539,0.00062177,0.01989660,0.01243538,0.98451555,0.99695093,916760479.28,22.7796
1100,3.0116,2.5137,2.5137,922.36,41929897.31,3776202.90,206772756.80,261513491.38,468286248.18,52424.07,3.64056045,0.00062153,0.01988900,0.01243062,0.98442713,0.99685775,916810903.35,22.7730
1101,3.0144,2.5141,2.5141,924.11,41937137.81,3776443.06,206811748.56,261526910.66,468338659.23,52411.04,3.63965580,0.00062129,0.01988140,0.01242587,0.98433872,0.99676459,916861314.39,22.7664
1102,3.0171,2.5144,2.5144,925.87,41944379.27,3776683.22,206850727.99,261540329.26,468391057.25,52398.02,3.63875142,0.00062106,0.01987380,0.01242113,0.98425031,0.99667144,916911712.41,22.7598
1103,3.0198,2.5147,2.5147,927.63,41951621.71,3776923.38,206889695.08,261553747.17,468443442.25,52385.00,3.63784731,0.00062082,0.01986621,0.01241638,0.98416192,0.99657830,916962097.41,22.7533
1104,3.0226,2.5151,2.5151,929.39,41958865.11,3777163.53,206928649.84,261567164.40,468495814.24,52371.99,3.63694349,0.00062058,0.01985862,0.01241164,0.98407354,0.99648517,917012469.40,22.7467
1105,3.0253,2.5154,2.5154,931.16,41966109.48,3777403.67,206967592.27,261580580.94,468548173.21,52358.98,3.63603994,0.00062034,0.01985103,0.01240689,0.98398516,0.99639206,917062828.37,22.7401
1106,3.0281,2.5157,2.5157,932.93,41973354.82,3777643.81,207006522.39,261593996.79,468600519.18,52345.97,3.63513667,0.00062011,0.01984345,0.01240215,0.98389680,0.99629896,917113174.34,22.7336
1107,3.0308,2.5161,2.5161,934.70,41980601.12,3777883.94,207045440.18,261607411.96,468652852.14,52332.96,3.63423368,0.00061987,0.01983587,0.01239742,0.98380845,0.99620587,917163507.31,22.7270
1108,3.0335,2.5164,2.5164,936.48,41987848.40,3778124.07,207084345.66,261620826.45,468705172.11,52319.97,3.63333097,0.00061963,0.01982829,0.01239268,0.98372011,0.99611279,917213827.27,22.7205
1109,3.0363,2.5168,2.5168,938.26,41995096.64,3778364.19,207123238.83,261634240.25,468757479.08,52306.97,3.63242853,0.00061940,0.01982071,0.01238795,0.98363177,0.99601972,917264134.24,22.7139
1110,3.0390,2.5171,2.5171,940.04,42002345.86,3778604.30,207162119.69,261647653.37,468809773.06,52293.98,3.63152637,0.00061916,0.01981314,0.01238321,0.98354345,0.99592667,917314428.22,22.7073
1111,3.0418,2.5174,2.5174,941.83,42009596.04,3778844.41,207200988.25,261661065.80,468862054.05,52280.99,3.63062449,0.00061892,0.01980557,0.01237848,0.98345514,0.99583362,917364709.22,22.7008
1112,3.0445,2.5178,2.5178,943.62,42016847.19,3779084.51,207239844.51,261674477.55,468914322.06,52268.01,3.62972288,0.00061869,0.01979801,0.01237376,0.98336684,0.99574059,917414977.22,22.6942
1113,3.0472,2.5181,2.5181,945.41,42024099.32,3779324.60,207278688.48,261687888.61,468966577.09,52255.03,3.62882155,0.00061845,0.01979045,0.01236903,0.98327854,0.99564757,917465232.25,22.6877
1114,3.0500,2.5184,2.5184,947.21,42031352.41,3779564.69,207317520.15,261701299.00,469018819.15,52242.06,3.62792050,0.00061822,0.01978289,0.01236431,0.98319026,0.99555457,917515474.31,22.6811
1115,3.0527,2.5188,2.5188,949.01,42038606.47,3779804.78,207356339.54,261714708.69,469071048.23,52229.08,3.62701972,0.00061798,0.01977533,0.01235958,0.98310199,0.99546157,917565703.39,22.6746
1116,3.0554,2.5191,2.5191,950.82,42045861.50,3780044.86,207395146.64,261728117.70,469123264.35,52216.12,3.62611922,0.00061774,0.01976778,0.01235486,0.98301372,0.99536859,917615919.51,22.6681
1117,3.0582,2.5194,2.5194,952.62,42053117.50,3780284.93,207433941.47,261741526.03,469175467.50,52203.15,3.62521900,0.00061751,0.01976023,0.01235014,0.98292547,0.99527562,917666122.66,22.6615
1118,3.0609,2.5198,2.5198,954.43,42060374.47,3780524.99,207472724.02,261754933.68,469227657.70,52190.19,3.62431905,0.00061727,0.01975269,0.01234543,0.98283723,0.99518266,917716312.86,22.6550
1119,3.0637,2.5201,2.5201,956.25,42067632.41,3780765.06,207511494.30,261768340.64,469279834.94,52177.24,3.62341939,0.00061704,0.01974514,0.01234071,0.98274899,0.99508971,917766490.10,22.6484
1120,3.0664,2.5205,2.5205,958.07,42074891.32,3781005.11,207550252.31,261781746.92,469331999.22,52164.29,3.62251999,0.00061680,0.01973760,0.01233600,0.98266077,0.99499677,917816654.39,22.6419
1121,3.0691,2.5208,2.5208,959.89,42082151.20,3781245.16,207588998.05,261795152.51,469384150.56,52151.34,3.62162088,0.00061656,0.01973007,0.01233129,0.98257255,0.99490385,917866805.73,22.6354
1122,3.0719,2.5211,2.5211,961.71,42089412.05,3781485.20,207627731.54,261808557.42,469436288.96,52138.40,3.62072203,0.00061633,0.01972253,0.01232658,0.98248435,0.99481093,917916944.12,22.6288
1123,3.0746,2.5215,2.5215,963.54,42096673.87,3781725.24,207666452.77,261821961.65,469488414.42,52125.46,3.61982347,0.00061609,0.01971500,0.01232188,0.98239615,0.99471803,917967069.58,22.6223
1124,3.0773,2.5218,2.5218,965.37,42103936.67,3781965.27,207705161.75,261835365.20,469540526.94,52112.52,3.61892518,0.00061586,0.01970748,0.01231717,0.98230797,0.99462514,918017182.10,22.6158
1125,3.0801,2.5221,2.5221,967.21,42111200.43,3782205.29,207743858.47,261848768.06,469592626.53,52099.59,3.61802717,0.00061562,0.01969995,0.01231247,0.98221979,0.99453226,918067281.70,22.6093
1126,3.0828,2.5225,2.5225,969.04,42118465.16,3782445.31,207782542.96,261862170.24,469644713.20,52086.66,3.61712943,0.00061539,0.01969243,0.01230777,0.98213163,0.99443940,918117368.36,22.6028
1127,3.0856,2.5228,2.5228,970.89,42125730.87,3782685.33,207821215.20,261875571.73,469696786.94,52073.74,3.61623197,0.00061515,0.01968491,0.01230307,0.98204347,0.99434654,918167442.10,22.5962
1128,3.0883,2.5232,2.5232,972.73,42132997.55,3782925.33,207859875.21,261888972.55,469748847.76,52060.82,3.61533478,0.00061492,0.01967740,0.01229838,0.98195532,0.99425370,918217502.92,22.5897
1129,3.0910,2.5235,2.5235,974.58,42140265.19,3783165.33,207898522.99,261902372.68,469800895.66,52047.91,3.61443787,0.00061468,0.01966989,0.01229368,0.98186718,0.99416086,918267550.83,22.5832
1130,3.0938,2.5238,2.5238,976.43,42147533.81,3783405.33,207937158.53,261915772.12,469852930.66,52034.99,3.61354124,0.00061445,0.01966238,0.01228899,0.98177905,0.99406804,918317585.82,22.5767
1131,3.0965,2.5242,2.5242,978.29,42154803.41,3783645.32,207975781.85,261929170.89,469904952.74,52022.09,3.61264488,0.00061421,0.01965488,0.01228430,0.98169094,0.99397523,918367607.91,22.5702
1132,3.0992,2.5245,2.5245,980.15,42162073.97,3783885.30,208014392.95,261942568.97,469956961.93,52009.18,3.61174879,0.00061398,0.01964737,0.01227961,0.98160283,0.99388244,918417617.09,22.5637
1133,3.1020,2.5248,2.5248,982.01,42169345.51,3784125.28,208052991.83,261955966.37,470008958.21,51996.28,3.61085298,0.00061375,0.01963988,0.01227492,0.98151473,0.99378965,918467613.37,22.5572
1134,3.1047,2.5252,2.5252,983.88,42176618.01,3784365.25,208091578.50,261969363.09,470060941.60,51983.39,3.60995745,0.00061351,0.01963238,0.01227024,0.98142663,0.99369687,918517596.76,22.5507
1135,3.1075,2.5255,2.5255,985.75,42183891.49,3784605.22,208130152.96,261982759.13,470112912.09,51970.50,3.60906219,0.00061328,0.01962489,0.01226556,0.98133855,0.99360411,918567567.25,22.5442
1136,3.1102,2.5259,2.5259,987.62,42191165.95,3784845.18,208168715.21,261996154.49,470164869.70,51957.61,3.60816721,0.00061304,0.01961740,0.01226087,0.98125048,0.99351136,918617524.86,22.5377
1137,3.1129,2.5262,2.5262,989.50,42198441.37,3785085.13,208207265.27,262009549.16,470216814.42,51944.72,3.60727250,0.00061281,0.01960991,0.01225620,0.98116242,0.99341861,918667469.59,22.5312
1138,3.1157,2.5265,2.5265,991.38,42205717.77,3785325.08,208245803.12,262022943.15,470268746.27,51931.84,3.60637806,0.00061258,0.01960243,0.01225152,0.98107436,0.99332588,918717401.43,22.5247
1139,3.1184,2.5269,2.5269,993.27,42212995.14,3785565.02,208284328.78,262036336.46,470320665.24,51918.97,3.60548390,0.00061234,0.01959495,0.01224684,0.98098632,0.99323316,918767320.40,22.5182
1140,3.1211,2.5272,2.5272,995.15,42220273.48,3785804.96,208322842.25,262049729.09,470372571.33,51906.10,3.60459002,0.00061211,0.01958747,0.01224217,0.98089828,0.99314045,918817226.49,22.5117
1141,3.1239,2.5275,2.5275,997.05,42227552.79,3786044.89,208361343.53,262063121.03,470424464.56,51893.23,3.60369641,0.00061188,0.01958000,0.01223750,0.98081026,0.99304776,918867119.72,22.5052
1142,3.1266,2.5279,2.5279,998.94,42234833.08,3786284.82,208399832.63,262076512.30,470476344.92,51880.36,3.60280307,0.00061164,0.01957253,0.01223283,0.98072224,0.99295507,918917000.09,22.4987
1143,3.1294,2.5282,2.5282,1000.84,42242114.35,3786524.74,208438309.55,262089902.88,470528212.43,51867.50,3.60191001,0.00061141,0.01956506,0.01222816,0.98063423,0.99286240,918966867.59,22.4922
1144,3.1321,2.5286,2.5286,1002.74,42249396.58,3786764.65,208476774.29,262103292.78,470580067.08,51854.65,3.60101722,0.00061117,0.01955760,0.01222350,0.98054623,0.99276973,919016722.24,22.4857
1145,3.1348,2.5289,2.5289,1004.65,42256679.79,3787004.56,208515226.87,262116682.01,470631908.87,51841.80,3.60012471,0.00061094,0.01955014,0.01221884,0.98045824,0.99267708,919066564.04,22.4793
1146,3.1376,2.5292,2.5292,1006.56,42263963.97,3787244.46,208553667.27,262130070.55,470683737.82,51828.95,3.59923247,0.00061071,0.01954268,0.01221418,0.98037026,0.99258444,919116392.98,22.4728
1147,3.1403,2.5296,2.5296,1008.47,42271249.13,3787484.35,208592095.52,262143458.40,470735553.92,51816.10,3.59834050,0.00061048,0.01953523,0.01220952,0.98028229,0.99249181,919166209.09,22.4663
1148,3.1431,2.5299,2.5299,1010.39,42278535.26,3787724.24,208630511.60,262156845.58,470787357.19,51803.26,3.59744881,0.00061024,0.01952778,0.01220486,0.98019433,0.99239919,919216012.35,22.4598
1149,3.1458,2.5302,2.5302,1012.31,42285822.36,3787964.13,208668915.53,262170232.08,470839147.61,51790.43,3.59655739,0.00061001,0.01952033,0.01220020,0.98010637,0.99230658,919265802.78,22.4534
1150,3.1485,2.5306,2.5306,1014.23,42293110.44,3788204.00,208707307.31,262183617.90,470890925.21,51777.59,3.59566625,0.00060978,0.01951288,0.01219555,0.98001843,0.99221398,919315580.37,22.4469
1151,3.1513,2.5309,2.5309,1016.16,42300399.49,3788443.88,208745686.94,262197003.03,470942689.97,51764.77,3.59477538,0.00060954,0.01950544,0.01219090,0.97993049,0.99212139,919365345.13,22.4404
1152,3.1540,2.5313,2.5313,1018.09,42307689.52,3788683.74,208784054.42,262210387.49,470994441.91,51751.94,3.59388478,0.00060931,0.01949800,0.01218625,0.97984256,0.99202882,919415097.08,22.4340
1153,3.1567,2.5316,2.5316,1020.03,42314980.52,3788923.60,208822409.77,262223771.27,471046181.03,51739.12,3.59299446,0.00060908,0.01949056,0.01218160,0.97975465,0.99193625,919464836.20,22.4275
1154,3.1595,2.5319,2.5319,1021.97,42322272.50,3789163.46,208860752.97,262237154.36,471097907.34,51726.30,3.59210441,0.00060885,0.01948313,0.01217696,0.97966674,0.99184369,919514562.50,22.4210
1155,3.1622,2.5323,2.5323,1023.91,42329565.45,3789403.30,208899084.05,262250536.78,471149620.83,51713.49,3.59121463,0.00060862,0.01947570,0.01217231,0.97957884,0.99175115,919564275.99,22.4146
1156,3.1650,2.5326,2.5326,1025.85,42336859.37,3789643.15,208937403.00,262263918.51,471201321.51,51700.68,3.59032512,0.00060838,0.01946828,0.01216767,0.97949094,0.99165862,919613976.67,22.4081
1157,3.1677,2.5330,2.5330,1027.80,42344154.28,3789882.98,208975709.82,262277299.57,471253009.39,51687.88,3.58943589,0.00060815,0.01946085,0.01216303,0.97940306,0.99156609,919663664.55,22.4017
1158,3.1704,2.5333,2.5333,1029.76,42351450.15,3790122.82,209014004.52,262290679.94,471304684.46,51675.08,3.58854694,0.00060792,0.01945343,0.01215840,0.97931519,0.99147358,919713339.62,22.3952
1159,3.1732,2.5336,2.5336,1031.72,42358747.00,3790362.64,209052287.10,262304059.64,471356346.74,51662.28,3.58765825,0.00060769,0.01944602,0.01215376,0.97922732,0.99138108,919763001.90,22.3888
1160,3.1759,2.5340,2.5340,1033.68,42366044.83,3790602.46,209090557.57,262317438.65,471407996.23,51649.49,3.58676984,0.00060746,0.01943860,0.01214913,0.97913946,0.99128859,919812651.39,22.3823
1161,3.1786,2.5343,2.5343,1035.64,42373343.63,3790842.27,209128815.93,262330816.99,471459632.92,51636.70,3.58588170,0.00060722,0.01943119,0.01214449,0.97905162,0.99119611,919862288.09,22.3759
1162,3.1814,2.5346,2.5346,1037.61,42380643.41,3791082.08,209167062.19,262344194.65,471511256.83,51623.91,3.58499383,0.00060699,0.01942378,0.01213986,0.97896378,0.99110364,919911912.00,22.3694
1163,3.1841,2.5350,2.5350,1039.58,42387944.16,3791321.88,209205296.34,262357571.62,471562867.96,51611.13,3.58410624,0.00060676,0.01941638,0.01213524,0.97887594,0.99101118,919961523.13,22.3630
1164,3.1869,2.5353,2.5353,1041.56,42395245.89,3791561.68,209243518.39,262370947.92,471614466.32,51598.35,3.58321892,0.00060653,0.01940898,0.01213061,0.97878812,0.99091873,920011121.48,22.3566
1165,3.1896,2.5357,2.5357,1043.54,42402548.60,3791801.47,209281728.35,262384323.54,471666051.89,51585.58,3.58233187,0.00060630,0.01940158,0.01212599,0.97870031,0.99082629,920060707.06,22.3501
1166,3.1923,2.5360,2.5360,1045.52,42409852.28,3792041.25,209319926.22,262397698.48,471717624.70,51572.81,3.58144509,0.00060607,0.01939418,0.01212136,0.97861250,0.99073387,920110279.87,22.3437
1167,3.1951,2.5363,2.5363,1047.51,42417156.94,3792281.03,209358112.01,262411072.74,471769184.75,51560.04,3.58055859,0.00060584,0.01938679,0.01211674,0.97852471,0.99064145,920159839.91,22.3372
1168,3.1978,2.5367,2.5367,1049.50,42424462.58,3792520.80,209396285.71,262424446.32,471820732.03,51547.28,3.57967236,0.00060561,0.01937940,0.01211213,0.97843692,0.99054904,920209387.19,22.3308
1169,3.2005,2.5370,2.5370,1051.50,42431769.19,3792760.57,209434447.33,262437819.23,471872266.55,51534.52,3.57878640,0.00060538,0.01937202,0.01210751,0.97834914,0.99045665,920258921.72,22.3244
1170,3.2033,2.5374,2.5374,1053.49,42439076.78,3793000.33,209472596.87,262451191.45,471923788.32,51521.77,3.57790071,0.00060514,0.01936463,0.01210290,0.97826137,0.99036426,920308443.49,22.3180
1171,3.2060,2.5377,2.5377,1055.50,42446385.34,3793240.08,209510734.35,262464563.00,471975297.34,51509.02,3.57701529,0.00060491,0.01935725,0.01209828,0.97817360,0.99027189,920357952.51,22.3115
1172,3.2088,2.5380,2.5380,1057.50,42453694.88,3793479.83,209548859.76,262477933.86,472026793.62,51496.27,3.57613015,0.00060468,0.01934988,0.01209367,0.97808585,0.99017952,920407448.78,22.3051
1173,3.2115,2.5384,2.5384,1059.51,42461005.40,3793719.57,209586973.10,262491304.05,472078277.15,51483.53,3.57524527,0.00060445,0.01934250,0.01208906,0.97799810,0.99008717,920456932.31,22.2987
1174,3.2142,2.5387,2.5387,1061.53,42468316.90,3793959.31,209625074.38,262504673.56,472129747.94,51470.79,3.57436067,0.00060422,0.01933513,0.01208446,0.97791036,0.98999482,920506403.11,22.2923
1175,3.2170,2.5391,2.5391,1063.55,42475629.38,3794199.04,209663163.61,262518042.39,472181206.00,51458.06,3.57347634,0.00060399,0.01932776,0.01207985,0.97782264,0.98990249,920555861.17,22.2859
1176,3.2197,2.5394,2.5394,1065.57,42482942.83,3794438.77,209701240.79,262531410.55,472232651.33,51445.33,3.57259228,0.00060376,0.01932040,0.01207525,0.97773491,0.98981016,920605306.49,22.2794
1177,3.2225,2.5397,2.5397,1067.59,42490257.26,3794678.49,209739305.91,262544778.02,472284083.93,51432.60,3.57170850,0.00060353,0.01931304,0.01207065,0.97764720,0.98971785,920654739.10,22.2730
1178,3.2252,2.5401,2.5401,1069.62,42497572.66,3794918.20,209777358.99,262558144.82,472335503.81,51419.88,3.57082498,0.00060330,0.01930568,0.01206605,0.97755950,0.98962555,920704158.98,22.2666
1179,3.2279,2.5404,2.5404,1071.65,42504889.05,3795157.91,209815400.04,262571510.94,472386910.98,51407.16,3.56994174,0.00060307,0.01929833,0.01206145,0.97747180,0.98953325,920753566.14,22.2602
1180,3.2307,2.5408,2.5408,1073.69,42512206.41,3795397.61,209853429.04,262584876.38,472438305.42,51394.45,3.56905877,0.00060284,0.01929097,0.01205686,0.97738411,0.98944097,920802960.58,22.2538
1181,3.2334,2.5411,2.5411,1075.73,42519524.75,3795637.31,209891446.01,262598241.15,472489687.16,51381.74,3.56817606,0.00060261,0.01928362,0.01205227,0.97729643,0.98934870,920852342.32,22.2474
1182,3.2361,2.5414,2.5414,1077.78,42526844.07,3795877.00,209929450.95,262611605.23,472541056.19,51369.03,3.56729363,0.00060238,0.01927628,0.01204767,0.97720876,0.98925643,920901711.35,22.2410
1183,3.2389,2.5418,2.5418,1079.83,42534164.37,3796116.68,209967443.87,262624968.64,472592412.51,51356.33,3.56641147,0.00060215,0.01926894,0.01204309,0.97712110,0.98916418,920951067.67,22.2346
1184,3.2416,2.5421,2.5421,1081.88,42541485.65,3796356.36,210005424.76,262638331.37,472643756.14,51343.63,3.56552958,0.00060192,0.01926160,0.01203850,0.97703344,0.98907194,921000411.30,22.2282
1185,3.2444,2.5424,2.5424,1083.94,42548807.90,3796596.04,210043393.64,262651693.43,472695087.07,51330.93,3.56464797,0.00060170,0.01925426,0.01203391,0.97694579,0.98897971,921049742.23,22.2218
1186,3.2471,2.5428,2.5428,1086.00,42556131.14,3796835.70,210081350.50,262665054.80,472746405.31,51318.24,3.56376662,0.00060147,0.01924693,0.01202933,0.97685815,0.98888748,921099060.47,22.2154
1187,3.2498,2.5431,2.5431,1088.06,42563455.35,3797075.36,210119295.35,262678415.50,472797710.86,51305.55,3.56288554,0.00060124,0.01923960,0.01202475,0.97677052,0.98879527,921148366.02,22.2090
1188,3.2526,2.5435,2.5435,1090.13,42570780.54,3797315.02,210157228.20,262691775.53,472849003.73,51292.87,3.56200473,0.00060101,0.01923227,0.01202017,0.97668290,0.98870307,921197658.89,22.2027
1189,3.2553,2.5438,2.5438,1092.20,42578106.72,3797554.67,210195149.04,262705134.87,472900283.91,51280.19,3.56112420,0.00060078,0.01922494,0.01201559,0.97659528,0.98861087,921246939.08,22.1963
1190,3.2580,2.5441,2.5441,1094.28,42585433.87,3797794.31,210233057.89,262718493.54,472951551.43,51267.51,3.56024393,0.00060055,0.01921762,0.01201101,0.97650768,0.98851869,921296206.59,22.1899
1191,3.2608,2.5445,2.5445,1096.36,42592762.00,3798033.95,210270954.73,262731851.53,473002806.27,51254.84,3.55936393,0.00060032,0.01921031,0.01200644,0.97642008,0.98842652,921345461.43,22.1835
1192,3.2635,2.5448,2.5448,1098.44,42600091.11,3798273.58,210308839.59,262745208.85,473054048.44,51242.17,3.55848421,0.00060009,0.01920299,0.01200187,0.97633249,0.98833435,921394703.60,22.1771
1193,3.2663,2.5452,2.5452,1100.53,42607421.20,3798513.21,210346712.46,262758565.49,473105277.95,51229.51,3.55760475,0.00059986,0.01919568,0.01199730,0.97624490,0.98824220,921443933.11,22.1707
1194,3.2690,2.5455,2.5455,1102.62,42614752.27,3798752.83,210384573.35,262771921.45,473156494.80,51216.85,3.55672557,0.00059964,0.01918837,0.01199273,0.97615733,0.98815006,921493149.96,22.1644
1195,3.2717,2.5459,2.5459,1104.72,42622084.32,3798992.44,210422422.25,262785276.74,473207698.99,51204.19,3.55584665,0.00059941,0.01918106,0.01198816,0.97606976,0.98805792,921542354.15,22.1580
1196,3.2745,2.5462,2.5462,1106.82,42629417.35,3799232.05,210460259.18,262798631.35,473258890.53,51191.54,3.55496800,0.00059918,0.01917376,0.01198360,0.97598220,0.98796580,921591545.69,22.1516
1197,3.2772,2.5465,2.5465,1108.92,42636751.36,3799471.66,210498084.14,262811985.28,473310069.42,51178.89,3.55408963,0.00059895,0.01916646,0.01197904,0.97589465,0.98787368,921640724.58,22.1453
1198,3.2799,2.5469,2.5469,1111.03,42644086.35,3799711.25,210535897.13,262825338.54,473361235.66,51166.25,3.55321152,0.00059872,0.01915916,0.01197448,0.97580710,0.98778158,921689890.83,22.1389
1199,3.2827,2.5472,2.5472,1113.14,42651422.32,3799950.84,210573698.15,262838691.12,473412389.27,51153.61,3.55233368,0.00059850,0.01915187,0.01196992,0.97571957,0.98768948,921739044.43,22.1325
1200,3.2854,2.5476,2.5476,1115.26,42658759.27,3800190.43,210611487.21,262852043.02,473463530.24,51140.97,3.55145612,0.00059827,0.01914458,0.01196536,0.97563204,0.98759740,921788185.40,22.1262
1201,3.2882,2.5479,2.5479,1117.38,42666097.20,3800430.01,210649264.32,262865394.25,473514658.57,51128.33,3.55057882,0.00059804,0.01913729,0.01196081,0.97554452,0.98750532,921837313.74,22.1198
1202,3.2909,2.5482,2.5482,1119.50,42673436.12,3800669.58,210687029.47,262878744.81,473565774.28,51115.71,3.54970179,0.00059781,0.01913001,0.01195626,0.97545700,0.98741326,921886429.44,22.1134
1203,3.2936,2.5486,2.5486,1121.63,42680776.01,3800909.15,210724782.67,262892094.69,473616877.36,51103.08,3.54882503,0.00059759,0.01912273,0.01195170,0.97536950,0.98732120,921935532.52,22.1071
1204,3.2964,2.5489,2.5489,1123.76,42688116.89,3801148.71,210762523.93,262905443.89,473667967.82,51090.46,3.54794854,0.00059736,0.01911545,0.01194716,0.97528200,0.98722915,921984622.98,22.1007
1205,3.2991,2.5493,2.5493,1125.90,42695458.74,3801388.27,210800253.24,262918792.42,473719045.66,51077.84,3.54707231,0.00059713,0.01910817,0.01194261,0.97519451,0.98713712,922033700.82,22.0944
1206,3.3018,2.5496,2.5496,1128.04,42702801.58,3801627.82,210837970.62,262932140.27,473770110.89,51065.23,3.54619636,0.00059690,0.01910090,0.01193806,0.97510703,0.98704509,922082766.05,22.0880
1207,3.3046,2.5499,2.5499,1130.18,42710145.40,3801867.36,210875676.06,262945487.45,473821163.50,51052.62,3.54532068,0.00059668,0.01909363,0.01193352,0.97501955,0.98695307,922131818.67,22.0817
1208,3.3073,2.5503,2.5503,1132.33,42717490.21,3802106.90,210913369.57,262958833.95,473872203.52,51040.01,3.54444526,0.00059645,0.01908637,0.01192898,0.97493208,0.98686106,922180858.68,22.0753
1209,3.3101,2.5506,2.5506,1134.48,42724835.99,3802346.44,210951051.15,262972179.77,473923230.93,51027.41,3.54357011,0.00059622,0.01907910,0.01192444,0.97484462,0.98676906,922229886.09,22.0690
1210,3.3128,2.5510,2.5510,1136.64,42732182.76,3802585.96,210988720.81,262985524.93,473974245.74,51014.81,3.54269524,0.00059600,0.01907184,0.01191990,0.97475717,0.98667707,922278900.90,22.0627
1211,3.3155,2.5513,2.5513,1138.80,42739530.50,3802825.49,211026378.55,262998869.40,474025247.95,51002.22,3.54182063,0.00059577,0.01906459,0.01191537,0.97466973,0.98658509,922327903.12,22.0563
1212,3.3183,2.5516,2.5516,1140.96,42746879.23,3803065.00,211064024.38,263012213.20,474076237.58,50989.63,3.54094628,0.00059554,0.01905733,0.01191083,0.97458229,0.98649312,922376892.74,22.0500
1213,3.3210,2.5520,2.5520,1143.13,42754228.95,3803304.51,211101658.29,263025556.33,474127214.62,50977.04,3.54007221,0.00059532,0.01905008,0.01190630,0.97449486,0.98640116,922425869.78,22.0436
1214,3.3238,2.5523,2.5523,1145.30,42761579.64,3803544.02,211139280.29,263038898.78,474178179.08,50964.46,3.53919841,0.00059509,0.01904283,0.01190177,0.97440744,0.98630921,922474834.24,22.0373
1215,3.3265,2.5527,2.5527,1147.48,42768931.32,3803783.51,211176890.39,263052240.56,474229130.96,50951.88,3.53832487,0.00059486,0.01903559,0.01189724,0.97432002,0.98621726,922523786.12,22.0310
1216,3.3292,2.5530,2.5530,1149.66,42776283.98,3804023.01,211214488.59,263065581.67,474280070.26,50939.30,3.53745160,0.00059464,0.01902835,0.01189272,0.97423261,0.98612533,922572725.42,22.0247
1217,3.3320,2.5533,2.5533,1151.85,42783637.62,3804262.49,211252074.90,263078922.10,474330996.99,50926.73,3.53657860,0.00059441,0.01902111,0.01188819,0.97414521,0.98603341,922621652.15,22.0183
1218,3.3347,2.5537,2.5537,1154.04,42790992.25,3804501.97,211289649.31,263092261.85,474381911.16,50914.16,3.53570587,0.00059418,0.01901387,0.01188367,0.97405782,0.98594149,922670566.32,22.0120
1219,3.3374,2.5540,2.5540,1156.23,42798347.86,3804741.45,211327211.83,263105600.93,474432812.76,50901.60,3.53483340,0.00059396,0.01900664,0.01187915,0.97397044,0.98584959,922719467.92,22.0057
1220,3.3402,2.5544,2.5544,1158.43,42805704.45,3804980.92,211364762.46,263118939.34,474483701.80,50889.04,3.53396121,0.00059373,0.01899941,0.01187463,0.97388306,0.98575769,922768356.96,21.9994
1221,3.3429,2.5547,2.5547,1160.63,42813062.03,3805220.38,211402301.21,263132277.07,474534578.28,50876.49,3.53308928,0.00059351,0.01899218,0.01187011,0.97379569,0.98566580,922817233.45,21.9930
1222,3.3457,2.5551,2.5551,1162.84,42820420.59,3805459.84,211439828.09,263145614.13,474585442.22,50863.93,3.53221762,0.00059328,0.01898496,0.01186560,0.97370832,0.98557392,922866097.38,21.9867
1223,3.3484,2.5554,2.5554,1165.05,42827780.13,3805699.29,211477343.09,263158950.52,474636293.60,50851.39,3.53134622,0.00059305,0.01897774,0.01186109,0.97362097,0.98548205,922914948.77,21.9804
1224,3.3511,2.5557,2.5557,1167.26,42835140.66,3805938.74,211514846.22,263172286.23,474687132.44,50838.84,3.53047510,0.00059283,0.01897052,0.01185658,0.97353362,0.98539019,922963787.61,21.9741
1225,3.3539,2.5561,2.5561,1169.48,42842502.17,3806178.18,211552337.48,263185621.27,474737958.74,50826.30,3.52960424,0.00059260,0.01896331,0.01185207,0.97344628,0.98529834,923012613.91,21.9678
1226,3.3566,2.5564,2.5564,1171.70,42849864.67,3806417.61,211589816.88,263198955.63,474788772.51,50813.76,3.52873364,0.00059238,0.01895610,0.01184756,0.97335894,0.98520650,923061427.67,21.9615
1227,3.3593,2.5568,2.5568,1173.93,42857228.15,3806657.04,211627284.42,263212289.32,474839573.74,50801.23,3.52786332,0.00059215,0.01894889,0.01184305,0.97327161,0.98511467,923110228.90,21.9552
1228,3.3621,2.5571,2.5571,1176.16,42864592.61,3806896.46,211664740.11,263225622.34,474890362.44,50788.70,3.52699326,0.00059193,0.01894168,0.01183855,0.97318429,0.98502284,923159017.61,21.9489
1229,3.3648,2.5574,2.5574,1178.40,42871958.06,3807135.88,211702183.94,263238954.68,474941138.62,50776.18,3.52612347,0.00059170,0.01893448,0.01183405,0.97309698,0.98493103,923207793.78,21.9426
1230,3.3676,2.5578,2.5578,1180.64,42879324.49,3807375.29,211739615.92,263252286.36,474991902.28,50763.66,3.52525395,0.00059148,0.01892728,0.01182955,0.97300967,0.98483922,923256557.44,21.9363
1231,3.3703,2.5581,2.5581,1182.88,42886691.91,3807614.70,211777036.06,263265617.35,475042653.42,50751.14,3.52438469,0.00059125,0.01892008,0.01182505,0.97292237,0.98474743,923305308.58,21.9300
1232,3.3730,2.5585,2.5585,1185.13,42894060.31,3807854.10,211814444.36,263278947.68,475093392.04,50738.63,3.52351570,0.00059103,0.01891289,0.01182056,0.97283508,0.98465564,923354047.21,21.9237
1233,3.3758,2.5588,2.5588,1187.38,42901429.70,3808093.49,211851840.83,263292277.33,475144118.16,50726.12,3.52264697,0.00059080,0.01890570,0.01181606,0.97274780,0.98456386,923402773.32,21.9174
1234,3.3785,2.5592,2.5592,1189.64,42908800.07,3808332.88,211889225.46,263305606.31,475194831.77,50713.61,3.52177852,0.00059058,0.01889851,0.01181157,0.97266052,0.98447209,923451486.93,21.9111
1235,3.3812,2.5595,2.5595,1191.90,42916171.43,3808572.26,211926598.26,263318934.62,475245532.88,50701.11,3.52091033,0.00059035,0.01889133,0.01180708,0.97257325,0.98438033,923500188.04,21.9048
1236,3.3840,2.5598,2.5598,1194.17,42923543.78,3808811.64,211963959.24,263332262.26,475296221.49,50688.61,3.52004240,0.00059013,0.01888415,0.01180259,0.97248599,0.98428858,923548876.65,21.8985
1237,3.3867,2.5602,2.5602,1196.44,42930917.11,3809051.01,212001308.39,263345589.22,475346897.61,50676.12,3.51917474,0.00058991,0.01887697,0.01179811,0.97239873,0.98419683,923597552.77,21.8923
1238,3.3895,2.5605,2.5605,1198.71,42938291.42,3809290.37,212038645.73,263358915.51,475397561.23,50663.63,3.51830735,0.00058968,0.01886979,0.01179362,0.97231148,0.98410510,923646216.40,21.8860
1239,3.3922,2.5609,2.5609,1200.99,42945666.72,3809529.73,212075971.25,263372241.13,475448212.37,50651.14,3.51744023,0.00058946,0.01886262,0.01178914,0.97222424,0.98401337,923694867.54,21.8797
1240,3.3949,2.5612,2.5612,1203.27,42953043.01,3809769.09,212113284.96,263385566.07,475498851.03,50638.66,3.51657337,0.00058923,0.01885545,0.01178466,0.97213700,0.98392166,923743506.19,21.8734
1241,3.3977,2.5616,2.5616,1205.56,42960420.28,3810008.43,212150586.86,263398890.34,475549477.21,50626.18,3.51570677,0.00058901,0.01884829,0.01178018,0.97204977,0.98382995,923792132.37,21.8671
1242,3.4004,2.5619,2.5619,1207.85,42967798.54,3810247.78,212187876.96,263412213.95,475600090.91,50613.70,3.51484045,0.00058879,0.01884112,0.01177570,0.97196255,0.98373825,923840746.07,21.8609
1243,3.4031,2.5622,2.5622,1210.15,42975177.78,3810487.11,212225155.26,263425536.88,475650692.14,50601.23,3.51397438,0.00058856,0.01883396,0.01177123,0.97187533,0.98364656,923889347.30,21.8546
1244,3.4059,2.5626,2.5626,1212.45,42982558.02,3810726.44,212262421.77,263438859.13,475701280.90,50588.76,3.51310859,0.00058834,0.01882681,0.01176675,0.97178812,0.98355488,923937936.07,21.8483
1245,3.4086,2.5629,2.5629,1214.75,42989939.23,3810965.77,212299676.48,263452180.72,475751857.20,50576.30,3.51224306,0.00058811,0.01881965,0.01176228,0.97170092,0.98346321,923986512.37,21.8421
1246,3.4114,2.5633,2.5633,1217.06,42997321.44,3811205.09,212336919.41,263465501.63,475802421.04,50563.84,3.51137779,0.00058789,0.01881250,0.01175781,0.97161373,0.98337154,924035076.21,21.8358
1247,3.4141,2.5636,2.5636,1219.37,43004704.63,3811444.40,212374150.55,263478821.88,475852972.43,50551.38,3.51051279,0.00058767,0.01880535,0.01175335,0.97152654,0.98327989,924083627.59,21.8295
1248,3.4168,2.5640,2.5640,1221.69,43012088.81,3811683.71,212411369.91,263492141.45,475903511.36,50538.93,3.50964806,0.00058744,0.01879821,0.01174888,0.97143936,0.98318824,924132166.52,21.8233
1249,3.4196,2.5643,2.5643,1224.01,43019473.98,3811923.01,212448577.49,263505460.35,475954037.84,50526.48,3.50878359,0.00058722,0.01879106,0.01174442,0.97135218,0.98309660,924180693.01,21.8170
1250,3.4223,2.5646,2.5646,1226.34,43026860.13,3812162.30,212485773.30,263518778.58,476004551.88,50514.04,3.50791939,0.00058700,0.01878393,0.01173995,0.97126502,0.98300497,924229207.05,21.8108
1251,3.4251,2.5650,2.5650,1228.67,43034247.27,3812401.59,212522957.34,263532096.14,476055053.48,50501.60,3.50705545,0.00058677,0.01877679,0.01173549,0.97117785,0.98291335,924277708.64,21.8045
1252,3.4278,2.5653,2.5653,1231.01,43041635.40,3812640.88,212560129.62,263545413.02,476105542.64,50489.16,3.50619178,0.00058655,0.01876966,0.01173104,0.97109070,0.98282173,924326197.81,21.7983
1253,3.4305,2.5657,2.5657,1233.35,43049024.51,3812880.16,212597290.13,263558729.24,476156019.37,50476.73,3.50532837,0.00058633,0.01876253,0.01172658,0.97100355,0.98273013,924374674.53,21.7920
1254,3.4333,2.5660,2.5660,1235.69,43056414.62,3813119.43,212634438.89,263572044.78,476206483.67,50464.30,3.50446522,0.00058611,0.01875540,0.01172212,0.97091641,0.98263853,924423138.83,21.7858
1255,3.4360,2.5664,2.5664,1238.04,43063805.71,3813358.70,212671575.89,263585359.66,476256935.54,50451.87,3.50360235,0.00058588,0.01874827,0.01171767,0.97082928,0.98254695,924471590.71,21.7795
1256,3.4387,2.5667,2.5667,1240.39,43071197.79,3813597.96,212708701.13,263598673.86,476307375.00,50439.45,3.50273973,0.00058566,0.01874115,0.01171322,0.97074215,0.98245537,924520030.16,21.7733
1257,3.4415,2.5670,2.5670,1242.75,43078590.86,3813837.21,212745814.64,263611987.39,476357802.03,50427.03,3.50187738,0.00058544,0.01873403,0.01170877,0.97065503,0.98236380,924568457.19,21.7670
1258,3.4442,2.5674,2.5674,1245.11,43085984.91,3814076.46,212782916.39,263625300.26,476408216.65,50414.62,3.50101530,0.00058522,0.01872692,0.01170432,0.97056791,0.98227224,924616871.81,21.7608
1259,3.4470,2.5677,2.5677,1247.48,43093379.96,3814315.71,212820006.41,263638612.45,476458618.86,50402.21,3.50015348,0.00058499,0.01871981,0.01169988,0.97048080,0.98218068,924665274.02,21.7546
1260,3.4497,2.5681,2.5681,1249.85,43100775.99,3814554.95,212857084.69,263651923.97,476509008.66,50389.80,3.49929192,0.00058477,0.01871270,0.01169544,0.97039370,0.98208914,924713663.83,21.7483
1261,3.4524,2.5684,2.5684,1252.23,43108173.01,3814794.18,212894151.24,263665234.82,476559386.07,50377.40,3.49843063,0.00058455,0.01870559,0.01169099,0.97030661,0.98199760,924762041.23,21.7421
1262,3.4552,2.5688,2.5688,1254.61,43115571.02,3815033.40,212931206.06,263678545.00,476609751.07,50365.00,3.49756960,0.00058433,0.01869849,0.01168655,0.97021952,0.98190607,924810406.23,21.7359
1263,3.4579,2.5691,2.5691,1256.99,43122970.02,3815272.63,212968249.16,263691854.51,476660103.68,50352.61,3.49670884,0.00058411,0.01869139,0.01168212,0.97013243,0.98181455,924858758.84,21.7296
1264,3.4606,2.5694,2.5694,1259.38,43130370.01,3815511.84,213005280.54,263705163.36,476710443.89,50340.22,3.49584834,0.00058388,0.01868429,0.01167768,0.97004536,0.98172304,924907099.05,21.7234
1265,3.4634,2.5698,2.5698,1261.78,43137770.99,3815751.05,213042300.19,263718471.53,476760771.72,50327.83,3.49498811,0.00058366,0.01867720,0.01167325,0.96995829,0.98163154,924955426.88,21.7172
1266,3.4661,2.5701,2.5701,1264.18,43145172.96,3815990.25,213079308.14,263731779.03,476811087.17,50315.45,3.49412814,0.00058344,0.01867010,0.01166881,0.96987123,0.98154004,925003742.33,21.7110
1267,3.4689,2.5705,2.5705,1266.58,43152575.91,3816229.45,213116304.37,263745085.86,476861390.23,50303.07,3.49326843,0.00058322,0.01866302,0.01166438,0.96978417,0.98144855,925052045.39,21.7047
1268,3.4716,2.5708,2.5708,1268.99,43159979.86,3816468.64,213153288.90,263758392.02,476911680.92,50290.69,3.49240899,0.00058300,0.01865593,0.01165996,0.96969712,0.98135707,925100336.08,21.6985
1269,3.4743,2.5712,2.5712,1271.40,43167384.80,3816707.83,213190261.72,263771697.52,476961959.24,50278.32,3.49154981,0.00058278,0.01864885,0.01165553,0.96961007,0.98126560,925148614.40,21.6923
1270,3.4771,2.5715,2.5715,1273.81,43174790.72,3816947.01,213227222.85,263785002.34,477012225.19,50265.95,3.49069089,0.00058256,0.01864177,0.01165110,0.96952304,0.98117414,925196880.35,21.6861
1271,3.4798,2.5718,2.5718,1276.24,43182197.64,3817186.19,213264172.28,263798306.49,477062478.77,50253.58,3.48983224,0.00058233,0.01863469,0.01164668,0.96943600,0.98108269,925245133.93,21.6799
1272,3.4825,2.5722,2.5722,1278.66,43189605.54,3817425.35,213301110.01,263811609.98,477112719.99,50241.22,3.48897385,0.00058211,0.01862762,0.01164226,0.96934898,0.98099124,925293375.16,21.6737
1273,3.4853,2.5725,2.5725,1281.09,43197014.44,3817664.52,213338036.06,263824912.80,477162948.86,50228.87,3.48811572,0.00058189,0.01862055,0.01163784,0.96926196,0.98089980,925341604.02,21.6675
1274,3.4880,2.5729,2.5729,1283.53,43204424.33,3817903.68,213374950.43,263838214.94,477213165.37,50216.51,3.48725786,0.00058167,0.01861348,0.01163342,0.96917495,0.98080837,925389820.54,21.6613
1275,3.4908,2.5732,2.5732,1285.97,43211835.20,3818142.83,213411853.12,263851516.42,477263369.54,50204.16,3.48640026,0.00058145,0.01860641,0.01162901,0.96908794,0.98071695,925438024.70,21.6551
1276,3.4935,2.5736,2.5736,1288.41,43219247.07,3818381.97,213448744.13,263864817.23,477313561.36,50191.82,3.48554292,0.00058123,0.01859935,0.01162459,0.96900094,0.98062554,925486216.52,21.6489
1277,3.4962,2.5739,2.5739,1290.86,43226659.93,3818621.11,213485623.46,263878117.37,477363740.83,50179.48,3.48468585,0.00058101,0.01859229,0.01162018,0.96891395,0.98053413,925534395.99,21.6427
1278,3.4990,2.5743,2.5743,1293.31,43234073.78,3818860.25,213522491.13,263891416.84,477413907.97,50167.14,3.48382904,0.00058079,0.01858524,0.01161577,0.96882696,0.98044273,925582563.13,21.6365
1279,3.5017,2.5746,2.5746,1295.77,43241488.62,3819099.38,213559347.13,263904715.65,477464062.77,50154.80,3.48297249,0.00058057,0.01857818,0.01161137,0.96873998,0.98035134,925630717.94,21.6303
1280,3.5044,2.5749,2.5749,1298.24,43248904.46,3819338.50,213596191.47,263918013.78,477514205.25,50142.47,3.48211621,0.00058035,0.01857113,0.01160696,0.96865300,0.98025996,925678860.41,21.6241
1281,3.5072,2.5753,2.5753,1300.70,43256321.28,3819577.62,213633024.15,263931311.25,477564335.39,50130.15,3.48126019,0.00058013,0.01856409,0.01160255,0.96856603,0.98016859,925726990.56,21.6179
1282,3.5099,2.5756,2.5756,1303.18,43263739.09,3819816.73,213669845.17,263944608.04,477614453.22,50117.82,3.48040443,0.00057991,0.01855704,0.01159815,0.96847907,0.98007722,925775108.38,21.6117
1283,3.5127,2.5760,2.5760,1305.65,43271157.90,3820055.84,213706654.55,263957904.17,477664558.72,50105.50,3.47954893,0.00057969,0.01855000,0.01159375,0.96839211,0.97998586,925823213.89,21.6055
1284,3.5154,2.5763,2.5763,1308.14,43278577.70,3820294.94,213743452.28,263971199.64,477714651.91,50093.19,3.47869369,0.00057947,0.01854296,0.01158935,0.96830516,0.97989451,925871307.07,21.5993
1285,3.5181,2.5767,2.5767,1310.62,43285998.49,3820534.03,213780238.36,263984494.43,477764732.79,50080.88,3.47783872,0.00057925,0.01853593,0.01158496,0.96821822,0.97980317,925919387.95,21.5931
1286,3.5209,2.5770,2.5770,1313.11,43293420.27,3820773.12,213817012.80,263997788.56,477814801.36,50068.57,3.47698401,0.00057903,0.01852890,0.01158056,0.96813128,0.97971184,925967456.52,21.5870
1287,3.5236,2.5774,2.5774,1315.61,43300843.05,3821012.20,213853775.61,264011082.01,477864857.62,50056.27,3.47612956,0.00057881,0.01852187,0.01157617,0.96804434,0.97962051,926015512.79,21.5808
1288,3.5264,2.5777,2.5777,1318.11,43308266.81,3821251.28,213890526.79,264024374.80,477914901.59,50043.97,3.47527538,0.00057859,0.01851484,0.01157178,0.96795742,0.97952919,926063556.75,21.5746
1289,3.5291,2.5780,2.5780,1320.62,43315691.57,3821490.35,213927266.33,264037666.93,477964933.26,50031.67,3.47442145,0.00057837,0.01850782,0.01156739,0.96787050,0.97943788,926111588.42,21.5684
1290,3.5318,2.5784,2.5784,1323.13,43323117.32,3821729.42,213963994.25,264050958.38,478014952.64,50019.38,3.47356779,0.00057815,0.01850080,0.01156300,0.96778358,0.97934658,926159607.80,21.5623
1291,3.5346,2.5787,2.5787,1325.64,43330544.07,3821968.48,214000710.55,264064249.17,478064959.72,50007.09,3.47271439,0.00057793,0.01849378,0.01155861,0.96769667,0.97925528,926207614.89,21.5561
1292,3.5373,2.5791,2.5791,1328.16,43337971.81,3822207.53,214037415.23,264077539.29,478114954.52,49994.80,3.47186125,0.00057771,0.01848676,0.01155423,0.96760977,0.97916400,926255609.69,21.5499
1293,3.5400,2.5794,2.5794,1330.69,43345400.54,3822446.58,214074108.30,264090828.74,478164937.05,49982.52,3.47100838,0.00057749,0.01847975,0.01154985,0.96752287,0.97907272,926303592.21,21.5438
1294,3.5428,2.5798,2.5798,1333.21,43352830.26,3822685.63,214110789.76,264104117.53,478214907.29,49970.24,3.47015576,0.00057727,0.01847274,0.01154546,0.96743598,0.97898145,926351562.45,21.5376
1295,3.5455,2.5801,2.5801,1335.75,43360260.98,3822924.66,214147459.61,264117405.65,478264865.26,49957.97,3.46930341,0.00057705,0.01846574,0.01154109,0.96734910,0.97889018,926399520.42,21.5314
1296,3.5483,2.5805,2.5805,1338.29,43367692.69,3823163.69,214184117.86,264130693.10,478314810.96,49945.70,3.46845132,0.00057684,0.01845873,0.01153671,0.96726222,0.97879892,926447466.12,21.5253
1297,3.5510,2.5808,2.5808,1340.83,43375125.39,3823402.72,214220764.50,264143979.89,478364744.39,49933.43,3.46759949,0.00057662,0.01845173,0.01153233,0.96717534,0.97870768,926495399.55,21.5191
1298,3.5537,2.5811,2.5811,1343.38,43382559.09,3823641.74,214257399.56,264157266.00,478414665.56,49921.17,3.46674792,0.00057640,0.01844474,0.01152796,0.96708847,0.97861643,926543320.72,21.5130
1299,3.5565,2.5815,2.5815,1345.93,43389993.78,3823880.75,214294023.02,264170551.45,478464574.47,49908.91,3.46589661,0.00057618,0.01843774,0.01152359,0.96700161,0.97852520,926591229.63,21.5068
1300,3.5592,2.5818,2.5818,1348.49,43397429.46,3824119.76,214330634.89,264183836.24,478514471.13,49896.66,3.46504556,0.00057596,0.01843075,0.01151922,0.96691476,0.97843398,926639126.29,21.5007
1301,3.5619,2.5822,2.5822,1351.06,43404866.14,3824358.77,214367235.17,264197120.36,478564355.53,49884.40,3.46419477,0.00057574,0.01842376,0.01151485,0.96682790,0.97834276,926687010.69,21.4945
1302,3.5647,2.5825,2.5825,1353.62,43412303.81,3824597.76,214403823.88,264210403.81,478614227.69,49872.16,3.46334425,0.00057552,0.01841678,0.01151049,0.96674106,0.97825155,926734882.85,21.4884
1303,3.5674,2.5829,2.5829,1356.20,43419742.48,3824836.76,214440401.01,264223686.60,478664087.60,49859.91,3.46249398,0.00057531,0.01840980,0.01150612,0.96665422,0.97816034,926782742.76,21.4822
1304,3.5702,2.5832,2.5832,1358.77,43427182.14,3825075.74,214476966.56,264236968.71,478713935.27,49847.67,3.46164398,0.00057509,0.01840282,0.01150176,0.96656739,0.97806915,926830590.44,21.4761
1305,3.5729,2.5836,2.5836,1361.36,43434622.80,3825314.72,214513520.54,264250250.17,478763770.71,49835.44,3.46079424,0.00057487,0.01839584,0.01149740,0.96648056,0.97797796,926878425.87,21.4699
1306,3.5756,2.5839,2.5839,1363.95,43442064.45,3825553.70,214550062.96,264263530.95,478813593.92,49823.20,3.45994476,0.00057465,0.01838887,0.01149304,0.96639374,0.97788678,926926249.08,21.4638
1307,3.5784,2.5843,2.5843,1366.54,43449507.09,3825792.66,214586593.82,264276811.08,478863404.89,49810.98,3.45909553,0.00057443,0.01838190,0.01148868,0.96630692,0.97779561,926974060.05,21.4577
1308,3.5811,2.5846,2.5846,1369.14,43456950.73,3826031.63,214623113.11,264290090.53,478913203.64,49798.75,3.45824657,0.00057422,0.01837493,0.01148433,0.96622011,0.97770444,927021858.81,21.4515
1309,3.5838,2.5849,2.5849,1371.74,43464395.37,3826270.58,214659620.85,264303369.32,478962990.17,49786.53,3.45739787,0.00057400,0.01836796,0.01147998,0.96613331,0.97761328,927069645.33,21.4454
1310,3.5866,2.5853,2.5853,1374.35,43471841.00,3826509.54,214696117.04,264316647.44,479012764.48,49774.31,3.45654943,0.00057378,0.01836100,0.01147563,0.96604651,0.97752213,927117419.65,21.4393
1311,3.5893,2.5856,2.5856,1376.96,43479287.63,3826748.48,214732601.68,264329924.90,479062526.58,49762.10,3.45570125,0.00057356,0.01835404,0.01147128,0.96595971,0.97743099,927165181.74,21.4331
1312,3.5921,2.5860,2.5860,1379.58,43486735.25,3826987.42,214769074.78,264343201.69,479112276.47,49749.89,3.45485333,0.00057335,0.01834709,0.01146693,0.96587292,0.97733985,927212931.63,21.4270
1313,3.5948,2.5863,2.5863,1382.20,43494183.86,3827226.36,214805536.33,264356477.82,479162014.15,49737.68,3.45400567,0.00057313,0.01834013,0.01146258,0.96578614,0.97724872,927260669.31,21.4209
1314,3.5975,2.5867,2.5867,1384.82,43501633.48,3827465.29,214841986.35,264369753.28,479211739.63,49725.48,3.45315827,0.00057291,0.01833318,0.01145824,0.96569936,0.97715760,927308394.79,21.4148
1315,3.6003,2.5870,2.5870,1387.46,43509084.09,3827704.21,214878424.83,264383028.08,479261452.91,49713.28,3.45231113,0.00057269,0.01832623,0.01145390,0.96561259,0.97706649,927356108.07,21.4087
1316,3.6030,2.5874,2.5874,1390.09,43516535.69,3827943.13,214914851.79,264396302.21,479311154.00,49701.09,3.45146425,0.00057248,0.01831929,0.01144956,0.96552583,0.97697538,927403809.16,21.4025
1317,3.6057,2.5877,2.5877,1392.74,43523988.29,3828182.04,214951267.21,264409575.68,479360842.89,49688.89,3.45061763,0.00057226,0.01831235,0.01144522,0.96543907,0.97688428,927451498.05,21.3964
1318,3.6085,2.5881,2.5881,1395.38,43531441.89,3828420.94,214987671.12,264422848.48,479410519.60,49676.71,3.44977127,0.00057204,0.01830541,0.01144088,0.96535231,0.97679319,927499174.76,21.3903
1319,3.6112,2.5884,2.5884,1398.04,43538896.48,3828659.84,215024063.51,264436120.61,479460184.12,49664.52,3.44892516,0.00057183,0.01829847,0.01143655,0.96526556,0.97670211,927546839.28,21.3842
1320,3.6140,2.5887,2.5887,1400.69,43546352.07,3828898.74,215060444.38,264449392.08,479509836.46,49652.34,3.44807932,0.00057161,0.01829154,0.01143221,0.96517882,0.97661103,927594491.62,21.3781
1321,3.6167,2.5891,2.5891,1403.36,43553808.66,3829137.63,215096813.73,264462662.89,479559476.63,49640.17,3.44723374,0.00057139,0.01828461,0.01142788,0.96509208,0.97651996,927642131.79,21.3720
1322,3.6194,2.5894,2.5894,1406.02,43561266.24,3829376.51,215133171.59,264475933.03,479609104.62,49627.99,3.44638841,0.00057118,0.01827768,0.01142355,0.96500535,0.97642890,927689759.78,21.3659
1323,3.6222,2.5898,2.5898,1408.70,43568724.82,3829615.39,215169517.93,264489202.51,479658720.44,49615.82,3.44554335,0.00057096,0.01827076,0.01141922,0.96491862,0.97633784,927737375.61,21.3598
1324,3.6249,2.5901,2.5901,1411.37,43576184.40,3829854.26,215205852.78,264502471.32,479708324.10,49603.66,3.44469854,0.00057074,0.01826384,0.01141490,0.96483190,0.97624679,927784979.27,21.3537
1325,3.6277,2.5905,2.5905,1414.06,43583644.97,3830093.13,215242176.13,264515739.47,479757915.60,49591.50,3.44385400,0.00057053,0.01825692,0.01141058,0.96474518,0.97615575,927832570.76,21.3476
1326,3.6304,2.5908,2.5908,1416.74,43591106.55,3830331.99,215278487.98,264529006.96,479807494.94,49579.34,3.44300971,0.00057031,0.01825000,0.01140625,0.96465847,0.97606472,927880150.10,21.3415
1327,3.6331,2.5912,2.5912,1419.44,43598569.12,3830570.84,215314788.35,264542273.78,479857062.13,49567.19,3.44216568,0.00057010,0.01824309,0.01140193,0.96457176,0.97597369,927927717.29,21.3354
1328,3.6359,2.5915,2.5915,1422.14,43606032.68,3830809.69,215351077.23,264555539.94,479906617.16,49555.04,3.44132191,0.00056988,0.01823618,0.01139761,0.96448506,0.97588267,927975272.32,21.3293
1329,3.6386,2.5919,2.5919,1424.84,43613497.25,3831048.53,215387354.62,264568805.43,479956160.05,49542.89,3.44047840,0.00056966,0.01822928,0.01139330,0.96439836,0.97579166,928022815.21,21.3232
1330,3.6413,2.5922,2.5922,1427.55,43620962.81,3831287.37,215423620.54,264582070.26,480005690.80,49530.75,3.43963515,0.00056945,0.01822237,0.01138898,0.96431167,0.97570065,928070345.96,21.3171
1331,3.6441,2.5926,2.5926,1430.26,43628429.37,3831526.20,215459874.98,264595334.42,480055209.40,49518.61,3.43879216,0.00056923,0.01821547,0.01138467,0.96422499,0.97560966,928117864.57,21.3110
1332,3.6468,2.5929,2.5929,1432.98,43635896.93,3831765.03,215496117.95,264608597.92,480104715.88,49506.47,3.43794942,0.00056902,0.01820857,0.01138036,0.96413831,0.97551866,928165371.04,21.3050
1333,3.6496,2.5932,2.5932,1435.70,43643365.49,3832003.85,215532349.46,264621860.76,480154210.22,49494.34,3.43710694,0.00056880,0.01820168,0.01137605,0.96405163,0.97542768,928212865.38,21.2989
1334,3.6523,2.5936,2.5936,1438.43,43650835.04,3832242.67,215568569.49,264635122.93,480203692.43,49482.21,3.43626473,0.00056859,0.01819478,0.01137174,0.96396496,0.97533670,928260347.59,21.2928
1335,3.6550,2.5939,2.5939,1441.17,43658305.60,3832481.48,215604778.07,264648384.44,480253162.52,49470.09,3.43542277,0.00056837,0.01818790,0.01136743,0.96387830,0.97524573,928307817.68,21.2867
1336,3.6578,2.5943,2.5943,1443.91,43665777.15,3832720.28,215640975.19,264661645.29,480302620.48,49457.97,3.43458106,0.00056816,0.01818101,0.01136313,0.96379164,0.97515477,928355275.65,21.2806
1337,3.6605,2.5946,2.5946,1446.65,43673249.70,3832959.08,215677160.86,264674905.48,480352066.33,49445.85,3.43373962,0.00056794,0.01817413,0.01135883,0.96370499,0.97506381,928402721.50,21.2746
1338,3.6632,2.5950,2.5950,1449.40,43680723.25,3833197.87,215713335.07,264688165.00,480401500.07,49433.74,3.43289843,0.00056773,0.01816724,0.01135453,0.96361834,0.97497286,928450155.23,21.2685
1339,3.6660,2.5953,2.5953,1452.16,43688197.80,3833436.66,215749497.84,264701423.85,480450921.70,49421.63,3.43205751,0.00056751,0.01816037,0.01135023,0.96353169,0.97488192,928497576.86,21.2624
1340,3.6687,2.5957,2.5957,1454.92,43695673.35,3833675.44,215785649.17,264714682.05,480500331.22,49409.52,3.43121684,0.00056730,0.01815349,0.01134593,0.96344505,0.97479099,928544986.38,21.2564
1341,3.6715,2.5960,2.5960,1457.68,43703149.90,3833914.21,215821789.06,264727939.58,480549728.64,49397.42,3.43037642,0.00056708,0.01814662,0.01134164,0.96335842,0.97470006,928592383.80,21.2503
1342,3.6742,2.5964,2.5964,1460.45,43710627.44,3834152.98,215857917.51,264741196.45,480599113.96,49385.32,3.42953627,0.00056687,0.01813975,0.01133734,0.96327179,0.97460914,928639769.13,21.2442
1343,3.6769,2.5967,2.5967,1463.23,43718105.99,3834391.75,215894034.54,264754452.66,480648487.19,49373.23,3.42869637,0.00056665,0.01813288,0.01133305,0.96318517,0.97451822,928687142.35,21.2382
1344,3.6797,2.5971,2.5971,1466.01,43725585.54,3834630.50,215930140.13,264767708.20,480697848.33,49361.14,3.42785673,0.00056644,0.01812602,0.01132876,0.96309855,0.97442731,928734503.49,21.2321
1345,3.6824,2.5974,2.5974,1468.80,43733066.08,3834869.26,215966234.30,264780963.08,480747197.38,49349.05,3.42701735,0.00056622,0.01811916,0.01132447,0.96301194,0.97433641,928781852.54,21.2261
1346,3.6851,2.5978,2.5978,1471.59,43740547.63,3835108.00,216002317.04,264794217.30,480796534.34,49336.97,3.42617822,0.00056601,0.01811230,0.01132019,0.96292533,0.97424552,928829189.51,21.2200
1347,3.6879,2.5981,2.5981,1474.39,43748030.18,3835346.74,216038388.37,264807470.86,480845859.23,49324.89,3.42533936,0.00056580,0.01810545,0.01131590,0.96283873,0.97415463,928876514.39,21.2140
1348,3.6906,2.5985,2.5985,1477.19,43755513.73,3835585.48,216074448.29,264820723.75,480895172.04,49312.81,3.42450075,0.00056558,0.01809859,0.01131162,0.96275213,0.97406375,928923827.21,21.2079
1349,3.6934,2.5988,2.5988,1480.00,43762998.27,3835824.21,216110496.80,264833975.98,480944472.78,49300.74,3.42366239,0.00056537,0.01809174,0.01130734,0.96266554,0.97397288,928971127.94,21.2019
1350,3.6961,2.5991,2.5991,1482.81,43770483.82,3836062.93,216146533.90,264847227.55,480993761.45,49288.67,3.42282430,0.00056515,0.01808490,0.01130306,0.96257895,0.97388201,929018416.61,21.1958
1351,3.6988,2.5995,2.5995,1485.63,43777970.37,3836301.65,216182559.59,264860478.46,481043038.06,49276.60,3.42198646,0.00056494,0.01807805,0.01129878,0.96249236,0.97379115,929065693.22,21.1898
1352,3.7016,2.5998,2.5998,1488.45,43785457.92,3836540.37,216218573.89,264873728.71,481092302.60,49264.54,3.42114888,0.00056473,0.01807121,0.01129451,0.96240579,0.97370029,929112957.76,21.1837
1353,3.7043,2.6002,2.6002,1491.28,43792946.47,3836779.07,216254576.79,264886978.29,481141555.09,49252.49,3.42031155,0.00056451,0.01806438,0.01129024,0.96231921,0.97360945,929160210.25,21.1777
1354,3.7070,2.6005,2.6005,1494.12,43800436.02,3837017.77,216290568.30,264900227.22,481190795.52,49240.43,3.41947448,0.00056430,0.01805754,0.01128596,0.96223264,0.97351861,929207450.68,21.1716
1355,3.7098,2.6009,2.6009,1496.96,43807926.57,3837256.47,216326548.42,264913475.48,481240023.90,49228.38,3.41863767,0.00056408,0.01805071,0.01128169,0.96214608,0.97342777,929254679.06,21.1656
1356,3.7125,2.6012,2.6012,1499.80,43815418.13,3837495.16,216362517.16,264926723.08,481289240.24,49216.34,3.41780111,0.00056387,0.01804388,0.01127743,0.96205952,0.97333695,929301895.40,21.1596
1357,3.7153,2.6016,2.6016,1502.65,43822910.68,3837733.85,216398474.52,264939970.01,481338444.53,49204.29,3.41696481,0.00056366,0.01803705,0.01127316,0.96197297,0.97324613,929349099.69,21.1535
1358,3.7180,2.6019,2.6019,1505.51,43830404.24,3837972.52,216434420.49,264953216.29,481387636.78,49192.25,3.41612877,0.00056344,0.01803023,0.01126889,0.96188642,0.97315531,929396291.95,21.1475
1359,3.7207,2.6023,2.6023,1508.37,43837898.80,3838211.20,216470355.10,264966461.91,481436817.00,49180.22,3.41529298,0.00056323,0.01802341,0.01126463,0.96179988,0.97306451,929443472.17,21.1415
1360,3.7235,2.6026,2.6026,1511.24,43845394.36,3838449.87,216506278.33,264979706.86,481485985.19,49168.19,3.41445745,0.00056302,0.01801659,0.01126037,0.96171334,0.97297371,929490640.35,21.1355
1361,3.7262,2.6030,2.6030,1514.11,43852890.92,3838688.53,216542190.20,264992951.16,481535141.35,49156.16,3.41362218,0.00056281,0.01800978,0.01125611,0.96162680,0.97288291,929537796.51,21.1294
1362,3.7290,2.6033,2.6033,1516.99,43860388.49,3838927.18,216578090.70,265006194.79,481584285.49,49144.14,3.41278716,0.00056259,0.01800296,0.01125185,0.96154027,0.97279212,929584940.65,21.1234
1363,3.7317,2.6037,2.6037,1519.87,43867887.06,3839165.83,216613979.84,265019437.76,481633417.60,49132.11,3.41195240,0.00056238,0.01799616,0.01124760,0.96145375,0.97270134,929632072.76,21.1174
1364,3.7344,2.6040,2.6040,1522.76,43875386.62,3839404.48,216649857.63,265032680.07,481682537.70,49120.10,3.41111789,0.00056217,0.01798935,0.01124334,0.96136723,0.97261057,929679192.86,21.1114
1365,3.7372,2.6044,2.6044,1525.66,43882887.20,3839643.12,216685724.06,265045921.72,481731645.78,49108.08,3.41028364,0.00056195,0.01798255,0.01123909,0.96128071,0.97251980,929726300.94,21.1054
1366,3.7399,2.6047,2.6047,1528.56,43890388.77,3839881.75,216721579.15,265059162.71,481780741.86,49096.07,3.40944965,0.00056174,0.01797575,0.01123484,0.96119420,0.97242904,929773397.02,21.0994
1367,3.7426,2.6051,2.6051,1531.46,43897891.35,3840120.38,216757422.89,265072403.04,481829825.93,49084.07,3.40861591,0.00056153,0.01796895,0.01123059,0.96110769,0.97233829,929820481.09,21.0933
1368,3.7454,2.6054,2.6054,1534.37,43905394.93,3840359.00,216793255.29,265085642.71,481878897.99,49072.07,3.40778243,0.00056132,0.01796215,0.01122635,0.96102119,0.97224754,929867553.16,21.0873
1369,3.7481,2.6058,2.6058,1537.29,43912899.51,3840597.62,216829076.35,265098881.72,481927958.06,49060.07,3.40694920,0.00056111,0.01795536,0.01122210,0.96093470,0.97215680,929914613.22,21.0813
1370,3.7509,2.6061,2.6061,1540.21,43920405.10,3840836.23,216864886.07,265112120.06,481977006.13,49048.07,3.40611622,0.00056089,0.01794857,0.01121786,0.96084821,0.97206606,929961661.30,21.0753
1371,3.7536,2.6065,2.6065,1543.14,43927911.69,3841074.84,216900684.47,265125357.75,482026042.22,49036.08,3.40528351,0.00056068,0.01794178,0.01121362,0.96076172,0.97197533,930008697.38,21.0693
1372,3.7563,2.6068,2.6068,1546.07,43935419.28,3841313.44,216936471.53,265138594.78,482075066.31,49024.10,3.40445105,0.00056047,0.01793500,0.01120938,0.96067524,0.97188461,930055721.48,21.0633
1373,3.7591,2.6072,2.6072,1549.01,43942927.88,3841552.03,216972247.28,265151831.15,482124078.42,49012.11,3.40361884,0.00056026,0.01792822,0.01120514,0.96058876,0.97179390,930102733.59,21.0573
1374,3.7618,2.6075,2.6075,1551.96,43950437.48,3841790.62,217008011.70,265165066.85,482173078.55,49000.13,3.40278689,0.00056005,0.01792144,0.01120090,0.96050228,0.97170319,930149733.72,21.0513
1375,3.7645,2.6078,2.6078,1554.91,43957948.09,3842029.20,217043764.81,265178301.90,482222066.71,48988.15,3.40195519,0.00055983,0.01791467,0.01119667,0.96041582,0.97161248,930196721.87,21.0453
1376,3.7673,2.6082,2.6082,1557.86,43965459.70,3842267.78,217079506.60,265191536.29,482271042.89,48976.18,3.40112375,0.00055962,0.01790789,0.01119243,0.96032935,0.97152179,930243698.05,21.0393
1377,3.7700,2.6085,2.6085,1560.82,43972972.31,3842506.35,217115237.08,265204770.02,482320007.10,48964.21,3.40029256,0.00055941,0.01790112,0.01118820,0.96024289,0.97143110,930290662.27,21.0334
1378,3.7728,2.6089,2.6089,1563.79,43980485.93,3842744.92,217150956.26,265218003.09,482368959.35,48952.25,3.39946163,0.00055920,0.01789436,0.01118397,0.96015644,0.97134041,930337614.51,21.0274
1379,3.7755,2.6092,2.6092,1566.76,43988000.55,3842983.48,217186664.14,265231235.50,482417899.64,48940.29,3.39863095,0.00055899,0.01788759,0.01117975,0.96006999,0.97124973,930384554.80,21.0214
1380,3.7782,2.6096,2.6096,1569.74,43995516.18,3843222.03,217222360.72,265244467.25,482466827.97,48928.33,3.39780053,0.00055878,0.01788083,0.01117552,0.95998354,0.97115906,930431483.13,21.0154
1381,3.7810,2.6099,2.6099,1572.72,44003032.81,3843460.58,217258046.00,265257698.34,482515744.34,48916.37,3.39697036,0.00055856,0.01787408,0.01117130,0.95989710,0.97106840,930478399.50,21.0094
1382,3.7837,2.6103,2.6103,1575.71,44010550.44,3843699.13,217293719.99,265270928.77,482564648.76,48904.42,3.39614045,0.00055835,0.01786732,0.01116707,0.95981066,0.97097774,930525303.92,21.0034
1383,3.7864,2.6106,2.6106,1578.71,44018069.08,3843937.66,217329382.69,265284158.55,482613541.24,48892.48,3.39531079,0.00055814,0.01786057,0.01116285,0.95972423,0.97088709,930572196.40,20.9975
1384,3.7892,2.6110,2.6110,1581.71,44025588.73,3844176.20,217365034.11,265297387.66,482662421.77,48880.53,3.39448138,0.00055793,0.01785382,0.01115864,0.95963780,0.97079644,930619076.93,20.9915
1385,3.7919,2.6113,2.6113,1584.72,44033109.38,3844414.72,217400674.25,265310616.11,482711290.36,48868.59,3.39365223,0.00055772,0.01784707,0.01115442,0.95955138,0.97070580,930665945.52,20.9855
1386,3.7947,2.6117,2.6117,1587.73,44040631.04,3844653.24,217436303.11,265323843.91,482760147.02,48856.66,3.39282334,0.00055751,0.01784033,0.01115020,0.95946496,0.97061516,930712802.18,20.9795
1387,3.7974,2.6120,2.6120,1590.75,44048153.70,3844891.76,217471920.69,265337071.05,482808991.74,48844.72,3.39199469,0.00055730,0.01783359,0.01114599,0.95937855,0.97052454,930759646.90,20.9736
1388,3.8001,2.6124,2.6124,1593.77,44055677.37,3845130.27,217507527.01,265350297.53,482857824.53,48832.79,3.39116630,0.00055709,0.01782685,0.01114178,0.95929214,0.97043392,930806479.70,20.9676
1389,3.8029,2.6127,2.6127,1596.80,44063202.04,3845368.77,217543122.06,265363523.35,482906645.40,48820.87,3.39033817,0.00055688,0.01782011,0.01113757,0.95920573,0.97034330,930853300.57,20.9616
1390,3.8056,2.6131,2.6131,1599.83,44070727.72,3845607.27,217578705.84,265376748.51,482955454.35,48808.95,3.38951029,0.00055667,0.01781338,0.01113336,0.95911933,0.97025269,930900109.52,20.9557
1391,3.8084,2.6134,2.6134,1602.88,44078254.41,3845845.76,217614278.37,265389973.01,483004251.38,48797.03,3.38868266,0.00055646,0.01780665,0.01112916,0.95903293,0.97016209,930946906.55,20.9497
1392,3.8111,2.6138,2.6138,1605.92,44085782.10,3846084.25,217649839.64,265403196.86,483053036.50,48785.12,3.38785529,0.00055625,0.01779992,0.01112495,0.95894654,0.97007149,930993691.66,20.9438
1393,3.8138,2.6141,2.6141,1608.97,44093310.80,3846322.73,217685389.66,265416420.05,483101809.70,48773.21,3.38702817,0.00055604,0.01779320,0.01112075,0.95886015,0.96998090,931040464.87,20.9378
1394,3.8166,2.6145,2.6145,1612.03,44100840.50,3846561.21,217720928.43,265429642.58,483150571.00,48761.30,3.38620130,0.00055583,0.01778648,0.01111655,0.95877377,0.96989031,931087226.17,20.9318
1395,3.8193,2.6148,2.6148,1615.10,44108371.21,3846799.68,217756455.95,265442864.45,483199320.40,48749.40,3.38537469,0.00055562,0.01777976,0.01111235,0.95868739,0.96979974,931133975.56,20.9259
1396,3.8220,2.6152,2.6152,1618.17,44115902.93,3847038.14,217791972.24,265456085.66,483248057.89,48737.50,3.38454833,0.00055541,0.01777304,0.01110815,0.95860101,0.96970916,931180713.06,20.9199
1397,3.8248,2.6155,2.6155,1621.24,44123435.65,3847276.60,217827477.28,265469306.22,483296783.49,48725.60,3.38372222,0.00055520,0.01776633,0.01110396,0.95851464,0.96961860,931227438.66,20.9140
1398,3.8275,2.6159,2.6159,1624.33,44130969.39,3847515.06,217862971.09,265482526.11,483345497.20,48713.71,3.38289637,0.00055499,0.01775962,0.01109976,0.95842827,0.96952804,931274152.37,20.9080
1399,3.8303,2.6162,2.6162,1627.41,44138504.12,3847753.51,217898453.67,265495745.35,483394199.02,48701.82,3.38207077,0.00055478,0.01775291,0.01109557,0.95834191,0.96943748,931320854.18,20.9021
1400,3.8330,2.6166,2.6166,1630.51,44146039.87,3847991.95,217933925.02,265508963.94,483442888.96,48689.93,3.38124542,0.00055457,0.01774621,0.01109138,0.95825555,0.96934693,931367544.12,20.8962
1401,3.8357,2.6169,2.6169,1633.61,44153576.62,3848230.38,217969385.15,265522181.86,483491567.01,48678.05,3.38042033,0.00055436,0.01773950,0.01108719,0.95816920,0.96925639,931414222.17,20.8902
1402,3.8385,2.6173,2.6173,1636.71,44161114.38,3848468.82,218004834.06,265535399.13,483540233.18,48666.17,3.37959549,0.00055415,0.01773280,0.01108300,0.95808285,0.96916585,931460888.35,20.8843
1403,3.8412,2.6176,2.6176,1639.82,44168653.15,3848707.24,218040271.75,265548615.74,483588887.48,48654.30,3.37877090,0.00055394,0.01772611,0.01107882,0.95799651,0.96907532,931507542.65,20.8783
1404,3.8439,2.6180,2.6180,1642.94,44176192.93,3848945.66,218075698.22,265561831.69,483637529.91,48642.43,3.37794656,0.00055373,0.01771942,0.01107463,0.95791016,0.96898480,931554185.08,20.8724
1405,3.8467,2.6183,2.6183,1646.06,44183733.71,3849184.08,218111113.49,265575046.99,483686160.48,48630.56,3.37712248,0.00055352,0.01771272,0.01107045,0.95782383,0.96889428,931600815.64,20.8665
1406,3.8494,2.6187,2.6187,1649.19,44191275.51,3849422.48,218146517.55,265588261.63,483734779.18,48618.70,3.37629865,0.00055331,0.01770604,0.01106627,0.95773749,0.96880377,931647434.34,20.8606
1407,3.8522,2.6190,2.6190,1652.33,44198818.31,3849660.89,218181910.41,265601475.61,483783386.02,48606.84,3.37547507,0.00055310,0.01769935,0.01106209,0.95765117,0.96871326,931694041.18,20.8546
1408,3.8549,2.6194,2.6194,1655.47,44206362.11,3849899.28,218217292.07,265614688.93,483831981.01,48594.99,3.37465174,0.00055290,0.01769267,0.01105792,0.95756484,0.96862276,931740636.17,20.8487
1409,3.8576,2.6197,2.6197,1658.61,44213906.93,3850137.68,218252662.53,265627901.60,483880564.14,48583.13,3.37382867,0.00055269,0.01768599,0.01105374,0.95747852,0.96853226,931787219.30,20.8428
1410,3.8604,2.6201,2.6201,1661.77,44221452.76,3850376.06,218288021.81,265641113.62,483929135.42,48571.28,3.37300585,0.00055248,0.01767931,0.01104957,0.95739220,0.96844177,931833790.59,20.8369
1411,3.8631,2.6204,2.6204,1664.92,44228999.59,3850614.44,218323369.89,265654324.97,483977694.86,48559.44,3.37218328,0.00055227,0.01767264,0.01104540,0.95730589,0.96835129,931880350.02,20.8309
1412,3.8658,2.6208,2.6208,1668.09,44236547.44,3850852.82,218358706.79,265667535.67,484026242.46,48547.60,3.37136096,0.00055206,0.01766597,0.01104123,0.95721958,0.96826081,931926897.62,20.8250
1413,3.8686,2.6211,2.6211,1671.26,44244096.29,3851091.19,218394032.51,265680745.71,484074778.22,48535.76,3.37053890,0.00055185,0.01765930,0.01103706,0.95713328,0.96817034,931973433.38,20.8191
1414,3.8713,2.6215,2.6215,1674.44,44251646.15,3851329.55,218429347.05,265693955.10,484123302.15,48523.93,3.36971708,0.00055164,0.01765263,0.01103290,0.95704698,0.96807988,932019957.31,20.8132
1415,3.8741,2.6218,2.6218,1677.62,44259197.02,3851567.91,218464650.41,265707163.83,484171814.24,48512.10,3.36889552,0.00055144,0.01764597,0.01102873,0.95696068,0.96798942,932066469.40,20.8073
1416,3.8768,2.6222,2.6222,1680.81,44266748.90,3851806.26,218499942.61,265720371.90,484220314.51,48500.27,3.36807421,0.00055123,0.01763931,0.01102457,0.95687439,0.96789896,932112969.67,20.8014
1417,3.8795,2.6225,2.6225,1684.00,44274301.79,3852044.61,218535223.63,265733579.32,484268802.96,48488.45,3.36725316,0.00055102,0.01763265,0.01102041,0.95678810,0.96780851,932159458.12,20.7955
1418,3.8823,2.6229,2.6229,1687.20,44281855.69,3852282.95,218570493.50,265746786.08,484317279.58,48476.63,3.36643235,0.00055081,0.01762600,0.01101625,0.95670182,0.96771807,932205934.74,20.7896
1419,3.8850,2.6232,2.6232,1690.41,44289410.60,3852521.29,218605752.20,265759992.19,484365744.39,48464.81,3.36561179,0.00055060,0.01761935,0.01101209,0.95661554,0.96762763,932252399.55,20.7837
1420,3.8877,2.6236,2.6236,1693.62,44296966.52,3852759.62,218640999.75,265773197.64,484414197.39,48453.00,3.36479149,0.00055040,0.01761270,0.01100794,0.95652927,0.96753720,932298852.55,20.7777
1421,3.8905,2.6239,2.6239,1696.84,44304523.45,3852997.94,218676236.14,265786402.43,484462638.58,48441.19,3.36397144,0.00055019,0.01760605,0.01100378,0.95644299,0.96744678,932345293.74,20.7718
1422,3.8932,2.6243,2.6243,1700.07,44312081.39,3853236.26,218711461.39,265799606.57,484511067.96,48429.38,3.36315164,0.00054998,0.01759941,0.01099963,0.95635673,0.96735636,932391723.12,20.7660
1423,3.8960,2.6246,2.6246,1703.30,44319640.34,3853474.57,218746675.49,265812810.06,484559485.54,48417.58,3.36233209,0.00054977,0.01759277,0.01099548,0.95627046,0.96726594,932438140.71,20.7601
1424,3.8987,2.6250,2.6250,1706.54,44327200.30,3853712.88,218781878.44,265826012.89,484607891.33,48405.78,3.36151279,0.00054957,0.01758613,0.01099133,0.95618420,0.96717553,932484546.49,20.7542
1425,3.9014,2.6253,2.6253,1709.78,44334761.27,3853951.18,218817070.26,265839215.06,484656285.32,48393.99,3.36069374,0.00054936,0.01757950,0.01098719,0.95609795,0.96708513,932530940.48,20.7483
1426,3.9042,2.6257,2.6257,1713.03,44342323.25,3854189.48,218852250.94,265852416.58,484704667.52,48382.20,3.35987495,0.00054915,0.01757286,0.01098304,0.95601169,0.96699473,932577322.68,20.7424
1427,3.9069,2.6260,2.6260,1716.29,44349886.24,3854427.77,218887420.49,265865617.44,484753037.93,48370.41,3.35905640,0.00054894,0.01756624,0.01097890,0.95592545,0.96690434,932623693.09,20.7365
1428,3.9097,2.6264,2.6264,1719.55,44357450.25,3854666.06,218922578.91,265878817.65,484801396.56,48358.63,3.35823811,0.00054874,0.01755961,0.01097476,0.95583920,0.96681396,932670051.72,20.7306
1429,3.9124,2.6267,2.6267,1722.82,44365015.26,3854904.34,218957726.21,265892017.20,484849743.41,48346.85,3.35742006,0.00054853,0.01755298,0.01097062,0.95575296,0.96672358,932716398.57,20.7247
1430,3.9151,2.6271,2.6271,1726.09,44372581.29,3855142.61,218992862.38,265905216.10,484898078.48,48335.07,3.35660227,0.00054832,0.01754636,0.01096648,0.95566672,0.96663320,932762733.64,20.7189
1431,3.9179,2.6274,2.6274,1729.38,44380148.32,3855380.88,219027987.44,265918414.34,484946401.78,48323.30,3.35578473,0.00054812,0.01753974,0.01096234,0.95558049,0.96654283,932809056.94,20.7130
1432,3.9206,2.6278,2.6278,1732.66,44387716.37,3855619.14,219063101.38,265931611.93,484994713.31,48311.53,3.35496743,0.00054791,0.01753313,0.01095821,0.95549426,0.96645247,932855368.47,20.7071
1433,3.9233,2.6281,2.6281,1735.96,44395285.43,3855857.40,219098204.21,265944808.86,485043013.08,48299.77,3.35415039,0.00054770,0.01752652,0.01095407,0.95540804,0.96636211,932901668.24,20.7012
1434,3.9261,2.6285,2.6285,1739.26,44402855.51,3856095.65,219133295.94,265958005.14,485091301.08,48288.00,3.35333360,0.00054750,0.01751991,0.01094994,0.95532182,0.96627176,932947956.24,20.6953
1435,3.9288,2.6288,2.6288,1742.56,44410426.59,3856333.90,219168376.56,265971200.77,485139577.32,48276.25,3.35251706,0.00054729,0.01751330,0.01094581,0.95523560,0.96618141,932994232.49,20.6895
1436,3.9316,2.6292,2.6292,1745.87,44417998.69,3856572.14,219203446.08,265984395.74,485187841.82,48264.49,3.35170077,0.00054708,0.01750669,0.01094168,0.95514939,0.96609107,933040496.98,20.6836
1437,3.9343,2.6296,2.6296,1749.19,44425571.80,3856810.38,219238504.50,265997590.05,485236094.56,48252.74,3.35088473,0.00054688,0.01750009,0.01093756,0.95506318,0.96600074,933086749.72,20.6777
1438,3.9370,2.6299,2.6299,1752.52,44433145.92,3857048.61,219273551.83,266010783.72,485284335.55,48240.99,3.35006894,0.00054667,0.01749349,0.01093343,0.95497697,0.96591040,933132990.71,20.6719
1439,3.9398,2.6303,2.6303,1755.85,44440721.05,3857286.83,219308588.07,266023976.72,485332564.80,48229.25,3.34925339,0.00054647,0.01748690,0.01092931,0.95489077,0.96582008,933179219.96,20.6660
1440,3.9425,2.6306,2.6306,1759.19,44448297.20,3857525.05,219343613.23,266037169.08,485380782.31,48217.51,3.34843810,0.00054626,0.01748030,0.01092519,0.95480457,0.96572976,933225437.47,20.6602
1441,3.9452,2.6310,2.6310,1762.53,44455874.36,3857763.26,219378627.30,266050360.78,485428988.08,48205.77,3.34762306,0.00054605,0.01747371,0.01092107,0.95471838,0.96563945,933271643.24,20.6543
1442,3.9480,2.6313,2.6313,1765.88,44463452.53,3858001.47,219413630.29,266063551.82,485477182.12,48194.04,3.34680827,0.00054585,0.01746713,0.01091695,0.95463218,0.96554914,933317837.28,20.6484
1443,3.9507,2.6317,2.6317,1769.24,44471031.71,3858239.67,219448622.21,266076742.22,485525364.43,48182.31,3.34599373,0.00054564,0.01746054,0.01091284,0.95454600,0.96545883,933364019.59,20.6426
1444,3.9535,2.6320,2.6320,1772.60,44478611.91,3858477.87,219483603.05,266089931.96,485573535.01,48170.58,3.34517944,0.00054544,0.01745396,0.01090872,0.95445981,0.96536854,933410190.17,20.6367
1445,3.9562,2.6324,2.6324,1775.97,44486193.12,3858716.06,219518572.83,266103121.04,485621693.87,48158.86,3.34436539,0.00054523,0.01744738,0.01090461,0.95437363,0.96527825,933456349.04,20.6309
1446,3.9589,2.6327,2.6327,1779.35,44493775.35,3858954.25,219553531.54,266116309.47,485669841.02,48147.14,3.34355160,0.00054503,0.01744080,0.01090050,0.95428746,0.96518796,933502496.18,20.6250
1447,3.9617,2.6331,2.6331,1782.73,44501358.59,3859192.42,219588479.19,266129497.25,485717976.44,48135.43,3.34273805,0.00054482,0.01743423,0.01089639,0.95420129,0.96509768,933548631.61,20.6192
1448,3.9644,2.6334,2.6334,1786.12,44508942.84,3859430.60,219623415.78,266142684.38,485766100.16,48123.72,3.34192476,0.00054461,0.01742765,0.01089228,0.95411512,0.96500740,933594755.32,20.6133
1449,3.9671,2.6338,2.6338,1789.51,44516528.11,3859668.77,219658341.32,266155870.85,485814212.17,48112.01,3.34111171,0.00054441,0.01742109,0.01088818,0.95402895,0.96491713,933640867.33,20.6075
1450,3.9699,2.6341,2.6341,1792.91,44524114.39,3859906.93,219693255.80,266169056.67,485862312.47,48100.30,3.34029892,0.00054420,0.01741452,0.01088408,0.95394279,0.96482686,933686967.64,20.6017
1451,3.9726,2.6345,2.6345,1796.32,44531701.68,3860145.09,219728159.24,266182241.84,485910401.08,48088.60,3.33948637,0.00054400,0.01740796,0.01087997,0.95385663,0.96473660,933733056.24,20.5958
1452,3.9754,2.6348,2.6348,1799.74,44539289.99,3860383.24,219763051.63,266195426.35,485958477.98,48076.91,3.33867407,0.00054379,0.01740140,0.01087587,0.95377048,0.96464635,933779133.15,20.5900
1453,3.9781,2.6352,2.6352,1803.16,44546879.31,3860621.39,219797932.99,266208610.21,486006543.20,48065.21,3.33786202,0.00054359,0.01739484,0.01087177,0.95368433,0.96455610,933825198.36,20.5842
1454,3.9808,2.6355,2.6355,1806.58,44554469.65,3860859.53,219832803.30,266221793.42,486054596.72,48053.52,3.33705022,0.00054338,0.01738828,0.01086768,0.95359818,0.96446586,933871251.88,20.5783
1455,3.9836,2.6359,2.6359,1810.02,44562061.00,3861097.66,219867662.58,266234975.97,486102638.56,48041.84,3.33623867,0.00054318,0.01738173,0.01086358,0.95351204,0.96437562,933917293.72,20.5725
1456,3.9863,2.6362,2.6362,1813.46,44569653.37,3861335.79,219902510.83,266248157.88,486150668.71,48030.15,3.33542736,0.00054297,0.01737518,0.01085949,0.95342590,0.96428538,933963323.87,20.5667
1457,3.9890,2.6366,2.6366,1816.91,44577246.75,3861573.92,219937348.06,266261339.13,486198687.19,48018.47,3.33461631,0.00054277,0.01736863,0.01085540,0.95333976,0.96419516,934009342.35,20.5608
1458,3.9918,2.6369,2.6369,1820.36,44584841.15,3861812.03,219972174.26,266274519.72,486246693.98,48006.80,3.33380550,0.00054257,0.01736209,0.01085131,0.95325363,0.96410493,934055349.15,20.5550
1459,3.9945,2.6373,2.6373,1823.82,44592436.56,3862050.15,220006989.44,266287699.67,486294689.11,47995.13,3.33299494,0.00054236,0.01735555,0.01084722,0.95316750,0.96401471,934101344.27,20.5492
1460,3.9973,2.6376,2.6376,1827.29,44600032.99,3862288.25,220041793.61,266300878.96,486342672.57,47983.46,3.33218463,0.00054216,0.01734901,0.01084313,0.95308137,0.96392450,934147327.73,20.5434
1461,4.0000,2.6380,2.6380,1830.76,44607630.43,3862526.36,220076586.76,266314057.60,486390644.36,47971.79,3.33137457,0.00054195,0.01734247,0.01083905,0.95299525,0.96383429,934193299.53,20.5376
1462,4.0027,2.6384,2.6384,1834.24,44615228.89,3862764.45,220111368.90,266327235.59,486438604.50,47960.13,3.33056475,0.00054175,0.01733594,0.01083496,0.95290913,0.96374409,934239259.66,20.5317
1463,4.0055,2.6387,2.6387,1837.73,44622828.37,3863002.54,220146140.04,266340412.93,486486552.97,47948.47,3.32975519,0.00054154,0.01732941,0.01083088,0.95282301,0.96365390,934285208.13,20.5259
1464,4.0082,2.6391,2.6391,1841.22,44630428.86,3863240.63,220180900.17,266353589.62,486534489.79,47936.82,3.32894587,0.00054134,0.01732288,0.01082680,0.95273690,0.96356370,934331144.95,20.5201
1465,4.0110,2.6394,2.6394,1844.72,44638030.37,3863478.71,220215649.31,266366765.65,486582414.96,47925.17,3.32813680,0.00054114,0.01731636,0.01082272,0.95265079,0.96347352,934377070.12,20.5143
1466,4.0137,2.6398,2.6398,1848.23,44645632.89,3863716.78,220250387.45,266379941.03,486630328.48,47913.52,3.32732798,0.00054093,0.01730984,0.01081865,0.95256469,0.96338334,934422983.65,20.5085
1467,4.0164,2.6401,2.6401,1851.74,44653236.43,3863954.85,220285114.60,266393115.76,486678230.36,47901.88,3.32651940,0.00054073,0.01730332,0.01081457,0.95247859,0.96329316,934468885.53,20.5027
1468,4.0192,2.6405,2.6405,1855.26,44660840.98,3864192.91,220319830.76,266406289.84,486726120.60,47890.24,3.32571108,0.00054052,0.01729680,0.01081050,0.95239249,0.96320299,934514775.77,20.4969
1469,4.0219,2.6408,2.6408,1858.79,44668446.56,3864430.97,220354535.94,266419463.27,486773999.21,47878.60,3.32490300,0.00054032,0.01729029,0.01080643,0.95230639,0.96311282,934560654.37,20.4911
1470,4.0246,2.6412,2.6412,1862.32,44676053.14,3864669.02,220389230.13,266432636.05,486821866.18,47866.97,3.32409517,0.00054012,0.01728377,0.01080236,0.95222030,0.96302266,934606521.34,20.4853
1471,4.0274,2.6415,2.6415,1865.86,44683660.75,3864907.07,220423913.35,266445808.17,486869721.52,47855.34,3.32328758,0.00053991,0.01727726,0.01079829,0.95213421,0.96293250,934652376.68,20.4795
1472,4.0301,2.6419,2.6419,1869.41,44691269.37,3865145.11,220458585.59,266458979.65,486917565.23,47843.72,3.32248024,0.00053971,0.01727076,0.01079422,0.95204813,0.96284235,934698220.40,20.4737
1473,4.0329,2.6422,2.6422,1872.96,44698879.01,3865383.15,220493246.86,266472150.47,486965397.33,47832.09,3.32167315,0.00053951,0.01726426,0.01079016,0.95196205,0.96275221,934744052.49,20.4679
1474,4.0356,2.6426,2.6426,1876.52,44706489.67,3865621.18,220527897.16,266485320.64,487013217.80,47820.47,3.32086631,0.00053930,0.01725776,0.01078610,0.95187597,0.96266207,934789872.96,20.4621
1475,4.0383,2.6429,2.6429,1880.09,44714101.34,3865859.20,220562536.50,266498490.16,487061026.66,47808.86,3.32005972,0.00053910,0.01725126,0.01078204,0.95178990,0.96257193,934835681.82,20.4563
1476,4.0411,2.6433,2.6433,1883.66,44721714.04,3866097.22,220597164.88,266511659.03,487108823.91,47797.25,3.31925337,0.00053890,0.01724476,0.01077798,0.95170382,0.96248180,934881479.07,20.4505
1477,4.0438,2.6436,2.6436,1887.24,44729327.75,3866335.23,220631782.30,266524827.25,487156609.55,47785.64,3.31844727,0.00053870,0.01723827,0.01077392,0.95161776,0.96239168,934927264.71,20.4448
1478,4.0465,2.6440,2.6440,1890.83,44736942.47,3866573.24,220666388.77,266537994.82,487204383.59,47774.04,3.31764141,0.00053849,0.01723178,0.01076986,0.95153169,0.96230155,934973038.75,20.4390
1479,4.0493,2.6444,2.6444,1894.42,44744558.22,3866811.24,220700984.28,266551161.74,487252146.02,47762.44,3.31683581,0.00053829,0.01722529,0.01076581,0.95144563,0.96221144,935018801.19,20.4332
1480,4.0520,2.6447,2.6447,1898.02,44752174.98,3867049.24,220735568.85,266564328.01,487299896.86,47750.84,3.31603044,0.00053809,0.01721881,0.01076176,0.95135957,0.96212133,935064552.02,20.4274
1481,4.0548,2.6451,2.6451,1901.63,44759792.76,3867287.23,220770142.48,266577493.62,487347636.11,47739.24,3.31522533,0.00053789,0.01721233,0.01075770,0.95127352,0.96203122,935110291.27,20.4216
1482,4.0575,2.6454,2.6454,1905.25,44767411.57,3867525.21,220804705.17,266590658.59,487395363.76,47727.65,3.31442046,0.00053768,0.01720585,0.01075366,0.95118747,0.96194112,935156018.92,20.4159
1483,4.0602,2.6458,2.6458,1908.87,44775031.38,3867763.19,220839256.92,266603822.91,487443079.83,47716.07,3.31361584,0.00053748,0.01719937,0.01074961,0.95110142,0.96185103,935201734.99,20.4101
1484,4.0630,2.6461,2.6461,1912.50,44782652.22,3868001.17,220873797.74,266616986.58,487490784.31,47704.49,3.31281147,0.00053728,0.01719290,0.01074556,0.95101537,0.96176094,935247439.48,20.4043
1485,4.0657,2.6465,2.6465,1916.13,44790274.08,3868239.14,220908327.63,266630149.59,487538477.22,47692.91,3.31200734,0.00053708,0.01718643,0.01074152,0.95092933,0.96167085,935293132.38,20.3986
1486,4.0684,2.6468,2.6468,1919.77,44797896.95,3868477.10,220942846.59,266643311.96,487586158.55,47681.33,3.31120346,0.00053687,0.01717996,0.01073747,0.95084329,0.96158077,935338813.71,20.3928
1487,4.0712,2.6472,2.6472,1923.42,44805520.85,3868715.06,220977354.63,266656473.68,487633828.31,47669.76,3.31039982,0.00053667,0.01717349,0.01073343,0.95075726,0.96149069,935384483.47,20.3870
1488,4.0739,2.6475,2.6475,1927.08,44813145.76,3868953.01,221011851.75,266669634.75,487681486.50,47658.19,3.30959643,0.00053647,0.01716703,0.01072939,0.95067123,0.96140062,935430141.66,20.3813
1489,4.0767,2.6479,2.6479,1930.74,44820771.69,3869190.96,221046337.95,266682795.16,487729133.12,47646.62,3.30879329,0.00053627,0.01716057,0.01072536,0.95058520,0.96131055,935475788.28,20.3755
1490,4.0794,2.6482,2.6482,1934.41,44828398.64,3869428.90,221080813.25,266695954.93,487776768.18,47635.06,3.30799039,0.00053607,0.01715411,0.01072132,0.95049917,0.96122049,935521423.34,20.3697
1491,4.0821,2.6486,2.6486,1938.09,44836026.61,3869666.83,221115277.63,266709114.05,487824391.68,47623.50,3.30718774,0.00053586,0.01714766,0.01071729,0.95041315,0.96113044,935567046.85,20.3640
1492,4.0849,2.6490,2.6490,1941.77,44843655.61,3869904.77,221149731.11,266722272.52,487872003.63,47611.95,3.30638533,0.00053566,0.01714121,0.01071325,0.95032713,0.96104039,935612658.80,20.3582
1493,4.0876,2.6493,2.6493,1945.46,44851285.62,3870142.69,221184173.69,266735430.34,487919604.03,47600.40,3.30558317,0.00053546,0.01713476,0.01070922,0.95024111,0.96095034,935658259.19,20.3525
1494,4.0903,2.6497,2.6497,1949.16,44858916.65,3870380.61,221218605.37,266748587.51,487967192.88,47588.85,3.30478126,0.00053526,0.01712831,0.01070520,0.95015510,0.96086030,935703848.04,20.3467
1495,4.0931,2.6500,2.6500,1952.87,44866548.70,3870618.52,221253026.15,266761744.04,488014770.19,47577.31,3.30397959,0.00053506,0.01712187,0.01070117,0.95006909,0.96077026,935749425.35,20.3410
1496,4.0958,2.6504,2.6504,1956.58,44874181.77,3870856.43,221287436.04,266774899.91,488062335.95,47565.77,3.30317816,0.00053486,0.01711543,0.01069714,0.94998308,0.96068023,935794991.11,20.3352
1497,4.0986,2.6507,2.6507,1960.30,44881815.86,3871094.33,221321835.05,266788055.13,488109890.18,47554.23,3.30237699,0.00053466,0.01710899,0.01069312,0.94989708,0.96059020,935840545.34,20.3295
1498,4.1013,2.6511,2.6511,1964.02,44889450.97,3871332.23,221356223.17,266801209.71,488157432.88,47542.70,3.30157605,0.00053445,0.01710255,0.01068910,0.94981108,0.96050018,935886088.04,20.3237
1499,4.1040,2.6514,2.6514,1967.76,44897087.11,3871570.12,221390600.40,266814363.64,488204964.04,47531.17,3.30077537,0.00053425,0.01709612,0.01068507,0.94972508,0.96041016,935931619.20,20.3180
1500,4.1068,2.6518,2.6518,1971.50,44904724.26,3871808.01,221424966.77,266827516.91,488252483.68,47519.64,3.29997492,0.00053405,0.01708969,0.01068106,0.94963909,0.96032014,935977138.84,20.3123
1501,4.1095,2.6521,2.6521,1975.25,44912362.44,3872045.89,221459322.25,266840669.54,488299991.80,47508.12,3.29917473,0.00053385,0.01708326,0.01067704,0.94955310,0.96023014,936022646.96,20.3065
1502,4.1123,2.6525,2.6525,1979.00,44920001.63,3872283.76,221493666.87,266853821.52,488347488.39,47496.60,3.29837477,0.00053365,0.01707684,0.01067302,0.94946711,0.96014013,936068143.56,20.3008
1503,4.1150,2.6529,2.6529,1982.76,44927641.85,3872521.63,221528000.62,266866972.86,488394973.47,47485.08,3.29757507,0.00053345,0.01707041,0.01066901,0.94938112,0.96005013,936113628.64,20.2951
1504,4.1177,2.6532,2.6532,1986.53,44935283.09,3872759.50,221562323.50,266880123.54,488442447.04,47473.57,3.29677561,0.00053325,0.01706399,0.01066500,0.94929514,0.95996014,936159102.21,20.2893
1505,4.1205,2.6536,2.6536,1990.31,44942925.35,3872997.36,221596635.52,266893273.58,488489909.10,47462.06,3.29597639,0.00053305,0.01705758,0.01066099,0.94920916,0.95987015,936204564.27,20.2836
1506,4.1232,2.6539,2.6539,1994.09,44950568.63,3873235.21,221630936.69,266906422.97,488537359.66,47450.55,3.29517742,0.00053285,0.01705116,0.01065698,0.94912319,0.95978016,936250014.82,20.2779
1507,4.1259,2.6543,2.6543,1997.88,44958212.93,3873473.06,221665227.01,266919571.71,488584798.71,47439.05,3.29437869,0.00053265,0.01704475,0.01065297,0.94903721,0.95969018,936295453.87,20.2722
1508,4.1287,2.6546,2.6546,2001.68,44965858.26,3873710.90,221699506.47,266932719.80,488632226.27,47427.55,3.29358020,0.00053245,0.01703834,0.01064896,0.94895124,0.95960021,936340881.43,20.2664
1509,4.1314,2.6550,2.6550,2005.48,44973504.60,3873948.74,221733775.08,266945867.24,488679642.33,47416.06,3.29278196,0.00053225,0.01703194,0.01064496,0.94886528,0.95951024,936386297.49,20.2607
1510,4.1342,2.6553,2.6553,2009.30,44981151.97,3874186.57,221768032.86,266959014.04,488727046.89,47404.57,3.29198397,0.00053205,0.01702553,0.01064096,0.94877931,0.95942027,936431702.06,20.2550
1511,4.1369,2.6557,2.6557,2013.11,44988800.36,3874424.39,221802279.79,266972160.19,488774439.98,47393.08,3.29118622,0.00053185,0.01701913,0.01063696,0.94869335,0.95933031,936477095.14,20.2493
1512,4.1396,2.6560,2.6560,2016.94,44996449.78,3874662.21,221836515.89,266985305.69,488821821.57,47381.60,3.29038871,0.00053165,0.01701273,0.01063296,0.94860739,0.95924035,936522476.74,20.2436
1513,4.1424,2.6564,2.6564,2020.78,45004100.21,3874900.03,221870741.15,266998450.54,488869191.69,47370.12,3.28959145,0.00053145,0.01700634,0.01062896,0.94852144,0.95915040,936567846.85,20.2378
1514,4.1451,2.6568,2.6568,2024.62,45011751.67,3875137.84,221904955.58,267011594.75,488916550.33,47358.64,3.28879443,0.00053125,0.01699995,0.01062497,0.94843549,0.95906045,936613205.49,20.2321
1515,4.1478,2.6571,2.6571,2028.46,45019404.16,3875375.64,221939159.19,267024738.30,488963897.50,47347.17,3.28799766,0.00053105,0.01699355,0.01062097,0.94834954,0.95897051,936658552.66,20.2264
1516,4.1506,2.6575,2.6575,2032.32,45027057.66,3875613.44,221973351.98,267037881.22,489011233.19,47335.70,3.28720113,0.00053085,0.01698717,0.01061698,0.94826359,0.95888057,936703888.36,20.2207
1517,4.1533,2.6578,2.6578,2036.18,45034712.19,3875851.23,222007533.94,267051023.48,489058557.42,47324.23,3.28640485,0.00053065,0.01698078,0.01061299,0.94817765,0.95879064,936749212.59,20.2150
1518,4.1561,2.6582,2.6582,2040.05,45042367.74,3876089.02,222041705.09,267064165.10,489105870.19,47312.77,3.28560880,0.00053045,0.01697440,0.01060900,0.94809171,0.95870071,936794525.35,20.2093
1519,4.1588,2.6585,2.6585,2043.93,45050024.32,3876326.80,222075865.43,267077306.07,489153171.50,47301.31,3.28481301,0.00053025,0.01696802,0.01060501,0.94800577,0.95861078,936839826.66,20.2036
1520,4.1615,2.6589,2.6589,2047.82,45057681.91,3876564.57,222110014.96,267090446.39,489200461.35,47289.85,3.28401745,0.00053005,0.01696164,0.01060103,0.94791984,0.95852086,936885116.51,20.1979
1521,4.1643,2.6592,2.6592,2051.71,45065340.54,3876802.34,222144153.68,267103586.07,489247739.75,47278.40,3.28322214,0.00052985,0.01695527,0.01059704,0.94783390,0.95843095,936930394.91,20.1922
1522,4.1670,2.6596,2.6596,2055.61,45073000.18,3877040.11,222178281.60,267116725.10,489295006.70,47266.95,3.28242707,0.00052965,0.01694890,0.01059306,0.94774797,0.95834104,936975661.86,20.1865
1523,4.1697,2.6600,2.6600,2059.52,45080660.85,3877277.87,222212398.72,267129863.48,489342262.20,47255.50,3.28163225,0.00052945,0.01694253,0.01058908,0.94766205,0.95825113,937020917.36,20.1808
1524,4.1725,2.6603,2.6603,2063.43,45088322.55,3877515.62,222246505.05,267143001.21,489389506.26,47244.06,3.28083767,0.00052926,0.01693616,0.01058510,0.94757613,0.95816123,937066161.43,20.1751
1525,4.1752,2.6607,2.6607,2067.35,45095985.26,3877753.37,222280600.58,267156138.30,489436738.89,47232.62,3.28004333,0.00052906,0.01692980,0.01058112,0.94749020,0.95807133,937111394.05,20.1695
1526,4.1780,2.6610,2.6610,2071.28,45103649.01,3877991.12,222314685.33,267169274.75,489483960.08,47221.19,3.27924924,0.00052886,0.01692344,0.01057715,0.94740429,0.95798144,937156615.24,20.1638
1527,4.1807,2.6614,2.6614,2075.22,45111313.77,3878228.85,222348759.29,267182410.55,489531169.83,47209.76,3.27845539,0.00052866,0.01691708,0.01057317,0.94731837,0.95789155,937201825.00,20.1581
1528,4.1834,2.6617,2.6617,2079.17,45118979.57,3878466.59,222382822.47,267195545.70,489578368.16,47198.33,3.27766178,0.00052846,0.01691072,0.01056920,0.94723246,0.95780166,937247023.33,20.1524
1529,4.1862,2.6621,2.6621,2083.12,45126646.38,3878704.31,222416874.87,267208680.20,489625555.07,47186.91,3.27686841,0.00052826,0.01690437,0.01056523,0.94714655,0.95771178,937292210.23,20.1467
1530,4.1889,2.6624,2.6624,2087.08,45134314.22,3878942.03,222450916.49,267221814.06,489672730.55,47175.48,3.27607529,0.00052806,0.01689802,0.01056126,0.94706065,0.95762191,937337385.72,20.1410
1531,4.1916,2.6628,2.6628,2091.04,45141983.09,3879179.75,222484947.35,267234947.27,489719894.62,47164.07,3.27528241,0.00052786,0.01689167,0.01055730,0.94697474,0.95753204,937382549.78,20.1354
1532,4.1944,2.6632,2.6632,2095.02,45149652.98,3879417.46,222518967.43,267248079.84,489767047.27,47152.65,3.27448978,0.00052767,0.01688533,0.01055333,0.94688884,0.95744217,937427702.44,20.1297
1533,4.1971,2.6635,2.6635,2099.00,45157323.90,3879655.16,222552976.75,267261211.76,489814188.52,47141.24,3.27369738,0.00052747,0.01687898,0.01054937,0.94680294,0.95735231,937472843.68,20.1240
1534,4.1999,2.6639,2.6639,2102.99,45164995.84,3879892.86,222586975.31,267274343.04,489861318.35,47129.84,3.27290523,0.00052727,0.01687264,0.01054540,0.94671705,0.95726245,937517973.51,20.1184
1535,4.2026,2.6642,2.6642,2106.99,45172668.81,3880130.56,222620963.12,267287473.67,489908436.78,47118.43,3.27211332,0.00052707,0.01686631,0.01054144,0.94663116,0.95717260,937563091.94,20.1127
1536,4.2053,2.6646,2.6646,2110.99,45180342.80,3880368.24,222654940.16,267300603.65,489955543.81,47107.03,3.27132165,0.00052687,0.01685997,0.01053748,0.94654527,0.95708275,937608198.98,20.1070
1537,4.2081,2.6649,2.6649,2115.01,45188017.82,3880605.93,222688906.46,267313732.99,490002639.45,47095.64,3.27053023,0.00052668,0.01685364,0.01053353,0.94645938,0.95699290,937653294.61,20.1014
1538,4.2108,2.6653,2.6653,2119.03,45195693.87,3880843.61,222722862.01,267326861.68,490049723.69,47084.24,3.26973905,0.00052648,0.01684731,0.01052957,0.94637349,0.95690306,937698378.85,20.0957
1539,4.2136,2.6656,2.6656,2123.05,45203370.94,3881081.28,222756806.81,267339989.73,490096796.54,47072.85,3.26894811,0.00052628,0.01684099,0.01052562,0.94628761,0.95681323,937743451.71,20.0900
1540,4.2163,2.6660,2.6660,2127.09,45211049.04,3881318.94,222790740.88,267353117.13,490143858.01,47061.47,3.26815741,0.00052608,0.01683466,0.01052166,0.94620173,0.95672340,937788513.17,20.0844
1541,4.2190,2.6664,2.6664,2131.13,45218728.16,3881556.60,222824664.20,267366243.89,490190908.10,47050.08,3.26736696,0.00052589,0.01682834,0.01051771,0.94611586,0.95663357,937833563.26,20.0787
1542,4.2218,2.6667,2.6667,2135.18,45226408.31,3881794.26,222858576.80,267379370.00,490237946.80,47038.71,3.26657674,0.00052569,0.01682202,0.01051376,0.94602998,0.95654375,937878601.96,20.0731
1543,4.2245,2.6671,2.6671,2139.24,45234089.49,3882031.91,222892478.66,267392495.47,490284974.13,47027.33,3.26578677,0.00052549,0.01681571,0.01050982,0.94594411,0.95645393,937923629.29,20.0674
1544,4.2272,2.6674,2.6674,2143.31,45241771.69,3882269.55,222926369.79,267405620.30,490331990.09,47015.96,3.26499704,0.00052529,0.01680939,0.01050587,0.94585825,0.95636412,937968645.25,20.0618
1545,4.2300,2.6678,2.6678,2147.38,45249454.93,3882507.19,222960250.20,267418744.47,490378994.68,47004.59,3.26420755,0.00052510,0.01680308,0.01050193,0.94577238,0.95627431,938013649.84,20.0561
1546,4.2327,2.6681,2.6681,2151.47,45257139.18,3882744.83,222994119.89,267431868.01,490425987.90,46993.22,3.26341831,0.00052490,0.01679677,0.01049798,0.94568652,0.95618450,938058643.06,20.0505
1547,4.2355,2.6685,2.6685,2155.56,45264824.47,3882982.46,223027978.86,267444990.90,490472969.76,46981.86,3.26262930,0.00052470,0.01679047,0.01049404,0.94560066,0.95609470,938103624.92,20.0448
1548,4.2382,2.6689,2.6689,2159.65,45272510.78,3883220.08,223061827.12,267458113.14,490519940.27,46970.50,3.26184054,0.00052451,0.01678416,0.01049010,0.94551480,0.95600490,938148595.43,20.0392
1549,4.2409,2.6692,2.6692,2163.76,45280198.12,3883457.69,223095664.67,267471234.74,490566899.41,46959.15,3.26105202,0.00052431,0.01677786,0.01048616,0.94542894,0.95591511,938193554.58,20.0335
1550,4.2437,2.6696,2.6696,2167.87,45287886.49,3883695.31,223129491.51,267484355.70,490613847.21,46947.80,3.26026374,0.00052411,0.01677157,0.01048223,0.94534309,0.95582532,938238502.38,20.0279
1551,4.2464,2.6699,2.6699,2171.99,45295575.89,3883932.91,223163307.65,267497476.01,490660783.66,46936.45,3.25947570,0.00052391,0.01676527,0.01047829,0.94525724,0.95573554,938283438.83,20.0223
1552,4.2491,2.6703,2.6703,2176.12,45303266.31,3884170.51,223197113.09,267510595.68,490707708.77,46925.11,3.25868790,0.00052372,0.01675898,0.01047436,0.94517139,0.95564576,938328363.93,20.0166
1553,4.2519,2.6706,2.6706,2180.26,45310957.76,3884408.11,223230907.83,267523714.70,490754622.53,46913.76,3.25790035,0.00052352,0.01675269,0.01047043,0.94508555,0.95555598,938373277.70,20.0110
1554,4.2546,2.6710,2.6710,2184.40,45318650.24,3884645.70,223264691.88,267536833.08,490801524.96,46902.43,3.25711303,0.00052333,0.01674640,0.01046650,0.94499971,0.95546621,938418180.12,20.0054
1555,4.2574,2.6714,2.6714,2188.55,45326343.75,3884883.28,223298465.24,267549950.82,490848416.05,46891.09,3.25632596,0.00052313,0.01674012,0.01046257,0.94491387,0.95537644,938463071.22,19.9997
1556,4.2601,2.6717,2.6717,2192.71,45334038.29,3885120.86,223332227.91,267563067.91,490895295.82,46879.76,3.25553912,0.00052293,0.01673384,0.01045865,0.94482803,0.95528668,938507950.98,19.9941
1557,4.2628,2.6721,2.6721,2196.88,45341733.86,3885358.44,223365979.90,267576184.36,490942164.25,46868.44,3.25475253,0.00052274,0.01672756,0.01045472,0.94474220,0.95519692,938552819.42,19.9885
1558,4.2656,2.6724,2.6724,2201.06,45349430.45,3885596.00,223399721.20,267589300.16,490989021.37,46857.11,3.25396618,0.00052254,0.01672128,0.01045080,0.94465637,0.95510717,938597676.53,19.9829
1559,4.2683,2.6728,2.6728,2205.24,45357128.07,3885833.57,223433451.84,267602415.32,491035867.16,46845.79,3.25318007,0.00052234,0.01671501,0.01044688,0.94457054,0.95501742,938642522.32,19.9772
1560,4.2710,2.6731,2.6731,2209.43,45364826.73,3886071.12,223467171.79,267615529.84,491082701.64,46834.48,3.25239420,0.00052215,0.01670873,0.01044296,0.94448471,0.95492767,938687356.80,19.9716
1561,4.2738,2.6735,2.6735,2213.63,45372526.41,3886308.68,223500881.08,267628643.72,491129524.80,46823.16,3.25160857,0.00052195,0.01670246,0.01043904,0.94439889,0.95483793,938732179.96,19.9660
1562,4.2765,2.6739,2.6739,2217.84,45380227.12,3886546.22,223534579.71,267641756.95,491176336.65,46811.85,3.25082318,0.00052176,0.01669620,0.01043512,0.94431306,0.95474819,938776991.82,19.9604
1563,4.2793,2.6742,2.6742,2222.06,45387928.86,3886783.76,223568267.66,267654869.54,491223137.20,46800.55,3.25003803,0.00052156,0.01668993,0.01043121,0.94422725,0.95465845,938821792.36,19.9548
1564,4.2820,2.6746,2.6746,2226.28,45395631.63,3887021.30,223601944.96,267667981.48,491269926.45,46789.24,3.24925312,0.00052136,0.01668367,0.01042730,0.94414143,0.95456872,938866581.61,19.9492
1565,4.2847,2.6749,2.6749,2230.51,45403335.43,3887258.83,223635611.61,267681092.78,491316704.39,46777.95,3.24846845,0.00052117,0.01667742,0.01042338,0.94405561,0.95447900,938911359.55,19.9436
1566,4.2875,2.6753,2.6753,2234.75,45411040.26,3887496.35,223669267.60,267694203.44,491363471.04,46766.65,3.24768402,0.00052097,0.01667116,0.01041947,0.94396980,0.95438928,938956126.20,19.9380
1567,4.2902,2.6756,2.6756,2239.00,45418746.12,3887733.87,223702912.94,267707313.46,491410226.40,46755.36,3.24689983,0.00052078,0.01666491,0.01041557,0.94388399,0.95429956,939000881.56,19.9323
1568,4.2930,2.6760,2.6760,2243.26,45426453.00,3887971.38,223736547.64,267720422.83,491456970.47,46744.07,3.24611588,0.00052058,0.01665866,0.01041166,0.94379819,0.95420985,939045625.63,19.9267
1569,4.2957,2.6764,2.6764,2247.52,45434160.92,3888208.89,223770171.69,267733531.56,491503703.25,46732.78,3.24533217,0.00052039,0.01665241,0.01040775,0.94371238,0.95412014,939090358.41,19.9211
1570,4.2984,2.6767,2.6767,2251.79,45441869.87,3888446.40,223803785.10,267746639.65,491550424.75,46721.50,3.24454871,0.00052019,0.01664616,0.01040385,0.94362658,0.95403043,939135079.92,19.9155
1571,4.3012,2.6771,2.6771,2256.07,45449579.86,3888683.89,223837387.88,267759747.10,491597134.98,46710.22,3.24376548,0.00052000,0.01663992,0.01039995,0.94354078,0.95394073,939179790.14,19.9099
1572,4.3039,2.6774,2.6774,2260.36,45457290.87,3888921.38,223870980.02,267772853.90,491643833.92,46698.95,3.24298249,0.00051980,0.01663368,0.01039605,0.94345498,0.95385103,939224489.09,19.9044
1573,4.3066,2.6778,2.6778,2264.66,45465002.91,3889158.87,223904561.54,267785960.06,491690521.60,46687.68,3.24219974,0.00051961,0.01662744,0.01039215,0.94336919,0.95376134,939269176.76,19.8988
1574,4.3094,2.6782,2.6782,2268.96,45472715.98,3889396.35,223938132.43,267799065.58,491737198.01,46676.41,3.24141723,0.00051941,0.01662121,0.01038825,0.94328340,0.95367165,939313853.17,19.8932
1575,4.3121,2.6785,2.6785,2273.27,45480430.09,3889633.83,223971692.69,267812170.46,491783863.15,46665.14,3.24063496,0.00051922,0.01661497,0.01038436,0.94319761,0.95358197,939358518.31,19.8876
1576,4.3149,2.6789,2.6789,2277.60,45488145.22,3889871.30,224005242.34,267825274.69,491830517.03,46653.88,3.23985293,0.00051902,0.01660874,0.01038047,0.94311182,0.95349229,939403172.20,19.8820
1577,4.3176,2.6792,2.6792,2281.92,45495861.39,3890108.76,224038781.37,267838378.28,491877159.66,46642.62,3.23907114,0.00051883,0.01660252,0.01037657,0.94302604,0.95340261,939447814.82,19.8764
1578,4.3203,2.6796,2.6796,2286.26,45503578.59,3890346.22,224072309.79,267851481.24,491923791.03,46631.37,3.23828958,0.00051863,0.01659629,0.01037268,0.94294025,0.95331294,939492446.19,19.8708
1579,4.3231,2.6799,2.6799,2290.61,45511296.82,3890583.67,224105827.60,267864583.54,491970411.15,46620.12,3.23750827,0.00051844,0.01659007,0.01036879,0.94285447,0.95322327,939537066.31,19.8652
1580,4.3258,2.6803,2.6803,2294.96,45519016.08,3890821.12,224139334.81,267877685.21,492017020.02,46608.87,3.23672720,0.00051825,0.01658385,0.01036491,0.94276869,0.95313360,939581675.18,19.8597
1581,4.3285,2.6807,2.6807,2299.32,45526736.37,3891058.57,224172831.41,267890786.24,492063617.65,46597.63,3.23594636,0.00051805,0.01657763,0.01036102,0.94268292,0.95304394,939626272.81,19.8541
1582,4.3313,2.6810,2.6810,2303.70,45534457.70,3891296.00,224206317.41,267903886.62,492110204.03,46586.39,3.23516576,0.00051786,0.01657142,0.01035714,0.94259715,0.95295428,939670859.20,19.8485
1583,4.3340,2.6814,2.6814,2308.07,45542180.05,3891533.43,224239792.82,267916986.36,492156779.18,46575.15,3.23438541,0.00051766,0.01656521,0.01035326,0.94251138,0.95286463,939715434.35,19.8429
1584,4.3368,2.6817,2.6817,2312.46,45549903.45,3891770.86,224273257.63,267930085.47,492203343.10,46563.92,3.23360529,0.00051747,0.01655900,0.01034937,0.94242561,0.95277498,939759998.26,19.8374
1585,4.3395,2.6821,2.6821,2316.86,45557627.87,3892008.28,224306711.86,267943183.93,492249895.78,46552.69,3.23282541,0.00051727,0.01655279,0.01034550,0.94233984,0.95268534,939804550.95,19.8318
1586,4.3422,2.6824,2.6824,2321.26,45565353.32,3892245.70,224340155.50,267956281.74,492296437.24,46541.46,3.23204577,0.00051708,0.01654659,0.01034162,0.94225408,0.95259570,939849092.41,19.8262
1587,4.3450,2.6828,2.6828,2325.67,45573079.81,3892483.11,224373588.56,267969378.92,492342967.48,46530.24,3.23126636,0.00051689,0.01654039,0.01033774,0.94216832,0.95250606,939893622.64,19.8207
1588,4.3477,2.6832,2.6832,2330.09,45580807.33,3892720.51,224407011.04,267982475.46,492389486.50,46519.02,3.23048720,0.00051669,0.01653419,0.01033387,0.94208256,0.95241642,939938141.66,19.8151
1589,4.3504,2.6835,2.6835,2334.52,45588535.89,3892957.91,224440422.94,267995571.35,492435994.29,46507.80,3.22970827,0.00051650,0.01652799,0.01033000,0.94199680,0.95232679,939982649.46,19.8095
1590,4.3532,2.6839,2.6839,2338.96,45596265.47,3893195.31,224473824.27,268008666.61,492482490.88,46496.59,3.22892959,0.00051631,0.01652180,0.01032612,0.94191104,0.95223717,940027146.04,19.8040
1591,4.3559,2.6842,2.6842,2343.41,45603996.09,3893432.70,224507215.03,268021761.22,492528976.26,46485.38,3.22815114,0.00051611,0.01651561,0.01032226,0.94182529,0.95214755,940071631.42,19.7984
1592,4.3587,2.6846,2.6846,2347.86,45611727.75,3893670.08,224540595.23,268034855.20,492575450.43,46474.17,3.22737293,0.00051592,0.01650942,0.01031839,0.94173954,0.95205793,940116105.59,19.7929
1593,4.3614,2.6850,2.6850,2352.32,45619460.43,3893907.46,224573964.86,268047948.53,492621913.39,46462.97,3.22659496,0.00051573,0.01650323,0.01031452,0.94165379,0.95196832,940160568.56,19.7873
1594,4.3641,2.6853,2.6853,2356.80,45627194.16,3894144.83,224607323.94,268061041.22,492668365.16,46451.77,3.22581722,0.00051553,0.01649705,0.01031066,0.94156805,0.95187871,940205020.33,19.7818
1595,4.3669,2.6857,2.6857,2361.28,45634928.91,3894382.20,224640672.46,268074133.27,492714805.73,46440.57,3.22503972,0.00051534,0.01649087,0.01030679,0.94148231,0.95178910,940249460.90,19.7762
1596,4.3696,2.6860,2.6860,2365.76,45642664.70,3894619.56,224674010.43,268087224.69,492761235.11,46429.38,3.22426247,0.00051515,0.01648469,0.01030293,0.94139656,0.95169950,940293890.28,19.7707
1597,4.3723,2.6864,2.6864,2370.26,45650401.52,3894856.91,224707337.85,268100315.46,492807653.30,46418.19,3.22348544,0.00051495,0.01647852,0.01029907,0.94131083,0.95160990,940338308.47,19.7651
1598,4.3751,2.6868,2.6868,2374.77,45658139.38,3895094.26,224740654.72,268113405.59,492854060.31,46407.00,3.22270866,0.00051476,0.01647234,0.01029521,0.94122509,0.95152030,940382715.47,19.7596
1599,4.3778,2.6871,2.6871,2379.28,45665878.27,3895331.61,224773961.05,268126495.08,492900456.13,46395.82,3.22193212,0.00051457,0.01646617,0.01029136,0.94113935,0.95143071,940427111.29,19.7540
1600,4.3806,2.6875,2.6875,2383.80,45673618.20,3895568.95,224807256.84,268139583.93,492946840.78,46384.64,3.22115581,0.00051438,0.01646001,0.01028750,0.94105362,0.95134113,940471495.94,19.7485
1601,4.3833,2.6878,2.6878,2388.33,45681359.16,3895806.28,224840542.10,268152672.14,492993214.24,46373.47,3.22037974,0.00051418,0.01645384,0.01028365,0.94096789,0.95125154,940515869.41,19.7430
1602,4.3860,2.6882,2.6882,2392.87,45689101.15,3896043.61,224873816.83,268165759.71,493039576.54,46362.30,3.21960391,0.00051399,0.01644768,0.01027980,0.94088216,0.95116196,940560231.70,19.7374
1603,4.3888,2.6886,2.6886,2397.42,45696844.18,3896280.94,224907081.02,268178846.65,493085927.67,46351.13,3.21882831,0.00051380,0.01644152,0.01027595,0.94079644,0.95107239,940604582.83,19.7319
1604,4.3915,2.6889,2.6889,2401.98,45704588.25,3896518.25,224940334.69,268191932.94,493132267.63,46339.96,3.21805295,0.00051360,0.01643536,0.01027210,0.94071071,0.95098281,940648922.79,19.7264
1605,4.3943,2.6893,2.6893,2406.55,45712333.35,3896755.57,224973577.84,268205018.59,493178596.43,46328.80,3.21727783,0.00051341,0.01642920,0.01026825,0.94062499,0.95089325,940693251.59,19.7208
1606,4.3970,2.6896,2.6896,2411.12,45720079.49,3896992.87,225006810.47,268218103.60,493224914.07,46317.64,3.21650295,0.00051322,0.01642305,0.01026441,0.94053927,0.95080368,940737569.24,19.7153
1607,4.3997,2.6900,2.6900,2415.70,45727826.66,3897230.18,225040032.58,268231187.98,493271220.56,46306.49,3.21572830,0.00051303,0.01641690,0.01026056,0.94045356,0.95071412,940781875.72,19.7098
1608,4.4025,2.6903,2.6903,2420.29,45735574.87,3897467.47,225073244.19,268244271.71,493317515.90,46295.34,3.21495389,0.00051284,0.01641076,0.01025672,0.94036784,0.95062456,940826171.06,19.7042
1609,4.4052,2.6907,2.6907,2424.90,45743324.11,3897704.76,225106445.28,268257354.81,493363800.08,46284.19,3.21417972,0.00051264,0.01640461,0.01025288,0.94028213,0.95053501,940870455.25,19.6987
1610,4.4079,2.6911,2.6911,2429.50,45751074.39,3897942.05,225139635.87,268270437.26,493410073.13,46273.04,3.21340578,0.00051245,0.01639847,0.01024904,0.94019642,0.95044546,940914728.29,19.6932
1611,4.4107,2.6914,2.6914,2434.12,45758825.70,3898179.33,225172815.95,268283519.08,493456335.03,46261.90,3.21263208,0.00051226,0.01639233,0.01024521,0.94011071,0.95035592,940958990.19,19.6877
1612,4.4134,2.6918,2.6918,2438.75,45766578.06,3898416.60,225205985.54,268296600.26,493502585.79,46250.76,3.21185862,0.00051207,0.01638619,0.01024137,0.94002500,0.95026637,941003240.96,19.6822
1613,4.4162,2.6921,2.6921,2443.39,45774331.44,3898653.87,225239144.63,268309680.80,493548825.42,46239.63,3.21108540,0.00051188,0.01638006,0.01023754,0.93993930,0.95017684,941047480.59,19.6767
1614,4.4189,2.6925,2.6925,2448.03,45782085.87,3898891.14,225272293.23,268322760.70,493595053.92,46228.50,3.21031241,0.00051169,0.01637393,0.01023370,0.93985360,0.95008730,941091709.09,19.6711
1615,4.4216,2.6929,2.6929,2452.68,45789841.33,3899128.40,225305431.33,268335839.96,493641271.29,46217.37,3.20953965,0.00051149,0.01636780,0.01022987,0.93976790,0.94999777,941135926.46,19.6656
1616,4.4244,2.6932,2.6932,2457.35,45797597.83,3899365.65,225338558.96,268348918.58,493687477.54,46206.25,3.20876714,0.00051130,0.01636167,0.01022604,0.93968220,0.94990824,941180132.70,19.6601
1617,4.4271,2.6936,2.6936,2462.02,45805355.36,3899602.90,225371676.10,268361996.57,493733672.67,46195.13,3.20799486,0.00051111,0.01635554,0.01022222,0.93959650,0.94981872,941224327.83,19.6546
1618,4.4298,2.6939,2.6939,2466.70,45813113.93,3899840.14,225404782.76,268375073.91,493779856.67,46184.01,3.20722281,0.00051092,0.01634942,0.01021839,0.93951081,0.94972920,941268511.84,19.6491
1619,4.4326,2.6943,2.6943,2471.39,45820873.54,3900077.38,225437878.95,268388150.62,493826029.57,46172.89,3.20645101,0.00051073,0.01634330,0.01021456,0.93942512,0.94963968,941312684.73,19.6436
1620,4.4353,2.6947,2.6947,2476.08,45828634.19,3900314.61,225470964.66,268401226.69,493872191.35,46161.78,3.20567944,0.00051054,0.01633719,0.01021074,0.93933943,0.94955017,941356846.52,19.6381
1621,4.4381,2.6950,2.6950,2480.79,45836395.87,3900551.83,225504039.91,268414302.12,493918342.03,46150.68,3.20490810,0.00051035,0.01633107,0.01020692,0.93925374,0.94946066,941400997.19,19.6326
1622,4.4408,2.6954,2.6954,2485.50,45844158.59,3900789.06,225537104.69,268427376.91,493964481.60,46139.57,3.20413700,0.00051016,0.01632496,0.01020310,0.93916806,0.94937116,941445136.77,19.6271
1623,4.4435,2.6957,2.6957,2490.23,45851922.35,3901026.27,225570159.01,268440451.07,494010610.07,46128.47,3.20336614,0.00050996,0.01631885,0.01019928,0.93908237,0.94928166,941489265.24,19.6216
1624,4.4463,2.6961,2.6961,2494.96,45859687.15,3901263.48,225603202.86,268453524.59,494056727.45,46117.38,3.20259551,0.00050977,0.01631275,0.01019547,0.93899669,0.94919216,941533382.61,19.6161
1625,4.4490,2.6965,2.6965,2499.71,45867452.98,3901500.69,225636236.27,268466597.46,494102833.73,46106.28,3.20182512,0.00050958,0.01630664,0.01019165,0.93891101,0.94910266,941577488.89,19.6106
1626,4.4517,2.6968,2.6968,2504.46,45875219.86,3901737.89,225669259.22,268479669.71,494148928.92,46095.19,3.20105496,0.00050939,0.01630054,0.01018784,0.93882534,0.94901317,941621584.09,19.6051
1627,4.4545,2.6972,2.6972,2509.22,45882987.77,3901975.08,225702271.72,268492741.31,494195013.03,46084.10,3.20028504,0.00050920,0.01629444,0.01018403,0.93873966,0.94892369,941665668.19,19.5997
1628,4.4572,2.6976,2.6976,2513.99,45890756.72,3902212.27,225735273.77,268505812.28,494241086.05,46073.02,3.19951536,0.00050901,0.01628835,0.01018022,0.93865399,0.94883420,941709741.21,19.5942
1629,4.4600,2.6979,2.6979,2518.77,45898526.70,3902449.45,225768265.39,268518882.61,494287147.99,46061.94,3.19874591,0.00050882,0.01628225,0.01017641,0.93856832,0.94874472,941753803.15,19.5887
1630,4.4627,2.6983,2.6983,2523.55,45906297.73,3902686.63,225801246.56,268531952.30,494333198.85,46050.86,3.19797669,0.00050863,0.01627616,0.01017260,0.93848265,0.94865525,941797854.02,19.5832
1631,4.4654,2.6986,2.6986,2528.35,45914069.80,3902923.80,225834217.30,268545021.35,494379238.65,46039.79,3.19720772,0.00050844,0.01627007,0.01016879,0.93839698,0.94856577,941841893.81,19.5777
1632,4.4682,2.6990,2.6990,2533.16,45921842.90,3903160.97,225867177.60,268558089.77,494425267.37,46028.72,3.19643897,0.00050825,0.01626399,0.01016499,0.93831131,0.94847630,941885922.53,19.5722
1633,4.4709,2.6994,2.6994,2537.97,45929617.04,3903398.13,225900127.47,268571157.55,494471285.02,46017.65,3.19567046,0.00050806,0.01625790,0.01016119,0.93822565,0.94838684,941929940.18,19.5668
1634,4.4736,2.6997,2.6997,2542.80,45937392.23,3903635.29,225933066.92,268584224.69,494517291.61,46006.59,3.19490219,0.00050787,0.01625182,0.01015739,0.93813999,0.94829738,941973946.78,19.5613
1635,4.4764,2.7001,2.7001,2547.63,45945168.45,3903872.44,225965995.95,268597291.19,494563287.15,45995.53,3.19413415,0.00050768,0.01624574,0.01015359,0.93805433,0.94820792,942017942.31,19.5558
1636,4.4791,2.7004,2.7004,2552.47,45952945.71,3904109.58,225998914.56,268610357.06,494609271.62,45984.48,3.19336635,0.00050749,0.01623967,0.01014979,0.93796867,0.94811846,942061926.78,19.5504
1637,4.4819,2.7008,2.7008,2557.32,45960724.01,3904346.72,226031822.75,268623422.30,494655245.04,45973.42,3.19259878,0.00050730,0.01623359,0.01014600,0.93788302,0.94802901,942105900.21,19.5449
1638,4.4846,2.7012,2.7012,2562.18,45968503.36,3904583.86,226064720.53,268636486.89,494701207.42,45962.37,3.19183145,0.00050711,0.01622752,0.01014220,0.93779736,0.94793956,942149862.58,19.5394
1639,4.4873,2.7015,2.7015,2567.06,45976283.74,3904820.99,226097607.89,268649550.85,494747158.74,45951.33,3.19106435,0.00050692,0.01622145,0.01013841,0.93771171,0.94785012,942193813.91,19.5340
1640,4.4901,2.7019,2.7019,2571.93,45984065.16,3905058.11,226130484.86,268662614.17,494793099.03,45940.28,3.19029748,0.00050673,0.01621539,0.01013462,0.93762606,0.94776068,942237754.19,19.5285
1641,4.4928,2.7022,2.7022,2576.82,45991847.62,3905295.23,226163351.42,268675676.86,494839028.27,45929.24,3.18953085,0.00050654,0.01620932,0.01013083,0.93754041,0.94767124,942281683.43,19.5230
1642,4.4956,2.7026,2.7026,2581.72,45999631.12,3905532.34,226196207.57,268688738.90,494884946.48,45918.21,3.18876446,0.00050635,0.01620326,0.01012704,0.93745477,0.94758181,942325601.64,19.5176
1643,4.4983,2.7030,2.7030,2586.63,46007415.66,3905769.45,226229053.34,268701800.32,494930853.65,45907.18,3.18799830,0.00050616,0.01619720,0.01012325,0.93736912,0.94749238,942369508.82,19.5121
1644,4.5010,2.7033,2.7033,2591.55,46015201.25,3906006.55,226261888.71,268714861.09,494976749.80,45896.15,3.18723237,0.00050597,0.01619115,0.01011947,0.93728348,0.94740295,942413404.96,19.5067
1645,4.5038,2.7037,2.7037,2596.47,46022987.87,3906243.65,226294713.69,268727921.23,495022634.92,45885.12,3.18646668,0.00050578,0.01618509,0.01011568,0.93719784,0.94731353,942457290.08,19.5012
1646,4.5065,2.7041,2.7041,2601.41,46030775.54,3906480.74,226327528.28,268740980.74,495068509.02,45874.10,3.18570122,0.00050560,0.01617904,0.01011190,0.93711220,0.94722411,942501164.18,19.4958
1647,4.5092,2.7044,2.7044,2606.35,46038564.24,3906717.83,226360332.49,268754039.61,495114372.10,45863.08,3.18493600,0.00050541,0.01617300,0.01010812,0.93702657,0.94713469,942545027.26,19.4903
1648,4.5120,2.7048,2.7048,2611.31,46046353.99,3906954.91,226393126.32,268767097.84,495160224.16,45852.06,3.18417101,0.00050522,0.01616695,0.01010434,0.93694093,0.94704528,942588879.32,19.4849
1649,4.5147,2.7051,2.7051,2616.27,46054144.78,3907191.99,226425909.77,268780155.43,495206065.21,45841.05,3.18340625,0.00050503,0.01616091,0.01010057,0.93685530,0.94695587,942632720.37,19.4794
1650,4.5175,2.7055,2.7055,2621.24,46061936.61,3907429.06,226458682.85,268793212.40,495251895.25,45830.04,3.18264173,0.00050484,0.01615487,0.01009679,0.93676967,0.94686646,942676550.41,19.4740
1651,4.5202,2.7059,2.7059,2626.23,46069729.48,3907666.12,226491445.56,268806268.72,495297714.29,45819.04,3.18187744,0.00050465,0.01614883,0.01009302,0.93668404,0.94677706,942720369.45,19.4685
1652,4.5229,2.7062,2.7062,2631.22,46077523.39,3907903.18,226524197.91,268819324.41,495343522.32,45808.03,3.18111339,0.00050446,0.01614279,0.01008924,0.93659841,0.94668766,942764177.48,19.4631
1653,4.5257,2.7066,2.7066,2636.22,46085318.35,3908140.23,226556939.89,268832379.46,495389319.35,45797.03,3.18034957,0.00050427,0.01613676,0.01008547,0.93651279,0.94659826,942807974.51,19.4577
1654,4.5284,2.7069,2.7069,2641.23,46093114.34,3908377.28,226589671.51,268845433.88,495435105.39,45786.04,3.17958598,0.00050409,0.01613073,0.01008170,0.93642716,0.94650887,942851760.55,19.4522
1655,4.5311,2.7073,2.7073,2646.25,46100911.38,3908614.33,226622392.77,268858487.67,495480880.44,45775.05,3.17882263,0.00050390,0.01612470,0.01007794,0.93634154,0.94641948,942895535.60,19.4468
1656,4.5339,2.7077,2.7077,2651.28,46108709.47,3908851.36,226655103.68,268871540.81,495526644.49,45764.06,3.17805951,0.00050371,0.01611867,0.01007417,0.93625592,0.94633009,942939299.66,19.4414
1657,4.5366,2.7080,2.7080,2656.32,46116508.59,3909088.40,226687804.24,268884593.33,495572397.56,45753.07,3.17729662,0.00050352,0.01611265,0.01007041,0.93617030,0.94624071,942983052.73,19.4359
1658,4.5394,2.7084,2.7084,2661.37,46124308.76,3909325.42,226720494.45,268897645.21,495618139.65,45742.09,3.17653397,0.00050333,0.01610663,0.01006664,0.93608469,0.94615133,943026794.82,19.4305
1659,4.5421,2.7088,2.7088,2666.43,46132109.97,3909562.45,226753174.32,268910696.45,495663870.76,45731.11,3.17577155,0.00050314,0.01610061,0.01006288,0.93599907,0.94606196,943070525.93,19.4251
1660,4.5448,2.7091,2.7091,2671.50,46139912.22,3909799.46,226785843.84,268923747.06,495709590.90,45720.13,3.17500936,0.00050296,0.01609460,0.01005912,0.93591346,0.94597258,943114246.06,19.4197
1661,4.5476,2.7095,2.7095,2676.58,46147715.51,3910036.47,226818503.03,268936797.03,495755300.06,45709.16,3.17424741,0.00050277,0.01608858,0.01005536,0.93582785,0.94588322,943157955.22,19.4142
1662,4.5503,2.7098,2.7098,2681.66,46155519.85,3910273.48,226851151.89,268949846.37,495800998.25,45698.19,3.17348569,0.00050258,0.01608257,0.01005161,0.93574224,0.94579385,943201653.42,19.4088
1663,4.5530,2.7102,2.7102,2686.76,46163325.23,3910510.48,226883790.41,268962895.07,495846685.48,45687.23,3.17272420,0.00050239,0.01607656,0.01004785,0.93565664,0.94570449,943245340.65,19.4034
1664,4.5558,2.7106,2.7106,2691.87,46171131.66,3910747.48,226916418.61,268975943.14,495892361.75,45676.27,3.17196294,0.00050220,0.01607056,0.01004410,0.93557103,0.94561513,943289016.91,19.3980
1665,4.5585,2.7109,2.7109,2696.98,46178939.13,3910984.47,226949036.48,268988990.58,495938027.06,45665.31,3.17120192,0.00050202,0.01606456,0.01004035,0.93548543,0.94552577,943332682.22,19.3926
1666,4.5613,2.7113,2.7113,2702.11,46186747.64,3911221.45,226981644.03,269002037.38,495983681.41,45654.35,3.17044113,0.00050183,0.01605855,0.01003660,0.93539982,0.94543642,943376336.57,19.3872
1667,4.5640,2.7117,2.7117,2707.25,46194557.20,3911458.43,227014241.27,269015083.54,496029324.81,45643.40,3.16968057,0.00050164,0.01605256,0.01003285,0.93531422,0.94534707,943419979.97,19.3818
1668,4.5667,2.7120,2.7120,2712.39,46202367.80,3911695.40,227046828.18,269028129.08,496074957.26,45632.45,3.16892025,0.00050146,0.01604656,0.01002910,0.93522863,0.94525773,943463612.42,19.3764
1669,4.5695,2.7124,2.7124,2717.55,46210179.44,3911932.37,227079404.79,269041173.97,496120578.77,45621.51,3.16816016,0.00050127,0.01604057,0.01002535,0.93514303,0.94516838,943507233.93,19.3709
1670,4.5722,2.7127,2.7127,2722.71,46217992.13,3912169.34,227111971.09,269054218.24,496166189.33,45610.56,3.16740030,0.00050108,0.01603458,0.01002161,0.93505743,0.94507905,943550844.49,19.3655
1671,4.5749,2.7131,2.7131,2727.89,46225805.86,3912406.29,227144527.09,269067261.87,496211788.96,45599.63,3.16664067,0.00050089,0.01602859,0.01001787,0.93497184,0.94498971,943594444.12,19.3601
1672,4.5777,2.7135,2.7135,2733.08,46233620.64,3912643.25,227177072.78,269080304.86,496257377.65,45588.69,3.16588128,0.00050071,0.01602260,0.01001413,0.93488625,0.94490038,943638032.81,19.3547
1673,4.5804,2.7138,2.7138,2738.27,46241436.46,3912880.19,227209608.18,269093347.23,496302955.41,45577.76,3.16512212,0.00050052,0.01601662,0.01001039,0.93480066,0.94481105,943681610.57,19.3493
1674,4.5832,2.7142,2.7142,2743.48,46249253.33,3913117.14,227242133.28,269106388.96,496348522.24,45566.83,3.16436319,0.00050033,0.01601064,0.01000665,0.93471507,0.94472172,943725177.40,19.3439
1675,4.5859,2.7146,2.7146,2748.69,46257071.24,3913354.07,227274648.09,269119430.05,496394078.14,45555.90,3.16360449,0.00050015,0.01600466,0.01000291,0.93462949,0.94463240,943768733.30,19.3385
1676,4.5886,2.7149,2.7149,2753.92,46264890.20,3913591.00,227307152.61,269132470.51,496439623.12,45544.98,3.16284602,0.00049996,0.01599868,0.00999918,0.93454390,0.94454308,943812278.29,19.3332
1677,4.5914,2.7153,2.7153,2759.15,46272710.20,3913827.93,227339646.85,269145510.34,496485157.19,45534.06,3.16208779,0.00049977,0.01599271,0.00999544,0.93445832,0.94445376,943855812.35,19.3278
1678,4.5941,2.7156,2.7156,2764.39,46280531.25,3914064.85,227372130.80,269158549.54,496530680.34,45523.15,3.16132978,0.00049959,0.01598674,0.00999171,0.93437274,0.94436445,943899335.50,19.3224
1679,4.5969,2.7160,2.7160,2769.65,46288353.34,3914301.76,227404604.48,269171588.10,496576192.57,45512.24,3.16057201,0.00049940,0.01598077,0.00998798,0.93428716,0.94427514,943942847.74,19.3170
1680,4.5996,2.7164,2.7164,2774.91,46296176.48,3914538.67,227437067.88,269184626.03,496621693.90,45501.33,3.15981448,0.00049921,0.01597481,0.00998425,0.93420158,0.94418584,943986349.06,19.3116
1681,4.6023,2.7167,2.7167,2780.19,46304000.67,3914775.58,227469521.00,269197663.32,496667184.33,45490.42,3.15905717,0.00049903,0.01596884,0.00998053,0.93411601,0.94409653,944029839.49,19.3062
1682,4.6051,2.7171,2.7171,2785.47,46311825.90,3915012.48,227501963.86,269210699.98,496712663.85,45479.52,3.15830009,0.00049884,0.01596288,0.00997680,0.93403043,0.94400723,944073319.01,19.3008
1683,4.6078,2.7175,2.7175,2790.77,46319652.18,3915249.37,227534396.46,269223736.01,496758132.47,45468.62,3.15754325,0.00049865,0.01595692,0.00997308,0.93394486,0.94391794,944116787.63,19.2955
1684,4.6105,2.7178,2.7178,2796.07,46327479.50,3915486.26,227566818.79,269236771.41,496803590.20,45457.73,3.15678664,0.00049847,0.01595097,0.00996935,0.93385929,0.94382864,944160245.36,19.2901
1685,4.6133,2.7182,2.7182,2801.39,46335307.87,3915723.14,227599230.86,269249806.17,496849037.03,45446.84,3.15603025,0.00049828,0.01594501,0.00996563,0.93377372,0.94373935,944203692.20,19.2847
1686,4.6160,2.7185,2.7185,2806.71,46343137.28,3915960.02,227631632.68,269262840.30,496894472.98,45435.95,3.15527410,0.00049810,0.01593906,0.00996191,0.93368815,0.94365006,944247128.14,19.2793
1687,4.6188,2.7189,2.7189,2812.05,46350967.75,3916196.89,227664024.24,269275873.80,496939898.04,45425.06,3.15451819,0.00049791,0.01593311,0.00995820,0.93360258,0.94356078,944290553.20,19.2740
1688,4.6215,2.7193,2.7193,2817.39,46358799.26,3916433.76,227696405.55,269288906.67,496985312.22,45414.18,3.15376250,0.00049772,0.01592717,0.00995448,0.93351702,0.94347150,944333967.38,19.2686
1689,4.6242,2.7196,2.7196,2822.75,46366631.81,3916670.62,227728776.62,269301938.90,497030715.52,45403.30,3.15300704,0.00049754,0.01592123,0.00995077,0.93343146,0.94338222,944377370.69,19.2632
1690,4.6270,2.7200,2.7200,2828.11,46374465.42,3916907.48,227761137.45,269314970.50,497076107.95,45392.43,3.15225182,0.00049735,0.01591528,0.00994705,0.93334590,0.94329295,944420763.11,19.2579
1691,4.6297,2.7204,2.7204,2833.49,46382300.07,3917144.33,227793488.03,269328001.47,497121489.50,45381.55,3.15149682,0.00049717,0.01590935,0.00994334,0.93326034,0.94320368,944464144.67,19.2525
1692,4.6324,2.7207,2.7207,2838.88,46390135.76,3917381.17,227825828.38,269341031.81,497166860.19,45370.69,3.15074206,0.00049698,0.01590341,0.00993963,0.93317478,0.94311441,944507515.35,19.2471
1693,4.6352,2.7211,2.7211,2844.27,46397972.51,3917618.02,227858158.50,269354061.51,497212220.01,45359.82,3.14998752,0.00049680,0.01589748,0.00993592,0.93308922,0.94302514,944550875.17,19.2418
1694,4.6379,2.7215,2.7215,2849.68,46405810.30,3917854.85,227890478.38,269367090.59,497257568.97,45348.96,3.14923322,0.00049661,0.01589154,0.00993222,0.93300367,0.94293588,944594224.13,19.2364
1695,4.6407,2.7218,2.7218,2855.10,46413649.14,3918091.68,227922788.04,269380119.03,497302907.07,45338.10,3.14847915,0.00049643,0.01588562,0.00992851,0.93291811,0.94284662,944637562.23,19.2311
1696,4.6434,2.7222,2.7222,2860.52,46421489.03,3918328.50,227955087.48,269393146.84,497348234.31,45327.24,3.14772531,0.00049624,0.01587969,0.00992481,0.93283256,0.94275737,944680889.47,19.2257
1697,4.6461,2.7225,2.7225,2865.96,46429329.97,3918565.32,227987376.69,269406174.01,497393550.70,45316.39,3.14697170,0.00049606,0.01587377,0.00992110,0.93274701,0.94266812,944724205.87,19.2204
1698,4.6489,2.7229,2.7229,2871.41,46437171.95,3918802.14,228019655.69,269419200.56,497438856.25,45305.54,3.14621832,0.00049587,0.01586784,0.00991740,0.93266146,0.94257887,944767511.41,19.2150
1699,4.6516,2.7233,2.7233,2876.87,46445014.99,3919038.95,228051924.47,269432226.47,497484150.95,45294.70,3.14546517,0.00049569,0.01586192,0.00991370,0.93257592,0.94248962,944810806.11,19.2097
1700,4.6543,2.7236,2.7236,2882.33,46452859.07,3919275.75,228084183.05,269445251.75,497529434.80,45283.86,3.14471225,0.00049550,0.01585601,0.00991001,0.93249037,0.94240038,944854089.97,19.2043
1701,4.6571,2.7240,2.7240,2887.81,46460704.20,3919512.55,228116431.41,269458276.41,497574707.82,45273.02,3.14395956,0.00049532,0.01585009,0.00990631,0.93240483,0.94231114,944897362.98,19.1990
1702,4.6598,2.7244,2.7244,2893.30,46468550.38,3919749.34,228148669.58,269471300.43,497619970.00,45262.18,3.14320710,0.00049513,0.01584418,0.00990261,0.93231929,0.94222190,944940625.17,19.1936
1703,4.6626,2.7247,2.7247,2898.80,46476397.61,3919986.13,228180897.54,269484323.81,497665221.35,45251.35,3.14245487,0.00049495,0.01583827,0.00989892,0.93223375,0.94213267,944983876.52,19.1883
1704,4.6653,2.7251,2.7251,2904.31,46484245.88,3920222.91,228213115.30,269497346.57,497710461.87,45240.52,3.14170287,0.00049476,0.01583237,0.00989523,0.93214821,0.94204344,945027117.04,19.1829
1705,4.6680,2.7255,2.7255,2909.83,46492095.21,3920459.69,228245322.87,269510368.70,497755691.57,45229.70,3.14095110,0.00049458,0.01582646,0.00989154,0.93206267,0.94195421,945070346.73,19.1776
1706,4.6708,2.7258,2.7258,2915.36,46499945.58,3920696.46,228277520.25,269523390.19,497800910.44,45218.87,3.14019956,0.00049439,0.01582056,0.00988785,0.93197713,0.94186498,945113565.61,19.1723
1707,4.6735,2.7262,2.7262,2920.91,46507797.01,3920933.22,228309707.44,269536411.06,497846118.50,45208.05,3.13944825,0.00049421,0.01581466,0.00988416,0.93189160,0.94177576,945156773.66,19.1669
1708,4.6762,2.7266,2.7266,2926.46,46515649.48,3921169.98,228341884.45,269549431.29,497891315.74,45197.24,3.13869717,0.00049402,0.01580877,0.00988048,0.93180607,0.94168654,945199970.90,19.1616
1709,4.6790,2.7269,2.7269,2932.02,46523503.01,3921406.74,228374051.27,269562450.89,497936502.16,45186.43,3.13794632,0.00049384,0.01580287,0.00987679,0.93172054,0.94159733,945243157.33,19.1563
1710,4.6817,2.7273,2.7273,2937.59,46531357.58,3921643.49,228406207.92,269575469.86,497981677.78,45175.62,3.13719570,0.00049366,0.01579698,0.00987311,0.93163501,0.94150812,945286332.95,19.1509
1711,4.6845,2.7276,2.7276,2943.18,46539213.21,3921880.23,228438354.39,269588488.21,498026842.60,45164.81,3.13644531,0.00049347,0.01579109,0.00986943,0.93154948,0.94141891,945329497.76,19.1456
1712,4.6872,2.7280,2.7280,2948.77,46547069.88,3922116.97,228470490.69,269601505.92,498071996.61,45154.01,3.13569515,0.00049329,0.01578520,0.00986575,0.93146395,0.94132970,945372651.77,19.1403
1713,4.6899,2.7284,2.7284,2954.38,46554927.60,3922353.71,228502616.82,269614523.00,498117139.82,45143.21,3.13494521,0.00049310,0.01577932,0.00986207,0.93137843,0.94124050,945415794.98,19.1350
1714,4.6927,2.7287,2.7287,2959.99,46562786.38,3922590.44,228534732.78,269627539.45,498162272.23,45132.42,3.13419551,0.00049292,0.01577344,0.00985840,0.93129290,0.94115130,945458927.39,19.1297
1715,4.6954,2.7291,2.7291,2965.62,46570646.20,3922827.16,228566838.59,269640555.27,498207393.85,45121.62,3.13344603,0.00049274,0.01576756,0.00985472,0.93120738,0.94106210,945502049.02,19.1243
1716,4.6982,2.7295,2.7295,2971.26,46578507.08,3923063.88,228598934.23,269653570.46,498252504.69,45110.83,3.13269679,0.00049255,0.01576168,0.00985105,0.93112186,0.94097291,945545159.85,19.1190
1717,4.7009,2.7298,2.7298,2976.90,46586369.01,3923300.59,228631019.72,269666585.02,498297604.74,45100.05,3.13194777,0.00049237,0.01575580,0.00984738,0.93103634,0.94088372,945588259.90,19.1137
1718,4.7036,2.7302,2.7302,2982.56,46594231.99,3923537.30,228663095.06,269679598.95,498342694.00,45089.27,3.13119899,0.00049219,0.01574993,0.00984371,0.93095082,0.94079453,945631349.16,19.1084
1719,4.7064,2.7306,2.7306,2988.23,46602096.01,3923774.00,228695160.24,269692612.25,498387772.49,45078.49,3.13045043,0.00049200,0.01574406,0.00984004,0.93086531,0.94070534,945674427.65,19.1031
1720,4.7091,2.7309,2.7309,2993.91,46609961.10,3924010.70,228727215.28,269705624.92,498432840.20,45067.71,3.12970210,0.00049182,0.01573819,0.00983637,0.93077979,0.94061616,945717495.36,19.0978
1721,4.7118,2.7313,2.7313,2999.60,46617827.23,3924247.39,228759260.18,269718636.96,498477897.14,45056.94,3.12895400,0.00049164,0.01573233,0.00983271,0.93069428,0.94052698,945760552.30,19.0925
1722,4.7146,2.7317,2.7317,3005.31,46625694.41,3924484.08,228791294.94,269731648.37,498522943.30,45046.17,3.12820612,0.00049145,0.01572647,0.00982904,0.93060877,0.94043781,945803598.47,19.0872
1723,4.7173,2.7320,2.7320,3011.02,46633562.65,3924720.76,228823319.56,269744659.15,498567978.71,45035.40,3.12745848,0.00049127,0.01572061,0.00982538,0.93052326,0.94034863,945846633.87,19.0819
1724,4.7201,2.7324,2.7324,3016.74,46641431.93,3924957.43,228855334.05,269757669.30,498613003.35,45024.64,3.12671107,0.00049109,0.01571475,0.00982172,0.93043775,0.94025946,945889658.51,19.0766
1725,4.7228,2.7328,2.7328,3022.48,46649302.27,3925194.10,228887338.40,269770678.82,498658017.23,45013.88,3.12596388,0.00049090,0.01570889,0.00981806,0.93035224,0.94017030,945932672.39,19.0713
1726,4.7255,2.7331,2.7331,3028.22,46657173.66,3925430.77,228919332.64,269783687.71,498703020.35,45003.12,3.12521692,0.00049072,0.01570304,0.00981440,0.93026673,0.94008113,945975675.51,19.0660
1727,4.7283,2.7335,2.7335,3033.98,46665046.11,3925667.43,228951316.74,269796695.98,498748012.72,44992.37,3.12447019,0.00049054,0.01569719,0.00981074,0.93018123,0.93999197,946018667.88,19.0607
1728,4.7310,2.7339,2.7339,3039.74,46672919.60,3925904.08,228983290.73,269809703.61,498792994.34,44981.62,3.12372369,0.00049035,0.01569134,0.00980709,0.93009573,0.93990281,946061649.50,19.0554
1729,4.7337,2.7342,2.7342,3045.52,46680794.15,3926140.73,229015254.60,269822710.62,498837965.22,44970.87,3.12297742,0.00049017,0.01568550,0.00980344,0.93001022,0.93981366,946104620.38,19.0501
1730,4.7365,2.7346,2.7346,3051.31,46688669.75,3926377.38,229047208.35,269835716.99,498882925.35,44960.13,3.12223137,0.00048999,0.01567965,0.00979978,0.92992472,0.93972451,946147580.51,19.0448
1731,4.7392,2.7349,2.7349,3057.11,46696546.40,3926614.02,229079152.00,269848722.74,498927874.74,44949.39,3.12148555,0.00048981,0.01567381,0.00979613,0.92983922,0.93963536,946190529.90,19.0395
1732,4.7420,2.7353,2.7353,3062.92,46704424.11,3926850.65,229111085.54,269861727.86,498972813.39,44938.66,3.12073996,0.00048962,0.01566797,0.00979248,0.92975373,0.93954621,946233468.56,19.0342
1733,4.7447,2.7357,2.7357,3068.74,46712302.87,3927087.28,229143008.97,269874732.35,499017741.32,44927.92,3.11999460,0.00048944,0.01566214,0.00978884,0.92966823,0.93945707,946276396.48,19.0289
1734,4.7474,2.7360,2.7360,3074.58,46720182.68,3927323.90,229174922.30,269887736.21,499062658.51,44917.19,3.11924947,0.00048926,0.01565630,0.00978519,0.92958274,0.93936793,946319313.67,19.0236
1735,4.7502,2.7364,2.7364,3080.42,46728063.55,3927560.52,229206825.53,269900739.44,499107564.97,44906.47,3.11850456,0.00048908,0.01565047,0.00978155,0.92949724,0.93927879,946362220.14,19.0184
1736,4.7529,2.7368,2.7368,3086.28,46735945.47,3927797.13,229238718.67,269913742.05,499152460.72,44895.74,3.11775988,0.00048890,0.01564465,0.00977790,0.92941175,0.93918965,946405115.88,19.0131
1737,4.7556,2.7371,2.7371,3092.14,46743828.44,3928033.74,229270601.72,269926744.02,499197345.74,44885.02,3.11701543,0.00048871,0.01563882,0.00977426,0.92932626,0.93910052,946448000.90,19.0078
1738,4.7584,2.7375,2.7375,3098.02,46751712.47,3928270.34,229302474.68,269939745.37,499242220.04,44874.31,3.11627121,0.00048853,0.01563300,0.00977062,0.92924077,0.93901139,946490875.21,19.0025
1739,4.7611,2.7379,2.7379,3103.91,46759597.55,3928506.94,229334337.55,269952746.09,499287083.64,44863.59,3.11552721,0.00048835,0.01562717,0.00976698,0.92915528,0.93892227,946533738.80,18.9973
1740,4.7639,2.7382,2.7382,3109.81,46767483.69,3928743.53,229366190.34,269965746.18,499331936.52,44852.88,3.11478345,0.00048817,0.01562135,0.00976335,0.92906980,0.93883314,946576591.68,18.9920
1741,4.7666,2.7386,2.7386,3115.72,46775370.88,3928980.11,229398033.05,269978745.64,499376778.69,44842.17,3.11403990,0.00048799,0.01561554,0.00975971,0.92898431,0.93874402,946619433.86,18.9867
1742,4.7693,2.7390,2.7390,3121.64,46783259.12,3929216.69,229429865.69,269991744.48,499421610.16,44831.47,3.11329659,0.00048780,0.01560972,0.00975608,0.92889883,0.93865491,946662265.33,18.9815
1743,4.7721,2.7393,2.7393,3127.58,46791148.42,3929453.27,229461688.25,270004742.68,499466430.93,44820.77,3.11255350,0.00048762,0.01560391,0.00975245,0.92881335,0.93856579,946705086.10,18.9762
1744,4.7748,2.7397,2.7397,3133.52,46799038.77,3929689.84,229493500.75,270017740.26,499511241.01,44810.07,3.11181064,0.00048744,0.01559810,0.00974881,0.92872787,0.93847668,946747896.17,18.9709
1745,4.7775,2.7401,2.7401,3139.48,46806930.18,3929926.40,229525303.17,270030737.21,499556040.39,44799.38,3.11106801,0.00048726,0.01559230,0.00974519,0.92864239,0.93838757,946790695.55,18.9657
1746,4.7803,2.7404,2.7404,3145.45,46814822.64,3930162.96,229557095.54,270043733.54,499600829.08,44788.69,3.11032561,0.00048708,0.01558649,0.00974156,0.92855691,0.93829846,946833484.24,18.9604
1747,4.7830,2.7408,2.7408,3151.43,46822716.16,3930399.52,229588877.85,270056729.23,499645607.08,44778.00,3.10958343,0.00048690,0.01558069,0.00973793,0.92847143,0.93820936,946876262.24,18.9551
1748,4.7858,2.7412,2.7412,3157.42,46830610.73,3930636.07,229620650.09,270069724.30,499690374.39,44767.32,3.10884148,0.00048672,0.01557489,0.00973431,0.92838595,0.93812026,946919029.56,18.9499
1749,4.7885,2.7415,2.7415,3163.42,46838506.36,3930872.61,229652412.29,270082718.74,499735131.03,44756.64,3.10809975,0.00048653,0.01556909,0.00973068,0.92830048,0.93803116,946961786.19,18.9446
1750,4.7912,2.7419,2.7419,3169.43,46846403.04,3931109.15,229684164.43,270095712.56,499779876.99,44745.96,3.10735825,0.00048635,0.01556330,0.00972706,0.92821501,0.93794207,947004532.15,18.9394
1751,4.7940,2.7423,2.7423,3175.46,46854300.78,3931345.68,229715906.53,270108705.74,499824612.27,44735.28,3.10661698,0.00048617,0.01555751,0.00972344,0.92812954,0.93785298,947047267.44,18.9341
1752,4.7967,2.7426,2.7426,3181.49,46862199.58,3931582.21,229747638.59,270121698.30,499869336.89,44724.61,3.10587594,0.00048599,0.01555172,0.00971982,0.92804407,0.93776389,947089992.05,18.9289
1753,4.7995,2.7430,2.7430,3187.54,46870099.43,3931818.73,229779360.60,270134690.23,499914050.83,44713.95,3.10513512,0.00048581,0.01554593,0.00971621,0.92795860,0.93767480,947132706.00,18.9236
1754,4.8022,2.7434,2.7434,3193.60,46878000.34,3932055.25,229811072.58,270147681.54,499958754.11,44703.28,3.10439452,0.00048563,0.01554014,0.00971259,0.92787313,0.93758572,947175409.28,18.9184
1755,4.8049,2.7437,2.7437,3199.67,46885902.30,3932291.76,229842774.52,270160672.22,500003446.73,44692.62,3.10365416,0.00048545,0.01553436,0.00970898,0.92778766,0.93749664,947218101.90,18.9132
1756,4.8077,2.7441,2.7441,3205.75,46893805.32,3932528.27,229874466.43,270173662.27,500048128.70,44681.96,3.10291402,0.00048527,0.01552858,0.00970536,0.92770220,0.93740756,947260783.86,18.9079
1757,4.8104,2.7445,2.7445,3211.84,46901709.40,3932764.77,229906148.31,270186651.69,500092800.00,44671.31,3.10217411,0.00048509,0.01552280,0.00970175,0.92761674,0.93731849,947303455.17,18.9027
1758,4.8131,2.7448,2.7448,3217.95,46909614.53,3933001.27,229937820.17,270199640.49,500137460.66,44660.66,3.10143442,0.00048491,0.01551703,0.00969814,0.92753127,0.93722941,947346115.82,18.8974
1759,4.8159,2.7452,2.7452,3224.07,46917520.72,3933237.76,229969482.00,270212628.66,500182110.67,44650.01,3.10069496,0.00048473,0.01551125,0.00969453,0.92744581,0.93714034,947388765.83,18.8922
1760,4.8186,2.7456,2.7456,3230.19,46925427.97,3933474.24,230001133.82,270225616.21,500226750.03,44639.36,3.09995572,0.00048455,0.01550548,0.00969093,0.92736035,0.93705128,947431405.19,18.8870
1761,4.8214,2.7459,2.7459,3236.33,46933336.27,3933710.72,230032775.62,270238603.13,500271378.75,44628.72,3.09921671,0.00048437,0.01549971,0.00968732,0.92727489,0.93696221,947474033.91,18.8817
1762,4.8241,2.7463,2.7463,3242.49,46941245.63,3933947.20,230064407.41,270251589.42,500315996.83,44618.08,3.09847793,0.00048419,0.01549395,0.00968372,0.92718944,0.93687315,947516651.99,18.8765
1763,4.8268,2.7467,2.7467,3248.65,46949156.05,3934183.67,230096029.19,270264575.08,500360604.28,44607.45,3.09773937,0.00048401,0.01548818,0.00968012,0.92710398,0.93678410,947559259.44,18.8713
1764,4.8296,2.7470,2.7470,3254.83,46957067.52,3934420.13,230127640.97,270277560.12,500405201.09,44596.81,3.09700104,0.00048383,0.01548242,0.00967651,0.92701853,0.93669504,947601856.26,18.8660
1765,4.8323,2.7474,2.7474,3261.01,46964980.06,3934656.59,230159242.74,270290544.54,500449787.28,44586.19,3.09626293,0.00048365,0.01547666,0.00967292,0.92693307,0.93660599,947644442.44,18.8608
1766,4.8350,2.7478,2.7478,3267.21,46972893.65,3934893.05,230190834.51,270303528.33,500494362.84,44575.56,3.09552505,0.00048347,0.01547091,0.00966932,0.92684762,0.93651694,947687018.00,18.8556
1767,4.8378,2.7481,2.7481,3273.42,46980808.30,3935129.50,230222416.29,270316511.49,500538927.78,44564.94,3.09478739,0.00048329,0.01546515,0.00966572,0.92676217,0.93642789,947729582.94,18.8504
1768,4.8405,2.7485,2.7485,3279.64,46988724.00,3935365.94,230253988.07,270329494.02,500583482.10,44554.32,3.09404996,0.00048311,0.01545940,0.00966213,0.92667672,0.93633885,947772137.26,18.8452
1769,4.8433,2.7489,2.7489,3285.88,46996640.77,3935602.38,230285549.87,270342475.93,500628025.80,44543.70,3.09331276,0.00048293,0.01545365,0.00965853,0.92659127,0.93624980,947814680.96,18.8399
1770,4.8460,2.7492,2.7492,3292.12,47004558.59,3935838.81,230317101.67,270355457.22,500672558.89,44533.09,3.09257578,0.00048275,0.01544791,0.00965494,0.92650582,0.93616077,947857214.06,18.8347
1771,4.8487,2.7496,2.7496,3298.38,47012477.47,3936075.24,230348643.50,270368437.88,500717081.37,44522.48,3.09183902,0.00048257,0.01544216,0.00965135,0.92642038,0.93607173,947899736.54,18.8295
1772,4.8515,2.7500,2.7500,3304.65,47020397.41,3936311.66,230380175.34,270381417.91,500761593.25,44511.88,3.09110249,0.00048239,0.01543642,0.00964776,0.92633493,0.93598270,947942248.41,18.8243
1773,4.8542,2.7503,2.7503,3310.93,47028318.41,3936548.08,230411697.20,270394397.32,500806094.52,44501.27,3.09036619,0.00048221,0.01543068,0.00964417,0.92624949,0.93589367,947984749.69,18.8191
1774,4.8569,2.7507,2.7507,3317.23,47036240.47,3936784.49,230443209.10,270407376.10,500850585.20,44490.67,3.08963011,0.00048203,0.01542494,0.00964059,0.92616405,0.93580464,948027240.36,18.8139
1775,4.8597,2.7511,2.7511,3323.53,47044163.59,3937020.90,230474711.02,270420354.26,500895065.27,44480.08,3.08889425,0.00048185,0.01541921,0.00963700,0.92607861,0.93571561,948069720.44,18.8087
1776,4.8624,2.7515,2.7515,3329.85,47052087.76,3937257.30,230506202.97,270433331.79,500939534.76,44469.48,3.08815862,0.00048167,0.01541347,0.00963342,0.92599317,0.93562659,948112189.92,18.8035
1777,4.8652,2.7518,2.7518,3336.18,47060013.00,3937493.70,230537684.96,270446308.70,500983993.65,44458.89,3.08742322,0.00048149,0.01540774,0.00962984,0.92590773,0.93553757,948154648.82,18.7983
1778,4.8679,2.7522,2.7522,3342.52,47067939.30,3937730.09,230569156.98,270459284.98,501028441.96,44448.31,3.08668804,0.00048131,0.01540202,0.00962626,0.92582229,0.93544855,948197097.12,18.7931
1779,4.8706,2.7526,2.7526,3348.87,47075866.65,3937966.47,230600619.05,270472260.64,501072879.69,44437.72,3.08595308,0.00048113,0.01539629,0.00962268,0.92573686,0.93535954,948239534.85,18.7879
1780,4.8734,2.7529,2.7529,3355.24,47083795.06,3938202.86,230632071.16,270485235.67,501117306.83,44427.14,3.08521835,0.00048096,0.01539057,0.00961910,0.92565142,0.93527053,948281961.99,18.7827
1781,4.8761,2.7533,2.7533,3361.62,47091724.54,3938439.23,230663513.32,270498210.08,501161723.40,44416.57,3.08448385,0.00048078,0.01538485,0.00961553,0.92556599,0.93518152,948324378.56,18.7775
1782,4.8789,2.7537,2.7537,3368.01,47099655.07,3938675.60,230694945.53,270511183.86,501206129.39,44405.99,3.08374956,0.00048060,0.01537913,0.00961196,0.92548056,0.93509251,948366784.55,18.7723
1783,4.8816,2.7540,2.7540,3374.41,47107586.67,3938911.97,230726367.80,270524157.02,501250524.81,44395.42,3.08301551,0.00048042,0.01537341,0.00960838,0.92539512,0.93500351,948409179.98,18.7671
1784,4.8843,2.7544,2.7544,3380.82,47115519.32,3939148.33,230757780.12,270537129.55,501294909.67,44384.86,3.08228167,0.00048024,0.01536770,0.00960481,0.92530969,0.93491451,948451564.83,18.7619
1785,4.8871,2.7548,2.7548,3387.25,47123453.04,3939384.68,230789182.50,270550101.46,501339283.96,44374.29,3.08154806,0.00048006,0.01536199,0.00960124,0.92522427,0.93482551,948493939.13,18.7567
1786,4.8898,2.7551,2.7551,3393.69,47131387.81,3939621.03,230820574.95,270563072.75,501383647.69,44363.73,3.08081468,0.00047988,0.01535628,0.00959767,0.92513884,0.93473651,948536302.86,18.7515
1787,4.8925,2.7555,2.7555,3400.14,47139323.65,3939857.37,230851957.46,270576043.41,501428000.87,44353.17,3.08008152,0.00047971,0.01535057,0.00959411,0.92505341,0.93464752,948578656.03,18.7464
1788,4.8953,2.7559,2.7559,3406.60,47147260.55,3940093.71,230883330.04,270589013.44,501472343.49,44342.62,3.07934858,0.00047953,0.01534487,0.00959054,0.92496799,0.93455853,948620998.65,18.7412
1789,4.8980,2.7562,2.7562,3413.08,47155198.50,3940330.05,230914692.70,270601982.86,501516675.56,44332.07,3.07861587,0.00047935,0.01533917,0.00958698,0.92488256,0.93446954,948663330.72,18.7360
1790,4.9008,2.7566,2.7566,3419.57,47163137.52,3940566.37,230946045.43,270614951.64,501560997.08,44321.52,3.07788338,0.00047917,0.01533347,0.00958342,0.92479714,0.93438056,948705652.24,18.7308
1791,4.9035,2.7570,2.7570,3426.07,47171077.60,3940802.70,230977388.24,270627919.81,501605308.05,44310.98,3.07715111,0.00047899,0.01532777,0.00957986,0.92471172,0.93429157,948747963.21,18.7256
1792,4.9062,2.7573,2.7573,3432.58,47179018.75,3941039.02,231008721.14,270640887.35,501649608.49,44300.43,3.07641907,0.00047881,0.01532208,0.00957630,0.92462630,0.93420259,948790263.65,18.7205
1793,4.9090,2.7577,2.7577,3439.10,47186960.95,3941275.33,231040044.12,270653854.27,501693898.38,44289.90,3.07568725,0.00047864,0.01531638,0.00957274,0.92454088,0.93411362,948832553.55,18.7153
1794,4.9117,2.7581,2.7581,3445.64,47194904.22,3941511.64,231071357.19,270666820.56,501738177.74,44279.36,3.07495565,0.00047846,0.01531069,0.00956918,0.92445546,0.93402464,948874832.91,18.7101
1795,4.9144,2.7584,2.7584,3452.19,47202848.54,3941747.94,231102660.35,270679786.23,501782446.57,44268.83,3.07422428,0.00047828,0.01530501,0.00956563,0.92437004,0.93393567,948917101.74,18.7050
1796,4.9172,2.7588,2.7588,3458.75,47210793.93,3941984.24,231133953.60,270692751.27,501826704.88,44258.30,3.07349314,0.00047810,0.01529932,0.00956208,0.92428463,0.93384670,948959360.04,18.6998
1797,4.9199,2.7592,2.7592,3465.33,47218740.38,3942220.53,231165236.95,270705715.70,501870952.65,44247.78,3.07276221,0.00047793,0.01529364,0.00955852,0.92419921,0.93375773,949001607.81,18.6946
1798,4.9227,2.7596,2.7596,3471.91,47226687.90,3942456.81,231196510.41,270718679.50,501915189.90,44237.25,3.07203151,0.00047775,0.01528796,0.00955497,0.92411380,0.93366877,949043845.07,18.6895
1799,4.9254,2.7599,2.7599,3478.51,47234636.47,3942693.09,231227773.97,270731642.67,501959416.64,44226.73,3.07130103,0.00047757,0.01528228,0.00955142,0.92402839,0.93357981,949086071.80,18.6843
1800,4.9281,2.7603,2.7603,3485.12,47242586.11,3942929.37,231259027.63,270744605.22,502003632.86,44216.22,3.07057078,0.00047739,0.01527660,0.00954788,0.92394297,0.93349085,949128288.02,18.6791
1801,4.9309,2.7607,2.7607,3491.75,47250536.81,3943165.64,231290271.41,270757567.15,502047838.57,44205.71,3.06984074,0.00047722,0.01527093,0.00954433,0.92385756,0.93340189,949170493.73,18.6740
1802,4.9336,2.7610,2.7610,3498.39,47258488.58,3943401.91,231321505.30,270770528.46,502092033.76,44195.20,3.06911094,0.00047704,0.01526526,0.00954079,0.92377215,0.93331294,949212688.93,18.6688
1803,4.9363,2.7614,2.7614,3505.04,47266441.41,3943638.17,231352729.31,270783489.14,502136218.45,44184.69,3.06838135,0.00047686,0.01525959,0.00953724,0.92368675,0.93322399,949254873.62,18.6637
1804,4.9391,2.7618,2.7618,3511.70,47274395.30,3943874.42,231383943.44,270796449.20,502180392.64,44174.19,3.06765199,0.00047669,0.01525392,0.00953370,0.92360134,0.93313504,949297047.81,18.6585
1805,4.9418,2.7621,2.7621,3518.37,47282350.25,3944110.67,231415147.69,270809408.64,502224556.33,44163.69,3.06692285,0.00047651,0.01524826,0.00953016,0.92351593,0.93304610,949339211.49,18.6534
1806,4.9446,2.7625,2.7625,3525.06,47290306.27,3944346.92,231446342.07,270822367.46,502268709.52,44153.19,3.06619393,0.00047633,0.01524260,0.00952662,0.92343053,0.93295715,949381364.69,18.6482
1807,4.9473,2.7629,2.7629,3531.76,47298263.35,3944583.16,231477526.57,270835325.65,502312852.22,44142.70,3.06546523,0.00047615,0.01523694,0.00952309,0.92334513,0.93286821,949423507.39,18.6431
1808,4.9500,2.7632,2.7632,3538.48,47306221.49,3944819.39,231508701.21,270848283.22,502356984.43,44132.21,3.06473676,0.00047598,0.01523128,0.00951955,0.92325972,0.93277927,949465639.60,18.6379
1809,4.9528,2.7636,2.7636,3545.20,47314180.70,3945055.62,231539865.99,270861240.17,502401106.16,44121.72,3.06400851,0.00047580,0.01522563,0.00951602,0.92317432,0.93269034,949507761.32,18.6328
1810,4.9555,2.7640,2.7640,3551.94,47322140.97,3945291.84,231571020.90,270874196.49,502445217.40,44111.24,3.06328048,0.00047562,0.01521997,0.00951248,0.92308892,0.93260140,949549872.56,18.6277
1811,4.9582,2.7644,2.7644,3558.69,47330102.31,3945528.06,231602165.96,270887152.19,502489318.15,44100.76,3.06255268,0.00047545,0.01521432,0.00950895,0.92300352,0.93251247,949591973.32,18.6225
1812,4.9610,2.7647,2.7647,3565.46,47338064.71,3945764.28,231633301.16,270900107.28,502533408.44,44090.28,3.06182510,0.00047527,0.01520868,0.00950542,0.92291812,0.93242355,949634063.60,18.6174
1813,4.9637,2.7651,2.7651,3572.23,47346028.18,3946000.48,231664426.51,270913061.73,502577488.24,44079.81,3.06109774,0.00047509,0.01520303,0.00950189,0.92283273,0.93233462,949676143.41,18.6122
1814,4.9665,2.7655,2.7655,3579.02,47353992.71,3946236.69,231695542.01,270926015.57,502621557.58,44069.34,3.06037060,0.00047492,0.01519739,0.00949837,0.92274733,0.93224570,949718212.74,18.6071
1815,4.9692,2.7658,2.7658,3585.83,47361958.30,3946472.89,231726647.66,270938968.78,502665616.45,44058.87,3.05964368,0.00047474,0.01519175,0.00949484,0.92266194,0.93215678,949760271.61,18.6020
1816,4.9719,2.7662,2.7662,3592.64,47369924.96,3946709.08,231757743.48,270951921.38,502709664.85,44048.40,3.05891699,0.00047457,0.01518611,0.00949132,0.92257654,0.93206786,949802320.02,18.5968
1817,4.9747,2.7666,2.7666,3599.47,47377892.68,3946945.27,231788829.45,270964873.35,502753702.80,44037.94,3.05819051,0.00047439,0.01518047,0.00948780,0.92249115,0.93197895,949844357.96,18.5917
1818,4.9774,2.7669,2.7669,3606.31,47385861.47,3947181.45,231819905.59,270977824.70,502797730.28,44027.49,3.05746426,0.00047421,0.01517484,0.00948427,0.92240576,0.93189003,949886385.44,18.5866
1819,4.9802,2.7673,2.7673,3613.17,47393831.33,3947417.63,231850971.89,270990775.42,502841747.31,44017.03,3.05673824,0.00047404,0.01516921,0.00948076,0.92232037,0.93180112,949928402.47,18.5815
1820,4.9829,2.7677,2.7677,3620.04,47401802.25,3947653.80,231882028.36,271003725.53,502885753.89,44006.58,3.05601243,0.00047386,0.01516358,0.00947724,0.92223498,0.93171222,949970409.05,18.5763
1821,4.9856,2.7681,2.7681,3626.92,47409774.23,3947889.96,231913075.01,271016675.01,502929750.02,43996.13,3.05528684,0.00047369,0.01515795,0.00947372,0.92214959,0.93162331,950012405.18,18.5712
1822,4.9884,2.7684,2.7684,3633.81,47417747.28,3948126.12,231944111.83,271029623.88,502973735.71,43985.69,3.05456148,0.00047351,0.01515233,0.00947021,0.92206420,0.93153441,950054390.87,18.5661
1823,4.9911,2.7688,2.7688,3640.72,47425721.40,3948362.28,231975138.83,271042572.12,503017710.95,43975.24,3.05383634,0.00047333,0.01514671,0.00946669,0.92197882,0.93144551,950096366.11,18.5610
1824,4.9938,2.7692,2.7692,3647.64,47433696.58,3948598.43,232006156.02,271055519.74,503061675.75,43964.80,3.05311142,0.00047316,0.01514109,0.00946318,0.92189343,0.93135661,950138330.92,18.5559
1825,4.9966,2.7695,2.7695,3654.57,47441672.83,3948834.58,232037163.39,271068466.74,503105630.12,43954.37,3.05238672,0.00047298,0.01513547,0.00945967,0.92180805,0.93126772,950180285.29,18.5508
1826,4.9993,2.7699,2.7699,3661.52,47449650.15,3949070.72,232068160.95,271081413.11,503149574.06,43943.94,3.05166224,0.00047281,0.01512985,0.00945616,0.92172266,0.93117882,950222229.22,18.5456
1827,5.0021,2.7703,2.7703,3668.48,47457628.53,3949306.85,232099148.70,271094358.87,503193507.57,43933.51,3.05093798,0.00047263,0.01512424,0.00945265,0.92163728,0.93108993,950264162.73,18.5405
1828,5.0048,2.7706,2.7706,3675.45,47465607.98,3949542.98,232130126.64,271107304.01,503237430.65,43923.08,3.05021395,0.00047246,0.01511863,0.00944914,0.92155190,0.93100105,950306085.81,18.5354
1829,5.0075,2.7710,2.7710,3682.44,47473588.49,3949779.11,232161094.78,271120248.52,503281343.31,43912.66,3.04949013,0.00047228,0.01511302,0.00944564,0.92146652,0.93091216,950347998.47,18.5303
1830,5.0103,2.7714,2.7714,3689.44,47481570.08,3950015.23,232192053.13,271133192.42,503325245.54,43902.24,3.04876654,0.00047211,0.01510742,0.00944214,0.92138114,0.93082328,950389900.71,18.5252
1831,5.0130,2.7718,2.7718,3696.45,47489552.73,3950251.34,232223001.67,271146135.69,503369137.37,43891.82,3.04804317,0.00047193,0.01510182,0.00943863,0.92129576,0.93073440,950431792.53,18.5201
1832,5.0157,2.7721,2.7721,3703.48,47497536.44,3950487.45,232253940.43,271159078.34,503413018.77,43881.41,3.04732002,0.00047176,0.01509621,0.00943513,0.92121039,0.93064552,950473673.94,18.5150
1833,5.0185,2.7725,2.7725,3710.52,47505521.23,3950723.56,232284869.39,271172020.38,503456889.77,43871.00,3.04659709,0.00047158,0.01509062,0.00943163,0.92112501,0.93055665,950515544.93,18.5099
1834,5.0212,2.7729,2.7729,3717.57,47513507.08,3950959.66,232315788.57,271184961.79,503500750.36,43860.59,3.04587438,0.00047141,0.01508502,0.00942814,0.92103964,0.93046777,950557405.53,18.5048
1835,5.0240,2.7732,2.7732,3724.64,47521493.99,3951195.75,232346697.97,271197902.58,503544600.55,43850.19,3.04515189,0.00047123,0.01507942,0.00942464,0.92095426,0.93037890,950599255.71,18.4997
1836,5.0267,2.7736,2.7736,3731.72,47529481.98,3951431.84,232377597.58,271210842.75,503588440.34,43839.79,3.04442962,0.00047106,0.01507383,0.00942115,0.92086889,0.93029004,950641095.50,18.4946
1837,5.0294,2.7740,2.7740,3738.81,47537471.03,3951667.92,232408487.42,271223782.30,503632269.73,43829.39,3.04370757,0.00047088,0.01506824,0.00941765,0.92078352,0.93020117,950682924.89,18.4895
1838,5.0322,2.7743,2.7743,3745.92,47545461.16,3951904.00,232439367.48,271236721.24,503676088.72,43818.99,3.04298575,0.00047071,0.01506266,0.00941416,0.92069815,0.93011231,950724743.88,18.4844
1839,5.0349,2.7747,2.7747,3753.04,47553452.35,3952140.07,232470237.78,271249659.55,503719897.32,43808.60,3.04226414,0.00047053,0.01505707,0.00941067,0.92061278,0.93002345,950766552.49,18.4794
1840,5.0376,2.7751,2.7751,3760.17,47561444.60,3952376.14,232501098.30,271262597.24,503763695.54,43798.22,3.04154275,0.00047036,0.01505149,0.00940718,0.92052741,0.92993459,950808350.70,18.4743
1841,5.0404,2.7755,2.7755,3767.32,47569437.93,3952612.20,232531949.06,271275534.31,503807483.37,43787.83,3.04082159,0.00047018,0.01504591,0.00940369,0.92044204,0.92984574,950850138.53,18.4692
1842,5.0431,2.7758,2.7758,3774.48,47577432.33,3952848.26,232562790.06,271288470.76,503851260.82,43777.45,3.04010064,0.00047001,0.01504033,0.00940021,0.92035667,0.92975688,950891915.98,18.4641
1843,5.0459,2.7762,2.7762,3781.66,47585427.79,3953084.31,232593621.30,271301406.59,503895027.89,43767.07,3.03937991,0.00046984,0.01503476,0.00939672,0.92027131,0.92966803,950933683.05,18.4590
1844,5.0486,2.7766,2.7766,3788.85,47593424.32,3953320.36,232624442.78,271314341.81,503938784.59,43756.70,3.03865941,0.00046966,0.01502918,0.00939324,0.92018594,0.92957918,950975439.75,18.4539
1845,5.0513,2.7769,2.7769,3796.05,47601421.93,3953556.40,232655254.51,271327276.40,503982530.91,43746.32,3.03793912,0.00046949,0.01502361,0.00938976,0.92010058,0.92949034,951017186.07,18.4489
1846,5.0541,2.7773,2.7773,3803.26,47609420.60,3953792.44,232686056.49,271340210.37,504026266.86,43735.95,3.03721906,0.00046931,0.01501804,0.00938628,0.92001522,0.92940150,951058922.03,18.4438
1847,5.0568,2.7777,2.7777,3810.49,47617420.34,3954028.47,232716848.72,271353143.73,504069992.45,43725.59,3.03649921,0.00046914,0.01501248,0.00938280,0.91992986,0.92931265,951100647.61,18.4387
1848,5.0595,2.7781,2.7781,3817.74,47625421.15,3954264.50,232747631.22,271366076.46,504113707.68,43715.23,3.03577958,0.00046897,0.01500691,0.00937932,0.91984450,0.92922382,951142362.84,18.4336
1849,5.0623,2.7784,2.7784,3824.99,47633423.02,3954500.52,232778403.97,271379008.58,504157412.54,43704.87,3.03506018,0.00046879,0.01500135,0.00937584,0.91975914,0.92913498,951184067.71,18.4286
1850,5.0650,2.7788,2.7788,3832.26,47641425.97,3954736.53,232809166.98,271391940.07,504201107.05,43694.51,3.03434099,0.00046862,0.01499579,0.00937237,0.91967378,0.92904615,951225762.22,18.4235
1851,5.0678,2.7792,2.7792,3839.55,47649429.99,3954972.54,232839920.26,271404870.95,504244791.21,43684.16,3.03362202,0.00046844,0.01499024,0.00936890,0.91958842,0.92895732,951267446.37,18.4184
1852,5.0705,2.7795,2.7795,3846.85,47657435.08,3955208.55,232870663.81,271417801.21,504288465.02,43673.81,3.03290328,0.00046827,0.01498468,0.00936543,0.91950306,0.92886849,951309120.18,18.4134
1853,5.0732,2.7799,2.7799,3854.16,47665441.24,3955444.55,232901397.63,271430730.85,504332128.48,43663.46,3.03218475,0.00046810,0.01497913,0.00936195,0.91941771,0.92877966,951350783.64,18.4083
1854,5.0760,2.7803,2.7803,3861.48,47673448.47,3955680.55,232932121.73,271443659.87,504375781.60,43653.12,3.03146644,0.00046792,0.01497358,0.00935849,0.91933235,0.92869084,951392436.76,18.4033
1855,5.0787,2.7807,2.7807,3868.82,47681456.77,3955916.54,232962836.10,271456588.27,504419424.37,43642.78,3.03074835,0.00046775,0.01496803,0.00935502,0.91924700,0.92860202,951434079.54,18.3982
1856,5.0815,2.7810,2.7810,3876.18,47689466.14,3956152.52,232993540.76,271469516.06,504463056.81,43632.44,3.03003048,0.00046758,0.01496248,0.00935155,0.91916164,0.92851320,951475711.97,18.3931
1857,5.0842,2.7814,2.7814,3883.55,47697476.58,3956388.50,233024235.70,271482443.22,504506678.92,43622.10,3.02931283,0.00046740,0.01495694,0.00934809,0.91907629,0.92842438,951517334.08,18.3881
1858,5.0869,2.7818,2.7818,3890.93,47705488.09,3956624.48,233054920.92,271495369.77,504550290.69,43611.77,3.02859540,0.00046723,0.01495140,0.00934463,0.91899094,0.92833557,951558945.85,18.3830
1859,5.0897,2.7821,2.7821,3898.32,47713500.67,3956860.45,233085596.44,271508295.70,504593892.14,43601.45,3.02787818,0.00046706,0.01494586,0.00934116,0.91890559,0.92824675,951600547.30,18.3780
1860,5.0924,2.7825,2.7825,3905.73,47721514.33,3957096.41,233116262.25,271521221.01,504637483.26,43591.12,3.02716119,0.00046689,0.01494033,0.00933770,0.91882024,0.92815794,951642138.42,18.3729
1861,5.0951,2.7829,2.7829,3913.16,47729529.05,3957332.37,233146918.36,271534145.70,504681064.06,43580.80,3.02644442,0.00046671,0.01493479,0.00933424,0.91873489,0.92806914,951683719.22,18.3679
1862,5.0979,2.7833,2.7833,3920.60,47737544.85,3957568.32,233177564.77,271547069.77,504724634.54,43570.48,3.02572786,0.00046654,0.01492926,0.00933079,0.91864955,0.92798033,951725289.70,18.3628
1863,5.1006,2.7836,2.7836,3928.05,47745561.72,3957804.27,233208201.48,271559993.23,504768194.70,43560.17,3.02501152,0.00046637,0.01492373,0.00932733,0.91856420,0.92789153,951766849.87,18.3578
1864,5.1034,2.7840,2.7840,3935.52,47753579.66,3958040.22,233238828.49,271572916.06,504811744.56,43549.85,3.02429540,0.00046619,0.01491820,0.00932388,0.91847885,0.92780273,951808399.72,18.3527
1865,5.1061,2.7844,2.7844,3943.00,47761598.67,3958276.15,233269445.82,271585838.28,504855284.10,43539.54,3.02357950,0.00046602,0.01491268,0.00932042,0.91839351,0.92771393,951849939.27,18.3477
1866,5.1088,2.7848,2.7848,3950.49,47769618.75,3958512.09,233300053.46,271598759.88,504898813.34,43529.24,3.02286382,0.00046585,0.01490715,0.00931697,0.91830817,0.92762514,951891468.50,18.3427
1867,5.1116,2.7851,2.7851,3958.00,47777639.91,3958748.02,233330651.41,271611680.87,504942332.28,43518.94,3.02214836,0.00046568,0.01490163,0.00931352,0.91822282,0.92753635,951932987.44,18.3376
1868,5.1143,2.7855,2.7855,3965.52,47785662.13,3958983.94,233361239.68,271624601.23,504985840.91,43508.64,3.02143311,0.00046550,0.01489612,0.00931007,0.91813748,0.92744755,951974496.08,18.3326
1869,5.1170,2.7859,2.7859,3973.06,47793685.43,3959219.86,233391818.27,271637520.98,505029339.26,43498.34,3.02071809,0.00046533,0.01489060,0.00930663,0.91805214,0.92735877,952015994.42,18.3276
1870,5.1198,2.7862,2.7862,3980.61,47801709.81,3959455.77,233422387.19,271650440.11,505072827.30,43488.05,3.02000328,0.00046516,0.01488509,0.00930318,0.91796680,0.92726998,952057482.47,18.3225
1871,5.1225,2.7866,2.7866,3988.18,47809735.25,3959691.68,233452946.43,271663358.63,505116305.06,43477.76,3.01928869,0.00046499,0.01487958,0.00929974,0.91788146,0.92718120,952098960.22,18.3175
1872,5.1253,2.7870,2.7870,3995.76,47817761.77,3959927.58,233483496.01,271676276.52,505159772.53,43467.47,3.01857432,0.00046481,0.01487407,0.00929629,0.91779612,0.92709242,952140427.69,18.3125
1873,5.1280,2.7874,2.7874,4003.36,47825789.36,3960163.48,233514035.91,271689193.80,505203229.72,43457.19,3.01786017,0.00046464,0.01486856,0.00929285,0.91771079,0.92700364,952181884.88,18.3074
1874,5.1307,2.7877,2.7877,4010.97,47833818.03,3960399.37,233544566.16,271702110.46,505246676.62,43446.91,3.01714623,0.00046447,0.01486306,0.00928941,0.91762545,0.92691486,952223331.78,18.3024
1875,5.1335,2.7881,2.7881,4018.59,47841847.76,3960635.25,233575086.74,271715026.51,505290113.25,43436.63,3.01643251,0.00046430,0.01485755,0.00928597,0.91754012,0.92682609,952264768.41,18.2974
1876,5.1362,2.7885,2.7885,4026.23,47849878.57,3960871.14,233605597.67,271727941.94,505333539.60,43426.35,3.01571901,0.00046413,0.01485205,0.00928253,0.91745478,0.92673732,952306194.77,18.2924
1877,5.1389,2.7888,2.7888,4033.88,47857910.46,3961107.01,233636098.94,271740856.75,505376955.69,43416.08,3.01500573,0.00046395,0.01484656,0.00927910,0.91736945,0.92664855,952347610.85,18.2874
1878,5.1417,2.7892,2.7892,4041.55,47865943.42,3961342.88,233666590.56,271753770.94,505420361.50,43405.81,3.01429267,0.00046378,0.01484106,0.00927566,0.91728412,0.92655978,952389016.66,18.2823
1879,5.1444,2.7896,2.7896,4049.23,47873977.45,3961578.75,233697072.53,271766684.52,505463757.05,43395.55,3.01357982,0.00046361,0.01483557,0.00927223,0.91719878,0.92647101,952430412.21,18.2773
1880,5.1472,2.7900,2.7900,4056.93,47882012.56,3961814.61,233727544.86,271779597.48,505507142.34,43385.29,3.01286719,0.00046344,0.01483008,0.00926880,0.91711345,0.92638225,952471797.50,18.2723
1881,5.1499,2.7903,2.7903,4064.64,47890048.74,3962050.47,233758007.54,271792509.82,505550517.37,43375.03,3.01215478,0.00046327,0.01482459,0.00926537,0.91702812,0.92629349,952513172.53,18.2673
1882,5.1526,2.7907,2.7907,4072.37,47898085.99,3962286.32,233788460.59,271805421.55,505593882.14,43364.77,3.01144259,0.00046310,0.01481910,0.00926194,0.91694279,0.92620473,952554537.30,18.2623
1883,5.1554,2.7911,2.7911,4080.11,47906124.32,3962522.16,233818904.00,271818332.66,505637236.66,43354.52,3.01073061,0.00046293,0.01481362,0.00925851,0.91685747,0.92611598,952595891.82,18.2573
1884,5.1581,2.7915,2.7915,4087.86,47914163.72,3962758.00,233849337.78,271831243.15,505680580.93,43344.27,3.01001885,0.00046275,0.01480814,0.00925509,0.91677214,0.92602723,952637236.09,18.2523
1885,5.1608,2.7918,2.7918,4095.63,47922204.20,3962993.84,233879761.93,271844153.03,505723914.96,43334.03,3.00930731,0.00046258,0.01480266,0.00925166,0.91668681,0.92593847,952678570.12,18.2473
1886,5.1636,2.7922,2.7922,4103.42,47930245.76,3963229.67,233910176.45,271857062.29,505767238.74,43323.78,3.00859599,0.00046241,0.01479718,0.00924824,0.91660149,0.92584973,952719893.90,18.2423
1887,5.1663,2.7926,2.7926,4111.22,47938288.38,3963465.49,233940581.34,271869970.94,505810552.28,43313.54,3.00788488,0.00046224,0.01479171,0.00924482,0.91651616,0.92576098,952761207.44,18.2373
1888,5.1691,2.7930,2.7930,4119.03,47946332.09,3963701.31,233970976.62,271882878.97,505853855.59,43303.31,3.00717399,0.00046207,0.01478623,0.00924140,0.91643084,0.92567224,952802510.75,18.2323
1889,5.1718,2.7933,2.7933,4126.86,47954376.87,3963937.13,234001362.28,271895786.38,505897148.66,43293.07,3.00646331,0.00046190,0.01478076,0.00923798,0.91634552,0.92558349,952843803.82,18.2273
1890,5.1745,2.7937,2.7937,4134.71,47962422.72,3964172.94,234031738.32,271908693.18,505940431.50,43282.84,3.00575286,0.00046173,0.01477530,0.00923456,0.91626019,0.92549475,952885086.66,18.2223
1891,5.1773,2.7941,2.7941,4142.57,47970469.65,3964408.74,234062104.75,271921599.36,505983704.11,43272.61,3.00504262,0.00046156,0.01476983,0.00923114,0.91617487,0.92540602,952926359.28,18.2173
1892,5.1800,2.7944,2.7944,4150.44,47978517.66,3964644.54,234092461.57,271934504.93,506026966.50,43262.39,3.00433260,0.00046139,0.01476437,0.00922773,0.91608955,0.92531728,952967621.67,18.2123
1893,5.1828,2.7948,2.7948,4158.33,47986566.74,3964880.34,234122808.79,271947409.88,506070218.67,43252.17,3.00362279,0.00046122,0.01475891,0.00922432,0.91600423,0.92522855,953008873.83,18.2073
1894,5.1855,2.7952,2.7952,4166.24,47994616.89,3965116.13,234153146.41,271960314.22,506113460.62,43241.95,3.00291320,0.00046105,0.01475345,0.00922090,0.91591892,0.92513982,953050115.78,18.2023
1895,5.1882,2.7956,2.7956,4174.16,48002668.13,3965351.91,234183474.42,271973217.93,506156692.36,43231.74,3.00220383,0.00046087,0.01474799,0.00921749,0.91583360,0.92505109,953091347.52,18.1973
1896,5.1910,2.7959,2.7959,4182.09,48010720.44,3965587.69,234213792.84,271986121.04,506199913.88,43221.52,3.00149467,0.00046070,0.01474254,0.00921408,0.91574828,0.92496237,953132569.04,18.1923
1897,5.1937,2.7963,2.7963,4190.04,48018773.82,3965823.46,234244101.67,271999023.53,506243125.19,43211.31,3.00078573,0.00046053,0.01473708,0.00921068,0.91566297,0.92487364,953173780.36,18.1873
1898,5.1964,2.7967,2.7967,4198.00,48026828.29,3966059.23,234274400.90,272011925.40,506286326.30,43201.11,3.00007701,0.00046036,0.01473163,0.00920727,0.91557765,0.92478492,953214981.47,18.1824
1899,5.1992,2.7971,2.7971,4205.98,48034883.83,3966294.99,234304690.55,272024826.66,506329517.21,43190.91,2.99936850,0.00046019,0.01472619,0.00920387,0.91549234,0.92469620,953256172.37,18.1774
1900,5.2019,2.7974,2.7974,4213.98,48042940.44,3966530.75,234334970.61,272037727.30,506372697.92,43180.71,2.99866021,0.00046002,0.01472074,0.00920046,0.91540702,0.92460749,953297353.08,18.1724
1901,5.2047,2.7978,2.7978,4221.99,48050998.14,3966766.51,234365241.10,272050627.33,506415868.43,43170.51,2.99795214,0.00045985,0.01471530,0.00919706,0.91532171,0.92451877,953338523.59,18.1674
1902,5.2074,2.7982,2.7982,4230.01,48059056.91,3967002.25,234395502.00,272063526.74,506459028.75,43160.32,2.99724428,0.00045968,0.01470986,0.00919366,0.91523640,0.92443006,953379683.91,18.1625
1903,5.2101,2.7986,2.7986,4238.05,48067116.75,3967238.00,234425753.33,272076425.54,506502178.87,43150.13,2.99653663,0.00045951,0.01470442,0.00919026,0.91515109,0.92434135,953420834.04,18.1575
1904,5.2129,2.7989,2.7989,4246.11,48075177.68,3967473.73,234455995.09,272089323.73,506545318.81,43139.94,2.99582921,0.00045934,0.01469898,0.00918686,0.91506578,0.92425264,953461973.98,18.1525
1905,5.2156,2.7993,2.7993,4254.18,48083239.68,3967709.47,234486227.27,272102221.30,506588448.57,43129.76,2.99512200,0.00045917,0.01469355,0.00918347,0.91498047,0.92416394,953503103.73,18.1475
1906,5.2183,2.7997,2.7997,4262.27,48091302.76,3967945.19,234516449.90,272115118.25,506631568.15,43119.58,2.99441500,0.00045900,0.01468811,0.00918007,0.91489516,0.92407523,953544223.31,18.1426
1907,5.2211,2.8001,2.8001,4270.37,48099366.92,3968180.92,234546662.95,272128014.59,506674677.54,43109.40,2.99370822,0.00045883,0.01468269,0.00917668,0.91480986,0.92398653,953585332.71,18.1376
1908,5.2238,2.8004,2.8004,4278.49,48107432.16,3968416.63,234576866.45,272140910.32,506717776.77,43099.22,2.99300166,0.00045866,0.01467726,0.00917329,0.91472455,0.92389783,953626431.93,18.1326
1909,5.2266,2.8008,2.8008,4286.62,48115498.47,3968652.35,234607060.39,272153805.43,506760865.82,43089.05,2.99229531,0.00045849,0.01467183,0.00916990,0.91463924,0.92380914,953667520.98,18.1277
1910,5.2293,2.8012,2.8012,4294.77,48123565.86,3968888.05,234637244.78,272166699.92,506803944.70,43078.88,2.99158918,0.00045833,0.01466641,0.00916651,0.91455394,0.92372044,953708599.87,18.1227
1911,5.2320,2.8016,2.8016,4302.93,48131634.34,3969123.76,234667419.62,272179593.81,506847013.42,43068.72,2.99088326,0.00045816,0.01466099,0.00916312,0.91446863,0.92363175,953749668.59,18.1178
1912,5.2348,2.8019,2.8019,4311.11,48139703.89,3969359.45,234697584.91,272192487.08,506890071.98,43058.56,2.99017756,0.00045799,0.01465557,0.00915973,0.91438333,0.92354306,953790727.14,18.1128
1913,5.2375,2.8023,2.8023,4319.31,48147774.52,3969595.14,234727740.65,272205379.73,506933120.38,43048.40,2.98947208,0.00045782,0.01465015,0.00915635,0.91429803,0.92345438,953831775.54,18.1079
1914,5.2402,2.8027,2.8027,4327.52,48155846.22,3969830.83,234757886.85,272218271.77,506976158.62,43038.24,2.98876680,0.00045765,0.01464474,0.00915296,0.91421273,0.92336569,953872813.78,18.1029
1915,5.2430,2.8031,2.8031,4335.74,48163919.01,3970066.51,234788023.51,272231163.20,507019186.71,43028.09,2.98806175,0.00045748,0.01463933,0.00914958,0.91412743,0.92327701,953913841.87,18.0980
1916,5.2457,2.8034,2.8034,4343.98,48171992.88,3970302.19,234818150.64,272244054.01,507062204.65,43017.94,2.98735691,0.00045731,0.01463392,0.00914620,0.91404213,0.92318833,953954859.81,18.0930
1917,5.2485,2.8038,2.8038,4352.24,48180067.82,3970537.86,234848268.23,272256944.21,507105212.44,43007.79,2.98665228,0.00045714,0.01462851,0.00914282,0.91395683,0.92309965,953995867.60,18.0881
1918,5.2512,2.8042,2.8042,4360.51,48188143.84,3970773.53,234878376.30,272269833.79,507148210.09,42997.65,2.98594787,0.00045697,0.01462311,0.00913944,0.91387153,0.92301097,954036865.25,18.0831
1919,5.2539,2.8046,2.8046,4368.80,48196220.95,3971009.19,234908474.83,272282722.77,507191197.60,42987.51,2.98524368,0.00045680,0.01461770,0.00913607,0.91378623,0.92292230,954077852.76,18.0782
1920,5.2567,2.8049,2.8049,4377.11,48204299.13,3971244.84,234938563.85,272295611.12,507234174.97,42977.37,2.98453970,0.00045663,0.01461230,0.00913269,0.91370094,0.92283363,954118830.13,18.0732
1921,5.2594,2.8053,2.8053,4385.43,48212378.40,3971480.49,234968643.34,272308498.87,507277142.21,42967.24,2.98383593,0.00045647,0.01460691,0.00912932,0.91361564,0.92274496,954159797.37,18.0683
1922,5.2621,2.8057,2.8057,4393.76,48220458.74,3971716.14,234998713.32,272321386.00,507320099.32,42957.11,2.98313238,0.00045630,0.01460151,0.00912594,0.91353035,0.92265629,954200754.48,18.0633
1923,5.2649,2.8061,2.8061,4402.11,48228540.17,3971951.78,235028773.78,272334272.52,507363046.29,42946.98,2.98242905,0.00045613,0.01459612,0.00912257,0.91344505,0.92256762,954241701.46,18.0584
1924,5.2676,2.8064,2.8064,4410.48,48236622.67,3972187.41,235058824.72,272347158.42,507405983.15,42936.85,2.98172592,0.00045596,0.01459072,0.00911920,0.91335976,0.92247896,954282638.31,18.0535
1925,5.2704,2.8068,2.8068,4418.87,48244706.25,3972423.04,235088866.16,272360043.72,507448909.88,42926.73,2.98102302,0.00045579,0.01458533,0.00911583,0.91327447,0.92239030,954323565.04,18.0485
1926,5.2731,2.8072,2.8072,4427.26,48252790.92,3972658.67,235118898.10,272372928.40,507491826.49,42916.61,2.98032033,0.00045562,0.01457995,0.00911247,0.91318917,0.92230164,954364481.65,18.0436
1927,5.2758,2.8076,2.8076,4435.68,48260876.67,3972894.29,235148920.53,272385812.46,507534732.99,42906.50,2.97961785,0.00045546,0.01457456,0.00910910,0.91310388,0.92221298,954405388.15,18.0387
1928,5.2786,2.8079,2.8079,4444.11,48268963.49,3973129.90,235178933.46,272398695.91,507577629.37,42896.38,2.97891558,0.00045529,0.01456918,0.00910574,0.91301859,0.92212433,954446284.54,18.0337
1929,5.2813,2.8083,2.8083,4452.56,48277051.40,3973365.51,235208936.89,272411578.76,507620515.65,42886.27,2.97821353,0.00045512,0.01456380,0.00910237,0.91293330,0.92203568,954487170.81,18.0288
1930,5.2841,2.8087,2.8087,4461.02,48285140.39,3973601.12,235238930.83,272424460.98,507663391.82,42876.17,2.97751170,0.00045495,0.01455842,0.00909901,0.91284801,0.92194703,954528046.98,18.0239
1931,5.2868,2.8091,2.8091,4469.50,48293230.46,3973836.72,235268915.28,272437342.60,507706257.88,42866.07,2.97681008,0.00045478,0.01455305,0.00909565,0.91276273,0.92185838,954568913.04,18.0190
1932,5.2895,2.8094,2.8094,4478.00,48301321.61,3974072.31,235298890.25,272450223.60,507749113.85,42855.96,2.97610867,0.00045461,0.01454767,0.00909229,0.91267744,0.92176973,954609769.01,18.0140
1933,5.2923,2.8098,2.8098,4486.51,48309413.85,3974307.90,235328855.72,272463103.99,507791959.71,42845.87,2.97540748,0.00045445,0.01454230,0.00908894,0.91259215,0.92168109,954650614.88,18.0091
1934,5.2950,2.8102,2.8102,4495.04,48317507.16,3974543.49,235358811.72,272475983.77,507834795.49,42835.77,2.97470650,0.00045428,0.01453693,0.00908558,0.91250687,0.92159245,954691450.65,18.0042
1935,5.2977,2.8106,2.8106,4503.58,48325601.56,3974779.07,235388758.24,272488862.93,507877621.17,42825.68,2.97400573,0.00045411,0.01453156,0.00908223,0.91242158,0.92150381,954732276.33,17.9993
1936,5.3005,2.8109,2.8109,4512.14,48333697.04,3975014.64,235418695.28,272501741.49,507920436.76,42815.59,2.97330518,0.00045394,0.01452620,0.00907887,0.91233630,0.92141517,954773091.93,17.9944
1937,5.3032,2.8113,2.8113,4520.72,48341793.60,3975250.21,235448622.85,272514619.43,507963242.27,42805.51,2.97260485,0.00045378,0.01452084,0.00907552,0.91225102,0.92132654,954813897.44,17.9895
1938,5.3060,2.8117,2.8117,4529.31,48349891.25,3975485.77,235478540.94,272527496.76,508006037.70,42795.43,2.97190472,0.00045361,0.01451548,0.00907217,0.91216574,0.92123791,954854692.87,17.9846
1939,5.3087,2.8121,2.8121,4537.92,48357989.97,3975721.33,235508449.58,272540373.48,508048823.05,42785.35,2.97120481,0.00045344,0.01451012,0.00906882,0.91208045,0.92114928,954895478.21,17.9796
1940,5.3114,2.8124,2.8124,4546.55,48366089.78,3975956.89,235538348.74,272553249.58,508091598.33,42775.27,2.97050512,0.00045327,0.01450476,0.00906548,0.91199517,0.92106065,954936253.49,17.9747
1941,5.3142,2.8128,2.8128,4555.19,48374190.68,3976192.43,235568238.45,272566125.07,508134363.53,42765.20,2.96980563,0.00045311,0.01449941,0.00906213,0.91190989,0.92097202,954977018.69,17.9698
1942,5.3169,2.8132,2.8132,4563.85,48382292.65,3976427.98,235598118.70,272578999.96,508177118.66,42755.13,2.96910636,0.00045294,0.01449406,0.00905878,0.91182461,0.92088340,955017773.82,17.9649
1943,5.3196,2.8136,2.8136,4572.52,48390395.71,3976663.52,235627989.50,272591874.23,508219863.72,42745.07,2.96840731,0.00045277,0.01448871,0.00905544,0.91173934,0.92079478,955058518.89,17.9600
1944,5.3224,2.8139,2.8139,4581.22,48398499.85,3976899.05,235657850.84,272604747.88,508262598.73,42735.00,2.96770846,0.00045260,0.01448336,0.00905210,0.91165406,0.92070616,955099253.89,17.9551
1945,5.3251,2.8143,2.8143,4589.92,48406605.07,3977134.58,235687702.74,272617620.93,508305323.67,42724.94,2.96700983,0.00045244,0.01447801,0.00904876,0.91156878,0.92061754,955139978.83,17.9502
1946,5.3279,2.8147,2.8147,4598.65,48414711.38,3977370.10,235717545.18,272630493.37,508348038.55,42714.88,2.96631142,0.00045227,0.01447267,0.00904542,0.91148351,0.92052893,955180693.71,17.9453
1947,5.3306,2.8151,2.8151,4607.39,48422818.77,3977605.62,235747378.19,272643365.19,508390743.38,42704.83,2.96561321,0.00045210,0.01446733,0.00904208,0.91139823,0.92044031,955221398.54,17.9404
1948,5.3333,2.8154,2.8154,4616.15,48430927.25,3977841.13,235777201.76,272656236.40,508433438.16,42694.78,2.96491522,0.00045194,0.01446199,0.00903875,0.91131296,0.92035170,955262093.32,17.9355
1949,5.3361,2.8158,2.8158,4624.92,48439036.81,3978076.64,235807015.89,272669107.01,508476122.89,42684.73,2.96421744,0.00045177,0.01445666,0.00903541,0.91122768,0.92026309,955302778.05,17.9307
1950,5.3388,2.8162,2.8162,4633.71,48447147.45,3978312.14,235836820.58,272681977.00,508518797.58,42674.69,2.96351988,0.00045160,0.01445132,0.00903208,0.91114241,0.92017449,955343452.74,17.9258
1951,5.3415,2.8166,2.8166,4642.52,48455259.18,3978547.64,235866615.85,272694846.38,508561462.22,42664.64,2.96282253,0.00045144,0.01444599,0.00902874,0.91105714,0.92008588,955384117.39,17.9209
1952,5.3443,2.8169,2.8169,4651.35,48463371.99,3978783.13,235896401.68,272707715.15,508604116.83,42654.61,2.96212539,0.00045127,0.01444066,0.00902541,0.91097187,0.91999728,955424771.99,17.9160
1953,5.3470,2.8173,2.8173,4660.19,48471485.89,3979018.62,235926178.09,272720583.30,508646761.40,42644.57,2.96142846,0.00045110,0.01443533,0.00902208,0.91088660,0.91990868,955465416.56,17.9111
1954,5.3498,2.8177,2.8177,4669.05,48479600.87,3979254.10,235955945.08,272733450.85,508689395.94,42634.54,2.96073175,0.00045094,0.01443001,0.00901876,0.91080133,0.91982008,955506051.10,17.9062
1955,5.3525,2.8181,2.8181,4677.92,48487716.94,3979489.58,235985702.66,272746317.79,508732020.44,42624.51,2.96003525,0.00045077,0.01442469,0.00901543,0.91071606,0.91973149,955546675.61,17.9013
1956,5.3552,2.8185,2.8185,4686.81,48495834.09,3979725.05,236015450.81,272759184.11,508774634.92,42614.48,2.95933896,0.00045061,0.01441936,0.00901210,0.91063079,0.91964289,955587290.09,17.8965
1957,5.3580,2.8188,2.8188,4695.72,48503952.33,3979960.52,236045189.55,272772049.83,508817239.38,42604.46,2.95864288,0.00045044,0.01441405,0.00900878,0.91054552,0.91955430,955627894.54,17.8916
1958,5.3607,2.8192,2.8192,4704.65,48512071.65,3980195.98,236074918.88,272784914.93,508859833.82,42594.44,2.95794702,0.00045027,0.01440873,0.00900546,0.91046025,0.91946571,955668488.98,17.8867
1959,5.3634,2.8196,2.8196,4713.59,48520192.06,3980431.44,236104638.81,272797779.43,508902418.24,42584.42,2.95725136,0.00045011,0.01440342,0.00900214,0.91037499,0.91937712,955709073.40,17.8818
1960,5.3662,2.8200,2.8200,4722.55,48528313.55,3980666.89,236134349.33,272810643.31,508944992.64,42574.41,2.95655592,0.00044994,0.01439810,0.00899882,0.91028972,0.91928854,955749647.81,17.8770
1961,5.3689,2.8203,2.8203,4731.53,48536436.13,3980902.34,236164050.45,272823506.59,508987557.04,42564.39,2.95586070,0.00044977,0.01439279,0.00899550,0.91020446,0.91919995,955790212.20,17.8721
1962,5.3717,2.8207,2.8207,4740.52,48544559.79,3981137.78,236193742.17,272836369.25,509030111.42,42554.39,2.95516568,0.00044961,0.01438749,0.00899218,0.91011919,0.91911137,955830766.59,17.8672
1963,5.3744,2.8211,2.8211,4749.53,48552684.54,3981373.22,236223424.50,272849231.30,509072655.80,42544.38,2.95447088,0.00044944,0.01438218,0.00898886,0.91003393,0.91902279,955871310.97,17.8624
1964,5.3771,2.8215,2.8215,4758.56,48560810.38,3981608.65,236253097.44,272862092.75,509115190.18,42534.38,2.95377629,0.00044928,0.01437688,0.00898555,0.90994867,0.91893422,955911845.35,17.8575
1965,5.3799,2.8218,2.8218,4767.61,48568937.30,3981844.07,236282760.98,272874953.58,509157714.56,42524.38,2.95308191,0.00044911,0.01437158,0.00898224,0.90986341,0.91884564,955952369.72,17.8526
1966,5.3826,2.8222,2.8222,4776.67,48577065.31,3982079.50,236312415.14,272887813.80,509200228.95,42514.38,2.95238774,0.00044895,0.01436628,0.00897892,0.90977815,0.91875707,955992884.11,17.8478
1967,5.3854,2.8226,2.8226,4785.75,48585194.40,3982314.91,236342059.92,272900673.42,509242733.34,42504.39,2.95169378,0.00044878,0.01436098,0.00897561,0.90969289,0.91866850,956033388.50,17.8429
1968,5.3881,2.8230,2.8230,4794.85,48593324.59,3982550.32,236371695.31,272913532.42,509285227.74,42494.40,2.95100004,0.00044862,0.01435569,0.00897230,0.90960763,0.91857993,956073882.90,17.8380
1969,5.3908,2.8234,2.8234,4803.96,48601455.86,3982785.73,236401321.33,272926390.82,509327712.15,42484.41,2.95030650,0.00044845,0.01435040,0.00896900,0.90952237,0.91849137,956114367.31,17.8332
1970,5.3936,2.8237,2.8237,4813.09,48609588.21,3983021.13,236430937.98,272939248.60,509370186.58,42474.43,2.94961318,0.00044828,0.01434511,0.00896569,0.90943711,0.91840280,956154841.74,17.8283
1971,5.3963,2.8241,2.8241,4822.24,48617721.65,3983256.53,236460545.25,272952105.78,509412651.03,42464.45,2.94892007,0.00044812,0.01433982,0.00896239,0.90935185,0.91831424,956195306.19,17.8235
1972,5.3990,2.8245,2.8245,4831.41,48625856.19,3983491.92,236490143.15,272964962.35,509455105.50,42454.47,2.94822717,0.00044795,0.01433453,0.00895908,0.90926660,0.91822568,956235760.66,17.8186
1973,5.4018,2.8249,2.8249,4840.59,48633991.80,3983727.30,236519731.69,272977818.30,509497550.00,42444.50,2.94753449,0.00044779,0.01432925,0.00895578,0.90918134,0.91813712,956276205.16,17.8138
1974,5.4045,2.8252,2.8252,4849.79,48642128.51,3983962.69,236549310.87,272990673.65,509539984.52,42434.52,2.94684201,0.00044762,0.01432397,0.00895248,0.90909609,0.91804857,956316639.68,17.8089
1975,5.4073,2.8256,2.8256,4859.01,48650266.30,3984198.06,236578880.69,273003528.39,509582409.08,42424.56,2.94614975,0.00044746,0.01431869,0.00894918,0.90901083,0.91796001,956357064.24,17.8041
1976,5.4100,2.8260,2.8260,4868.25,48658405.18,3984433.43,236608441.15,273016382.52,509624823.67,42414.59,2.94545769,0.00044729,0.01431341,0.00894588,0.90892558,0.91787146,956397478.83,17.7992
1977,5.4127,2.8264,2.8264,4877.50,48666545.15,3984668.80,236637992.25,273029236.04,509667228.30,42404.63,2.94476585,0.00044713,0.01430814,0.00894259,0.90884033,0.91778291,956437883.46,17.7944
1978,5.4155,2.8268,2.8268,4886.77,48674686.21,3984904.16,236667534.01,273042088.95,509709622.97,42394.67,2.94407422,0.00044696,0.01430286,0.00893929,0.90875507,0.91769436,956478278.13,17.7896
1979,5.4182,2.8271,2.8271,4896.06,48682828.35,3985139.51,236697066.42,273054941.26,509752007.68,42384.71,2.94338280,0.00044680,0.01429759,0.00893600,0.90866982,0.91760582,956518662.84,17.7847
1980,5.4209,2.8275,2.8275,4905.37,48690971.59,3985374.86,236726589.48,273067792.95,509794382.44,42374.76,2.94269159,0.00044664,0.01429233,0.00893270,0.90858457,0.91751728,956559037.60,17.7799
1981,5.4237,2.8279,2.8279,4914.69,48699115.91,3985610.21,236756103.21,273080644.04,509836747.25,42364.81,2.94200059,0.00044647,0.01428706,0.00892941,0.90849932,0.91742873,956599402.41,17.7750
1982,5.4264,2.8283,2.8283,4924.03,48707261.32,3985845.55,236785607.59,273093494.52,509879102.11,42354.86,2.94130980,0.00044631,0.01428180,0.00892612,0.90841407,0.91734020,956639757.27,17.7702
1983,5.4292,2.8286,2.8286,4933.39,48715407.82,3986080.89,236815102.64,273106344.38,509921447.02,42344.92,2.94061923,0.00044614,0.01427653,0.00892283,0.90832882,0.91725166,956680102.19,17.7654
1984,5.4319,2.8290,2.8290,4942.77,48723555.41,3986316.22,236844588.35,273119193.64,509963782.00,42334.98,2.93992886,0.00044598,0.01427127,0.00891955,0.90824358,0.91716312,956720437.16,17.7606
1985,5.4346,2.8294,2.8294,4952.17,48731704.09,3986551.54,236874064.74,273132042.30,510006107.04,42325.04,2.93923870,0.00044581,0.01426602,0.00891626,0.90815833,0.91707459,956760762.20,17.7557
1986,5.4374,2.8298,2.8298,4961.58,48739853.86,3986786.86,236903531.80,273144890.34,510048422.14,42315.10,2.93854876,0.00044565,0.01426076,0.00891298,0.90807308,0.91698606,956801077.30,17.7509
1987,5.4401,2.8302,2.8302,4971.01,48748004.71,3987022.18,236932989.53,273157737.78,510090727.31,42305.17,2.93785902,0.00044548,0.01425551,0.00890969,0.90798784,0.91689753,956841382.47,17.7461
1988,5.4428,2.8305,2.8305,4980.46,48756156.66,3987257.49,236962437.94,273170584.60,510133022.55,42295.24,2.93716950,0.00044532,0.01425026,0.00890641,0.90790259,0.91680900,956881677.71,17.7412
1989,5.4456,2.8309,2.8309,4989.93,48764309.70,3987492.79,236991877.04,273183430.82,510175307.86,42285.31,2.93648018,0.00044516,0.01424501,0.00890313,0.90781735,0.91672048,956921963.03,17.7364
1990,5.4483,2.8313,2.8313,4999.41,48772463.82,3987728.09,237021306.82,273196276.44,510217583.26,42275.39,2.93579108,0.00044499,0.01423976,0.00889985,0.90773211,0.91663196,956962238.42,17.7316
1991,5.4511,2.8317,2.8317,5008.91,48780619.04,3987963.39,237050727.29,273209121.44,510259848.73,42265.47,2.93510218,0.00044483,0.01423452,0.00889657,0.90764686,0.91654344,957002503.89,17.7268
1992,5.4538,2.8321,2.8321,5018.44,48788775.35,3988198.68,237080138.45,273221965.84,510302104.28,42255.55,2.93441350,0.00044466,0.01422928,0.00889330,0.90756162,0.91645492,957042759.44,17.7220
1993,5.4565,2.8324,2.8324,5027.97,48796932.74,3988433.96,237109540.30,273234809.62,510344349.92,42245.64,2.93372502,0.00044450,0.01422404,0.00889002,0.90747638,0.91636640,957083005.08,17.7172
1994,5.4593,2.8328,2.8328,5037.53,48805091.23,3988669.24,237138932.85,273247652.80,510386585.65,42235.73,2.93303676,0.00044434,0.01421880,0.00888675,0.90739114,0.91627789,957123240.81,17.7123
1995,5.4620,2.8332,2.8332,5047.11,48813250.81,3988904.52,237168316.09,273260495.38,510428811.47,42225.82,2.93234871,0.00044417,0.01421356,0.00888348,0.90730590,0.91618938,957163466.63,17.7075
1996,5.4648,2.8336,2.8336,5056.70,48821411.48,3989139.79,237197690.05,273273337.34,510471027.39,42215.92,2.93166086,0.00044401,0.01420833,0.00888021,0.90722066,0.91610087,957203682.55,17.7027
1997,5.4675,2.8339,2.8339,5066.31,48829573.24,3989375.05,237227054.70,273286178.70,510513233.40,42206.01,2.93097323,0.00044385,0.01420310,0.00887694,0.90713542,0.91601236,957243888.57,17.6979
1998,5.4702,2.8343,2.8343,5075.94,48837736.09,3989610.31,237256410.07,273299019.45,510555429.52,42196.12,2.93028580,0.00044368,0.01419787,0.00887367,0.90705018,0.91592385,957284084.68,17.6931
1999,5.4730,2.8347,2.8347,5085.59,48845900.03,3989845.57,237285756.14,273311859.60,510597615.74,42186.22,2.92959859,0.00044352,0.01419264,0.00887040,0.90696495,0.91583535,957324270.90,17.6883
2000,5.4757,2.8351,2.8351,5095.26,48854065.07,3990080.81,237315092.93,273324699.13,510639792.06,42176.33,2.92891158,0.00044336,0.01418742,0.00886714,0.90687971,0.91574685,957364447.23,17.6835
2001,5.4784,2.8355,2.8355,5104.94,48862231.19,3990316.06,237344420.44,273337538.06,510681958.50,42166.44,2.92822478,0.00044319,0.01418220,0.00886387,0.90679447,0.91565835,957404613.66,17.6787
2002,5.4812,2.8358,2.8358,5114.65,48870398.41,3990551.30,237373738.67,273350376.39,510724115.05,42156.55,2.92753820,0.00044303,0.01417697,0.00886061,0.90670924,0.91556985,957444770.21,17.6739
2003,5.4839,2.8362,2.8362,5124.37,48878566.72,3990786.53,237403047.62,273363214.10,510766261.72,42146.67,2.92685182,0.00044287,0.01417176,0.00885735,0.90662401,0.91548135,957484916.88,17.6691
2004,5.4867,2.8366,2.8366,5134.11,48886736.12,3991021.76,237432347.29,273376051.21,510808398.50,42136.79,2.92616565,0.00044270,0.01416654,0.00885409,0.90653877,0.91539286,957525053.67,17.6643
2005,5.4894,2.8370,2.8370,5143.87,48894906.61,3991256.99,237461637.70,273388887.71,510850525.41,42126.91,2.92547969,0.00044254,0.01416133,0.00885083,0.90645354,0.91530437,957565180.57,17.6595
2006,5.4921,2.8374,2.8374,5153.65,48903078.19,3991492.21,237490918.84,273401723.61,510892642.44,42117.03,2.92479394,0.00044238,0.01415611,0.00884757,0.90636831,0.91521588,957605297.61,17.6547
2007,5.4949,2.8377,2.8377,5163.44,48911250.87,3991727.42,237520190.71,273414558.90,510934749.60,42107.16,2.92410840,0.00044222,0.01415090,0.00884432,0.90628308,0.91512739,957645404.77,17.6499
2008,5.4976,2.8381,2.8381,5173.26,48919424.64,3991962.63,237549453.32,273427393.58,510976846.90,42097.29,2.92342307,0.00044205,0.01414570,0.00884106,0.90619784,0.91503890,957685502.06,17.6451
2009,5.5003,2.8385,2.8385,5183.09,48927599.50,3992197.83,237578706.67,273440227.65,511018934.32,42087.43,2.92273795,0.00044189,0.01414049,0.00883781,0.90611261,0.91495042,957725589.49,17.6403
2010,5.5031,2.8389,2.8389,5192.94,48935775.46,3992433.03,237607950.76,273453061.12,511061011.89,42077.56,2.92205303,0.00044173,0.01413529,0.00883456,0.90602739,0.91486194,957765667.05,17.6356
2011,5.5058,2.8393,2.8393,5202.82,48943952.51,3992668.23,237637185.60,273465893.99,511103079.59,42067.70,2.92136833,0.00044157,0.01413009,0.00883130,0.90594216,0.91477346,957805734.75,17.6308
2012,5.5086,2.8396,2.8396,5212.70,48952130.65,3992903.42,237666411.20,273478726.24,511145137.44,42057.85,2.92068383,0.00044140,0.01412489,0.00882805,0.90585693,0.91468498,957845792.60,17.6260
2013,5.5113,2.8400,2.8400,5222.61,48960309.88,3993138.60,237695627.54,273491557.89,511187185.43,42047.99,2.91999954,0.00044124,0.01411969,0.00882481,0.90577170,0.91459651,957885840.59,17.6212
2014,5.5140,2.8404,2.8404,5232.54,48968490.21,3993373.78,237724834.64,273504388.94,511229223.57,42038.14,2.91931547,0.00044108,0.01411450,0.00882156,0.90568647,0.91450803,957925878.74,17.6164
2015,5.5168,2.8408,2.8408,5242.49,48976671.63,3993608.95,237754032.49,273517219.38,511271251.87,42028.29,2.91863160,0.00044092,0.01410930,0.00881831,0.90560125,0.91441956,957965907.03,17.6117
2016,5.5195,2.8412,2.8412,5252.45,48984854.15,3993844.12,237783221.11,273530049.21,511313270.32,42018.45,2.91794793,0.00044075,0.01410411,0.00881507,0.90551602,0.91433109,958005925.48,17.6069
2017,5.5222,2.8415,2.8415,5262.44,48993037.75,3994079.29,237812400.49,273542878.44,511355278.93,42008.61,2.91726448,0.00044059,0.01409893,0.00881183,0.90543080,0.91424263,958045934.09,17.6021
2018,5.5250,2.8419,2.8419,5272.44,49001222.46,3994314.45,237841570.64,273555707.06,511397277.70,41998.77,2.91658123,0.00044043,0.01409374,0.00880859,0.90534557,0.91415416,958085932.86,17.5973
2019,5.5277,2.8423,2.8423,5282.46,49009408.25,3994549.60,237870731.56,273568535.07,511439266.63,41988.93,2.91589820,0.00044027,0.01408855,0.00880535,0.90526035,0.91406570,958125921.79,17.5926
2020,5.5305,2.8427,2.8427,5292.50,49017595.15,3994784.75,237899883.25,273581362.48,511481245.73,41979.10,2.91521537,0.00044011,0.01408337,0.00880211,0.90517513,0.91397724,958165900.90,17.5878
2021,5.5332,2.8431,2.8431,5302.56,49025783.13,3995019.89,237929025.72,273594189.29,511523215.00,41969.27,2.91453275,0.00043994,0.01407819,0.00879887,0.90508991,0.91388878,958205870.17,17.5830
2022,5.5359,2.8434,2.8434,5312.64,49033972.21,3995255.03,237958158.96,273607015.49,511565174.45,41959.44,2.91385034,0.00043978,0.01407302,0.00879563,0.90500469,0.91380032,958245829.61,17.5783
2023,5.5387,2.8438,2.8438,5322.74,49042162.39,3995490.16,237987282.99,273619841.08,511607124.07,41949.62,2.91316813,0.00043962,0.01406784,0.00879240,0.90491947,0.91371187,958285779.23,17.5735
2024,5.5414,2.8442,2.8442,5332.86,49050353.66,3995725.29,238016397.80,273632666.07,511649063.87,41939.80,2.91248614,0.00043946,0.01406267,0.00878917,0.90483425,0.91362341,958325719.03,17.5687
2025,5.5441,2.8446,2.8446,5342.99,49058546.02,3995960.42,238045503.40,273645490.45,511690993.85,41929.98,2.91180435,0.00043930,0.01405750,0.00878593,0.90474903,0.91353496,958365649.02,17.5640
2026,5.5469,2.8450,2.8450,5353.15,49066739.48,3996195.54,238074599.79,273658314.23,511732914.02,41920.17,2.91112277,0.00043914,0.01405233,0.00878270,0.90466381,0.91344651,958405569.18,17.5592
2027,5.5496,2.8453,2.8453,5363.33,49074934.04,3996430.65,238103686.97,273671137.40,511774824.38,41910.36,2.91044140,0.00043897,0.01404716,0.00877947,0.90457859,0.91335807,958445479.54,17.5545
2028,5.5524,2.8457,2.8457,5373.52,49083129.69,3996665.76,238132764.95,273683959.97,511816724.93,41900.55,2.90976023,0.00043881,0.01404200,0.00877625,0.90449337,0.91326962,958485380.09,17.5497
2029,5.5551,2.8461,2.8461,5383.74,49091326.44,3996900.86,238161833.73,273696781.94,511858615.67,41890.74,2.90907927,0.00043865,0.01403683,0.00877302,0.90440816,0.91318118,958525270.83,17.5450
2030,5.5578,2.8465,2.8465,5393.97,49099524.28,3997135.96,238190893.31,273709603.29,511900496.61,41880.94,2.90839852,0.00043849,0.01403167,0.00876980,0.90432294,0.91309274,958565151.77,17.5402
2031,5.5606,2.8469,2.8469,5404.22,49107723.22,3997371.05,238219943.70,273722424.05,511942367.74,41871.14,2.90771798,0.00043833,0.01402651,0.00876657,0.90423773,0.91300430,958605022.91,17.5355
2032,5.5633,2.8472,2.8472,5414.49,49115923.25,3997606.14,238248984.89,273735244.20,511984229.09,41861.34,2.90703765,0.00043817,0.01402136,0.00876335,0.90415251,0.91291586,958644884.25,17.5307
2033,5.5661,2.8476,2.8476,5424.79,49124124.38,3997841.23,238278016.89,273748063.74,512026080.63,41851.55,2.90635752,0.00043801,0.01401620,0.00876013,0.90406730,0.91282743,958684735.80,17.5260
2034,5.5688,2.8480,2.8480,5435.10,49132326.61,3998076.31,238307039.71,273760882.68,512067922.39,41841.76,2.90567760,0.00043785,0.01401105,0.00875691,0.90398209,0.91273899,958724577.56,17.5212
2035,5.5715,2.8484,2.8484,5445.43,49140529.93,3998311.38,238336053.34,273773701.02,512109754.36,41831.97,2.90499789,0.00043768,0.01400590,0.00875369,0.90389687,0.91265056,958764409.52,17.5165
2036,5.5743,2.8488,2.8488,5455.78,49148734.35,3998546.45,238365057.80,273786518.75,512151576.55,41822.18,2.90431838,0.00043752,0.01400075,0.00875047,0.90381166,0.91256213,958804231.71,17.5117
2037,5.5770,2.8491,2.8491,5466.15,49156939.87,3998781.51,238394053.07,273799335.88,512193388.95,41812.40,2.90363908,0.00043736,0.01399561,0.00874726,0.90372645,0.91247371,958844044.11,17.5070
2038,5.5797,2.8495,2.8495,5476.54,49165146.48,3999016.57,238423039.17,273812152.40,512235191.57,41802.62,2.90295999,0.00043720,0.01399046,0.00874404,0.90364124,0.91238528,958883846.74,17.5023
2039,5.5825,2.8499,2.8499,5486.95,49173354.19,3999251.62,238452016.10,273824968.32,512276984.42,41792.85,2.90228111,0.00043704,0.01398532,0.00874083,0.90355603,0.91229686,958923639.58,17.4975
2040,5.5852,2.8503,2.8503,5497.38,49181563.00,3999486.67,238480983.86,273837783.63,512318767.50,41783.08,2.90160243,0.00043688,0.01398018,0.00873762,0.90347082,0.91220844,958963422.66,17.4928
2041,5.5880,2.8507,2.8507,5507.83,49189772.90,3999721.72,238509942.46,273850598.34,512360540.80,41773.31,2.90092396,0.00043672,0.01397505,0.00873440,0.90338561,0.91212002,959003195.96,17.4881
2042,5.5907,2.8510,2.8510,5518.30,49197983.91,3999956.75,238538891.89,273863412.45,512402304.34,41763.54,2.90024570,0.00043656,0.01396991,0.00873119,0.90330041,0.91203160,959042959.50,17.4833
2043,5.5934,2.8514,2.8514,5528.79,49206196.01,4000191.79,238567832.16,273876225.95,512444058.11,41753.77,2.89956764,0.00043640,0.01396478,0.00872799,0.90321520,0.91194319,959082713.28,17.4786
2044,5.5962,2.8518,2.8518,5539.30,49214409.20,4000426.82,238596763.27,273889038.85,512485802.13,41744.01,2.89888979,0.00043624,0.01395965,0.00872478,0.90312999,0.91185477,959122457.29,17.4739
2045,5.5989,2.8522,2.8522,5549.83,49222623.50,4000661.84,238625685.23,273901851.15,512527536.38,41734.25,2.89821215,0.00043608,0.01395452,0.00872157,0.90304479,0.91176636,959162191.54,17.4691
2046,5.6016,2.8526,2.8526,5560.38,49230838.89,4000896.86,238654598.04,273914662.84,512569260.88,41724.50,2.89753471,0.00043592,0.01394939,0.00871837,0.90295958,0.91167795,959201916.04,17.4644
2047,5.6044,2.8529,2.8529,5570.95,49239055.39,4001131.87,238683501.70,273927473.93,512610975.63,41714.75,2.89685748,0.00043576,0.01394427,0.00871517,0.90287438,0.91158955,959241630.79,17.4597
2048,5.6071,2.8533,2.8533,5581.54,49247272.98,4001366.88,238712396.21,273940284.42,512652680.63,41705.00,2.89618046,0.00043560,0.01393915,0.00871197,0.90278918,0.91150114,959281335.79,17.4550
2049,5.6099,2.8537,2.8537,5592.15,49255491.67,4001601.88,238741281.58,273953094.30,512694375.88,41695.25,2.89550364,0.00043544,0.01393403,0.00870877,0.90270397,0.91141274,959321031.04,17.4503
2050,5.6126,2.8541,2.8541,5602.78,49263711.45,4001836.88,238770157.81,273965903.58,512736061.39,41685.51,2.89482703,0.00043528,0.01392891,0.00870557,0.90261877,0.91132434,959360716.55,17.4455
2051,5.6153,2.8545,2.8545,5613.43,49271932.34,4002071.88,238799024.91,273978712.25,512777737.16,41675.77,2.89415062,0.00043512,0.01392379,0.00870237,0.90253357,0.91123594,959400392.32,17.4408
2052,5.6181,2.8549,2.8549,5624.10,49280154.33,4002306.86,238827882.87,273991520.32,512819403.19,41666.03,2.89347442,0.00043496,0.01391868,0.00869917,0.90244837,0.91114754,959440058.35,17.4361
2053,5.6208,2.8552,2.8552,5634.79,49288377.41,4002541.85,238856731.69,274004327.79,512861059.49,41656.30,2.89279843,0.00043480,0.01391357,0.00869598,0.90236317,0.91105915,959479714.65,17.4314
2054,5.6235,2.8556,2.8556,5645.50,49296601.60,4002776.83,238885571.39,274017134.66,512902706.05,41646.57,2.89212264,0.00043464,0.01390846,0.00869279,0.90227797,0.91097075,959519361.22,17.4267
2055,5.6263,2.8560,2.8560,5656.23,49304826.88,4003011.80,238914401.97,274029940.92,512944342.89,41636.84,2.89144706,0.00043448,0.01390335,0.00868959,0.90219277,0.91088236,959558998.05,17.4220
2056,5.6290,2.8564,2.8564,5666.98,49313053.26,4003246.77,238943223.42,274042746.58,512985970.00,41627.11,2.89077169,0.00043432,0.01389824,0.00868640,0.90210757,0.91079397,959598625.17,17.4173
2057,5.6318,2.8568,2.8568,5677.75,49321280.75,4003481.73,238972035.75,274055551.64,513027587.39,41617.39,2.89009652,0.00043416,0.01389314,0.00868321,0.90202237,0.91070559,959638242.56,17.4126
2058,5.6345,2.8571,2.8571,5688.54,49329509.33,4003716.69,239000838.97,274068356.10,513069195.06,41607.67,2.88942156,0.00043400,0.01388804,0.00868002,0.90193718,0.91061720,959677850.23,17.4079
2059,5.6372,2.8575,2.8575,5699.36,49337739.01,4003951.64,239029633.07,274081159.95,513110793.02,41597.95,2.88874680,0.00043384,0.01388294,0.00867684,0.90185198,0.91052882,959717448.18,17.4032
2060,5.6400,2.8579,2.8579,5710.19,49345969.79,4004186.59,239058418.06,274093963.20,513152381.26,41588.24,2.88807225,0.00043368,0.01387784,0.00867365,0.90176678,0.91044044,959757036.42,17.3985
2061,5.6427,2.8583,2.8583,5721.05,49354201.68,4004421.54,239087193.94,274106765.85,513193959.79,41578.53,2.88739790,0.00043352,0.01387275,0.00867047,0.90168159,0.91035206,959796614.95,17.3938
2062,5.6454,2.8587,2.8587,5731.92,49362434.66,4004656.48,239115960.71,274119567.90,513235528.61,41568.82,2.88672376,0.00043336,0.01386766,0.00866728,0.90159639,0.91026368,959836183.77,17.3891
2063,5.6482,2.8591,2.8591,5742.82,49370668.74,4004891.41,239144718.39,274132369.34,513277087.73,41559.12,2.88604982,0.00043321,0.01386256,0.00866410,0.90151120,0.91017530,959875742.89,17.3844
2064,5.6509,2.8594,2.8594,5753.73,49378903.93,4005126.34,239173466.96,274145170.18,513318637.14,41549.42,2.88537609,0.00043305,0.01385748,0.00866092,0.90142601,0.91008693,959915292.31,17.3797
2065,5.6537,2.8598,2.8598,5764.67,49387140.21,4005361.26,239202206.44,274157970.42,513360176.86,41539.72,2.88470257,0.00043289,0.01385239,0.00865774,0.90134082,0.90999856,959954832.02,17.3750
2066,5.6564,2.8602,2.8602,5775.63,49395377.60,4005596.18,239230936.82,274170770.06,513401706.88,41530.02,2.88402925,0.00043273,0.01384731,0.00865457,0.90125562,0.90991019,959994362.04,17.3703
2067,5.6591,2.8606,2.8606,5786.60,49403616.09,4005831.09,239259658.12,274183569.09,513443227.21,41520.33,2.88335614,0.00043257,0.01384222,0.00865139,0.90117043,0.90982182,960033882.37,17.3656
2068,5.6619,2.8610,2.8610,5797.60,49411855.68,4006066.00,239288370.32,274196367.53,513484737.85,41510.64,2.88268323,0.00043241,0.01383714,0.00864821,0.90108524,0.90973346,960073393.01,17.3609
2069,5.6646,2.8614,2.8614,5808.62,49420096.37,4006300.91,239317073.44,274209165.36,513526238.80,41500.95,2.88201052,0.00043225,0.01383206,0.00864504,0.90100005,0.90964509,960112893.96,17.3562
2070,5.6674,2.8617,2.8617,5819.67,49428338.16,4006535.81,239345767.48,274221962.59,513567730.07,41491.27,2.88133802,0.00043209,0.01382699,0.00864187,0.90091486,0.90955673,960152385.23,17.3515
2071,5.6701,2.8621,2.8621,5830.73,49436581.06,4006770.70,239374452.44,274234759.22,513609211.65,41481.59,2.88066573,0.00043193,0.01382191,0.00863870,0.90082968,0.90946837,960191866.82,17.3469
2072,5.6728,2.8625,2.8625,5841.81,49444825.05,4007005.59,239403128.32,274247555.24,513650683.56,41471.91,2.87999364,0.00043178,0.01381684,0.00863553,0.90074449,0.90938002,960231338.72,17.3422
2073,5.6756,2.8629,2.8629,5852.92,49453070.15,4007240.47,239431795.13,274260350.67,513692145.80,41462.23,2.87932176,0.00043162,0.01381177,0.00863236,0.90065930,0.90929166,960270800.96,17.3375
2074,5.6783,2.8633,2.8633,5864.04,49461316.35,4007475.35,239460452.86,274273145.49,513733598.36,41452.56,2.87865008,0.00043146,0.01380671,0.00862919,0.90057412,0.90920331,960310253.52,17.3328
2075,5.6810,2.8636,2.8636,5875.19,49469563.65,4007710.22,239489101.53,274285939.72,513775041.25,41442.89,2.87797860,0.00043130,0.01380164,0.00862602,0.90048893,0.90911495,960349696.41,17.3281
2076,5.6838,2.8640,2.8640,5886.36,49477812.06,4007945.09,239517741.14,274298733.34,513816474.47,41433.23,2.87730733,0.00043114,0.01379658,0.00862286,0.90040374,0.90902660,960389129.64,17.3235
2077,5.6865,2.8644,2.8644,5897.54,49486061.57,4008179.96,239546371.68,274311526.36,513857898.04,41423.56,2.87663627,0.00043098,0.01379152,0.00861970,0.90031856,0.90893826,960428553.20,17.3188
2078,5.6893,2.8648,2.8648,5908.75,49494312.18,4008414.82,239574993.16,274324318.78,513899311.94,41413.90,2.87596541,0.00043083,0.01378646,0.00861653,0.90023338,0.90884991,960467967.10,17.3141
2079,5.6920,2.8652,2.8652,5919.99,49502563.89,4008649.67,239603605.59,274337110.60,513940716.18,41404.24,2.87529475,0.00043067,0.01378140,0.00861337,0.90014819,0.90876157,960507371.35,17.3095
2080,5.6947,2.8656,2.8656,5931.24,49510816.71,4008884.52,239632208.96,274349901.81,513982110.77,41394.59,2.87462430,0.00043051,0.01377634,0.00861021,0.90006301,0.90867323,960546765.94,17.3048
2081,5.6975,2.8659,2.8659,5942.51,49519070.63,4009119.36,239660803.28,274362692.43,514023495.71,41384.94,2.87395405,0.00043035,0.01377129,0.00860706,0.89997783,0.90858489,960586150.87,17.3001
2082,5.7002,2.8663,2.8663,5953.81,49527325.65,4009354.20,239689388.55,274375482.45,514064871.00,41375.29,2.87328400,0.00043019,0.01376624,0.00860390,0.89989265,0.90849655,960625526.16,17.2955
2083,5.7029,2.8667,2.8667,5965.13,49535581.78,4009589.04,239717964.78,274388271.86,514106236.64,41365.64,2.87261416,0.00043004,0.01376119,0.00860074,0.89980747,0.90840821,960664891.81,17.2908
2084,5.7057,2.8671,2.8671,5976.47,49543839.01,4009823.87,239746531.97,274401060.68,514147592.65,41356.00,2.87194453,0.00042988,0.01375614,0.00859759,0.89972229,0.90831988,960704247.81,17.2861
2085,5.7084,2.8675,2.8675,5987.83,49552097.34,4010058.69,239775090.12,274413848.89,514188939.01,41346.36,2.87127510,0.00042972,0.01375110,0.00859444,0.89963711,0.90823155,960743594.17,17.2815
2086,5.7112,2.8679,2.8679,5999.21,49560356.78,4010293.51,239803639.23,274426636.50,514230275.73,41336.72,2.87060587,0.00042956,0.01374606,0.00859129,0.89955193,0.90814321,960782930.89,17.2768
2087,5.7139,2.8682,2.8682,6010.61,49568617.32,4010528.32,239832179.31,274439423.52,514271602.82,41327.09,2.86993685,0.00042941,0.01374102,0.00858813,0.89946675,0.90805489,960822257.98,17.2722
2088,5.7166,2.8686,2.8686,6022.04,49576878.97,4010763.13,239860710.35,274452209.93,514312920.28,41317.46,2.86926803,0.00042925,0.01373598,0.00858499,0.89938157,0.90796656,960861575.44,17.2675
2089,5.7194,2.8690,2.8690,6033.48,49585141.72,4010997.94,239889232.37,274464995.74,514354228.11,41307.83,2.86859941,0.00042909,0.01373094,0.00858184,0.89929640,0.90787824,960900883.28,17.2629
2090,5.7221,2.8694,2.8694,6044.95,49593405.58,4011232.74,239917745.37,274477780.95,514395526.32,41298.21,2.86793100,0.00042893,0.01372591,0.00857869,0.89921122,0.90778991,960940181.48,17.2582
2091,5.7248,2.8698,2.8698,6056.44,49601670.54,4011467.53,239946249.34,274490565.57,514436814.90,41288.58,2.86726279,0.00042878,0.01372087,0.00857555,0.89912605,0.90770159,960979470.07,17.2536
2092,5.7276,2.8702,2.8702,6067.95,49609936.60,4011702.32,239974744.29,274503349.58,514478093.87,41278.96,2.86659478,0.00042862,0.01371584,0.00857240,0.89904087,0.90761327,961018749.03,17.2489
2093,5.7303,2.8705,2.8705,6079.49,49618203.77,4011937.10,240003230.23,274516132.99,514519363.22,41269.35,2.86592698,0.00042846,0.01371082,0.00856926,0.89895570,0.90752496,961058018.38,17.2443
2094,5.7331,2.8709,2.8709,6091.04,49626472.05,4012171.88,240031707.15,274528915.80,514560622.95,41259.74,2.86525938,0.00042831,0.01370579,0.00856612,0.89887053,0.90743664,961097278.11,17.2396
2095,5.7358,2.8713,2.8713,6102.62,49634741.43,4012406.66,240060175.06,274541698.02,514601873.08,41250.12,2.86459199,0.00042815,0.01370077,0.00856298,0.89878535,0.90734833,961136528.24,17.2350
2096,5.7385,2.8717,2.8717,6114.22,49643011.92,4012641.43,240088633.97,274554479.63,514643113.59,41240.52,2.86392480,0.00042799,0.01369574,0.00855984,0.89870018,0.90726002,961175768.76,17.2304
2097,5.7413,2.8721,2.8721,6125.84,49651283.51,4012876.19,240117083.86,274567260.64,514684344.51,41230.91,2.86325781,0.00042784,0.01369072,0.00855670,0.89861501,0.90717171,961214999.67,17.2257
2098,5.7440,2.8725,2.8725,6137.49,49659556.21,4013110.95,240145524.76,274580041.06,514725565.82,41221.31,2.86259102,0.00042768,0.01368571,0.00855357,0.89852984,0.90708341,961254220.98,17.2211
2099,5.7467,2.8728,2.8728,6149.16,49667830.01,4013345.71,240173956.66,274592820.87,514766777.53,41211.71,2.86192444,0.00042752,0.01368069,0.00855043,0.89844467,0.90699510,961293432.69,17.2164
2100,5.7495,2.8732,2.8732,6160.84,49676104.92,4013580.46,240202379.56,274605600.09,514807979.65,41202.12,2.86125806,0.00042736,0.01367568,0.00854730,0.89835950,0.90690680,961332634.81,17.2118
2101,5.7522,2.8736,2.8736,6172.55,49684380.93,4013815.20,240230793.47,274618378.70,514849172.17,41192.52,2.86059189,0.00042721,0.01367067,0.00854417,0.89827433,0.90681850,961371827.33,17.2072
2102,5.7550,2.8740,2.8740,6184.29,49692658.06,4014049.94,240259198.38,274631156.72,514890355.10,41182.93,2.85992592,0.00042705,0.01366566,0.00854104,0.89818916,0.90673020,961411010.26,17.2025
2103,5.7577,2.8744,2.8744,6196.04,49700936.29,4014284.68,240287594.31,274643934.13,514931528.45,41173.35,2.85926015,0.00042690,0.01366065,0.00853791,0.89810400,0.90664190,961450183.61,17.1979
2104,5.7604,2.8748,2.8748,6207.82,49709215.62,4014519.41,240315981.26,274656710.95,514972692.21,41163.76,2.85859458,0.00042674,0.01365564,0.00853478,0.89801883,0.90655361,961489347.37,17.1933
2105,5.7632,2.8752,2.8752,6219.62,49717496.06,4014754.13,240344359.22,274669487.17,515013846.39,41154.18,2.85792922,0.00042658,0.01365064,0.00853165,0.89793366,0.90646531,961528501.55,17.1887
2106,5.7659,2.8755,2.8755,6231.44,49725777.61,4014988.85,240372728.20,274682262.79,515054990.99,41144.60,2.85726405,0.00042643,0.01364564,0.00852852,0.89784850,0.90637702,961567646.16,17.1840
2107,5.7687,2.8759,2.8759,6243.29,49734060.27,4015223.57,240401088.21,274695037.81,515096126.02,41135.03,2.85659909,0.00042627,0.01364064,0.00852540,0.89776333,0.90628873,961606781.18,17.1794
2108,5.7714,2.8763,2.8763,6255.16,49742344.03,4015458.28,240429439.24,274707812.24,515137251.47,41125.45,2.85593434,0.00042611,0.01363564,0.00852228,0.89767817,0.90620044,961645906.64,17.1748
2109,5.7741,2.8767,2.8767,6267.05,49750628.90,4015692.98,240457781.30,274720586.06,515178367.36,41115.88,2.85526978,0.00042596,0.01363065,0.00851915,0.89759300,0.90611216,961685022.52,17.1702
2110,5.7769,2.8771,2.8771,6278.96,49758914.88,4015927.68,240486114.39,274733359.29,515219473.68,41106.32,2.85460543,0.00042580,0.01362565,0.00851603,0.89750784,0.90602388,961724128.84,17.1656
2111,5.7796,2.8775,2.8775,6290.89,49767201.97,4016162.38,240514438.52,274746131.91,515260570.43,41096.75,2.85394128,0.00042565,0.01362066,0.00851291,0.89742268,0.90593559,961763225.59,17.1609
2112,5.7823,2.8778,2.8778,6302.85,49775490.16,4016397.07,240542753.68,274758903.94,515301657.63,41087.19,2.85327734,0.00042549,0.01361567,0.00850980,0.89733752,0.90584731,961802312.79,17.1563
2113,5.7851,2.8782,2.8782,6314.83,49783779.46,4016631.75,240571059.89,274771675.37,515342735.26,41077.64,2.85261359,0.00042533,0.01361069,0.00850668,0.89725236,0.90575904,961841390.42,17.1517
2114,5.7878,2.8786,2.8786,6326.84,49792069.87,4016866.43,240599357.14,274784446.20,515383803.34,41068.08,2.85195005,0.00042518,0.01360570,0.00850356,0.89716720,0.90567076,961880458.50,17.1471
2115,5.7906,2.8790,2.8790,6338.86,49800361.39,4017101.11,240627645.43,274797216.44,515424861.87,41058.53,2.85128671,0.00042502,0.01360072,0.00850045,0.89708204,0.90558249,961919517.03,17.1425
2116,5.7933,2.8794,2.8794,6350.91,49808654.02,4017335.78,240655924.78,274809986.07,515465910.85,41048.98,2.85062357,0.00042487,0.01359574,0.00849734,0.89699688,0.90549422,961958566.01,17.1379
2117,5.7960,2.8798,2.8798,6362.98,49816947.75,4017570.44,240684195.17,274822755.11,515506950.28,41039.43,2.84996064,0.00042471,0.01359076,0.00849423,0.89691172,0.90540595,961997605.45,17.1333
2118,5.7988,2.8802,2.8802,6375.08,49825242.59,4017805.11,240712456.62,274835523.55,515547980.17,41029.89,2.84929790,0.00042456,0.01358578,0.00849112,0.89682656,0.90531768,962036635.34,17.1287
2119,5.8015,2.8805,2.8805,6387.20,49833538.55,4018039.76,240740709.13,274848291.39,515589000.52,41020.35,2.84863537,0.00042440,0.01358081,0.00848801,0.89674141,0.90522941,962075655.69,17.1241
2120,5.8042,2.8809,2.8809,6399.34,49841835.61,4018274.41,240768952.70,274861058.63,515630011.33,41010.81,2.84797304,0.00042424,0.01357584,0.00848490,0.89665625,0.90514115,962114666.50,17.1195
2121,5.8070,2.8813,2.8813,6411.50,49850133.78,4018509.06,240797187.33,274873825.28,515671012.61,41001.28,2.84731091,0.00042409,0.01357087,0.00848179,0.89657109,0.90505289,962153667.77,17.1149
2122,5.8097,2.8817,2.8817,6423.69,49858433.06,4018743.70,240825413.03,274886591.33,515712004.36,40991.75,2.84664899,0.00042393,0.01356590,0.00847869,0.89648594,0.90496462,962192659.52,17.1103
2123,5.8125,2.8821,2.8821,6435.90,49866733.45,4018978.33,240853629.80,274899356.78,515752986.57,40982.22,2.84598726,0.00042378,0.01356093,0.00847558,0.89640078,0.90487637,962231641.74,17.1057
2124,5.8152,2.8825,2.8825,6448.13,49875034.95,4019212.97,240881837.63,274912121.63,515793959.26,40972.69,2.84532574,0.00042362,0.01355597,0.00847248,0.89631563,0.90478811,962270614.43,17.1011
2125,5.8179,2.8829,2.8829,6460.39,49883337.56,4019447.59,240910036.55,274924885.89,515834922.43,40963.17,2.84466441,0.00042347,0.01355101,0.00846938,0.89623048,0.90469986,962309577.59,17.0965
2126,5.8207,2.8832,2.8832,6472.67,49891641.28,4019682.21,240938226.54,274937649.54,515875876.08,40953.65,2.84400329,0.00042331,0.01354605,0.00846628,0.89614532,0.90461160,962348531.24,17.0919
2127,5.8234,2.8836,2.8836,6484.97,49899946.10,4019916.83,240966407.61,274950412.60,515916820.21,40944.13,2.84334237,0.00042316,0.01354109,0.00846318,0.89606017,0.90452335,962387475.37,17.0873
2128,5.8261,2.8840,2.8840,6497.30,49908252.04,4020151.44,240994579.76,274963175.07,515957754.82,40934.62,2.84268166,0.00042300,0.01353613,0.00846008,0.89597502,0.90443510,962426409.99,17.0827
2129,5.8289,2.8844,2.8844,6509.65,49916559.09,4020386.05,241022743.00,274975936.93,515998679.93,40925.10,2.84202114,0.00042285,0.01353118,0.00845699,0.89588987,0.90434686,962465335.09,17.0781
2130,5.8316,2.8848,2.8848,6522.02,49924867.25,4020620.65,241050897.32,274988698.20,516039595.53,40915.60,2.84136082,0.00042269,0.01352623,0.00845389,0.89580472,0.90425861,962504250.69,17.0736
2131,5.8344,2.8852,2.8852,6534.42,49933176.52,4020855.25,241079042.74,275001458.87,516080501.62,40906.09,2.84070071,0.00042254,0.01352128,0.00845080,0.89571957,0.90417037,962543156.78,17.0690
2132,5.8371,2.8855,2.8855,6546.84,49941486.90,4021089.84,241107179.25,275014218.95,516121398.20,40896.59,2.84004080,0.00042239,0.01351633,0.00844770,0.89563442,0.90408213,962582053.37,17.0644
2133,5.8398,2.8859,2.8859,6559.29,49949798.40,4021324.42,241135306.86,275026978.43,516162285.29,40887.09,2.83938108,0.00042223,0.01351138,0.00844461,0.89554928,0.90399389,962620940.45,17.0598
2134,5.8426,2.8863,2.8863,6571.76,49958111.00,4021559.01,241163425.57,275039737.31,516203162.88,40877.59,2.83872157,0.00042208,0.01350644,0.00844152,0.89546413,0.90390565,962659818.04,17.0552
2135,5.8453,2.8867,2.8867,6584.25,49966424.71,4021793.58,241191535.38,275052495.59,516244030.98,40868.10,2.83806226,0.00042192,0.01350150,0.00843843,0.89537898,0.90381742,962698686.14,17.0507
2136,5.8480,2.8871,2.8871,6596.76,49974739.54,4022028.15,241219636.30,275065253.28,516284889.58,40858.61,2.83740315,0.00042177,0.01349656,0.00843535,0.89529384,0.90372918,962737544.75,17.0461
2137,5.8508,2.8875,2.8875,6609.30,49983055.48,4022262.72,241247728.33,275078010.37,516325738.70,40849.12,2.83674424,0.00042161,0.01349162,0.00843226,0.89520869,0.90364095,962776393.86,17.0415
2138,5.8535,2.8879,2.8879,6621.87,49991372.53,4022497.28,241275811.46,275090766.87,516366578.33,40839.63,2.83608553,0.00042146,0.01348668,0.00842918,0.89512355,0.90355272,962815233.49,17.0370
2139,5.8563,2.8883,2.8883,6634.45,49999690.69,4022731.84,241303885.71,275103522.77,516407408.48,40830.15,2.83542703,0.00042130,0.01348175,0.00842609,0.89503840,0.90346450,962854063.64,17.0324
2140,5.8590,2.8886,2.8886,6647.06,50008009.96,4022966.39,241331951.08,275116278.07,516448229.15,40820.67,2.83476872,0.00042115,0.01347682,0.00842301,0.89495326,0.90337627,962892884.31,17.0278
2141,5.8617,2.8890,2.8890,6659.70,50016330.35,4023200.94,241360007.57,275129032.78,516489040.34,40811.19,2.83411061,0.00042100,0.01347189,0.00841993,0.89486812,0.90328805,962931695.51,17.0232
2142,5.8645,2.8894,2.8894,6672.36,50024651.84,4023435.48,241388055.18,275141786.89,516529842.06,40801.72,2.83345270,0.00042084,0.01346696,0.00841685,0.89478298,0.90319983,962970497.22,17.0187
2143,5.8672,2.8898,2.8898,6685.04,50032974.45,4023670.02,241416093.91,275154540.40,516570634.31,40792.25,2.83279500,0.00042069,0.01346203,0.00841377,0.89469783,0.90311161,963009289.47,17.0141
2144,5.8700,2.8902,2.8902,6697.75,50041298.18,4023904.55,241444123.77,275167293.32,516611417.09,40782.78,2.83213749,0.00042053,0.01345711,0.00841069,0.89461269,0.90302339,963048072.25,17.0096
2145,5.8727,2.8906,2.8906,6710.48,50049623.01,4024139.08,241472144.76,275180045.64,516652190.40,40773.31,2.83148019,0.00042038,0.01345219,0.00840762,0.89452755,0.90293517,963086845.57,17.0050
2146,5.8754,2.8910,2.8910,6723.23,50057948.96,4024373.60,241500156.89,275192797.37,516692954.26,40763.85,2.83082308,0.00042023,0.01344727,0.00840454,0.89444241,0.90284696,963125609.42,17.0004
2147,5.8782,2.8913,2.8913,6736.01,50066276.02,4024608.12,241528160.15,275205548.50,516733708.65,40754.39,2.83016618,0.00042007,0.01344235,0.00840147,0.89435728,0.90275875,963164363.81,16.9959
2148,5.8809,2.8917,2.8917,6748.82,50074604.19,4024842.63,241556154.56,275218299.03,516774453.59,40744.94,2.82950947,0.00041992,0.01343744,0.00839840,0.89427214,0.90267054,963203108.75,16.9913
2149,5.8836,2.8921,2.8921,6761.65,50082933.48,4025077.14,241584140.10,275231048.97,516815189.07,40735.48,2.82885297,0.00041977,0.01343252,0.00839533,0.89418700,0.90258233,963241844.23,16.9868
2150,5.8864,2.8925,2.8925,6774.50,50091263.88,4025311.65,241612116.79,275243798.31,516855915.10,40726.03,2.82819666,0.00041961,0.01342761,0.00839226,0.89410186,0.90249412,963280570.26,16.9822
2151,5.8891,2.8929,2.8929,6787.38,50099595.40,4025546.14,241640084.62,275256547.06,516896631.68,40716.58,2.82754056,0.00041946,0.01342270,0.00838919,0.89401673,0.90240592,963319286.85,16.9777
2152,5.8919,2.8933,2.8933,6800.28,50107928.02,4025780.64,241668043.61,275269295.21,516937338.82,40707.14,2.82688465,0.00041931,0.01341779,0.00838612,0.89393159,0.90231771,963357993.99,16.9731
2153,5.8946,2.8937,2.8937,6813.20,50116261.77,4026015.13,241695993.75,275282042.77,516978036.52,40697.70,2.82622894,0.00041915,0.01341289,0.00838306,0.89384646,0.90222951,963396691.68,16.9686
2154,5.8973,2.8940,2.8940,6826.16,50124596.62,4026249.61,241723935.05,275294789.73,517018724.78,40688.26,2.82557344,0.00041900,0.01340799,0.00837999,0.89376132,0.90214132,963435379.94,16.9640
2155,5.9001,2.8944,2.8944,6839.13,50132932.59,4026484.09,241751867.50,275307536.10,517059403.60,40678.82,2.82491813,0.00041885,0.01340308,0.00837693,0.89367619,0.90205312,963474058.76,16.9595
2156,5.9028,2.8948,2.8948,6852.13,50141269.68,4026718.56,241779791.12,275320281.87,517100072.99,40669.39,2.82426302,0.00041869,0.01339819,0.00837387,0.89359106,0.90196492,963512728.15,16.9550
2157,5.9055,2.8952,2.8952,6865.16,50149607.88,4026953.03,241807705.90,275333027.05,517140732.94,40659.96,2.82360812,0.00041854,0.01339329,0.00837081,0.89350593,0.90187673,963551388.11,16.9504
2158,5.9083,2.8956,2.8956,6878.21,50157947.19,4027187.49,241835611.84,275345771.63,517181383.47,40650.53,2.82295341,0.00041839,0.01338839,0.00836775,0.89342079,0.90178854,963590038.64,16.9459
2159,5.9110,2.8960,2.8960,6891.28,50166287.62,4027421.95,241863508.96,275358515.62,517222024.58,40641.10,2.82229890,0.00041823,0.01338350,0.00836469,0.89333566,0.90170035,963628679.74,16.9413
2160,5.9138,2.8964,2.8964,6904.38,50174629.16,4027656.41,241891397.25,275371259.01,517262656.26,40631.68,2.82164459,0.00041808,0.01337861,0.00836163,0.89325053,0.90161216,963667311.42,16.9368
2161,5.9165,2.8968,2.8968,6917.50,50182971.82,4027890.86,241919276.72,275384001.80,517303278.52,40622.26,2.82099048,0.00041793,0.01337372,0.00835857,0.89316540,0.90152398,963705933.68,16.9323
2162,5.9192,2.8971,2.8971,6930.65,50191315.60,4028125.30,241947147.36,275396744.01,517343891.37,40612.85,2.82033657,0.00041778,0.01336883,0.00835552,0.89308028,0.90143580,963744546.53,16.9277
2163,5.9220,2.8975,2.8975,6943.83,50199660.49,4028359.74,241975009.19,275409485.61,517384494.80,40603.43,2.81968286,0.00041762,0.01336395,0.00835247,0.89299515,0.90134761,963783149.96,16.9232
2164,5.9247,2.8979,2.8979,6957.02,50208006.49,4028594.17,242002862.20,275422226.63,517425088.82,40594.02,2.81902934,0.00041747,0.01335906,0.00834941,0.89291002,0.90125943,963821743.99,16.9187
2165,5.9274,2.8983,2.8983,6970.25,50216353.61,4028828.60,242030706.39,275434967.05,517465673.44,40584.61,2.81837603,0.00041732,0.01335418,0.00834636,0.89282489,0.90117126,963860328.60,16.9142
2166,5.9302,2.8987,2.8987,6983.50,50224701.85,4029063.03,242058541.78,275447706.87,517506248.65,40575.21,2.81772291,0.00041717,0.01334930,0.00834331,0.89273977,0.90108308,963898903.81,16.9096
2167,5.9329,2.8991,2.8991,6996.77,50233051.20,4029297.45,242086368.35,275460446.10,517546814.46,40565.81,2.81707000,0.00041701,0.01334443,0.00834027,0.89265464,0.90099491,963937469.62,16.9051
2168,5.9357,2.8995,2.8995,7010.07,50241401.67,4029531.86,242114186.13,275473184.74,517587370.87,40556.41,2.81641728,0.00041686,0.01333955,0.00833722,0.89256952,0.90090674,963976026.03,16.9006
2169,5.9384,2.8999,2.8999,7023.40,50249753.25,4029766.27,242141995.10,275485922.78,517627917.88,40547.01,2.81576476,0.00041671,0.01333468,0.00833417,0.89248439,0.90081857,964014573.04,16.8961
2170,5.9411,2.9002,2.9002,7036.75,50258105.96,4030000.68,242169795.27,275498660.23,517668455.50,40537.62,2.81511244,0.00041656,0.01332981,0.00833113,0.89239927,0.90073040,964053110.66,16.8915
2171,5.9439,2.9006,2.9006,7050.12,50266459.77,4030235.08,242197586.64,275511397.08,517708983.73,40528.23,2.81446032,0.00041640,0.01332494,0.00832809,0.89231415,0.90064223,964091638.89,16.8870
2172,5.9466,2.9010,2.9010,7063.52,50274814.71,4030469.47,242225369.22,275524133.34,517749502.57,40518.84,2.81380840,0.00041625,0.01332007,0.00832504,0.89222902,0.90055407,964130157.73,16.8825
2173,5.9493,2.9014,2.9014,7076.95,50283170.76,4030703.86,242253143.01,275536869.01,517790012.02,40509.46,2.81315667,0.00041610,0.01331521,0.00832200,0.89214390,0.90046591,964168667.19,16.8780
2174,5.9521,2.9018,2.9018,7090.40,50291527.93,4030938.25,242280908.02,275549604.08,517830512.10,40500.07,2.81250515,0.00041595,0.01331034,0.00831896,0.89205878,0.90037775,964207167.26,16.8735
2175,5.9548,2.9022,2.9022,7103.88,50299886.22,4031172.63,242308664.23,275562338.56,517871002.79,40490.69,2.81185382,0.00041580,0.01330548,0.00831593,0.89197366,0.90028959,964245657.95,16.8690
2176,5.9576,2.9026,2.9026,7117.38,50308245.62,4031407.01,242336411.67,275575072.45,517911484.11,40481.32,2.81120269,0.00041564,0.01330062,0.00831289,0.89188854,0.90020143,964284139.27,16.8645
2177,5.9603,2.9030,2.9030,7130.91,50316606.14,4031641.38,242364150.32,275587805.74,517951956.06,40471.95,2.81055176,0.00041549,0.01329576,0.00830985,0.89180342,0.90011328,964322611.22,16.8600
2178,5.9630,2.9033,2.9033,7144.47,50324967.78,4031875.74,242391880.20,275600538.44,517992418.63,40462.57,2.80990103,0.00041534,0.01329091,0.00830682,0.89171831,0.90002513,964361073.79,16.8554
2179,5.9658,2.9037,2.9037,7158.05,50333330.53,4032110.10,242419601.30,275613270.54,518032871.84,40453.21,2.80925049,0.00041519,0.01328606,0.00830379,0.89163319,0.89993697,964399527.00,16.8509
2180,5.9685,2.9041,2.9041,7171.66,50341694.41,4032344.46,242447313.63,275626002.05,518073315.68,40443.84,2.80860015,0.00041504,0.01328121,0.00830075,0.89154807,0.89984883,964437970.84,16.8464
2181,5.9713,2.9045,2.9045,7185.29,50350059.40,4032578.81,242475017.19,275638732.97,518113750.16,40434.48,2.80795002,0.00041489,0.01327636,0.00829772,0.89146296,0.89976068,964476405.32,16.8419
2182,5.9740,2.9049,2.9049,7198.95,50358425.51,4032813.16,242502711.99,275651463.30,518154175.28,40425.12,2.80730007,0.00041473,0.01327151,0.00829469,0.89137784,0.89967253,964514830.44,16.8374
2183,5.9767,2.9053,2.9053,7212.63,50366792.74,4033047.50,242530398.02,275664193.03,518194591.05,40415.76,2.80665033,0.00041458,0.01326666,0.00829166,0.89129273,0.89958439,964553246.21,16.8329
2184,5.9795,2.9057,2.9057,7226.34,50375161.09,4033281.83,242558075.29,275676922.17,518234997.46,40406.41,2.80600079,0.00041443,0.01326182,0.00828864,0.89120761,0.89949625,964591652.62,16.8284
2185,5.9822,2.9061,2.9061,7240.08,50383530.55,4033516.17,242585743.81,275689650.71,518275394.52,40397.06,2.80535144,0.00041428,0.01325698,0.00828561,0.89112250,0.89940811,964630049.68,16.8240
2186,5.9849,2.9065,2.9065,7253.84,50391901.14,4033750.49,242613403.56,275702378.67,518315782.23,40387.71,2.80470229,0.00041413,0.01325214,0.00828259,0.89103739,0.89931997,964668437.39,16.8195
2187,5.9877,2.9068,2.9068,7267.63,50400272.84,4033984.82,242641054.57,275715106.03,518356160.60,40378.37,2.80405334,0.00041398,0.01324730,0.00827956,0.89095227,0.89923184,964706815.76,16.8150
2188,5.9904,2.9072,2.9072,7281.44,50408645.66,4034219.13,242668696.83,275727832.80,518396529.63,40369.03,2.80340458,0.00041383,0.01324247,0.00827654,0.89086716,0.89914371,964745184.79,16.8105
2189,5.9932,2.9076,2.9076,7295.28,50417019.61,4034453.44,242696330.34,275740558.97,518436889.31,40359.69,2.80275603,0.00041368,0.01323763,0.00827352,0.89078205,0.89905557,964783544.48,16.8060
2190,5.9959,2.9080,2.9080,7309.15,50425394.67,4034687.75,242723955.11,275753284.55,518477239.66,40350.35,2.80210767,0.00041353,0.01323280,0.00827050,0.89069694,0.89896744,964821894.83,16.8015
2191,5.9986,2.9084,2.9084,7323.04,50433770.85,4034922.05,242751571.14,275766009.54,518517580.68,40341.02,2.80145950,0.00041337,0.01322797,0.00826748,0.89061183,0.89887932,964860235.84,16.7970
2192,6.0014,2.9088,2.9088,7336.96,50442148.15,4035156.35,242779178.42,275778733.94,518557912.37,40331.69,2.80081154,0.00041322,0.01322315,0.00826447,0.89052672,0.89879119,964898567.53,16.7925
2193,6.0041,2.9092,2.9092,7350.91,50450526.57,4035390.65,242806776.98,275791457.75,518598234.72,40322.36,2.80016377,0.00041307,0.01321832,0.00826145,0.89044162,0.89870307,964936889.89,16.7881
2194,6.0068,2.9096,2.9096,7364.88,50458906.11,4035624.93,242834366.80,275804180.96,518638547.76,40313.03,2.79951620,0.00041292,0.01321350,0.00825844,0.89035651,0.89861495,964975202.92,16.7836
2195,6.0096,2.9100,2.9100,7378.88,50467286.77,4035859.22,242861947.89,275816903.58,518678851.47,40303.71,2.79886883,0.00041277,0.01320868,0.00825542,0.89027140,0.89852683,965013506.63,16.7791
2196,6.0123,2.9103,2.9103,7392.91,50475668.56,4036093.49,242889520.25,275829625.61,518719145.86,40294.39,2.79822165,0.00041262,0.01320386,0.00825241,0.89018630,0.89843871,965051801.02,16.7746
2197,6.0151,2.9107,2.9107,7406.96,50484051.46,4036327.77,242917083.89,275842347.05,518759430.94,40285.08,2.79757467,0.00041247,0.01319904,0.00824940,0.89010119,0.89835059,965090086.10,16.7701
2198,6.0178,2.9111,2.9111,7421.04,50492435.48,4036562.04,242944638.80,275855067.89,518799706.70,40275.76,2.79692789,0.00041232,0.01319423,0.00824639,0.89001609,0.89826248,965128361.86,16.7657
2199,6.0205,2.9115,2.9115,7435.15,50500820.62,4036796.30,242972185.00,275867788.15,518839973.15,40266.45,2.79628130,0.00041217,0.01318941,0.00824338,0.88993098,0.89817437,965166628.31,16.7612
2200,6.0233,2.9119,2.9119,7449.28,50509206.89,4037030.56,242999722.48,275880507.81,518880230.29,40257.14,2.79563491,0.00041202,0.01318460,0.00824038,0.88984588,0.89808626,965204885.45,16.7567
2201,6.0260,2.9123,2.9123,7463.44,50517594.27,4037264.81,243027251.25,275893226.88,518920478.13,40247.84,2.79498872,0.00041187,0.01317979,0.00823737,0.88976078,0.89799815,965243133.29,16.7523
2202,6.0287,2.9127,2.9127,7477.62,50525982.78,4037499.06,243054771.31,275905945.36,518960716.66,40238.54,2.79434273,0.00041172,0.01317498,0.00823436,0.88967568,0.89791004,965281371.83,16.7478
2203,6.0315,2.9131,2.9131,7491.84,50534372.41,4037733.30,243082282.66,275918663.24,519000945.90,40229.24,2.79369693,0.00041157,0.01317018,0.00823136,0.88959057,0.89782194,965319601.06,16.7433
2204,6.0342,2.9135,2.9135,7506.08,50542763.16,4037967.54,243109785.30,275931380.54,519041165.84,40219.94,2.79305133,0.00041142,0.01316537,0.00822836,0.88950547,0.89773383,965357821.00,16.7389
2205,6.0370,2.9138,2.9138,7520.35,50551155.03,4038201.78,243137279.24,275944097.24,519081376.48,40210.65,2.79240592,0.00041127,0.01316057,0.00822536,0.88942037,0.89764573,965396031.65,16.7344
2206,6.0397,2.9142,2.9142,7534.64,50559548.02,4038436.01,243164764.48,275956813.36,519121577.84,40201.35,2.79176071,0.00041112,0.01315577,0.00822236,0.88933528,0.89755763,965434233.00,16.7299
2207,6.0424,2.9146,2.9146,7548.96,50567942.14,4038670.23,243192241.03,275969528.88,519161769.90,40192.07,2.79111570,0.00041097,0.01315098,0.00821936,0.88925018,0.89746954,965472425.07,16.7255
2208,6.0452,2.9150,2.9150,7563.31,50576337.37,4038904.45,243219708.88,275982243.81,519201952.68,40182.78,2.79047088,0.00041082,0.01314618,0.00821636,0.88916508,0.89738144,965510607.85,16.7210
2209,6.0479,2.9154,2.9154,7577.69,50584733.73,4039138.67,243247168.04,275994958.15,519242126.18,40173.50,2.78982626,0.00041067,0.01314139,0.00821337,0.88907998,0.89729335,965548781.35,16.7166
2210,6.0507,2.9158,2.9158,7592.09,50593131.21,4039372.88,243274618.51,276007671.89,519282290.40,40164.22,2.78918184,0.00041052,0.01313660,0.00821037,0.88899489,0.89720526,965586945.56,16.7121
2211,6.0534,2.9162,2.9162,7606.53,50601529.82,4039607.08,243302060.29,276020385.05,519322445.34,40154.94,2.78853761,0.00041037,0.01313181,0.00820738,0.88890979,0.89711717,965625100.51,16.7077
2212,6.0561,2.9166,2.9166,7620.98,50609929.55,4039841.28,243329493.39,276033097.62,519362591.01,40145.67,2.78789358,0.00041022,0.01312702,0.00820439,0.88882470,0.89702908,965663246.17,16.7032
2213,6.0589,2.9170,2.9170,7635.47,50618330.40,4040075.48,243356917.82,276045809.59,519402727.41,40136.40,2.78724974,0.00041007,0.01312223,0.00820140,0.88873960,0.89694100,965701382.57,16.6988
2214,6.0616,2.9174,2.9174,7649.98,50626732.37,4040309.67,243384333.56,276058520.98,519442854.53,40127.13,2.78660610,0.00040992,0.01311745,0.00819841,0.88865451,0.89685291,965739509.70,16.6943
2215,6.0643,2.9177,2.9177,7664.53,50635135.47,4040543.85,243411740.63,276071231.77,519482972.40,40117.86,2.78596266,0.00040977,0.01311267,0.00819542,0.88856942,0.89676483,965777627.56,16.6899
2216,6.0671,2.9181,2.9181,7679.09,50643539.68,4040778.03,243439139.02,276083941.97,519523081.00,40108.60,2.78531941,0.00040962,0.01310789,0.00819243,0.88848432,0.89667675,965815736.16,16.6854
2217,6.0698,2.9185,2.9185,7693.69,50651945.03,4041012.21,243466528.75,276096651.59,519563180.34,40099.34,2.78467636,0.00040947,0.01310311,0.00818944,0.88839923,0.89658867,965853835.50,16.6810
2218,6.0726,2.9189,2.9189,7708.32,50660351.49,4041246.38,243493909.81,276109360.61,519603270.42,40090.08,2.78403350,0.00040932,0.01309833,0.00818646,0.88831414,0.89650060,965891925.58,16.6765
2219,6.0753,2.9193,2.9193,7722.97,50668759.09,4041480.55,243521282.21,276122069.04,519643351.25,40080.83,2.78339084,0.00040917,0.01309356,0.00818347,0.88822905,0.89641253,965930006.41,16.6721
2220,6.0780,2.9197,2.9197,7737.65,50677167.80,4041714.71,243548645.94,276134776.88,519683422.82,40071.58,2.78274837,0.00040902,0.01308879,0.00818049,0.88814396,0.89632445,965968077.99,16.6677
2221,6.0808,2.9201,2.9201,7752.36,50685577.64,4041948.87,243576001.02,276147484.13,519723485.15,40062.33,2.78210610,0.00040888,0.01308402,0.00817751,0.88805887,0.89623638,966006140.31,16.6632
2222,6.0835,2.9205,2.9205,7767.09,50693988.60,4042183.02,243603347.44,276160190.79,519763538.23,40053.08,2.78146403,0.00040873,0.01307925,0.00817453,0.88797378,0.89614832,966044193.40,16.6588
2223,6.0862,2.9209,2.9209,7781.86,50702400.69,4042417.16,243630685.21,276172896.86,519803582.07,40043.84,2.78082215,0.00040858,0.01307448,0.00817155,0.88788870,0.89606025,966082237.23,16.6543
2224,6.0890,2.9213,2.9213,7796.65,50710813.90,4042651.31,243658014.32,276185602.35,519843616.67,40034.60,2.78018046,0.00040843,0.01306972,0.00816857,0.88780361,0.89597219,966120271.83,16.6499
2225,6.0917,2.9216,2.9216,7811.47,50719228.24,4042885.44,243685334.79,276198307.24,519883642.03,40025.36,2.77953898,0.00040828,0.01306496,0.00816560,0.88771853,0.89588412,966158297.19,16.6455
2226,6.0945,2.9220,2.9220,7826.32,50727643.70,4043119.58,243712646.62,276211011.54,519923658.16,40016.13,2.77889768,0.00040813,0.01306020,0.00816262,0.88763344,0.89579606,966196313.32,16.6411
2227,6.0972,2.9224,2.9224,7841.19,50736060.28,4043353.70,243739949.80,276223715.25,519963665.05,40006.89,2.77825658,0.00040798,0.01305544,0.00815965,0.88754836,0.89570800,966234320.22,16.6366
2228,6.0999,2.9228,2.9228,7856.10,50744477.99,4043587.83,243767244.35,276236418.37,520003662.72,39997.67,2.77761568,0.00040783,0.01305068,0.00815668,0.88746327,0.89561995,966272317.88,16.6322
2229,6.1027,2.9232,2.9232,7871.03,50752896.83,4043821.94,243794530.25,276249120.91,520043651.16,39988.44,2.77697497,0.00040769,0.01304593,0.00815370,0.88737819,0.89553189,966310306.32,16.6278
2230,6.1054,2.9236,2.9236,7885.99,50761316.79,4044056.06,243821807.53,276261822.85,520083630.37,39979.22,2.77633446,0.00040754,0.01304117,0.00815073,0.88729311,0.89544384,966348285.54,16.6234
2231,6.1081,2.9240,2.9240,7900.98,50769737.88,4044290.17,243849076.17,276274524.20,520123600.37,39970.00,2.77569414,0.00040739,0.01303642,0.00814777,0.88720803,0.89535579,966386255.53,16.6189
2232,6.1109,2.9244,2.9244,7916.00,50778160.09,4044524.27,243876336.18,276287224.97,520163561.15,39960.78,2.77505402,0.00040724,0.01303168,0.00814480,0.88712294,0.89526774,966424216.31,16.6145
2233,6.1136,2.9248,2.9248,7931.05,50786583.43,4044758.37,243903587.57,276299925.14,520203512.71,39951.56,2.77441409,0.00040709,0.01302693,0.00814183,0.88703786,0.89517969,966462167.87,16.6101
2234,6.1164,2.9252,2.9252,7946.12,50795007.90,4044992.46,243930830.34,276312624.73,520243455.06,39942.35,2.77377436,0.00040694,0.01302218,0.00813887,0.88695278,0.89509165,966500110.22,16.6057
2235,6.1191,2.9256,2.9256,7961.23,50803433.49,4045226.55,243958064.48,276325323.72,520283388.20,39933.14,2.77313482,0.00040680,0.01301744,0.00813590,0.88686771,0.89500361,966538043.37,16.6013
2236,6.1218,2.9259,2.9259,7976.36,50811860.21,4045460.63,243985290.01,276338022.13,520323312.14,39923.93,2.77249547,0.00040665,0.01301270,0.00813294,0.88678263,0.89491557,966575967.30,16.5968
2237,6.1246,2.9263,2.9263,7991.52,50820288.05,4045694.71,244012506.92,276350719.95,520363226.87,39914.73,2.77185632,0.00040650,0.01300796,0.00812998,0.88669755,0.89482753,966613882.03,16.5924
2238,6.1273,2.9267,2.9267,8006.71,50828717.02,4045928.79,244039715.22,276363417.18,520403132.40,39905.53,2.77121737,0.00040635,0.01300323,0.00812702,0.88661247,0.89473949,966651787.56,16.5880
2239,6.1300,2.9271,2.9271,8021.93,50837147.12,4046162.86,244066914.91,276376113.82,520443028.73,39896.33,2.77057860,0.00040620,0.01299849,0.00812406,0.88652740,0.89465145,966689683.89,16.5836
2240,6.1328,2.9275,2.9275,8037.18,50845578.34,4046396.92,244094106.00,276388809.87,520482915.87,39887.14,2.76994004,0.00040605,0.01299376,0.00812110,0.88644232,0.89456342,966727571.03,16.5792
2241,6.1355,2.9279,2.9279,8052.46,50854010.70,4046630.98,244121288.48,276401505.33,520522793.81,39877.94,2.76930167,0.00040591,0.01298903,0.00811814,0.88635725,0.89447539,966765448.97,16.5748
2242,6.1383,2.9283,2.9283,8067.77,50862444.18,4046865.04,244148462.36,276414200.21,520562662.57,39868.75,2.76866349,0.00040576,0.01298430,0.00811519,0.88627217,0.89438736,966803317.73,16.5704
2243,6.1410,2.9287,2.9287,8083.10,50870878.78,4047099.09,244175627.64,276426894.49,520602522.13,39859.57,2.76802550,0.00040561,0.01297957,0.00811223,0.88618710,0.89429933,966841177.30,16.5660
2244,6.1437,2.9291,2.9291,8098.47,50879314.52,4047333.13,244202784.33,276439588.19,520642372.52,39850.38,2.76738771,0.00040546,0.01297485,0.00810928,0.88610203,0.89421131,966879027.68,16.5616
2245,6.1465,2.9295,2.9295,8113.86,50887751.38,4047567.17,244229932.42,276452281.30,520682213.72,39841.20,2.76675012,0.00040532,0.01297012,0.00810633,0.88601696,0.89412328,966916868.88,16.5572
2246,6.1492,2.9299,2.9299,8129.28,50896189.37,4047801.21,244257071.92,276464973.82,520722045.74,39832.02,2.76611271,0.00040517,0.01296540,0.00810338,0.88593189,0.89403526,966954700.90,16.5528
2247,6.1520,2.9302,2.9302,8144.74,50904628.48,4048035.24,244284202.84,276477665.75,520761868.59,39822.85,2.76547551,0.00040502,0.01296068,0.00810043,0.88584682,0.89394724,966992523.75,16.5484
2248,6.1547,2.9306,2.9306,8160.22,50913068.73,4048269.26,244311325.17,276490357.09,520801682.26,39813.67,2.76483849,0.00040487,0.01295596,0.00809748,0.88576175,0.89385922,967030337.42,16.5440
2249,6.1574,2.9310,2.9310,8175.73,50921510.10,4048503.29,244338438.92,276503047.85,520841486.77,39804.50,2.76420167,0.00040473,0.01295125,0.00809453,0.88567668,0.89377121,967068141.93,16.5396
2250,6.1602,2.9314,2.9314,8191.27,50929952.61,4048737.30,244365544.09,276515738.02,520881282.10,39795.34,2.76356505,0.00040458,0.01294654,0.00809158,0.88559161,0.89368319,967105937.27,16.5352
2251,6.1629,2.9318,2.9318,8206.84,50938396.24,4048971.31,244392640.68,276528427.60,520921068.27,39786.17,2.76292861,0.00040443,0.01294182,0.00808864,0.88550654,0.89359518,967143723.44,16.5308
2252,6.1656,2.9322,2.9322,8222.44,50946841.00,4049205.32,244419728.70,276541116.59,520960845.29,39777.01,2.76229237,0.00040428,0.01293711,0.00808570,0.88542148,0.89350717,967181500.45,16.5265
2253,6.1684,2.9326,2.9326,8238.07,50955286.89,4049439.32,244446808.14,276553804.99,521000613.14,39767.85,2.76165633,0.00040414,0.01293241,0.00808275,0.88533641,0.89341916,967219268.30,16.5221
2254,6.1711,2.9330,2.9330,8253.73,50963733.90,4049673.32,244473879.02,276566492.81,521040371.83,39758.69,2.76102047,0.00040399,0.01292770,0.00807981,0.88525134,0.89333116,967257026.99,16.5177
2255,6.1739,2.9334,2.9334,8269.42,50972182.05,4049907.31,244500941.33,276579180.04,521080121.37,39749.54,2.76038482,0.00040384,0.01292300,0.00807687,0.88516628,0.89324315,967294776.54,16.5133
2256,6.1766,2.9338,2.9338,8285.14,50980631.33,4050141.30,244527995.08,276591866.68,521119861.76,39740.39,2.75974935,0.00040370,0.01291830,0.00807393,0.88508122,0.89315515,967332516.93,16.5089
2257,6.1793,2.9342,2.9342,8300.88,50989081.73,4050375.28,244555040.27,276604552.73,521159593.01,39731.24,2.75911408,0.00040355,0.01291360,0.00807100,0.88499615,0.89306715,967370248.17,16.5045
2258,6.1821,2.9346,2.9346,8316.66,50997533.27,4050609.26,244582076.91,276617238.20,521199315.10,39722.10,2.75847900,0.00040340,0.01290890,0.00806806,0.88491109,0.89297915,967407970.27,16.5002
2259,6.1848,2.9350,2.9350,8332.47,51005985.93,4050843.23,244609104.98,276629923.08,521239028.06,39712.96,2.75784411,0.00040326,0.01290420,0.00806513,0.88482603,0.89289116,967445683.22,16.4958
2260,6.1875,2.9353,2.9353,8348.31,51014439.73,4051077.20,244636124.51,276642607.37,521278731.87,39703.82,2.75720942,0.00040311,0.01289951,0.00806219,0.88474097,0.89280316,967483387.04,16.4914
2261,6.1903,2.9357,2.9357,8364.18,51022894.65,4051311.16,244663135.48,276655291.07,521318426.55,39694.68,2.75657492,0.00040296,0.01289481,0.00805926,0.88465591,0.89271517,967521081.72,16.4870
2262,6.1930,2.9361,2.9361,8380.08,51031350.71,4051545.12,244690137.91,276667974.19,521358112.10,39685.54,2.75594061,0.00040282,0.01289012,0.00805633,0.88457085,0.89262718,967558767.26,16.4827
2263,6.1958,2.9365,2.9365,8396.01,51039807.89,4051779.07,244717131.79,276680656.72,521397788.51,39676.41,2.75530650,0.00040267,0.01288544,0.00805340,0.88448579,0.89253919,967596443.67,16.4783
2264,6.1985,2.9369,2.9369,8411.97,51048266.21,4052013.02,244744117.14,276693338.66,521437455.80,39667.29,2.75467258,0.00040252,0.01288075,0.00805047,0.88440073,0.89245120,967634110.96,16.4739
2265,6.2012,2.9373,2.9373,8427.96,51056725.66,4052246.97,244771093.94,276706020.02,521477113.96,39658.16,2.75403885,0.00040238,0.01287606,0.00804754,0.88431568,0.89236322,967671769.12,16.4696
2266,6.2040,2.9377,2.9377,8443.98,51065186.24,4052480.91,244798062.21,276718700.79,521516762.99,39649.04,2.75340532,0.00040223,0.01287138,0.00804461,0.88423062,0.89227523,967709418.16,16.4652
2267,6.2067,2.9381,2.9381,8460.03,51073647.94,4052714.84,244825021.94,276731380.97,521556402.91,39639.92,2.75277198,0.00040208,0.01286670,0.00804169,0.88414556,0.89218725,967747058.07,16.4608
2268,6.2094,2.9385,2.9385,8476.11,51082110.78,4052948.77,244851973.14,276744060.56,521596033.71,39630.80,2.75213883,0.00040194,0.01286202,0.00803876,0.88406051,0.89209927,967784688.87,16.4565
2269,6.2122,2.9389,2.9389,8492.22,51090574.76,4053182.70,244878915.82,276756739.57,521635655.39,39621.68,2.75150587,0.00040179,0.01285735,0.00803584,0.88397546,0.89201130,967822310.56,16.4521
2270,6.2149,2.9393,2.9393,8508.36,51099039.86,4053416.62,244905849.97,276769418.00,521675267.97,39612.57,2.75087310,0.00040165,0.01285267,0.00803292,0.88389040,0.89192332,967859923.13,16.4477
2271,6.2177,2.9397,2.9397,8524.54,51107506.09,4053650.53,244932775.60,276782095.83,521714871.43,39603.46,2.75024053,0.00040150,0.01284800,0.00803000,0.88380535,0.89183535,967897526.59,16.4434
2272,6.2204,2.9401,2.9401,8540.74,51115973.46,4053884.44,244959692.71,276794773.08,521754465.79,39594.36,2.74960815,0.00040135,0.01284333,0.00802708,0.88372030,0.89174738,967935120.95,16.4390
2273,6.2231,2.9405,2.9405,8556.97,51124441.96,4054118.35,244986601.30,276807449.74,521794051.04,39585.25,2.74897596,0.00040121,0.01283866,0.00802416,0.88363525,0.89165941,967972706.20,16.4347
2274,6.2259,2.9408,2.9408,8573.24,51132911.59,4054352.25,245013501.37,276820125.82,521833627.19,39576.15,2.74834397,0.00040106,0.01283399,0.00802124,0.88355020,0.89157144,968010282.36,16.4303
2275,6.2286,2.9412,2.9412,8589.54,51141382.35,4054586.14,245040392.94,276832801.31,521873194.25,39567.06,2.74771217,0.00040092,0.01282932,0.00801833,0.88346515,0.89148347,968047849.41,16.4260
2276,6.2313,2.9416,2.9416,8605.86,51149854.25,4054820.03,245067275.99,276845476.22,521912752.21,39557.96,2.74708056,0.00040077,0.01282466,0.00801541,0.88338010,0.89139551,968085407.37,16.4216
2277,6.2341,2.9420,2.9420,8622.22,51158327.27,4055053.92,245094150.54,276858150.53,521952301.08,39548.87,2.74644914,0.00040062,0.01282000,0.00801250,0.88329505,0.89130755,968122956.24,16.4173
2278,6.2368,2.9424,2.9424,8638.61,51166801.43,4055287.80,245121016.59,276870824.27,521991840.85,39539.78,2.74581791,0.00040048,0.01281534,0.00800959,0.88321000,0.89121959,968160496.02,16.4129
2279,6.2396,2.9428,2.9428,8655.03,51175276.73,4055521.68,245147874.13,276883497.41,522031371.55,39530.69,2.74518688,0.00040033,0.01281068,0.00800668,0.88312496,0.89113163,968198026.71,16.4086
2280,6.2423,2.9432,2.9432,8671.48,51183753.15,4055755.55,245174723.18,276896169.97,522070893.15,39521.61,2.74455603,0.00040019,0.01280603,0.00800377,0.88303991,0.89104368,968235548.31,16.4042
2281,6.2450,2.9436,2.9436,8687.97,51192230.71,4055989.42,245201563.73,276908841.95,522110405.68,39512.53,2.74392538,0.00040004,0.01280137,0.00800086,0.88295486,0.89095572,968273060.84,16.3999
2282,6.2478,2.9440,2.9440,8704.48,51200709.40,4056223.28,245228395.79,276921513.34,522149909.12,39503.45,2.74329492,0.00039990,0.01279672,0.00799795,0.88286982,0.89086777,968310564.29,16.3955
2283,6.2505,2.9444,2.9444,8721.03,51209189.23,4056457.14,245255219.35,276934184.14,522189403.50,39494.37,2.74266466,0.00039975,0.01279207,0.00799504,0.88278478,0.89077982,968348058.66,16.3912
2284,6.2533,2.9448,2.9448,8737.60,51217670.19,4056690.99,245282034.43,276946854.36,522228888.79,39485.30,2.74203458,0.00039961,0.01278742,0.00799214,0.88269973,0.89069187,968385543.96,16.3869
2285,6.2560,2.9452,2.9452,8754.21,51226152.28,4056924.84,245308841.03,276959523.99,522268365.02,39476.23,2.74140470,0.00039946,0.01278278,0.00798924,0.88261469,0.89060393,968423020.18,16.3825
2286,6.2587,2.9456,2.9456,8770.85,51234635.51,4057158.68,245335639.14,276972193.04,522307832.18,39467.16,2.74077501,0.00039932,0.01277813,0.00798633,0.88252965,0.89051598,968460487.34,16.3782
2287,6.2615,2.9460,2.9460,8787.52,51243119.87,4057392.52,245362428.77,276984861.50,522347290.28,39458.10,2.74014551,0.00039917,0.01277349,0.00798343,0.88244461,0.89042804,968497945.44,16.3739
2288,6.2642,2.9464,2.9464,8804.23,51251605.37,4057626.35,245389209.93,276997529.38,522386739.31,39449.03,2.73951620,0.00039903,0.01276885,0.00798053,0.88235957,0.89034010,968535394.47,16.3695
2289,6.2669,2.9467,2.9467,8820.96,51260092.00,4057860.18,245415982.61,277010196.67,522426179.28,39439.97,2.73888708,0.00039888,0.01276421,0.00797763,0.88227453,0.89025216,968572834.45,16.3652
2290,6.2697,2.9471,2.9471,8837.73,51268579.76,4058094.01,245442746.82,277022863.38,522465610.20,39430.92,2.73825815,0.00039874,0.01275957,0.00797473,0.88218949,0.89016423,968610265.36,16.3609
2291,6.2724,2.9475,2.9475,8854.53,51277068.66,4058327.82,245469502.57,277035529.50,522505032.06,39421.86,2.73762942,0.00039859,0.01275494,0.00797184,0.88210445,0.89007629,968647687.23,16.3565
2292,6.2752,2.9479,2.9479,8871.36,51285558.69,4058561.64,245496249.84,277048195.04,522544444.88,39412.81,2.73700087,0.00039845,0.01275031,0.00796894,0.88201942,0.88998836,968685100.04,16.3522
2293,6.2779,2.9483,2.9483,8888.22,51294049.86,4058795.45,245522988.65,277060859.99,522583848.64,39403.76,2.73637252,0.00039830,0.01274567,0.00796605,0.88193438,0.88990043,968722503.80,16.3479
2294,6.2806,2.9487,2.9487,8905.12,51302542.16,4059029.25,245549719.01,277073524.36,522623243.36,39394.72,2.73574436,0.00039816,0.01274105,0.00796315,0.88184935,0.88981250,968759898.52,16.3436
2295,6.2834,2.9491,2.9491,8922.05,51311035.60,4059263.05,245576440.90,277086188.14,522662629.04,39385.68,2.73511639,0.00039801,0.01273642,0.00796026,0.88176431,0.88972457,968797284.20,16.3392
2296,6.2861,2.9495,2.9495,8939.01,51319530.18,4059496.85,245603154.34,277098851.33,522702005.67,39376.64,2.73448861,0.00039787,0.01273179,0.00795737,0.88167928,0.88963665,968834660.84,16.3349
2297,6.2888,2.9499,2.9499,8956.00,51328025.89,4059730.64,245629859.32,277111513.95,522741373.27,39367.60,2.73386102,0.00039772,0.01272717,0.00795448,0.88159425,0.88954873,968872028.43,16.3306
2298,6.2916,2.9503,2.9503,8973.02,51336522.73,4059964.42,245656555.86,277124175.98,522780731.84,39358.56,2.73323362,0.00039758,0.01272255,0.00795159,0.88150921,0.88946081,968909387.00,16.3263
2299,6.2943,2.9507,2.9507,8990.08,51345020.71,4060198.21,245683243.95,277136837.42,522820081.37,39349.53,2.73260641,0.00039744,0.01271793,0.00794871,0.88142418,0.88937289,968946736.53,16.3220
2300,6.2971,2.9511,2.9511,9007.17,51353519.83,4060431.98,245709923.59,277149498.28,522859421.87,39340.50,2.73197940,0.00039729,0.01271331,0.00794582,0.88133915,0.88928497,968984077.03,16.3177
2301,6.2998,2.9515,2.9515,9024.29,51362020.09,4060665.75,245736594.79,277162158.56,522898753.35,39331.48,2.73135257,0.00039715,0.01270869,0.00794293,0.88125412,0.88919706,969021408.51,16.3134
2302,6.3025,2.9519,2.9519,9041.44,51370521.48,4060899.52,245763257.55,277174818.25,522938075.80,39322.45,2.73072594,0.00039700,0.01270408,0.00794005,0.88116909,0.88910914,969058730.96,16.3090
2303,6.3053,2.9523,2.9523,9058.63,51379024.00,4061133.28,245789911.88,277187477.35,522977389.23,39313.43,2.73009949,0.00039686,0.01269947,0.00793717,0.88108406,0.88902123,969096044.40,16.3047
2304,6.3080,2.9527,2.9527,9075.85,51387527.67,4061367.04,245816557.77,277200135.88,523016693.65,39304.41,2.72947324,0.00039671,0.01269486,0.00793429,0.88099904,0.88893332,969133348.81,16.3004
2305,6.3107,2.9531,2.9531,9093.10,51396032.47,4061600.79,245843195.23,277212793.82,523055989.05,39295.40,2.72884717,0.00039657,0.01269025,0.00793141,0.88091401,0.88884542,969170644.21,16.2961
2306,6.3135,2.9535,2.9535,9110.38,51404538.40,4061834.54,245869824.26,277225451.17,523095275.43,39286.39,2.72822130,0.00039643,0.01268564,0.00792853,0.88082898,0.88875751,969207930.60,16.2918
2307,6.3162,2.9538,2.9538,9127.70,51413045.48,4062068.28,245896444.87,277238107.94,523134552.81,39277.38,2.72759562,0.00039628,0.01268104,0.00792565,0.88074396,0.88866961,969245207.97,16.2875
2308,6.3190,2.9542,2.9542,9145.05,51421553.69,4062302.02,245923057.05,277250764.13,523173821.18,39268.37,2.72697012,0.00039614,0.01267644,0.00792277,0.88065894,0.88858171,969282476.34,16.2832
2309,6.3217,2.9546,2.9546,9162.43,51430063.04,4062535.75,245949660.81,277263419.73,523213080.55,39259.37,2.72634482,0.00039599,0.01267184,0.00791990,0.88057391,0.88849381,969319735.71,16.2789
2310,6.3244,2.9550,2.9550,9179.85,51438573.52,4062769.48,245976256.16,277276074.75,523252330.91,39250.36,2.72571971,0.00039585,0.01266724,0.00791702,0.88048889,0.88840591,969356986.07,16.2746
2311,6.3272,2.9554,2.9554,9197.30,51447085.15,4063003.20,246002843.08,277288729.19,523291572.28,39241.36,2.72509479,0.00039571,0.01266264,0.00791415,0.88040387,0.88831802,969394227.44,16.2703
2312,6.3299,2.9558,2.9558,9214.78,51455597.91,4063236.92,246029421.60,277301383.04,523330804.64,39232.37,2.72447005,0.00039556,0.01265805,0.00791128,0.88031885,0.88823012,969431459.81,16.2660
2313,6.3326,2.9562,2.9562,9232.30,51464111.81,4063470.64,246055991.70,277314036.31,523370028.02,39223.38,2.72384551,0.00039542,0.01265345,0.00790841,0.88023383,0.88814223,969468683.18,16.2617
2314,6.3354,2.9566,2.9566,9249.85,51472626.84,4063704.34,246082553.40,277326689.00,523409242.40,39214.38,2.72322116,0.00039528,0.01264886,0.00790554,0.88014881,0.88805434,969505897.57,16.2574
2315,6.3381,2.9570,2.9570,9267.43,51481143.02,4063938.05,246109106.70,277339341.10,523448447.80,39205.40,2.72259699,0.00039513,0.01264427,0.00790267,0.88006379,0.88796646,969543102.96,16.2531
2316,6.3409,2.9574,2.9574,9285.04,51489660.33,4064171.75,246135651.59,277351992.62,523487644.21,39196.41,2.72197302,0.00039499,0.01263968,0.00789980,0.87997877,0.88787857,969580299.38,16.2489
2317,6.3436,2.9578,2.9578,9302.69,51498178.79,4064405.44,246162188.08,277364643.56,523526831.64,39187.43,2.72134924,0.00039485,0.01263510,0.00789694,0.87989375,0.88779069,969617486.80,16.2446
2318,6.3463,2.9582,2.9582,9320.38,51506698.38,4064639.13,246188716.17,277377293.92,523566010.09,39178.45,2.72072564,0.00039470,0.01263051,0.00789407,0.87980874,0.88770281,969654665.25,16.2403
2319,6.3491,2.9586,2.9586,9338.09,51515219.11,4064872.82,246215235.88,277389943.69,523605179.56,39169.47,2.72010224,0.00039456,0.01262593,0.00789121,0.87972372,0.88761493,969691834.73,16.2360
2320,6.3518,2.9590,2.9590,9355.84,51523740.98,4065106.50,246241747.19,277402592.88,523644340.06,39160.50,2.71947903,0.00039442,0.01262135,0.00788835,0.87963871,0.88752705,969728995.22,16.2317
2321,6.3546,2.9594,2.9594,9373.63,51532263.99,4065340.18,246268250.11,277415241.48,523683491.59,39151.53,2.71885600,0.00039427,0.01261677,0.00788548,0.87955369,0.88743918,969766146.75,16.2274
2322,6.3573,2.9598,2.9598,9391.45,51540788.14,4065573.85,246294744.64,277427889.50,523722634.14,39142.56,2.71823317,0.00039413,0.01261220,0.00788262,0.87946868,0.88735130,969803289.31,16.2232
2323,6.3600,2.9602,2.9602,9409.30,51549313.42,4065807.51,246321230.79,277440536.94,523761767.74,39133.59,2.71761052,0.00039399,0.01260762,0.00787976,0.87938367,0.88726343,969840422.90,16.2189
2324,6.3628,2.9606,2.9606,9427.18,51557839.85,4066041.17,246347708.56,277453183.80,523800892.36,39124.63,2.71698806,0.00039385,0.01260305,0.00787691,0.87929865,0.88717556,969877547.53,16.2146
2325,6.3655,2.9610,2.9610,9445.10,51566367.42,4066274.83,246374177.96,277465830.08,523840008.03,39115.67,2.71636579,0.00039370,0.01259848,0.00787405,0.87921364,0.88708769,969914663.19,16.2103
2326,6.3682,2.9614,2.9614,9463.06,51574896.13,4066508.48,246400638.97,277478475.77,523879114.74,39106.71,2.71574372,0.00039356,0.01259391,0.00787119,0.87912863,0.88699983,969951769.90,16.2061
2327,6.3710,2.9618,2.9618,9481.04,51583425.97,4066742.13,246427091.62,277491120.88,523918212.50,39097.75,2.71512183,0.00039342,0.01258934,0.00786834,0.87904362,0.88691197,969988867.66,16.2018
2328,6.3737,2.9621,2.9621,9499.07,51591956.96,4066975.77,246453535.89,277503765.41,523957301.30,39088.80,2.71450013,0.00039327,0.01258478,0.00786549,0.87895862,0.88682410,970025956.46,16.1975
2329,6.3765,2.9625,2.9625,9517.12,51600489.09,4067209.41,246479971.80,277516409.35,523996381.15,39079.85,2.71387861,0.00039313,0.01258022,0.00786264,0.87887361,0.88673624,970063036.31,16.1932
2330,6.3792,2.9629,2.9629,9535.21,51609022.36,4067443.04,246506399.34,277529052.71,524035452.05,39070.91,2.71325729,0.00039299,0.01257566,0.00785978,0.87878860,0.88664839,970100107.22,16.1890
2331,6.3819,2.9633,2.9633,9553.34,51617556.77,4067676.67,246532818.52,277541695.50,524074514.02,39061.96,2.71263616,0.00039285,0.01257110,0.00785693,0.87870360,0.88656053,970137169.18,16.1847
2332,6.3847,2.9637,2.9637,9571.50,51626092.32,4067910.29,246559229.34,277554337.70,524113567.03,39053.02,2.71201521,0.00039270,0.01256654,0.00785409,0.87861859,0.88647268,970174222.20,16.1804
2333,6.3874,2.9641,2.9641,9589.69,51634629.01,4068143.91,246585631.80,277566979.31,524152611.11,39044.08,2.71139446,0.00039256,0.01256198,0.00785124,0.87853359,0.88638483,970211266.28,16.1762
2334,6.3901,2.9645,2.9645,9607.92,51643166.84,4068377.53,246612025.91,277579620.35,524191646.26,39035.14,2.71077389,0.00039242,0.01255743,0.00784839,0.87844858,0.88629698,970248301.42,16.1719
2335,6.3929,2.9649,2.9649,9626.18,51651705.82,4068611.14,246638411.67,277592260.80,524230672.47,39026.21,2.71015351,0.00039228,0.01255288,0.00784555,0.87836358,0.88620913,970285327.63,16.1677
2336,6.3956,2.9653,2.9653,9644.48,51660245.93,4068844.74,246664789.08,277604900.67,524269689.75,39017.28,2.70953332,0.00039214,0.01254833,0.00784270,0.87827858,0.88612128,970322344.91,16.1634
2337,6.3984,2.9657,2.9657,9662.81,51668787.19,4069078.34,246691158.14,277617539.96,524308698.10,39008.35,2.70891332,0.00039199,0.01254378,0.00783986,0.87819358,0.88603344,970359353.26,16.1592
2338,6.4011,2.9661,2.9661,9681.18,51677329.59,4069311.94,246717518.85,277630178.67,524347697.53,38999.43,2.70829351,0.00039185,0.01253923,0.00783702,0.87810858,0.88594560,970396352.69,16.1549
2339,6.4038,2.9665,2.9665,9699.58,51685873.13,4069545.53,246743871.23,277642816.80,524386688.03,38990.50,2.70767388,0.00039171,0.01253469,0.00783418,0.87802358,0.88585776,970433343.19,16.1506
2340,6.4066,2.9669,2.9669,9718.02,51694417.81,4069779.11,246770215.27,277655454.35,524425669.62,38981.58,2.70705445,0.00039157,0.01253015,0.00783134,0.87793858,0.88576992,970470324.78,16.1464
2341,6.4093,2.9673,2.9673,9736.49,51702963.63,4070012.69,246796550.97,277668091.31,524464642.28,38972.67,2.70643520,0.00039143,0.01252560,0.00782850,0.87785358,0.88568209,970507297.44,16.1421
2342,6.4120,2.9677,2.9677,9755.00,51711510.60,4070246.27,246822878.34,277680727.69,524503606.03,38963.75,2.70581614,0.00039128,0.01252107,0.00782567,0.87776859,0.88559425,970544261.20,16.1379
2343,6.4148,2.9681,2.9681,9773.54,51720058.71,4070479.84,246849197.38,277693363.50,524542560.88,38954.84,2.70519727,0.00039114,0.01251653,0.00782283,0.87768359,0.88550642,970581216.04,16.1336
2344,6.4175,2.9685,2.9685,9792.12,51728607.97,4070713.41,246875508.09,277705998.72,524581506.81,38945.93,2.70457858,0.00039100,0.01251199,0.00782000,0.87759860,0.88541859,970618161.97,16.1294
2345,6.4203,2.9689,2.9689,9810.73,51737158.36,4070946.97,246901810.48,277718633.36,524620443.83,38937.03,2.70396009,0.00039086,0.01250746,0.00781716,0.87751360,0.88533076,970655098.99,16.1252
2346,6.4230,2.9693,2.9693,9829.38,51745709.90,4071180.52,246928104.54,277731267.42,524659371.95,38928.12,2.70334178,0.00039072,0.01250293,0.00781433,0.87742861,0.88524294,970692027.12,16.1209
2347,6.4257,2.9697,2.9697,9848.07,51754262.58,4071414.08,246954390.28,277743900.89,524698291.17,38919.22,2.70272366,0.00039057,0.01249840,0.00781150,0.87734362,0.88515511,970728946.34,16.1167
2348,6.4285,2.9701,2.9701,9866.79,51762816.41,4071647.62,246980667.71,277756533.79,524737201.50,38910.32,2.70210573,0.00039043,0.01249387,0.00780867,0.87725862,0.88506729,970765856.66,16.1124
2349,6.4312,2.9705,2.9705,9885.54,51771371.38,4071881.17,247006936.82,277769166.11,524776102.92,38901.43,2.70148799,0.00039029,0.01248935,0.00780584,0.87717363,0.88497947,970802758.09,16.1082
2350,6.4339,2.9709,2.9709,9904.33,51779927.49,4072114.70,247033197.62,277781797.84,524814995.46,38892.53,2.70087043,0.00039015,0.01248482,0.00780301,0.87708864,0.88489166,970839650.62,16.1040
2351,6.4367,2.9713,2.9713,9923.16,51788484.74,4072348.24,247059450.10,277794429.00,524853879.10,38883.64,2.70025306,0.00039001,0.01248030,0.00780019,0.87700365,0.88480384,970876534.27,16.0997
2352,6.4394,2.9717,2.9717,9942.02,51797043.14,4072581.77,247085694.29,277807059.57,524892753.86,38874.76,2.69963588,0.00038987,0.01247578,0.00779736,0.87691866,0.88471603,970913409.02,16.0955
2353,6.4422,2.9721,2.9721,9960.92,51805602.69,4072815.29,247111930.16,277819689.57,524931619.73,38865.87,2.69901889,0.00038973,0.01247126,0.00779454,0.87683368,0.88462822,970950274.89,16.0913
2354,6.4449,2.9725,2.9725,9979.85,51814163.38,4073048.81,247138157.74,277832318.98,524970476.72,38856.99,2.69840208,0.00038959,0.01246674,0.00779172,0.87674869,0.88454041,970987131.88,16.0870
2355,6.4476,2.9729,2.9729,9998.82,51822725.21,4073282.32,247164377.02,277844947.81,525009324.83,38848.11,2.69778546,0.00038944,0.01246223,0.00778889,0.87666370,0.88445260,971023979.99,16.0828
2356,6.4504,2.9733,2.9733,10017.83,51831288.19,4073515.83,247190588.00,277857576.07,525048164.07,38839.23,2.69716903,0.00038930,0.01245772,0.00778607,0.87657872,0.88436479,971060819.23,16.0786
2357,6.4531,2.9737,2.9737,10036.87,51839852.31,4073749.34,247216790.69,277870203.74,525086994.43,38830.36,2.69655279,0.00038916,0.01245321,0.00778325,0.87649374,0.88427699,971097649.59,16.0743
2358,6.4559,2.9741,2.9741,10055.95,51848417.57,4073982.84,247242985.08,277882830.83,525125815.91,38821.49,2.69593673,0.00038902,0.01244870,0.00778044,0.87640875,0.88418919,971134471.08,16.0701
2359,6.4586,2.9744,2.9744,10075.06,51856983.99,4074216.33,247269171.19,277895457.34,525164628.54,38812.62,2.69532087,0.00038888,0.01244419,0.00777762,0.87632377,0.88410139,971171283.70,16.0659
2360,6.4613,2.9748,2.9748,10094.21,51865551.54,4074449.82,247295349.01,277908083.28,525203432.29,38803.75,2.69470518,0.00038874,0.01243968,0.00777480,0.87623879,0.88401359,971208087.45,16.0617
2361,6.4641,2.9752,2.9752,10113.40,51874120.25,4074683.31,247321518.55,277920708.63,525242227.18,38794.89,2.69408969,0.00038860,0.01243518,0.00777199,0.87615381,0.88392580,971244882.34,16.0574
2362,6.4668,2.9756,2.9756,10132.63,51882690.09,4074916.79,247347679.81,277933333.40,525281013.21,38786.03,2.69347438,0.00038846,0.01243068,0.00776917,0.87606883,0.88383800,971281668.38,16.0532
2363,6.4695,2.9760,2.9760,10151.89,51891261.09,4075150.27,247373832.79,277945957.60,525319790.39,38777.17,2.69285926,0.00038832,0.01242618,0.00776636,0.87598385,0.88375021,971318445.55,16.0490
2364,6.4723,2.9764,2.9764,10171.18,51899833.23,4075383.74,247399977.49,277958581.21,525358558.70,38768.32,2.69224433,0.00038818,0.01242168,0.00776355,0.87589887,0.88366242,971355213.87,16.0448
2365,6.4750,2.9768,2.9768,10190.52,51908406.51,4075617.20,247426113.93,277971204.24,525397318.17,38759.47,2.69162958,0.00038804,0.01241718,0.00776074,0.87581389,0.88357463,971391973.33,16.0406
2366,6.4778,2.9772,2.9772,10209.89,51916980.94,4075850.67,247452242.09,277983826.70,525436068.79,38750.62,2.69101502,0.00038790,0.01241269,0.00775793,0.87572892,0.88348685,971428723.95,16.0364
2367,6.4805,2.9776,2.9776,10229.30,51925556.52,4076084.12,247478361.98,277996448.57,525474810.56,38741.77,2.69040065,0.00038776,0.01240820,0.00775512,0.87564394,0.88339906,971465465.72,16.0322
2368,6.4832,2.9780,2.9780,10248.74,51934133.24,4076317.58,247504473.61,278009069.87,525513543.48,38732.93,2.68978646,0.00038762,0.01240371,0.00775232,0.87555897,0.88331128,971502198.64,16.0279
2369,6.4860,2.9784,2.9784,10268.22,51942711.11,4076551.02,247530576.98,278021690.59,525552267.56,38724.08,2.68917246,0.00038748,0.01239922,0.00774951,0.87547399,0.88322350,971538922.73,16.0237
2370,6.4887,2.9788,2.9788,10287.74,51951290.13,4076784.47,247556672.09,278034310.72,525590982.81,38715.24,2.68855865,0.00038734,0.01239473,0.00774671,0.87538902,0.88313573,971575637.97,16.0195
2371,6.4914,2.9792,2.9792,10307.29,51959870.30,4077017.91,247582758.94,278046930.28,525629689.22,38706.41,2.68794502,0.00038720,0.01239024,0.00774390,0.87530405,0.88304795,971612344.38,16.0153
2372,6.4942,2.9796,2.9796,10326.89,51968451.61,4077251.34,247608837.53,278059549.26,525668386.79,38697.57,2.68733158,0.00038706,0.01238576,0.00774110,0.87521908,0.88296018,971649041.95,16.0111
2373,6.4969,2.9800,2.9800,10346.52,51977034.07,4077484.77,247634907.88,278072167.66,525707075.54,38688.74,2.68671833,0.00038691,0.01238128,0.00773830,0.87513411,0.88287241,971685730.70,16.0069
2374,6.4997,2.9804,2.9804,10366.18,51985617.67,4077718.19,247660969.97,278084785.48,525745755.45,38679.92,2.68610526,0.00038677,0.01237680,0.00773550,0.87504914,0.88278464,971722410.61,16.0027
2375,6.5024,2.9808,2.9808,10385.89,51994202.42,4077951.61,247687023.82,278097402.72,525784426.54,38671.09,2.68549238,0.00038664,0.01237232,0.00773270,0.87496417,0.88269687,971759081.70,15.9985
2376,6.5051,2.9812,2.9812,10405.63,52002788.32,4078185.03,247713069.42,278110019.39,525823088.81,38662.27,2.68487969,0.00038650,0.01236785,0.00772990,0.87487920,0.88260910,971795743.97,15.9943
2377,6.5079,2.9816,2.9816,10425.41,52011375.37,4078418.44,247739106.79,278122635.47,525861742.26,38653.45,2.68426718,0.00038636,0.01236337,0.00772711,0.87479423,0.88252134,971832397.42,15.9901
2378,6.5106,2.9820,2.9820,10445.23,52019963.57,4078651.84,247765135.91,278135250.98,525900386.89,38644.63,2.68365485,0.00038622,0.01235890,0.00772431,0.87470927,0.88243358,971869042.05,15.9859
2379,6.5133,2.9824,2.9824,10465.08,52028552.91,4078885.24,247791156.80,278147865.90,525939022.70,38635.82,2.68304272,0.00038608,0.01235443,0.00772152,0.87462430,0.88234582,971905677.86,15.9817
2380,6.5161,2.9828,2.9828,10484.97,52037143.40,4079118.64,247817169.45,278160480.25,525977649.70,38627.00,2.68243077,0.00038594,0.01234996,0.00771872,0.87453934,0.88225806,971942304.87,15.9775
2381,6.5188,2.9832,2.9832,10504.90,52045735.05,4079352.03,247843173.88,278173094.02,526016267.90,38618.19,2.68181900,0.00038580,0.01234549,0.00771593,0.87445438,0.88217031,971978923.06,15.9734
2382,6.5216,2.9836,2.9836,10524.87,52054327.84,4079585.42,247869170.07,278185707.21,526054877.29,38609.39,2.68120742,0.00038566,0.01234103,0.00771314,0.87436941,0.88208256,972015532.45,15.9692
2383,6.5243,2.9840,2.9840,10544.88,52062921.77,4079818.80,247895158.04,278198319.83,526093477.87,38600.58,2.68059603,0.00038552,0.01233656,0.00771035,0.87428445,0.88199481,972052133.03,15.9650
2384,6.5270,2.9844,2.9844,10564.92,52071516.86,4080052.18,247921137.79,278210931.86,526132069.65,38591.78,2.67998482,0.00038538,0.01233210,0.00770756,0.87419949,0.88190706,972088724.81,15.9608
2385,6.5298,2.9848,2.9848,10585.00,52080113.10,4080285.55,247947109.31,278223543.32,526170652.63,38582.98,2.67937380,0.00038524,0.01232764,0.00770478,0.87411453,0.88181931,972125307.80,15.9566
2386,6.5325,2.9852,2.9852,10605.12,52088710.48,4080518.92,247973072.62,278236154.20,526209226.82,38574.19,2.67876297,0.00038510,0.01232319,0.00770199,0.87402957,0.88173156,972161881.98,15.9524
2387,6.5352,2.9856,2.9856,10625.28,52097309.02,4080752.28,247999027.71,278248764.50,526247792.21,38565.39,2.67815232,0.00038496,0.01231873,0.00769921,0.87394462,0.88164382,972198447.38,15.9482
2388,6.5380,2.9860,2.9860,10645.48,52105908.70,4080985.64,248024974.59,278261374.22,526286348.82,38556.60,2.67754185,0.00038482,0.01231428,0.00769642,0.87385966,0.88155608,972235003.98,15.9441
2389,6.5407,2.9864,2.9864,10665.72,52114509.53,4081218.99,248050913.26,278273983.37,526324896.63,38547.81,2.67693157,0.00038468,0.01230982,0.00769364,0.87377470,0.88146834,972271551.79,15.9399
2390,6.5435,2.9868,2.9868,10685.99,52123111.52,4081452.34,248076843.72,278286591.94,526363435.66,38539.03,2.67632148,0.00038454,0.01230537,0.00769086,0.87368975,0.88138061,972308090.82,15.9357
2391,6.5462,2.9872,2.9872,10706.30,52131714.65,4081685.69,248102765.98,278299199.93,526401965.91,38530.25,2.67571157,0.00038440,0.01230092,0.00768808,0.87360479,0.88129287,972344621.07,15.9315
2392,6.5489,2.9876,2.9876,10726.65,52140318.93,4081919.03,248128680.03,278311807.34,526440487.37,38521.47,2.67510185,0.00038426,0.01229648,0.00768530,0.87351984,0.88120514,972381142.54,15.9274
2393,6.5517,2.9880,2.9880,10747.04,52148924.37,4082152.36,248154585.89,278324414.17,526479000.06,38512.69,2.67449231,0.00038413,0.01229203,0.00768252,0.87343489,0.88111741,972417655.22,15.9232
2394,6.5544,2.9884,2.9884,10767.47,52157530.95,4082385.69,248180483.55,278337020.43,526517503.98,38503.91,2.67388296,0.00038399,0.01228759,0.00767974,0.87334994,0.88102968,972454159.14,15.9190
2395,6.5572,2.9888,2.9888,10787.94,52166138.68,4082619.02,248206373.01,278349626.11,526555999.12,38495.14,2.67327379,0.00038385,0.01228315,0.00767697,0.87326499,0.88094195,972490654.28,15.9149
2396,6.5599,2.9892,2.9892,10808.44,52174747.57,4082852.34,248232254.28,278362231.21,526594485.49,38486.37,2.67266481,0.00038371,0.01227871,0.00767419,0.87318004,0.88085423,972527140.65,15.9107
2397,6.5626,2.9896,2.9896,10828.99,52183357.60,4083085.65,248258127.36,278374835.74,526632963.10,38477.61,2.67205601,0.00038357,0.01227427,0.00767142,0.87309509,0.88076651,972563618.26,15.9065
2398,6.5654,2.9900,2.9900,10849.57,52191968.79,4083318.96,248283992.26,278387439.68,526671431.94,38468.84,2.67144740,0.00038343,0.01226983,0.00766865,0.87301014,0.88067879,972600087.10,15.9024
2399,6.5681,2.9904,2.9904,10870.20,52200581.13,4083552.27,248309848.97,278400043.05,526709892.02,38460.08,2.67083897,0.00038329,0.01226540,0.00766587,0.87292519,0.88059107,972636547.19,15.8982
2400,6.5708,2.9908,2.9908,10890.86,52209194.62,4083785.57,248335697.50,278412645.85,526748343.34,38451.32,2.67023073,0.00038316,0.01226097,0.00766310,0.87284025,0.88050335,972672998.51,15.8940
2401,6.5736,2.9912,2.9912,10911.56,52217809.26,4084018.87,248361537.85,278425248.06,526786785.91,38442.57,2.66962267,0.00038302,0.01225654,0.00766034,0.87275530,0.88041564,972709441.07,15.8899
2402,6.5763,2.9916,2.9916,10932.30,52226425.05,4084252.16,248387370.02,278437849.70,526825219.72,38433.81,2.66901480,0.00038288,0.01225211,0.00765757,0.87267036,0.88032793,972745874.89,15.8857
2403,6.5791,2.9920,2.9920,10953.08,52235042.00,4084485.45,248413194.02,278450450.77,526863644.79,38425.06,2.66840711,0.00038274,0.01224768,0.00765480,0.87258541,0.88024022,972782299.95,15.8816
2404,6.5818,2.9924,2.9924,10973.90,52243660.09,4084718.73,248439009.85,278463051.25,526902061.10,38416.31,2.66779960,0.00038260,0.01224326,0.00765204,0.87250047,0.88015251,972818716.26,15.8774
2405,6.5845,2.9928,2.9928,10994.76,52252279.34,4084952.01,248464817.51,278475651.16,526940468.67,38407.57,2.66719228,0.00038246,0.01223883,0.00764927,0.87241553,0.88006480,972855123.83,15.8732
2406,6.5873,2.9932,2.9932,11015.66,52260899.74,4085185.28,248490617.00,278488250.49,526978867.50,38398.83,2.66658515,0.00038233,0.01223441,0.00764651,0.87233059,0.87997710,972891522.66,15.8691
2407,6.5900,2.9936,2.9936,11036.60,52269521.29,4085418.55,248516408.33,278500849.25,527017257.58,38390.09,2.66597820,0.00038219,0.01222999,0.00764374,0.87224565,0.87988940,972927912.74,15.8649
2408,6.5927,2.9940,2.9940,11057.58,52278144.00,4085651.82,248542191.50,278513447.43,527055638.93,38381.35,2.66537143,0.00038205,0.01222557,0.00764098,0.87216071,0.87980170,972964294.09,15.8608
2409,6.5955,2.9944,2.9944,11078.60,52286767.86,4085885.08,248567966.51,278526045.03,527094011.54,38372.61,2.66476485,0.00038191,0.01222116,0.00763822,0.87207577,0.87971400,973000666.71,15.8566
2410,6.5982,2.9948,2.9948,11099.66,52295392.87,4086118.33,248593733.37,278538642.06,527132375.43,38363.88,2.66415845,0.00038177,0.01221674,0.00763546,0.87199084,0.87962630,973037030.59,15.8525
2411,6.6010,2.9952,2.9952,11120.76,52304019.03,4086351.58,248619492.07,278551238.51,527170730.58,38355.15,2.66355224,0.00038164,0.01221233,0.00763271,0.87190590,0.87953861,973073385.74,15.8483
2412,6.6037,2.9956,2.9956,11141.89,52312646.35,4086584.83,248645242.62,278563834.38,527209077.00,38346.43,2.66294621,0.00038150,0.01220792,0.00762995,0.87182097,0.87945092,973109732.17,15.8442
2413,6.6064,2.9960,2.9960,11163.07,52321274.82,4086818.07,248670985.02,278576429.68,527247414.71,38337.70,2.66234037,0.00038136,0.01220351,0.00762720,0.87173603,0.87936323,973146069.87,15.8401
2414,6.6092,2.9964,2.9964,11184.29,52329904.44,4087051.30,248696719.28,278589024.40,527285743.69,38328.98,2.66173471,0.00038122,0.01219911,0.00762444,0.87165110,0.87927554,973182398.85,15.8359
2415,6.6119,2.9968,2.9968,11205.55,52338535.22,4087284.54,248722445.40,278601618.55,527324063.95,38320.26,2.66112923,0.00038108,0.01219470,0.00762169,0.87156617,0.87918786,973218719.11,15.8318
2416,6.6146,2.9972,2.9972,11226.85,52347167.15,4087517.76,248748163.37,278614212.12,527362375.49,38311.54,2.66052393,0.00038095,0.01219030,0.00761894,0.87148124,0.87910017,973255030.65,15.8276
2417,6.6174,2.9976,2.9976,11248.19,52355800.24,4087750.98,248773873.21,278626805.12,527400678.32,38302.83,2.65991883,0.00038081,0.01218589,0.00761618,0.87139631,0.87901249,973291333.48,15.8235
2418,6.6201,2.9980,2.9980,11269.57,52364434.48,4087984.20,248799574.91,278639397.53,527438972.44,38294.12,2.65931390,0.00038067,0.01218150,0.00761343,0.87131138,0.87892481,973327627.60,15.8194
2419,6.6229,2.9984,2.9984,11290.99,52373069.87,4088217.41,248825268.48,278651989.38,527477257.85,38285.41,2.65870916,0.00038053,0.01217710,0.00761069,0.87122645,0.87883714,973363913.02,15.8152
2420,6.6256,2.9988,2.9988,11312.46,52381706.42,4088450.62,248850953.92,278664580.64,527515534.56,38276.71,2.65810460,0.00038040,0.01217270,0.00760794,0.87114152,0.87874946,973400189.72,15.8111
2421,6.6283,2.9992,2.9992,11333.96,52390344.12,4088683.83,248876631.23,278677171.34,527553802.56,38268.00,2.65750023,0.00038026,0.01216831,0.00760519,0.87105660,0.87866179,973436457.73,15.8070
2422,6.6311,2.9996,2.9996,11355.50,52398982.98,4088917.02,248902300.41,278689761.45,527592061.87,38259.30,2.65689603,0.00038012,0.01216391,0.00760245,0.87097167,0.87857412,973472717.03,15.8028
2423,6.6338,3.0000,3.0000,11377.09,52407622.99,4089150.22,248927961.48,278702350.99,527630312.47,38250.61,2.65629203,0.00037999,0.01215952,0.00759970,0.87088675,0.87848645,973508967.63,15.7987
2424,6.6366,3.0004,3.0004,11398.71,52416264.15,4089383.41,248953614.42,278714939.96,527668554.38,38241.91,2.65568820,0.00037985,0.01215513,0.00759696,0.87080182,0.87839878,973545209.54,15.7946
2425,6.6393,3.0008,3.0008,11420.38,52424906.48,4089616.59,248979259.25,278727528.35,527706787.60,38233.22,2.65508456,0.00037971,0.01215075,0.00759422,0.87071690,0.87831112,973581442.76,15.7905
2426,6.6420,3.0012,3.0012,11442.09,52433549.95,4089849.77,249004895.96,278740116.16,527745012.13,38224.53,2.65448111,0.00037957,0.01214636,0.00759148,0.87063198,0.87822346,973617667.29,15.7863
2427,6.6448,3.0016,3.0016,11463.84,52442194.59,4090082.95,249030524.57,278752703.40,527783227.97,38215.84,2.65387783,0.00037944,0.01214198,0.00758874,0.87054706,0.87813580,973653883.13,15.7822
2428,6.6475,3.0020,3.0020,11485.63,52450840.37,4090316.12,249056145.06,278765290.07,527821435.12,38207.16,2.65327474,0.00037930,0.01213760,0.00758600,0.87046214,0.87804814,973690090.29,15.7781
2429,6.6502,3.0024,3.0024,11507.46,52459487.32,4090549.28,249081757.44,278777876.16,527859633.60,38198.47,2.65267183,0.00037916,0.01213322,0.00758326,0.87037722,0.87796048,973726288.76,15.7740
2430,6.6530,3.0028,3.0028,11529.34,52468135.42,4090782.45,249107361.72,278790461.67,527897823.39,38189.80,2.65206911,0.00037903,0.01212884,0.00758052,0.87029230,0.87787283,973762478.56,15.7699
2431,6.6557,3.0032,3.0032,11551.25,52476784.67,4091015.60,249132957.90,278803046.61,527936004.51,38181.12,2.65146657,0.00037889,0.01212446,0.00757779,0.87020739,0.87778517,973798659.68,15.7657
2432,6.6585,3.0036,3.0036,11573.21,52485435.09,4091248.75,249158545.98,278815630.98,527974176.96,38172.44,2.65086421,0.00037875,0.01212009,0.00757505,0.87012247,0.87769753,973834832.12,15.7616
2433,6.6612,3.0040,3.0040,11595.21,52494086.66,4091481.90,249184125.96,278828214.77,528012340.73,38163.77,2.65026203,0.00037862,0.01211571,0.00757232,0.87003756,0.87760988,973870995.89,15.7575
2434,6.6639,3.0044,3.0044,11617.25,52502739.38,4091715.04,249209697.85,278840797.98,528050495.83,38155.10,2.64966004,0.00037848,0.01211134,0.00756959,0.86995264,0.87752223,973907151.00,15.7534
2435,6.6667,3.0048,3.0048,11639.33,52511393.26,4091948.18,249235261.65,278853380.62,528088642.27,38146.44,2.64905823,0.00037834,0.01210697,0.00756686,0.86986773,0.87743459,973943297.44,15.7493
2436,6.6694,3.0052,3.0052,11661.46,52520048.30,4092181.31,249260817.36,278865962.69,528126780.05,38137.78,2.64845660,0.00037821,0.01210261,0.00756413,0.86978282,0.87734695,973979435.21,15.7452
2437,6.6721,3.0056,3.0056,11683.62,52528704.50,4092414.44,249286364.98,278878544.18,528164909.16,38129.11,2.64785516,0.00037807,0.01209824,0.00756140,0.86969791,0.87725931,974015564.33,15.7411
2438,6.6749,3.0060,3.0060,11705.83,52537361.85,4092647.57,249311904.52,278891125.10,528203029.62,38120.46,2.64725390,0.00037793,0.01209388,0.00755867,0.86961300,0.87717167,974051684.78,15.7370
2439,6.6776,3.0064,3.0064,11728.08,52546020.36,4092880.69,249337435.98,278903705.44,528241141.42,38111.80,2.64665282,0.00037780,0.01208951,0.00755595,0.86952809,0.87708403,974087796.58,15.7329
2440,6.6804,3.0068,3.0068,11750.37,52554680.03,4093113.80,249362959.35,278916285.21,528279244.57,38103.15,2.64605192,0.00037766,0.01208515,0.00755322,0.86944318,0.87699640,974123899.73,15.7288
2441,6.6831,3.0072,3.0072,11772.71,52563340.85,4093346.91,249388474.66,278928864.41,528317339.06,38094.50,2.64545121,0.00037752,0.01208080,0.00755050,0.86935827,0.87690877,974159994.23,15.7247
2442,6.6858,3.0076,3.0076,11795.09,52572002.84,4093580.02,249413981.88,278941443.03,528355424.91,38085.85,2.64485068,0.00037739,0.01207644,0.00754777,0.86927337,0.87682114,974196080.08,15.7206
2443,6.6886,3.0080,3.0080,11817.51,52580665.98,4093813.12,249439481.04,278954021.08,528393502.12,38077.20,2.64425033,0.00037725,0.01207208,0.00754505,0.86918846,0.87673352,974232157.28,15.7165
2444,6.6913,3.0084,3.0084,11839.97,52589330.28,4094046.21,249464972.13,278966598.55,528431570.68,38068.56,2.64365016,0.00037712,0.01206773,0.00754233,0.86910356,0.87664589,974268225.84,15.7124
2445,6.6940,3.0088,3.0088,11862.48,52597995.74,4094279.30,249490455.15,278979175.45,528469630.60,38059.92,2.64305018,0.00037698,0.01206338,0.00753961,0.86901866,0.87655827,974304285.77,15.7083
2446,6.6968,3.0092,3.0092,11885.03,52606662.35,4094512.39,249515930.11,278991751.78,528507681.89,38051.29,2.64245037,0.00037684,0.01205903,0.00753689,0.86893375,0.87647065,974340337.05,15.7042
2447,6.6995,3.0096,3.0096,11907.62,52615330.13,4094745.47,249541397.01,279004327.53,528545724.54,38042.65,2.64185075,0.00037671,0.01205468,0.00753418,0.86884885,0.87638303,974376379.70,15.7001
2448,6.7023,3.0100,3.0100,11930.25,52623999.06,4094978.55,249566855.85,279016902.71,528583758.56,38034.02,2.64125132,0.00037657,0.01205034,0.00753146,0.86876395,0.87629541,974412413.72,15.6960
2449,6.7050,3.0104,3.0104,11952.93,52632669.15,4095211.62,249592306.64,279029477.31,528621783.95,38025.39,2.64065206,0.00037644,0.01204599,0.00752874,0.86867905,0.87620780,974448439.11,15.6919
2450,6.7077,3.0109,3.0109,11975.65,52641340.40,4095444.69,249617749.37,279042051.34,528659800.71,38016.76,2.64005298,0.00037630,0.01204165,0.00752603,0.86859416,0.87612019,974484455.87,15.6878
2451,6.7105,3.0113,3.0113,11998.41,52650012.81,4095677.75,249643184.05,279054624.80,528697808.85,38008.14,2.63945409,0.00037617,0.01203731,0.00752332,0.86850926,0.87603258,974520464.01,15.6837
2452,6.7132,3.0117,3.0117,12021.22,52658686.38,4095910.81,249668610.68,279067197.69,528735808.37,37999.52,2.63885538,0.00037603,0.01203297,0.00752061,0.86842436,0.87594497,974556463.53,15.6796
2453,6.7159,3.0121,3.0121,12044.07,52667361.11,4096143.86,249694029.27,279079770.00,528773799.27,37990.90,2.63825685,0.00037589,0.01202863,0.00751789,0.86833947,0.87585736,974592454.43,15.6756
2454,6.7187,3.0125,3.0125,12066.97,52676037.00,4096376.91,249719439.81,279092341.73,528811781.55,37982.28,2.63765851,0.00037576,0.01202430,0.00751519,0.86825458,0.87576976,974628436.71,15.6715
2455,6.7214,3.0129,3.0129,12089.90,52684714.05,4096609.96,249744842.32,279104912.90,528849755.22,37973.67,2.63706034,0.00037562,0.01201996,0.00751248,0.86816968,0.87568216,974664410.38,15.6674
2456,6.7242,3.0133,3.0133,12112.88,52693392.26,4096843.00,249770236.78,279117483.49,528887720.28,37965.06,2.63646236,0.00037549,0.01201563,0.00750977,0.86808479,0.87559456,974700375.44,15.6633
2457,6.7269,3.0137,3.0137,12135.91,52702071.63,4097076.03,249795623.22,279130053.51,528925676.73,37956.45,2.63586455,0.00037535,0.01201130,0.00750706,0.86799990,0.87550696,974736331.89,15.6592
2458,6.7296,3.0141,3.0141,12158.98,52710752.16,4097309.06,249821001.61,279142622.96,528963624.57,37947.84,2.63526693,0.00037522,0.01200697,0.00750436,0.86791501,0.87541937,974772279.73,15.6552
2459,6.7324,3.0145,3.0145,12182.09,52719433.84,4097542.09,249846371.98,279155191.83,529001563.81,37939.24,2.63466949,0.00037508,0.01200265,0.00750165,0.86783012,0.87533178,974808218.97,15.6511
2460,6.7351,3.0149,3.0149,12205.25,52728116.69,4097775.11,249871734.32,279167760.13,529039494.45,37930.64,2.63407224,0.00037495,0.01199832,0.00749895,0.86774523,0.87524418,974844149.61,15.6470
2461,6.7379,3.0153,3.0153,12228.45,52736800.71,4098008.13,249897088.64,279180327.86,529077416.49,37922.04,2.63347516,0.00037481,0.01199400,0.00749625,0.86766035,0.87515660,974880071.66,15.6429
2462,6.7406,3.0157,3.0157,12251.69,52745485.88,4098241.14,249922434.93,279192895.01,529115329.94,37913.45,2.63287826,0.00037468,0.01198968,0.00749355,0.86757546,0.87506901,974915985.10,15.6389
2463,6.7433,3.0161,3.0161,12274.98,52754172.21,4098474.15,249947773.20,279205461.59,529153234.79,37904.85,2.63228155,0.00037454,0.01198536,0.00749085,0.86749058,0.87498143,974951889.96,15.6348
2464,6.7461,3.0165,3.0165,12298.31,52762859.70,4098707.15,249973103.45,279218027.60,529191131.06,37896.26,2.63168502,0.00037441,0.01198104,0.00748815,0.86740569,0.87489384,974987786.22,15.6307
2465,6.7488,3.0169,3.0169,12321.69,52771548.36,4098940.15,249998425.69,279230593.04,529229018.74,37887.68,2.63108867,0.00037427,0.01197672,0.00748545,0.86732081,0.87480626,975023673.90,15.6267
2466,6.7515,3.0173,3.0173,12345.11,52780238.17,4099173.14,250023739.92,279243157.91,529266897.83,37879.09,2.63049250,0.00037414,0.01197241,0.00748276,0.86723593,0.87471869,975059552.99,15.6226
2467,6.7543,3.0177,3.0177,12368.58,52788929.15,4099406.13,250049046.14,279255722.20,529304768.34,37870.51,2.62989651,0.00037400,0.01196810,0.00748006,0.86715105,0.87463111,975095423.50,15.6185
2468,6.7570,3.0181,3.0181,12392.09,52797621.29,4099639.11,250074344.35,279268285.92,529342630.27,37861.93,2.62930070,0.00037387,0.01196379,0.00747737,0.86706617,0.87454354,975131285.43,15.6145
2469,6.7598,3.0185,3.0185,12415.64,52806314.59,4099872.09,250099634.55,279280849.07,529380483.62,37853.35,2.62870507,0.00037373,0.01195948,0.00747467,0.86698129,0.87445596,975167138.78,15.6104
2470,6.7625,3.0189,3.0189,12439.24,52815009.06,4100105.07,250124916.75,279293411.65,529418328.40,37844.78,2.62810962,0.00037360,0.01195517,0.00747198,0.86689641,0.87436839,975202983.56,15.6064
2471,6.7652,3.0193,3.0193,12462.89,52823704.69,4100338.04,250150190.96,279305973.65,529456164.61,37836.21,2.62751436,0.00037346,0.01195086,0.00746929,0.86681154,0.87428083,975238819.77,15.6023
2472,6.7680,3.0197,3.0197,12486.58,52832401.47,4100571.00,250175457.16,279318535.08,529493992.24,37827.64,2.62691927,0.00037333,0.01194656,0.00746660,0.86672666,0.87419326,975274647.41,15.5982
2473,6.7707,3.0201,3.0201,12510.31,52841099.43,4100803.96,250200715.37,279331095.94,529531811.31,37819.07,2.62632437,0.00037320,0.01194226,0.00746391,0.86664179,0.87410570,975310466.48,15.5942
2474,6.7734,3.0205,3.0205,12534.09,52849798.54,4101036.92,250225965.59,279343656.23,529569621.82,37810.51,2.62572964,0.00037306,0.01193796,0.00746122,0.86655692,0.87401814,975346276.98,15.5901
2475,6.7762,3.0209,3.0209,12557.92,52858498.82,4101269.87,250251207.82,279356215.95,529607423.77,37801.95,2.62513510,0.00037293,0.01193366,0.00745854,0.86647204,0.87393058,975382078.93,15.5861
2476,6.7789,3.0213,3.0213,12581.79,52867200.26,4101502.82,250276442.06,279368775.09,529645217.15,37793.39,2.62454073,0.00037279,0.01192936,0.00745585,0.86638717,0.87384302,975417872.32,15.5820
2477,6.7817,3.0217,3.0217,12605.70,52875902.86,4101735.76,250301668.31,279381333.67,529683001.98,37784.83,2.62394655,0.00037266,0.01192507,0.00745317,0.86630230,0.87375547,975453657.15,15.5780
2478,6.7844,3.0221,3.0221,12629.67,52884606.63,4101968.70,250326886.59,279393891.67,529720778.26,37776.28,2.62335255,0.00037252,0.01192077,0.00745048,0.86621743,0.87366792,975489433.42,15.5739
2479,6.7871,3.0225,3.0225,12653.67,52893311.56,4102201.63,250352096.88,279406449.10,529758545.99,37767.73,2.62275873,0.00037239,0.01191648,0.00744780,0.86613257,0.87358037,975525201.15,15.5699
2480,6.7899,3.0229,3.0229,12677.72,52902017.65,4102434.56,250377299.20,279419005.96,529796305.16,37759.18,2.62216508,0.00037226,0.01191219,0.00744512,0.86604770,0.87349282,975560960.33,15.5658
2481,6.7926,3.0234,3.0234,12701.82,52910724.91,4102667.48,250402493.54,279431562.25,529834055.79,37750.63,2.62157162,0.00037212,0.01190791,0.00744244,0.86596283,0.87340527,975596710.96,15.5618
2482,6.7953,3.0238,3.0238,12725.97,52919433.33,4102900.40,250427679.91,279444117.97,529871797.88,37742.09,2.62097834,0.00037199,0.01190362,0.00743976,0.86587797,0.87331773,975632453.04,15.5578
2483,6.7981,3.0242,3.0242,12750.16,52928142.92,4103133.32,250452858.32,279456673.11,529909531.43,37733.55,2.62038524,0.00037185,0.01189934,0.00743708,0.86579310,0.87323019,975668186.59,15.5537
2484,6.8008,3.0246,3.0246,12774.39,52936853.67,4103366.23,250478028.75,279469227.69,529947256.44,37725.01,2.61979232,0.00037172,0.01189505,0.00743441,0.86570824,0.87314265,975703911.60,15.5497
2485,6.8036,3.0250,3.0250,12798.68,52945565.58,4103599.13,250503191.22,279481781.69,529984972.91,37716.47,2.61919958,0.00037159,0.01189077,0.00743173,0.86562338,0.87305511,975739628.08,15.5456
2486,6.8063,3.0254,3.0254,12823.00,52954278.66,4103832.03,250528345.73,279494335.13,530022680.85,37707.94,2.61860702,0.00037145,0.01188649,0.00742906,0.86553852,0.87296758,975775336.02,15.5416
2487,6.8090,3.0258,3.0258,12847.38,52962992.91,4104064.93,250553492.28,279506887.99,530060380.26,37699.41,2.61801463,0.00037132,0.01188222,0.00742638,0.86545366,0.87288005,975811035.43,15.5376
2488,6.8118,3.0262,3.0262,12871.80,52971708.31,4104297.82,250578630.87,279519440.28,530098071.15,37690.88,2.61742243,0.00037119,0.01187794,0.00742371,0.86536880,0.87279251,975846726.31,15.5335
2489,6.8145,3.0266,3.0266,12896.27,52980424.89,4104530.71,250603761.51,279531992.00,530135753.51,37682.36,2.61683041,0.00037105,0.01187367,0.00742104,0.86528395,0.87270499,975882408.67,15.5295
2490,6.8172,3.0270,3.0270,12920.78,52989142.63,4104763.59,250628884.19,279544543.15,530173427.34,37673.84,2.61623857,0.00037092,0.01186939,0.00741837,0.86519909,0.87261746,975918082.50,15.5255
2491,6.8200,3.0274,3.0274,12945.34,52997861.53,4104996.47,250653998.93,279557093.73,530211092.66,37665.32,2.61564690,0.00037079,0.01186512,0.00741570,0.86511423,0.87252994,975953747.82,15.5214
2492,6.8227,3.0278,3.0278,12969.95,53006581.60,4105229.34,250679105.72,279569643.74,530248749.45,37656.80,2.61505542,0.00037065,0.01186085,0.00741303,0.86502938,0.87244241,975989404.62,15.5174
2493,6.8255,3.0282,3.0282,12994.60,53015302.84,4105462.21,250704204.56,279582193.18,530286397.74,37648.28,2.61446412,0.00037052,0.01185659,0.00741037,0.86494453,0.87235489,976025052.90,15.5134
2494,6.8282,3.0286,3.0286,13019.30,53024025.24,4105695.07,250729295.47,279594742.04,530324037.51,37639.77,2.61387299,0.00037039,0.01185232,0.00740770,0.86485968,0.87226738,976060692.67,15.5094
2495,6.8309,3.0290,3.0290,13044.05,53032748.81,4105927.93,250754378.43,279607290.34,530361668.77,37631.26,2.61328205,0.00037025,0.01184806,0.00740504,0.86477482,0.87217986,976096323.93,15.5053
2496,6.8337,3.0294,3.0294,13068.84,53041473.54,4106160.78,250779453.46,279619838.07,530399291.52,37622.75,2.61269128,0.00037012,0.01184380,0.00740237,0.86468998,0.87209235,976131946.69,15.5013
2497,6.8364,3.0298,3.0298,13093.68,53050199.44,4106393.63,250804520.55,279632385.23,530436905.77,37614.25,2.61210070,0.00036999,0.01183954,0.00739971,0.86460513,0.87200484,976167560.94,15.4973
2498,6.8392,3.0302,3.0302,13118.57,53058926.51,4106626.48,250829579.71,279644931.81,530474511.52,37605.75,2.61151029,0.00036985,0.01183528,0.00739705,0.86452028,0.87191733,976203166.69,15.4933
2499,6.8419,3.0306,3.0306,13143.51,53067654.74,4106859.32,250854630.94,279657477.83,530512108.77,37597.25,2.61092006,0.00036972,0.01183102,0.00739439,0.86443543,0.87182982,976238763.93,15.4893
2500,6.8446,3.0310,3.0310,13168.49,53076384.14,4107092.15,250879674.25,279670023.28,530549697.52,37588.75,2.61033001,0.00036959,0.01182677,0.00739173,0.86435059,0.87174232,976274352.69,15.4852
2501,6.8474,3.0314,3.0314,13193.53,53085114.71,4107324.99,250904709.63,279682568.15,530587277.78,37580.26,2.60974014,0.00036945,0.01182251,0.00738907,0.86426574,0.87165482,976309932.94,15.4812
2502,6.8501,3.0319,3.0319,13218.60,53093846.44,4107557.81,250929737.09,279695112.46,530624849.55,37571.77,2.60915045,0.00036932,0.01181826,0.00738641,0.86418090,0.87156732,976345504.71,15.4772
2503,6.8528,3.0323,3.0323,13243.73,53102579.35,4107790.63,250954756.63,279707656.20,530662412.83,37563.28,2.60856094,0.00036919,0.01181401,0.00738376,0.86409606,0.87147982,976381067.99,15.4732
2504,6.8556,3.0327,3.0327,13268.90,53111313.42,4108023.45,250979768.25,279720199.37,530699967.62,37554.79,2.60797161,0.00036906,0.01180977,0.00738110,0.86401122,0.87139232,976416622.78,15.4692
2505,6.8583,3.0331,3.0331,13294.13,53120048.65,4108256.26,251004771.96,279732741.97,530737513.92,37546.31,2.60738245,0.00036892,0.01180552,0.00737845,0.86392638,0.87130483,976452169.09,15.4652
2506,6.8611,3.0335,3.0335,13319.40,53128785.06,4108489.07,251029767.75,279745284.00,530775051.75,37537.83,2.60679348,0.00036879,0.01180128,0.00737580,0.86384154,0.87121734,976487706.91,15.4612
2507,6.8638,3.0339,3.0339,13344.71,53137522.63,4108721.88,251054755.64,279757825.46,530812581.10,37529.35,2.60620468,0.00036866,0.01179703,0.00737315,0.86375670,0.87112985,976523236.26,15.4572
2508,6.8665,3.0343,3.0343,13370.08,53146261.37,4108954.67,251079735.62,279770366.35,530850101.97,37520.87,2.60561607,0.00036852,0.01179279,0.00737050,0.86367187,0.87104236,976558757.13,15.4532
2509,6.8693,3.0347,3.0347,13395.49,53155001.28,4109187.47,251104707.70,279782906.67,530887614.37,37512.40,2.60502763,0.00036839,0.01178855,0.00736785,0.86358703,0.87095488,976594269.53,15.4492
2510,6.8720,3.0351,3.0351,13420.96,53163742.35,4109420.26,251129671.88,279795446.42,530925118.29,37503.93,2.60443937,0.00036826,0.01178432,0.00736520,0.86350220,0.87086739,976629773.46,15.4452
2511,6.8747,3.0355,3.0355,13446.47,53172484.60,4109653.04,251154628.15,279807985.60,530962613.75,37495.46,2.60385128,0.00036813,0.01178008,0.00736255,0.86341736,0.87077991,976665268.92,15.4412
2512,6.8775,3.0359,3.0359,13472.03,53181228.01,4109885.82,251179576.53,279820524.21,531000100.75,37486.99,2.60326338,0.00036800,0.01177585,0.00735990,0.86333253,0.87069244,976700755.91,15.4372
2513,6.8802,3.0363,3.0363,13497.64,53189972.60,4110118.60,251204517.02,279833062.26,531037579.27,37478.53,2.60267566,0.00036786,0.01177161,0.00735726,0.86324770,0.87060496,976736234.44,15.4332
2514,6.8830,3.0367,3.0367,13523.29,53198718.35,4110351.37,251229449.61,279845599.73,531075049.34,37470.07,2.60208811,0.00036773,0.01176738,0.00735461,0.86316287,0.87051749,976771704.51,15.4292
2515,6.8857,3.0371,3.0371,13549.00,53207465.27,4110584.14,251254374.31,279858136.64,531112510.95,37461.61,2.60150074,0.00036760,0.01176316,0.00735197,0.86307804,0.87043002,976807166.12,15.4252
2516,6.8884,3.0375,3.0375,13574.75,53216213.36,4110816.90,251279291.13,279870672.98,531149964.11,37453.16,2.60091355,0.00036747,0.01175893,0.00734933,0.86299322,0.87034255,976842619.27,15.4212
2517,6.8912,3.0379,3.0379,13600.56,53224962.62,4111049.66,251304200.06,279883208.75,531187408.81,37444.70,2.60032654,0.00036733,0.01175470,0.00734669,0.86290839,0.87025508,976878063.97,15.4172
2518,6.8939,3.0383,3.0383,13626.41,53233713.05,4111282.41,251329101.12,279895743.95,531224845.06,37436.25,2.59973971,0.00036720,0.01175048,0.00734405,0.86282356,0.87016761,976913500.23,15.4132
2519,6.8966,3.0387,3.0387,13652.31,53242464.65,4111515.16,251353994.29,279908278.58,531262272.87,37427.80,2.59915305,0.00036707,0.01174626,0.00734141,0.86273874,0.87008015,976948928.03,15.4092
2520,6.8994,3.0392,3.0392,13678.26,53251217.42,4111747.90,251378879.58,279920812.64,531299692.23,37419.36,2.59856657,0.00036694,0.01174204,0.00733877,0.86265392,0.86999269,976984347.39,15.4052
2521,6.9021,3.0396,3.0396,13704.26,53259971.35,4111980.64,251403757.01,279933346.14,531337103.14,37410.92,2.59798027,0.00036681,0.01173782,0.00733614,0.86256910,0.86990523,977019758.30,15.4012
2522,6.9049,3.0400,3.0400,13730.31,53268726.46,4112213.38,251428626.56,279945879.06,531374505.62,37402.48,2.59739415,0.00036668,0.01173360,0.00733350,0.86248428,0.86981778,977055160.78,15.3973
2523,6.9076,3.0404,3.0404,13756.41,53277482.74,4112446.10,251453488.24,279958411.42,531411899.66,37394.04,2.59680821,0.00036654,0.01172939,0.00733087,0.86239946,0.86973032,977090554.82,15.3933
2524,6.9103,3.0408,3.0408,13782.56,53286240.19,4112678.83,251478342.05,279970943.21,531449285.26,37385.60,2.59622244,0.00036641,0.01172517,0.00732823,0.86231464,0.86964287,977125940.42,15.3893
2525,6.9131,3.0412,3.0412,13808.76,53294998.81,4112911.55,251503188.00,279983474.43,531486662.43,37377.17,2.59563685,0.00036628,0.01172096,0.00732560,0.86222982,0.86955542,977161317.59,15.3853
2526,6.9158,3.0416,3.0416,13835.01,53303758.61,4113144.27,251528026.09,279996005.08,531524031.17,37368.74,2.59505144,0.00036615,0.01171675,0.00732297,0.86214501,0.86946798,977196686.33,15.3813
2527,6.9185,3.0420,3.0420,13861.30,53312519.57,4113376.98,251552856.31,280008535.17,531561391.48,37360.31,2.59446621,0.00036602,0.01171254,0.00732034,0.86206019,0.86938053,977232046.65,15.3774
2528,6.9213,3.0424,3.0424,13887.65,53321281.70,4113609.68,251577678.69,280021064.69,531598743.37,37351.89,2.59388115,0.00036589,0.01170834,0.00731771,0.86197538,0.86929309,977267398.53,15.3734
2529,6.9240,3.0428,3.0428,13914.05,53330045.01,4113842.39,251602493.20,280033593.64,531636086.84,37343.47,2.59329627,0.00036575,0.01170413,0.00731508,0.86189056,0.86920565,977302742.00,15.3694
2530,6.9268,3.0432,3.0432,13940.50,53338809.49,4114075.08,251627299.87,280046122.02,531673421.88,37335.05,2.59271157,0.00036562,0.01169993,0.00731246,0.86180575,0.86911821,977338077.05,15.3654
2531,6.9295,3.0436,3.0436,13967.00,53347575.13,4114307.78,251652098.68,280058649.83,531710748.51,37326.63,2.59212705,0.00036549,0.01169573,0.00730983,0.86172094,0.86903077,977373403.68,15.3615
2532,6.9322,3.0440,3.0440,13993.55,53356341.95,4114540.47,251676889.65,280071177.08,531748066.73,37318.21,2.59154270,0.00036536,0.01169153,0.00730721,0.86163613,0.86894334,977408721.89,15.3575
2533,6.9350,3.0444,3.0444,14020.15,53365109.95,4114773.15,251701672.78,280083703.76,531785376.53,37309.80,2.59095853,0.00036523,0.01168733,0.00730458,0.86155133,0.86885591,977444031.69,15.3535
2534,6.9377,3.0448,3.0448,14046.80,53373879.11,4115005.83,251726448.06,280096229.87,531822677.93,37301.39,2.59037454,0.00036510,0.01168314,0.00730196,0.86146652,0.86876848,977479333.09,15.3495
2535,6.9405,3.0453,3.0453,14073.50,53382649.45,4115238.50,251751215.50,280108755.41,531859970.91,37292.99,2.58979073,0.00036497,0.01167894,0.00729934,0.86138171,0.86868105,977514626.07,15.3456
2536,6.9432,3.0457,3.0457,14100.25,53391420.96,4115471.17,251775975.11,280121280.39,531897255.49,37284.58,2.58920709,0.00036484,0.01167475,0.00729672,0.86129691,0.86859363,977549910.66,15.3416
2537,6.9459,3.0461,3.0461,14127.05,53400193.64,4115703.84,251800726.88,280133804.79,531934531.67,37276.18,2.58862363,0.00036470,0.01167056,0.00729410,0.86121211,0.86850621,977585186.84,15.3377
2538,6.9487,3.0465,3.0465,14153.90,53408967.49,4115936.50,251825470.82,280146328.63,531971799.46,37267.78,2.58804035,0.00036457,0.01166637,0.00729148,0.86112731,0.86841879,977620454.62,15.3337
2539,6.9514,3.0469,3.0469,14180.81,53417742.52,4116169.16,251850206.93,280158851.91,532009058.84,37259.38,2.58745724,0.00036444,0.01166218,0.00728886,0.86104250,0.86833137,977655714.00,15.3297
2540,6.9541,3.0473,3.0473,14207.76,53426518.72,4116401.81,251874935.21,280171374.62,532046309.83,37250.99,2.58687431,0.00036431,0.01165800,0.00728625,0.86095770,0.86824395,977690964.99,15.3258
2541,6.9569,3.0477,3.0477,14234.77,53435296.09,4116634.45,251899655.67,280183896.76,532083552.43,37242.60,2.58629156,0.00036418,0.01165381,0.00728363,0.86087291,0.86815654,977726207.59,15.3218
2542,6.9596,3.0481,3.0481,14261.83,53444074.64,4116867.10,251924368.31,280196418.33,532120786.64,37234.21,2.58570898,0.00036405,0.01164963,0.00728102,0.86078811,0.86806913,977761441.80,15.3179
2543,6.9624,3.0485,3.0485,14288.94,53452854.36,4117099.74,251949073.13,280208939.33,532158012.46,37225.82,2.58512658,0.00036392,0.01164545,0.00727840,0.86070331,0.86798172,977796667.62,15.3139
2544,6.9651,3.0489,3.0489,14316.10,53461635.25,4117332.37,251973770.13,280221459.77,532195229.90,37217.44,2.58454436,0.00036379,0.01164127,0.00727579,0.86061852,0.86789431,977831885.06,15.3099
2545,6.9678,3.0493,3.0493,14343.31,53470417.32,4117565.00,251998459.31,280233979.65,532232438.96,37209.06,2.58396232,0.00036366,0.01163709,0.00727318,0.86053372,0.86780691,977867094.12,15.3060
2546,6.9706,3.0497,3.0497,14370.57,53479200.56,4117797.62,252023140.68,280246498.95,532269639.64,37200.68,2.58338045,0.00036353,0.01163292,0.00727057,0.86044893,0.86771951,977902294.80,15.3020
2547,6.9733,3.0501,3.0501,14397.89,53487984.98,4118030.24,252047814.25,280259017.69,532306831.94,37192.30,2.58279876,0.00036340,0.01162874,0.00726796,0.86036414,0.86763211,977937487.10,15.2981
2548,6.9760,3.0506,3.0506,14425.26,53496770.57,4118262.86,252072480.00,280271535.86,532344015.87,37183.93,2.58221724,0.00036327,0.01162457,0.00726536,0.86027935,0.86754471,977972671.03,15.2941
2549,6.9788,3.0510,3.0510,14452.68,53505557.33,4118495.47,252097137.95,280284053.47,532381191.42,37175.56,2.58163590,0.00036314,0.01162040,0.00726275,0.86019456,0.86745731,978007846.59,15.2902
2550,6.9815,3.0514,3.0514,14480.15,53514345.27,4118728.07,252121788.10,280296570.51,532418358.61,37167.19,2.58105474,0.00036301,0.01161623,0.00726014,0.86010977,0.86736992,978043013.77,15.2863
2551,6.9843,3.0518,3.0518,14507.68,53523134.39,4118960.67,252146430.45,280309086.98,532455517.43,37158.82,2.58047375,0.00036288,0.01161206,0.00725754,0.86002499,0.86728253,978078172.60,15.2823
2552,6.9870,3.0522,3.0522,14535.25,53531924.68,4119193.27,252171065.00,280321602.89,532492667.89,37150.46,2.57989294,0.00036275,0.01160790,0.00725494,0.85994020,0.86719514,978113323.05,15.2784
2553,6.9897,3.0526,3.0526,14562.88,53540716.14,4119425.86,252195691.76,280334118.23,532529809.99,37142.10,2.57931230,0.00036262,0.01160373,0.00725233,0.85985542,0.86710775,978148465.15,15.2744
2554,6.9925,3.0530,3.0530,14590.56,53549508.78,4119658.45,252220310.73,280346633.00,532566943.73,37133.74,2.57873185,0.00036249,0.01159957,0.00724973,0.85977064,0.86702037,978183598.89,15.2705
2555,6.9952,3.0534,3.0534,14618.30,53558302.59,4119891.03,252244921.90,280359147.21,532604069.11,37125.38,2.57815156,0.00036236,0.01159541,0.00724713,0.85968585,0.86693299,978218724.27,15.2666
2556,6.9979,3.0538,3.0538,14646.08,53567097.59,4120123.61,252269525.29,280371660.85,532641186.14,37117.03,2.57757146,0.00036223,0.01159125,0.00724453,0.85960107,0.86684561,978253841.30,15.2626
2557,7.0007,3.0542,3.0542,14673.92,53575893.75,4120356.18,252294120.89,280384173.93,532678294.82,37108.68,2.57699153,0.00036210,0.01158710,0.00724194,0.85951629,0.86675823,978288949.98,15.2587
2558,7.0034,3.0546,3.0546,14701.82,53584691.09,4120588.75,252318708.71,280396686.44,532715395.15,37100.33,2.57641177,0.00036197,0.01158294,0.00723934,0.85943152,0.86667086,978324050.31,15.2547
2559,7.0062,3.0550,3.0550,14729.76,53593489.61,4120821.32,252343288.75,280409198.38,532752487.13,37091.98,2.57583219,0.00036184,0.01157879,0.00723674,0.85934674,0.86658348,978359142.29,15.2508
2560,7.0089,3.0554,3.0554,14757.76,53602289.31,4121053.88,252367861.01,280421709.76,532789570.77,37083.64,2.57525279,0.00036171,0.01157464,0.00723415,0.85926196,0.86649611,978394225.93,15.2469
2561,7.0116,3.0559,3.0559,14785.81,53611090.18,4121286.43,252392425.49,280434220.57,532826646.07,37075.30,2.57467356,0.00036158,0.01157049,0.00723155,0.85917719,0.86640874,978429301.23,15.2430
2562,7.0144,3.0563,3.0563,14813.92,53619892.22,4121518.98,252416982.21,280446730.82,532863713.03,37066.96,2.57409451,0.00036145,0.01156634,0.00722896,0.85909242,0.86632138,978464368.19,15.2390
2563,7.0171,3.0567,3.0567,14842.08,53628695.45,4121751.53,252441531.15,280459240.50,532900771.65,37058.63,2.57351563,0.00036132,0.01156219,0.00722637,0.85900765,0.86623401,978499426.82,15.2351
2564,7.0198,3.0571,3.0571,14870.29,53637499.85,4121984.07,252466072.33,280471749.62,532937821.95,37050.29,2.57293693,0.00036119,0.01155805,0.00722378,0.85892287,0.86614665,978534477.11,15.2312
2565,7.0226,3.0575,3.0575,14898.56,53646305.42,4122216.61,252490605.74,280484258.17,532974863.91,37041.96,2.57235841,0.00036106,0.01155390,0.00722119,0.85883811,0.86605929,978569519.07,15.2272
2566,7.0253,3.0579,3.0579,14926.88,53655112.18,4122449.14,252515131.38,280496766.16,533011897.54,37033.63,2.57178006,0.00036093,0.01154976,0.00721860,0.85875334,0.86597194,978604552.70,15.2233
2567,7.0281,3.0583,3.0583,14955.25,53663920.11,4122681.67,252539649.27,280509273.58,533048922.85,37025.31,2.57120189,0.00036080,0.01154562,0.00721601,0.85866857,0.86588458,978639578.01,15.2194
2568,7.0308,3.0587,3.0587,14983.68,53672729.22,4122914.19,252564159.40,280521780.43,533085939.83,37016.98,2.57062389,0.00036067,0.01154148,0.00721343,0.85858380,0.86579723,978674594.99,15.2155
2569,7.0335,3.0591,3.0591,15012.16,53681539.51,4123146.71,252588661.77,280534286.72,533122948.50,37008.66,2.57004606,0.00036054,0.01153735,0.00721084,0.85849904,0.86570988,978709603.66,15.2116
2570,7.0363,3.0595,3.0595,15040.69,53690350.97,4123379.23,252613156.39,280546792.45,533159948.84,37000.35,2.56946842,0.00036041,0.01153321,0.00720826,0.85841428,0.86562253,978744604.00,15.2076
2571,7.0390,3.0599,3.0599,15069.28,53699163.61,4123611.74,252637643.26,280559297.61,533196940.87,36992.03,2.56889094,0.00036028,0.01152908,0.00720567,0.85832951,0.86553519,978779596.03,15.2037
2572,7.0418,3.0604,3.0604,15097.93,53707977.44,4123844.24,252662122.38,280571802.20,533233924.59,36983.72,2.56831365,0.00036015,0.01152495,0.00720309,0.85824475,0.86544785,978814579.75,15.1998
2573,7.0445,3.0608,3.0608,15126.63,53716792.43,4124076.74,252686593.76,280584306.23,533270899.99,36975.41,2.56773652,0.00036003,0.01152082,0.00720051,0.85815999,0.86536050,978849555.16,15.1959
2574,7.0472,3.0612,3.0612,15155.38,53725608.61,4124309.24,252711057.39,280596809.70,533307867.09,36967.10,2.56715958,0.00035990,0.01151669,0.00719793,0.85807524,0.86527317,978884522.25,15.1920
2575,7.0500,3.0616,3.0616,15184.19,53734425.97,4124541.73,252735513.28,280609312.60,533344825.88,36958.79,2.56658280,0.00035977,0.01151256,0.00719535,0.85799048,0.86518583,978919481.05,15.1881
2576,7.0527,3.0620,3.0620,15213.05,53743244.50,4124774.22,252759961.44,280621814.94,533381776.37,36950.49,2.56600620,0.00035964,0.01150844,0.00719277,0.85790572,0.86509850,978954431.53,15.1842
2577,7.0554,3.0624,3.0624,15241.97,53752064.22,4125006.70,252784401.85,280634316.71,533418718.56,36942.19,2.56542978,0.00035951,0.01150431,0.00719020,0.85782097,0.86501117,978989373.72,15.1803
2578,7.0582,3.0628,3.0628,15270.94,53760885.11,4125239.18,252808834.54,280646817.91,533455652.45,36933.89,2.56485353,0.00035938,0.01150019,0.00718762,0.85773622,0.86492384,979024307.61,15.1764
2579,7.0609,3.0632,3.0632,15299.97,53769707.18,4125471.65,252833259.49,280659318.56,533492578.05,36925.60,2.56427746,0.00035925,0.01149607,0.00718505,0.85765146,0.86483651,979059233.21,15.1725
2580,7.0637,3.0636,3.0636,15329.05,53778530.43,4125704.12,252857676.71,280671818.64,533529495.35,36917.30,2.56370156,0.00035912,0.01149195,0.00718247,0.85756671,0.86474918,979094150.51,15.1685
2581,7.0664,3.0640,3.0640,15358.19,53787354.86,4125936.58,252882086.21,280684318.15,533566404.36,36909.01,2.56312584,0.00035899,0.01148784,0.00717990,0.85748196,0.86466186,979129059.52,15.1646
2582,7.0691,3.0644,3.0644,15387.38,53796180.47,4126169.04,252906487.99,280696817.10,533603305.09,36900.72,2.56255029,0.00035887,0.01148372,0.00717733,0.85739722,0.86457454,979163960.25,15.1607
2583,7.0719,3.0649,3.0649,15416.63,53805007.26,4126401.50,252930882.04,280709315.49,533640197.52,36892.44,2.56197491,0.00035874,0.01147961,0.00717476,0.85731247,0.86448723,979198852.69,15.1568
2584,7.0746,3.0653,3.0653,15445.94,53813835.23,4126633.95,252955268.37,280721813.31,533677081.68,36884.16,2.56139971,0.00035861,0.01147550,0.00717219,0.85722772,0.86439991,979233736.84,15.1529
2585,7.0773,3.0657,3.0657,15475.30,53822664.38,4126866.40,252979646.99,280734310.56,533713957.56,36875.88,2.56082469,0.00035848,0.01147139,0.00716962,0.85714298,0.86431260,979268612.72,15.1491
2586,7.0801,3.0661,3.0661,15504.71,53831494.71,4127098.84,253004017.90,280746807.26,533750825.15,36867.60,2.56024983,0.00035835,0.01146728,0.00716705,0.85705824,0.86422529,979303480.32,15.1452
2587,7.0828,3.0665,3.0665,15534.18,53840326.22,4127331.27,253028381.09,280759303.39,533787684.48,36859.32,2.55967516,0.00035822,0.01146317,0.00716448,0.85697349,0.86413798,979338339.64,15.1413
2588,7.0856,3.0669,3.0669,15563.71,53849158.92,4127563.71,253052736.57,280771798.95,533824535.53,36851.05,2.55910065,0.00035810,0.01145907,0.00716192,0.85688875,0.86405067,979373190.69,15.1374
2589,7.0883,3.0673,3.0673,15593.30,53857992.79,4127796.13,253077084.35,280784293.96,533861378.30,36842.78,2.55852633,0.00035797,0.01145497,0.00715935,0.85680401,0.86396337,979408033.47,15.1335
2590,7.0910,3.0677,3.0677,15622.94,53866827.84,4128028.56,253101424.42,280796788.39,533898212.82,36834.51,2.55795217,0.00035784,0.01145087,0.00715679,0.85671928,0.86387607,979442867.98,15.1296
2591,7.0938,3.0681,3.0681,15652.63,53875664.07,4128260.98,253125756.79,280809282.27,533935039.06,36826.25,2.55737819,0.00035771,0.01144677,0.00715423,0.85663454,0.86378877,979477694.22,15.1257
2592,7.0965,3.0685,3.0685,15682.39,53884501.49,4128493.39,253150081.46,280821775.58,533971857.04,36817.98,2.55680438,0.00035758,0.01144267,0.00715167,0.85654980,0.86370147,979512512.21,15.1218
2593,7.0992,3.0690,3.0690,15712.20,53893340.09,4128725.80,253174398.44,280834268.33,534008666.77,36809.72,2.55623075,0.00035746,0.01143857,0.00714911,0.85646507,0.86361418,979547321.93,15.1179
2594,7.1020,3.0694,3.0694,15742.06,53902179.87,4128958.20,253198707.72,280846760.51,534045468.23,36801.47,2.55565729,0.00035733,0.01143448,0.00714655,0.85638034,0.86352689,979582123.40,15.1140
2595,7.1047,3.0698,3.0698,15771.99,53911020.83,4129190.61,253223009.31,280859252.14,534082261.44,36793.21,2.55508401,0.00035720,0.01143038,0.00714399,0.85629561,0.86343960,979616916.60,15.1102
2596,7.1075,3.0702,3.0702,15801.97,53919862.97,4129423.00,253247303.21,280871743.19,534119046.40,36784.96,2.55451090,0.00035707,0.01142629,0.00714143,0.85621088,0.86335231,979651701.56,15.1063
2597,7.1102,3.0706,3.0706,15832.00,53928706.29,4129655.39,253271589.42,280884233.69,534155823.11,36776.71,2.55393796,0.00035694,0.01142220,0.00713888,0.85612615,0.86326502,979686478.27,15.1024
2598,7.1129,3.0710,3.0710,15862.10,53937550.80,4129887.78,253295867.94,280896723.62,534192591.56,36768.46,2.55336520,0.00035682,0.01141811,0.00713632,0.85604142,0.86317774,979721246.73,15.0985
2599,7.1157,3.0714,3.0714,15892.25,53946396.49,4130120.16,253320138.79,280909212.99,534229351.78,36760.21,2.55279261,0.00035669,0.01141403,0.00713377,0.85595669,0.86309046,979756006.94,15.0946
2600,7.1184,3.0718,3.0718,15922.46,53955243.36,4130352.54,253344401.95,280921701.79,534266103.75,36751.97,2.55222019,0.00035656,0.01140994,0.00713121,0.85587197,0.86300318,979790758.91,15.0908
2601,7.1211,3.0722,3.0722,15952.72,53964091.41,4130584.91,253368657.44,280934190.04,534302847.48,36743.73,2.55164795,0.00035643,0.01140586,0.00712866,0.85578724,0.86291591,979825502.64,15.0869
2602,7.1239,3.0727,3.0727,15983.05,53972940.65,4130817.28,253392905.25,280946677.72,534339582.97,36735.49,2.55107588,0.00035631,0.01140178,0.00712611,0.85570252,0.86282863,979860238.13,15.0830
2603,7.1266,3.0731,3.0731,16013.43,53981791.07,4131049.65,253417145.39,280959164.83,534376310.23,36727.26,2.55050398,0.00035618,0.01139770,0.00712356,0.85561780,0.86274136,979894965.39,15.0791
2604,7.1294,3.0735,3.0735,16043.87,53990642.67,4131282.01,253441377.86,280971651.39,534413029.25,36719.02,2.54993226,0.00035605,0.01139362,0.00712101,0.85553308,0.86265410,979929684.42,15.0753
2605,7.1321,3.0739,3.0739,16074.36,53999495.45,4131514.36,253465602.67,280984137.38,534449740.05,36710.79,2.54936071,0.00035592,0.01138955,0.00711847,0.85544836,0.86256683,979964395.21,15.0714
2606,7.1348,3.0743,3.0743,16104.92,54008349.42,4131746.71,253489819.80,280996622.81,534486442.61,36702.57,2.54878933,0.00035580,0.01138547,0.00711592,0.85536365,0.86247957,979999097.78,15.0675
2607,7.1376,3.0747,3.0747,16135.53,54017204.58,4131979.06,253514029.28,281009107.68,534523136.96,36694.34,2.54821813,0.00035567,0.01138140,0.00711337,0.85527893,0.86239230,980033792.12,15.0637
2608,7.1403,3.0751,3.0751,16166.20,54026060.91,4132211.40,253538231.09,281021591.98,534559823.07,36686.12,2.54764710,0.00035554,0.01137733,0.00711083,0.85519422,0.86230505,980068478.24,15.0598
2609,7.1431,3.0755,3.0755,16196.93,54034918.43,4132443.74,253562425.25,281034075.72,534596500.97,36677.90,2.54707625,0.00035541,0.01137326,0.00710829,0.85510950,0.86221779,980103156.13,15.0559
2610,7.1458,3.0759,3.0759,16227.72,54043777.14,4132676.07,253586611.75,281046558.90,534633170.65,36669.68,2.54650556,0.00035529,0.01136919,0.00710574,0.85502479,0.86213053,980137825.81,15.0521
2611,7.1485,3.0764,3.0764,16258.57,54052637.03,4132908.40,253610790.60,281059041.52,534669832.12,36661.46,2.54593505,0.00035516,0.01136512,0.00710320,0.85494008,0.86204328,980172487.28,15.0482
2612,7.1513,3.0768,3.0768,16289.47,54061498.10,4133140.72,253634961.79,281071523.58,534706485.37,36653.25,2.54536471,0.00035503,0.01136106,0.00710066,0.85485537,0.86195603,980207140.53,15.0444
2613,7.1540,3.0772,3.0772,16320.43,54070360.36,4133373.04,253659125.34,281084005.07,534743130.41,36645.04,2.54479455,0.00035491,0.01135699,0.00709812,0.85477066,0.86186879,980241785.57,15.0405
2614,7.1567,3.0776,3.0776,16351.46,54079223.80,4133605.35,253683281.24,281096486.00,534779767.24,36636.83,2.54422456,0.00035478,0.01135293,0.00709558,0.85468596,0.86178154,980276422.41,15.0367
2615,7.1595,3.0780,3.0780,16382.54,54088088.43,4133837.66,253707429.50,281108966.37,534816395.87,36628.63,2.54365474,0.00035465,0.01134887,0.00709305,0.85460125,0.86169430,980311051.03,15.0328
2616,7.1622,3.0784,3.0784,16413.68,54096954.24,4134069.97,253731570.12,281121446.18,534853016.30,36620.43,2.54308509,0.00035453,0.01134482,0.00709051,0.85451655,0.86160706,980345671.46,15.0289
2617,7.1650,3.0788,3.0788,16444.88,54105821.24,4134302.27,253755703.10,281133925.42,534889628.52,36612.22,2.54251562,0.00035440,0.01134076,0.00708797,0.85443185,0.86151982,980380283.68,15.0251
2618,7.1677,3.0792,3.0792,16476.14,54114689.42,4134534.56,253779828.44,281146404.11,534926232.55,36604.03,2.54194632,0.00035427,0.01133670,0.00708544,0.85434715,0.86143259,980414887.71,15.0212
2619,7.1704,3.0796,3.0796,16507.46,54123558.79,4134766.86,253803946.15,281158882.23,534962828.38,36595.83,2.54137719,0.00035415,0.01133265,0.00708291,0.85426245,0.86134535,980449483.54,15.0174
2620,7.1732,3.0801,3.0801,16538.83,54132429.34,4134999.14,253828056.23,281171359.79,534999416.02,36587.64,2.54080823,0.00035402,0.01132860,0.00708037,0.85417775,0.86125812,980484071.18,15.0135
2621,7.1759,3.0805,3.0805,16570.27,54141301.08,4135231.43,253852158.68,281183836.79,535035995.47,36579.45,2.54023945,0.00035389,0.01132455,0.00707784,0.85409305,0.86117089,980518650.63,15.0097
2622,7.1786,3.0809,3.0809,16601.77,54150174.01,4135463.70,253876253.50,281196313.23,535072566.73,36571.26,2.53967084,0.00035377,0.01132050,0.00707531,0.85400835,0.86108367,980553221.89,15.0058
2623,7.1814,3.0813,3.0813,16633.33,54159048.12,4135695.98,253900340.70,281208789.10,535109129.80,36563.07,2.53910240,0.00035364,0.01131645,0.00707278,0.85392366,0.86099644,980587784.96,15.0020
2624,7.1841,3.0817,3.0817,16664.94,54167923.42,4135928.25,253924420.27,281221264.42,535145684.69,36554.89,2.53853414,0.00035351,0.01131241,0.00707026,0.85383897,0.86090922,980622339.86,14.9982
2625,7.1869,3.0821,3.0821,16696.62,54176799.91,4136160.51,253948492.23,281233739.17,535182231.40,36546.71,2.53796604,0.00035339,0.01130837,0.00706773,0.85375428,0.86082200,980656886.57,14.9943
2626,7.1896,3.0825,3.0825,16728.36,54185677.58,4136392.77,253972556.57,281246213.36,535218769.94,36538.53,2.53739812,0.00035326,0.01130432,0.00706520,0.85366959,0.86073479,980691425.10,14.9905
2627,7.1923,3.0829,3.0829,16760.16,54194556.44,4136625.03,253996613.30,281258687.00,535255300.29,36530.36,2.53683037,0.00035313,0.01130028,0.00706268,0.85358490,0.86064757,980725955.46,14.9866
2628,7.1951,3.0833,3.0833,16792.01,54203436.48,4136857.28,254020662.41,281271160.07,535291822.48,36522.18,2.53626279,0.00035301,0.01129625,0.00706015,0.85350021,0.86056036,980760477.64,14.9828
2629,7.1978,3.0838,3.0838,16823.93,54212317.71,4137089.52,254044703.92,281283632.58,535328336.49,36514.01,2.53569539,0.00035288,0.01129221,0.00705763,0.85341552,0.86047315,980794991.66,14.9790
2630,7.2005,3.0842,3.0842,16855.91,54221200.13,4137321.77,254068737.81,281296104.52,535364842.34,36505.85,2.53512815,0.00035276,0.01128817,0.00705511,0.85333084,0.86038595,980829497.50,14.9751
2631,7.2033,3.0846,3.0846,16887.95,54230083.74,4137554.00,254092764.11,281308575.91,535401340.02,36497.68,2.53456109,0.00035263,0.01128414,0.00705259,0.85324616,0.86029874,980863995.18,14.9713
2632,7.2060,3.0850,3.0850,16920.05,54238968.53,4137786.24,254116782.80,281321046.74,535437829.53,36489.52,2.53399420,0.00035250,0.01128011,0.00705007,0.85316147,0.86021154,980898484.70,14.9675
2633,7.2088,3.0854,3.0854,16952.22,54247854.52,4138018.46,254140793.88,281333517.00,535474310.89,36481.36,2.53342748,0.00035238,0.01127608,0.00704755,0.85307679,0.86012434,980932966.05,14.9636
2634,7.2115,3.0858,3.0858,16984.44,54256741.69,4138250.69,254164797.38,281345986.71,535510784.09,36473.20,2.53286094,0.00035225,0.01127205,0.00704503,0.85299211,0.86003715,980967439.25,14.9598
2635,7.2142,3.0862,3.0862,17016.72,54265630.04,4138482.91,254188793.27,281358455.86,535547249.13,36465.04,2.53229456,0.00035213,0.01126802,0.00704251,0.85290744,0.85994995,981001904.29,14.9560
2636,7.2170,3.0866,3.0866,17049.07,54274519.59,4138715.12,254212781.58,281370924.44,535583706.02,36456.89,2.53172836,0.00035200,0.01126400,0.00704000,0.85282276,0.85986276,981036361.18,14.9522
2637,7.2197,3.0871,3.0871,17081.48,54283410.33,4138947.33,254236762.29,281383392.46,535620154.75,36448.74,2.53116233,0.00035187,0.01125997,0.00703748,0.85273808,0.85977557,981070809.92,14.9483
2638,7.2225,3.0875,3.0875,17113.95,54292302.25,4139179.54,254260735.42,281395859.93,535656595.34,36440.59,2.53059647,0.00035175,0.01125595,0.00703497,0.85265341,0.85968838,981105250.51,14.9445
2639,7.2252,3.0879,3.0879,17146.48,54301195.36,4139411.74,254284700.96,281408326.83,535693027.79,36432.44,2.53003078,0.00035162,0.01125193,0.00703246,0.85256874,0.85960120,981139682.95,14.9407
2640,7.2279,3.0883,3.0883,17179.07,54310089.66,4139643.94,254308658.91,281420793.17,535729452.09,36424.30,2.52946527,0.00035150,0.01124791,0.00702995,0.85248407,0.85951401,981174107.25,14.9369
2641,7.2307,3.0887,3.0887,17211.73,54318985.15,4139876.13,254332609.29,281433258.96,535765868.25,36416.16,2.52889992,0.00035137,0.01124390,0.00702744,0.85239940,0.85942683,981208523.41,14.9330
2642,7.2334,3.0891,3.0891,17244.44,54327881.83,4140108.32,254356552.09,281445724.18,535802276.27,36408.02,2.52833475,0.00035125,0.01123988,0.00702493,0.85231473,0.85933966,981242931.43,14.9292
2643,7.2361,3.0895,3.0895,17277.22,54336779.70,4140340.50,254380487.31,281458188.84,535838676.15,36399.88,2.52776974,0.00035112,0.01123587,0.00702242,0.85223006,0.85925248,981277331.31,14.9254
2644,7.2389,3.0900,3.0900,17310.06,54345678.76,4140572.68,254404414.96,281470652.95,535875067.90,36391.75,2.52720491,0.00035100,0.01123186,0.00701991,0.85214540,0.85916531,981311723.06,14.9216
2645,7.2416,3.0904,3.0904,17342.97,54354579.00,4140804.85,254428335.03,281483116.49,535911451.52,36383.62,2.52664025,0.00035087,0.01122784,0.00701740,0.85206073,0.85907814,981346106.68,14.9178
2646,7.2444,3.0908,3.0908,17375.93,54363480.44,4141037.02,254452247.54,281495579.47,535947827.01,36375.49,2.52607576,0.00035074,0.01122384,0.00701490,0.85197607,0.85899097,981380482.17,14.9140
2647,7.2471,3.0912,3.0912,17408.96,54372383.07,4141269.19,254476152.48,281508041.90,535984194.38,36367.36,2.52551144,0.00035062,0.01121983,0.00701239,0.85189141,0.85890380,981414849.54,14.9101
2648,7.2498,3.0916,3.0916,17442.05,54381286.88,4141501.35,254500049.86,281520503.76,536020553.62,36359.24,2.52494730,0.00035049,0.01121582,0.00700989,0.85180675,0.85881664,981449208.78,14.9063
2649,7.2526,3.0920,3.0920,17475.21,54390191.89,4141733.50,254523939.67,281532965.06,536056904.74,36351.12,2.52438332,0.00035037,0.01121182,0.00700739,0.85172209,0.85872948,981483559.90,14.9025
2650,7.2553,3.0924,3.0924,17508.42,54399098.09,4141965.66,254547821.93,281545425.81,536093247.74,36343.00,2.52381951,0.00035024,0.01120782,0.00700489,0.85163744,0.85864232,981517902.90,14.8987
2651,7.2580,3.0928,3.0928,17541.71,54408005.48,4142197.80,254571696.63,281557885.99,536129582.62,36334.88,2.52325588,0.00035012,0.01120382,0.00700239,0.85155278,0.85855517,981552237.79,14.8949
2652,7.2608,3.0933,3.0933,17575.05,54416914.06,4142429.95,254595563.78,281570345.62,536165909.39,36326.77,2.52269242,0.00034999,0.01119982,0.00699989,0.85146813,0.85846801,981586564.56,14.8911
2653,7.2635,3.0937,3.0937,17608.46,54425823.83,4142662.08,254619423.37,281582804.69,536202228.05,36318.66,2.52212912,0.00034987,0.01119582,0.00699739,0.85138347,0.85838086,981620883.22,14.8873
2654,7.2663,3.0941,3.0941,17641.93,54434734.79,4142894.22,254643275.41,281595263.19,536238538.60,36310.55,2.52156600,0.00034974,0.01119182,0.00699489,0.85129882,0.85829371,981655193.77,14.8835
2655,7.2690,3.0945,3.0945,17675.46,54443646.94,4143126.35,254667119.91,281607721.14,536274841.05,36302.44,2.52100305,0.00034962,0.01118783,0.00699239,0.85121417,0.85820657,981689496.21,14.8797
2656,7.2717,3.0949,3.0949,17709.06,54452560.28,4143358.47,254690956.86,281620178.53,536311135.39,36294.34,2.52044027,0.00034949,0.01118384,0.00698990,0.85112953,0.85811942,981723790.55,14.8759
2657,7.2745,3.0953,3.0953,17742.72,54461474.82,4143590.59,254714786.27,281632635.36,536347421.63,36286.24,2.51987766,0.00034937,0.01117985,0.00698740,0.85104488,0.85803228,981758076.79,14.8721
2658,7.2772,3.0957,3.0957,17776.45,54470390.55,4143822.71,254738608.14,281645091.63,536383699.77,36278.14,2.51931522,0.00034925,0.01117586,0.00698491,0.85096023,0.85794514,981792354.93,14.8683
2659,7.2799,3.0962,3.0962,17810.24,54479307.47,4144054.82,254762422.47,281657547.34,536419969.81,36270.04,2.51875295,0.00034912,0.01117187,0.00698242,0.85087559,0.85785801,981826624.97,14.8645
2660,7.2827,3.0966,3.0966,17844.09,54488225.58,4144286.93,254786229.26,281670002.49,536456231.76,36261.95,2.51819085,0.00034900,0.01116788,0.00697993,0.85079095,0.85777087,981860886.92,14.8607
2661,7.2854,3.0970,3.0970,17878.01,54497144.88,4144519.03,254810028.52,281682457.09,536492485.61,36253.86,2.51762892,0.00034887,0.01116390,0.00697744,0.85070631,0.85768374,981895140.77,14.8569
2662,7.2882,3.0974,3.0974,17911.99,54506065.38,4144751.13,254833820.26,281694911.12,536528731.38,36245.77,2.51706716,0.00034875,0.01115992,0.00697495,0.85062167,0.85759661,981929386.54,14.8531
2663,7.2909,3.0978,3.0978,17946.04,54514987.06,4144983.22,254857604.46,281707364.60,536564969.06,36237.68,2.51650557,0.00034862,0.01115593,0.00697246,0.85053703,0.85750949,981963624.22,14.8493
2664,7.2936,3.0982,3.0982,17980.15,54523909.94,4145215.31,254881381.14,281719817.52,536601198.66,36229.60,2.51594415,0.00034850,0.01115195,0.00696997,0.85045239,0.85742236,981997853.82,14.8456
2665,7.2964,3.0986,3.0986,18014.33,54532834.02,4145447.39,254905150.29,281732269.88,536637420.17,36221.51,2.51538291,0.00034837,0.01114798,0.00696749,0.85036776,0.85733524,982032075.33,14.8418
2666,7.2991,3.0991,3.0991,18048.57,54541759.28,4145679.47,254928911.92,281744721.68,536673633.60,36213.43,2.51482183,0.00034825,0.01114400,0.00696500,0.85028312,0.85724812,982066288.77,14.8380
2667,7.3018,3.0995,3.0995,18082.88,54550685.74,4145911.55,254952666.04,281757172.92,536709838.96,36205.36,2.51426092,0.00034813,0.01114003,0.00696252,0.85019849,0.85716101,982100494.12,14.8342
2668,7.3046,3.0999,3.0999,18117.25,54559613.40,4146143.62,254976412.64,281769623.61,536746036.24,36197.28,2.51370018,0.00034800,0.01113605,0.00696003,0.85011386,0.85707389,982134691.41,14.8304
2669,7.3073,3.1003,3.1003,18151.69,54568542.24,4146375.68,255000151.72,281782073.73,536782225.45,36189.21,2.51313961,0.00034788,0.01113208,0.00695755,0.85002923,0.85698678,982168880.62,14.8266
2670,7.3101,3.1007,3.1007,18186.20,54577472.28,4146607.75,255023883.29,281794523.30,536818406.59,36181.14,2.51257921,0.00034775,0.01112811,0.00695507,0.84994460,0.85689967,982203061.76,14.8228
2671,7.3128,3.1011,3.1011,18220.76,54586403.52,4146839.80,255047607.36,281806972.31,536854579.67,36173.07,2.51201899,0.00034763,0.01112414,0.00695259,0.84985998,0.85681256,982237234.83,14.8191
2672,7.3155,3.1015,3.1015,18255.40,54595335.94,4147071.86,255071323.91,281819420.76,536890744.68,36165.01,2.51145893,0.00034751,0.01112018,0.00695011,0.84977535,0.85672546,982271399.84,14.8153
2673,7.3183,3.1020,3.1020,18290.10,54604269.56,4147303.90,255095032.97,281831868.66,536926901.62,36156.95,2.51089904,0.00034738,0.01111621,0.00694763,0.84969073,0.85663836,982305556.79,14.8115
2674,7.3210,3.1024,3.1024,18324.87,54613204.38,4147535.95,255118734.52,281844315.99,536963050.51,36148.89,2.51033932,0.00034726,0.01111225,0.00694515,0.84960610,0.85655126,982339705.67,14.8077
2675,7.3238,3.1028,3.1028,18359.70,54622140.39,4147767.99,255142428.57,281856762.77,536999191.34,36140.83,2.50977977,0.00034713,0.01110829,0.00694268,0.84952148,0.85646416,982373846.50,14.8040
2676,7.3265,3.1032,3.1032,18394.60,54631077.60,4148000.02,255166115.12,281869208.99,537035324.11,36132.77,2.50922039,0.00034701,0.01110432,0.00694020,0.84943687,0.85637707,982407979.27,14.8002
2677,7.3292,3.1036,3.1036,18429.56,54640015.99,4148232.05,255189794.18,281881654.65,537071448.83,36124.72,2.50866117,0.00034689,0.01110037,0.00693773,0.84935225,0.85628998,982442103.99,14.7964
2678,7.3320,3.1040,3.1040,18464.59,54648955.59,4148464.08,255213465.74,281894099.76,537107565.50,36116.67,2.50810213,0.00034676,0.01109641,0.00693526,0.84926763,0.85620289,982476220.67,14.7927
2679,7.3347,3.1044,3.1044,18499.69,54657896.38,4148696.10,255237129.82,281906544.31,537143674.13,36108.62,2.50754326,0.00034664,0.01109245,0.00693278,0.84918302,0.85611580,982510329.29,14.7889
2680,7.3374,3.1049,3.1049,18534.86,54666838.36,4148928.12,255260786.41,281918988.30,537179774.70,36100.58,2.50698456,0.00034652,0.01108850,0.00693031,0.84909840,0.85602872,982544429.87,14.7851
2681,7.3402,3.1053,3.1053,18570.09,54675781.54,4149160.13,255284435.51,281931431.73,537215867.24,36092.53,2.50642602,0.00034639,0.01108455,0.00692784,0.84901379,0.85594163,982578522.40,14.7813
2682,7.3429,3.1057,3.1057,18605.39,54684725.92,4149392.14,255308077.13,281943874.61,537251951.73,36084.49,2.50586766,0.00034627,0.01108060,0.00692537,0.84892918,0.85585455,982612606.89,14.7776
2683,7.3457,3.1061,3.1061,18640.75,54693671.49,4149624.14,255331711.27,281956316.92,537288028.19,36076.46,2.50530946,0.00034615,0.01107665,0.00692291,0.84884457,0.85576748,982646683.35,14.7738
2684,7.3484,3.1065,3.1065,18676.19,54702618.26,4149856.14,255355337.93,281968758.68,537324096.61,36068.42,2.50475144,0.00034602,0.01107270,0.00692044,0.84875997,0.85568040,982680751.77,14.7701
2685,7.3511,3.1069,3.1069,18711.69,54711566.22,4150088.14,255378957.11,281981199.89,537360157.00,36060.39,2.50419358,0.00034590,0.01106876,0.00691797,0.84867536,0.85559333,982714812.16,14.7663
2686,7.3539,3.1073,3.1073,18747.26,54720515.38,4150320.13,255402568.82,281993640.53,537396209.35,36052.36,2.50363589,0.00034578,0.01106481,0.00691551,0.84859076,0.85550626,982748864.52,14.7625
2687,7.3566,3.1078,3.1078,18782.89,54729465.74,4150552.11,255426173.06,282006080.62,537432253.68,36044.33,2.50307837,0.00034565,0.01106087,0.00691304,0.84850615,0.85541920,982782908.84,14.7588
2688,7.3593,3.1082,3.1082,18818.59,54738417.29,4150784.09,255449769.83,282018520.16,537468289.98,36036.30,2.50252102,0.00034553,0.01105693,0.00691058,0.84842155,0.85533213,982816945.15,14.7550
2689,7.3621,3.1086,3.1086,18854.37,54747370.04,4151016.07,255473359.13,282030959.13,537504318.26,36028.28,2.50196384,0.00034541,0.01105299,0.00690812,0.84833695,0.85524507,982850973.43,14.7513
2690,7.3648,3.1090,3.1090,18890.20,54756323.98,4151248.04,255496940.97,282043397.55,537540338.52,36020.26,2.50140682,0.00034528,0.01104905,0.00690566,0.84825235,0.85515801,982884993.68,14.7475
2691,7.3676,3.1094,3.1094,18926.11,54765279.13,4151480.01,255520515.35,282055835.41,537576350.76,36012.24,2.50084998,0.00034516,0.01104511,0.00690320,0.84816776,0.85507095,982919005.92,14.7438
2692,7.3703,3.1098,3.1098,18962.09,54774235.46,4151711.97,255544082.27,282068272.72,537612354.99,36004.22,2.50029330,0.00034504,0.01104118,0.00690074,0.84808316,0.85498390,982953010.15,14.7400
2693,7.3730,3.1103,3.1103,18998.13,54783193.00,4151943.93,255567641.73,282080709.47,537648351.20,35996.21,2.49973680,0.00034491,0.01103725,0.00689828,0.84799857,0.85489685,982987006.36,14.7363
2694,7.3758,3.1107,3.1107,19034.24,54792151.74,4152175.89,255591193.74,282093145.66,537684339.39,35988.20,2.49918046,0.00034479,0.01103332,0.00689582,0.84791398,0.85480980,983020994.56,14.7325
2695,7.3785,3.1111,3.1111,19070.42,54801111.67,4152407.84,255614738.29,282105581.29,537720319.58,35980.19,2.49862429,0.00034467,0.01102939,0.00689337,0.84782939,0.85472275,983054974.75,14.7288
2696,7.3812,3.1115,3.1115,19106.67,54810072.80,4152639.78,255638275.39,282118016.37,537756291.77,35972.18,2.49806829,0.00034455,0.01102546,0.00689091,0.84774480,0.85463571,983088946.93,14.7250
2697,7.3840,3.1119,3.1119,19142.99,54819035.13,4152871.72,255661805.05,282130450.90,537792255.95,35964.18,2.49751245,0.00034442,0.01102153,0.00688846,0.84766021,0.85454867,983122911.11,14.7213
2698,7.3867,3.1123,3.1123,19179.38,54827998.65,4153103.66,255685327.26,282142884.86,537828212.12,35956.18,2.49695679,0.00034430,0.01101761,0.00688600,0.84757562,0.85446163,983156867.29,14.7175
2699,7.3895,3.1128,3.1128,19215.84,54836963.38,4153335.59,255708842.03,282155318.27,537864160.30,35948.18,2.49640129,0.00034418,0.01101368,0.00688355,0.84749104,0.85437459,983190815.47,14.7138
2700,7.3922,3.1132,3.1132,19252.36,54845929.30,4153567.52,255732349.36,282167751.13,537900100.48,35940.18,2.49584596,0.00034406,0.01100976,0.00688110,0.84740646,0.85428756,983224755.65,14.7100
2701,7.3949,3.1136,3.1136,19288.96,54854896.42,4153799.44,255755849.25,282180183.42,537936032.67,35932.19,2.49529080,0.00034393,0.01100584,0.00687865,0.84732187,0.85420052,983258687.83,14.7063
2702,7.3977,3.1140,3.1140,19325.62,54863864.74,4154031.36,255779341.70,282192615.17,537971956.87,35924.20,2.49473581,0.00034381,0.01100192,0.00687620,0.84723729,0.85411350,983292612.03,14.7026
2703,7.4004,3.1144,3.1144,19362.36,54872834.26,4154263.28,255802826.72,282205046.35,538007873.07,35916.21,2.49418099,0.00034369,0.01099800,0.00687375,0.84715272,0.85402647,983326528.24,14.6988
2704,7.4031,3.1148,3.1148,19399.16,54881804.98,4154495.18,255826304.31,282217476.98,538043781.29,35908.22,2.49362633,0.00034357,0.01099409,0.00687131,0.84706814,0.85393944,983360436.46,14.6951
2705,7.4059,3.1152,3.1152,19436.04,54890776.89,4154727.09,255849774.47,282229907.06,538079681.53,35900.23,2.49307184,0.00034344,0.01099018,0.00686886,0.84698356,0.85385242,983394336.69,14.6914
2706,7.4086,3.1157,3.1157,19472.98,54899750.01,4154958.99,255873237.20,282242336.58,538115573.78,35892.25,2.49251752,0.00034332,0.01098626,0.00686641,0.84689899,0.85376540,983428228.94,14.6876
2707,7.4114,3.1161,3.1161,19510.00,54908724.33,4155190.89,255896692.51,282254765.54,538151458.05,35884.27,2.49196337,0.00034320,0.01098235,0.00686397,0.84681442,0.85367839,983462113.22,14.6839
2708,7.4141,3.1165,3.1165,19547.08,54917699.84,4155422.78,255920140.40,282267193.95,538187334.35,35876.30,2.49140939,0.00034308,0.01097844,0.00686153,0.84672985,0.85359137,983495989.51,14.6802
2709,7.4168,3.1169,3.1169,19584.24,54926676.56,4155654.67,255943580.87,282279621.80,538223202.67,35868.32,2.49085557,0.00034295,0.01097454,0.00685908,0.84664528,0.85350436,983529857.83,14.6764
2710,7.4196,3.1173,3.1173,19621.47,54935654.47,4155886.55,255967013.92,282292049.10,538259063.02,35860.35,2.49030192,0.00034283,0.01097063,0.00685664,0.84656071,0.85341735,983563718.18,14.6727
2711,7.4223,3.1177,3.1177,19658.76,54944633.59,4156118.43,255990439.56,282304475.84,538294915.39,35852.38,2.48974844,0.00034271,0.01096673,0.00685420,0.84647615,0.85333035,983597570.56,14.6690
2712,7.4251,3.1182,3.1182,19696.13,54953613.90,4156350.30,256013857.78,282316902.02,538330759.80,35844.41,2.48919513,0.00034259,0.01096282,0.00685176,0.84639158,0.85324334,983631414.97,14.6653
2713,7.4278,3.1186,3.1186,19733.57,54962595.42,4156582.17,256037268.60,282329327.65,538366596.25,35836.44,2.48864198,0.00034247,0.01095892,0.00684933,0.84630702,0.85315634,983665251.41,14.6615
2714,7.4305,3.1190,3.1190,19771.08,54971578.14,4156814.04,256060672.00,282341752.73,538402424.73,35828.48,2.48808900,0.00034234,0.01095502,0.00684689,0.84622246,0.85306935,983699079.89,14.6578
2715,7.4333,3.1194,3.1194,19808.66,54980562.05,4157045.90,256084068.00,282354177.25,538438245.25,35820.52,2.48753619,0.00034222,0.01095112,0.00684445,0.84613790,0.85298235,983732900.41,14.6541
2716,7.4360,3.1198,3.1198,19846.32,54989547.17,4157277.75,256107456.60,282366601.21,538474057.81,35812.56,2.48698355,0.00034210,0.01094723,0.00684202,0.84605334,0.85289536,983766712.98,14.6504
2717,7.4387,3.1203,3.1203,19884.04,54998533.49,4157509.61,256130837.80,282379024.62,538509862.42,35804.61,2.48643107,0.00034198,0.01094333,0.00683958,0.84596878,0.85280837,983800517.58,14.6467
2718,7.4415,3.1207,3.1207,19921.84,55007521.01,4157741.45,256154211.60,282391447.48,538545659.08,35796.65,2.48587876,0.00034186,0.01093944,0.00683715,0.84588423,0.85272138,983834314.24,14.6429
2719,7.4442,3.1211,3.1211,19959.70,55016509.74,4157973.30,256177578.00,282403869.78,538581447.78,35788.70,2.48532662,0.00034174,0.01093555,0.00683472,0.84579967,0.85263439,983868102.94,14.6392
2720,7.4470,3.1215,3.1215,19997.64,55025499.66,4158205.13,256200937.01,282416291.52,538617228.53,35780.75,2.48477465,0.00034161,0.01093166,0.00683229,0.84571512,0.85254741,983901883.70,14.6355
2721,7.4497,3.1219,3.1219,20035.66,55034490.79,4158436.97,256224288.63,282428712.71,538653001.34,35772.81,2.48422284,0.00034149,0.01092777,0.00682986,0.84563057,0.85246043,983935656.51,14.6318
2722,7.4524,3.1223,3.1223,20073.74,55043483.12,4158668.80,256247632.86,282441133.35,538688766.21,35764.87,2.48367120,0.00034137,0.01092388,0.00682743,0.84554602,0.85237345,983969421.37,14.6281
2723,7.4552,3.1228,3.1228,20111.90,55052476.65,4158900.62,256270969.70,282453553.43,538724523.13,35756.92,2.48311973,0.00034125,0.01092000,0.00682500,0.84546148,0.85228647,984003178.29,14.6244
2724,7.4579,3.1232,3.1232,20150.13,55061471.38,4159132.44,256294299.16,282465972.96,538760272.12,35748.99,2.48256842,0.00034113,0.01091611,0.00682257,0.84537693,0.85219950,984036927.28,14.6207
2725,7.4606,3.1236,3.1236,20188.43,55070467.31,4159364.26,256317621.23,282478391.93,538796013.17,35741.05,2.48201728,0.00034101,0.01091223,0.00682014,0.84529239,0.85211253,984070668.33,14.6170
2726,7.4634,3.1240,3.1240,20226.80,55079464.45,4159596.07,256340935.93,282490810.35,538831746.28,35733.11,2.48146631,0.00034089,0.01090835,0.00681772,0.84520784,0.85202556,984104401.44,14.6132
2727,7.4661,3.1244,3.1244,20265.25,55088462.79,4159827.88,256364243.25,282503228.21,538867471.46,35725.18,2.48091550,0.00034076,0.01090447,0.00681529,0.84512330,0.85193860,984138126.63,14.6095
2728,7.4689,3.1248,3.1248,20303.77,55097462.33,4160059.68,256387543.20,282515645.52,538903188.72,35717.25,2.48036486,0.00034064,0.01090059,0.00681287,0.84503877,0.85185164,984171843.88,14.6058
2729,7.4716,3.1253,3.1253,20342.37,55106463.08,4160291.48,256410835.77,282528062.28,538938898.05,35709.33,2.47981439,0.00034052,0.01089672,0.00681045,0.84495423,0.85176468,984205553.21,14.6021
2730,7.4743,3.1257,3.1257,20381.04,55115465.03,4160523.28,256434120.97,282540478.48,538974599.45,35701.40,2.47926409,0.00034040,0.01089284,0.00680803,0.84486969,0.85167772,984239254.61,14.5984
2731,7.4771,3.1261,3.1261,20419.78,55124468.18,4160755.06,256457398.80,282552894.13,539010292.93,35693.48,2.47871395,0.00034028,0.01088897,0.00680561,0.84478516,0.85159076,984272948.09,14.5947
2732,7.4798,3.1265,3.1265,20458.59,55133472.54,4160986.85,256480669.27,282565309.22,539045978.49,35685.56,2.47816397,0.00034016,0.01088510,0.00680319,0.84470062,0.85150381,984306633.65,14.5910
2733,7.4825,3.1269,3.1269,20497.48,55142478.10,4161218.63,256503932.38,282577723.76,539081656.13,35677.64,2.47761417,0.00034004,0.01088123,0.00680077,0.84461609,0.85141686,984340311.30,14.5873
2734,7.4853,3.1273,3.1273,20536.44,55151484.86,4161450.41,256527188.12,282590137.74,539117325.86,35669.73,2.47706453,0.00033992,0.01087736,0.00679835,0.84453156,0.85132992,984373981.03,14.5836
2735,7.4880,3.1278,3.1278,20575.48,55160492.83,4161682.18,256550436.50,282602551.18,539152987.68,35661.82,2.47651506,0.00033980,0.01087350,0.00679594,0.84444704,0.85124297,984407642.84,14.5799
2736,7.4908,3.1282,3.1282,20614.59,55169502.00,4161913.95,256573677.53,282614964.05,539188641.59,35653.91,2.47596575,0.00033968,0.01086963,0.00679352,0.84436251,0.85115603,984441296.75,14.5763
2737,7.4935,3.1286,3.1286,20653.77,55178512.38,4162145.71,256596911.21,282627376.38,539224287.59,35646.00,2.47541661,0.00033956,0.01086577,0.00679111,0.84427799,0.85106909,984474942.75,14.5726
2738,7.4962,3.1290,3.1290,20693.03,55187523.96,4162377.47,256620137.53,282639788.15,539259925.68,35638.09,2.47486763,0.00033943,0.01086191,0.00678869,0.84419346,0.85098215,984508580.84,14.5689
2739,7.4990,3.1294,3.1294,20732.37,55196536.75,4162609.22,256643356.51,282652199.36,539295555.87,35630.19,2.47431883,0.00033931,0.01085805,0.00678628,0.84410894,0.85089522,984542211.03,14.5652
2740,7.5017,3.1299,3.1299,20771.78,55205550.74,4162840.97,256666568.13,282664610.03,539331178.16,35622.29,2.47377019,0.00033919,0.01085419,0.00678387,0.84402442,0.85080829,984575833.32,14.5615
2741,7.5044,3.1303,3.1303,20811.26,55214565.93,4163072.72,256689772.42,282677020.14,539366792.55,35614.39,2.47322171,0.00033907,0.01085033,0.00678146,0.84393990,0.85072136,984609447.72,14.5578
2742,7.5072,3.1307,3.1307,20850.82,55223582.33,4163304.46,256712969.36,282689429.70,539402399.05,35606.50,2.47267340,0.00033895,0.01084648,0.00677905,0.84385539,0.85063443,984643054.21,14.5541
2743,7.5099,3.1311,3.1311,20890.45,55232599.94,4163536.19,256736158.96,282701838.70,539437997.66,35598.60,2.47212526,0.00033883,0.01084262,0.00677664,0.84377087,0.85054751,984676652.82,14.5504
2744,7.5127,3.1315,3.1315,20930.16,55241618.75,4163767.93,256759341.22,282714247.15,539473588.37,35590.71,2.47157728,0.00033871,0.01083877,0.00677423,0.84368636,0.85046059,984710243.53,14.5468
2745,7.5154,3.1320,3.1320,20969.95,55250638.77,4163999.65,256782516.15,282726655.05,539509171.19,35582.82,2.47102947,0.00033859,0.01083492,0.00677182,0.84360185,0.85037367,984743826.35,14.5431
2746,7.5181,3.1324,3.1324,21009.81,55259659.99,4164231.38,256805683.74,282739062.39,539544746.13,35574.94,2.47048182,0.00033847,0.01083107,0.00676942,0.84351734,0.85028676,984777401.29,14.5394
2747,7.5209,3.1328,3.1328,21049.74,55268682.42,4164463.10,256828844.00,282751469.18,539580313.18,35567.05,2.46993434,0.00033835,0.01082722,0.00676701,0.84343283,0.85019984,984810968.35,14.5357
2748,7.5236,3.1332,3.1332,21089.76,55277706.05,4164694.81,256851996.94,282763875.42,539615872.36,35559.17,2.46938703,0.00033823,0.01082338,0.00676461,0.84334832,0.85011293,984844527.52,14.5320
2749,7.5264,3.1336,3.1336,21129.84,55286730.90,4164926.52,256875142.55,282776281.11,539651423.65,35551.29,2.46883988,0.00033811,0.01081953,0.00676221,0.84326382,0.85002603,984878078.82,14.5284
2750,7.5291,3.1340,3.1340,21170.01,55295756.94,4165158.23,256898280.83,282788686.24,539686967.07,35543.42,2.46829289,0.00033799,0.01081569,0.00675980,0.84317932,0.84993912,984911622.23,14.5247
2751,7.5318,3.1345,3.1345,21210.25,55304784.20,4165389.93,256921411.80,282801090.82,539722502.61,35535.54,2.46774608,0.00033787,0.01081185,0.00675740,0.84309481,0.84985222,984945157.78,14.5210
2752,7.5346,3.1349,3.1349,21250.57,55313812.66,4165621.62,256944535.44,282813494.85,539758030.29,35527.67,2.46719942,0.00033775,0.01080801,0.00675500,0.84301031,0.84976532,984978685.45,14.5173
2753,7.5373,3.1353,3.1353,21290.96,55322842.33,4165853.31,256967651.77,282825898.32,539793550.09,35519.80,2.46665294,0.00033763,0.01080417,0.00675261,0.84292582,0.84967842,985012205.25,14.5137
2754,7.5400,3.1357,3.1357,21331.43,55331873.20,4166085.00,256990760.78,282838301.24,539829062.02,35511.94,2.46610662,0.00033751,0.01080033,0.00675021,0.84284132,0.84959153,985045717.19,14.5100
2755,7.5428,3.1361,3.1361,21371.98,55340905.28,4166316.69,257013862.48,282850703.61,539864566.09,35504.07,2.46556046,0.00033739,0.01079650,0.00674781,0.84275682,0.84950463,985079221.26,14.5063
2756,7.5455,3.1366,3.1366,21412.60,55349938.57,4166548.36,257036956.87,282863105.43,539900062.30,35496.21,2.46501447,0.00033727,0.01079266,0.00674541,0.84267233,0.84941774,985112717.46,14.5027
2757,7.5483,3.1370,3.1370,21453.31,55358973.07,4166780.04,257060043.96,282875506.69,539935550.65,35488.35,2.46446865,0.00033715,0.01078883,0.00674302,0.84258784,0.84933086,985146205.81,14.4990
2758,7.5510,3.1374,3.1374,21494.08,55368008.78,4167011.71,257083123.73,282887907.41,539971031.14,35480.49,2.46392299,0.00033703,0.01078500,0.00674062,0.84250335,0.84924397,985179686.30,14.4953
2759,7.5537,3.1378,3.1378,21534.94,55377045.69,4167243.37,257106196.21,282900307.57,540006503.78,35472.64,2.46337749,0.00033691,0.01078117,0.00673823,0.84241886,0.84915709,985213158.94,14.4917
2760,7.5565,3.1382,3.1382,21575.88,55386083.81,4167475.04,257129261.38,282912707.18,540041968.56,35464.78,2.46283216,0.00033679,0.01077734,0.00673584,0.84233437,0.84907021,985246623.72,14.4880
2761,7.5592,3.1387,3.1387,21616.89,55395123.14,4167706.69,257152319.26,282925106.23,540077425.49,35456.93,2.46228700,0.00033667,0.01077352,0.00673345,0.84224989,0.84898334,985280080.66,14.4843
2762,7.5619,3.1391,3.1391,21657.98,55404163.68,4167938.34,257175369.84,282937504.74,540112874.58,35449.08,2.46174200,0.00033655,0.01076969,0.00673106,0.84216541,0.84889646,985313529.74,14.4807
2763,7.5647,3.1395,3.1395,21699.15,55413205.42,4168169.99,257198413.13,282949902.69,540148315.82,35441.24,2.46119716,0.00033643,0.01076587,0.00672867,0.84208092,0.84880959,985346970.98,14.4770
2764,7.5674,3.1399,3.1399,21740.39,55422248.38,4168401.64,257221449.12,282962300.09,540183749.21,35433.40,2.46065249,0.00033631,0.01076205,0.00672628,0.84199644,0.84872272,985380404.38,14.4734
2765,7.5702,3.1403,3.1403,21781.72,55431292.54,4168633.28,257244477.83,282974696.94,540219174.77,35425.56,2.46010799,0.00033619,0.01075823,0.00672389,0.84191197,0.84863586,985413829.93,14.4697
2766,7.5729,3.1408,3.1408,21823.12,55440337.92,4168864.91,257267499.25,282987093.24,540254592.48,35417.72,2.45956365,0.00033608,0.01075441,0.00672151,0.84182749,0.84854900,985447247.65,14.4661
2767,7.5756,3.1412,3.1412,21864.60,55449384.50,4169096.54,257290513.38,282999488.98,540290002.36,35409.88,2.45901947,0.00033596,0.01075060,0.00671912,0.84174301,0.84846214,985480657.53,14.4624
2768,7.5784,3.1416,3.1416,21906.16,55458432.29,4169328.17,257313520.23,283011884.18,540325404.41,35402.05,2.45847546,0.00033584,0.01074678,0.00671674,0.84165854,0.84837528,985514059.57,14.4587
2769,7.5811,3.1420,3.1420,21947.80,55467481.29,4169559.79,257336519.81,283024278.82,540360798.63,35394.22,2.45793161,0.00033572,0.01074297,0.00671435,0.84157407,0.84828842,985547453.79,14.4551
2770,7.5838,3.1424,3.1424,21989.52,55476531.50,4169791.40,257359512.10,283036672.91,540396185.01,35386.39,2.45738793,0.00033560,0.01073915,0.00671197,0.84148960,0.84820157,985580840.18,14.4514
2771,7.5866,3.1429,3.1429,22031.32,55485582.92,4170023.02,257382497.12,283049066.45,540431563.57,35378.56,2.45684442,0.00033548,0.01073534,0.00670959,0.84140513,0.84811472,985614218.74,14.4478
2772,7.5893,3.1433,3.1433,22073.20,55494635.55,4170254.63,257405474.87,283061459.44,540466934.31,35370.74,2.45630106,0.00033536,0.01073154,0.00670721,0.84132067,0.84802788,985647589.47,14.4442
2773,7.5921,3.1437,3.1437,22115.16,55503689.39,4170486.23,257428445.35,283073851.87,540502297.22,35362.91,2.45575788,0.00033524,0.01072773,0.00670483,0.84123620,0.84794103,985680952.38,14.4405
2774,7.5948,3.1441,3.1441,22157.20,55512744.44,4170717.83,257451408.55,283086243.76,540537652.31,35355.09,2.45521485,0.00033512,0.01072392,0.00670245,0.84115174,0.84785419,985714307.48,14.4369
2775,7.5975,3.1445,3.1445,22199.31,55521800.70,4170949.42,257474364.50,283098635.10,540572999.59,35347.28,2.45467199,0.00033500,0.01072012,0.00670007,0.84106728,0.84776735,985747654.75,14.4332
2776,7.6003,3.1450,3.1450,22241.51,55530858.18,4171181.01,257497313.17,283111025.88,540608339.05,35339.46,2.45412930,0.00033488,0.01071632,0.00669770,0.84098282,0.84768052,985780994.22,14.4296
2777,7.6030,3.1454,3.1454,22283.79,55539916.86,4171412.60,257520254.59,283123416.11,540643670.70,35331.65,2.45358677,0.00033477,0.01071251,0.00669532,0.84089836,0.84759368,985814325.87,14.4259
2778,7.6057,3.1458,3.1458,22326.15,55548976.75,4171644.18,257543188.75,283135805.79,540678994.54,35323.84,2.45304440,0.00033465,0.01070872,0.00669295,0.84081390,0.84750685,985847649.71,14.4223
2779,7.6085,3.1462,3.1462,22368.58,55558037.86,4171875.76,257566115.65,283148194.92,540714310.57,35316.03,2.45250220,0.00033453,0.01070492,0.00669057,0.84072945,0.84742002,985880965.74,14.4187
2780,7.6112,3.1466,3.1466,22411.10,55567100.17,4172107.33,257589035.30,283160583.50,540749618.80,35308.23,2.45196016,0.00033441,0.01070112,0.00668820,0.84064500,0.84733320,985914273.96,14.4150
2781,7.6140,3.1471,3.1471,22453.70,55576163.70,4172338.90,257611947.69,283172971.53,540784919.22,35300.42,2.45141828,0.00033429,0.01069733,0.00668583,0.84056055,0.84724637,985947574.39,14.4114
2782,7.6167,3.1475,3.1475,22496.38,55585228.44,4172570.47,257634852.83,283185359.01,540820211.85,35292.62,2.45087657,0.00033417,0.01069353,0.00668346,0.84047610,0.84715955,985980867.01,14.4078
2783,7.6194,3.1479,3.1479,22539.15,55594294.39,4172802.03,257657750.73,283197745.94,540855496.67,35284.82,2.45033503,0.00033405,0.01068974,0.00668109,0.84039165,0.84707274,986014151.83,14.4041
2784,7.6222,3.1483,3.1483,22581.99,55603361.55,4173033.58,257680641.38,283210132.32,540890773.70,35277.03,2.44979364,0.00033394,0.01068595,0.00667872,0.84030720,0.84698592,986047428.86,14.4005
2785,7.6249,3.1487,3.1487,22624.91,55612429.93,4173265.13,257703524.79,283222518.15,540926042.93,35269.23,2.44925243,0.00033382,0.01068216,0.00667635,0.84022276,0.84689911,986080698.10,14.3969
2786,7.6277,3.1492,3.1492,22667.92,55621499.52,4173496.68,257726400.96,283234903.42,540961304.38,35261.44,2.44871137,0.00033370,0.01067837,0.00667398,0.84013832,0.84681230,986113959.54,14.3932
2787,7.6304,3.1496,3.1496,22711.01,55630570.32,4173728.22,257749269.88,283247288.15,540996558.03,35253.65,2.44817048,0.00033358,0.01067459,0.00667162,0.84005388,0.84672549,986147213.20,14.3896
2788,7.6331,3.1500,3.1500,22754.18,55639642.33,4173959.76,257772131.58,283259672.33,541031803.90,35245.87,2.44762975,0.00033346,0.01067080,0.00666925,0.83996944,0.84663869,986180459.06,14.3860
2789,7.6359,3.1504,3.1504,22797.43,55648715.55,4174191.29,257794986.03,283272055.95,541067041.99,35238.08,2.44708919,0.00033334,0.01066702,0.00666689,0.83988500,0.84655189,986213697.15,14.3823
2790,7.6386,3.1508,3.1508,22840.76,55657789.99,4174422.82,257817833.26,283284439.03,541102272.29,35230.30,2.44654879,0.00033323,0.01066324,0.00666453,0.83980057,0.84646509,986246927.45,14.3787
2791,7.6413,3.1513,3.1513,22884.18,55666865.64,4174654.35,257840673.26,283296821.55,541137494.81,35222.52,2.44600855,0.00033311,0.01065946,0.00666216,0.83971613,0.84637830,986280149.97,14.3751
2792,7.6441,3.1517,3.1517,22927.68,55675942.51,4174885.87,257863506.03,283309203.53,541172709.56,35214.75,2.44546848,0.00033299,0.01065568,0.00665980,0.83963170,0.84629150,986313364.72,14.3715
2793,7.6468,3.1521,3.1521,22971.26,55685020.59,4175117.38,257886331.57,283321584.95,541207916.53,35206.97,2.44492857,0.00033287,0.01065191,0.00665744,0.83954727,0.84620471,986346571.69,14.3679
2794,7.6496,3.1525,3.1525,23014.93,55694099.88,4175348.89,257909149.90,283333965.83,541243115.73,35199.20,2.44438882,0.00033275,0.01064813,0.00665508,0.83946284,0.84611792,986379770.89,14.3642
2795,7.6523,3.1530,3.1530,23058.67,55703180.38,4175580.40,257931961.00,283346346.16,541278307.16,35191.43,2.44384924,0.00033264,0.01064436,0.00665272,0.83937842,0.84603114,986412962.32,14.3606
2796,7.6550,3.1534,3.1534,23102.50,55712262.10,4175811.90,257954764.88,283358725.93,541313490.82,35183.66,2.44330982,0.00033252,0.01064059,0.00665037,0.83929399,0.84594436,986446145.98,14.3570
2797,7.6578,3.1538,3.1538,23146.42,55721345.03,4176043.40,257977561.55,283371105.16,541348666.71,35175.90,2.44277056,0.00033240,0.01063682,0.00664801,0.83920957,0.84585758,986479321.88,14.3534
2798,7.6605,3.1542,3.1542,23190.42,55730429.18,4176274.89,258000351.01,283383483.84,541383834.85,35168.13,2.44223146,0.00033228,0.01063305,0.00664565,0.83912515,0.84577080,986512490.01,14.3498
2799,7.6632,3.1546,3.1546,23234.50,55739514.54,4176506.38,258023133.25,283395861.97,541418995.22,35160.37,2.44169253,0.00033216,0.01062928,0.00664330,0.83904073,0.84568403,986545650.38,14.3462
2800,7.6660,3.1551,3.1551,23278.66,55748601.12,4176737.87,258045908.29,283408239.54,541454147.83,35152.61,2.44115377,0.00033205,0.01062551,0.00664095,0.83895631,0.84559726,986578803.00,14.3426
2801,7.6687,3.1555,3.1555,23322.91,55757688.91,4176969.35,258068676.12,283420616.57,541489292.69,35144.86,2.44061516,0.00033193,0.01062175,0.00663859,0.83887189,0.84551049,986611947.85,14.3389
2802,7.6715,3.1559,3.1559,23367.24,55766777.92,4177200.83,258091436.74,283432993.05,541524429.80,35137.10,2.44007672,0.00033181,0.01061799,0.00663624,0.83878748,0.84542372,986645084.96,14.3353
2803,7.6742,3.1563,3.1563,23411.66,55775868.14,4177432.30,258114190.17,283445368.98,541559559.15,35129.35,2.43953844,0.00033169,0.01061423,0.00663389,0.83870307,0.84533696,986678214.31,14.3317
2804,7.6769,3.1567,3.1567,23456.16,55784959.57,4177663.77,258136936.39,283457744.36,541594680.75,35121.60,2.43900032,0.00033158,0.01061047,0.00663154,0.83861866,0.84525020,986711335.92,14.3281
2805,7.6797,3.1572,3.1572,23500.75,55794052.22,4177895.23,258159675.42,283470119.20,541629794.61,35113.86,2.43846237,0.00033146,0.01060671,0.00662919,0.83853425,0.84516344,986744449.78,14.3245
2806,7.6824,3.1576,3.1576,23545.42,55803146.09,4178126.69,258182407.25,283482493.48,541664900.73,35106.11,2.43792458,0.00033134,0.01060295,0.00662684,0.83844984,0.84507669,986777555.89,14.3209
2807,7.6851,3.1580,3.1580,23590.18,55812241.17,4178358.14,258205131.89,283494867.21,541699999.10,35098.37,2.43738695,0.00033122,0.01059920,0.00662450,0.83836544,0.84498993,986810654.26,14.3173
2808,7.6879,3.1584,3.1584,23635.02,55821337.47,4178589.59,258227849.33,283507240.40,541735089.73,35090.63,2.43684949,0.00033111,0.01059544,0.00662215,0.83828103,0.84490319,986843744.89,14.3137
2809,7.6906,3.1589,3.1589,23679.94,55830434.99,4178821.04,258250559.59,283519613.03,541770172.63,35082.90,2.43631218,0.00033099,0.01059169,0.00661981,0.83819663,0.84481644,986876827.79,14.3101
2810,7.6934,3.1593,3.1593,23724.96,55839533.72,4179052.48,258273262.67,283531985.12,541805247.79,35075.16,2.43577504,0.00033087,0.01058794,0.00661746,0.83811223,0.84472969,986909902.95,14.3065
2811,7.6961,3.1597,3.1597,23770.05,55848633.66,4179283.92,258295958.56,283544356.66,541840315.22,35067.43,2.43523807,0.00033076,0.01058419,0.00661512,0.83802783,0.84464295,986942970.38,14.3029
2812,7.6988,3.1601,3.1601,23815.24,55857734.83,4179515.35,258318647.26,283556727.65,541875374.91,35059.70,2.43470125,0.00033064,0.01058044,0.00661278,0.83794344,0.84455622,986976030.08,14.2993
2813,7.7016,3.1605,3.1605,23860.51,55866837.21,4179746.78,258341328.79,283569098.09,541910426.88,35051.97,2.43416460,0.00033052,0.01057670,0.00661044,0.83785904,0.84446948,987009082.05,14.2957
2814,7.7043,3.1610,3.1610,23905.86,55875940.80,4179978.20,258364003.15,283581467.98,541945471.13,35044.24,2.43362811,0.00033040,0.01057295,0.00660810,0.83777465,0.84438275,987042126.29,14.2921
2815,7.7070,3.1614,3.1614,23951.30,55885045.62,4180209.62,258386670.32,283593837.33,541980507.65,35036.52,2.43309178,0.00033029,0.01056921,0.00660576,0.83769026,0.84429602,987075162.81,14.2885
2816,7.7098,3.1618,3.1618,23996.83,55894151.65,4180441.04,258409330.33,283606206.12,542015536.45,35028.80,2.43255561,0.00033017,0.01056547,0.00660342,0.83760587,0.84420929,987108191.61,14.2850
2817,7.7125,3.1622,3.1622,24042.44,55903258.90,4180672.45,258431983.16,283618574.37,542050557.53,35021.08,2.43201961,0.00033005,0.01056173,0.00660108,0.83752148,0.84412256,987141212.70,14.2814
2818,7.7153,3.1627,3.1627,24088.14,55912367.36,4180903.85,258454628.83,283630942.07,542085570.90,35013.37,2.43148377,0.00032994,0.01055799,0.00659874,0.83743710,0.84403584,987174226.06,14.2778
2819,7.7180,3.1631,3.1631,24133.93,55921477.04,4181135.25,258477267.33,283643309.22,542120576.55,35005.65,2.43094809,0.00032982,0.01055425,0.00659641,0.83735272,0.84394912,987207231.72,14.2742
2820,7.7207,3.1635,3.1635,24179.81,55930587.94,4181366.65,258499898.67,283655675.82,542155574.49,34997.94,2.43041257,0.00032970,0.01055052,0.00659407,0.83726833,0.84386241,987240229.66,14.2706
2821,7.7235,3.1639,3.1639,24225.77,55939700.06,4181598.04,258522522.85,283668041.88,542190564.73,34990.23,2.42987722,0.00032959,0.01054678,0.00659174,0.83718395,0.84377569,987273219.89,14.2670
2822,7.7262,3.1644,3.1644,24271.82,55948813.40,4181829.43,258545139.86,283680407.39,542225547.25,34982.53,2.42934202,0.00032947,0.01054305,0.00658941,0.83709958,0.84368898,987306202.41,14.2634
2823,7.7290,3.1648,3.1648,24317.95,55957927.96,4182060.82,258567749.73,283692772.35,542260522.07,34974.82,2.42880699,0.00032935,0.01053932,0.00658707,0.83701520,0.84360228,987339177.23,14.2599
2824,7.7317,3.1652,3.1652,24364.18,55967043.73,4182292.20,258590352.43,283705136.76,542295489.19,34967.12,2.42827212,0.00032924,0.01053559,0.00658474,0.83693083,0.84351557,987372144.35,14.2563
2825,7.7344,3.1656,3.1656,24410.49,55976160.72,4182523.57,258612947.99,283717500.62,542330448.61,34959.42,2.42773741,0.00032912,0.01053186,0.00658241,0.83684645,0.84342887,987405103.77,14.2527
2826,7.7372,3.1660,3.1660,24456.89,55985278.93,4182754.94,258635536.39,283729863.94,542365400.33,34951.72,2.42720287,0.00032900,0.01052814,0.00658009,0.83676208,0.84334217,987438055.49,14.2491
2827,7.7399,3.1665,3.1665,24503.38,55994398.36,4182986.31,258658117.65,283742226.70,542400344.36,34944.03,2.42666848,0.00032889,0.01052441,0.00657776,0.83667771,0.84325547,987470999.52,14.2455
2828,7.7426,3.1669,3.1669,24549.96,56003519.01,4183217.67,258680691.77,283754588.92,542435280.69,34936.33,2.42613426,0.00032877,0.01052069,0.00657543,0.83659335,0.84316878,987503935.85,14.2420
2829,7.7454,3.1673,3.1673,24596.62,56012640.88,4183449.03,258703258.74,283766950.60,542470209.33,34928.64,2.42560020,0.00032866,0.01051697,0.00657310,0.83650898,0.84308209,987536864.50,14.2384
2830,7.7481,3.1677,3.1677,24643.38,56021763.97,4183680.39,258725818.57,283779311.72,542505130.29,34920.95,2.42506630,0.00032854,0.01051325,0.00657078,0.83642462,0.84299540,987569785.45,14.2348
2831,7.7509,3.1682,3.1682,24690.22,56030888.28,4183911.74,258748371.26,283791672.30,542540043.56,34913.27,2.42453256,0.00032842,0.01050953,0.00656845,0.83634026,0.84290871,987602698.72,14.2312
2832,7.7536,3.1686,3.1686,24737.15,56040013.80,4184143.08,258770916.81,283804032.33,542574949.14,34905.59,2.42399898,0.00032831,0.01050581,0.00656613,0.83625590,0.84282203,987635604.30,14.2277
2833,7.7563,3.1690,3.1690,24784.17,56049140.55,4184374.42,258793455.23,283816391.81,542609847.05,34897.90,2.42346557,0.00032819,0.01050209,0.00656381,0.83617154,0.84273535,987668502.21,14.2241
2834,7.7591,3.1694,3.1694,24831.28,56058268.52,4184605.76,258815986.52,283828750.75,542644737.27,34890.23,2.42293231,0.00032807,0.01049838,0.00656149,0.83608718,0.84264867,987701392.43,14.2205
2835,7.7618,3.1699,3.1699,24878.48,56067397.70,4184837.09,258838510.68,283841109.14,542679619.82,34882.55,2.42239922,0.00032796,0.01049467,0.00655917,0.83600283,0.84256200,987734274.98,14.2170
2836,7.7645,3.1703,3.1703,24925.77,56076528.11,4185068.42,258861027.72,283853466.98,542714494.69,34874.87,2.42186629,0.00032784,0.01049096,0.00655685,0.83591848,0.84247533,987767149.86,14.2134
2837,7.7673,3.1707,3.1707,24973.15,56085659.74,4185299.74,258883537.62,283865824.27,542749361.90,34867.20,2.42133352,0.00032773,0.01048725,0.00655453,0.83583413,0.84238866,987800017.06,14.2098
2838,7.7700,3.1711,3.1711,25020.62,56094792.59,4185531.06,258906040.41,283878181.02,542784221.43,34859.53,2.42080091,0.00032761,0.01048354,0.00655221,0.83574978,0.84230199,987832876.59,14.2063
2839,7.7728,3.1716,3.1716,25068.18,56103926.66,4185762.37,258928536.07,283890537.22,542819073.30,34851.87,2.42026846,0.00032749,0.01047983,0.00654989,0.83566543,0.84221533,987865728.46,14.2027
2840,7.7755,3.1720,3.1720,25115.83,56113061.95,4185993.68,258951024.62,283902892.88,542853917.50,34844.20,2.41973617,0.00032738,0.01047613,0.00654758,0.83558109,0.84212867,987898572.66,14.1992
2841,7.7782,3.1724,3.1724,25163.58,56122198.46,4186224.99,258973506.05,283915247.98,542888754.03,34836.54,2.41920405,0.00032726,0.01047242,0.00654526,0.83549675,0.84204201,987931409.20,14.1956
2842,7.7810,3.1728,3.1728,25211.41,56131336.20,4186456.29,258995980.37,283927602.54,542923582.91,34828.88,2.41867208,0.00032715,0.01046872,0.00654295,0.83541240,0.84195535,987964238.08,14.1920
2843,7.7837,3.1732,3.1732,25259.33,56140475.15,4186687.59,259018447.58,283939956.56,542958404.13,34821.22,2.41814027,0.00032703,0.01046502,0.00654064,0.83532807,0.84186870,987997059.30,14.1885
2844,7.7864,3.1737,3.1737,25307.34,56149615.33,4186918.88,259040907.67,283952310.02,542993217.70,34813.56,2.41760863,0.00032692,0.01046132,0.00653832,0.83524373,0.84178205,988029872.86,14.1849
2845,7.7892,3.1741,3.1741,25355.45,56158756.73,4187150.17,259063360.66,283964662.95,543028023.61,34805.91,2.41707715,0.00032680,0.01045762,0.00653601,0.83515939,0.84169541,988062678.77,14.1814
2846,7.7919,3.1745,3.1745,25403.65,56167899.35,4187381.45,259085806.55,283977015.32,543062821.87,34798.26,2.41654583,0.00032669,0.01045393,0.00653370,0.83507506,0.84160876,988095477.03,14.1778
2847,7.7947,3.1749,3.1749,25451.93,56177043.19,4187612.73,259108245.33,283989367.15,543097612.48,34790.61,2.41601466,0.00032657,0.01045023,0.00653139,0.83499073,0.84152212,988128267.64,14.1743
2848,7.7974,3.1754,3.1754,25500.31,56186188.26,4187844.01,259130677.01,284001718.43,543132395.44,34782.96,2.41548366,0.00032645,0.01044654,0.00652909,0.83490640,0.84143548,988161050.61,14.1707
2849,7.8001,3.1758,3.1758,25548.79,56195334.54,4188075.28,259153101.60,284014069.17,543167170.76,34775.32,2.41495282,0.00032634,0.01044285,0.00652678,0.83482207,0.84134885,988193825.93,14.1672
2850,7.8029,3.1762,3.1762,25597.35,56204482.05,4188306.55,259175519.09,284026419.35,543201938.44,34767.68,2.41442214,0.00032622,0.01043916,0.00652447,0.83473774,0.84126222,988226593.61,14.1636
2851,7.8056,3.1766,3.1766,25646.01,56213630.79,4188537.81,259197929.48,284038769.00,543236698.48,34760.04,2.41389162,0.00032611,0.01043547,0.00652217,0.83465342,0.84117559,988259353.65,14.1601
2852,7.8084,3.1771,3.1771,25694.76,56222780.74,4188769.07,259220332.79,284051118.09,543271450.88,34752.40,2.41336126,0.00032599,0.01043178,0.00651986,0.83456910,0.84108896,988292106.05,14.1565
2853,7.8111,3.1775,3.1775,25743.60,56231931.92,4189000.32,259242729.01,284063466.65,543306195.65,34744.77,2.41283106,0.00032588,0.01042809,0.00651756,0.83448478,0.84100234,988324850.81,14.1530
2854,7.8138,3.1779,3.1779,25792.53,56241084.33,4189231.57,259265118.14,284075814.65,543340932.79,34737.13,2.41230103,0.00032576,0.01042441,0.00651526,0.83440046,0.84091572,988357587.95,14.1494
2855,7.8166,3.1783,3.1783,25841.56,56250237.95,4189462.82,259287500.18,284088162.11,543375662.29,34729.50,2.41177115,0.00032565,0.01042073,0.00651295,0.83431614,0.84082910,988390317.45,14.1459
2856,7.8193,3.1788,3.1788,25890.68,56259392.80,4189694.06,259309875.14,284100509.02,543410384.17,34721.88,2.41124143,0.00032553,0.01041704,0.00651065,0.83423183,0.84074248,988423039.33,14.1424
2857,7.8220,3.1792,3.1792,25939.89,56268548.88,4189925.29,259332243.03,284112855.39,543445098.42,34714.25,2.41071187,0.00032542,0.01041336,0.00650835,0.83414752,0.84065587,988455753.58,14.1388
2858,7.8248,3.1796,3.1796,25989.20,56277706.17,4190156.52,259354603.83,284125201.21,543479805.05,34706.63,2.41018247,0.00032530,0.01040969,0.00650605,0.83406321,0.84056926,988488460.21,14.1353
2859,7.8275,3.1800,3.1800,26038.60,56286864.70,4190387.75,259376957.56,284137546.49,543514504.05,34699.01,2.40965324,0.00032519,0.01040601,0.00650376,0.83397890,0.84048265,988521159.22,14.1317
2860,7.8303,3.1805,3.1805,26088.10,56296024.44,4190618.97,259399304.22,284149891.22,543549195.44,34691.39,2.40912416,0.00032507,0.01040233,0.00650146,0.83389459,0.84039605,988553850.60,14.1282
2861,7.8330,3.1809,3.1809,26137.69,56305185.41,4190850.19,259421643.80,284162235.41,543583879.21,34683.77,2.40859524,0.00032496,0.01039866,0.00649916,0.83381029,0.84030945,988586534.38,14.1247
2862,7.8357,3.1813,3.1813,26187.37,56314347.61,4191081.41,259443976.32,284174579.05,543618555.37,34676.16,2.40806648,0.00032484,0.01039499,0.00649687,0.83372598,0.84022285,988619210.53,14.1211
2863,7.8385,3.1817,3.1817,26237.15,56323511.03,4191312.62,259466301.77,284186922.14,543653223.92,34668.55,2.40753788,0.00032473,0.01039132,0.00649457,0.83364168,0.84013626,988651879.08,14.1176
2864,7.8412,3.1822,3.1822,26287.02,56332675.67,4191543.82,259488620.16,284199264.69,543687884.85,34660.94,2.40700945,0.00032461,0.01038765,0.00649228,0.83355738,0.84004966,988684540.01,14.1141
2865,7.8439,3.1826,3.1826,26336.99,56341841.54,4191775.03,259510931.48,284211606.70,543722538.18,34653.33,2.40648117,0.00032450,0.01038398,0.00648999,0.83347309,0.83996307,988717193.34,14.1105
2866,7.8467,3.1830,3.1830,26387.05,56351008.64,4192006.22,259533235.75,284223948.16,543757183.90,34645.72,2.40595305,0.00032438,0.01038031,0.00648770,0.83338879,0.83987649,988749839.07,14.1070
2867,7.8494,3.1834,3.1834,26437.21,56360176.96,4192237.42,259555532.95,284236289.07,543791822.03,34638.12,2.40542509,0.00032427,0.01037665,0.00648541,0.83330450,0.83978990,988782477.19,14.1035
2868,7.8522,3.1839,3.1839,26487.46,56369346.51,4192468.60,259577823.10,284248629.44,543826452.55,34630.52,2.40489729,0.00032416,0.01037298,0.00648312,0.83322021,0.83970332,988815107.71,14.1000
2869,7.8549,3.1843,3.1843,26537.81,56378517.28,4192699.79,259600106.20,284260969.27,543861075.47,34622.92,2.40436965,0.00032404,0.01036932,0.00648083,0.83313592,0.83961674,988847730.63,14.0964
2870,7.8576,3.1847,3.1847,26588.25,56387689.28,4192930.97,259622382.25,284273308.55,543895690.80,34615.33,2.40384217,0.00032393,0.01036566,0.00647854,0.83305163,0.83953017,988880345.96,14.0929
2871,7.8604,3.1851,3.1851,26638.79,56396862.50,4193162.14,259644651.25,284285647.28,543930298.53,34607.73,2.40331485,0.00032381,0.01036200,0.00647625,0.83296734,0.83944360,988912953.69,14.0894
2872,7.8631,3.1856,3.1856,26689.43,56406036.95,4193393.32,259666913.20,284297985.47,543964898.67,34600.14,2.40278769,0.00032370,0.01035835,0.00647397,0.83288306,0.83935703,988945553.84,14.0859
2873,7.8658,3.1860,3.1860,26740.16,56415212.63,4193624.48,259689168.11,284310323.12,543999491.23,34592.55,2.40226069,0.00032358,0.01035469,0.00647168,0.83279878,0.83927046,988978146.39,14.0824
2874,7.8686,3.1864,3.1864,26790.99,56424389.53,4193855.64,259711415.98,284322660.22,544034076.19,34584.97,2.40173384,0.00032347,0.01035103,0.00646940,0.83271450,0.83918390,989010731.36,14.0788
2875,7.8713,3.1869,3.1869,26841.92,56433567.66,4194086.80,259733656.80,284334996.77,544068653.58,34577.38,2.40120716,0.00032336,0.01034738,0.00646711,0.83263022,0.83909733,989043308.74,14.0753
2876,7.8741,3.1873,3.1873,26892.94,56442747.02,4194317.96,259755890.59,284347332.79,544103223.38,34569.80,2.40068064,0.00032324,0.01034373,0.00646483,0.83254595,0.83901078,989075878.54,14.0718
2877,7.8768,3.1877,3.1877,26944.06,56451927.61,4194549.11,259778117.35,284359668.25,544137785.60,34562.22,2.40015427,0.00032313,0.01034008,0.00646255,0.83246167,0.83892422,989108440.76,14.0683
2878,7.8795,3.1881,3.1881,26995.27,56461109.42,4194780.25,259800337.07,284372003.18,544172340.24,34554.64,2.39962806,0.00032301,0.01033643,0.00646027,0.83237740,0.83883767,989140995.41,14.0648
2879,7.8823,3.1886,3.1886,27046.59,56470292.46,4195011.39,259822549.76,284384337.55,544206887.31,34547.07,2.39910202,0.00032290,0.01033278,0.00645799,0.83229313,0.83875112,989173542.48,14.0613
2880,7.8850,3.1890,3.1890,27098.00,56479476.72,4195242.53,259844755.42,284396671.39,544241426.81,34539.50,2.39857613,0.00032279,0.01032914,0.00645571,0.83220886,0.83866457,989206081.97,14.0578
2881,7.8877,3.1894,3.1894,27149.51,56488662.22,4195473.66,259866954.06,284409004.68,544275958.74,34531.93,2.39805040,0.00032267,0.01032549,0.00645343,0.83212460,0.83857803,989238613.90,14.0542
2882,7.8905,3.1898,3.1898,27201.11,56497848.94,4195704.79,259889145.67,284421337.43,544310483.09,34524.36,2.39752483,0.00032256,0.01032185,0.00645116,0.83204033,0.83849149,989271138.26,14.0507
2883,7.8932,3.1903,3.1903,27252.82,56507036.89,4195935.91,259911330.26,284433669.63,544344999.88,34516.79,2.39699942,0.00032244,0.01031821,0.00644888,0.83195607,0.83840495,989303655.05,14.0472
2884,7.8960,3.1907,3.1907,27304.62,56516226.07,4196167.03,259933507.83,284446001.29,544379509.11,34509.23,2.39647417,0.00032233,0.01031457,0.00644661,0.83187181,0.83831842,989336164.28,14.0437
2885,7.8987,3.1911,3.1911,27356.52,56525416.48,4196398.15,259955678.38,284458332.40,544414010.78,34501.67,2.39594907,0.00032222,0.01031093,0.00644433,0.83178755,0.83823189,989368665.94,14.0402
2886,7.9014,3.1915,3.1915,27408.52,56534608.12,4196629.26,259977841.91,284470662.97,544448504.89,34494.11,2.39542414,0.00032210,0.01030729,0.00644206,0.83170330,0.83814536,989401160.05,14.0367
2887,7.9042,3.1920,3.1920,27460.62,56543800.98,4196860.36,259999998.44,284482993.00,544482991.44,34486.55,2.39489936,0.00032199,0.01030366,0.00643979,0.83161904,0.83805883,989433646.60,14.0332
2888,7.9069,3.1924,3.1924,27512.82,56552995.07,4197091.47,260022147.95,284495322.48,544517470.43,34479.00,2.39437474,0.00032188,0.01030002,0.00643752,0.83153479,0.83797231,989466125.60,14.0297
2889,7.9097,3.1928,3.1928,27565.12,56562190.40,4197322.56,260044290.46,284507651.42,544551941.88,34471.44,2.39385028,0.00032176,0.01029639,0.00643525,0.83145054,0.83788579,989498597.04,14.0262
2890,7.9124,3.1932,3.1932,27617.51,56571386.95,4197553.66,260066425.95,284519979.82,544586405.77,34463.89,2.39332598,0.00032165,0.01029276,0.00643298,0.83136629,0.83779927,989531060.93,14.0227
2891,7.9151,3.1937,3.1937,27670.01,56580584.73,4197784.74,260088554.45,284532307.67,544620862.12,34456.35,2.39280184,0.00032154,0.01028913,0.00643071,0.83128205,0.83771275,989563517.28,14.0192
2892,7.9179,3.1941,3.1941,27722.61,56589783.74,4198015.83,260110675.94,284544634.98,544655310.92,34448.80,2.39227786,0.00032142,0.01028550,0.00642844,0.83119780,0.83762624,989595966.08,14.0157
2893,7.9206,3.1945,3.1945,27775.30,56598983.98,4198246.91,260132790.43,284556961.75,544689752.18,34441.26,2.39175403,0.00032131,0.01028188,0.00642617,0.83111356,0.83753973,989628407.34,14.0122
2894,7.9233,3.1950,3.1950,27828.10,56608185.45,4198477.99,260154897.93,284569287.97,544724185.90,34433.72,2.39123037,0.00032120,0.01027825,0.00642391,0.83102932,0.83745323,989660841.06,14.0087
2895,7.9261,3.1954,3.1954,27881.00,56617388.15,4198709.06,260176998.43,284581613.65,544758612.07,34426.18,2.39070686,0.00032108,0.01027463,0.00642164,0.83094508,0.83736673,989693267.24,14.0052
2896,7.9288,3.1958,3.1958,27933.99,56626592.08,4198940.13,260199091.93,284593938.78,544793030.72,34418.64,2.39018351,0.00032097,0.01027101,0.00641938,0.83086085,0.83728023,989725685.88,14.0018
2897,7.9316,3.1962,3.1962,27987.09,56635797.24,4199171.19,260221178.45,284606263.38,544827441.82,34411.11,2.38966031,0.00032086,0.01026738,0.00641712,0.83077661,0.83719373,989758096.99,13.9983
2898,7.9343,3.1967,3.1967,28040.29,56645003.64,4199402.25,260243257.98,284618587.43,544861845.40,34403.58,2.38913728,0.00032074,0.01026377,0.00641485,0.83069238,0.83710724,989790500.56,13.9948
2899,7.9370,3.1971,3.1971,28093.59,56654211.26,4199633.30,260265330.52,284630910.93,544896241.45,34396.05,2.38861440,0.00032063,0.01026015,0.00641259,0.83060815,0.83702074,989822896.61,13.9913
2900,7.9398,3.1975,3.1975,28146.99,56663420.11,4199864.35,260287396.07,284643233.90,544930629.97,34388.52,2.38809169,0.00032052,0.01025653,0.00641033,0.83052392,0.83693426,989855285.13,13.9878
2901,7.9425,3.1979,3.1979,28200.50,56672630.20,4200095.40,260309454.65,284655556.32,544965010.96,34381.00,2.38756913,0.00032040,0.01025292,0.00640807,0.83043970,0.83684777,989887666.13,13.9843
2902,7.9452,3.1984,3.1984,28254.10,56681841.51,4200326.44,260331506.24,284667878.20,544999384.44,34373.47,2.38704672,0.00032029,0.01024930,0.00640581,0.83035547,0.83676129,989920039.60,13.9808
2903,7.9480,3.1988,3.1988,28307.81,56691054.06,4200557.48,260353550.86,284680199.53,545033750.39,34365.95,2.38652448,0.00032018,0.01024569,0.00640356,0.83027125,0.83667481,989952405.55,13.9773
2904,7.9507,3.1992,3.1992,28361.61,56700267.84,4200788.51,260375588.50,284692520.33,545068108.82,34358.43,2.38600239,0.00032007,0.01024208,0.00640130,0.83018703,0.83658833,989984763.99,13.9739
2905,7.9535,3.1997,3.1997,28415.53,56709482.85,4201019.54,260397619.17,284704840.58,545102459.74,34350.92,2.38548046,0.00031995,0.01023847,0.00639904,0.83010281,0.83650186,990017114.91,13.9704
2906,7.9562,3.2001,3.2001,28469.54,56718699.09,4201250.56,260419642.86,284717160.28,545136803.15,34343.41,2.38495869,0.00031984,0.01023486,0.00639679,0.83001860,0.83641539,990049458.31,13.9669
2907,7.9589,3.2005,3.2005,28523.65,56727916.56,4201481.58,260441659.59,284729479.45,545171139.04,34335.89,2.38443708,0.00031973,0.01023126,0.00639454,0.82993439,0.83632892,990081794.21,13.9634
2908,7.9617,3.2009,3.2009,28577.87,56737135.27,4201712.60,260463669.36,284741798.07,545205467.43,34328.38,2.38391562,0.00031961,0.01022765,0.00639228,0.82985017,0.83624246,990114122.59,13.9600
2909,7.9644,3.2014,3.2014,28632.20,56746355.21,4201943.61,260485672.15,284754116.15,545239788.31,34320.88,2.38339432,0.00031950,0.01022405,0.00639003,0.82976596,0.83615599,990146443.47,13.9565
2910,7.9671,3.2018,3.2018,28686.62,56755576.38,4202174.62,260507667.99,284766433.69,545274101.68,34313.37,2.38287318,0.00031939,0.01022045,0.00638778,0.82968176,0.83606954,990178756.84,13.9530
2911,7.9699,3.2022,3.2022,28741.15,56764798.78,4202405.62,260529656.86,284778750.69,545308407.55,34305.87,2.38235220,0.00031928,0.01021685,0.00638553,0.82959755,0.83598308,990211062.71,13.9495
2912,7.9726,3.2027,3.2027,28795.78,56774022.42,4202636.62,260551638.78,284791067.14,545342705.92,34298.37,2.38183137,0.00031916,0.01021325,0.00638328,0.82951335,0.83589663,990243361.09,13.9461
2913,7.9754,3.2031,3.2031,28850.52,56783247.29,4202867.61,260573613.74,284803383.05,545376996.80,34290.87,2.38131071,0.00031905,0.01020965,0.00638103,0.82942915,0.83581018,990275651.96,13.9426
2914,7.9781,3.2035,3.2035,28905.36,56792473.39,4203098.60,260595581.75,284815698.42,545411280.18,34283.38,2.38079020,0.00031894,0.01020605,0.00637878,0.82934495,0.83572373,990307935.34,13.9391
2915,7.9808,3.2039,3.2039,28960.30,56801700.73,4203329.59,260617542.81,284828013.25,545445556.06,34275.89,2.38026984,0.00031883,0.01020246,0.00637654,0.82926075,0.83563729,990340211.22,13.9357
2916,7.9836,3.2044,3.2044,29015.35,56810929.30,4203560.57,260639496.92,284840327.54,545479824.46,34268.39,2.37974964,0.00031871,0.01019887,0.00637429,0.82917655,0.83555085,990372479.62,13.9322
2917,7.9863,3.2048,3.2048,29070.50,56820159.10,4203791.54,260661444.08,284852641.28,545514085.36,34260.91,2.37922961,0.00031860,0.01019528,0.00637205,0.82909236,0.83546441,990404740.53,13.9287
2918,7.9890,3.2052,3.2052,29125.76,56829390.14,4204022.52,260683384.30,284864954.48,545548338.78,34253.42,2.37870972,0.00031849,0.01019169,0.00636980,0.82900817,0.83537797,990436993.95,13.9253
2919,7.9918,3.2056,3.2056,29181.13,56838622.41,4204253.49,260705317.57,284877267.15,545582584.72,34245.94,2.37819000,0.00031838,0.01018810,0.00636756,0.82892398,0.83529154,990469239.88,13.9218
2920,7.9945,3.2061,3.2061,29236.59,56847855.92,4204484.45,260727243.91,284889579.27,545616823.17,34238.45,2.37767043,0.00031827,0.01018451,0.00636532,0.82883979,0.83520511,990501478.34,13.9183
2921,7.9973,3.2065,3.2065,29292.17,56857090.66,4204715.41,260749163.30,284901890.84,545651054.15,34230.97,2.37715102,0.00031815,0.01018092,0.00636308,0.82875561,0.83511869,990533709.31,13.9149
2922,8.0000,3.2069,3.2069,29347.85,56866326.63,4204946.36,260771075.77,284914201.88,545685277.64,34223.50,2.37663176,0.00031804,0.01017734,0.00636084,0.82867143,0.83503226,990565932.81,13.9114
2923,8.0027,3.2074,3.2074,29403.63,56875563.84,4205177.32,260792981.29,284926512.37,545719493.67,34216.02,2.37611267,0.00031793,0.01017376,0.00635860,0.82858725,0.83494584,990598148.83,13.9080
2924,8.0055,3.2078,3.2078,29459.53,56884802.28,4205408.26,260814879.89,284938822.33,545753702.22,34208.55,2.37559373,0.00031782,0.01017017,0.00635636,0.82850307,0.83485943,990630357.38,13.9045
2925,8.0082,3.2082,3.2082,29515.52,56894041.96,4205639.21,260836771.56,284951131.74,545787903.30,34201.08,2.37507494,0.00031771,0.01016659,0.00635412,0.82841889,0.83477301,990662558.46,13.9010
2926,8.0110,3.2087,3.2087,29571.63,56903282.88,4205870.14,260858656.30,284963440.61,545822096.91,34193.61,2.37455632,0.00031759,0.01016302,0.00635188,0.82833472,0.83468660,990694752.07,13.8976
2927,8.0137,3.2091,3.2091,29627.84,56912525.03,4206101.08,260880534.11,284975748.94,545856283.05,34186.14,2.37403785,0.00031748,0.01015944,0.00634965,0.82825054,0.83460019,990726938.21,13.8941
2928,8.0164,3.2095,3.2095,29684.16,56921768.41,4206332.01,260902405.00,284988056.73,545890461.73,34178.68,2.37351953,0.00031737,0.01015586,0.00634741,0.82816637,0.83451379,990759116.90,13.8907
2929,8.0192,3.2099,3.2099,29740.58,56931013.03,4206562.93,260924268.98,285000363.98,545924632.95,34171.22,2.37300137,0.00031726,0.01015229,0.00634518,0.82808220,0.83442738,990791288.12,13.8872
2930,8.0219,3.2104,3.2104,29797.11,56940258.89,4206793.85,260946126.03,285012670.68,545958796.71,34163.76,2.37248337,0.00031715,0.01014872,0.00634295,0.82799804,0.83434099,990823451.88,13.8838
2931,8.0246,3.2108,3.2108,29853.75,56949505.98,4207024.77,260967976.17,285024976.85,545992953.02,34156.30,2.37196553,0.00031704,0.01014514,0.00634072,0.82791387,0.83425459,990855608.18,13.8803
2932,8.0274,3.2112,3.2112,29910.50,56958754.31,4207255.68,260989819.39,285037282.47,546027101.87,34148.85,2.37144784,0.00031692,0.01014157,0.00633848,0.82782971,0.83416820,990887757.03,13.8769
2933,8.0301,3.2117,3.2117,29967.35,56968003.87,4207486.59,261011655.70,285049587.56,546061243.26,34141.40,2.37093031,0.00031681,0.01013801,0.00633625,0.82774555,0.83408181,990919898.43,13.8734
2934,8.0329,3.2121,3.2121,30024.32,56977254.68,4207717.49,261033485.11,285061892.10,546095377.21,34133.95,2.37041294,0.00031670,0.01013444,0.00633402,0.82766139,0.83399542,990952032.37,13.8700
2935,8.0356,3.2125,3.2125,30081.39,56986506.71,4207948.39,261055307.60,285074196.10,546129503.71,34126.50,2.36989572,0.00031659,0.01013087,0.00633180,0.82757724,0.83390904,990984158.87,13.8666
2936,8.0383,3.2129,3.2129,30138.57,56995759.99,4208179.29,261077123.19,285086499.57,546163622.76,34119.05,2.36937865,0.00031648,0.01012731,0.00632957,0.82749309,0.83382265,991016277.92,13.8631
2937,8.0411,3.2134,3.2134,30195.86,57005014.50,4208410.18,261098931.88,285098802.49,546197734.37,34111.61,2.36886175,0.00031637,0.01012375,0.00632734,0.82740893,0.83373628,991048389.53,13.8597
2938,8.0438,3.2138,3.2138,30253.25,57014270.25,4208641.07,261120733.67,285111104.87,546231838.54,34104.17,2.36834500,0.00031626,0.01012019,0.00632512,0.82732478,0.83364990,991080493.70,13.8562
2939,8.0465,3.2142,3.2142,30310.76,57023527.24,4208871.95,261142528.56,285123406.71,546265935.27,34096.73,2.36782840,0.00031614,0.01011663,0.00632289,0.82724064,0.83356353,991112590.43,13.8528
2940,8.0493,3.2147,3.2147,30368.38,57032785.46,4209102.83,261164316.55,285135708.01,546300024.56,34089.29,2.36731197,0.00031603,0.01011307,0.00632067,0.82715649,0.83347716,991144679.72,13.8494
2941,8.0520,3.2151,3.2151,30426.10,57042044.92,4209333.70,261186097.65,285148008.77,546334106.42,34081.86,2.36679569,0.00031592,0.01010951,0.00631844,0.82707235,0.83339079,991176761.58,13.8459
2942,8.0548,3.2155,3.2155,30483.94,57051305.62,4209564.57,261207871.85,285160308.99,546368180.84,34074.43,2.36627956,0.00031581,0.01010595,0.00631622,0.82698821,0.83330443,991208836.00,13.8425
2943,8.0575,3.2160,3.2160,30541.88,57060567.56,4209795.44,261229639.17,285172608.67,546402247.84,34067.00,2.36576359,0.00031570,0.01010240,0.00631400,0.82690407,0.83321807,991240903.00,13.8390
2944,8.0602,3.2164,3.2164,30599.94,57069830.73,4210026.30,261251399.59,285184907.81,546436307.41,34059.57,2.36524778,0.00031559,0.01009885,0.00631178,0.82681993,0.83313171,991272962.57,13.8356
2945,8.0630,3.2168,3.2168,30658.10,57079095.15,4210257.16,261273153.14,285197206.41,546470359.55,34052.14,2.36473212,0.00031548,0.01009530,0.00630956,0.82673580,0.83304536,991305014.71,13.8322
2946,8.0657,3.2172,3.2172,30716.38,57088360.80,4210488.01,261294899.80,285209504.47,546504404.27,34044.72,2.36421661,0.00031537,0.01009175,0.00630734,0.82665167,0.83295901,991337059.43,13.8288
2947,8.0684,3.2177,3.2177,30774.77,57097627.69,4210718.86,261316639.58,285221801.99,546538441.57,34037.30,2.36370127,0.00031526,0.01008820,0.00630512,0.82656754,0.83287266,991369096.73,13.8253
2948,8.0712,3.2181,3.2181,30833.26,57106895.82,4210949.70,261338372.47,285234098.97,546572471.45,34029.88,2.36318608,0.00031515,0.01008465,0.00630291,0.82648341,0.83278632,991401126.61,13.8219
2949,8.0739,3.2185,3.2185,30891.87,57116165.19,4211180.54,261360098.50,285246395.41,546606493.91,34022.46,2.36267104,0.00031503,0.01008111,0.00630069,0.82639928,0.83269997,991433149.07,13.8185
2950,8.0767,3.2190,3.2190,30950.59,57125435.79,4211411.38,261381817.65,285258691.31,546640508.96,34015.05,2.36215616,0.00031492,0.01007756,0.00629848,0.82631516,0.83261364,991465164.12,13.8150
2951,8.0794,3.2194,3.2194,31009.43,57134707.64,4211642.21,261403529.92,285270986.67,546674516.59,34007.64,2.36164144,0.00031481,0.01007402,0.00629626,0.82623104,0.83252730,991497171.76,13.8116
2952,8.0821,3.2198,3.2198,31068.37,57143980.73,4211873.03,261425235.33,285283281.49,546708516.82,34000.23,2.36112687,0.00031470,0.01007048,0.00629405,0.82614692,0.83244097,991529171.98,13.8082
2953,8.0849,3.2203,3.2203,31127.43,57153255.05,4212103.86,261446933.86,285295575.78,546742509.64,33992.82,2.36061245,0.00031459,0.01006694,0.00629184,0.82606280,0.83235464,991561164.80,13.8048
2954,8.0876,3.2207,3.2207,31186.59,57162530.62,4212334.67,261468625.53,285307869.52,546776495.05,33985.41,2.36009819,0.00031448,0.01006340,0.00628962,0.82597869,0.83226831,991593150.22,13.8014
2955,8.0903,3.2211,3.2211,31245.87,57171807.43,4212565.49,261490310.34,285320162.72,546810473.06,33978.01,2.35958409,0.00031437,0.01005986,0.00628741,0.82589457,0.83218199,991625128.23,13.7979
2956,8.0931,3.2215,3.2215,31305.27,57181085.47,4212796.30,261511988.29,285332455.39,546844443.67,33970.61,2.35907014,0.00031426,0.01005633,0.00628520,0.82581046,0.83209567,991657098.84,13.7945
2957,8.0958,3.2220,3.2220,31364.77,57190364.76,4213027.10,261533659.38,285344747.51,546878406.89,33963.21,2.35855635,0.00031415,0.01005279,0.00628300,0.82572635,0.83200935,991689062.05,13.7911
2958,8.0986,3.2224,3.2224,31424.39,57199645.28,4213257.90,261555323.61,285357039.10,546912362.70,33955.82,2.35804271,0.00031404,0.01004926,0.00628079,0.82564225,0.83192303,991721017.86,13.7877
2959,8.1013,3.2228,3.2228,31484.13,57208927.05,4213488.70,261576980.98,285369330.14,546946311.12,33948.42,2.35752923,0.00031393,0.01004573,0.00627858,0.82555814,0.83183672,991752966.29,13.7843
2960,8.1040,3.2233,3.2233,31543.97,57218210.06,4213719.49,261598631.50,285381620.65,546980252.15,33941.03,2.35701591,0.00031382,0.01004220,0.00627637,0.82547404,0.83175042,991784907.31,13.7809
2961,8.1068,3.2237,3.2237,31603.93,57227494.31,4213950.28,261620275.17,285393910.62,547014185.79,33933.64,2.35650273,0.00031371,0.01003867,0.00627417,0.82538994,0.83166411,991816840.95,13.7774
2962,8.1095,3.2241,3.2241,31664.01,57236779.80,4214181.07,261641912.00,285406200.05,547048112.04,33926.25,2.35598972,0.00031360,0.01003514,0.00627197,0.82530584,0.83157781,991848767.21,13.7740
2963,8.1123,3.2246,3.2246,31724.19,57246066.53,4214411.85,261663541.97,285418488.94,547082030.91,33918.87,2.35547685,0.00031349,0.01003162,0.00626976,0.82522175,0.83149151,991880686.07,13.7706
2964,8.1150,3.2250,3.2250,31784.50,57255354.50,4214642.62,261685165.10,285430777.29,547115942.39,33911.48,2.35496415,0.00031338,0.01002809,0.00626756,0.82513765,0.83140521,991912597.56,13.7672
2965,8.1177,3.2254,3.2254,31844.91,57264643.72,4214873.39,261706781.39,285443065.10,547149846.50,33904.10,2.35445159,0.00031327,0.01002457,0.00626536,0.82505356,0.83131892,991944501.66,13.7638
2966,8.1205,3.2259,3.2259,31905.45,57273934.17,4215104.16,261728390.84,285455352.38,547183743.22,33896.72,2.35393920,0.00031316,0.01002105,0.00626316,0.82496947,0.83123263,991976398.38,13.7604
2967,8.1232,3.2263,3.2263,31966.09,57283225.87,4215334.92,261749993.46,285467639.11,547217632.57,33889.35,2.35342695,0.00031305,0.01001753,0.00626096,0.82488539,0.83114634,992008287.73,13.7570
2968,8.1259,3.2267,3.2267,32026.86,57292518.81,4215565.68,261771589.23,285479925.31,547251514.54,33881.97,2.35291487,0.00031294,0.01001401,0.00625876,0.82480130,0.83106006,992040169.71,13.7536
2969,8.1287,3.2271,3.2271,32087.73,57301813.00,4215796.44,261793178.18,285492210.97,547285389.14,33874.60,2.35240293,0.00031283,0.01001050,0.00625656,0.82471722,0.83097378,992072044.31,13.7502
2970,8.1314,3.2276,3.2276,32148.73,57311108.42,4216027.19,261814760.29,285504496.09,547319256.38,33867.23,2.35189115,0.00031272,0.01000698,0.00625436,0.82463314,0.83088750,992103911.54,13.7468
2971,8.1342,3.2280,3.2280,32209.84,57320405.09,4216257.93,261836335.57,285516780.67,547353116.24,33859.87,2.35137953,0.00031261,0.01000347,0.00625217,0.82454906,0.83080123,992135771.41,13.7434
2972,8.1369,3.2284,3.2284,32271.06,57329703.00,4216488.67,261857904.03,285529064.72,547386968.74,33852.50,2.35086806,0.00031250,0.00999995,0.00624997,0.82446498,0.83071496,992167623.91,13.7400
2973,8.1396,3.2289,3.2289,32332.40,57339002.15,4216719.41,261879465.66,285541348.22,547420813.88,33845.14,2.35035674,0.00031239,0.00999644,0.00624778,0.82438091,0.83062869,992199469.04,13.7366
2974,8.1424,3.2293,3.2293,32393.86,57348302.55,4216950.14,261901020.47,285553631.19,547454651.66,33837.78,2.34984558,0.00031228,0.00999293,0.00624558,0.82429684,0.83054242,992231306.82,13.7332
2975,8.1451,3.2297,3.2297,32455.44,57357604.19,4217180.87,261922568.46,285565913.62,547488482.07,33830.42,2.34933457,0.00031217,0.00998942,0.00624339,0.82421277,0.83045616,992263137.24,13.7298
2976,8.1478,3.2302,3.2302,32517.13,57366907.07,4217411.60,261944109.63,285578195.51,547522305.14,33823.06,2.34882372,0.00031206,0.00998592,0.00624120,0.82412870,0.83036990,992294960.30,13.7264
2977,8.1506,3.2306,3.2306,32578.94,57376211.20,4217642.32,261965643.98,285590476.86,547556120.84,33815.71,2.34831302,0.00031195,0.00998241,0.00623901,0.82404464,0.83028364,992326776.01,13.7230
2978,8.1533,3.2310,3.2310,32640.87,57385516.57,4217873.03,261987171.52,285602757.68,547589929.20,33808.36,2.34780248,0.00031184,0.00997891,0.00623682,0.82396058,0.83019739,992358584.36,13.7196
2979,8.1561,3.2315,3.2315,32702.91,57394823.18,4218103.75,262008692.25,285615037.95,547623730.20,33801.01,2.34729209,0.00031173,0.00997540,0.00623463,0.82387652,0.83011114,992390385.37,13.7162
2980,8.1588,3.2319,3.2319,32765.08,57404131.04,4218334.45,262030206.17,285627317.69,547657523.86,33793.66,2.34678185,0.00031162,0.00997190,0.00623244,0.82379246,0.83002490,992422179.03,13.7128
2981,8.1615,3.2323,3.2323,32827.36,57413440.15,4218565.16,262051713.28,285639596.90,547691310.18,33786.31,2.34627177,0.00031151,0.00996840,0.00623025,0.82370840,0.82993865,992453965.34,13.7094
2982,8.1643,3.2328,3.2328,32889.76,57422750.49,4218795.85,262073213.59,285651875.56,547725089.15,33778.97,2.34576184,0.00031140,0.00996490,0.00622806,0.82362435,0.82985241,992485744.31,13.7061
2983,8.1670,3.2332,3.2332,32952.27,57432062.09,4219026.55,262094707.09,285664153.69,547758860.78,33771.63,2.34525207,0.00031129,0.00996141,0.00622588,0.82354030,0.82976617,992517515.94,13.7027
2984,8.1697,3.2336,3.2336,33014.91,57441374.92,4219257.24,262116193.79,285676431.28,547792625.07,33764.29,2.34474245,0.00031118,0.00995791,0.00622369,0.82345625,0.82967994,992549280.23,13.6993
2985,8.1725,3.2341,3.2341,33077.67,57450689.01,4219487.93,262137673.69,285688708.33,547826382.02,33756.95,2.34423299,0.00031108,0.00995442,0.00622151,0.82337220,0.82959371,992581037.19,13.6959
2986,8.1752,3.2345,3.2345,33140.54,57460004.33,4219718.61,262159146.80,285700984.84,547860131.64,33749.62,2.34372367,0.00031097,0.00995092,0.00621933,0.82328815,0.82950748,992612786.81,13.6925
2987,8.1780,3.2349,3.2349,33203.54,57469320.90,4219949.29,262180613.11,285713260.82,547893873.93,33742.29,2.34321451,0.00031086,0.00994743,0.00621714,0.82320411,0.82942126,992644529.10,13.6891
2988,8.1807,3.2354,3.2354,33266.65,57478638.72,4220179.96,262202072.63,285725536.26,547927608.89,33734.96,2.34270551,0.00031075,0.00994394,0.00621496,0.82312007,0.82933504,992676264.06,13.6858
2989,8.1834,3.2358,3.2358,33329.89,57487957.79,4220410.63,262223525.36,285737811.16,547961336.52,33727.63,2.34219666,0.00031064,0.00994045,0.00621278,0.82303603,0.82924882,992707991.69,13.6824
2990,8.1862,3.2362,3.2362,33393.24,57497278.09,4220641.29,262244971.30,285750085.53,547995056.83,33720.31,2.34168796,0.00031053,0.00993697,0.00621060,0.82295200,0.82916260,992739711.99,13.6790
2991,8.1889,3.2367,3.2367,33456.72,57506599.65,4220871.95,262266410.46,285762359.36,548028769.82,33712.98,2.34117942,0.00031042,0.00993348,0.00620842,0.82286796,0.82907639,992771424.98,13.6756
2992,8.1916,3.2371,3.2371,33520.31,57515922.45,4221102.61,262287842.83,285774632.65,548062475.48,33705.66,2.34067103,0.00031031,0.00992999,0.00620625,0.82278393,0.82899018,992803130.64,13.6722
2993,8.1944,3.2375,3.2375,33584.03,57525246.50,4221333.26,262309268.42,285786905.40,548096173.82,33698.34,2.34016279,0.00031020,0.00992651,0.00620407,0.82269990,0.82890397,992834828.98,13.6689
2994,8.1971,3.2379,3.2379,33647.87,57534571.79,4221563.91,262330687.23,285799177.62,548129864.85,33691.03,2.33965471,0.00031009,0.00992303,0.00620189,0.82261588,0.82881777,992866520.01,13.6655
2995,8.1999,3.2384,3.2384,33711.83,57543898.33,4221794.55,262352099.26,285811449.30,548163548.56,33683.71,2.33914678,0.00030999,0.00991955,0.00619972,0.82253185,0.82873157,992898203.73,13.6621
2996,8.2026,3.2388,3.2388,33775.91,57553226.12,4222025.19,262373504.52,285823720.45,548197224.97,33676.40,2.33863900,0.00030988,0.00991607,0.00619754,0.82244783,0.82864537,992929880.13,13.6588
2997,8.2053,3.2392,3.2392,33840.11,57562555.15,4222255.83,262394903.00,285835991.05,548230894.06,33669.09,2.33813138,0.00030977,0.00991259,0.00619537,0.82236381,0.82855918,992961549.22,13.6554
2998,8.2081,3.2397,3.2397,33904.43,57571885.44,4222486.46,262416294.72,285848261.12,548264555.84,33661.78,2.33762391,0.00030966,0.00990912,0.00619320,0.82227979,0.82847299,992993211.00,13.6520
2999,8.2108,3.2401,3.2401,33968.88,57581216.96,4222717.09,262437679.66,285860530.66,548298210.32,33654.48,2.33711659,0.00030955,0.00990564,0.00619103,0.82219578,0.82838680,993024865.48,13.6487
3000,8.2136,3.2405,3.2405,34033.45,57590549.74,4222947.71,262459057.84,285872799.66,548331857.50,33647.18,2.33660943,0.00030944,0.00990217,0.00618886,0.82211176,0.82830062,993056512.66,13.6453
3001,8.2163,3.2410,3.2410,34098.14,57599883.76,4223178.33,262480429.25,285885068.12,548365497.37,33639.87,2.33610242,0.00030933,0.00989870,0.00618669,0.82202775,0.82821444,993088152.53,13.6419
3002,8.2190,3.2414,3.2414,34162.96,57609219.03,4223408.94,262501793.90,285897336.04,548399129.95,33632.58,2.33559556,0.00030923,0.00989523,0.00618452,0.82194374,0.82812826,993119785.11,13.6386
3003,8.2218,3.2418,3.2418,34227.89,57618555.55,4223639.55,262523151.80,285909603.43,548432755.23,33625.28,2.33508885,0.00030912,0.00989176,0.00618235,0.82185974,0.82804209,993151410.39,13.6352
3004,8.2245,3.2423,3.2423,34292.96,57627893.32,4223870.16,262544502.93,285921870.28,548466373.21,33617.99,2.33458230,0.00030901,0.00988829,0.00618018,0.82177573,0.82795591,993183028.37,13.6318
3005,8.2272,3.2427,3.2427,34358.14,57637232.34,4224100.76,262565847.31,285934136.60,548499983.90,33610.69,2.33407590,0.00030890,0.00988482,0.00617801,0.82169173,0.82786975,993214639.07,13.6285
3006,8.2300,3.2431,3.2431,34423.45,57646572.60,4224331.36,262587184.93,285946402.38,548533587.31,33603.40,2.33356966,0.00030879,0.00988136,0.00617585,0.82160773,0.82778358,993246242.47,13.6251
3007,8.2327,3.2436,3.2436,34488.88,57655914.11,4224561.95,262608515.80,285958667.62,548567183.42,33596.12,2.33306356,0.00030868,0.00987790,0.00617368,0.82152373,0.82769742,993277838.59,13.6218
3008,8.2355,3.2440,3.2440,34554.44,57665256.88,4224792.54,262629839.92,285970932.33,548600772.25,33588.83,2.33255762,0.00030858,0.00987443,0.00617152,0.82143974,0.82761126,993309427.42,13.6184
3009,8.2382,3.2444,3.2444,34620.12,57674600.89,4225023.12,262651157.30,285983196.50,548634353.80,33581.55,2.33205184,0.00030847,0.00987097,0.00616936,0.82135575,0.82752510,993341008.96,13.6150
3010,8.2409,3.2449,3.2449,34685.93,57683946.15,4225253.70,262672467.93,285995460.14,548667928.06,33574.27,2.33154620,0.00030836,0.00986751,0.00616720,0.82127176,0.82743895,993372583.23,13.6117
3011,8.2437,3.2453,3.2453,34751.86,57693292.66,4225484.28,262693771.81,286007723.24,548701495.05,33566.99,2.33104072,0.00030825,0.00986406,0.00616503,0.82118777,0.82735280,993404150.21,13.6083
3012,8.2464,3.2457,3.2457,34817.92,57702640.41,4225714.85,262715068.96,286019985.80,548735054.76,33559.71,2.33053539,0.00030814,0.00986060,0.00616287,0.82110378,0.82726666,993435709.92,13.6050
3013,8.2491,3.2462,3.2462,34884.10,57711989.42,4225945.42,262736359.36,286032247.83,548768607.20,33552.44,2.33003021,0.00030804,0.00985714,0.00616071,0.82101980,0.82718051,993467262.36,13.6016
3014,8.2519,3.2466,3.2466,34950.41,57721339.68,4226175.98,262757643.03,286044509.33,548802152.36,33545.16,2.32952519,0.00030793,0.00985369,0.00615856,0.82093582,0.82709437,993498807.52,13.5983
3015,8.2546,3.2471,3.2471,35016.85,57730691.19,4226406.54,262778919.97,286056770.28,548835690.25,33537.89,2.32902032,0.00030782,0.00985024,0.00615640,0.82085184,0.82700824,993530345.41,13.5949
3016,8.2574,3.2475,3.2475,35083.41,57740043.95,4226637.09,262800190.17,286069030.71,548869220.88,33530.62,2.32851560,0.00030771,0.00984679,0.00615424,0.82076786,0.82692210,993561876.04,13.5916
3017,8.2601,3.2479,3.2479,35150.10,57749397.95,4226867.64,262821453.64,286081290.59,548902744.23,33523.36,2.32801103,0.00030760,0.00984334,0.00615209,0.82068389,0.82683597,993593399.40,13.5882
3018,8.2628,3.2484,3.2484,35216.91,57758753.21,4227098.19,262842710.38,286093549.95,548936260.33,33516.10,2.32750661,0.00030750,0.00983989,0.00614993,0.82059992,0.82674985,993624915.49,13.5849
3019,8.2656,3.2488,3.2488,35283.85,57768109.72,4227328.73,262863960.40,286105808.76,548969769.16,33508.83,2.32700235,0.00030739,0.00983644,0.00614778,0.82051595,0.82666372,993656424.33,13.5816
3020,8.2683,3.2492,3.2492,35350.92,57777467.48,4227559.27,262885203.70,286118067.04,549003270.74,33501.57,2.32649824,0.00030728,0.00983300,0.00614562,0.82043198,0.82657760,993687925.90,13.5782
3021,8.2710,3.2497,3.2497,35418.12,57786826.49,4227789.80,262906440.27,286130324.79,549036765.06,33494.32,2.32599428,0.00030717,0.00982955,0.00614347,0.82034801,0.82649148,993719420.22,13.5749
3022,8.2738,3.2501,3.2501,35485.44,57796186.75,4228020.33,262927670.12,286142582.00,549070252.12,33487.06,2.32549047,0.00030707,0.00982611,0.00614132,0.82026405,0.82640537,993750907.28,13.5715
3023,8.2765,3.2505,3.2505,35552.90,57805548.27,4228250.86,262948893.25,286154838.67,549103731.93,33479.81,2.32498682,0.00030696,0.00982267,0.00613917,0.82018009,0.82631926,993782387.09,13.5682
3024,8.2793,3.2510,3.2510,35620.48,57814911.03,4228481.38,262970109.67,286167094.82,549137204.49,33472.56,2.32448332,0.00030685,0.00981923,0.00613702,0.82009613,0.82623315,993813859.65,13.5649
3025,8.2820,3.2514,3.2514,35688.18,57824275.05,4228711.90,262991319.38,286179350.42,549170669.80,33465.31,2.32397996,0.00030674,0.00981579,0.00613487,0.82001218,0.82614705,993845324.96,13.5615
3026,8.2847,3.2518,3.2518,35756.02,57833640.32,4228942.41,263012522.37,286191605.49,549204127.87,33458.07,2.32347677,0.00030664,0.00981235,0.00613272,0.81992822,0.82606094,993876783.03,13.5582
3027,8.2875,3.2523,3.2523,35823.99,57843006.84,4229172.92,263033718.66,286203860.03,549237578.69,33450.82,2.32297372,0.00030653,0.00980892,0.00613057,0.81984427,0.82597485,993908233.85,13.5548
3028,8.2902,3.2527,3.2527,35892.08,57852374.61,4229403.42,263054908.24,286216114.03,549271022.27,33443.58,2.32247082,0.00030642,0.00980548,0.00612843,0.81976032,0.82588875,993939677.43,13.5515
3029,8.2930,3.2531,3.2531,35960.31,57861743.63,4229633.92,263076091.11,286228367.50,549304458.61,33436.34,2.32196808,0.00030631,0.00980205,0.00612628,0.81967638,0.82580266,993971113.77,13.5482
3030,8.2957,3.2536,3.2536,36028.66,57871113.91,4229864.42,263097267.28,286240620.43,549337887.71,33429.10,2.32146549,0.00030621,0.00979862,0.00612414,0.81959243,0.82571657,994002542.87,13.5448
3031,8.2984,3.2540,3.2540,36097.15,57880485.44,4230094.91,263118436.75,286252872.83,549371309.58,33421.87,2.32096305,0.00030610,0.00979519,0.00612199,0.81950849,0.82563048,994033964.74,13.5415
3032,8.3012,3.2544,3.2544,36165.76,57889858.22,4230325.40,263139599.52,286265124.69,549404724.21,33414.63,2.32046076,0.00030599,0.00979176,0.00611985,0.81942455,0.82554440,994065379.38,13.5382
3033,8.3039,3.2549,3.2549,36234.51,57899232.26,4230555.88,263160755.60,286277376.02,549438131.62,33407.40,2.31995862,0.00030589,0.00978833,0.00611771,0.81934061,0.82545832,994096786.78,13.5349
3034,8.3066,3.2553,3.2553,36303.38,57908607.55,4230786.36,263181904.98,286289626.81,549471531.79,33400.18,2.31945664,0.00030578,0.00978491,0.00611557,0.81925668,0.82537225,994128186.96,13.5315
3035,8.3094,3.2557,3.2557,36372.39,57917984.09,4231016.83,263203047.67,286301877.07,549504924.74,33392.95,2.31895480,0.00030567,0.00978148,0.00611343,0.81917275,0.82528617,994159579.90,13.5282
3036,8.3121,3.2562,3.2562,36441.53,57927361.88,4231247.30,263224183.67,286314126.80,549538310.47,33385.72,2.31845312,0.00030556,0.00977806,0.00611129,0.81908882,0.82520010,994190965.63,13.5249
3037,8.3149,3.2566,3.2566,36510.80,57936740.93,4231477.77,263245312.98,286326375.99,549571688.97,33378.50,2.31795159,0.00030546,0.00977464,0.00610915,0.81900489,0.82511404,994222344.13,13.5216
3038,8.3176,3.2570,3.2570,36580.20,57946121.24,4231708.23,263266435.60,286338624.65,549605060.25,33371.28,2.31745021,0.00030535,0.00977122,0.00610701,0.81892097,0.82502798,994253715.42,13.5182
3039,8.3203,3.2575,3.2575,36649.73,57955502.79,4231938.69,263287551.55,286350872.77,549638424.32,33364.07,2.31694898,0.00030524,0.00976780,0.00610487,0.81883704,0.82494192,994285079.48,13.5149
3040,8.3231,3.2579,3.2579,36719.40,57964885.60,4232169.14,263308660.81,286363120.36,549671781.17,33356.85,2.31644791,0.00030514,0.00976438,0.00610274,0.81875312,0.82485586,994316436.33,13.5116
3041,8.3258,3.2584,3.2584,36789.20,57974269.67,4232399.59,263329763.39,286375367.42,549705130.80,33349.64,2.31594698,0.00030503,0.00976096,0.00610060,0.81866920,0.82476981,994347785.97,13.5083
3042,8.3285,3.2588,3.2588,36859.13,57983654.99,4232630.04,263350859.29,286387613.94,549738473.23,33342.43,2.31544621,0.00030492,0.00975755,0.00609847,0.81858529,0.82468376,994379128.39,13.5050
3043,8.3313,3.2592,3.2592,36929.19,57993041.56,4232860.48,263371948.52,286399859.93,549771808.45,33335.22,2.31494558,0.00030482,0.00975413,0.00609633,0.81850138,0.82459771,994410463.61,13.5017
3044,8.3340,3.2597,3.2597,36999.39,58002429.39,4233090.91,263393031.07,286412105.38,549805136.46,33328.01,2.31444511,0.00030471,0.00975072,0.00609420,0.81841746,0.82451167,994441791.62,13.4983
3045,8.3368,3.2601,3.2601,37069.72,58011818.47,4233321.35,263414106.96,286424350.30,549838457.26,33320.80,2.31394479,0.00030460,0.00974731,0.00609207,0.81833356,0.82442563,994473112.42,13.4950
3046,8.3395,3.2605,3.2605,37140.18,58021208.81,4233551.78,263435176.17,286436594.69,549871770.86,33313.60,2.31344462,0.00030450,0.00974390,0.00608994,0.81824965,0.82433959,994504426.03,13.4917
3047,8.3422,3.2610,3.2610,37210.78,58030600.41,4233782.20,263456238.72,286448838.54,549905077.27,33306.40,2.31294460,0.00030439,0.00974049,0.00608781,0.81816575,0.82425355,994535732.43,13.4884
3048,8.3450,3.2614,3.2614,37281.51,58039993.26,4234012.62,263477294.61,286461081.86,549938376.47,33299.20,2.31244473,0.00030428,0.00973709,0.00608568,0.81808184,0.82416752,994567031.63,13.4851
3049,8.3477,3.2618,3.2618,37352.37,58049387.36,4234243.03,263498343.83,286473324.65,549971668.48,33292.01,2.31194501,0.00030418,0.00973368,0.00608355,0.81799795,0.82408150,994598323.64,13.4818
3050,8.3504,3.2623,3.2623,37423.37,58058782.72,4234473.45,263519386.39,286485566.90,550004953.29,33284.81,2.31144544,0.00030407,0.00973028,0.00608142,0.81791405,0.82399547,994629608.45,13.4785
3051,8.3532,3.2627,3.2627,37494.51,58068179.34,4234703.85,263540422.29,286497808.62,550038230.91,33277.62,2.31094603,0.00030396,0.00972687,0.00607930,0.81783015,0.82390945,994660886.08,13.4752
3052,8.3559,3.2632,3.2632,37565.78,58077577.22,4234934.26,263561451.54,286510049.81,550071501.35,33270.43,2.31044676,0.00030386,0.00972347,0.00607717,0.81774626,0.82382343,994692156.51,13.4719
3053,8.3587,3.2636,3.2636,37637.19,58086976.35,4235164.66,263582474.13,286522290.46,550104764.59,33263.25,2.30994764,0.00030375,0.00972007,0.00607505,0.81766237,0.82373742,994723419.76,13.4686
3054,8.3614,3.2640,3.2640,37708.73,58096376.73,4235395.05,263603490.07,286534530.58,550138020.65,33256.06,2.30944868,0.00030365,0.00971668,0.00607292,0.81757849,0.82365141,994754675.82,13.4653
3055,8.3641,3.2645,3.2645,37780.41,58105778.37,4235625.44,263624499.36,286546770.17,550171269.53,33248.88,2.30894986,0.00030354,0.00971328,0.00607080,0.81749460,0.82356540,994785924.70,13.4619
3056,8.3669,3.2649,3.2649,37852.22,58115181.27,4235855.83,263645502.00,286559009.23,550204511.23,33241.70,2.30845120,0.00030343,0.00970988,0.00606868,0.81741072,0.82347940,994817166.39,13.4586
3057,8.3696,3.2653,3.2653,37924.17,58124585.43,4236086.21,263666498.00,286571247.75,550237745.75,33234.52,2.30795269,0.00030333,0.00970649,0.00606655,0.81732684,0.82339340,994848400.91,13.4553
3058,8.3723,3.2658,3.2658,37996.26,58133990.85,4236316.59,263687487.35,286583485.74,550270973.09,33227.34,2.30745432,0.00030322,0.00970309,0.00606443,0.81724296,0.82330740,994879628.25,13.4521
3059,8.3751,3.2662,3.2662,38068.49,58143397.52,4236546.96,263708470.07,286595723.19,550304193.26,33220.17,2.30695611,0.00030312,0.00969970,0.00606231,0.81715909,0.82322140,994910848.42,13.4488
3060,8.3778,3.2666,3.2666,38140.85,58152805.44,4236777.33,263729446.14,286607960.12,550337406.26,33213.00,2.30645805,0.00030301,0.00969631,0.00606020,0.81707522,0.82313541,994942061.42,13.4455
3061,8.3806,3.2671,3.2671,38213.35,58162214.63,4237007.69,263750415.57,286620196.51,550370612.08,33205.83,2.30596014,0.00030290,0.00969292,0.00605808,0.81699135,0.82304942,994973267.24,13.4422
3062,8.3833,3.2675,3.2675,38285.99,58171625.08,4237238.06,263771378.37,286632432.37,550403810.74,33198.66,2.30546238,0.00030280,0.00968954,0.00605596,0.81690748,0.82296344,995004465.90,13.4389
3063,8.3860,3.2680,3.2680,38358.76,58181036.78,4237468.41,263792334.54,286644667.69,550437002.23,33191.49,2.30496476,0.00030269,0.00968615,0.00605384,0.81682361,0.82287746,995035657.39,13.4356
3064,8.3888,3.2684,3.2684,38431.67,58190449.74,4237698.77,263813284.08,286656902.48,550470186.56,33184.33,2.30446730,0.00030259,0.00968276,0.00605173,0.81673975,0.82279148,995066841.72,13.4323
3065,8.3915,3.2688,3.2688,38504.73,58199863.96,4237929.11,263834226.98,286669136.75,550503363.73,33177.17,2.30396999,0.00030248,0.00967938,0.00604961,0.81665589,0.82270550,995098018.89,13.4290
3066,8.3943,3.2693,3.2693,38577.92,58209279.43,4238159.46,263855163.26,286681370.47,550536533.74,33170.01,2.30347283,0.00030237,0.00967600,0.00604750,0.81657203,0.82261953,995129188.90,13.4257
3067,8.3970,3.2697,3.2697,38651.25,58218696.17,4238389.80,263876092.92,286693603.67,550569696.59,33162.85,2.30297582,0.00030227,0.00967262,0.00604539,0.81648818,0.82253356,995160351.75,13.4224
3068,8.3997,3.2701,3.2701,38724.72,58228114.16,4238620.13,263897015.95,286705836.33,550602852.29,33155.70,2.30247896,0.00030216,0.00966924,0.00604327,0.81640432,0.82244760,995191507.45,13.4191
3069,8.4025,3.2706,3.2706,38798.33,58237533.42,4238850.47,263917932.37,286718068.47,550636000.83,33148.54,2.30198224,0.00030206,0.00966586,0.00604116,0.81632047,0.82236164,995222655.99,13.4158
3070,8.4052,3.2710,3.2710,38872.08,58246953.93,4239080.79,263938842.16,286730300.07,550669142.22,33141.39,2.30148568,0.00030195,0.00966248,0.00603905,0.81623662,0.82227568,995253797.39,13.4126
3071,8.4079,3.2714,3.2714,38945.97,58256375.70,4239311.12,263959745.34,286742531.13,550702276.47,33134.25,2.30098927,0.00030185,0.00965911,0.00603694,0.81615278,0.82218972,995284931.63,13.4093
3072,8.4107,3.2719,3.2719,39020.00,58265798.73,4239541.44,263980641.90,286754761.67,550735403.57,33127.10,2.30049301,0.00030174,0.00965573,0.00603483,0.81606894,0.82210377,995316058.73,13.4060
3073,8.4134,3.2723,3.2723,39094.17,58275223.03,4239771.75,264001531.85,286766991.67,550768523.52,33119.96,2.29999689,0.00030164,0.00965236,0.00603273,0.81598510,0.82201782,995347178.69,13.4027
3074,8.4162,3.2728,3.2728,39168.48,58284648.58,4240002.06,264022415.19,286779221.14,550801636.34,33112.81,2.29950093,0.00030153,0.00964899,0.00603062,0.81590126,0.82193188,995378291.50,13.3994
3075,8.4189,3.2732,3.2732,39242.93,58294075.39,4240232.37,264043291.93,286791450.08,550834742.01,33105.67,2.29900512,0.00030143,0.00964562,0.00602851,0.81581742,0.82184593,995409397.17,13.3962
3076,8.4216,3.2736,3.2736,39317.53,58303503.46,4240462.67,264064162.05,286803678.49,550867840.55,33098.54,2.29850945,0.00030132,0.00964225,0.00602641,0.81573359,0.82176000,995440495.71,13.3929
3077,8.4244,3.2741,3.2741,39392.26,58312932.79,4240692.97,264085025.58,286815906.37,550900931.95,33091.40,2.29801394,0.00030122,0.00963889,0.00602430,0.81564976,0.82167406,995471587.11,13.3896
3078,8.4271,3.2745,3.2745,39467.14,58322363.38,4240923.26,264105882.50,286828133.72,550934016.22,33084.27,2.29751857,0.00030111,0.00963552,0.00602220,0.81556593,0.82158813,995502671.38,13.3863
3079,8.4298,3.2749,3.2749,39542.16,58331795.24,4241153.55,264126732.82,286840360.53,550967093.35,33077.14,2.29702336,0.00030100,0.00963215,0.00602010,0.81548210,0.82150220,995533748.52,13.3830
3080,8.4326,3.2754,3.2754,39617.32,58341228.35,4241383.84,264147576.55,286852586.81,551000163.36,33070.01,2.29652829,0.00030090,0.00962879,0.00601799,0.81539828,0.82141627,995564818.52,13.3798
3081,8.4353,3.2758,3.2758,39692.63,58350662.73,4241614.12,264168413.68,286864812.56,551033226.24,33062.88,2.29603337,0.00030079,0.00962543,0.00601589,0.81531446,0.82133035,995595881.40,13.3765
3082,8.4381,3.2763,3.2763,39768.08,58360098.36,4241844.40,264189244.21,286877037.78,551066282.00,33055.76,2.29553861,0.00030069,0.00962207,0.00601379,0.81523064,0.82124443,995626937.16,13.3732
3083,8.4408,3.2767,3.2767,39843.67,58369535.26,4242074.67,264210068.16,286889262.47,551099330.63,33048.63,2.29504399,0.00030058,0.00961871,0.00601169,0.81514682,0.82115852,995657985.79,13.3700
3084,8.4435,3.2771,3.2771,39919.41,58378973.42,4242304.94,264230885.52,286901486.63,551132372.14,33041.51,2.29454952,0.00030048,0.00961535,0.00600960,0.81506301,0.82107260,995689027.31,13.3667
3085,8.4463,3.2776,3.2776,39995.29,58388412.84,4242535.20,264251696.28,286913710.25,551165406.54,33034.39,2.29405520,0.00030037,0.00961200,0.00600750,0.81497920,0.82098670,995720061.70,13.3634
3086,8.4490,3.2780,3.2780,40071.31,58397853.52,4242765.46,264272500.47,286925933.35,551198433.82,33027.28,2.29356103,0.00030027,0.00960864,0.00600540,0.81489539,0.82090079,995751088.98,13.3602
3087,8.4517,3.2785,3.2785,40147.48,58407295.47,4242995.72,264293298.07,286938155.91,551231453.98,33020.16,2.29306700,0.00030017,0.00960529,0.00600330,0.81481158,0.82081489,995782109.14,13.3569
3088,8.4545,3.2789,3.2789,40223.80,58416738.67,4243225.97,264314089.09,286950377.94,551264467.03,33013.05,2.29257313,0.00030006,0.00960194,0.00600121,0.81472778,0.82072899,995813122.20,13.3536
3089,8.4572,3.2793,3.2793,40300.26,58426183.14,4243456.22,264334873.53,286962599.45,551297472.98,33005.94,2.29207941,0.00029996,0.00959858,0.00599912,0.81464398,0.82064309,995844128.14,13.3504
3090,8.4600,3.2798,3.2798,40376.86,58435628.87,4243686.47,264355651.40,286974820.42,551330471.81,32998.84,2.29158583,0.00029985,0.00959523,0.00599702,0.81456018,0.82055720,995875126.98,13.3471
3091,8.4627,3.2802,3.2802,40453.61,58445075.87,4243916.70,264376422.69,286987040.86,551363463.54,32991.73,2.29109241,0.00029975,0.00959189,0.00599493,0.81447638,0.82047131,995906118.71,13.3438
3092,8.4654,3.2806,3.2806,40530.51,58454524.12,4244146.94,264397187.40,286999260.77,551396448.17,32984.63,2.29059913,0.00029964,0.00958854,0.00599284,0.81439259,0.82038543,995937103.33,13.3406
3093,8.4682,3.2811,3.2811,40607.55,58463973.64,4244377.17,264417945.55,287011480.15,551429425.70,32977.53,2.29010600,0.00029954,0.00958519,0.00599075,0.81430880,0.82029954,995968080.86,13.3373
3094,8.4709,3.2815,3.2815,40684.74,58473424.43,4244607.40,264438697.13,287023698.99,551462396.13,32970.43,2.28961302,0.00029943,0.00958185,0.00598866,0.81422501,0.82021367,995999051.29,13.3341
3095,8.4736,3.2820,3.2820,40762.07,58482876.47,4244837.62,264459442.14,287035917.31,551495359.46,32963.33,2.28912019,0.00029933,0.00957851,0.00598657,0.81414122,0.82012779,996030014.62,13.3308
3096,8.4764,3.2824,3.2824,40839.55,58492329.79,4245067.84,264480180.59,287048135.10,551528315.69,32956.24,2.28862750,0.00029922,0.00957516,0.00598448,0.81405744,0.82004192,996060970.86,13.3276
3097,8.4791,3.2828,3.2828,40917.18,58501784.36,4245298.06,264500912.48,287060352.36,551561264.84,32949.14,2.28813497,0.00029912,0.00957182,0.00598239,0.81397366,0.81995605,996091920.00,13.3243
3098,8.4819,3.2833,3.2833,40994.96,58511240.20,4245528.27,264521637.81,287072569.08,551594206.89,32942.05,2.28764258,0.00029902,0.00956849,0.00598030,0.81388988,0.81987018,996122862.05,13.3210
3099,8.4846,3.2837,3.2837,41072.88,58520697.30,4245758.47,264542356.57,287084785.28,551627141.85,32934.96,2.28715035,0.00029891,0.00956515,0.00597822,0.81380610,0.81978432,996153797.02,13.3178
3100,8.4873,3.2842,3.2842,41150.96,58530155.67,4245988.67,264563068.79,287097000.95,551660069.73,32927.88,2.28665826,0.00029881,0.00956181,0.00597613,0.81372233,0.81969846,996184724.90,13.3145
3101,8.4901,3.2846,3.2846,41229.18,58539615.30,4246218.87,264583774.45,287109216.08,551692990.53,32920.79,2.28616632,0.00029870,0.00955848,0.00597405,0.81363856,0.81961261,996215645.69,13.3113
3102,8.4928,3.2850,3.2850,41307.55,58549076.19,4246449.07,264604473.55,287121430.69,551725904.24,32913.71,2.28567452,0.00029860,0.00955514,0.00597196,0.81355479,0.81952676,996246559.40,13.3080
3103,8.4956,3.2855,3.2855,41386.07,58558538.35,4246679.26,264625166.11,287133644.76,551758810.87,32906.63,2.28518288,0.00029849,0.00955181,0.00596988,0.81347103,0.81944091,996277466.04,13.3048
3104,8.4983,3.2859,3.2859,41464.74,58568001.78,4246909.44,264645852.12,287145858.31,551791710.43,32899.56,2.28469138,0.00029839,0.00954848,0.00596780,0.81338726,0.81935506,996308365.59,13.3016
3105,8.5010,3.2864,3.2864,41543.55,58577466.47,4247139.62,264666531.59,287158071.32,551824602.91,32892.48,2.28420004,0.00029829,0.00954515,0.00596572,0.81330350,0.81926922,996339258.07,13.2983
3106,8.5038,3.2868,3.2868,41622.52,58586932.42,4247369.80,264687204.51,287170283.81,551857488.32,32885.41,2.28370884,0.00029818,0.00954182,0.00596364,0.81321974,0.81918338,996370143.48,13.2951
3107,8.5065,3.2872,3.2872,41701.64,58596399.64,4247599.97,264707870.89,287182495.77,551890366.65,32878.34,2.28321778,0.00029808,0.00953850,0.00596156,0.81313599,0.81909755,996401021.82,13.2918
3108,8.5092,3.2877,3.2877,41780.91,58605868.13,4247830.14,264728530.73,287194707.19,551923237.92,32871.27,2.28272688,0.00029797,0.00953517,0.00595948,0.81305223,0.81901171,996431893.08,13.2886
3109,8.5120,3.2881,3.2881,41860.32,58615337.88,4248060.31,264749184.03,287206918.09,551956102.12,32864.20,2.28223613,0.00029787,0.00953185,0.00595740,0.81296848,0.81892589,996462757.28,13.2853
3110,8.5147,3.2885,3.2885,41939.89,58624808.90,4248290.47,264769830.80,287219128.46,551988959.26,32857.14,2.28174552,0.00029777,0.00952852,0.00595533,0.81288473,0.81884006,996493614.42,13.2821
3111,8.5175,3.2890,3.2890,42019.62,58634281.18,4248520.62,264790471.03,287231338.30,552021809.33,32850.07,2.28125506,0.00029766,0.00952520,0.00595325,0.81280099,0.81875424,996524464.49,13.2789
3112,8.5202,3.2894,3.2894,42099.49,58643754.73,4248750.78,264811104.74,287243547.60,552054652.34,32843.01,2.28076475,0.00029756,0.00952188,0.00595118,0.81271725,0.81866842,996555307.51,13.2756
3113,8.5229,3.2899,3.2899,42179.51,58653229.55,4248980.92,264831731.91,287255756.38,552087488.30,32835.95,2.28027458,0.00029746,0.00951856,0.00594910,0.81263350,0.81858261,996586143.46,13.2724
3114,8.5257,3.2903,3.2903,42259.69,58662705.63,4249211.07,264852352.56,287267964.63,552120317.19,32828.90,2.27978457,0.00029735,0.00951525,0.00594703,0.81254977,0.81849680,996616972.36,13.2692
3115,8.5284,3.2907,3.2907,42340.02,58672182.98,4249441.21,264872966.68,287280172.35,552153139.04,32821.84,2.27929470,0.00029725,0.00951193,0.00594496,0.81246603,0.81841099,996647794.20,13.2659
3116,8.5311,3.2912,3.2912,42420.50,58681661.60,4249671.34,264893574.29,287292379.54,552185953.83,32814.79,2.27880498,0.00029714,0.00950861,0.00594288,0.81238230,0.81832518,996678608.99,13.2627
3117,8.5339,3.2916,3.2916,42501.13,58691141.49,4249901.47,264914175.37,287304586.21,552218761.57,32807.74,2.27831541,0.00029704,0.00950530,0.00594081,0.81229857,0.81823938,996709416.73,13.2595
3118,8.5366,3.2921,3.2921,42581.92,58700622.64,4250131.60,264934769.93,287316792.34,552251562.27,32800.69,2.27782598,0.00029694,0.00950199,0.00593874,0.81221484,0.81815358,996740217.43,13.2562
3119,8.5394,3.2925,3.2925,42662.86,58710105.06,4250361.72,264955357.97,287328997.94,552284355.91,32793.65,2.27733670,0.00029683,0.00949868,0.00593667,0.81213112,0.81806779,996771011.08,13.2530
3120,8.5421,3.2929,3.2929,42743.96,58719588.74,4250591.84,264975939.50,287341203.02,552317142.52,32786.61,2.27684757,0.00029673,0.00949537,0.00593461,0.81204739,0.81798200,996801797.68,13.2498
3121,8.5448,3.2934,3.2934,42825.21,58729073.70,4250821.96,264996514.52,287353407.56,552349922.08,32779.56,2.27635859,0.00029663,0.00949206,0.00593254,0.81196367,0.81789621,996832577.25,13.2465
3122,8.5476,3.2938,3.2938,42906.61,58738559.92,4251052.07,265017083.03,287365611.58,552382694.61,32772.52,2.27586975,0.00029652,0.00948875,0.00593047,0.81187996,0.81781043,996863349.77,13.2433
3123,8.5503,3.2943,3.2943,42988.17,58748047.41,4251282.18,265037645.03,287377815.07,552415460.09,32765.49,2.27538106,0.00029642,0.00948545,0.00592841,0.81179624,0.81772465,996894115.26,13.2401
3124,8.5530,3.2947,3.2947,43069.88,58757536.17,4251512.28,265058200.52,287390018.03,552448218.55,32758.45,2.27489252,0.00029632,0.00948214,0.00592634,0.81171253,0.81763887,996924873.71,13.2369
3125,8.5558,3.2951,3.2951,43151.75,58767026.19,4251742.38,265078749.51,287402220.46,552480969.97,32751.42,2.27440413,0.00029621,0.00947884,0.00592428,0.81162882,0.81755309,996955625.13,13.2336
3126,8.5585,3.2956,3.2956,43233.78,58776517.49,4251972.47,265099291.99,287414422.36,552513714.36,32744.39,2.27391588,0.00029611,0.00947554,0.00592221,0.81154511,0.81746732,996986369.52,13.2304
3127,8.5613,3.2960,3.2960,43315.96,58786010.05,4252202.56,265119827.98,287426623.74,552546451.72,32737.36,2.27342778,0.00029601,0.00947224,0.00592015,0.81146141,0.81738156,997017106.88,13.2272
3128,8.5640,3.2965,3.2965,43398.29,58795503.89,4252432.65,265140357.47,287438824.58,552579182.05,32730.33,2.27293983,0.00029590,0.00946894,0.00591809,0.81137770,0.81729579,997047837.21,13.2240
3129,8.5667,3.2969,3.2969,43480.79,58804998.99,4252662.73,265160880.46,287451024.90,552611905.36,32723.31,2.27245203,0.00029580,0.00946564,0.00591603,0.81129400,0.81721003,997078560.52,13.2208
3130,8.5695,3.2974,3.2974,43563.44,58814495.36,4252892.80,265181396.96,287463224.69,552644621.64,32716.29,2.27196437,0.00029570,0.00946235,0.00591397,0.81121031,0.81712427,997109276.81,13.2176
3131,8.5722,3.2978,3.2978,43646.24,58823993.00,4253122.88,265201906.97,287475423.95,552677330.91,32709.27,2.27147686,0.00029560,0.00945905,0.00591191,0.81112661,0.81703852,997139986.07,13.2143
3132,8.5749,3.2982,3.2982,43729.21,58833491.92,4253352.95,265222410.48,287487622.68,552710033.16,32702.25,2.27098949,0.00029549,0.00945576,0.00590985,0.81104292,0.81695277,997170688.32,13.2111
3133,8.5777,3.2987,3.2987,43812.33,58842992.10,4253583.01,265242907.51,287499820.88,552742728.39,32695.23,2.27050228,0.00029539,0.00945247,0.00590779,0.81095923,0.81686702,997201383.56,13.2079
3134,8.5804,3.2991,3.2991,43895.61,58852493.55,4253813.07,265263398.06,287512018.56,552775416.61,32688.22,2.27001521,0.00029529,0.00944918,0.00590573,0.81087555,0.81678128,997232071.77,13.2047
3135,8.5832,3.2996,3.2996,43979.05,58861996.27,4254043.13,265283882.11,287524215.70,552808097.82,32681.21,2.26952828,0.00029518,0.00944589,0.00590368,0.81079186,0.81669554,997262752.98,13.2015
3136,8.5859,3.3000,3.3000,44062.65,58871500.26,4254273.18,265304359.69,287536412.32,552840772.02,32674.20,2.26904151,0.00029508,0.00944260,0.00590162,0.81070818,0.81660981,997293427.18,13.1983
3137,8.5886,3.3004,3.3004,44146.40,58881005.52,4254503.23,265324830.79,287548608.42,552873439.21,32667.19,2.26855488,0.00029498,0.00943931,0.00589957,0.81062450,0.81652407,997324094.37,13.1951
3138,8.5914,3.3009,3.3009,44230.32,58890512.05,4254733.27,265345295.41,287560803.98,552906099.39,32660.18,2.26806839,0.00029488,0.00943602,0.00589752,0.81054083,0.81643834,997354754.55,13.1919
3139,8.5941,3.3013,3.3013,44314.39,58900019.86,4254963.31,265365753.56,287572999.02,552938752.57,32653.18,2.26758206,0.00029477,0.00943274,0.00589546,0.81045715,0.81635262,997385407.74,13.1886
3140,8.5969,3.3018,3.3018,44398.63,58909528.93,4255193.35,265386205.23,287585193.52,552971398.75,32646.18,2.26709587,0.00029467,0.00942946,0.00589341,0.81037348,0.81626689,997416053.92,13.1854
3141,8.5996,3.3022,3.3022,44483.02,58919039.28,4255423.38,265406650.43,287597387.50,553004037.94,32639.18,2.26660982,0.00029457,0.00942618,0.00589136,0.81028982,0.81618118,997446693.10,13.1822
3142,8.6023,3.3026,3.3026,44567.58,58928550.89,4255653.41,265427089.16,287609580.96,553036670.12,32632.18,2.26612393,0.00029447,0.00942290,0.00588931,0.81020615,0.81609546,997477325.28,13.1790
3143,8.6051,3.3031,3.3031,44652.29,58938063.78,4255883.43,265447521.43,287621773.88,553069295.31,32625.19,2.26563817,0.00029436,0.00941962,0.00588726,0.81012249,0.81600975,997507950.47,13.1758
3144,8.6078,3.3035,3.3035,44737.17,58947577.94,4256113.45,265467947.23,287633966.28,553101913.51,32618.20,2.26515257,0.00029426,0.00941634,0.00588521,0.81003883,0.81592404,997538568.67,13.1726
3145,8.6105,3.3040,3.3040,44822.21,58957093.38,4256343.47,265488366.56,287646158.15,553134524.71,32611.21,2.26466711,0.00029416,0.00941306,0.00588316,0.80995517,0.81583833,997569179.88,13.1694
3146,8.6133,3.3044,3.3044,44907.41,58966610.08,4256573.48,265508779.44,287658349.49,553167128.93,32604.22,2.26418180,0.00029406,0.00940979,0.00588112,0.80987151,0.81575263,997599784.09,13.1662
3147,8.6160,3.3049,3.3049,44992.77,58976128.06,4256803.49,265529185.85,287670540.31,553199726.16,32597.23,2.26369663,0.00029395,0.00940651,0.00587907,0.80978786,0.81566693,997630381.33,13.1630
3148,8.6188,3.3053,3.3053,45078.29,58985647.30,4257033.49,265549585.81,287682730.60,553232316.41,32590.25,2.26321162,0.00029385,0.00940324,0.00587703,0.80970421,0.81558124,997660971.57,13.1598
3149,8.6215,3.3057,3.3057,45163.98,58995167.83,4257263.49,265569979.32,287694920.36,553264899.68,32583.27,2.26272674,0.00029375,0.00939997,0.00587498,0.80962057,0.81549555,997691554.84,13.1566
3150,8.6242,3.3062,3.3062,45249.83,59004689.62,4257493.48,265590366.37,287707109.59,553297475.96,32576.29,2.26224202,0.00029365,0.00939670,0.00587294,0.80953692,0.81540986,997722131.12,13.1534
3151,8.6270,3.3066,3.3066,45335.84,59014212.69,4257723.47,265610746.97,287719298.30,553330045.27,32569.31,2.26175743,0.00029354,0.00939343,0.00587089,0.80945328,0.81532417,997752700.43,13.1503
3152,8.6297,3.3071,3.3071,45422.02,59023737.03,4257953.46,265631121.12,287731486.48,553362607.60,32562.33,2.26127300,0.00029344,0.00939016,0.00586885,0.80936964,0.81523849,997783262.76,13.1471
3153,8.6324,3.3075,3.3075,45508.36,59033262.64,4258183.44,265651488.82,287743674.14,553395162.96,32555.36,2.26078871,0.00029334,0.00938690,0.00586681,0.80928600,0.81515282,997813818.12,13.1439
3154,8.6352,3.3079,3.3079,45594.86,59042789.53,4258413.42,265671850.08,287755861.26,553427711.34,32548.39,2.26030457,0.00029324,0.00938363,0.00586477,0.80920237,0.81506714,997844366.50,13.1407
3155,8.6379,3.3084,3.3084,45681.53,59052317.69,4258643.39,265692204.90,287768047.86,553460252.76,32541.42,2.25982057,0.00029314,0.00938037,0.00586273,0.80911874,0.81498147,997874907.92,13.1375
3156,8.6407,3.3088,3.3088,45768.36,59061847.12,4258873.36,265712553.27,287780233.93,553492787.21,32534.45,2.25933672,0.00029303,0.00937711,0.00586069,0.80903511,0.81489580,997905442.37,13.1343
3157,8.6434,3.3093,3.3093,45855.36,59071377.83,4259103.33,265732895.21,287792419.48,553525314.69,32527.48,2.25885301,0.00029293,0.00937385,0.00585865,0.80895149,0.81481014,997935969.85,13.1311
3158,8.6461,3.3097,3.3097,45942.52,59080909.81,4259333.29,265753230.71,287804604.50,553557835.21,32520.52,2.25836945,0.00029283,0.00937059,0.00585662,0.80886786,0.81472448,997966490.37,13.1279
3159,8.6489,3.3102,3.3102,46029.85,59090443.06,4259563.25,265773559.78,287816788.99,553590348.77,32513.56,2.25788604,0.00029273,0.00936733,0.00585458,0.80878424,0.81463882,997997003.93,13.1247
3160,8.6516,3.3106,3.3106,46117.35,59099977.59,4259793.20,265793882.41,287828972.96,553622855.37,32506.60,2.25740277,0.00029263,0.00936407,0.00585255,0.80870062,0.81455317,998027510.53,13.1216
3161,8.6543,3.3110,3.3110,46205.01,59109513.40,4260023.15,265814198.61,287841156.40,553655355.01,32499.64,2.25691965,0.00029253,0.00936082,0.00585051,0.80861701,0.81446752,998058010.17,13.1184
3162,8.6571,3.3115,3.3115,46292.84,59119050.48,4260253.10,265834508.39,287853339.31,553687847.70,32492.69,2.25643667,0.00029242,0.00935756,0.00584848,0.80853340,0.81438187,998088502.86,13.1152
3163,8.6598,3.3119,3.3119,46380.83,59128588.83,4260483.04,265854811.74,287865521.70,553720333.44,32485.74,2.25595384,0.00029232,0.00935431,0.00584644,0.80844979,0.81429623,998118988.60,13.1120
3164,8.6626,3.3124,3.3124,46468.99,59138128.46,4260712.97,265875108.66,287877703.56,553752812.22,32478.78,2.25547115,0.00029222,0.00935106,0.00584441,0.80836618,0.81421059,998149467.38,13.1088
3165,8.6653,3.3128,3.3128,46557.32,59147669.37,4260942.91,265895399.16,287889884.90,553785284.06,32471.84,2.25498861,0.00029212,0.00934781,0.00584238,0.80828258,0.81412496,998179939.22,13.1057
3166,8.6680,3.3133,3.3133,46645.82,59157211.55,4261172.84,265915683.24,287902065.70,553817748.95,32464.89,2.25450622,0.00029202,0.00934456,0.00584035,0.80819897,0.81403932,998210404.11,13.1025
3167,8.6708,3.3137,3.3137,46734.49,59166755.00,4261402.76,265935960.90,287914245.99,553850206.89,32457.95,2.25402397,0.00029192,0.00934131,0.00583832,0.80811537,0.81395370,998240862.05,13.0993
3168,8.6735,3.3141,3.3141,46823.32,59176299.74,4261632.68,265956232.15,287926425.74,553882657.89,32451.00,2.25354186,0.00029181,0.00933807,0.00583629,0.80803178,0.81386807,998271313.06,13.0961
3169,8.6762,3.3146,3.3146,46912.33,59185845.74,4261862.60,265976496.98,287938604.97,553915101.96,32444.06,2.25305990,0.00029171,0.00933482,0.00583426,0.80794818,0.81378245,998301757.12,13.0930
3170,8.6790,3.3150,3.3150,47001.50,59195393.03,4262092.51,265996755.40,287950783.68,553947539.08,32437.12,2.25257809,0.00029161,0.00933158,0.00583224,0.80786459,0.81369683,998332194.24,13.0898
3171,8.6817,3.3155,3.3155,47090.84,59204941.59,4262322.42,266017007.41,287962961.86,553979969.27,32430.19,2.25209642,0.00029151,0.00932834,0.00583021,0.80778101,0.81361122,998362624.43,13.0866
3172,8.6845,3.3159,3.3159,47180.35,59214491.42,4262552.32,266037253.01,287975139.51,554012392.52,32423.25,2.25161490,0.00029141,0.00932509,0.00582818,0.80769742,0.81352560,998393047.69,13.0834
3173,8.6872,3.3164,3.3164,47270.04,59224042.54,4262782.22,266057492.21,287987316.64,554044808.85,32416.32,2.25113352,0.00029131,0.00932185,0.00582616,0.80761384,0.81344000,998423464.01,13.0803
3174,8.6899,3.3168,3.3168,47359.89,59233594.93,4263012.12,266077725.00,287999493.24,554077218.24,32409.39,2.25065228,0.00029121,0.00931862,0.00582414,0.80753026,0.81335439,998453873.40,13.0771
3175,8.6927,3.3172,3.3172,47449.91,59243148.59,4263242.01,266097951.39,288011669.32,554109620.70,32402.47,2.25017119,0.00029111,0.00931538,0.00582211,0.80744668,0.81326879,998484275.87,13.0739
3176,8.6954,3.3177,3.3177,47540.11,59252703.54,4263471.90,266118171.38,288023844.87,554142016.24,32395.54,2.24969025,0.00029100,0.00931214,0.00582009,0.80736310,0.81318319,998514671.41,13.0708
3177,8.6982,3.3181,3.3181,47630.47,59262259.76,4263701.78,266138384.97,288036019.89,554174404.86,32388.62,2.24920945,0.00029090,0.00930891,0.00581807,0.80727953,0.81309760,998545060.02,13.0676
3178,8.7009,3.3186,3.3186,47721.01,59271817.26,4263931.66,266158592.16,288048194.39,554206786.55,32381.69,2.24872880,0.00029080,0.00930568,0.00581605,0.80719596,0.81301201,998575441.72,13.0645
3179,8.7036,3.3190,3.3190,47811.72,59281376.04,4264161.53,266178792.96,288060368.37,554239161.33,32374.78,2.24824829,0.00029070,0.00930244,0.00581403,0.80711240,0.81292642,998605816.49,13.0613
3180,8.7064,3.3195,3.3195,47902.60,59290936.09,4264391.40,266198987.37,288072541.81,554271529.19,32367.86,2.24776792,0.00029060,0.00929921,0.00581201,0.80702883,0.81284084,998636184.35,13.0581
3181,8.7091,3.3199,3.3199,47993.66,59300497.42,4264621.27,266219175.39,288084714.74,554303890.13,32360.94,2.24728770,0.00029050,0.00929598,0.00580999,0.80694527,0.81275526,998666545.29,13.0550
3182,8.7118,3.3204,3.3204,48084.89,59310060.03,4264851.13,266239357.02,288096887.14,554336244.16,32354.03,2.24680763,0.00029040,0.00929276,0.00580797,0.80686171,0.81266969,998696899.32,13.0518
3183,8.7146,3.3208,3.3208,48176.29,59319623.92,4265080.99,266259532.27,288109059.01,554368591.28,32347.12,2.24632770,0.00029030,0.00928953,0.00580596,0.80677816,0.81258411,998727246.44,13.0486
3184,8.7173,3.3212,3.3212,48267.86,59329189.09,4265310.85,266279701.13,288121230.36,554400931.49,32340.21,2.24584791,0.00029020,0.00928630,0.00580394,0.80669461,0.81249854,998757586.65,13.0455
3185,8.7201,3.3217,3.3217,48359.61,59338755.53,4265540.70,266299863.61,288133401.18,554433264.79,32333.30,2.24536827,0.00029010,0.00928308,0.00580192,0.80661105,0.81241298,998787919.96,13.0423
3186,8.7228,3.3221,3.3221,48451.54,59348323.26,4265770.54,266320019.71,288145571.48,554465591.19,32326.40,2.24488877,0.00029000,0.00927986,0.00579991,0.80652751,0.81232742,998818246.35,13.0392
3187,8.7255,3.3226,3.3226,48543.63,59357892.26,4266000.39,266340169.43,288157741.26,554497910.69,32319.50,2.24440942,0.00028989,0.00927663,0.00579790,0.80644396,0.81224186,998848565.85,13.0360
3188,8.7283,3.3230,3.3230,48635.91,59367462.55,4266230.22,266360312.78,288169910.50,554530223.28,32312.60,2.24393021,0.00028979,0.00927341,0.00579588,0.80636042,0.81215630,998878878.44,13.0329
3189,8.7310,3.3235,3.3235,48728.36,59377034.11,4266460.06,266380449.75,288182079.23,554562528.98,32305.70,2.24345115,0.00028969,0.00927019,0.00579387,0.80627688,0.81207075,998909184.14,13.0297
3190,8.7337,3.3239,3.3239,48820.98,59386606.95,4266689.89,266400580.35,288194247.43,554594827.78,32298.80,2.24297223,0.00028959,0.00926698,0.00579186,0.80619334,0.81198521,998939482.94,13.0266
3191,8.7365,3.3243,3.3243,48913.78,59396181.07,4266919.71,266420704.58,288206415.10,554627119.68,32291.91,2.24249345,0.00028949,0.00926376,0.00578985,0.80610981,0.81189966,998969774.85,13.0234
3192,8.7392,3.3248,3.3248,49006.76,59405756.47,4267149.54,266440822.44,288218582.25,554659404.70,32285.01,2.24201482,0.00028939,0.00926055,0.00578784,0.80602628,0.81181412,999000059.86,13.0203
3193,8.7420,3.3252,3.3252,49099.91,59415333.16,4267379.35,266460933.94,288230748.88,554691682.82,32278.12,2.24153633,0.00028929,0.00925733,0.00578583,0.80594275,0.81172858,999030337.98,13.0171
3194,8.7447,3.3257,3.3257,49193.24,59424911.12,4267609.17,266481039.07,288242914.98,554723954.06,32271.24,2.24105799,0.00028919,0.00925412,0.00578382,0.80585923,0.81164305,999060609.22,13.0140
3195,8.7474,3.3261,3.3261,49286.75,59434490.36,4267838.98,266501137.85,288255080.56,554756218.40,32264.35,2.24057979,0.00028909,0.00925091,0.00578182,0.80577570,0.81155752,999090873.57,13.0108
3196,8.7502,3.3266,3.3266,49380.44,59444070.88,4268068.78,266521230.26,288267245.61,554788475.87,32257.46,2.24010173,0.00028899,0.00924770,0.00577981,0.80569218,0.81147199,999121131.03,13.0077
3197,8.7529,3.3270,3.3270,49474.30,59453652.69,4268298.58,266541316.31,288279410.14,554820726.45,32250.58,2.23962382,0.00028889,0.00924449,0.00577781,0.80560867,0.81138647,999151381.61,13.0046
3198,8.7556,3.3275,3.3275,49568.35,59463235.77,4268528.38,266561396.01,288291574.15,554852970.16,32243.70,2.23914606,0.00028879,0.00924128,0.00577580,0.80552515,0.81130095,999181625.32,13.0014
3199,8.7584,3.3279,3.3279,49662.57,59472820.14,4268758.17,266581469.36,288303737.63,554885206.98,32236.83,2.23866843,0.00028869,0.00923807,0.00577380,0.80544164,0.81121544,999211862.14,12.9983
3200,8.7611,3.3283,3.3283,49756.97,59482405.78,4268987.96,266601536.35,288315900.58,554917436.93,32229.95,2.23819095,0.00028859,0.00923487,0.00577179,0.80535813,0.81112993,999242092.09,12.9951
3201,8.7639,3.3288,3.3288,49851.55,59491992.71,4269217.75,266621596.99,288328063.01,554949660.01,32223.08,2.23771362,0.00028849,0.00923167,0.00576979,0.80527463,0.81104442,999272315.17,12.9920
3202,8.7666,3.3292,3.3292,49946.31,59501580.92,4269447.53,266641651.29,288340224.92,554981876.21,32216.20,2.23723643,0.00028839,0.00922846,0.00576779,0.80519112,0.81095891,999302531.37,12.9889
3203,8.7693,3.3297,3.3297,50041.25,59511170.41,4269677.30,266661699.24,288352386.31,555014085.55,32209.34,2.23675938,0.00028829,0.00922526,0.00576579,0.80510762,0.81087341,999332740.71,12.9857
3204,8.7721,3.3301,3.3301,50136.37,59520761.19,4269907.08,266681740.85,288364547.17,555046288.01,32202.47,2.23628247,0.00028819,0.00922206,0.00576379,0.80502412,0.81078791,999362943.18,12.9826
3205,8.7748,3.3306,3.3306,50231.67,59530353.24,4270136.84,266701776.11,288376707.50,555078483.62,32195.60,2.23580571,0.00028809,0.00921886,0.00576179,0.80494063,0.81070242,999393138.78,12.9794
3206,8.7775,3.3310,3.3310,50327.15,59539946.58,4270366.61,266721805.04,288388867.32,555110672.36,32188.74,2.23532910,0.00028799,0.00921567,0.00575979,0.80485714,0.81061693,999423327.52,12.9763
3207,8.7803,3.3315,3.3315,50422.81,59549541.20,4270596.37,266741827.63,288401026.61,555142854.23,32181.88,2.23485262,0.00028789,0.00921247,0.00575779,0.80477365,0.81053144,999453509.40,12.9732
3208,8.7830,3.3319,3.3319,50518.66,59559137.10,4270826.12,266761843.88,288413185.37,555175029.25,32175.02,2.23437629,0.00028779,0.00920928,0.00575580,0.80469016,0.81044596,999483684.41,12.9701
3209,8.7858,3.3324,3.3324,50614.69,59568734.29,4271055.88,266781853.80,288425343.62,555207197.41,32168.16,2.23390011,0.00028769,0.00920608,0.00575380,0.80460668,0.81036048,999513852.58,12.9669
3210,8.7885,3.3328,3.3328,50710.90,59578332.76,4271285.62,266801857.39,288437501.33,555239358.72,32161.31,2.23342406,0.00028759,0.00920289,0.00575181,0.80452319,0.81027500,999544013.88,12.9638
3211,8.7912,3.3332,3.3332,50807.29,59587932.51,4271515.37,266821854.64,288449658.53,555271513.17,32154.45,2.23294816,0.00028749,0.00919970,0.00574981,0.80443972,0.81018953,999574168.34,12.9607
3212,8.7940,3.3337,3.3337,50903.87,59597533.54,4271745.11,266841845.57,288461815.20,555303660.78,32147.60,2.23247241,0.00028739,0.00919651,0.00574782,0.80435624,0.81010406,999604315.94,12.9575
3213,8.7967,3.3341,3.3341,51000.63,59607135.86,4271974.84,266861830.18,288473971.35,555335801.53,32140.75,2.23199679,0.00028729,0.00919332,0.00574583,0.80427277,0.81001860,999634456.69,12.9544
3214,8.7995,3.3346,3.3346,51097.57,59616739.46,4272204.58,266881808.46,288486126.98,555367935.44,32133.91,2.23152132,0.00028719,0.00919014,0.00574384,0.80418930,0.80993313,999664590.60,12.9513
3215,8.8022,3.3350,3.3350,51194.70,59626344.35,4272434.30,266901780.42,288498282.08,555400062.50,32127.06,2.23104600,0.00028709,0.00918695,0.00574184,0.80410583,0.80984768,999694717.66,12.9482
3216,8.8049,3.3355,3.3355,51292.01,59635950.52,4272664.03,266921746.06,288510436.66,555432182.72,32120.22,2.23057081,0.00028699,0.00918377,0.00573985,0.80402237,0.80976222,999724837.88,12.9450
3217,8.8077,3.3359,3.3359,51389.51,59645557.97,4272893.75,266941705.38,288522590.72,555464296.10,32113.38,2.23009577,0.00028689,0.00918058,0.00573786,0.80393891,0.80967677,999754951.26,12.9419
3218,8.8104,3.3364,3.3364,51487.19,59655166.71,4273123.46,266961658.39,288534744.25,555496402.64,32106.54,2.22962087,0.00028679,0.00917740,0.00573588,0.80385545,0.80959132,999785057.80,12.9388
3219,8.8131,3.3368,3.3368,51585.06,59664776.73,4273353.17,266981605.08,288546897.26,555528502.34,32099.70,2.22914612,0.00028669,0.00917422,0.00573389,0.80377199,0.80950588,999815157.51,12.9357
3220,8.8159,3.3373,3.3373,51683.12,59674388.04,4273582.88,267001545.46,288559049.75,555560595.21,32092.87,2.22867151,0.00028660,0.00917104,0.00573190,0.80368854,0.80942044,999845250.37,12.9326
3221,8.8186,3.3377,3.3377,51781.36,59684000.63,4273812.58,267021479.54,288571201.71,555592681.25,32086.04,2.22819704,0.00028650,0.00916786,0.00572991,0.80360509,0.80933500,999875336.41,12.9295
3222,8.8214,3.3382,3.3382,51879.79,59693614.51,4274042.28,267041407.30,288583353.16,555624760.46,32079.21,2.22772271,0.00028640,0.00916469,0.00572793,0.80352164,0.80924957,999905415.62,12.9263
3223,8.8241,3.3386,3.3386,51978.40,59703229.68,4274271.98,267061328.76,288595504.08,555656832.84,32072.38,2.22724853,0.00028630,0.00916151,0.00572594,0.80343820,0.80916414,999935488.00,12.9232
3224,8.8268,3.3390,3.3390,52077.20,59712846.12,4274501.67,267081243.92,288607654.47,555688898.39,32065.55,2.22677449,0.00028620,0.00915834,0.00572396,0.80335475,0.80907871,999965553.55,12.9201
3225,8.8296,3.3395,3.3395,52176.19,59722463.86,4274731.35,267101152.77,288619804.35,555720957.12,32058.73,2.22630059,0.00028610,0.00915516,0.00572198,0.80327132,0.80899329,999995612.28,12.9170
3226,8.8323,3.3399,3.3399,52275.37,59732082.88,4274961.04,267121055.32,288631953.70,555753009.02,32051.91,2.22582683,0.00028600,0.00915199,0.00572000,0.80318788,0.80890787,1000025664.19,12.9139
3227,8.8350,3.3404,3.3404,52374.74,59741703.18,4275190.71,267140951.58,288644102.53,555785054.11,32045.09,2.22535322,0.00028590,0.00914882,0.00571801,0.80310445,0.80882246,1000055709.27,12.9108
3228,8.8378,3.3408,3.3408,52474.30,59751324.77,4275420.39,267160841.54,288656250.84,555817092.38,32038.27,2.22487975,0.00028580,0.00914565,0.00571603,0.80302102,0.80873705,1000085747.54,12.9077
3229,8.8405,3.3413,3.3413,52574.04,59760947.65,4275650.06,267180725.21,288668398.62,555849123.83,32031.45,2.22440642,0.00028570,0.00914248,0.00571405,0.80293759,0.80865164,1000115778.99,12.9046
3230,8.8433,3.3417,3.3417,52673.98,59770571.81,4275879.72,267200602.59,288680545.88,555881148.47,32024.64,2.22393324,0.00028560,0.00913932,0.00571207,0.80285416,0.80856624,1000145803.63,12.9014
3231,8.8460,3.3422,3.3422,52774.10,59780197.26,4276109.39,267220473.67,288692692.62,555913166.30,32017.83,2.22346020,0.00028550,0.00913615,0.00571010,0.80277074,0.80848084,1000175821.46,12.8983
3232,8.8487,3.3426,3.3426,52874.42,59789824.00,4276339.04,267240338.47,288704838.84,555945177.31,32011.02,2.22298730,0.00028541,0.00913299,0.00570812,0.80268732,0.80839544,1000205832.48,12.8952
3233,8.8515,3.3431,3.3431,52974.92,59799452.02,4276568.70,267260196.98,288716984.54,555977181.52,32004.21,2.22251454,0.00028531,0.00912983,0.00570614,0.80260391,0.80831005,1000235836.68,12.8921
3234,8.8542,3.3435,3.3435,53075.62,59809081.34,4276798.35,267280049.21,288729129.71,556009178.93,31997.40,2.22204192,0.00028521,0.00912666,0.00570417,0.80252049,0.80822466,1000265834.09,12.8890
3235,8.8569,3.3440,3.3440,53176.51,59818711.93,4277027.99,267299895.16,288741274.37,556041169.53,31990.60,2.22156945,0.00028511,0.00912350,0.00570219,0.80243708,0.80813927,1000295824.69,12.8859
3236,8.8597,3.3444,3.3444,53277.59,59828343.82,4277257.64,267319734.83,288753418.50,556073153.32,31983.80,2.22109712,0.00028501,0.00912035,0.00570022,0.80235367,0.80805389,1000325808.49,12.8828
3237,8.8624,3.3449,3.3449,53378.86,59837976.99,4277487.27,267339568.22,288765562.10,556105130.32,31977.00,2.22062493,0.00028491,0.00911719,0.00569824,0.80227027,0.80796851,1000355785.49,12.8797
3238,8.8652,3.3453,3.3453,53480.32,59847611.45,4277716.91,267359395.33,288777705.19,556137100.52,31970.20,2.22015289,0.00028481,0.00911403,0.00569627,0.80218687,0.80788314,1000385755.69,12.8766
3239,8.8679,3.3457,3.3457,53581.98,59857247.20,4277946.54,267379216.17,288789847.76,556169063.93,31963.41,2.21968098,0.00028471,0.00911088,0.00569430,0.80210347,0.80779777,1000415719.09,12.8735
3240,8.8706,3.3462,3.3462,53683.83,59866884.24,4278176.16,267399030.74,288801989.80,556201020.54,31956.61,2.21920922,0.00028462,0.00910772,0.00569233,0.80202007,0.80771240,1000445675.71,12.8704
3241,8.8734,3.3466,3.3466,53785.87,59876522.57,4278405.78,267418839.04,288814131.32,556232970.37,31949.82,2.21873760,0.00028452,0.00910457,0.00569036,0.80193668,0.80762704,1000475625.53,12.8673
3242,8.8761,3.3471,3.3471,53888.11,59886162.18,4278635.40,267438641.07,288826272.32,556264913.40,31943.03,2.21826612,0.00028442,0.00910142,0.00568839,0.80185329,0.80754168,1000505568.56,12.8642
3243,8.8789,3.3475,3.3475,53990.55,59895803.08,4278865.01,267458436.84,288838412.80,556296849.64,31936.24,2.21779478,0.00028432,0.00909827,0.00568642,0.80176990,0.80745632,1000535504.81,12.8612
3244,8.8816,3.3480,3.3480,54093.17,59905445.27,4279094.62,267478226.34,288850552.76,556328779.10,31929.46,2.21732359,0.00028422,0.00909512,0.00568445,0.80168652,0.80737097,1000565434.26,12.8581
3245,8.8843,3.3484,3.3484,54196.00,59915088.75,4279324.23,267498009.58,288862692.20,556360701.78,31922.68,2.21685254,0.00028412,0.00909197,0.00568248,0.80160314,0.80728562,1000595356.94,12.8550
3246,8.8871,3.3489,3.3489,54299.01,59924733.52,4279553.83,267517786.56,288874831.11,556392617.67,31915.90,2.21638163,0.00028403,0.00908883,0.00568052,0.80151976,0.80720027,1000625272.84,12.8519
3247,8.8898,3.3493,3.3493,54402.23,59934379.58,4279783.43,267537557.29,288886969.51,556424526.79,31909.12,2.21591086,0.00028393,0.00908568,0.00567855,0.80143638,0.80711493,1000655181.95,12.8488
3248,8.8925,3.3498,3.3498,54505.64,59944026.93,4280013.02,267557321.75,288899107.38,556456429.13,31902.34,2.21544023,0.00028383,0.00908254,0.00567659,0.80135301,0.80702959,1000685084.29,12.8457
3249,8.8953,3.3502,3.3502,54609.24,59953675.57,4280242.61,267577079.96,288911244.73,556488324.69,31895.56,2.21496974,0.00028373,0.00907939,0.00567462,0.80126964,0.80694426,1000714979.86,12.8426
3250,8.8980,3.3507,3.3507,54713.05,59963325.50,4280472.19,267596831.93,288923381.56,556520213.49,31888.79,2.21449940,0.00028363,0.00907625,0.00567266,0.80118627,0.80685893,1000744868.65,12.8395
3251,8.9008,3.3511,3.3511,54817.05,59972976.71,4280701.77,267616577.64,288935517.87,556552095.51,31882.02,2.21402920,0.00028353,0.00907311,0.00567070,0.80110291,0.80677360,1000774750.67,12.8364
3252,8.9035,3.3516,3.3516,54921.24,59982629.22,4280931.35,267636317.10,288947653.66,556583970.76,31875.25,2.21355914,0.00028344,0.00906997,0.00566873,0.80101954,0.80668828,1000804625.92,12.8334
3253,8.9062,3.3520,3.3520,55025.64,59992283.02,4281160.92,267656050.32,288959788.93,556615839.24,31868.48,2.21308922,0.00028334,0.00906684,0.00566677,0.80093618,0.80660296,1000834494.40,12.8303
3254,8.9090,3.3525,3.3525,55130.24,60001938.11,4281390.49,267675777.29,288971923.67,556647700.96,31861.72,2.21261944,0.00028324,0.00906370,0.00566481,0.80085283,0.80651764,1000864356.12,12.8272
3255,8.9117,3.3529,3.3529,55235.03,60011594.49,4281620.06,267695498.02,288984057.90,556679555.92,31854.96,2.21214980,0.00028314,0.00906056,0.00566285,0.80076948,0.80643233,1000894211.08,12.8241
3256,8.9144,3.3534,3.3534,55340.02,60021252.16,4281849.62,267715212.51,288996191.61,556711404.12,31848.20,2.21168031,0.00028304,0.00905743,0.00566089,0.80068613,0.80634702,1000924059.28,12.8210
3257,8.9172,3.3538,3.3538,55445.21,60030911.12,4282079.17,267734920.76,289008324.79,556743245.55,31841.44,2.21121095,0.00028295,0.00905430,0.00565894,0.80060278,0.80626172,1000953900.72,12.8180
3258,8.9199,3.3543,3.3543,55550.61,60040571.37,4282308.73,267754622.78,289020457.45,556775080.23,31834.68,2.21074174,0.00028285,0.00905117,0.00565698,0.80051944,0.80617641,1000983735.40,12.8149
3259,8.9227,3.3547,3.3547,55656.20,60050232.92,4282538.27,267774318.56,289032589.60,556806908.16,31827.93,2.21027267,0.00028275,0.00904804,0.00565502,0.80043609,0.80609112,1001013563.32,12.8118
3260,8.9254,3.3552,3.3552,55761.99,60059895.75,4282767.82,267794008.11,289044721.22,556838729.33,31821.17,2.20980374,0.00028265,0.00904491,0.00565307,0.80035276,0.80600582,1001043384.50,12.8087
3261,8.9281,3.3556,3.3556,55867.99,60069559.88,4282997.36,267813691.43,289056852.33,556870543.76,31814.42,2.20933495,0.00028256,0.00904178,0.00565111,0.80026942,0.80592053,1001073198.92,12.8057
3262,8.9309,3.3560,3.3560,55974.18,60079225.30,4283226.90,267833368.52,289068982.91,556902351.43,31807.67,2.20886630,0.00028246,0.00903865,0.00564916,0.80018609,0.80583525,1001103006.59,12.8026
3263,8.9336,3.3565,3.3565,56080.58,60088892.01,4283456.43,267853039.39,289081112.97,556934152.36,31800.93,2.20839779,0.00028236,0.00903553,0.00564721,0.80010276,0.80574996,1001132807.52,12.7995
3264,8.9363,3.3569,3.3569,56187.18,60098560.01,4283685.96,267872704.03,289093242.51,556965946.54,31794.18,2.20792942,0.00028226,0.00903241,0.00564525,0.80001943,0.80566469,1001162601.71,12.7964
3265,8.9391,3.3574,3.3574,56293.98,60108229.31,4283915.48,267892362.45,289105371.54,556997733.99,31787.44,2.20746120,0.00028217,0.00902928,0.00564330,0.79993611,0.80557941,1001192389.15,12.7934
3266,8.9418,3.3578,3.3578,56400.99,60117899.90,4284145.00,267912014.65,289117500.04,557029514.69,31780.70,2.20699311,0.00028207,0.00902616,0.00564135,0.79985279,0.80549414,1001222169.85,12.7903
3267,8.9446,3.3583,3.3583,56508.20,60127571.78,4284374.52,267931660.63,289129628.02,557061288.65,31773.96,2.20652517,0.00028197,0.00902304,0.00563940,0.79976947,0.80540887,1001251943.81,12.7872
3268,8.9473,3.3587,3.3587,56615.61,60137244.95,4284604.03,267951300.39,289141755.48,557093055.87,31767.23,2.20605737,0.00028187,0.00901992,0.00563745,0.79968615,0.80532361,1001281711.04,12.7842
3269,8.9500,3.3592,3.3592,56723.23,60146919.42,4284833.53,267970933.94,289153882.43,557124816.37,31760.49,2.20558971,0.00028178,0.00901681,0.00563550,0.79960284,0.80523835,1001311471.53,12.7811
3270,8.9528,3.3596,3.3596,56831.05,60156595.18,4285063.04,267990561.28,289166008.85,557156570.13,31753.76,2.20512218,0.00028168,0.00901369,0.00563356,0.79951953,0.80515309,1001341225.29,12.7780
3271,8.9555,3.3601,3.3601,56939.08,60166272.24,4285292.54,268010182.40,289178134.75,557188317.16,31747.03,2.20465480,0.00028158,0.00901057,0.00563161,0.79943623,0.80506784,1001370972.32,12.7750
3272,8.9582,3.3605,3.3605,57047.31,60175950.58,4285522.03,268029797.32,289190260.13,557220057.46,31740.30,2.20418756,0.00028148,0.00900746,0.00562966,0.79935292,0.80498259,1001400712.62,12.7719
3273,8.9610,3.3610,3.3610,57155.75,60185630.23,4285751.53,268049406.03,289202385.00,557251791.03,31733.57,2.20372046,0.00028139,0.00900435,0.00562772,0.79926962,0.80489734,1001430446.19,12.7689
3274,8.9637,3.3614,3.3614,57264.39,60195311.16,4285981.01,268069008.54,289214509.34,557283517.88,31726.85,2.20325351,0.00028129,0.00900124,0.00562577,0.79918633,0.80481210,1001460173.04,12.7658
3275,8.9665,3.3619,3.3619,57373.24,60204993.39,4286210.50,268088604.84,289226633.17,557315238.01,31720.13,2.20278669,0.00028119,0.00899813,0.00562383,0.79910303,0.80472686,1001489893.17,12.7627
3276,8.9692,3.3623,3.3623,57482.30,60214676.92,4286439.98,268108194.95,289238756.47,557346951.42,31713.41,2.20232001,0.00028109,0.00899502,0.00562189,0.79901974,0.80464163,1001519606.58,12.7597
3277,8.9719,3.3628,3.3628,57591.56,60224361.73,4286669.45,268127778.85,289250879.26,557378658.11,31706.69,2.20185347,0.00028100,0.00899191,0.00561994,0.79893645,0.80455640,1001549313.27,12.7566
3278,8.9747,3.3632,3.3632,57701.04,60234047.85,4286898.92,268147356.56,289263001.52,557410358.08,31699.97,2.20138708,0.00028090,0.00898880,0.00561800,0.79885317,0.80447117,1001579013.24,12.7536
3279,8.9774,3.3637,3.3637,57810.72,60243735.26,4287128.39,268166928.07,289275123.27,557442051.34,31693.26,2.20092082,0.00028080,0.00898570,0.00561606,0.79876989,0.80438595,1001608706.50,12.7505
3280,8.9802,3.3641,3.3641,57920.60,60253423.96,4287357.85,268186493.39,289287244.50,557473737.89,31686.55,2.20045470,0.00028071,0.00898260,0.00561412,0.79868661,0.80430073,1001638393.05,12.7475
3281,8.9829,3.3646,3.3646,58030.70,60263113.96,4287587.31,268206052.52,289299365.21,557505417.73,31679.84,2.19998873,0.00028061,0.00897949,0.00561218,0.79860333,0.80421551,1001668072.89,12.7444
3282,8.9856,3.3650,3.3650,58141.01,60272805.25,4287816.77,268225605.46,289311485.40,557537090.86,31673.13,2.19952289,0.00028051,0.00897639,0.00561024,0.79852006,0.80413030,1001697746.02,12.7414
3283,8.9884,3.3655,3.3655,58251.53,60282497.84,4288046.22,268245152.21,289323605.07,557568757.28,31666.42,2.19905719,0.00028042,0.00897329,0.00560831,0.79843678,0.80404509,1001727412.44,12.7383
3284,8.9911,3.3659,3.3659,58362.25,60292191.73,4288275.67,268264692.78,289335724.22,557600417.00,31659.72,2.19859164,0.00028032,0.00897019,0.00560637,0.79835352,0.80395989,1001757072.16,12.7353
3285,8.9938,3.3664,3.3664,58473.19,60301886.91,4288505.11,268284227.17,289347842.85,557632070.02,31653.02,2.19812622,0.00028022,0.00896710,0.00560443,0.79827025,0.80387469,1001786725.18,12.7322
3286,8.9966,3.3668,3.3668,58584.34,60311583.38,4288734.55,268303755.37,289359960.96,557663716.33,31646.32,2.19766095,0.00028012,0.00896400,0.00560250,0.79818699,0.80378949,1001816371.50,12.7292
3287,8.9993,3.3673,3.3673,58695.70,60321281.16,4288963.98,268323277.40,289372078.56,557695355.95,31639.62,2.19719581,0.00028003,0.00896090,0.00560056,0.79810373,0.80370430,1001846011.12,12.7261
3288,9.0021,3.3677,3.3677,58807.27,60330980.23,4289193.41,268342793.24,289384195.63,557726988.88,31632.92,2.19673082,0.00027993,0.00895781,0.00559863,0.79802048,0.80361911,1001875644.04,12.7231
3289,9.0048,3.3682,3.3682,58919.05,60340680.59,4289422.84,268362302.92,289396312.19,557758615.11,31626.23,2.19626596,0.00027983,0.00895472,0.00559670,0.79793722,0.80353392,1001905270.27,12.7200
3290,9.0075,3.3686,3.3686,59031.05,60350382.25,4289652.26,268381806.42,289408428.23,557790234.65,31619.54,2.19580124,0.00027974,0.00895163,0.00559477,0.79785397,0.80344874,1001934889.81,12.7170
3291,9.0103,3.3691,3.3691,59143.25,60360085.21,4289881.68,268401303.74,289420543.75,557821847.49,31612.85,2.19533667,0.00027964,0.00894854,0.00559283,0.79777073,0.80336356,1001964502.66,12.7139
3292,9.0130,3.3695,3.3695,59255.68,60369789.47,4290111.10,268420794.90,289432658.75,557853453.65,31606.16,2.19487223,0.00027955,0.00894545,0.00559090,0.79768748,0.80327839,1001994108.82,12.7109
3293,9.0157,3.3700,3.3700,59368.31,60379495.03,4290340.51,268440279.89,289444773.23,557885053.13,31599.47,2.19440793,0.00027945,0.00894236,0.00558897,0.79760424,0.80319322,1002023708.29,12.7079
3294,9.0185,3.3704,3.3704,59481.16,60389201.88,4290569.91,268459758.72,289456887.20,557916645.92,31592.79,2.19394378,0.00027935,0.00893927,0.00558705,0.79752101,0.80310805,1002053301.08,12.7048
3295,9.0212,3.3709,3.3709,59594.23,60398910.03,4290799.32,268479231.38,289469000.65,557948232.03,31586.11,2.19347976,0.00027926,0.00893619,0.00558512,0.79743777,0.80302289,1002082887.19,12.7018
3296,9.0240,3.3713,3.3713,59707.50,60408619.47,4291028.72,268498697.88,289481113.57,557979811.46,31579.43,2.19301588,0.00027916,0.00893310,0.00558319,0.79735454,0.80293773,1002112466.62,12.6987
3297,9.0267,3.3718,3.3718,59821.00,60418330.22,4291258.11,268518158.22,289493225.98,558011384.21,31572.75,2.19255214,0.00027906,0.00893002,0.00558126,0.79727131,0.80285257,1002142039.37,12.6957
3298,9.0294,3.3722,3.3722,59934.71,60428042.26,4291487.50,268537612.41,289505337.88,558042950.28,31566.08,2.19208854,0.00027897,0.00892694,0.00557934,0.79718808,0.80276742,1002171605.44,12.6927
3299,9.0322,3.3727,3.3727,60048.63,60437755.60,4291716.89,268557060.43,289517449.25,558074509.68,31559.40,2.19162509,0.00027887,0.00892386,0.00557741,0.79710486,0.80268227,1002201164.85,12.6896
3300,9.0349,3.3731,3.3731,60162.78,60447470.24,4291946.27,268576502.31,289529560.10,558106062.41,31552.73,2.19116177,0.00027877,0.00892078,0.00557549,0.79702164,0.80259713,1002230717.58,12.6866
3301,9.0376,3.3736,3.3736,60277.14,60457186.18,4292175.65,268595938.03,289541670.44,558137608.47,31546.06,2.19069858,0.00027868,0.00891770,0.00557356,0.79693843,0.80251199,1002260263.63,12.6836
3302,9.0404,3.3740,3.3740,60391.71,60466903.42,4292405.02,268615367.60,289553780.26,558169147.86,31539.39,2.19023554,0.00027858,0.00891462,0.00557164,0.79685521,0.80242685,1002289803.03,12.6805
3303,9.0431,3.3745,3.3745,60506.51,60476621.95,4292634.39,268634791.03,289565889.56,558200680.59,31532.73,2.18977264,0.00027849,0.00891155,0.00556972,0.79677200,0.80234172,1002319335.75,12.6775
3304,9.0459,3.3749,3.3749,60621.52,60486341.79,4292863.76,268654208.30,289577998.35,558232206.65,31526.06,2.18930988,0.00027839,0.00890848,0.00556780,0.79668879,0.80225659,1002348861.81,12.6745
3305,9.0486,3.3754,3.3754,60736.75,60496062.93,4293093.12,268673619.44,289590106.61,558263726.05,31519.40,2.18884726,0.00027829,0.00890540,0.00556588,0.79660559,0.80217147,1002378381.22,12.6715
3306,9.0513,3.3758,3.3758,60852.20,60505785.36,4293322.48,268693024.43,289602214.36,558295238.79,31512.74,2.18838477,0.00027820,0.00890233,0.00556396,0.79652239,0.80208634,1002407893.96,12.6684
3307,9.0541,3.3763,3.3763,60967.87,60515509.09,4293551.83,268712423.28,289614321.59,558326744.88,31506.08,2.18792243,0.00027810,0.00889926,0.00556204,0.79643919,0.80200123,1002437400.04,12.6654
3308,9.0568,3.3767,3.3767,61083.76,60525234.13,4293781.18,268731816.00,289626428.31,558358244.30,31499.43,2.18746022,0.00027801,0.00889619,0.00556012,0.79635599,0.80191611,1002466899.47,12.6624
3309,9.0595,3.3772,3.3772,61199.88,60534960.46,4294010.53,268751202.57,289638534.50,558389737.08,31492.77,2.18699815,0.00027791,0.00889312,0.00555820,0.79627280,0.80183100,1002496392.24,12.6594
3310,9.0623,3.3777,3.3777,61316.21,60544688.10,4294239.87,268770583.02,289650640.18,558421223.20,31486.12,2.18653622,0.00027781,0.00889006,0.00555629,0.79618961,0.80174590,1002525878.36,12.6563
3311,9.0650,3.3781,3.3781,61432.76,60554417.03,4294469.21,268789957.33,289662745.34,558452702.67,31479.47,2.18607443,0.00027772,0.00888699,0.00555437,0.79610643,0.80166079,1002555357.83,12.6533
3312,9.0678,3.3786,3.3786,61549.53,60564147.27,4294698.55,268809325.51,289674849.99,558484175.49,31472.82,2.18561278,0.00027762,0.00888393,0.00555245,0.79602324,0.80157570,1002584830.66,12.6503
3313,9.0705,3.3790,3.3790,61666.53,60573878.80,4294927.88,268828687.56,289686954.12,558515641.67,31466.18,2.18515127,0.00027753,0.00888086,0.00555054,0.79594006,0.80149060,1002614296.84,12.6473
3314,9.0732,3.3795,3.3795,61783.75,60583611.64,4295157.20,268848043.48,289699057.72,558547101.21,31459.53,2.18468990,0.00027743,0.00887780,0.00554863,0.79585688,0.80140551,1002643756.37,12.6443
3315,9.0760,3.3799,3.3799,61901.19,60593345.78,4295386.52,268867393.28,289711160.82,558578554.10,31452.89,2.18422867,0.00027734,0.00887474,0.00554671,0.79577371,0.80132042,1002673209.26,12.6412
3316,9.0787,3.3804,3.3804,62018.85,60603081.22,4295615.84,268886736.96,289723263.39,558610000.35,31446.25,2.18376757,0.00027724,0.00887168,0.00554480,0.79569054,0.80123534,1002702655.52,12.6382
3317,9.0815,3.3808,3.3808,62136.74,60612817.96,4295845.16,268906074.52,289735365.45,558641439.97,31439.62,2.18330661,0.00027714,0.00886862,0.00554289,0.79560737,0.80115026,1002732095.13,12.6352
3318,9.0842,3.3813,3.3813,62254.85,60622556.00,4296074.47,268925405.96,289747466.99,558672872.95,31432.98,2.18284580,0.00027705,0.00886557,0.00554098,0.79552421,0.80106518,1002761528.11,12.6322
3319,9.0869,3.3817,3.3817,62373.19,60632295.34,4296303.77,268944731.28,289759568.02,558704299.29,31426.35,2.18238512,0.00027695,0.00886251,0.00553907,0.79544104,0.80098011,1002790954.46,12.6292
3320,9.0897,3.3822,3.3822,62491.75,60642035.99,4296533.07,268964050.48,289771668.52,558735719.01,31419.71,2.18192458,0.00027686,0.00885946,0.00553716,0.79535788,0.80089504,1002820374.17,12.6262
3321,9.0924,3.3826,3.3826,62610.53,60651777.94,4296762.37,268983363.58,289783768.51,558767132.09,31413.08,2.18146417,0.00027676,0.00885640,0.00553525,0.79527473,0.80080998,1002849787.25,12.6232
3322,9.0951,3.3831,3.3831,62729.55,60661521.19,4296991.67,269002670.56,289795867.99,558798538.55,31406.46,2.18100391,0.00027667,0.00885335,0.00553334,0.79519158,0.80072492,1002879193.71,12.6202
3323,9.0979,3.3835,3.3835,62848.79,60671265.74,4297220.96,269021971.43,289807966.95,558829938.38,31399.83,2.18054378,0.00027657,0.00885030,0.00553144,0.79510843,0.80063986,1002908593.54,12.6171
3324,9.1006,3.3840,3.3840,62968.25,60681011.60,4297450.24,269041266.20,289820065.39,558861331.58,31393.21,2.18008380,0.00027648,0.00884725,0.00552953,0.79502528,0.80055481,1002937986.75,12.6141
3325,9.1034,3.3844,3.3844,63087.94,60690758.76,4297679.53,269060554.86,289832163.31,558892718.17,31386.58,2.17962395,0.00027638,0.00884420,0.00552763,0.79494214,0.80046976,1002967373.33,12.6111
3326,9.1061,3.3849,3.3849,63207.86,60700507.22,4297908.80,269079837.42,289844260.72,558924098.13,31379.97,2.17916424,0.00027629,0.00884115,0.00552572,0.79485900,0.80038472,1002996753.30,12.6081
3327,9.1088,3.3853,3.3853,63328.01,60710256.98,4298138.08,269099113.87,289856357.61,558955471.48,31373.35,2.17870466,0.00027619,0.00883811,0.00552382,0.79477586,0.80029968,1003026126.64,12.6051
3328,9.1116,3.3858,3.3858,63448.39,60720008.05,4298367.35,269118384.23,289868453.99,558986838.21,31366.73,2.17824523,0.00027610,0.00883506,0.00552191,0.79469272,0.80021464,1003055493.38,12.6021
3329,9.1143,3.3862,3.3862,63568.99,60729760.42,4298596.61,269137648.49,289880549.84,559018198.33,31360.12,2.17778593,0.00027600,0.00883202,0.00552001,0.79460959,0.80012960,1003084853.49,12.5991
3330,9.1170,3.3867,3.3867,63689.83,60739514.10,4298825.87,269156906.65,289892645.19,559049551.84,31353.51,2.17732678,0.00027591,0.00882898,0.00551811,0.79452646,0.80004457,1003114207.00,12.5961
3331,9.1198,3.3871,3.3871,63810.89,60749269.08,4299055.13,269176158.72,289904740.01,559080898.73,31346.90,2.17686776,0.00027581,0.00882594,0.00551621,0.79444334,0.79995955,1003143553.89,12.5931
3332,9.1225,3.3876,3.3876,63932.19,60759025.36,4299284.39,269195404.70,289916834.32,559112239.02,31340.29,2.17640888,0.00027572,0.00882290,0.00551431,0.79436022,0.79987453,1003172894.18,12.5901
3333,9.1253,3.3881,3.3881,64053.71,60768782.95,4299513.64,269214644.58,289928928.12,559143572.70,31333.68,2.17595013,0.00027562,0.00881986,0.00551241,0.79427710,0.79978951,1003202227.86,12.5871
3334,9.1280,3.3885,3.3885,64175.47,60778541.84,4299742.88,269233878.38,289941021.39,559174899.78,31327.08,2.17549153,0.00027553,0.00881682,0.00551051,0.79419398,0.79970449,1003231554.94,12.5841
3335,9.1307,3.3890,3.3890,64297.45,60788302.03,4299972.12,269253106.10,289953114.16,559206220.26,31320.48,2.17503306,0.00027543,0.00881378,0.00550861,0.79411087,0.79961948,1003260875.42,12.5811
3336,9.1335,3.3894,3.3894,64419.67,60798063.54,4300201.36,269272327.73,289965206.40,559237534.13,31313.88,2.17457473,0.00027534,0.00881075,0.00550672,0.79402776,0.79953448,1003290189.29,12.5781
3337,9.1362,3.3899,3.3899,64542.12,60807826.34,4300430.60,269291543.28,289977298.13,559268841.41,31307.28,2.17411654,0.00027524,0.00880771,0.00550482,0.79394465,0.79944947,1003319496.57,12.5751
3338,9.1389,3.3903,3.3903,64664.81,60817590.45,4300659.83,269310752.74,289989389.35,559300142.09,31300.68,2.17365848,0.00027515,0.00880468,0.00550293,0.79386155,0.79936448,1003348797.25,12.5721
3339,9.1417,3.3908,3.3908,64787.72,60827355.87,4300889.05,269329956.13,290001480.05,559331436.18,31294.09,2.17320056,0.00027505,0.00880165,0.00550103,0.79377845,0.79927948,1003378091.34,12.5691
3340,9.1444,3.3912,3.3912,64910.88,60837122.59,4301118.27,269349153.45,290013570.23,559362723.68,31287.50,2.17274278,0.00027496,0.00879862,0.00549914,0.79369535,0.79919449,1003407378.84,12.5662
3341,9.1472,3.3917,3.3917,65034.26,60846890.62,4301347.49,269368344.68,290025659.90,559394004.58,31280.91,2.17228514,0.00027486,0.00879559,0.00549724,0.79361226,0.79910950,1003436659.75,12.5632
3342,9.1499,3.3921,3.3921,65157.88,60856659.95,4301576.71,269387529.85,290037749.05,559425278.90,31274.32,2.17182764,0.00027477,0.00879256,0.00549535,0.79352917,0.79902452,1003465934.06,12.5602
3343,9.1526,3.3926,3.3926,65281.73,60866430.59,4301805.92,269406708.95,290049837.69,559456546.63,31267.73,2.17137027,0.00027467,0.00878954,0.00549346,0.79344608,0.79893954,1003495201.80,12.5572
3344,9.1554,3.3930,3.3930,65405.82,60876202.54,4302035.12,269425881.97,290061925.81,559487807.78,31261.15,2.17091304,0.00027458,0.00878651,0.00549157,0.79336299,0.79885456,1003524462.94,12.5542
3345,9.1581,3.3935,3.3935,65530.15,60885975.79,4302264.32,269445048.93,290074013.41,559519062.35,31254.57,2.17045595,0.00027448,0.00878349,0.00548968,0.79327991,0.79876959,1003553717.51,12.5512
3346,9.1608,3.3939,3.3939,65654.71,60895750.35,4302493.52,269464209.83,290086100.50,559550310.33,31247.99,2.16999900,0.00027439,0.00878046,0.00548779,0.79319683,0.79868462,1003582965.49,12.5482
3347,9.1636,3.3944,3.3944,65779.51,60905526.21,4302722.72,269483364.66,290098187.08,559581551.74,31241.41,2.16954218,0.00027430,0.00877744,0.00548590,0.79311376,0.79859966,1003612206.90,12.5452
3348,9.1663,3.3949,3.3949,65904.55,60915303.38,4302951.91,269502513.43,290110273.14,559612786.57,31234.83,2.16908550,0.00027420,0.00877442,0.00548401,0.79303069,0.79851470,1003641441.73,12.5423
3349,9.1691,3.3953,3.3953,66029.82,60925081.86,4303181.09,269521656.14,290122358.69,559644014.83,31228.26,2.16862896,0.00027411,0.00877140,0.00548213,0.79294762,0.79842974,1003670669.99,12.5393
3350,9.1718,3.3958,3.3958,66155.33,60934861.65,4303410.27,269540792.80,290134443.72,559675236.51,31221.68,2.16817256,0.00027401,0.00876838,0.00548024,0.79286455,0.79834479,1003699891.67,12.5363
3351,9.1745,3.3962,3.3962,66281.08,60944642.74,4303639.45,269559923.40,290146528.23,559706451.63,31215.11,2.16771629,0.00027392,0.00876537,0.00547835,0.79278149,0.79825984,1003729106.79,12.5333
3352,9.1773,3.3967,3.3967,66407.07,60954425.14,4303868.62,269579047.94,290158612.23,559737660.17,31208.55,2.16726016,0.00027382,0.00876235,0.00547647,0.79269843,0.79817490,1003758315.34,12.5303
3353,9.1800,3.3971,3.3971,66533.30,60964208.85,4304097.79,269598166.44,290170695.72,559768862.15,31201.98,2.16680416,0.00027373,0.00875934,0.00547459,0.79261537,0.79808996,1003787517.32,12.5274
3354,9.1828,3.3976,3.3976,66659.77,60973993.87,4304326.96,269617278.88,290182778.69,559800057.57,31195.42,2.16634831,0.00027364,0.00875632,0.00547270,0.79253232,0.79800502,1003816712.73,12.5244
3355,9.1855,3.3980,3.3980,66786.48,60983780.19,4304556.12,269636385.28,290194861.14,559831246.42,31188.85,2.16589259,0.00027354,0.00875331,0.00547082,0.79244927,0.79792009,1003845901.58,12.5214
3356,9.1882,3.3985,3.3985,66913.43,60993567.82,4304785.28,269655485.63,290206943.08,559862428.71,31182.29,2.16543701,0.00027345,0.00875030,0.00546894,0.79236622,0.79783516,1003875083.88,12.5184
3357,9.1910,3.3989,3.3989,67040.62,61003356.77,4305014.43,269674579.94,290219024.51,559893604.45,31175.73,2.16498156,0.00027335,0.00874729,0.00546706,0.79228318,0.79775023,1003904259.61,12.5155
3358,9.1937,3.3994,3.3994,67168.06,61013147.02,4305243.58,269693668.21,290231105.42,559924773.63,31169.18,2.16452625,0.00027326,0.00874428,0.00546518,0.79220014,0.79766531,1003933428.79,12.5125
3359,9.1964,3.3998,3.3998,67295.73,61022938.57,4305472.73,269712750.43,290243185.82,559955936.25,31162.62,2.16407108,0.00027316,0.00874127,0.00546330,0.79211710,0.79758039,1003962591.41,12.5095
3360,9.1992,3.4003,3.4003,67423.65,61032731.44,4305701.87,269731826.62,290255265.70,559987092.32,31156.07,2.16361605,0.00027307,0.00873827,0.00546142,0.79203406,0.79749548,1003991747.48,12.5065
3361,9.2019,3.4008,3.4008,67551.81,61042525.62,4305931.01,269750896.77,290267345.07,560018241.84,31149.52,2.16316115,0.00027298,0.00873526,0.00545954,0.79195103,0.79741057,1004020897.00,12.5036
3362,9.2047,3.4012,3.4012,67680.22,61052321.10,4306160.14,269769960.89,290279423.92,560049384.81,31142.97,2.16270639,0.00027288,0.00873226,0.00545766,0.79186800,0.79732567,1004050039.98,12.5006
3363,9.2074,3.4017,3.4017,67808.87,61062117.90,4306389.27,269789018.98,290291502.26,560080521.24,31136.43,2.16225176,0.00027279,0.00872926,0.00545579,0.79178498,0.79724076,1004079176.40,12.4976
3364,9.2101,3.4021,3.4021,67937.76,61071916.00,4306618.40,269808071.03,290303580.09,560111651.12,31129.88,2.16179728,0.00027270,0.00872626,0.00545391,0.79170196,0.79715587,1004108306.28,12.4947
3365,9.2129,3.4026,3.4026,68066.90,61081715.42,4306847.52,269827117.06,290315657.40,560142774.46,31123.34,2.16134292,0.00027260,0.00872326,0.00545203,0.79161894,0.79707097,1004137429.62,12.4917
3366,9.2156,3.4030,3.4030,68196.28,61091516.14,4307076.64,269846157.06,290327734.19,560173891.26,31116.80,2.16088871,0.00027251,0.00872026,0.00545016,0.79153592,0.79698608,1004166546.42,12.4887
3367,9.2183,3.4035,3.4035,68325.91,61101318.18,4307305.75,269865191.04,290339810.48,560205001.51,31110.26,2.16043463,0.00027241,0.00871726,0.00544829,0.79145291,0.79690120,1004195656.68,12.4858
3368,9.2211,3.4039,3.4039,68455.79,61111121.52,4307534.86,269884218.99,290351886.25,560236105.24,31103.72,2.15998069,0.00027232,0.00871426,0.00544641,0.79136990,0.79681631,1004224760.40,12.4828
3369,9.2238,3.4044,3.4044,68585.91,61120926.18,4307763.97,269903240.92,290363961.50,560267202.42,31097.19,2.15952688,0.00027223,0.00871127,0.00544454,0.79128689,0.79673144,1004253857.59,12.4799
3370,9.2266,3.4048,3.4048,68716.28,61130732.15,4307993.07,269922256.84,290376036.24,560298293.08,31090.65,2.15907322,0.00027213,0.00870827,0.00544267,0.79120389,0.79664656,1004282948.24,12.4769
3371,9.2293,3.4053,3.4053,68846.90,61140539.42,4308222.17,269941266.73,290388110.47,560329377.20,31084.12,2.15861968,0.00027204,0.00870528,0.00544080,0.79112089,0.79656169,1004312032.36,12.4739
3372,9.2320,3.4058,3.4058,68977.77,61150348.01,4308451.27,269960270.61,290400184.18,560360454.80,31077.59,2.15816629,0.00027195,0.00870229,0.00543893,0.79103790,0.79647683,1004341109.96,12.4710
3373,9.2348,3.4062,3.4062,69108.88,61160157.91,4308680.36,269979268.48,290412257.38,560391525.86,31071.07,2.15771303,0.00027185,0.00869930,0.00543706,0.79095490,0.79639196,1004370181.03,12.4680
3374,9.2375,3.4067,3.4067,69240.25,61169969.12,4308909.44,269998260.34,290424330.07,560422590.41,31064.54,2.15725990,0.00027176,0.00869631,0.00543519,0.79087191,0.79630710,1004399245.57,12.4651
3375,9.2402,3.4071,3.4071,69371.86,61179781.65,4309138.52,270017246.18,290436402.24,560453648.43,31058.02,2.15680692,0.00027167,0.00869332,0.00543332,0.79078893,0.79622225,1004428303.59,12.4621
3376,9.2430,3.4076,3.4076,69503.73,61189595.48,4309367.60,270036226.02,290448473.90,560484699.92,31051.50,2.15635406,0.00027157,0.00869033,0.00543146,0.79070594,0.79613740,1004457355.09,12.4592
3377,9.2457,3.4080,3.4080,69635.84,61199410.63,4309596.68,270055199.86,290460545.05,560515744.90,31044.98,2.15590135,0.00027148,0.00868735,0.00542959,0.79062296,0.79605255,1004486400.07,12.4562
3378,9.2485,3.4085,3.4085,69768.21,61209227.09,4309825.75,270074167.69,290472615.68,560546783.37,31038.46,2.15544877,0.00027139,0.00868436,0.00542773,0.79053998,0.79596771,1004515438.53,12.4533
3379,9.2512,3.4089,3.4089,69900.83,61219044.86,4310054.81,270093129.51,290484685.80,560577815.31,31031.95,2.15499633,0.00027129,0.00868138,0.00542586,0.79045701,0.79588287,1004544470.48,12.4503
3380,9.2539,3.4094,3.4094,70033.70,61228863.94,4310283.88,270112085.34,290496755.40,560608840.75,31025.43,2.15454402,0.00027120,0.00867840,0.00542400,0.79037404,0.79579804,1004573495.91,12.4473
3381,9.2567,3.4099,3.4099,70166.82,61238684.34,4310512.93,270131035.17,290508824.50,560639859.67,31018.92,2.15409185,0.00027111,0.00867542,0.00542213,0.79029107,0.79571321,1004602514.83,12.4444
3382,9.2594,3.4103,3.4103,70300.20,61248506.04,4310741.99,270149979.01,290520893.08,560670872.08,31012.41,2.15363981,0.00027101,0.00867244,0.00542027,0.79020811,0.79562838,1004631527.25,12.4415
3383,9.2621,3.4108,3.4108,70433.83,61258329.07,4310971.04,270168916.85,290532961.14,560701877.99,31005.91,2.15318791,0.00027092,0.00866946,0.00541841,0.79012514,0.79554356,1004660533.15,12.4385
3384,9.2649,3.4112,3.4112,70567.71,61268153.40,4311200.08,270187848.69,290545028.69,560732877.39,30999.40,2.15273615,0.00027083,0.00866648,0.00541655,0.79004219,0.79545874,1004689532.55,12.4356
3385,9.2676,3.4117,3.4117,70701.85,61277979.05,4311429.13,270206774.55,290557095.73,560763870.29,30992.90,2.15228452,0.00027073,0.00866350,0.00541469,0.78995923,0.79537392,1004718525.45,12.4326
3386,9.2704,3.4121,3.4121,70836.24,61287806.01,4311658.17,270225694.42,290569162.26,560794856.68,30986.40,2.15183303,0.00027064,0.00866053,0.00541283,0.78987628,0.79528911,1004747511.84,12.4297
3387,9.2731,3.4126,3.4126,70970.89,61297634.28,4311887.20,270244608.30,290581228.28,560825836.58,30979.90,2.15138167,0.00027055,0.00865755,0.00541097,0.78979333,0.79520430,1004776491.74,12.4267
3388,9.2758,3.4131,3.4131,71105.79,61307463.87,4312116.23,270263516.20,290593293.78,560856809.98,30973.40,2.15093045,0.00027046,0.00865458,0.00540911,0.78971039,0.79511950,1004805465.14,12.4238
3389,9.2786,3.4135,3.4135,71240.95,61317294.78,4312345.26,270282418.11,290605358.77,560887776.88,30966.90,2.15047936,0.00027036,0.00865161,0.00540726,0.78962744,0.79503470,1004834432.04,12.4208
3390,9.2813,3.4140,3.4140,71376.37,61327126.99,4312574.28,270301314.05,290617423.24,560918737.29,30960.41,2.15002841,0.00027027,0.00864864,0.00540540,0.78954451,0.79494990,1004863392.45,12.4179
3391,9.2841,3.4144,3.4144,71512.04,61336960.53,4312803.30,270320204.00,290629487.20,560949691.21,30953.92,2.14957760,0.00027018,0.00864567,0.00540354,0.78946157,0.79486511,1004892346.37,12.4150
3392,9.2868,3.4149,3.4149,71647.98,61346795.37,4313032.31,270339087.98,290641550.65,560980638.63,30947.43,2.14912692,0.00027008,0.00864270,0.00540169,0.78937864,0.79478033,1004921293.80,12.4120
3393,9.2895,3.4153,3.4153,71784.17,61356631.53,4313261.32,270357965.98,290653613.59,561011579.57,30940.94,2.14867638,0.00026999,0.00863974,0.00539983,0.78929571,0.79469554,1004950234.74,12.4091
3394,9.2923,3.4158,3.4158,71920.62,61366469.01,4313490.33,270376838.01,290665676.02,561042514.03,30934.45,2.14822597,0.00026990,0.00863677,0.00539798,0.78921278,0.79461076,1004979169.19,12.4062
3395,9.2950,3.4162,3.4162,72057.33,61376307.80,4313719.33,270395704.07,290677737.93,561073442.00,30927.97,2.14777569,0.00026981,0.00863381,0.00539613,0.78912986,0.79452599,1005008097.16,12.4032
3396,9.2977,3.4167,3.4167,72194.30,61386147.91,4313948.33,270414564.15,290689799.33,561104363.49,30921.49,2.14732556,0.00026971,0.00863084,0.00539428,0.78904694,0.79444122,1005037018.65,12.4003
3397,9.3005,3.4172,3.4172,72331.53,61395989.33,4314177.33,270433418.27,290701860.22,561135278.49,30915.01,2.14687555,0.00026962,0.00862788,0.00539243,0.78896402,0.79435645,1005065933.66,12.3974
3398,9.3032,3.4176,3.4176,72469.02,61405832.06,4314406.32,270452266.43,290713920.60,561166187.02,30908.53,2.14642569,0.00026953,0.00862492,0.00539057,0.78888111,0.79427169,1005094842.19,12.3944
3399,9.3060,3.4181,3.4181,72606.77,61415676.12,4314635.31,270471108.62,290725980.46,561197089.08,30902.05,2.14597595,0.00026944,0.00862196,0.00538872,0.78879820,0.79418693,1005123744.24,12.3915
3400,9.3087,3.4185,3.4185,72744.78,61425521.49,4314864.29,270489944.84,290738039.81,561227984.66,30895.58,2.14552636,0.00026934,0.00861900,0.00538688,0.78871529,0.79410217,1005152639.82,12.3886
3401,9.3114,3.4190,3.4190,72883.06,61435368.17,4315093.27,270508775.11,290750098.65,561258873.76,30889.11,2.14507690,0.00026925,0.00861604,0.00538503,0.78863239,0.79401742,1005181528.93,12.3856
3402,9.3142,3.4194,3.4194,73021.60,61445216.17,4315322.24,270527599.42,290762156.98,561289756.40,30882.64,2.14462757,0.00026916,0.00861309,0.00538318,0.78854949,0.79393267,1005210411.56,12.3827
3403,9.3169,3.4199,3.4199,73160.40,61455065.49,4315551.21,270546417.77,290774214.80,561320632.57,30876.17,2.14417838,0.00026907,0.00861013,0.00538133,0.78846660,0.79384793,1005239287.73,12.3798
3404,9.3196,3.4204,3.4204,73299.47,61464916.12,4315780.18,270565230.17,290786272.10,561351502.27,30869.70,2.14372932,0.00026897,0.00860718,0.00537949,0.78838370,0.79376319,1005268157.43,12.3768
3405,9.3224,3.4208,3.4208,73438.80,61474768.08,4316009.14,270584036.62,290798328.89,561382365.51,30863.24,2.14328040,0.00026888,0.00860423,0.00537764,0.78830081,0.79367845,1005297020.67,12.3739
3406,9.3251,3.4213,3.4213,73578.39,61484621.34,4316238.10,270602837.11,290810385.17,561413222.28,30856.78,2.14283161,0.00026879,0.00860127,0.00537580,0.78821792,0.79359372,1005325877.45,12.3710
3407,9.3279,3.4217,3.4217,73718.25,61494475.93,4316467.06,270621631.66,290822440.94,561444072.60,30850.31,2.14238296,0.00026870,0.00859832,0.00537395,0.78813504,0.79350899,1005354727.76,12.3681
3408,9.3306,3.4222,3.4222,73858.38,61504331.83,4316696.01,270640420.25,290834496.20,561474916.45,30843.86,2.14193444,0.00026861,0.00859537,0.00537211,0.78805216,0.79342427,1005383571.62,12.3652
3409,9.3333,3.4226,3.4226,73998.77,61514189.05,4316924.96,270659202.91,290846550.95,561505753.85,30837.40,2.14148606,0.00026851,0.00859243,0.00537027,0.78796928,0.79333955,1005412409.02,12.3622
3410,9.3361,3.4231,3.4231,74139.43,61524047.59,4317153.90,270677979.62,290858605.18,561536584.80,30830.94,2.14103781,0.00026842,0.00858948,0.00536843,0.78788641,0.79325483,1005441239.96,12.3593
3411,9.3388,3.4236,3.4236,74280.36,61533907.45,4317382.84,270696750.39,290870658.90,561567409.29,30824.49,2.14058970,0.00026833,0.00858653,0.00536658,0.78780354,0.79317012,1005470064.45,12.3564
3412,9.3415,3.4240,3.4240,74421.55,61543768.62,4317611.78,270715515.22,290882712.11,561598227.33,30818.04,2.14014172,0.00026824,0.00858359,0.00536474,0.78772067,0.79308542,1005498882.49,12.3535
3413,9.3443,3.4245,3.4245,74563.02,61553631.11,4317840.71,270734274.11,290894764.81,561629038.92,30811.59,2.13969387,0.00026815,0.00858065,0.00536290,0.78763781,0.79300071,1005527694.09,12.3506
3414,9.3470,3.4249,3.4249,74704.75,61563494.92,4318069.63,270753027.07,290906817.00,561659844.07,30805.14,2.13924616,0.00026805,0.00857770,0.00536107,0.78755495,0.79291601,1005556499.23,12.3476
3415,9.3498,3.4254,3.4254,74846.75,61573360.05,4318298.56,270771774.09,290918868.68,561690642.77,30798.70,2.13879859,0.00026796,0.00857476,0.00535923,0.78747209,0.79283132,1005585297.93,12.3447
3416,9.3525,3.4259,3.4259,74989.02,61583226.50,4318527.48,270790515.18,290930919.85,561721435.02,30792.26,2.13835115,0.00026787,0.00857182,0.00535739,0.78738924,0.79274663,1005614090.19,12.3418
3417,9.3552,3.4263,3.4263,75131.56,61593094.27,4318756.39,270809250.34,290942970.50,561752220.84,30785.82,2.13790384,0.00026778,0.00856889,0.00535555,0.78730638,0.79266194,1005642876.00,12.3389
3418,9.3580,3.4268,3.4268,75274.38,61602963.36,4318985.30,270827979.57,290955020.64,561783000.21,30779.38,2.13745667,0.00026769,0.00856595,0.00535372,0.78722354,0.79257725,1005671655.38,12.3360
3419,9.3607,3.4272,3.4272,75417.46,61612833.76,4319214.21,270846702.88,290967070.28,561813773.15,30772.94,2.13700963,0.00026759,0.00856301,0.00535188,0.78714069,0.79249258,1005700428.32,12.3331
3420,9.3634,3.4277,3.4277,75560.82,61622705.49,4319443.12,270865420.26,290979119.40,561844539.66,30766.50,2.13656273,0.00026750,0.00856008,0.00535005,0.78705785,0.79240790,1005729194.82,12.3302
3421,9.3662,3.4281,3.4281,75704.45,61632578.53,4319672.02,270884131.72,290991168.01,561875299.73,30760.07,2.13611596,0.00026741,0.00855714,0.00534821,0.78697501,0.79232323,1005757954.89,12.3273
3422,9.3689,3.4286,3.4286,75848.35,61642452.90,4319900.91,270902837.26,291003216.11,561906053.36,30753.64,2.13566932,0.00026732,0.00855421,0.00534638,0.78689218,0.79223856,1005786708.53,12.3244
3423,9.3717,3.4291,3.4291,75992.52,61652328.58,4320129.80,270921536.87,291015263.70,561936800.57,30747.21,2.13522282,0.00026723,0.00855128,0.00534455,0.78680935,0.79215390,1005815455.74,12.3214
3424,9.3744,3.4295,3.4295,76136.97,61662205.58,4320358.69,270940230.58,291027310.78,561967541.35,30740.78,2.13477645,0.00026714,0.00854835,0.00534272,0.78672652,0.79206924,1005844196.52,12.3185
3425,9.3771,3.4300,3.4300,76281.70,61672083.91,4320587.58,270958918.36,291039357.35,561998275.71,30734.36,2.13433022,0.00026704,0.00854542,0.00534089,0.78664370,0.79198458,1005872930.87,12.3156
3426,9.3799,3.4304,3.4304,76426.70,61681963.56,4320816.46,270977600.24,291051403.40,562029003.64,30727.93,2.13388412,0.00026695,0.00854249,0.00533906,0.78656088,0.79189993,1005901658.80,12.3127
3427,9.3826,3.4309,3.4309,76571.97,61691844.52,4321045.33,270996276.20,291063448.95,562059725.15,30721.51,2.13343816,0.00026686,0.00853956,0.00533723,0.78647806,0.79181529,1005930380.31,12.3098
3428,9.3854,3.4313,3.4313,76717.52,61701726.81,4321274.21,271014946.25,291075493.99,562090440.24,30715.09,2.13299233,0.00026677,0.00853664,0.00533540,0.78639524,0.79173064,1005959095.40,12.3069
3429,9.3881,3.4318,3.4318,76863.35,61711610.42,4321503.07,271033610.40,291087538.51,562121148.91,30708.67,2.13254663,0.00026668,0.00853371,0.00533357,0.78631243,0.79164600,1005987804.07,12.3040
3430,9.3908,3.4323,3.4323,77009.45,61721495.35,4321731.94,271052268.64,291099582.53,562151851.17,30702.26,2.13210107,0.00026659,0.00853079,0.00533174,0.78622962,0.79156137,1006016506.33,12.3011
3431,9.3936,3.4327,3.4327,77155.84,61731381.60,4321960.80,271070920.98,291111626.03,562182547.01,30695.84,2.13165564,0.00026650,0.00852787,0.00532992,0.78614682,0.79147674,1006045202.17,12.2982
3432,9.3963,3.4332,3.4332,77302.50,61741269.17,4322189.66,271089567.41,291123669.03,562213236.44,30689.43,2.13121034,0.00026640,0.00852495,0.00532809,0.78606402,0.79139211,1006073891.60,12.2953
3433,9.3990,3.4336,3.4336,77449.44,61751158.07,4322418.51,271108207.94,291135711.51,562243919.46,30683.02,2.13076518,0.00026631,0.00852203,0.00532627,0.78598122,0.79130749,1006102574.62,12.2924
3434,9.4018,3.4341,3.4341,77596.66,61761048.28,4322647.36,271126842.58,291147753.49,562274596.07,30676.61,2.13032015,0.00026622,0.00851911,0.00532444,0.78589843,0.79122287,1006131251.23,12.2895
3435,9.4045,3.4346,3.4346,77744.15,61770939.82,4322876.20,271145471.32,291159794.95,562305266.27,30670.20,2.12987526,0.00026613,0.00851619,0.00532262,0.78581563,0.79113825,1006159921.43,12.2866
3436,9.4073,3.4350,3.4350,77891.93,61780832.68,4323105.04,271164094.16,291171835.91,562335930.07,30663.80,2.12943049,0.00026604,0.00851327,0.00532080,0.78573285,0.79105364,1006188585.23,12.2837
3437,9.4100,3.4355,3.4355,78039.99,61790726.86,4323333.88,271182711.11,291183876.35,562366587.46,30657.40,2.12898587,0.00026595,0.00851036,0.00531897,0.78565006,0.79096904,1006217242.63,12.2809
3438,9.4127,3.4359,3.4359,78188.33,61800622.37,4323562.71,271201322.18,291195916.29,562397238.46,30651.00,2.12854137,0.00026586,0.00850745,0.00531715,0.78556728,0.79088443,1006245893.62,12.2780
3439,9.4155,3.4364,3.4364,78336.96,61810519.20,4323791.54,271219927.35,291207955.71,562427883.06,30644.60,2.12809701,0.00026577,0.00850453,0.00531533,0.78548450,0.79079984,1006274538.22,12.2751
3440,9.4182,3.4369,3.4369,78485.86,61820417.35,4324020.37,271238526.63,291219994.62,562458521.26,30638.20,2.12765279,0.00026568,0.00850162,0.00531351,0.78540173,0.79071524,1006303176.42,12.2722
3441,9.4209,3.4373,3.4373,78635.05,61830316.83,4324249.19,271257120.03,291232033.03,562489153.06,30631.81,2.12720869,0.00026558,0.00849871,0.00531169,0.78531896,0.79063065,1006331808.23,12.2693
3442,9.4237,3.4378,3.4378,78784.52,61840217.62,4324478.00,271275707.55,291244070.93,562519778.47,30625.41,2.12676473,0.00026549,0.00849580,0.00530988,0.78523619,0.79054606,1006360433.64,12.2664
3443,9.4264,3.4382,3.4382,78934.28,61850119.75,4324706.82,271294289.18,291256108.31,562550397.50,30619.02,2.12632090,0.00026540,0.00849289,0.00530806,0.78515342,0.79046148,1006389052.66,12.2635
3444,9.4292,3.4387,3.4387,79084.32,61860023.19,4324935.63,271312864.94,291268145.19,562581010.13,30612.63,2.12587721,0.00026531,0.00848998,0.00530624,0.78507066,0.79037690,1006417665.29,12.2606
3445,9.4319,3.4392,3.4392,79234.65,61869927.96,4325164.43,271331434.82,291280181.56,562611616.37,30606.24,2.12543365,0.00026522,0.00848708,0.00530442,0.78498791,0.79029233,1006446271.54,12.2577
3446,9.4346,3.4396,3.4396,79385.26,61879834.05,4325393.23,271349998.82,291292217.41,562642216.23,30599.86,2.12499022,0.00026513,0.00848417,0.00530261,0.78490515,0.79020776,1006474871.39,12.2549
3447,9.4374,3.4401,3.4401,79536.16,61889741.47,4325622.03,271368556.95,291304252.76,562672809.71,30593.48,2.12454693,0.00026504,0.00848127,0.00530079,0.78482240,0.79012319,1006503464.87,12.2520
3448,9.4401,3.4405,3.4405,79687.34,61899650.21,4325850.82,271387109.20,291316287.60,562703396.80,30587.09,2.12410377,0.00026495,0.00847837,0.00529898,0.78473965,0.79003863,1006532051.96,12.2491
3449,9.4428,3.4410,3.4410,79838.82,61909560.28,4326079.61,271405655.59,291328321.93,562733977.52,30580.71,2.12366074,0.00026486,0.00847547,0.00529717,0.78465691,0.78995407,1006560632.68,12.2462
3450,9.4456,3.4415,3.4415,79990.58,61919471.67,4326308.40,271424196.10,291340355.75,562764551.85,30574.34,2.12321785,0.00026477,0.00847257,0.00529535,0.78457417,0.78986952,1006589207.02,12.2433
3451,9.4483,3.4419,3.4419,80142.63,61929384.39,4326537.18,271442730.75,291352389.06,562795119.81,30567.96,2.12277508,0.00026468,0.00846967,0.00529354,0.78449143,0.78978497,1006617774.98,12.2405
3452,9.4511,3.4424,3.4424,80294.97,61939298.43,4326765.96,271461259.54,291364421.86,562825681.40,30561.59,2.12233245,0.00026459,0.00846677,0.00529173,0.78440870,0.78970043,1006646336.56,12.2376
3453,9.4538,3.4428,3.4428,80447.59,61949213.80,4326994.73,271479782.46,291376454.16,562856236.62,30555.22,2.12188996,0.00026450,0.00846387,0.00528992,0.78432596,0.78961588,1006674891.78,12.2347
3454,9.4565,3.4433,3.4433,80600.51,61959130.49,4327223.50,271498299.52,291388485.94,562886785.46,30548.85,2.12144759,0.00026441,0.00846098,0.00528811,0.78424324,0.78953135,1006703440.63,12.2318
3455,9.4593,3.4438,3.4438,80753.72,61969048.51,4327452.27,271516810.73,291400517.21,562917327.94,30542.48,2.12100536,0.00026432,0.00845808,0.00528630,0.78416051,0.78944681,1006731983.10,12.2290
3456,9.4620,3.4442,3.4442,80907.22,61978967.85,4327681.03,271535316.07,291412547.98,562947864.05,30536.11,2.12056327,0.00026422,0.00845519,0.00528449,0.78407779,0.78936229,1006760519.21,12.2261
3457,9.4648,3.4447,3.4447,81061.01,61988888.52,4327909.79,271553815.56,291424578.24,562978393.80,30529.75,2.12012130,0.00026413,0.00845230,0.00528269,0.78399507,0.78927776,1006789048.96,12.2232
3458,9.4675,3.4451,3.4451,81215.09,61998810.52,4328138.54,271572309.20,291436607.99,563008917.18,30523.38,2.11967947,0.00026404,0.00844941,0.00528088,0.78391236,0.78919324,1006817572.34,12.2203
3459,9.4702,3.4456,3.4456,81369.47,62008733.84,4328367.29,271590796.98,291448637.23,563039434.21,30517.02,2.11923777,0.00026395,0.00844652,0.00527907,0.78382965,0.78910872,1006846089.37,12.2175
3460,9.4730,3.4461,3.4461,81524.14,62018658.49,4328596.04,271609278.91,291460665.96,563069944.87,30510.67,2.11879620,0.00026386,0.00844363,0.00527727,0.78374694,0.78902421,1006874600.03,12.2146
3461,9.4757,3.4465,3.4465,81679.11,62028584.47,4328824.78,271627755.00,291472694.18,563100449.18,30504.31,2.11835477,0.00026377,0.00844074,0.00527546,0.78366424,0.78893970,1006903104.34,12.2117
3462,9.4784,3.4470,3.4470,81834.36,62038511.77,4329053.52,271646225.24,291484721.90,563130947.13,30497.95,2.11791347,0.00026368,0.00843785,0.00527366,0.78358154,0.78885520,1006931602.30,12.2089
3463,9.4812,3.4474,3.4474,81989.92,62048440.40,4329282.26,271664689.63,291496749.10,563161438.73,30491.60,2.11747230,0.00026359,0.00843497,0.00527186,0.78349884,0.78877070,1006960093.90,12.2060
3464,9.4839,3.4479,3.4479,82145.77,62058370.36,4329510.99,271683148.19,291508775.80,563191923.98,30485.25,2.11703126,0.00026350,0.00843208,0.00527005,0.78341615,0.78868620,1006988579.15,12.2031
3465,9.4867,3.4484,3.4484,82301.91,62068301.64,4329739.71,271701600.90,291520801.99,563222402.89,30478.90,2.11659035,0.00026341,0.00842920,0.00526825,0.78333346,0.78860171,1007017058.05,12.2003
3466,9.4894,3.4488,3.4488,82458.36,62078234.25,4329968.44,271720047.77,291532827.67,563252875.44,30472.55,2.11614958,0.00026332,0.00842632,0.00526645,0.78325077,0.78851722,1007045530.60,12.1974
3467,9.4921,3.4493,3.4493,82615.10,62088168.19,4330197.16,271738488.81,291544852.84,563283341.65,30466.21,2.11570894,0.00026323,0.00842344,0.00526465,0.78316809,0.78843274,1007073996.81,12.1945
3468,9.4949,3.4497,3.4497,82772.13,62098103.46,4330425.87,271756924.01,291556877.51,563313801.51,30459.87,2.11526843,0.00026314,0.00842056,0.00526285,0.78308541,0.78834826,1007102456.68,12.1917
3469,9.4976,3.4502,3.4502,82929.47,62108040.06,4330654.58,271775353.38,291568901.66,563344255.04,30453.52,2.11482806,0.00026305,0.00841768,0.00526105,0.78300273,0.78826378,1007130910.20,12.1888
3470,9.5003,3.4507,3.4507,83087.11,62117977.98,4330883.29,271793776.91,291580925.31,563374702.22,30447.18,2.11438781,0.00026296,0.00841480,0.00525925,0.78292006,0.78817931,1007159357.39,12.1859
3471,9.5031,3.4511,3.4511,83245.04,62127917.24,4331111.99,271812194.62,291592948.45,563405143.07,30440.85,2.11394770,0.00026287,0.00841193,0.00525746,0.78283739,0.78809484,1007187798.23,12.1831
3472,9.5058,3.4516,3.4516,83403.28,62137857.82,4331340.69,271830606.50,291604971.08,563435577.58,30434.51,2.11350772,0.00026278,0.00840905,0.00525566,0.78275472,0.78801038,1007216232.74,12.1802
3473,9.5086,3.4521,3.4521,83561.81,62147799.73,4331569.39,271849012.55,291616993.21,563466005.76,30428.18,2.11306788,0.00026269,0.00840618,0.00525386,0.78267206,0.78792592,1007244660.92,12.1774
3474,9.5113,3.4525,3.4525,83720.65,62157742.97,4331798.08,271867412.78,291629014.82,563496427.60,30421.85,2.11262816,0.00026260,0.00840331,0.00525207,0.78258940,0.78784147,1007273082.77,12.1745
3475,9.5140,3.4530,3.4530,83879.79,62167687.54,4332026.77,271885807.19,291641035.93,563526843.12,30415.52,2.11218858,0.00026251,0.00840044,0.00525027,0.78250674,0.78775701,1007301498.28,12.1717
3476,9.5168,3.4534,3.4534,84039.23,62177633.44,4332255.45,271904195.77,291653056.53,563557252.31,30409.19,2.11174913,0.00026242,0.00839757,0.00524848,0.78242409,0.78767257,1007329907.47,12.1688
3477,9.5195,3.4539,3.4539,84198.98,62187580.66,4332484.13,271922578.54,291665076.63,563587655.17,30402.86,2.11130981,0.00026233,0.00839470,0.00524668,0.78234144,0.78758813,1007358310.33,12.1660
3478,9.5222,3.4544,3.4544,84359.02,62197529.22,4332712.81,271940955.49,291677096.21,563618051.70,30396.54,2.11087062,0.00026224,0.00839183,0.00524489,0.78225879,0.78750369,1007386706.87,12.1631
3479,9.5250,3.4548,3.4548,84519.38,62207479.11,4332941.48,271959326.63,291689115.29,563648441.92,30390.21,2.11043157,0.00026216,0.00838896,0.00524310,0.78217615,0.78741925,1007415097.08,12.1602
3480,9.5277,3.4553,3.4553,84680.03,62217430.33,4333170.15,271977691.95,291701133.86,563678825.81,30383.89,2.10999264,0.00026207,0.00838610,0.00524131,0.78209351,0.78733482,1007443480.98,12.1574
3481,9.5305,3.4557,3.4557,84841.00,62227382.87,4333398.81,271996051.46,291713151.92,563709203.39,30377.58,2.10955385,0.00026198,0.00838323,0.00523952,0.78201088,0.78725040,1007471858.55,12.1545
3482,9.5332,3.4562,3.4562,85002.27,62237336.75,4333627.47,272014405.17,291725169.48,563739574.65,30371.26,2.10911519,0.00026189,0.00838037,0.00523773,0.78192825,0.78716597,1007500229.81,12.1517
3483,9.5359,3.4567,3.4567,85163.84,62247291.96,4333856.13,272032753.06,291737186.53,563769939.59,30364.94,2.10867666,0.00026180,0.00837750,0.00523594,0.78184562,0.78708156,1007528594.75,12.1489
3484,9.5387,3.4571,3.4571,85325.72,62257248.50,4334084.78,272051095.15,291749203.07,563800298.22,30358.63,2.10823826,0.00026171,0.00837464,0.00523415,0.78176299,0.78699714,1007556953.39,12.1460
3485,9.5414,3.4576,3.4576,85487.92,62267206.37,4334313.43,272069431.44,291761219.11,563830650.54,30352.32,2.10780000,0.00026162,0.00837178,0.00523236,0.78168037,0.78691273,1007585305.71,12.1432
3486,9.5441,3.4581,3.4581,85650.41,62277165.57,4334542.07,272087761.92,291773234.63,563860996.55,30346.01,2.10736186,0.00026153,0.00836892,0.00523058,0.78159775,0.78682833,1007613651.72,12.1403
3487,9.5469,3.4585,3.4585,85813.22,62287126.11,4334770.71,272106086.60,291785249.65,563891336.26,30339.70,2.10692386,0.00026144,0.00836607,0.00522879,0.78151514,0.78674393,1007641991.42,12.1375
3488,9.5496,3.4590,3.4590,85976.34,62297087.97,4334999.35,272124405.49,291797264.17,563921669.66,30333.40,2.10648599,0.00026135,0.00836321,0.00522701,0.78143252,0.78665953,1007670324.82,12.1346
3489,9.5524,3.4594,3.4594,86139.77,62307051.17,4335227.98,272142718.58,291809278.17,563951996.75,30327.09,2.10604825,0.00026126,0.00836035,0.00522522,0.78134992,0.78657514,1007698651.91,12.1318
3490,9.5551,3.4599,3.4599,86303.50,62317015.70,4335456.61,272161025.87,291821291.67,563982317.54,30320.79,2.10561064,0.00026117,0.00835750,0.00522344,0.78126731,0.78649075,1007726972.71,12.1289
3491,9.5578,3.4604,3.4604,86467.55,62326981.56,4335685.24,272179327.37,291833304.66,564012632.04,30314.49,2.10517317,0.00026108,0.00835465,0.00522165,0.78118471,0.78640637,1007755287.20,12.1261
3492,9.5606,3.4608,3.4608,86631.91,62336948.75,4335913.86,272197623.08,291845317.15,564042940.23,30308.20,2.10473582,0.00026099,0.00835179,0.00521987,0.78110211,0.78632199,1007783595.40,12.1233
3493,9.5633,3.4613,3.4613,86796.59,62346917.28,4336142.48,272215913.00,291857329.13,564073242.13,30301.90,2.10429860,0.00026090,0.00834894,0.00521809,0.78101952,0.78623761,1007811897.30,12.1204
3494,9.5661,3.4618,3.4618,86961.57,62356887.13,4336371.09,272234197.14,291869340.60,564103537.74,30295.61,2.10386152,0.00026082,0.00834609,0.00521631,0.78093693,0.78615324,1007840192.90,12.1176
3495,9.5688,3.4622,3.4622,87126.87,62366858.32,4336599.70,272252475.49,291881351.57,564133827.05,30289.31,2.10342457,0.00026073,0.00834324,0.00521453,0.78085434,0.78606887,1007868482.21,12.1148
3496,9.5715,3.4627,3.4627,87292.49,62376830.85,4336828.31,272270748.05,291893362.02,564164110.08,30283.02,2.10298775,0.00026064,0.00834040,0.00521275,0.78077176,0.78598451,1007896765.24,12.1119
3497,9.5743,3.4631,3.4631,87458.42,62386804.70,4337056.91,272289014.83,291905371.98,564194386.81,30276.74,2.10255106,0.00026055,0.00833755,0.00521097,0.78068918,0.78590015,1007925041.97,12.1091
3498,9.5770,3.4636,3.4636,87624.66,62396779.89,4337285.51,272307275.84,291917381.42,564224657.26,30270.45,2.10211450,0.00026046,0.00833471,0.00520919,0.78060660,0.78581579,1007953312.42,12.1063
3499,9.5797,3.4641,3.4641,87791.22,62406756.42,4337514.10,272325531.06,291929390.36,564254921.42,30264.16,2.10167807,0.00026037,0.00833186,0.00520741,0.78052403,0.78573144,1007981576.59,12.1034
3500,9.5825,3.4645,3.4645,87958.10,62416734.27,4337742.69,272343780.51,291941398.80,564285179.31,30257.88,2.10124177,0.00026028,0.00832902,0.00520564,0.78044146,0.78564709,1008009834.47,12.1006
3501,9.5852,3.4650,3.4650,88125.29,62426713.47,4337971.28,272362024.18,291953406.72,564315430.91,30251.60,2.10080561,0.00026019,0.00832618,0.00520386,0.78035889,0.78556275,1008038086.07,12.0978
3502,9.5880,3.4655,3.4655,88292.80,62436693.99,4338199.86,272380262.08,291965414.14,564345676.23,30245.32,2.10036957,0.00026010,0.00832334,0.00520208,0.78027633,0.78547841,1008066331.39,12.0949
3503,9.5907,3.4659,3.4659,88460.63,62446675.85,4338428.44,272398494.21,291977421.06,564375915.27,30239.04,2.09993367,0.00026002,0.00832050,0.00520031,0.78019377,0.78539408,1008094570.44,12.0921
3504,9.5934,3.4664,3.4664,88628.78,62456659.04,4338657.01,272416720.58,291989427.47,564406148.04,30232.77,2.09949789,0.00025993,0.00831766,0.00519854,0.78011121,0.78530975,1008122803.21,12.0893
3505,9.5962,3.4669,3.4669,88797.25,62466643.57,4338885.58,272434941.17,292001433.37,564436374.54,30226.50,2.09906225,0.00025984,0.00831482,0.00519676,0.78002866,0.78522542,1008151029.70,12.0864
3506,9.5989,3.4673,3.4673,88966.04,62476629.43,4339114.15,272453156.00,292013438.77,564466594.76,30220.23,2.09862674,0.00025975,0.00831198,0.00519499,0.77994611,0.78514110,1008179249.93,12.0836
3507,9.6016,3.4678,3.4678,89135.15,62486616.63,4339342.71,272471365.06,292025443.66,564496808.72,30213.96,2.09819136,0.00025966,0.00830915,0.00519322,0.77986357,0.78505678,1008207463.88,12.0808
3508,9.6044,3.4682,3.4682,89304.58,62496605.17,4339571.27,272489568.37,292037448.04,564527016.41,30207.69,2.09775611,0.00025957,0.00830631,0.00519145,0.77978102,0.78497247,1008235671.57,12.0780
3509,9.6071,3.4687,3.4687,89474.33,62506595.03,4339799.83,272507765.91,292049451.92,564557217.83,30201.42,2.09732099,0.00025948,0.00830348,0.00518968,0.77969849,0.78488816,1008263872.99,12.0752
3510,9.6099,3.4692,3.4692,89644.41,62516586.24,4340028.38,272525957.69,292061455.29,564587412.99,30195.16,2.09688600,0.00025940,0.00830065,0.00518791,0.77961595,0.78480386,1008292068.15,12.0723
3511,9.6126,3.4696,3.4696,89814.81,62526578.78,4340256.92,272544143.72,292073458.16,564617601.88,30188.90,2.09645114,0.00025931,0.00829782,0.00518614,0.77953342,0.78471956,1008320257.05,12.0695
3512,9.6153,3.4701,3.4701,89985.53,62536572.65,4340485.47,272562324.00,292085460.52,564647784.52,30182.64,2.09601641,0.00025922,0.00829499,0.00518437,0.77945089,0.78463526,1008348439.68,12.0667
3513,9.6181,3.4706,3.4706,90156.58,62546567.86,4340714.01,272580498.52,292097462.38,564677960.90,30176.38,2.09558181,0.00025913,0.00829216,0.00518260,0.77936837,0.78455097,1008376616.06,12.0639
3514,9.6208,3.4710,3.4710,90327.95,62556564.41,4340942.54,272598667.29,292109463.73,564708131.02,30170.12,2.09514734,0.00025904,0.00828933,0.00518083,0.77928585,0.78446668,1008404786.18,12.0611
3515,9.6235,3.4715,3.4715,90499.65,62566562.29,4341171.07,272616830.31,292121464.58,564738294.89,30163.87,2.09471301,0.00025895,0.00828651,0.00517907,0.77920333,0.78438240,1008432950.05,12.0582
3516,9.6263,3.4720,3.4720,90671.68,62576561.51,4341399.60,272634987.59,292133464.92,564768452.50,30157.61,2.09427880,0.00025887,0.00828368,0.00517730,0.77912081,0.78429812,1008461107.67,12.0554
3517,9.6290,3.4724,3.4724,90844.03,62586562.07,4341628.13,272653139.12,292145464.75,564798603.87,30151.36,2.09384472,0.00025878,0.00828086,0.00517554,0.77903830,0.78421384,1008489259.03,12.0526
3518,9.6318,3.4729,3.4729,91016.71,62596563.96,4341856.65,272671284.90,292157464.08,564828748.98,30145.12,2.09341077,0.00025869,0.00827804,0.00517377,0.77895580,0.78412957,1008517404.14,12.0498
3519,9.6345,3.4733,3.4733,91189.72,62606567.19,4342085.16,272689424.95,292169462.90,564858887.85,30138.87,2.09297696,0.00025860,0.00827521,0.00517201,0.77887329,0.78404530,1008545543.01,12.0470
3520,9.6372,3.4738,3.4738,91363.06,62616571.76,4342313.67,272707559.25,292181461.22,564889020.47,30132.62,2.09254327,0.00025851,0.00827239,0.00517025,0.77879079,0.78396104,1008573675.64,12.0442
3521,9.6400,3.4743,3.4743,91536.72,62626577.67,4342542.18,272725687.82,292193459.04,564919146.85,30126.38,2.09210971,0.00025842,0.00826957,0.00516848,0.77870830,0.78387678,1008601802.02,12.0414
3522,9.6427,3.4747,3.4747,91710.72,62636584.91,4342770.69,272743810.65,292205456.34,564949266.99,30120.14,2.09167629,0.00025834,0.00826676,0.00516672,0.77862581,0.78379253,1008629922.15,12.0386
3523,9.6454,3.4752,3.4752,91885.05,62646593.49,4342999.19,272761927.74,292217453.15,564979380.89,30113.90,2.09124299,0.00025825,0.00826394,0.00516496,0.77854332,0.78370828,1008658036.05,12.0357
3524,9.6482,3.4757,3.4757,92059.70,62656603.41,4343227.68,272780039.11,292229449.45,565009488.55,30107.66,2.09080982,0.00025816,0.00826112,0.00516320,0.77846083,0.78362403,1008686143.71,12.0329
3525,9.6509,3.4761,3.4761,92234.69,62666614.67,4343456.18,272798144.74,292241445.24,565039589.98,30101.43,2.09037679,0.00025807,0.00825831,0.00516144,0.77837835,0.78353979,1008714245.14,12.0301
3526,9.6537,3.4766,3.4766,92410.02,62676627.26,4343684.67,272816244.64,292253440.53,565069685.17,30095.19,2.08994388,0.00025798,0.00825549,0.00515968,0.77829587,0.78345555,1008742340.33,12.0273
3527,9.6564,3.4771,3.4771,92585.67,62686641.20,4343913.15,272834338.82,292265435.31,565099774.13,30088.96,2.08951110,0.00025790,0.00825268,0.00515793,0.77821339,0.78337132,1008770429.29,12.0245
3528,9.6591,3.4775,3.4775,92761.66,62696656.47,4344141.63,272852427.27,292277429.59,565129856.86,30082.73,2.08907846,0.00025781,0.00824987,0.00515617,0.77813092,0.78328709,1008798512.02,12.0217
3529,9.6619,3.4780,3.4780,92937.99,62706673.08,4344370.11,272870509.99,292289423.37,565159933.36,30076.50,2.08864594,0.00025772,0.00824706,0.00515441,0.77804846,0.78320287,1008826588.52,12.0189
3530,9.6646,3.4785,3.4785,93114.65,62716691.03,4344598.58,272888587.00,292301416.64,565190003.64,30070.28,2.08821355,0.00025763,0.00824425,0.00515266,0.77796599,0.78311865,1008854658.80,12.0161
3531,9.6674,3.4789,3.4789,93291.65,62726710.32,4344827.05,272906658.28,292313409.40,565220067.69,30064.05,2.08778130,0.00025755,0.00824144,0.00515090,0.77788353,0.78303443,1008882722.85,12.0133
3532,9.6701,3.4794,3.4794,93468.98,62736730.95,4345055.52,272924723.85,292325401.66,565250125.51,30057.83,2.08734917,0.00025746,0.00823863,0.00514915,0.77780107,0.78295022,1008910780.68,12.0105
3533,9.6728,3.4799,3.4799,93646.65,62746752.92,4345283.98,272942783.70,292337393.42,565280177.12,30051.61,2.08691717,0.00025737,0.00823583,0.00514739,0.77771862,0.78286601,1008938832.28,12.0077
3534,9.6756,3.4803,3.4803,93824.65,62756776.22,4345512.44,272960837.84,292349384.67,565310222.51,30045.39,2.08648530,0.00025728,0.00823302,0.00514564,0.77763617,0.78278181,1008966877.67,12.0049
3535,9.6783,3.4808,3.4808,94003.00,62766800.87,4345740.89,272978886.26,292361375.42,565340261.68,30039.17,2.08605356,0.00025719,0.00823022,0.00514389,0.77755372,0.78269761,1008994916.84,12.0021
3536,9.6810,3.4812,3.4812,94181.68,62776826.86,4345969.34,272996928.97,292373365.66,565370294.64,30032.96,2.08562195,0.00025711,0.00822742,0.00514214,0.77747128,0.78261341,1009022949.80,11.9993
3537,9.6838,3.4817,3.4817,94360.71,62786854.19,4346197.79,273014965.98,292385355.40,565400321.38,30026.74,2.08519047,0.00025702,0.00822461,0.00514038,0.77738884,0.78252922,1009050976.54,11.9965
3538,9.6865,3.4822,3.4822,94540.07,62796882.86,4346426.23,273032997.27,292397344.64,565430341.91,30020.53,2.08475912,0.00025693,0.00822181,0.00513863,0.77730640,0.78244504,1009078997.07,11.9937
3539,9.6893,3.4826,3.4826,94719.78,62806912.87,4346654.67,273051022.86,292409333.37,565460356.23,30014.32,2.08432790,0.00025684,0.00821901,0.00513688,0.77722397,0.78236086,1009107011.40,11.9909
3540,9.6920,3.4831,3.4831,94899.82,62816944.22,4346883.11,273069042.75,292421321.60,565490364.35,30008.11,2.08389680,0.00025676,0.00821622,0.00513514,0.77714154,0.78227668,1009135019.51,11.9881
3541,9.6947,3.4836,3.4836,95080.21,62826976.91,4347111.54,273087056.94,292433309.32,565520366.26,30001.91,2.08346584,0.00025667,0.00821342,0.00513339,0.77705912,0.78219250,1009163021.42,11.9853
3542,9.6975,3.4840,3.4840,95260.95,62837010.94,4347339.96,273105065.42,292445296.54,565550361.96,29995.70,2.08303501,0.00025658,0.00821062,0.00513164,0.77697669,0.78210833,1009191017.12,11.9826
3543,9.7002,3.4845,3.4845,95442.02,62847046.31,4347568.39,273123068.21,292457283.25,565580351.46,29989.50,2.08260430,0.00025649,0.00820783,0.00512989,0.77689428,0.78202417,1009219006.62,11.9798
3544,9.7029,3.4850,3.4850,95623.44,62857083.03,4347796.81,273141065.30,292469269.47,565610334.76,29983.30,2.08217373,0.00025641,0.00820503,0.00512815,0.77681186,0.78194001,1009246989.93,11.9770
3545,9.7057,3.4854,3.4854,95805.21,62867121.09,4348025.22,273159056.69,292481255.17,565640311.87,29977.10,2.08174328,0.00025632,0.00820224,0.00512640,0.77672945,0.78185585,1009274967.03,11.9742
3546,9.7084,3.4859,3.4859,95987.32,62877160.49,4348253.63,273177042.40,292493240.38,565670282.77,29970.91,2.08131296,0.00025623,0.00819945,0.00512466,0.77664704,0.78177170,1009302937.94,11.9714
3547,9.7112,3.4864,3.4864,96169.77,62887201.23,4348482.04,273195022.41,292505225.08,565700247.49,29964.71,2.08088277,0.00025615,0.00819666,0.00512291,0.77656464,0.78168755,1009330902.65,11.9686
3548,9.7139,3.4868,3.4868,96352.58,62897243.31,4348710.44,273212996.73,292517209.27,565730206.00,29958.52,2.08045272,0.00025606,0.00819387,0.00512117,0.77648224,0.78160341,1009358861.17,11.9658
3549,9.7166,3.4873,3.4873,96535.73,62907286.74,4348938.84,273230965.36,292529192.97,565760158.33,29952.33,2.08002278,0.00025597,0.00819108,0.00511943,0.77639984,0.78151927,1009386813.50,11.9630
3550,9.7194,3.4878,3.4878,96719.22,62917331.50,4349167.24,273248928.31,292541176.16,565790104.47,29946.14,2.07959298,0.00025588,0.00818830,0.00511768,0.77631745,0.78143513,1009414759.63,11.9603
3551,9.7221,3.4882,3.4882,96903.07,62927377.62,4349395.63,273266885.58,292553158.84,565820044.42,29939.95,2.07916331,0.00025580,0.00818551,0.00511594,0.77623506,0.78135100,1009442699.59,11.9575
3552,9.7248,3.4887,3.4887,97087.27,62937425.07,4349624.02,273284837.16,292565141.03,565849978.19,29933.77,2.07873377,0.00025571,0.00818272,0.00511420,0.77615267,0.78126688,1009470633.35,11.9547
3553,9.7276,3.4892,3.4892,97271.82,62947473.87,4349852.41,273302783.07,292577122.71,565879905.77,29927.58,2.07830435,0.00025562,0.00817994,0.00511246,0.77607029,0.78118276,1009498560.93,11.9519
3554,9.7303,3.4896,3.4896,97456.71,62957524.01,4350080.79,273320723.29,292589103.88,565909827.17,29921.40,2.07787507,0.00025554,0.00817716,0.00511072,0.77598791,0.78109864,1009526482.34,11.9491
3555,9.7331,3.4901,3.4901,97641.96,62967575.49,4350309.16,273338657.84,292601084.56,565939742.39,29915.22,2.07744591,0.00025545,0.00817438,0.00510898,0.77590554,0.78101452,1009554397.56,11.9464
3556,9.7358,3.4906,3.4906,97827.57,62977628.32,4350537.54,273356586.71,292613064.73,565969651.44,29909.04,2.07701688,0.00025536,0.00817160,0.00510725,0.77582317,0.78093041,1009582306.60,11.9436
3557,9.7385,3.4910,3.4910,98013.52,62987682.49,4350765.91,273374509.91,292625044.39,565999554.30,29902.87,2.07658798,0.00025528,0.00816882,0.00510551,0.77574080,0.78084631,1009610209.47,11.9408
3558,9.7413,3.4915,3.4915,98199.83,62997738.01,4350994.27,273392427.44,292637023.56,566029451.00,29896.69,2.07615921,0.00025519,0.00816604,0.00510377,0.77565844,0.78076221,1009638106.16,11.9380
3559,9.7440,3.4920,3.4920,98386.49,63007794.87,4351222.63,273410339.30,292649002.22,566059341.52,29890.52,2.07573056,0.00025510,0.00816326,0.00510204,0.77557607,0.78067811,1009665996.68,11.9353
3560,9.7467,3.4924,3.4924,98573.51,63017853.07,4351450.99,273428245.49,292660980.38,566089225.87,29884.35,2.07530205,0.00025502,0.00816048,0.00510030,0.77549372,0.78059402,1009693881.03,11.9325
3561,9.7495,3.4929,3.4929,98760.88,63027912.62,4351679.34,273446146.02,292672958.03,566119104.05,29878.18,2.07487366,0.00025493,0.00815771,0.00509857,0.77541136,0.78050993,1009721759.21,11.9297
3562,9.7522,3.4934,3.4934,98948.61,63037973.51,4351907.69,273464040.88,292684935.18,566148976.06,29872.01,2.07444541,0.00025484,0.00815494,0.00509683,0.77532901,0.78042585,1009749631.22,11.9269
3563,9.7550,3.4938,3.4938,99136.69,63048035.75,4352136.04,273481930.08,292696911.83,566178841.91,29865.85,2.07401728,0.00025476,0.00815216,0.00509510,0.77524667,0.78034177,1009777497.07,11.9242
3564,9.7577,3.4943,3.4943,99325.13,63058099.34,4352364.38,273499813.61,292708887.98,566208701.60,29859.69,2.07358928,0.00025467,0.00814939,0.00509337,0.77516433,0.78025769,1009805356.76,11.9214
3565,9.7604,3.4948,3.4948,99513.94,63068164.27,4352592.72,273517691.49,292720863.62,566238555.12,29853.52,2.07316140,0.00025458,0.00814662,0.00509164,0.77508199,0.78017362,1009833210.28,11.9186
3566,9.7632,3.4952,3.4952,99703.10,63078230.54,4352821.05,273535563.72,292732838.77,566268402.48,29847.36,2.07273366,0.00025450,0.00814385,0.00508991,0.77499965,0.78008956,1009861057.65,11.9159
3567,9.7659,3.4957,3.4957,99892.62,63088298.16,4353049.38,273553430.29,292744813.41,566298243.69,29841.21,2.07230604,0.00025441,0.00814108,0.00508818,0.77491732,0.78000550,1009888898.85,11.9131
3568,9.7687,3.4962,3.4962,100082.49,63098367.13,4353277.71,273571291.20,292756787.54,566328078.74,29835.05,2.07187856,0.00025432,0.00813831,0.00508645,0.77483499,0.77992144,1009916733.91,11.9103
3569,9.7714,3.4966,3.4966,100272.74,63108437.44,4353506.03,273589146.46,292768761.18,566357907.64,29828.90,2.07145120,0.00025424,0.00813555,0.00508472,0.77475267,0.77983738,1009944562.80,11.9076
3570,9.7741,3.4971,3.4971,100463.34,63118509.10,4353734.35,273606996.08,292780734.31,566387730.38,29822.75,2.07102396,0.00025415,0.00813278,0.00508299,0.77467035,0.77975334,1009972385.55,11.9048
3571,9.7769,3.4976,3.4976,100654.30,63128582.10,4353962.67,273624840.04,292792706.94,566417546.98,29816.59,2.07059686,0.00025406,0.00813002,0.00508126,0.77458803,0.77966929,1010000202.14,11.9020
3572,9.7796,3.4980,3.4980,100845.63,63138656.45,4354190.98,273642678.36,292804679.07,566447357.43,29810.45,2.07016989,0.00025398,0.00812726,0.00507954,0.77450572,0.77958525,1010028012.59,11.8993
3573,9.7823,3.4985,3.4985,101037.32,63148732.15,4354419.29,273660511.03,292816650.69,566477161.73,29804.30,2.06974304,0.00025389,0.00812449,0.00507781,0.77442341,0.77950121,1010055816.89,11.8965
3574,9.7851,3.4990,3.4990,101229.38,63158809.20,4354647.59,273678338.07,292828621.82,566506959.88,29798.15,2.06931632,0.00025380,0.00812173,0.00507608,0.77434110,0.77941718,1010083615.04,11.8938
3575,9.7878,3.4994,3.4994,101421.80,63168887.59,4354875.89,273696159.46,292840592.44,566536751.89,29792.01,2.06888973,0.00025372,0.00811897,0.00507436,0.77425880,0.77933316,1010111407.06,11.8910
3576,9.7906,3.4999,3.4999,101614.58,63178967.33,4355104.19,273713975.21,292852562.56,566566537.76,29785.87,2.06846326,0.00025363,0.00811622,0.00507263,0.77417650,0.77924913,1010139192.93,11.8882
3577,9.7933,3.5004,3.5004,101807.74,63189048.41,4355332.48,273731785.32,292864532.17,566596317.50,29779.73,2.06803693,0.00025355,0.00811346,0.00507091,0.77409420,0.77916511,1010166972.66,11.8855
3578,9.7960,3.5008,3.5008,102001.26,63199130.85,4355560.77,273749589.80,292876501.29,566626091.09,29773.59,2.06761072,0.00025346,0.00811070,0.00506919,0.77401191,0.77908110,1010194746.25,11.8827
3579,9.7988,3.5013,3.5013,102195.14,63209214.63,4355789.05,273767388.65,292888469.90,566655858.55,29767.46,2.06718464,0.00025337,0.00810795,0.00506747,0.77392962,0.77899709,1010222513.71,11.8800
3580,9.8015,3.5018,3.5018,102389.40,63219299.76,4356017.33,273785181.86,292900438.01,566685619.87,29761.33,2.06675869,0.00025329,0.00810519,0.00506575,0.77384734,0.77891308,1010250275.04,11.8772
3581,9.8042,3.5022,3.5022,102584.03,63229386.24,4356245.61,273802969.44,292912405.62,566715375.07,29755.19,2.06633286,0.00025320,0.00810244,0.00506402,0.77376506,0.77882908,1010278030.23,11.8745
3582,9.8070,3.5027,3.5027,102779.02,63239474.07,4356473.88,273820751.40,292924372.73,566745124.13,29749.06,2.06590716,0.00025312,0.00809969,0.00506230,0.77368278,0.77874509,1010305779.29,11.8717
3583,9.8097,3.5032,3.5032,102974.39,63249563.24,4356702.15,273838527.73,292936339.34,566774867.06,29742.93,2.06548159,0.00025303,0.00809694,0.00506059,0.77360051,0.77866109,1010333522.23,11.8690
3584,9.8125,3.5037,3.5037,103170.13,63259653.76,4356930.41,273856298.43,292948305.44,566804603.87,29736.81,2.06505615,0.00025294,0.00809419,0.00505887,0.77351824,0.77857710,1010361259.04,11.8662
3585,9.8152,3.5041,3.5041,103366.23,63269745.64,4357158.68,273874063.51,292960271.05,566834334.56,29730.68,2.06463084,0.00025286,0.00809144,0.00505715,0.77343597,0.77849312,1010388989.72,11.8635
3586,9.8179,3.5046,3.5046,103562.72,63279838.86,4357386.93,273891822.97,292972236.15,566864059.12,29724.56,2.06420565,0.00025277,0.00808869,0.00505543,0.77335371,0.77840914,1010416714.28,11.8607
3587,9.8207,3.5051,3.5051,103759.57,63289933.43,4357615.19,273909576.81,292984200.75,566893777.56,29718.44,2.06378059,0.00025269,0.00808594,0.00505371,0.77327145,0.77832517,1010444432.72,11.8580
3588,9.8234,3.5055,3.5055,103956.80,63300029.35,4357843.44,273927325.03,292996164.85,566923489.88,29712.32,2.06335566,0.00025260,0.00808320,0.00505200,0.77318920,0.77824119,1010472145.04,11.8552
3589,9.8261,3.5060,3.5060,104154.41,63310126.62,4358071.68,273945067.64,293008128.45,566953196.09,29706.20,2.06293085,0.00025251,0.00808045,0.00505028,0.77310694,0.77815723,1010499851.25,11.8525
3590,9.8289,3.5065,3.5065,104352.39,63320225.24,4358299.92,273962804.63,293020091.55,566982896.17,29700.09,2.06250618,0.00025243,0.00807771,0.00504857,0.77302470,0.77807327,1010527551.34,11.8497
3591,9.8316,3.5069,3.5069,104550.75,63330325.21,4358528.16,273980536.01,293032054.14,567012590.15,29693.98,2.06208162,0.00025234,0.00807497,0.00504686,0.77294245,0.77798931,1010555245.31,11.8470
3592,9.8344,3.5074,3.5074,104749.48,63340426.53,4358756.40,273998261.78,293044016.24,567042278.01,29687.86,2.06165720,0.00025226,0.00807223,0.00504514,0.77286021,0.77790535,1010582933.18,11.8442
3593,9.8371,3.5079,3.5079,104948.59,63350529.20,4358984.63,274015981.94,293055977.83,567071959.77,29681.75,2.06123291,0.00025217,0.00806949,0.00504343,0.77277798,0.77782141,1010610614.93,11.8415
3594,9.8398,3.5083,3.5083,105148.08,63360633.22,4359212.85,274033696.49,293067938.92,567101635.41,29675.65,2.06080874,0.00025209,0.00806675,0.00504172,0.77269574,0.77773746,1010638290.58,11.8387
3595,9.8426,3.5088,3.5088,105347.95,63370738.60,4359441.08,274051405.44,293079899.52,567131304.95,29669.54,2.06038470,0.00025200,0.00806401,0.00504001,0.77261351,0.77765352,1010665960.12,11.8360
3596,9.8453,3.5093,3.5093,105548.20,63380845.32,4359669.30,274069108.78,293091859.61,567160968.39,29663.44,2.05996078,0.00025191,0.00806127,0.00503830,0.77253129,0.77756958,1010693623.55,11.8333
3597,9.8480,3.5097,3.5097,105748.83,63390953.39,4359897.51,274086806.52,293103819.20,567190625.72,29657.33,2.05953699,0.00025183,0.00805854,0.00503659,0.77244907,0.77748565,1010721280.88,11.8305
3598,9.8508,3.5102,3.5102,105949.84,63401062.82,4360125.72,274104498.67,293115778.29,567220276.95,29651.23,2.05911333,0.00025174,0.00805580,0.00503488,0.77236685,0.77740173,1010748932.12,11.8278
3599,9.8535,3.5107,3.5107,106151.24,63411173.60,4360353.93,274122185.21,293127736.87,567249922.09,29645.13,2.05868980,0.00025166,0.00805307,0.00503317,0.77228463,0.77731780,1010776577.25,11.8251
3600,9.8563,3.5112,3.5112,106353.01,63421285.72,4360582.13,274139866.16,293139694.96,567279561.12,29639.04,2.05826639,0.00025157,0.00805034,0.00503146,0.77220242,0.77723388,1010804216.28,11.8223
3601,9.8590,3.5116,3.5116,106555.17,63431399.20,4360810.33,274157541.51,293151652.55,567309194.06,29632.94,2.05784311,0.00025149,0.00804761,0.00502975,0.77212022,0.77714997,1010831849.23,11.8196
3602,9.8617,3.5121,3.5121,106757.72,63441514.04,4361038.53,274175211.27,293163609.64,567338820.91,29626.85,2.05741996,0.00025140,0.00804488,0.00502805,0.77203801,0.77706606,1010859476.07,11.8168
3603,9.8645,3.5126,3.5126,106960.64,63451630.22,4361266.72,274192875.44,293175566.22,567368441.67,29620.76,2.05699693,0.00025132,0.00804215,0.00502634,0.77195581,0.77698215,1010887096.83,11.8141
3604,9.8672,3.5130,3.5130,107163.96,63461747.76,4361494.91,274210534.02,293187522.31,567398056.33,29614.67,2.05657403,0.00025123,0.00803942,0.00502464,0.77187362,0.77689825,1010914711.49,11.8114
3605,9.8700,3.5135,3.5135,107367.66,63471866.65,4361723.10,274228187.02,293199477.89,567427664.91,29608.58,2.05615126,0.00025115,0.00803669,0.00502293,0.77179143,0.77681436,1010942320.07,11.8087
3606,9.8727,3.5140,3.5140,107571.75,63481986.89,4361951.28,274245834.42,293211432.98,567457267.40,29602.49,2.05572861,0.00025106,0.00803397,0.00502123,0.77170924,0.77673047,1010969922.56,11.8059
3607,9.8754,3.5144,3.5144,107776.23,63492108.48,4362179.45,274263476.24,293223387.56,567486863.81,29596.41,2.05530609,0.00025098,0.00803124,0.00501953,0.77162705,0.77664658,1010997518.97,11.8032
3608,9.8782,3.5149,3.5149,107981.09,63502231.43,4362407.63,274281112.49,293235341.65,567516454.13,29590.33,2.05488370,0.00025089,0.00802852,0.00501782,0.77154487,0.77656269,1011025109.30,11.8005
3609,9.8809,3.5154,3.5154,108186.35,63512355.73,4362635.80,274298743.15,293247295.23,567546038.38,29584.24,2.05446144,0.00025081,0.00802579,0.00501612,0.77146269,0.77647881,1011052693.54,11.7977
3610,9.8836,3.5159,3.5159,108391.99,63522481.38,4362863.96,274316368.23,293259248.32,567575616.55,29578.17,2.05403930,0.00025072,0.00802307,0.00501442,0.77138052,0.77639494,1011080271.71,11.7950
3611,9.8864,3.5163,3.5163,108598.03,63532608.39,4363092.12,274333987.73,293271200.90,567605188.63,29572.09,2.05361728,0.00025064,0.00802035,0.00501272,0.77129835,0.77631107,1011107843.80,11.7923
3612,9.8891,3.5168,3.5168,108804.45,63542736.75,4363320.28,274351601.66,293283152.99,567634754.65,29566.01,2.05319540,0.00025055,0.00801763,0.00501102,0.77121618,0.77622720,1011135409.81,11.7896
3613,9.8919,3.5173,3.5173,109011.27,63552866.47,4363548.43,274369210.02,293295104.57,567664314.59,29559.94,2.05277364,0.00025047,0.00801491,0.00500932,0.77113402,0.77614334,1011162969.75,11.7868
3614,9.8946,3.5177,3.5177,109218.49,63562997.54,4363776.58,274386812.80,293307055.66,567693868.46,29553.87,2.05235200,0.00025038,0.00801220,0.00500762,0.77105186,0.77605949,1011190523.62,11.7841
3615,9.8973,3.5182,3.5182,109426.09,63573129.96,4364004.73,274404410.01,293319006.24,567723416.26,29547.80,2.05193049,0.00025030,0.00800948,0.00500593,0.77096971,0.77597563,1011218071.42,11.7814
3616,9.9001,3.5187,3.5187,109634.09,63583263.74,4364232.87,274422001.66,293330956.33,567752957.99,29541.73,2.05150911,0.00025021,0.00800677,0.00500423,0.77088756,0.77589178,1011245613.15,11.7787
3617,9.9028,3.5191,3.5191,109842.49,63593398.88,4364461.01,274439587.74,293342905.91,567782493.65,29535.67,2.05108786,0.00025013,0.00800405,0.00500253,0.77080541,0.77580794,1011273148.82,11.7759
3618,9.9055,3.5196,3.5196,110051.28,63603535.36,4364689.15,274457168.25,293354855.00,567812023.25,29529.60,2.05066673,0.00025004,0.00800134,0.00500084,0.77072327,0.77572410,1011300678.42,11.7732
3619,9.9083,3.5201,3.5201,110260.47,63613673.21,4364917.28,274474743.21,293366803.59,567841546.79,29523.54,2.05024572,0.00024996,0.00799863,0.00499914,0.77064112,0.77564027,1011328201.95,11.7705
3620,9.9110,3.5206,3.5206,110470.06,63623812.41,4365145.41,274492312.60,293378751.67,567871064.27,29517.48,2.04982485,0.00024987,0.00799592,0.00499745,0.77055899,0.77555644,1011355719.43,11.7678
3621,9.9138,3.5210,3.5210,110680.05,63633952.96,4365373.53,274509876.43,293390699.26,567900575.69,29511.42,2.04940410,0.00024979,0.00799321,0.00499575,0.77047686,0.77547261,1011383230.85,11.7651
3622,9.9165,3.5215,3.5215,110890.43,63644094.87,4365601.65,274527434.70,293402646.35,567930081.05,29505.36,2.04898347,0.00024970,0.00799050,0.00499406,0.77039473,0.77538879,1011410736.21,11.7624
3623,9.9192,3.5220,3.5220,111101.21,63654238.13,4365829.76,274544987.42,293414592.94,567959580.36,29499.31,2.04856297,0.00024962,0.00798779,0.00499237,0.77031260,0.77530497,1011438235.52,11.7596
3624,9.9220,3.5224,3.5224,111312.40,63664382.76,4366057.88,274562534.59,293426539.03,567989073.61,29493.25,2.04814260,0.00024953,0.00798508,0.00499068,0.77023048,0.77522116,1011465728.77,11.7569
3625,9.9247,3.5229,3.5229,111523.99,63674528.73,4366285.98,274580076.20,293438484.62,568018560.81,29487.20,2.04772235,0.00024945,0.00798238,0.00498899,0.77014836,0.77513735,1011493215.98,11.7542
3626,9.9274,3.5234,3.5234,111735.98,63684676.07,4366514.09,274597612.26,293450429.71,568048041.97,29481.15,2.04730223,0.00024936,0.00797967,0.00498730,0.77006625,0.77505355,1011520697.13,11.7515
3627,9.9302,3.5239,3.5239,111948.37,63694824.76,4366742.19,274615142.77,293462374.30,568077517.07,29475.10,2.04688224,0.00024928,0.00797697,0.00498561,0.76998414,0.77496975,1011548172.23,11.7488
3628,9.9329,3.5243,3.5243,112161.16,63704974.80,4366970.29,274632667.74,293474318.39,568106986.13,29469.06,2.04646237,0.00024920,0.00797427,0.00498392,0.76990203,0.77488595,1011575641.29,11.7461
3629,9.9357,3.5248,3.5248,112374.36,63715126.21,4367198.38,274650187.16,293486261.98,568136449.14,29463.01,2.04604263,0.00024911,0.00797157,0.00498223,0.76981993,0.77480216,1011603104.30,11.7434
3630,9.9384,3.5253,3.5253,112587.97,63725278.97,4367426.47,274667701.03,293498205.08,568165906.11,29456.97,2.04562301,0.00024903,0.00796887,0.00498054,0.76973783,0.77471837,1011630561.28,11.7407
3631,9.9411,3.5257,3.5257,112801.98,63735433.09,4367654.55,274685209.37,293510147.67,568195357.04,29450.93,2.04520352,0.00024894,0.00796617,0.00497885,0.76965574,0.77463459,1011658012.21,11.7380
3632,9.9439,3.5262,3.5262,113016.40,63745588.56,4367882.63,274702712.16,293522089.77,568224801.94,29444.89,2.04478415,0.00024886,0.00796347,0.00497717,0.76957365,0.77455081,1011685457.10,11.7353
3633,9.9466,3.5267,3.5267,113231.22,63755745.40,4368110.71,274720209.42,293534031.37,568254240.79,29438.85,2.04436491,0.00024877,0.00796077,0.00497548,0.76949156,0.77446704,1011712895.95,11.7326
3634,9.9493,3.5271,3.5271,113446.46,63765903.59,4368338.79,274737701.14,293545972.47,568283673.61,29432.82,2.04394579,0.00024869,0.00795808,0.00497380,0.76940947,0.77438327,1011740328.77,11.7298
3635,9.9521,3.5276,3.5276,113662.10,63776063.14,4368566.86,274755187.33,293557913.07,568313100.40,29426.79,2.04352680,0.00024861,0.00795538,0.00497211,0.76932739,0.77429951,1011767755.56,11.7271
3636,9.9548,3.5281,3.5281,113878.16,63786224.04,4368794.92,274772667.98,293569853.17,568342521.15,29420.75,2.04310794,0.00024852,0.00795269,0.00497043,0.76924532,0.77421575,1011795176.31,11.7244
3637,9.9576,3.5286,3.5286,114094.62,63796386.31,4369022.99,274790143.10,293581792.77,568371935.87,29414.72,2.04268920,0.00024844,0.00794999,0.00496875,0.76916325,0.77413199,1011822591.04,11.7217
3638,9.9603,3.5290,3.5290,114311.49,63806549.93,4369251.04,274807612.69,293593731.88,568401344.57,29408.70,2.04227059,0.00024835,0.00794730,0.00496706,0.76908118,0.77404824,1011849999.73,11.7190
3639,9.9630,3.5295,3.5295,114528.78,63816714.91,4369479.10,274825076.76,293605670.48,568430747.24,29402.67,2.04185210,0.00024827,0.00794461,0.00496538,0.76899911,0.77396450,1011877402.40,11.7163
3640,9.9658,3.5300,3.5300,114746.48,63826881.25,4369707.15,274842535.29,293617608.59,568460143.89,29396.65,2.04143374,0.00024819,0.00794192,0.00496370,0.76891705,0.77388075,1011904799.05,11.7136
3641,9.9685,3.5305,3.5305,114964.60,63837048.95,4369935.20,274859988.31,293629546.20,568489534.51,29390.62,2.04101550,0.00024810,0.00793923,0.00496202,0.76883499,0.77379702,1011932189.67,11.7109
3642,9.9713,3.5309,3.5309,115183.13,63847218.01,4370163.24,274877435.80,293641483.31,568518919.11,29384.60,2.04059739,0.00024802,0.00793655,0.00496034,0.76875294,0.77371328,1011959574.28,11.7082
3643,9.9740,3.5314,3.5314,115402.07,63857388.43,4370391.28,274894877.77,293653419.93,568548297.70,29378.58,2.04017940,0.00024793,0.00793386,0.00495866,0.76867089,0.77362955,1011986952.86,11.7055
3644,9.9767,3.5319,3.5319,115621.43,63867560.21,4370619.32,274912314.22,293665356.04,568577670.26,29372.57,2.03976154,0.00024785,0.00793118,0.00495698,0.76858885,0.77354583,1012014325.42,11.7029
3645,9.9795,3.5323,3.5323,115841.21,63877733.35,4370847.35,274929745.16,293677291.66,568607036.81,29366.55,2.03934380,0.00024777,0.00792849,0.00495531,0.76850680,0.77346211,1012041691.98,11.7002
3646,9.9822,3.5328,3.5328,116061.40,63887907.85,4371075.38,274947170.57,293689226.78,568636397.35,29360.54,2.03892619,0.00024768,0.00792581,0.00495363,0.76842477,0.77337840,1012069052.51,11.6975
3647,9.9849,3.5333,3.5333,116282.02,63898083.71,4371303.40,274964590.48,293701161.40,568665751.88,29354.53,2.03850871,0.00024760,0.00792313,0.00495195,0.76834273,0.77329469,1012096407.04,11.6948
3648,9.9877,3.5338,3.5338,116503.05,63908260.93,4371531.42,274982004.87,293713095.52,568695100.39,29348.52,2.03809135,0.00024751,0.00792045,0.00495028,0.76826070,0.77321098,1012123755.55,11.6921
3649,9.9904,3.5342,3.5342,116724.50,63918439.50,4371759.44,274999413.75,293725029.14,568724442.90,29342.51,2.03767411,0.00024743,0.00791777,0.00494860,0.76817867,0.77312728,1012151098.06,11.6894
3650,9.9932,3.5347,3.5347,116946.38,63928619.44,4371987.45,275016817.13,293736962.27,568753779.40,29336.50,2.03725700,0.00024735,0.00791509,0.00494693,0.76809665,0.77304358,1012178434.56,11.6867
