day,year,rbp_eib,qap_eib,baseline_eib,cumsum,theta,simple_minted,baseline_minted,total_minted,daily_issuance,reward_per_win,reward_32gib_day,reward_tib_day,storage_pledge,consensus_pledge,total_pledge,circulating,roi_pct
1,0.0027,2.1697,18.3913,114.46,34529967.48,3508217.68,155516089.69,246317017.10,401833106.80,57761.96,4.01124739,0.00009360,0.00299522,0.00187201,0.06502592,0.06689793,832639095.30,51.1042
2,0.0055,2.1694,18.3442,114.68,34536215.32,3508464.92,155571300.17,246331244.28,401902544.45,69437.65,4.82205906,0.00011281,0.00360991,0.00225619,0.06491339,0.06716959,832789866.28,61.3429
3,0.0082,2.1691,18.2971,114.90,34542462.29,3508712.08,155626493.18,246345466.74,401971959.93,69415.48,4.82051921,0.00011306,0.00361805,0.00226128,0.06480197,0.06706325,832940615.09,61.5787
4,0.0110,2.1688,18.2499,115.12,34548708.38,3508959.17,155681668.73,246359684.51,402041353.24,69393.31,4.81897991,0.00011332,0.00362624,0.00226640,0.06469073,0.06695713,833091341.73,61.8158
5,0.0137,2.1685,18.2028,115.34,34554953.59,3509206.18,155736826.82,246373897.57,402110724.39,69371.15,4.81744115,0.00011358,0.00363446,0.00227154,0.06457968,0.06685122,833242046.22,62.0541
6,0.0164,2.1682,18.1557,115.56,34561197.92,3509453.12,155791967.45,246388105.94,402180073.39,69349.00,4.81590295,0.00011384,0.00364272,0.00227670,0.06446882,0.06674552,833392728.56,62.2937
7,0.0192,2.1679,18.1087,115.78,34567441.38,3509699.98,155847090.64,246402309.62,402249400.25,69326.86,4.81436529,0.00011409,0.00365103,0.00228189,0.06435814,0.06664004,833543388.75,62.5346
8,0.0219,2.1676,18.0616,116.00,34573683.95,3509946.77,155902196.38,246416508.60,402318704.98,69304.73,4.81282818,0.00011436,0.00365937,0.00228711,0.06424765,0.06653476,833694026.81,62.7767
9,0.0246,2.1673,18.0146,116.22,34579925.66,3510193.48,155957284.69,246430702.89,402387987.58,69282.60,4.81129162,0.00011462,0.00366776,0.00229235,0.06413735,0.06642970,833844642.74,63.0201
10,0.0274,2.1670,17.9675,116.44,34586166.48,3510440.12,156012355.56,246444892.50,402457248.06,69260.48,4.80975561,0.00011488,0.00367619,0.00229762,0.06402723,0.06632485,833995236.55,63.2647
11,0.0301,2.1666,17.9205,116.66,34592406.43,3510686.68,156067409.01,246459077.42,402526486.43,69238.37,4.80822014,0.00011515,0.00368466,0.00230291,0.06391730,0.06622021,834145808.26,63.5107
12,0.0329,2.1663,17.8735,116.88,34598645.50,3510933.17,156122445.04,246473257.65,402595702.70,69216.27,4.80668522,0.00011541,0.00369317,0.00230823,0.06380755,0.06611578,834296357.86,63.7580
13,0.0356,2.1660,17.8265,117.10,34604883.69,3511179.58,156177463.66,246487433.21,402664896.87,69194.17,4.80515085,0.00011568,0.00370173,0.00231358,0.06369799,0.06601157,834446885.36,64.0066
14,0.0383,2.1657,17.7795,117.33,34611121.01,3511425.92,156232464.86,246501604.09,402734068.95,69172.09,4.80361703,0.00011595,0.00371032,0.00231895,0.06358861,0.06590756,834597390.78,64.2565
15,0.0411,2.1654,17.7325,117.55,34617357.45,3511672.18,156287448.67,246515770.29,402803218.96,69150.01,4.80208375,0.00011622,0.00371897,0.00232435,0.06347941,0.06580377,834747874.12,64.5077
16,0.0438,2.1651,17.6855,117.77,34623593.01,3511918.37,156342415.07,246529931.82,402872346.89,69127.93,4.80055101,0.00011649,0.00372765,0.00232978,0.06337040,0.06570019,834898335.39,64.7603
17,0.0465,2.1648,17.6386,118.00,34629827.70,3512164.49,156397364.08,246544088.68,402941452.76,69105.87,4.79901883,0.00011676,0.00373638,0.00233524,0.06326158,0.06559681,835048774.59,65.0143
18,0.0493,2.1645,17.5917,118.22,34636061.51,3512410.53,156452295.71,246558240.87,403010536.58,69083.82,4.79748718,0.00011704,0.00374515,0.00234072,0.06315293,0.06549365,835199191.74,65.2696
19,0.0520,2.1642,17.5447,118.44,34642294.44,3512656.50,156507209.95,246572388.39,403079598.35,69061.77,4.79595609,0.00011731,0.00375397,0.00234623,0.06304447,0.06539070,835349586.84,65.5263
20,0.0548,2.1639,17.4978,118.67,34648526.50,3512902.39,156562106.82,246586531.25,403148638.08,69039.73,4.79442553,0.00011759,0.00376284,0.00235177,0.06293619,0.06528796,835499959.91,65.7843
21,0.0575,2.1636,17.4509,118.90,34654757.69,3513148.21,156616986.32,246600669.45,403217655.77,69017.70,4.79289553,0.00011787,0.00377174,0.00235734,0.06282809,0.06518543,835650310.93,66.0438
22,0.0602,2.1633,17.4040,119.12,34660987.99,3513393.95,156671848.45,246614802.99,403286651.44,68995.67,4.79136606,0.00011815,0.00378070,0.00236294,0.06272018,0.06508312,835800639.94,66.3046
23,0.0630,2.1630,17.3572,119.35,34667217.43,3513639.62,156726693.22,246628931.87,403355625.10,68973.65,4.78983715,0.00011843,0.00378970,0.00236856,0.06261245,0.06498101,835950946.93,66.5669
24,0.0657,2.1627,17.3103,119.57,34673445.99,3513885.21,156781520.64,246643056.10,403424576.74,68951.65,4.78830877,0.00011871,0.00379874,0.00237422,0.06250489,0.06487911,836101231.91,66.8306
25,0.0684,2.1624,17.2635,119.80,34679673.67,3514130.73,156836330.71,246657175.68,403493506.39,68929.65,4.78678094,0.00011899,0.00380784,0.00237990,0.06239752,0.06477742,836251494.89,67.0958
26,0.0712,2.1621,17.2166,120.03,34685900.47,3514376.18,156891123.44,246671290.60,403562414.04,68907.65,4.78525365,0.00011928,0.00381698,0.00238561,0.06229033,0.06467595,836401735.87,67.3623
27,0.0739,2.1618,17.1698,120.26,34692126.41,3514621.55,156945898.83,246685400.88,403631299.71,68885.67,4.78372691,0.00011957,0.00382617,0.00239135,0.06218332,0.06457468,836551954.87,67.6304
28,0.0767,2.1615,17.1230,120.49,34698351.46,3514866.85,157000656.88,246699506.52,403700163.40,68863.69,4.78220071,0.00011986,0.00383540,0.00239713,0.06207650,0.06447362,836702151.90,67.8999
29,0.0794,2.1612,17.0762,120.72,34704575.65,3515112.07,157055397.61,246713607.51,403769005.12,68841.72,4.78067505,0.00012015,0.00384469,0.00240293,0.06196985,0.06437277,836852326.95,68.1709
30,0.0821,2.1609,17.0294,120.94,34710798.95,3515357.22,157110121.02,246727703.86,403837824.88,68819.76,4.77914994,0.00012044,0.00385402,0.00240876,0.06186338,0.06427214,837002480.04,68.4433
31,0.0849,2.1606,16.9826,121.17,34717021.39,3515602.30,157164827.12,246741795.57,403906622.68,68797.81,4.77762536,0.00012073,0.00386340,0.00241462,0.06175709,0.06417171,837152611.18,68.7173
32,0.0876,2.1603,16.9359,121.40,34723242.95,3515847.30,157219515.90,246755882.64,403975398.54,68775.86,4.77610133,0.00012103,0.00387283,0.00242052,0.06165098,0.06407149,837302720.37,68.9928
33,0.0903,2.1600,16.8891,121.64,34729463.63,3516092.22,157274187.38,246769965.09,404044152.46,68753.92,4.77457785,0.00012132,0.00388231,0.00242644,0.06154504,0.06397149,837452807.63,69.2698
34,0.0931,2.1597,16.8424,121.87,34735683.44,3516337.08,157328841.56,246784042.90,404112884.46,68731.99,4.77305490,0.00012162,0.00389184,0.00243240,0.06143929,0.06387169,837602872.95,69.5483
35,0.0958,2.1594,16.7957,122.10,34741902.38,3516581.86,157383478.44,246798116.08,404181594.52,68710.07,4.77153250,0.00012192,0.00390142,0.00243839,0.06133371,0.06377210,837752916.35,69.8284
36,0.0986,2.1590,16.7490,122.33,34748120.44,3516826.56,157438098.04,246812184.64,404250282.68,68688.15,4.77001063,0.00012222,0.00391105,0.00244441,0.06122831,0.06367272,837902937.84,70.1101
37,0.1013,2.1587,16.7023,122.56,34754337.63,3517071.19,157492700.36,246826248.57,404318948.92,68666.25,4.76848931,0.00012252,0.00392074,0.00245046,0.06112309,0.06357355,838052937.42,70.3933
38,0.1040,2.1584,16.6556,122.80,34760553.95,3517315.75,157547285.39,246840307.88,404387593.27,68644.35,4.76696853,0.00012283,0.00393047,0.00245654,0.06101805,0.06347459,838202915.10,70.6781
39,0.1068,2.1581,16.6089,123.03,34766769.39,3517560.24,157601853.16,246854362.57,404456215.72,68622.46,4.76544829,0.00012313,0.00394026,0.00246266,0.06091318,0.06337585,838352870.89,70.9645
40,0.1095,2.1578,16.5623,123.26,34772983.96,3517804.65,157656403.66,246868412.64,404524816.30,68600.57,4.76392858,0.00012344,0.00395010,0.00246881,0.06080849,0.06327731,838502804.79,71.2525
41,0.1123,2.1575,16.5156,123.50,34779197.65,3518048.98,157710936.89,246882458.10,404593394.99,68578.70,4.76240942,0.00012375,0.00395999,0.00247499,0.06070398,0.06317897,838652716.82,71.5421
42,0.1150,2.1572,16.4690,123.73,34785410.47,3518293.25,157765452.88,246896498.94,404661951.82,68556.83,4.76089080,0.00012406,0.00396993,0.00248121,0.06059964,0.06308085,838802606.98,71.8333
43,0.1177,2.1569,16.4224,123.97,34791622.42,3518537.43,157819951.61,246910535.18,404730486.79,68534.97,4.75937272,0.00012437,0.00397993,0.00248746,0.06049548,0.06298294,838952475.28,72.1262
44,0.1205,2.1566,16.3758,124.20,34797833.50,3518781.55,157874433.10,246924566.80,404798999.90,68513.11,4.75785518,0.00012469,0.00398999,0.00249374,0.06039150,0.06288524,839102321.73,72.4208
45,0.1232,2.1563,16.3292,124.44,34804043.70,3519025.59,157928897.35,246938593.83,404867491.17,68491.27,4.75633817,0.00012500,0.00400010,0.00250006,0.06028769,0.06278775,839252146.33,72.7170
46,0.1259,2.1560,16.2826,124.68,34810253.03,3519269.56,157983344.36,246952616.24,404935960.60,68469.43,4.75482171,0.00012532,0.00401026,0.00250641,0.06018405,0.06269046,839401949.10,73.0149
47,0.1287,2.1557,16.2361,124.91,34816461.49,3519513.46,158037774.15,246966634.06,405004408.21,68447.60,4.75330579,0.00012564,0.00402048,0.00251280,0.06008059,0.06259339,839551730.04,73.3145
48,0.1314,2.1554,16.1895,125.15,34822669.08,3519757.28,158092186.71,246980647.28,405072833.99,68425.78,4.75179040,0.00012596,0.00403076,0.00251922,0.05997730,0.06249653,839701489.15,73.6158
49,0.1342,2.1551,16.1430,125.39,34828875.79,3520001.03,158146582.06,246994655.90,405141237.96,68403.97,4.75027555,0.00012628,0.00404109,0.00252568,0.05987419,0.06239987,839851226.45,73.9188
50,0.1369,2.1548,16.0964,125.63,34835081.63,3520244.70,158200960.19,247008659.93,405209620.12,68382.16,4.74876124,0.00012661,0.00405148,0.00253217,0.05977125,0.06230343,840000941.95,74.2235
51,0.1396,2.1545,16.0499,125.87,34841286.60,3520488.30,158255321.12,247022659.36,405277980.48,68360.36,4.74724747,0.00012694,0.00406192,0.00253870,0.05966849,0.06220719,840150635.64,74.5300
52,0.1424,2.1542,16.0034,126.10,34847490.70,3520731.83,158309664.85,247036654.21,405346319.05,68338.57,4.74573423,0.00012726,0.00407243,0.00254527,0.05956590,0.06211116,840300307.55,74.8383
53,0.1451,2.1539,15.9569,126.34,34853693.92,3520975.28,158363991.38,247050644.46,405414635.84,68316.79,4.74422153,0.00012759,0.00408299,0.00255187,0.05946348,0.06201535,840449957.67,75.1483
54,0.1478,2.1536,15.9104,126.58,34859896.28,3521218.66,158418300.72,247064630.14,405482930.86,68295.01,4.74270937,0.00012793,0.00409361,0.00255851,0.05936123,0.06191974,840599586.02,75.4602
55,0.1506,2.1533,15.8640,126.83,34866097.76,3521461.97,158472592.88,247078611.23,405551204.11,68273.25,4.74119774,0.00012826,0.00410429,0.00256518,0.05925916,0.06182434,840749192.60,75.7738
56,0.1533,2.1530,15.8175,127.07,34872298.37,3521705.21,158526867.86,247092587.74,405619455.60,68251.49,4.73968666,0.00012859,0.00411503,0.00257190,0.05915726,0.06172915,840898777.42,76.0893
57,0.1561,2.1527,15.7711,127.31,34878498.11,3521948.37,158581125.66,247106559.67,405687685.33,68229.74,4.73817611,0.00012893,0.00412584,0.00257865,0.05905553,0.06163417,841048340.49,76.4066
58,0.1588,2.1524,15.7247,127.55,34884696.98,3522191.46,158635366.30,247120527.02,405755893.32,68207.99,4.73666609,0.00012927,0.00413670,0.00258544,0.05895397,0.06153940,841197881.82,76.7257
59,0.1615,2.1521,15.6783,127.79,34890894.97,3522434.47,158689589.77,247134489.81,405824079.58,68186.26,4.73515661,0.00012961,0.00414762,0.00259226,0.05885258,0.06144484,841347401.41,77.0467
60,0.1643,2.1518,15.6319,128.04,34897092.10,3522677.42,158743796.09,247148448.02,405892244.10,68164.53,4.73364767,0.00012996,0.00415861,0.00259913,0.05875137,0.06135049,841496899.27,77.3696
61,0.1670,2.1515,15.5855,128.28,34903288.36,3522920.28,158797985.25,247162401.66,405960386.91,68142.81,4.73213926,0.00013030,0.00416966,0.00260603,0.05865032,0.06125635,841646375.41,77.6943
62,0.1697,2.1512,15.5391,128.52,34909483.74,3523163.08,158852157.27,247176350.73,406028508.00,68121.09,4.73063138,0.00013065,0.00418077,0.00261298,0.05854944,0.06116242,841795829.83,78.0210
63,0.1725,2.1509,15.4927,128.77,34915678.25,3523405.80,158906312.14,247190295.25,406096607.39,68099.39,4.72912404,0.00013100,0.00419194,0.00261996,0.05844874,0.06106870,841945262.55,78.3496
64,0.1752,2.1506,15.4464,129.01,34921871.90,3523648.45,158960449.88,247204235.19,406164685.08,68077.69,4.72761724,0.00013135,0.00420318,0.00262699,0.05834821,0.06097519,842094673.57,78.6801
65,0.1780,2.1503,15.4000,129.26,34928064.67,3523891.03,159014570.49,247218170.58,406232741.07,68056.00,4.72611097,0.00013170,0.00421448,0.00263405,0.05824784,0.06088189,842244062.90,79.0126
66,0.1807,2.1500,15.3537,129.50,34934256.58,3524133.54,159068673.98,247232101.41,406300775.39,68034.32,4.72460524,0.00013206,0.00422585,0.00264116,0.05814764,0.06078880,842393430.55,79.3471
67,0.1834,2.1497,15.3074,129.75,34940447.61,3524375.97,159122760.34,247246027.69,406368788.03,68012.64,4.72310004,0.00013242,0.00423729,0.00264830,0.05804762,0.06069592,842542776.53,79.6836
68,0.1862,2.1494,15.2611,130.00,34946637.77,3524618.33,159176829.59,247259949.41,406436779.00,67990.97,4.72159537,0.00013277,0.00424879,0.00265549,0.05794776,0.06060325,842692100.83,80.0220
69,0.1889,2.1491,15.2148,130.24,34952827.06,3524860.61,159230881.73,247273866.58,406504748.32,67969.31,4.72009123,0.00013314,0.00426036,0.00266272,0.05784807,0.06051079,842841403.48,80.3625
70,0.1916,2.1488,15.1686,130.49,34959015.49,3525102.83,159284916.77,247287779.20,406572695.98,67947.66,4.71858763,0.00013350,0.00427199,0.00266999,0.05774855,0.06041854,842990684.47,80.7050
71,0.1944,2.1485,15.1223,130.74,34965203.04,3525344.97,159338934.72,247301687.28,406640622.00,67926.02,4.71708457,0.00013387,0.00428369,0.00267731,0.05764919,0.06032650,843139943.83,81.0496
72,0.1971,2.1482,15.0760,130.99,34971389.73,3525587.04,159392935.56,247315590.81,406708526.38,67904.38,4.71558203,0.00013423,0.00429547,0.00268467,0.05755001,0.06023468,843289181.54,81.3962
73,0.1999,2.1479,15.0298,131.24,34977575.54,3525829.03,159446919.33,247329489.80,406776409.13,67882.75,4.71408003,0.00013460,0.00430731,0.00269207,0.05745099,0.06014306,843438397.63,81.7449
74,0.2026,2.1476,14.9836,131.48,34983760.49,3526070.95,159500886.01,247343384.26,406844270.26,67861.13,4.71257856,0.00013498,0.00431922,0.00269951,0.05735214,0.06005165,843587592.09,82.0957
75,0.2053,2.1472,14.9374,131.73,34989944.57,3526312.80,159554835.61,247357274.17,406912109.78,67839.52,4.71107762,0.00013535,0.00433120,0.00270700,0.05725345,0.05996045,843736764.94,82.4487
76,0.2081,2.1469,14.8912,131.99,34996127.77,3526554.58,159608768.14,247371159.55,406979927.69,67817.91,4.70957722,0.00013573,0.00434325,0.00271453,0.05715494,0.05986947,843885916.19,82.8038
77,0.2108,2.1466,14.8450,132.24,35002310.11,3526796.29,159662683.61,247385040.40,407047724.01,67796.31,4.70807734,0.00013611,0.00435538,0.00272211,0.05705658,0.05977870,844035045.83,83.1610
78,0.2136,2.1463,14.7988,132.49,35008491.58,3527037.92,159716582.02,247398916.71,407115498.73,67774.72,4.70657800,0.00013649,0.00436758,0.00272974,0.05695840,0.05968813,844184153.89,83.5204
79,0.2163,2.1460,14.7527,132.74,35014672.18,3527279.48,159770463.37,247412788.50,407183251.87,67753.14,4.70507919,0.00013687,0.00437985,0.00273740,0.05686038,0.05959778,844333240.36,83.8820
80,0.2190,2.1457,14.7065,132.99,35020851.92,3527520.97,159824327.67,247426655.76,407250983.43,67731.57,4.70358091,0.00013726,0.00439219,0.00274512,0.05676252,0.05950764,844482305.26,84.2459
81,0.2218,2.1454,14.6604,133.24,35027030.78,3527762.38,159878174.93,247440518.50,407318693.43,67710.00,4.70208316,0.00013764,0.00440461,0.00275288,0.05666483,0.05941771,844631348.59,84.6119
82,0.2245,2.1451,14.6143,133.50,35033208.78,3528003.73,159932005.16,247454376.71,407386381.87,67688.44,4.70058594,0.00013803,0.00441710,0.00276069,0.05656731,0.05932800,844780370.37,84.9802
83,0.2272,2.1448,14.5682,133.75,35039385.91,3528245.00,159985818.34,247468230.41,407454048.75,67666.89,4.69908926,0.00013843,0.00442967,0.00276854,0.05646995,0.05923849,844929370.58,85.3508
84,0.2300,2.1445,14.5221,134.01,35045562.17,3528486.20,160039614.50,247482079.59,407521694.09,67645.34,4.69759310,0.00013882,0.00444232,0.00277645,0.05637275,0.05914920,845078349.26,85.7237
85,0.2327,2.1442,14.4760,134.26,35051737.56,3528727.32,160093393.64,247495924.26,407589317.90,67623.80,4.69609747,0.00013922,0.00445504,0.00278440,0.05627572,0.05906012,845227306.39,86.0989
86,0.2355,2.1439,14.4299,134.52,35057912.08,3528968.38,160147155.76,247509764.41,407656920.17,67602.27,4.69460237,0.00013962,0.00446784,0.00279240,0.05617886,0.05897126,845376242.00,86.4764
87,0.2382,2.1436,14.3839,134.77,35064085.74,3529209.36,160200900.88,247523600.05,407724500.92,67580.75,4.69310780,0.00014002,0.00448072,0.00280045,0.05608215,0.05888260,845525156.09,86.8562
88,0.2409,2.1433,14.3378,135.03,35070258.53,3529450.27,160254628.98,247537431.18,407792060.16,67559.24,4.69161376,0.00014043,0.00449368,0.00280855,0.05598561,0.05879416,845674048.66,87.2385
89,0.2437,2.1430,14.2918,135.28,35076430.45,3529691.11,160308340.08,247551257.81,407859597.89,67537.73,4.69012025,0.00014083,0.00450672,0.00281670,0.05588923,0.05870593,845822919.72,87.6231
90,0.2464,2.1427,14.2458,135.54,35082601.51,3529931.87,160362034.19,247565079.94,407927114.13,67516.23,4.68862727,0.00014124,0.00451984,0.00282490,0.05579302,0.05861792,845971769.29,88.0101
91,0.2491,2.1424,14.1998,135.80,35088771.70,3530172.57,160415711.31,247578897.56,407994608.87,67494.74,4.68713481,0.00014166,0.00453304,0.00283315,0.05569697,0.05853011,846120597.36,88.3995
92,0.2519,2.1421,14.1538,136.06,35094941.02,3530413.19,160469371.44,247592710.68,408062082.13,67473.26,4.68564289,0.00014207,0.00454632,0.00284145,0.05560108,0.05844253,846269403.96,88.7915
93,0.2546,2.1418,14.1078,136.32,35101109.47,3530653.74,160523014.60,247606519.31,408129533.91,67451.78,4.68415149,0.00014249,0.00455969,0.00284980,0.05550535,0.05835515,846418189.07,89.1858
94,0.2574,2.1415,14.0618,136.57,35107277.06,3530894.21,160576640.78,247620323.44,408196964.22,67430.31,4.68266062,0.00014291,0.00457313,0.00285821,0.05540978,0.05826799,846566952.72,89.5827
95,0.2601,2.1412,14.0159,136.83,35113443.78,3531134.62,160630249.99,247634123.09,408264373.07,67408.85,4.68117028,0.00014333,0.00458667,0.00286667,0.05531438,0.05818105,846715694.90,89.9821
96,0.2628,2.1409,13.9699,137.09,35119609.63,3531374.95,160683842.24,247647918.24,408331760.47,67387.40,4.67968047,0.00014376,0.00460029,0.00287518,0.05521913,0.05809431,846864415.63,90.3840
97,0.2656,2.1406,13.9240,137.35,35125774.62,3531615.22,160737417.53,247661708.90,408399126.42,67365.95,4.67819118,0.00014419,0.00461400,0.00288375,0.05512405,0.05800780,847013114.92,90.7885
98,0.2683,2.1403,13.8781,137.62,35131938.74,3531855.41,160790975.87,247675495.07,408466470.94,67344.51,4.67670242,0.00014462,0.00462779,0.00289237,0.05502913,0.05792150,847161792.77,91.1956
99,0.2710,2.1400,13.8322,137.88,35138102.00,3532095.52,160844517.26,247689276.77,408533794.02,67323.08,4.67521418,0.00014505,0.00464167,0.00290104,0.05493437,0.05783541,847310449.19,91.6053
100,0.2738,2.1397,13.7863,138.14,35144264.38,3532335.57,160898041.71,247703053.98,408601095.68,67301.66,4.67372648,0.00014549,0.00465564,0.00290977,0.05483976,0.05774954,847459084.18,92.0176
101,0.2765,2.1394,13.7404,138.40,35150425.91,3532575.55,160951549.22,247716826.71,408668375.93,67280.25,4.67223930,0.00014593,0.00466970,0.00291856,0.05474532,0.05766388,847607697.76,92.4326
102,0.2793,2.1391,13.6945,138.67,35156586.56,3532815.45,161005039.80,247730594.97,408735634.77,67258.84,4.67075264,0.00014637,0.00468385,0.00292740,0.05465104,0.05757844,847756289.93,92.8502
103,0.2820,2.1388,13.6487,138.93,35162746.36,3533055.28,161058513.46,247744358.75,408802872.21,67237.44,4.66926651,0.00014682,0.00469809,0.00293631,0.05455692,0.05749322,847904860.70,93.2706
104,0.2847,2.1385,13.6028,139.19,35168905.28,3533295.04,161111970.20,247758118.05,408870088.25,67216.05,4.66778091,0.00014726,0.00471242,0.00294526,0.05446295,0.05740822,848053410.08,93.6937
105,0.2875,2.1382,13.5570,139.46,35175063.34,3533534.73,161165410.02,247771872.89,408937282.91,67194.66,4.66629583,0.00014771,0.00472685,0.00295428,0.05436915,0.05732343,848201938.07,94.1195
106,0.2902,2.1379,13.5112,139.72,35181220.54,3533774.35,161218832.93,247785623.26,409004456.19,67173.28,4.66481128,0.00014817,0.00474137,0.00296335,0.05427550,0.05723886,848350444.69,94.5481
107,0.2930,2.1376,13.4654,139.99,35187376.87,3534013.89,161272238.94,247799369.17,409071608.11,67151.91,4.66332725,0.00014862,0.00475598,0.00297249,0.05418201,0.05715450,848498929.94,94.9795
108,0.2957,2.1373,13.4196,140.25,35193532.33,3534253.37,161325628.05,247813110.61,409138738.66,67130.55,4.66184374,0.00014908,0.00477069,0.00298168,0.05408868,0.05707037,848647393.82,95.4138
109,0.2984,2.1370,13.3738,140.52,35199686.93,3534492.77,161379000.27,247826847.59,409205847.85,67109.19,4.66036076,0.00014955,0.00478550,0.00299094,0.05399551,0.05698645,848795836.35,95.8509
110,0.3012,2.1367,13.3280,140.79,35205840.67,3534732.10,161432355.59,247840580.11,409272935.70,67087.85,4.65887831,0.00015001,0.00480041,0.00300025,0.05390249,0.05690275,848944257.53,96.2909
111,0.3039,2.1364,13.2823,141.06,35211993.54,3534971.36,161485694.04,247854308.17,409340002.21,67066.51,4.65739638,0.00015048,0.00481541,0.00300963,0.05380964,0.05681927,849092657.37,96.7337
112,0.3066,2.1361,13.2365,141.32,35218145.54,3535210.55,161539015.61,247868031.78,409407047.38,67045.18,4.65591497,0.00015095,0.00483051,0.00301907,0.05371693,0.05673601,849241035.88,97.1795
113,0.3094,2.1358,13.1908,141.59,35224296.68,3535449.66,161592320.30,247881750.93,409474071.23,67023.85,4.65443409,0.00015143,0.00484572,0.00302857,0.05362439,0.05665296,849389393.06,97.6283
114,0.3121,2.1355,13.1451,141.86,35230446.96,3535688.71,161645608.13,247895465.64,409541073.77,67002.53,4.65295373,0.00015191,0.00486102,0.00303814,0.05353200,0.05657014,849537728.93,98.0801
115,0.3149,2.1352,13.0994,142.13,35236596.37,3535927.68,161698879.10,247909175.89,409608054.99,66981.22,4.65147389,0.00015239,0.00487643,0.00304777,0.05343977,0.05648754,849686043.49,98.5349
116,0.3176,2.1349,13.0537,142.40,35242744.92,3536166.59,161752133.21,247922881.70,409675014.91,66959.92,4.64999457,0.00015287,0.00489195,0.00305747,0.05334770,0.05640516,849834336.74,98.9927
117,0.3203,2.1346,13.0080,142.67,35248892.61,3536405.42,161805370.47,247936583.07,409741953.54,66938.63,4.64851578,0.00015336,0.00490756,0.00306723,0.05325578,0.05632300,849982608.70,99.4536
118,0.3231,2.1343,12.9623,142.94,35255039.43,3536644.18,161858590.89,247950279.99,409808870.88,66917.34,4.64703751,0.00015385,0.00492329,0.00307705,0.05316401,0.05624107,850130859.38,99.9176
119,0.3258,2.1340,12.9167,143.21,35261185.38,3536882.87,161911794.46,247963972.48,409875766.94,66896.06,4.64555976,0.00015435,0.00493912,0.00308695,0.05307240,0.05615935,850279088.77,100.3847
120,0.3285,2.1337,12.8711,143.49,35267330.48,3537121.49,161964981.20,247977660.53,409942641.73,66874.79,4.64408254,0.00015485,0.00495505,0.00309691,0.05298095,0.05607786,850427296.89,100.8550
121,0.3313,2.1334,12.8254,143.76,35273474.71,3537360.04,162018151.11,247991344.14,410009495.25,66853.52,4.64260584,0.00015535,0.00497110,0.00310694,0.05288965,0.05599659,850575483.75,101.3284
122,0.3340,2.1331,12.7798,144.03,35279618.07,3537598.51,162071304.20,248005023.32,410076327.52,66832.27,4.64112965,0.00015585,0.00498726,0.00311704,0.05279850,0.05591554,850723649.35,101.8051
123,0.3368,2.1328,12.7342,144.31,35285760.58,3537836.92,162124440.47,248018698.07,410143138.54,66811.02,4.63965399,0.00015636,0.00500353,0.00312720,0.05270751,0.05583472,850871793.70,102.2851
124,0.3395,2.1325,12.6886,144.58,35291902.22,3538075.25,162177559.92,248032368.39,410209928.31,66789.78,4.63817885,0.00015687,0.00501991,0.00313744,0.05261667,0.05575412,851019916.81,102.7683
125,0.3422,2.1322,12.6430,144.86,35298042.99,3538313.52,162230662.57,248046034.29,410276696.85,66768.54,4.63670423,0.00015739,0.00503640,0.00314775,0.05252599,0.05567374,851168018.68,103.2548
126,0.3450,2.1319,12.5975,145.13,35304182.91,3538551.71,162283748.41,248059695.76,410343444.17,66747.31,4.63523014,0.00015791,0.00505301,0.00315813,0.05243546,0.05559359,851316099.33,103.7447
127,0.3477,2.1316,12.5519,145.41,35310321.96,3538789.83,162336817.46,248073352.81,410410170.26,66726.09,4.63375656,0.00015843,0.00506974,0.00316859,0.05234508,0.05551367,851464158.76,104.2380
128,0.3504,2.1313,12.5064,145.68,35316460.15,3539027.88,162389869.71,248087005.43,410476875.14,66704.88,4.63228350,0.00015896,0.00508658,0.00317911,0.05225486,0.05543397,851612196.97,104.7347
129,0.3532,2.1310,12.4609,145.96,35322597.47,3539265.86,162442905.18,248100653.65,410543558.82,66683.68,4.63081096,0.00015949,0.00510355,0.00318972,0.05216479,0.05535450,851760213.99,105.2348
130,0.3559,2.1307,12.4153,146.24,35328733.94,3539503.77,162495923.86,248114297.44,410610221.30,66662.48,4.62933894,0.00016002,0.00512063,0.00320039,0.05207487,0.05527526,851908209.80,105.7384
131,0.3587,2.1304,12.3698,146.52,35334869.54,3539741.61,162548925.77,248127936.82,410676862.59,66641.29,4.62786745,0.00016056,0.00513783,0.00321114,0.05198510,0.05519624,852056184.42,106.2455
132,0.3614,2.1301,12.3243,146.79,35341004.28,3539979.38,162601910.91,248141571.79,410743482.70,66620.11,4.62639647,0.00016110,0.00515515,0.00322197,0.05189549,0.05511746,852204137.87,106.7561
133,0.3641,2.1298,12.2789,147.07,35347138.15,3540217.08,162654879.28,248155202.36,410810081.64,66598.93,4.62492601,0.00016164,0.00517260,0.00323288,0.05180602,0.05503890,852352070.13,107.2703
134,0.3669,2.1295,12.2334,147.35,35353271.17,3540454.70,162707830.89,248168828.51,410876659.41,66577.77,4.62345606,0.00016219,0.00519018,0.00324386,0.05171671,0.05496057,852499981.23,107.7882
135,0.3696,2.1292,12.1879,147.63,35359403.32,3540692.26,162760765.75,248182450.26,410943216.01,66556.61,4.62198664,0.00016275,0.00520788,0.00325492,0.05162755,0.05488247,852647871.18,108.3097
136,0.3723,2.1289,12.1425,147.91,35365534.61,3540929.75,162813683.86,248196067.61,411009751.47,66535.46,4.62051774,0.00016330,0.00522570,0.00326607,0.05153854,0.05480460,852795739.96,108.8349
137,0.3751,2.1286,12.0971,148.20,35371665.04,3541167.16,162866585.22,248209680.56,411076265.78,66514.31,4.61904935,0.00016386,0.00524366,0.00327729,0.05144968,0.05472697,852943587.61,109.3638
138,0.3778,2.1283,12.0517,148.48,35377794.61,3541404.50,162919469.85,248223289.11,411142758.95,66493.17,4.61758148,0.00016443,0.00526175,0.00328859,0.05136097,0.05464956,853091414.12,109.8965
139,0.3806,2.1280,12.0063,148.76,35383923.32,3541641.78,162972337.74,248236893.26,411209231.00,66472.04,4.61611413,0.00016500,0.00527997,0.00329998,0.05127241,0.05457239,853239219.49,110.4329
140,0.3833,2.1277,11.9609,149.04,35390051.17,3541878.98,163025188.90,248250493.02,411275681.92,66450.92,4.61464730,0.00016557,0.00529832,0.00331145,0.05118400,0.05449545,853387003.75,110.9732
141,0.3860,2.1274,11.9155,149.33,35396178.15,3542116.12,163078023.34,248264088.39,411342111.72,66429.81,4.61318098,0.00016615,0.00531681,0.00332301,0.05109574,0.05441875,853534766.89,111.5174
142,0.3888,2.1271,11.8701,149.61,35402304.28,3542353.18,163130841.06,248277679.37,411408520.42,66408.70,4.61171519,0.00016673,0.00533543,0.00333465,0.05100763,0.05434228,853682508.92,112.0655
143,0.3915,2.1268,11.8248,149.89,35408429.54,3542590.17,163183642.06,248291265.96,411474908.02,66387.60,4.61024990,0.00016732,0.00535419,0.00334637,0.05091967,0.05426604,853830229.85,112.6176
144,0.3943,2.1265,11.7794,150.18,35414553.94,3542827.09,163236426.36,248304848.16,411541274.53,66366.51,4.60878514,0.00016791,0.00537310,0.00335818,0.05083186,0.05419004,853977929.69,113.1736
145,0.3970,2.1262,11.7341,150.46,35420677.48,3543063.94,163289193.96,248318425.99,411607619.95,66345.42,4.60732089,0.00016850,0.00539214,0.00337009,0.05074420,0.05411428,854125608.44,113.7337
146,0.3997,2.1259,11.6888,150.75,35426800.16,3543300.73,163341944.86,248331999.43,411673944.29,66324.34,4.60585716,0.00016910,0.00541132,0.00338208,0.05065668,0.05403876,854273266.12,114.2979
147,0.4025,2.1256,11.6435,151.04,35432921.99,3543537.44,163394679.07,248345568.49,411740247.56,66303.27,4.60439394,0.00016971,0.00543065,0.00339416,0.05056931,0.05396347,854420902.73,114.8662
148,0.4052,2.1253,11.5982,151.32,35439042.95,3543774.08,163447396.60,248359133.18,411806529.77,66282.21,4.60293124,0.00017032,0.00545012,0.00340633,0.05048210,0.05388842,854568518.27,115.4386
149,0.4079,2.1250,11.5529,151.61,35445163.05,3544010.65,163500097.44,248372693.49,411872790.93,66261.15,4.60146906,0.00017093,0.00546975,0.00341859,0.05039502,0.05381362,854716112.76,116.0153
150,0.4107,2.1247,11.5077,151.90,35451282.29,3544247.15,163552781.61,248386249.43,411939031.03,66240.11,4.60000739,0.00017155,0.00548952,0.00343095,0.05030810,0.05373905,854863686.20,116.5962
151,0.4134,2.1244,11.4624,152.19,35457400.67,3544483.58,163605449.10,248399801.00,412005250.10,66219.07,4.59854623,0.00017217,0.00550944,0.00344340,0.05022132,0.05366472,855011238.60,117.1814
152,0.4162,2.1241,11.4172,152.48,35463518.19,3544719.94,163658099.93,248413348.20,412071448.13,66198.03,4.59708559,0.00017280,0.00552951,0.00345595,0.05013469,0.05359064,855158769.96,117.7709
153,0.4189,2.1238,11.3719,152.77,35469634.85,3544956.23,163710734.11,248426891.03,412137625.14,66177.01,4.59562547,0.00017343,0.00554974,0.00346859,0.05004821,0.05351680,855306280.30,118.3649
154,0.4216,2.1235,11.3267,153.06,35475750.65,3545192.45,163763351.62,248440429.50,412203781.13,66155.99,4.59416585,0.00017407,0.00557012,0.00348133,0.04996188,0.05344320,855453769.62,118.9632
155,0.4244,2.1232,11.2815,153.35,35481865.60,3545428.60,163815952.49,248453963.61,412269916.10,66134.98,4.59270676,0.00017471,0.00559067,0.00349417,0.04987569,0.05336985,855601237.93,119.5660
156,0.4271,2.1229,11.2363,153.64,35487979.68,3545664.68,163868536.71,248467493.36,412336030.08,66113.97,4.59124817,0.00017536,0.00561137,0.00350711,0.04978964,0.05329675,855748685.24,120.1734
157,0.4298,2.1226,11.1912,153.93,35494092.90,3545900.69,163921104.30,248481018.76,412402123.06,66092.98,4.58979011,0.00017601,0.00563223,0.00352014,0.04970374,0.05322389,855896111.55,120.7853
158,0.4326,2.1223,11.1460,154.22,35500205.27,3546136.63,163973655.25,248494539.79,412468195.04,66071.99,4.58833255,0.00017666,0.00565326,0.00353329,0.04961799,0.05315128,856043516.87,121.4019
159,0.4353,2.1221,11.1008,154.52,35506316.77,3546372.51,164026189.57,248508056.48,412534246.05,66051.01,4.58687551,0.00017733,0.00567445,0.00354653,0.04953238,0.05307891,856190901.21,122.0231
160,0.4381,2.1218,11.0557,154.81,35512427.42,3546608.31,164078707.27,248521568.81,412600276.09,66030.03,4.58541898,0.00017799,0.00569581,0.00355988,0.04944692,0.05300680,856338264.58,122.6490
161,0.4408,2.1215,11.0106,155.11,35518537.21,3546844.04,164131208.36,248535076.80,412666285.15,66009.07,4.58396296,0.00017867,0.00571734,0.00357334,0.04936160,0.05293494,856485606.98,123.2797
162,0.4435,2.1212,10.9655,155.40,35524646.14,3547079.70,164183692.83,248548580.43,412732273.26,65988.11,4.58250746,0.00017934,0.00573904,0.00358690,0.04927643,0.05286333,856632928.42,123.9153
163,0.4463,2.1209,10.9204,155.70,35530754.21,3547315.29,164236160.69,248562079.73,412798240.41,65967.16,4.58105247,0.00018003,0.00576091,0.00360057,0.04919140,0.05279197,856780228.91,124.5557
164,0.4490,2.1206,10.8753,155.99,35536861.43,3547550.81,164288611.95,248575574.68,412864186.63,65946.21,4.57959799,0.00018072,0.00578296,0.00361435,0.04910651,0.05272086,856927508.46,125.2010
165,0.4517,2.1203,10.8302,156.29,35542967.78,3547786.27,164341046.61,248589065.29,412930111.90,65925.27,4.57814402,0.00018141,0.00580519,0.00362824,0.04902177,0.05265002,857074767.06,125.8514
166,0.4545,2.1200,10.7851,156.59,35549073.28,3548021.65,164393464.68,248602551.56,412996016.24,65904.34,4.57669057,0.00018211,0.00582759,0.00364225,0.04893718,0.05257942,857222004.74,126.5067
167,0.4572,2.1197,10.7401,156.88,35555177.92,3548256.96,164445866.17,248616033.49,413061899.67,65883.42,4.57523763,0.00018282,0.00585018,0.00365636,0.04885272,0.05250909,857369221.50,127.1672
168,0.4600,2.1194,10.6950,157.18,35561281.70,3548492.21,164498251.08,248629511.10,413127762.17,65862.51,4.57378520,0.00018353,0.00587295,0.00367060,0.04876841,0.05243901,857516417.34,127.8328
169,0.4627,2.1191,10.6500,157.48,35567384.62,3548727.38,164550619.41,248642984.37,413193603.77,65841.60,4.57233327,0.00018425,0.00589591,0.00368494,0.04868424,0.05236919,857663592.27,128.5036
170,0.4654,2.1188,10.6050,157.78,35573486.69,3548962.49,164602971.16,248656453.31,413259424.47,65820.70,4.57088186,0.00018497,0.00591906,0.00369941,0.04860022,0.05229963,857810746.30,129.1797
171,0.4682,2.1185,10.5600,158.08,35579587.90,3549197.52,164655306.36,248669917.92,413325224.28,65799.81,4.56943097,0.00018570,0.00594240,0.00371400,0.04851633,0.05223033,857957879.44,129.8611
172,0.4709,2.1182,10.5150,158.38,35585688.25,3549432.49,164707624.99,248683378.20,413391003.20,65778.92,4.56798058,0.00018644,0.00596593,0.00372871,0.04843259,0.05216130,858104991.69,130.5479
173,0.4736,2.1179,10.4700,158.68,35591787.74,3549667.38,164759927.07,248696834.17,413456761.24,65758.04,4.56653070,0.00018718,0.00598966,0.00374354,0.04834899,0.05209253,858252083.07,131.2401
174,0.4764,2.1176,10.4250,158.98,35597886.38,3549902.21,164812212.60,248710285.81,413522498.41,65737.17,4.56508133,0.00018792,0.00601358,0.00375849,0.04826554,0.05202403,858399153.57,131.9379
175,0.4791,2.1173,10.3801,159.28,35603984.16,3550136.97,164864481.59,248723733.13,413588214.72,65716.31,4.56363247,0.00018868,0.00603771,0.00377357,0.04818222,0.05195579,858546203.21,132.6412
176,0.4819,2.1170,10.3351,159.59,35610081.08,3550371.66,164916734.03,248737176.14,413653910.17,65695.45,4.56218412,0.00018944,0.00606204,0.00378877,0.04809905,0.05188782,858693232.00,133.3501
177,0.4846,2.1167,10.2902,159.89,35616177.15,3550606.28,164968969.95,248750614.83,413719584.77,65674.60,4.56073629,0.00019021,0.00608657,0.00380411,0.04801601,0.05182012,858840239.93,134.0648
178,0.4873,2.1164,10.2453,160.19,35622272.36,3550840.83,165021189.33,248764049.20,413785238.53,65653.76,4.55928896,0.00019098,0.00611132,0.00381957,0.04793312,0.05175269,858987227.03,134.7852
179,0.4901,2.1161,10.2004,160.50,35628366.71,3551075.31,165073392.19,248777479.27,413850871.46,65632.93,4.55784213,0.00019176,0.00613627,0.00383517,0.04785037,0.05168554,859134193.29,135.5114
180,0.4928,2.1158,10.1555,160.80,35634460.21,3551309.72,165125578.53,248790905.03,413916483.56,65612.10,4.55639582,0.00019255,0.00616144,0.00385090,0.04776776,0.05161866,859281138.72,136.2435
181,0.4956,2.1155,10.1106,161.11,35640552.85,3551544.06,165177748.36,248804326.48,413982074.84,65591.28,4.55495002,0.00019334,0.00618683,0.00386677,0.04768528,0.05155205,859428063.34,136.9816
182,0.4983,2.1152,10.0658,161.42,35646644.64,3551778.33,165229901.68,248817743.62,414047645.31,65570.47,4.55350472,0.00019414,0.00621243,0.00388277,0.04760295,0.05148572,859574967.14,137.7257
183,0.5010,2.1149,10.0209,161.72,35652735.56,3552012.54,165282038.50,248831156.47,414113194.97,65549.66,4.55205994,0.00019495,0.00623826,0.00389891,0.04752076,0.05141967,859721850.13,138.4759
184,0.5038,2.1146,9.9761,162.03,35658825.64,3552246.67,165334158.83,248844565.01,414178723.84,65528.87,4.55061566,0.00019576,0.00626431,0.00391519,0.04743871,0.05135390,859868712.33,139.2323
185,0.5065,2.1143,9.9312,162.34,35664914.85,3552480.74,165386262.66,248857969.26,414244231.91,65508.08,4.54917189,0.00019658,0.00629059,0.00393162,0.04735679,0.05128841,860015553.74,139.9950
186,0.5092,2.1140,9.8864,162.65,35671003.22,3552714.74,165438350.00,248871369.20,414309719.20,65487.29,4.54772862,0.00019741,0.00631710,0.00394819,0.04727502,0.05122321,860162374.37,140.7639
187,0.5120,2.1137,9.8416,162.96,35677090.72,3552948.66,165490420.86,248884764.86,414375185.72,65466.52,4.54628586,0.00019825,0.00634385,0.00396491,0.04719338,0.05115829,860309174.22,141.5393
188,0.5147,2.1134,9.7968,163.27,35683177.37,3553182.52,165542475.25,248898156.22,414440631.47,65445.75,4.54484362,0.00019909,0.00637083,0.00398177,0.04711188,0.05109365,860455953.30,142.3211
189,0.5175,2.1131,9.7520,163.58,35689263.17,3553416.31,165594513.16,248911543.29,414506056.45,65424.99,4.54340187,0.00019994,0.00639805,0.00399878,0.04703052,0.05102931,860602711.62,143.1095
190,0.5202,2.1128,9.7073,163.89,35695348.11,3553650.03,165646534.61,248924926.08,414571460.69,65404.23,4.54196064,0.00020080,0.00642552,0.00401595,0.04694930,0.05096525,860749449.18,143.9045
191,0.5229,2.1125,9.6625,164.20,35701432.19,3553883.69,165698539.60,248938304.58,414636844.17,65383.49,4.54051991,0.00020166,0.00645324,0.00403327,0.04686822,0.05090149,860896166.00,144.7063
192,0.5257,2.1122,9.6178,164.51,35707515.42,3554117.27,165750528.13,248951678.79,414702206.92,65362.75,4.53907968,0.00020254,0.00648120,0.00405075,0.04678727,0.05083802,861042862.08,145.5148
193,0.5284,2.1119,9.5731,164.82,35713597.80,3554350.79,165802500.21,248965048.73,414767548.94,65342.02,4.53763997,0.00020342,0.00650942,0.00406839,0.04670646,0.05077485,861189537.43,146.3301
194,0.5311,2.1116,9.5283,165.14,35719679.32,3554584.23,165854455.85,248978414.38,414832870.23,65321.29,4.53620075,0.00020431,0.00653789,0.00408618,0.04662579,0.05071198,861336192.06,147.1525
195,0.5339,2.1113,9.4836,165.45,35725759.98,3554817.61,165906395.05,248991775.76,414898170.80,65300.57,4.53476205,0.00020521,0.00656663,0.00410414,0.04654526,0.05064940,861482825.96,147.9819
196,0.5366,2.1110,9.4389,165.77,35731839.79,3555050.92,165958317.81,249005132.86,414963450.67,65279.86,4.53332385,0.00020611,0.00659563,0.00412227,0.04646486,0.05058713,861629439.16,148.8184
197,0.5394,2.1107,9.3943,166.08,35737918.75,3555284.16,166010224.14,249018485.68,415028709.83,65259.16,4.53188615,0.00020703,0.00662490,0.00414056,0.04638460,0.05052516,861776031.66,149.6621
198,0.5421,2.1105,9.3496,166.40,35743996.85,3555517.33,166062114.05,249031834.24,415093948.29,65238.47,4.53044896,0.00020795,0.00665444,0.00415902,0.04630447,0.05046350,861922603.45,150.5131
199,0.5448,2.1102,9.3049,166.71,35750074.10,3555750.43,166113987.54,249045178.53,415159166.07,65217.78,4.52901227,0.00020888,0.00668425,0.00417766,0.04622448,0.05040214,862069154.56,151.3715
200,0.5476,2.1099,9.2603,167.03,35756150.50,3555983.47,166165844.61,249058518.55,415224363.16,65197.10,4.52757609,0.00020982,0.00671435,0.00419647,0.04614463,0.05034110,862215684.99,152.2374
201,0.5503,2.1096,9.2157,167.35,35762226.04,3556216.43,166217685.28,249071854.30,415289539.59,65176.42,4.52614041,0.00021077,0.00674473,0.00421545,0.04606491,0.05028036,862362194.75,153.1109
202,0.5530,2.1093,9.1710,167.66,35768300.73,3556449.33,166269509.55,249085185.80,415354695.34,65155.76,4.52470524,0.00021173,0.00677539,0.00423462,0.04598533,0.05021995,862508683.84,153.9921
203,0.5558,2.1090,9.1264,167.98,35774374.56,3556682.16,166321317.41,249098513.03,415419830.44,65135.10,4.52327057,0.00021270,0.00680635,0.00425397,0.04590588,0.05015985,862655152.27,154.8810
204,0.5585,2.1087,9.0818,168.30,35780447.54,3556914.92,166373108.88,249111836.00,415484944.88,65114.44,4.52183640,0.00021367,0.00683760,0.00427350,0.04582657,0.05010007,862801600.04,155.7778
205,0.5613,2.1084,9.0373,168.62,35786519.67,3557147.61,166424883.97,249125154.71,415550038.68,65093.80,4.52040274,0.00021466,0.00686915,0.00429322,0.04574739,0.05004061,862948027.18,156.6826
206,0.5640,2.1081,8.9927,168.94,35792590.94,3557380.23,166476642.67,249138469.18,415615111.84,65073.16,4.51896958,0.00021566,0.00690101,0.00431313,0.04566834,0.04998147,863094433.67,157.5955
207,0.5667,2.1078,8.9481,169.26,35798661.36,3557612.79,166528384.99,249151779.38,415680164.37,65052.53,4.51753693,0.00021666,0.00693317,0.00433323,0.04558943,0.04992266,863240819.54,158.5165
208,0.5695,2.1075,8.9036,169.59,35804730.93,3557845.27,166580110.94,249165085.34,415745196.28,65031.91,4.51610477,0.00021768,0.00696565,0.00435353,0.04551066,0.04986419,863387184.78,159.4458
209,0.5722,2.1072,8.8591,169.91,35810799.64,3558077.69,166631820.53,249178387.05,415810207.58,65011.29,4.51467312,0.00021870,0.00699845,0.00437403,0.04543201,0.04980604,863533529.41,160.3835
210,0.5749,2.1069,8.8145,170.23,35816867.50,3558310.04,166683513.75,249191684.51,415875198.26,64990.68,4.51324197,0.00021974,0.00703156,0.00439473,0.04535350,0.04974823,863679853.42,161.3298
211,0.5777,2.1066,8.7700,170.56,35822934.51,3558542.32,166735190.61,249204977.73,415940168.34,64970.08,4.51181133,0.00022078,0.00706501,0.00441563,0.04527513,0.04969076,863826156.84,162.2846
212,0.5804,2.1063,8.7255,170.88,35829000.67,3558774.54,166786851.13,249218266.71,416005117.83,64949.49,4.51038118,0.00022184,0.00709878,0.00443674,0.04519689,0.04963363,863972439.66,163.2481
213,0.5832,2.1060,8.6810,171.20,35835065.97,3559006.68,166838495.29,249231551.44,416070046.73,64928.90,4.50895154,0.00022290,0.00713290,0.00445806,0.04511878,0.04957684,864118701.90,164.2205
214,0.5859,2.1057,8.6366,171.53,35841130.42,3559238.76,166890123.12,249244831.94,416134955.06,64908.32,4.50752240,0.00022398,0.00716735,0.00447960,0.04504080,0.04952040,864264943.55,165.2019
215,0.5886,2.1054,8.5921,171.86,35847194.02,3559470.77,166941734.61,249258108.20,416199842.81,64887.75,4.50609376,0.00022507,0.00720216,0.00450135,0.04496296,0.04946430,864411164.64,166.1923
216,0.5914,2.1051,8.5477,172.18,35853256.77,3559702.71,166993329.77,249271380.22,416264709.99,64867.18,4.50466562,0.00022617,0.00723731,0.00452332,0.04488524,0.04940856,864557365.16,167.1919
217,0.5941,2.1048,8.5032,172.51,35859318.67,3559934.58,167044908.60,249284648.02,416329556.62,64846.63,4.50323798,0.00022728,0.00727282,0.00454552,0.04480766,0.04935318,864703545.12,168.2009
218,0.5969,2.1045,8.4588,172.84,35865379.71,3560166.39,167096471.11,249297911.58,416394382.70,64826.08,4.50181084,0.00022840,0.00730870,0.00456794,0.04473021,0.04929815,864849704.52,169.2193
219,0.5996,2.1042,8.4144,173.17,35871439.90,3560398.13,167148017.31,249311170.92,416459188.23,64805.53,4.50038421,0.00022953,0.00734495,0.00459059,0.04465290,0.04924349,864995843.39,170.2472
220,0.6023,2.1039,8.3700,173.50,35877499.24,3560629.80,167199547.20,249324426.03,416523973.22,64785.00,4.49895807,0.00023067,0.00738157,0.00461348,0.04457571,0.04918919,865141961.72,171.2849
221,0.6051,2.1036,8.3256,173.82,35883557.73,3560861.40,167251060.78,249337676.91,416588737.69,64764.47,4.49753243,0.00023183,0.00741857,0.00463660,0.04449866,0.04913526,865288059.52,172.3324
222,0.6078,2.1033,8.2813,174.16,35889615.37,3561092.93,167302558.06,249350923.58,416653481.64,64743.95,4.49610730,0.00023300,0.00745595,0.00465997,0.04442173,0.04908170,865434136.80,173.3899
223,0.6105,2.1031,8.2369,174.49,35895672.15,3561324.40,167354039.04,249364166.02,416718205.07,64723.43,4.49468266,0.00023418,0.00749373,0.00468358,0.04434494,0.04902852,865580193.56,174.4575
224,0.6133,2.1028,8.1925,174.82,35901728.09,3561555.79,167405503.74,249377404.25,416782907.99,64702.92,4.49325852,0.00023537,0.00753191,0.00470744,0.04426828,0.04897572,865726229.82,175.5353
225,0.6160,2.1025,8.1482,175.15,35907783.17,3561787.12,167456952.15,249390638.26,416847590.41,64682.42,4.49183488,0.00023658,0.00757049,0.00473156,0.04419174,0.04892330,865872245.57,176.6235
226,0.6188,2.1022,8.1039,175.48,35913837.41,3562018.39,167508384.29,249403868.06,416912252.34,64661.93,4.49041174,0.00023780,0.00760948,0.00475593,0.04411534,0.04887127,866018240.84,177.7223
227,0.6215,2.1019,8.0596,175.82,35919890.79,3562249.58,167559800.14,249417093.64,416976893.78,64641.44,4.48898910,0.00023903,0.00764890,0.00478056,0.04403907,0.04881963,866164215.61,178.8317
228,0.6242,2.1016,8.0153,176.15,35925943.32,3562480.71,167611199.73,249430315.02,417041514.75,64620.96,4.48756696,0.00024027,0.00768873,0.00480546,0.04396292,0.04876838,866310169.91,179.9520
229,0.6270,2.1013,7.9710,176.49,35931995.00,3562711.77,167662583.06,249443532.18,417106115.24,64600.49,4.48614532,0.00024153,0.00772900,0.00483063,0.04388691,0.04871754,866456103.74,181.0833
230,0.6297,2.1010,7.9267,176.82,35938045.84,3562942.76,167713950.12,249456745.14,417170695.27,64580.03,4.48472417,0.00024280,0.00776971,0.00485607,0.04381103,0.04866709,866602017.10,182.2257
231,0.6324,2.1007,7.8825,177.16,35944095.82,3563173.68,167765300.94,249469953.90,417235254.84,64559.57,4.48330352,0.00024409,0.00781086,0.00488179,0.04373527,0.04861706,866747910.00,183.3794
232,0.6352,2.1004,7.8382,177.49,35950144.95,3563404.54,167816635.50,249483158.46,417299793.96,64539.12,4.48188337,0.00024539,0.00785247,0.00490779,0.04365964,0.04856744,866893782.46,184.5446
233,0.6379,2.1001,7.7940,177.83,35956193.23,3563635.32,167867953.82,249496358.81,417364312.64,64518.68,4.48046372,0.00024670,0.00789454,0.00493408,0.04358414,0.04851823,867039634.47,185.7214
234,0.6407,2.0998,7.7497,178.17,35962240.66,3563866.05,167919255.91,249509554.97,417428810.88,64498.24,4.47904457,0.00024803,0.00793707,0.00496067,0.04350877,0.04846944,867185466.04,186.9100
235,0.6434,2.0995,7.7055,178.51,35968287.24,3564096.70,167970541.76,249522746.94,417493288.69,64477.81,4.47762591,0.00024938,0.00798008,0.00498755,0.04343353,0.04842108,867331277.19,188.1106
236,0.6461,2.0992,7.6613,178.85,35974332.97,3564327.28,168021811.38,249535934.71,417557746.08,64457.39,4.47620775,0.00025074,0.00802358,0.00501474,0.04335842,0.04837316,867477067.91,189.3233
237,0.6489,2.0989,7.6171,179.19,35980377.85,3564557.80,168073064.78,249549118.28,417622183.06,64436.98,4.47479008,0.00025211,0.00806757,0.00504223,0.04328343,0.04832566,867622838.22,190.5484
238,0.6516,2.0986,7.5730,179.53,35986421.89,3564788.25,168124301.96,249562297.67,417686599.63,64416.57,4.47337291,0.00025350,0.00811206,0.00507004,0.04320857,0.04827861,867768588.13,191.7859
239,0.6543,2.0983,7.5288,179.87,35992465.07,3565018.64,168175522.93,249575472.87,417750995.80,64396.17,4.47195624,0.00025491,0.00815706,0.00509816,0.04313384,0.04823200,867914317.63,193.0362
240,0.6571,2.0980,7.4847,180.21,35998507.40,3565248.95,168226727.69,249588643.89,417815371.58,64375.78,4.47054007,0.00025633,0.00820258,0.00512661,0.04305923,0.04818585,868060026.74,194.2993
241,0.6598,2.0977,7.4405,180.55,36004548.89,3565479.20,168277916.25,249601810.72,417879726.97,64355.39,4.46912439,0.00025777,0.00824863,0.00515539,0.04298476,0.04814015,868122382.13,195.5755
242,0.6626,2.0974,7.3964,180.90,36010589.52,3565709.38,168329088.61,249614973.37,417944061.98,64335.01,4.46770920,0.00025923,0.00829521,0.00518451,0.04290629,0.04809079,868184717.14,196.8819
243,0.6653,2.0971,7.3523,181.24,36016629.31,3565939.50,168380244.78,249628131.84,418008376.62,64314.64,4.46629451,0.00026070,0.00834234,0.00521396,0.04282796,0.04804192,868247031.79,198.2019
244,0.6680,2.0969,7.3082,181.59,36022668.25,3566169.55,168431384.76,249641286.14,418072670.90,64294.28,4.46488032,0.00026219,0.00839003,0.00524377,0.04274977,0.04799354,868309326.06,199.5358
245,0.6708,2.0966,7.2641,181.93,36028706.34,3566399.53,168482508.56,249654436.26,418136944.82,64273.92,4.46346662,0.00026370,0.00843828,0.00527392,0.04267173,0.04794565,868371599.98,200.8837
246,0.6735,2.0963,7.2200,182.28,36034743.58,3566629.44,168533616.19,249667582.20,418201198.39,64253.57,4.46205342,0.00026522,0.00848710,0.00530444,0.04259382,0.04789826,868433853.55,202.2460
247,0.6762,2.0960,7.1759,182.62,36040779.97,3566859.28,168584707.64,249680723.97,418265431.61,64233.23,4.46064071,0.00026677,0.00853652,0.00533532,0.04251606,0.04785138,868496086.78,203.6228
248,0.6790,2.0957,7.1319,182.97,36046815.52,3567089.06,168635782.93,249693861.58,418329644.50,64212.89,4.45922849,0.00026833,0.00858653,0.00536658,0.04243844,0.04780502,868558299.67,205.0143
249,0.6817,2.0954,7.0879,183.32,36052850.22,3567318.77,168686842.05,249706995.01,418393837.07,64192.56,4.45781677,0.00026991,0.00863714,0.00539821,0.04236096,0.04775917,868620492.23,206.4209
250,0.6845,2.0951,7.0438,183.67,36058884.06,3567548.42,168737885.02,249720124.29,418458009.31,64172.24,4.45640554,0.00027151,0.00868838,0.00543024,0.04228362,0.04771385,868682664.47,207.8426
251,0.6872,2.0948,6.9998,184.02,36064917.07,3567778.00,168788911.84,249733249.39,418522161.23,64151.93,4.45499481,0.00027313,0.00874025,0.00546265,0.04220642,0.04766907,868744816.39,209.2798
252,0.6899,2.0945,6.9558,184.37,36070949.22,3568007.51,168839922.51,249746370.34,418586292.85,64131.62,4.45358457,0.00027477,0.00879276,0.00549547,0.04212935,0.04762483,868806948.01,210.7326
253,0.6927,2.0942,6.9118,184.72,36076980.52,3568236.95,168890917.04,249759487.13,418650404.17,64111.32,4.45217482,0.00027643,0.00884592,0.00552870,0.04205243,0.04758113,868869059.33,212.2015
254,0.6954,2.0939,6.8678,185.07,36083010.98,3568466.33,168941895.43,249772599.76,418714495.19,64091.02,4.45076557,0.00027812,0.00889975,0.00556234,0.04197565,0.04753799,868931150.35,213.6865
255,0.6982,2.0936,6.8239,185.42,36089040.59,3568695.64,168992857.70,249785708.23,418778565.93,64070.74,4.44935681,0.00027982,0.00895425,0.00559641,0.04189901,0.04749542,868993221.09,215.1880
256,0.7009,2.0933,6.7799,185.77,36095069.36,3568924.88,169043803.84,249798812.55,418842616.39,64050.46,4.44794854,0.00028155,0.00900945,0.00563091,0.04182250,0.04745341,869055271.55,216.7062
257,0.7036,2.0930,6.7360,186.12,36101097.27,3569154.05,169094733.86,249811912.72,418906646.57,64030.19,4.44654077,0.00028329,0.00906536,0.00566585,0.04174614,0.04741198,869117301.74,218.2413
258,0.7064,2.0927,6.6920,186.48,36107124.34,3569383.16,169145647.76,249825008.74,418970656.50,64009.92,4.44513349,0.00028506,0.00912198,0.00570124,0.04166991,0.04737114,869179311.66,219.7938
259,0.7091,2.0924,6.6481,186.83,36113150.56,3569612.20,169196545.55,249838100.61,419034646.16,63989.66,4.44372670,0.00028685,0.00917933,0.00573708,0.04159382,0.04733090,869241301.32,221.3638
260,0.7118,2.0921,6.6042,187.19,36119175.94,3569841.18,169247427.24,249851188.33,419098615.57,63969.41,4.44232040,0.00028867,0.00923744,0.00577340,0.04151787,0.04729126,869303270.74,222.9517
261,0.7146,2.0919,6.5603,187.54,36125200.47,3570070.09,169298292.83,249864271.92,419162564.74,63949.17,4.44091459,0.00029051,0.00929630,0.00581019,0.04144205,0.04725224,869365219.91,224.5577
262,0.7173,2.0916,6.5164,187.90,36131224.15,3570298.93,169349142.32,249877351.36,419226493.68,63928.93,4.43950928,0.00029237,0.00935594,0.00584746,0.04136637,0.04721384,869427148.84,226.1822
263,0.7201,2.0913,6.4726,188.26,36137246.98,3570527.71,169399975.72,249890426.66,419290402.38,63908.70,4.43810445,0.00029426,0.00941637,0.00588523,0.04129083,0.04717607,869489057.55,227.8254
264,0.7228,2.0910,6.4287,188.61,36143268.97,3570756.41,169450793.04,249903497.82,419354290.86,63888.48,4.43670012,0.00029618,0.00947761,0.00592351,0.04121543,0.04713894,869550946.03,229.4877
265,0.7255,2.0907,6.3849,188.97,36149290.12,3570985.06,169501594.28,249916564.85,419418159.13,63868.27,4.43529628,0.00029811,0.00953968,0.00596230,0.04114016,0.04710246,869612814.29,231.1694
266,0.7283,2.0904,6.3410,189.33,36155310.41,3571213.63,169552379.44,249929627.75,419482007.19,63848.06,4.43389293,0.00030008,0.00960258,0.00600161,0.04106503,0.04706664,869674662.35,232.8708
267,0.7310,2.0901,6.2972,189.69,36161329.87,3571442.14,169603148.54,249942686.51,419545835.05,63827.86,4.43249007,0.00030207,0.00966634,0.00604146,0.04099004,0.04703150,869736490.21,234.5922
268,0.7337,2.0898,6.2534,190.05,36167348.47,3571670.58,169653901.57,249955741.14,419609642.71,63807.66,4.43108770,0.00030409,0.00973098,0.00608186,0.04091518,0.04699704,869798297.87,236.3341
269,0.7365,2.0895,6.2096,190.41,36173366.23,3571898.96,169704638.54,249968791.65,419673430.18,63787.48,4.42968582,0.00030614,0.00979651,0.00612282,0.04084045,0.04696328,869860085.35,238.0967
270,0.7392,2.0892,6.1658,190.78,36179383.14,3572127.27,169755359.45,249981838.03,419737197.48,63767.30,4.42828442,0.00030822,0.00986296,0.00616435,0.04076587,0.04693022,869921852.64,239.8805
271,0.7420,2.0889,6.1220,191.14,36185399.21,3572355.51,169806064.32,249994880.28,419800944.60,63747.12,4.42688352,0.00031032,0.00993034,0.00620646,0.04069141,0.04689787,869983599.77,241.6858
272,0.7447,2.0886,6.0783,191.50,36191414.44,3572583.69,169856753.14,250007918.42,419864671.56,63726.96,4.42548311,0.00031246,0.00999866,0.00624917,0.04061709,0.04686626,870045326.72,243.5129
273,0.7474,2.0883,6.0345,191.87,36197428.81,3572811.80,169907425.93,250020952.43,419928378.36,63706.80,4.42408319,0.00031462,0.01006796,0.00629248,0.04054291,0.04683539,870107033.52,245.3623
274,0.7502,2.0880,5.9908,192.23,36203442.35,3573039.84,169958082.68,250033982.33,419992065.00,63686.65,4.42268376,0.00031682,0.01013826,0.00633641,0.04046886,0.04680527,870168720.17,247.2343
275,0.7529,2.0877,5.9471,192.60,36209455.03,3573267.82,170008723.40,250047008.11,420055731.50,63666.50,4.42128481,0.00031905,0.01020956,0.00638098,0.04039495,0.04677592,870230386.67,249.1295
276,0.7556,2.0874,5.9034,192.96,36215466.88,3573495.73,170059348.09,250060029.77,420119377.87,63646.36,4.41988636,0.00032131,0.01028191,0.00642619,0.04032116,0.04674736,870292033.03,251.0481
277,0.7584,2.0872,5.8597,193.33,36221477.87,3573723.58,170109956.77,250073047.33,420183004.10,63626.23,4.41848839,0.00032360,0.01035531,0.00647207,0.04024752,0.04671959,870353659.26,252.9906
278,0.7611,2.0869,5.8160,193.70,36227488.03,3573951.35,170160549.44,250086060.77,420246610.21,63606.11,4.41709091,0.00032593,0.01042979,0.00651862,0.04017400,0.04669262,870415265.37,254.9574
279,0.7639,2.0866,5.7723,194.06,36233497.34,3574179.07,170211126.09,250099070.11,420310196.20,63585.99,4.41569392,0.00032829,0.01050538,0.00656587,0.04010062,0.04666649,870476851.37,256.9491
280,0.7666,2.0863,5.7286,194.43,36239505.80,3574406.71,170261686.75,250112075.34,420373762.09,63565.88,4.41429742,0.00033069,0.01058211,0.00661382,0.04002737,0.04664119,870538417.25,258.9660
281,0.7693,2.0860,5.6850,194.80,36245513.42,3574634.29,170312231.40,250125076.47,420437307.87,63545.78,4.41290140,0.00033312,0.01065999,0.00666249,0.03995426,0.04661675,870599963.03,261.0086
282,0.7721,2.0857,5.6414,195.17,36251520.20,3574861.81,170362760.06,250138073.49,420500833.55,63525.68,4.41150587,0.00033560,0.01073905,0.00671191,0.03988127,0.04659318,870661488.71,263.0775
283,0.7748,2.0854,5.5977,195.54,36257526.13,3575089.25,170413272.73,250151066.41,420564339.15,63505.60,4.41011083,0.00033810,0.01081932,0.00676208,0.03980842,0.04657050,870722994.31,265.1730
284,0.7775,2.0851,5.5541,195.92,36263531.21,3575316.64,170463769.42,250164055.24,420627824.66,63485.51,4.40871628,0.00034065,0.01090083,0.00681302,0.03973570,0.04654872,870784479.82,267.2958
285,0.7803,2.0848,5.5105,196.29,36269535.46,3575543.95,170514250.13,250177039.97,420691290.10,63465.44,4.40732221,0.00034324,0.01098361,0.00686476,0.03966312,0.04652787,870845945.26,269.4463
286,0.7830,2.0845,5.4669,196.66,36275538.86,3575771.20,170564714.87,250190020.60,420754735.47,63445.37,4.40592863,0.00034587,0.01106769,0.00691730,0.03959066,0.04650797,870907390.64,271.6250
287,0.7858,2.0842,5.4233,197.04,36281541.42,3575998.39,170615163.64,250202997.15,420818160.78,63425.31,4.40453553,0.00034853,0.01115309,0.00697068,0.03951834,0.04648902,870968815.95,273.8325
288,0.7885,2.0839,5.3798,197.41,36287543.13,3576225.50,170665596.44,250215969.60,420881566.04,63405.26,4.40314293,0.00035125,0.01123985,0.00702491,0.03944614,0.04647105,871030221.21,276.0694
289,0.7912,2.0836,5.3362,197.79,36293544.00,3576452.56,170716013.29,250228937.96,420944951.25,63385.21,4.40175080,0.00035400,0.01132801,0.00708000,0.03937408,0.04645409,871091606.42,278.3363
290,0.7940,2.0833,5.2927,198.16,36299544.02,3576679.54,170766414.19,250241902.24,421008316.43,63365.17,4.40035917,0.00035680,0.01141759,0.00713599,0.03930215,0.04643814,871152971.59,280.6337
291,0.7967,2.0830,5.2492,198.54,36305543.21,3576906.46,170816799.14,250254862.43,421071661.57,63345.14,4.39896802,0.00035964,0.01150863,0.00719289,0.03923035,0.04642324,871214316.73,282.9622
292,0.7995,2.0828,5.2056,198.92,36311541.55,3577133.32,170867168.14,250267818.54,421134986.68,63325.11,4.39757735,0.00036254,0.01160117,0.00725073,0.03915868,0.04640940,871275641.84,285.3224
293,0.8022,2.0825,5.1621,199.29,36317539.05,3577360.10,170917521.21,250280770.57,421198291.77,63305.10,4.39618717,0.00036548,0.01169524,0.00730952,0.03908713,0.04639666,871336946.94,287.7151
294,0.8049,2.0822,5.1186,199.67,36323535.70,3577586.83,170967858.34,250293718.52,421261576.86,63285.08,4.39479748,0.00036847,0.01179088,0.00736930,0.03901572,0.04638502,871398232.02,290.1408
295,0.8077,2.0819,5.0752,200.05,36329531.51,3577813.48,171018179.55,250306662.39,421324841.94,63265.08,4.39340827,0.00037150,0.01188814,0.00743009,0.03894444,0.04637453,871459497.10,292.6003
296,0.8104,2.0816,5.0317,200.43,36335526.48,3578040.08,171068484.83,250319602.19,421388087.02,63245.08,4.39201954,0.00037460,0.01198705,0.00749191,0.03887328,0.04636519,871520742.18,295.0941
297,0.8131,2.0813,4.9882,200.81,36341520.61,3578266.60,171118774.19,250332537.91,421451312.11,63225.09,4.39063130,0.00037774,0.01208766,0.00755479,0.03880226,0.04635705,871581967.27,297.6231
298,0.8159,2.0810,4.9448,201.19,36347513.89,3578493.06,171169047.65,250345469.57,421514517.22,63205.11,4.38924354,0.00038094,0.01219000,0.00761875,0.03873136,0.04635012,871643172.38,300.1880
299,0.8186,2.0807,4.9014,201.58,36353506.34,3578719.46,171219305.19,250358397.15,421577702.35,63185.13,4.38785627,0.00038419,0.01229414,0.00768383,0.03866060,0.04634443,871704357.51,302.7894
300,0.8214,2.0804,4.8579,201.96,36359497.94,3578945.79,171269546.84,250371320.67,421640867.51,63165.16,4.38646948,0.00038750,0.01240010,0.00775006,0.03858996,0.04634002,871765522.67,305.4282
301,0.8241,2.0801,4.8145,202.34,36365488.70,3579172.05,171319772.58,250384240.12,421704012.70,63145.20,4.38508317,0.00039087,0.01250794,0.00781746,0.03851945,0.04633691,871826667.87,308.1053
302,0.8268,2.0798,4.7711,202.73,36371478.61,3579398.25,171369982.43,250397155.51,421767137.95,63125.24,4.38369735,0.00039430,0.01261772,0.00788608,0.03844906,0.04633514,871887793.11,310.8212
303,0.8296,2.0795,4.7278,203.11,36377467.69,3579624.38,171420176.40,250410066.84,421830243.24,63105.29,4.38231201,0.00039780,0.01272948,0.00795593,0.03837881,0.04633473,871948898.40,313.5771
304,0.8323,2.0792,4.6844,203.50,36383455.92,3579850.45,171470354.48,250422974.11,421893328.59,63085.35,4.38092715,0.00040135,0.01284328,0.00802705,0.03830868,0.04633573,872009983.75,316.3736
305,0.8350,2.0790,4.6410,203.89,36389443.31,3580076.45,171520516.69,250435877.32,421956394.01,63065.42,4.37954278,0.00040497,0.01295917,0.00809948,0.03823867,0.04633816,872071049.17,319.2117
306,0.8378,2.0787,4.5977,204.27,36395429.86,3580302.38,171570663.02,250448776.47,422019439.49,63045.49,4.37815889,0.00040866,0.01307722,0.00817326,0.03816880,0.04634206,872132094.66,322.0923
307,0.8405,2.0784,4.5543,204.66,36401415.57,3580528.25,171620793.49,250461671.58,422082465.06,63025.57,4.37677548,0.00041242,0.01319748,0.00824843,0.03809905,0.04634748,872193120.22,325.0163
308,0.8433,2.0781,4.5110,205.05,36407400.44,3580754.06,171670908.09,250474562.62,422145470.71,63005.65,4.37539255,0.00041625,0.01332002,0.00832501,0.03802943,0.04635444,872254125.88,327.9848
309,0.8460,2.0778,4.4677,205.44,36413384.47,3580979.80,171721006.83,250487449.62,422208456.46,62985.75,4.37401011,0.00042015,0.01344490,0.00840306,0.03795993,0.04636299,872315111.62,330.9986
310,0.8487,2.0775,4.4244,205.83,36419367.66,3581205.47,171771089.73,250500332.58,422271422.30,62965.85,4.37262814,0.00042413,0.01357218,0.00848261,0.03789056,0.04637318,872376077.47,334.0589
311,0.8515,2.0772,4.3811,206.22,36425350.00,3581431.08,171821156.77,250513211.48,422334368.26,62945.95,4.37124666,0.00042819,0.01370195,0.00856372,0.03782132,0.04638504,872437023.42,337.1667
312,0.8542,2.0769,4.3378,206.62,36431331.51,3581656.63,171871207.98,250526086.34,422397294.32,62926.07,4.36986566,0.00043232,0.01383427,0.00864642,0.03775220,0.04639862,872497949.49,340.3231
313,0.8569,2.0766,4.2946,207.01,36437312.17,3581882.10,171921243.35,250538957.16,422460200.51,62906.19,4.36848514,0.00043654,0.01396922,0.00873076,0.03768321,0.04641397,872558855.67,343.5292
314,0.8597,2.0763,4.2513,207.40,36443292.00,3582107.52,171971262.88,250551823.94,422523086.82,62886.31,4.36710511,0.00044084,0.01410688,0.00881680,0.03761434,0.04643114,872619741.98,346.7862
315,0.8624,2.0760,4.2081,207.80,36449270.98,3582332.87,172021266.59,250564686.68,422585953.27,62866.45,4.36572555,0.00044523,0.01424732,0.00890458,0.03754560,0.04645017,872680608.43,350.0952
316,0.8652,2.0757,4.1649,208.19,36455249.12,3582558.15,172071254.47,250577545.39,422648799.86,62846.59,4.36434647,0.00044971,0.01439065,0.00899415,0.03747698,0.04647113,872741455.02,353.4576
317,0.8679,2.0755,4.1217,208.59,36461226.43,3582783.37,172121226.54,250590400.06,422711626.60,62826.74,4.36296787,0.00045428,0.01453694,0.00908559,0.03740848,0.04649407,872802281.76,356.8745
318,0.8706,2.0752,4.0785,208.98,36467202.89,3583008.52,172171182.79,250603250.69,422774433.49,62806.89,4.36158976,0.00045895,0.01468628,0.00917893,0.03734011,0.04651904,872863088.65,360.3474
319,0.8734,2.0749,4.0353,209.38,36473178.52,3583233.61,172221123.24,250616097.30,422837220.54,62787.05,4.36021212,0.00046371,0.01483879,0.00927424,0.03727187,0.04654611,872923875.71,363.8775
320,0.8761,2.0746,3.9921,209.78,36479153.30,3583458.63,172271047.89,250628939.88,422899987.77,62767.22,4.35883497,0.00046858,0.01499454,0.00937159,0.03720374,0.04657533,872984642.93,367.4663
321,0.8789,2.0743,3.9489,210.18,36485127.24,3583683.59,172320956.74,250641778.43,422962735.17,62747.40,4.35745829,0.00047355,0.01515366,0.00947104,0.03713575,0.04660679,873045390.33,371.1152
322,0.8816,2.0740,3.9058,210.58,36491100.35,3583908.48,172370849.79,250654612.95,423025462.75,62727.58,4.35608209,0.00047863,0.01531626,0.00957266,0.03706787,0.04664053,873106117.91,374.8257
323,0.8843,2.0737,3.8626,210.98,36497072.62,3584133.31,172420727.06,250667443.46,423088170.52,62707.77,4.35470637,0.00048383,0.01548243,0.00967652,0.03700012,0.04667664,873166825.68,378.5994
324,0.8871,2.0734,3.8195,211.38,36503044.04,3584358.07,172470588.55,250680269.94,423150858.49,62687.97,4.35333113,0.00048913,0.01565232,0.00978270,0.03693249,0.04671519,873227513.65,382.4378
325,0.8898,2.0731,3.7764,211.78,36509014.63,3584582.77,172520434.26,250693092.40,423213526.66,62668.17,4.35195637,0.00049456,0.01582603,0.00989127,0.03686498,0.04675625,873288181.82,386.3427
326,0.8925,2.0728,3.7333,212.18,36514984.38,3584807.40,172570264.20,250705910.85,423276175.04,62648.38,4.35058209,0.00050012,0.01600371,0.01000232,0.03679759,0.04679992,873348830.21,390.3156
327,0.8953,2.0725,3.6902,212.59,36520953.29,3585031.97,172620078.37,250718725.27,423338803.64,62628.60,4.34920829,0.00050580,0.01618549,0.01011593,0.03673033,0.04684626,873409458.80,394.3585
328,0.8980,2.0722,3.6471,212.99,36526921.36,3585256.48,172669876.78,250731535.69,423401412.47,62608.82,4.34783496,0.00051161,0.01637152,0.01023220,0.03666319,0.04689539,873470067.63,398.4731
329,0.9008,2.0720,3.6040,213.39,36532888.59,3585480.92,172719659.43,250744342.09,423464001.52,62589.05,4.34646211,0.00051756,0.01656193,0.01035121,0.03659617,0.04694738,873530656.68,402.6613
330,0.9035,2.0717,3.5610,213.80,36538854.99,3585705.29,172769426.32,250757144.49,423526570.81,62569.29,4.34508974,0.00052365,0.01675690,0.01047306,0.03652927,0.04700234,873591225.97,406.9251
331,0.9062,2.0714,3.5179,214.21,36544820.54,3585929.60,172819177.48,250769942.87,423589120.35,62549.54,4.34371785,0.00052989,0.01695659,0.01059787,0.03646250,0.04706036,873651775.51,411.2665
332,0.9090,2.0711,3.4749,214.61,36550785.26,3586153.84,172868912.88,250782737.25,423651650.14,62529.79,4.34234644,0.00053629,0.01716116,0.01072573,0.03639584,0.04712157,873712305.30,415.6877
333,0.9117,2.0708,3.4319,215.02,36556749.14,3586378.02,172918632.56,250795527.63,423714160.18,62510.05,4.34097550,0.00054284,0.01737081,0.01085675,0.03632931,0.04718606,873772815.35,420.1908
334,0.9144,2.0705,3.3889,215.43,36562712.18,3586602.14,172968336.49,250808314.00,423776650.50,62490.31,4.33960504,0.00054955,0.01758572,0.01099107,0.03626289,0.04725397,873833305.66,424.7780
335,0.9172,2.0702,3.3459,215.84,36568674.38,3586826.19,173018024.71,250821096.38,423839121.08,62470.58,4.33823506,0.00055644,0.01780609,0.01112880,0.03619660,0.04732540,873893776.25,429.4518
336,0.9199,2.0699,3.3029,216.25,36574635.75,3587050.18,173067697.19,250833874.75,423901571.95,62450.86,4.33686555,0.00056350,0.01803213,0.01127008,0.03613043,0.04740051,873954227.11,434.2145
337,0.9227,2.0696,3.2599,216.66,36580596.27,3587274.10,173117353.97,250846649.13,423964003.10,62431.15,4.33549652,0.00057075,0.01826407,0.01141505,0.03606437,0.04747942,874014658.26,439.0687
338,0.9254,2.0693,3.2169,217.07,36586555.96,3587497.96,173166995.03,250859419.51,424026414.54,62411.44,4.33412796,0.00057819,0.01850215,0.01156384,0.03599844,0.04756228,874075069.70,444.0171
339,0.9281,2.0690,3.1740,217.49,36592514.82,3587721.75,173216620.38,250872185.90,424088806.28,62391.74,4.33275988,0.00058583,0.01874659,0.01171662,0.03593263,0.04764925,874135461.44,449.0623
340,0.9309,2.0688,3.1310,217.90,36598472.83,3587945.48,173266230.03,250884948.30,424151178.33,62372.05,4.33139228,0.00059368,0.01899768,0.01187355,0.03586693,0.04774048,874195833.49,454.2072
341,0.9336,2.0685,3.0881,218.31,36604430.01,3588169.14,173315823.98,250897706.71,424213530.69,62352.36,4.33002515,0.00060174,0.01925567,0.01203479,0.03580136,0.04783615,874256185.85,459.4547
342,0.9363,2.0682,3.0452,218.73,36610386.35,3588392.74,173365402.24,250910461.14,424275863.37,62332.68,4.32865850,0.00061003,0.01952086,0.01220054,0.03573590,0.04793644,874316518.54,464.8079
343,0.9391,2.0679,3.0023,219.14,36616341.85,3588616.28,173414964.81,250923211.58,424338176.38,62313.01,4.32729233,0.00061855,0.01979356,0.01237097,0.03567056,0.04804154,874376831.55,470.2700
344,0.9418,2.0676,2.9594,219.56,36622296.52,3588839.75,173464511.70,250935958.03,424400469.73,62293.34,4.32592662,0.00062732,0.02007408,0.01254630,0.03560534,0.04815164,874437124.89,475.8442
345,0.9446,2.0673,2.9165,219.98,36628250.35,3589063.15,173514042.91,250948700.50,424462743.41,62273.68,4.32456140,0.00063634,0.02036277,0.01272673,0.03554024,0.04826697,874497398.57,481.5341
346,0.9473,2.0670,2.8737,220.40,36634203.35,3589286.49,173563558.45,250961439.00,424524997.44,62254.03,4.32319665,0.00064562,0.02066000,0.01291250,0.03547526,0.04838776,874557652.61,487.3433
347,0.9500,2.0667,2.8308,220.82,36640155.50,3589509.77,173613058.32,250974173.51,424587231.83,62234.39,4.32183237,0.00065519,0.02096613,0.01310383,0.03541039,0.04851423,874617886.99,493.2754
348,0.9528,2.0664,2.7880,221.23,36646106.82,3589732.99,173662542.52,250986904.05,424649446.58,62214.75,4.32046856,0.00066505,0.02128159,0.01330100,0.03534565,0.04864664,874678101.74,499.3345
349,0.9555,2.0661,2.7451,221.66,36652057.31,3589956.14,173712011.07,250999630.62,424711641.69,62195.12,4.31910524,0.00067521,0.02160681,0.01350426,0.03528102,0.04878527,874738296.85,505.5244
350,0.9582,2.0659,2.7023,222.08,36658006.96,3590179.22,173761463.97,251012353.21,424773817.18,62175.49,4.31774238,0.00068569,0.02194224,0.01371390,0.03521650,0.04893040,874798472.35,511.8496
351,0.9610,2.0656,2.6595,222.50,36663955.77,3590402.24,173810901.22,251025071.84,424835973.05,62155.87,4.31638000,0.00069651,0.02228837,0.01393023,0.03515211,0.04908234,874858628.22,518.3144
352,0.9637,2.0653,2.6167,222.92,36669903.75,3590625.20,173860322.82,251037786.49,424898109.31,62136.26,4.31501809,0.00070768,0.02264572,0.01415358,0.03508783,0.04924141,874918764.48,524.9235
353,0.9665,2.0650,2.5739,223.35,36675850.89,3590848.09,173909728.79,251050497.18,424960225.97,62116.66,4.31365665,0.00071921,0.02301486,0.01438429,0.03502367,0.04940795,874978881.13,531.6817
354,0.9692,2.0647,2.5312,223.77,36681797.19,3591070.92,173959119.13,251063203.90,425022323.03,62097.06,4.31229569,0.00073114,0.02339636,0.01462272,0.03495962,0.04958234,875038978.19,538.5940
355,0.9719,2.0644,2.4884,224.20,36687742.66,3591293.69,174008493.83,251075906.66,425084400.50,62077.47,4.31093520,0.00074346,0.02379086,0.01486929,0.03489569,0.04976498,875099055.66,545.6657
356,0.9747,2.0641,2.4457,224.62,36693687.29,3591516.39,174057852.92,251088605.46,425146458.38,62057.88,4.30957519,0.00075622,0.02419905,0.01512441,0.03483188,0.04995628,875159113.54,552.9023
357,0.9774,2.0638,2.4029,225.05,36699631.09,3591739.02,174107196.38,251101300.30,425208496.68,62038.31,4.30821564,0.00076943,0.02462163,0.01538852,0.03476818,0.05015670,875219151.85,560.3098
358,0.9802,2.0635,2.3602,225.48,36705574.06,3591961.60,174156524.23,251113991.18,425270515.42,62018.73,4.30685657,0.00078311,0.02505940,0.01566212,0.03470460,0.05036672,875279170.58,567.8939
359,0.9829,2.0632,2.3175,225.91,36711516.18,3592184.11,174205836.48,251126678.11,425332514.59,61999.17,4.30549797,0.00079729,0.02551318,0.01594573,0.03464113,0.05058686,875339169.75,575.6613
360,0.9856,2.0629,2.2748,226.33,36717457.48,3592406.55,174255133.12,251139361.09,425394494.20,61979.61,4.30413984,0.00081200,0.02598386,0.01623991,0.03457778,0.05081769,875399149.37,583.6184
361,0.9884,2.0627,2.2321,226.76,36723397.94,3592628.93,174304414.16,251152040.11,425456454.27,61960.06,4.30278219,0.00082726,0.02647241,0.01654525,0.03451454,0.05105979,875459109.43,591.7723
362,0.9911,2.0624,2.1895,227.20,36729337.56,3592851.25,174353679.61,251164715.18,425518394.79,61940.52,4.30142500,0.00084312,0.02697986,0.01686241,0.03445142,0.05131383,875519049.95,600.1303
363,0.9938,2.0621,2.1468,227.63,36735276.35,3593073.50,174402929.46,251177386.31,425580315.77,61920.98,4.30006829,0.00085960,0.02750734,0.01719209,0.03438841,0.05158050,875578970.93,608.7001
364,0.9966,2.0618,2.1041,228.06,36741214.30,3593295.69,174452163.74,251190053.48,425642217.22,61901.45,4.29871205,0.00087675,0.02805606,0.01753504,0.03432551,0.05186055,875638872.39,617.4898
365,0.9993,2.0615,2.0615,228.49,36747151.42,3593517.82,174501382.44,251202716.72,425704099.15,61881.93,4.29735627,0.00089460,0.02862731,0.01789207,0.03426273,0.05215481,875698754.32,626.5078
366,1.0021,2.0612,2.0612,228.93,36753087.71,3593739.88,174550585.56,251215376.01,425765961.57,61862.41,4.29600097,0.00089445,0.02862231,0.01788894,0.03420007,0.05208901,875758616.73,627.1895
367,1.0048,2.0609,2.0609,229.36,36759023.16,3593961.88,174599773.11,251228031.36,425827804.47,61842.90,4.29464614,0.00089429,0.02861730,0.01788581,0.03413752,0.05202333,875818459.63,627.8715
368,1.0075,2.0606,2.0606,229.80,36764957.78,3594183.81,174648945.10,251240682.77,425889627.87,61823.40,4.29329178,0.00089413,0.02861230,0.01788269,0.03407508,0.05195776,875878283.04,628.5539
369,1.0103,2.0603,2.0603,230.24,36770891.56,3594405.68,174698101.53,251253330.25,425951431.78,61803.91,4.29193789,0.00089398,0.02860729,0.01787956,0.03401275,0.05189231,875938086.94,629.2367
370,1.0130,2.0601,2.0601,230.67,36776824.51,3594627.49,174747242.41,251265973.79,426013216.20,61784.42,4.29058447,0.00089382,0.02860229,0.01787643,0.03395054,0.05182697,875997871.36,629.9198
371,1.0157,2.0598,2.0598,231.11,36782756.63,3594849.24,174796367.74,251278613.39,426074981.13,61764.93,4.28923152,0.00089367,0.02859729,0.01787331,0.03388844,0.05176175,876057636.29,630.6033
372,1.0185,2.0595,2.0595,231.55,36788687.91,3595070.92,174845477.52,251291249.07,426136726.59,61745.46,4.28787904,0.00089351,0.02859229,0.01787018,0.03382646,0.05169664,876117381.75,631.2871
373,1.0212,2.0592,2.0592,231.99,36794618.36,3595292.53,174894571.76,251303880.81,426198452.58,61725.99,4.28652703,0.00089335,0.02858729,0.01786706,0.03376458,0.05163164,876177107.74,631.9713
374,1.0240,2.0589,2.0589,232.43,36800547.97,3595514.09,174943650.47,251316508.63,426260159.10,61706.53,4.28517549,0.00089320,0.02858230,0.01786394,0.03370282,0.05156676,876236814.27,632.6559
375,1.0267,2.0586,2.0586,232.87,36806476.76,3595735.58,174992713.65,251329132.52,426321846.18,61687.07,4.28382442,0.00089304,0.02857730,0.01786081,0.03364117,0.05150198,876296501.34,633.3409
376,1.0294,2.0583,2.0583,233.32,36812404.71,3595957.00,175041761.31,251341752.49,426383513.80,61667.62,4.28247382,0.00089288,0.02857231,0.01785769,0.03357963,0.05143732,876356168.96,634.0262
377,1.0322,2.0580,2.0580,233.76,36818331.82,3596178.37,175090793.44,251354368.54,426445161.98,61648.18,4.28112368,0.00089273,0.02856731,0.01785457,0.03351821,0.05137278,876415817.14,634.7118
378,1.0349,2.0577,2.0577,234.20,36824258.10,3596399.67,175139810.06,251366980.66,426506790.73,61628.75,4.27977401,0.00089257,0.02856232,0.01785145,0.03345689,0.05130834,876475445.89,635.3979
379,1.0376,2.0574,2.0574,234.65,36830183.56,3596620.90,175188811.17,251379588.87,426568400.04,61609.32,4.27842481,0.00089242,0.02855733,0.01784833,0.03339569,0.05124402,876535055.21,636.0843
380,1.0404,2.0572,2.0572,235.10,36836108.17,3596842.07,175237796.78,251392193.16,426629989.94,61589.90,4.27707608,0.00089226,0.02855234,0.01784521,0.03333460,0.05117981,876594645.10,636.7710
381,1.0431,2.0569,2.0569,235.54,36842031.96,3597063.18,175286766.88,251404793.54,426691560.42,61570.48,4.27572782,0.00089210,0.02854735,0.01784209,0.03327361,0.05111571,876654215.58,637.4581
382,1.0459,2.0566,2.0566,235.99,36847954.91,3597284.23,175335721.49,251417390.00,426753111.49,61551.07,4.27438003,0.00089195,0.02854236,0.01783898,0.03321274,0.05105172,876713766.65,638.1456
383,1.0486,2.0563,2.0563,236.44,36853877.03,3597505.21,175384660.61,251429982.55,426814643.16,61531.67,4.27303270,0.00089179,0.02853737,0.01783586,0.03315198,0.05098784,876773298.33,638.8334
384,1.0513,2.0560,2.0560,236.89,36859798.32,3597726.13,175433584.25,251442571.19,426876155.44,61512.28,4.27168584,0.00089164,0.02853239,0.01783274,0.03309133,0.05092408,876832810.60,639.5216
385,1.0541,2.0557,2.0557,237.34,36865718.78,3597946.99,175482492.40,251455155.93,426937648.33,61492.89,4.27033944,0.00089148,0.02852740,0.01782963,0.03303079,0.05086042,876892303.49,640.2102
386,1.0568,2.0554,2.0554,237.79,36871638.40,3598167.78,175531385.08,251467736.75,426999121.83,61473.51,4.26899352,0.00089133,0.02852242,0.01782651,0.03297036,0.05079688,876951777.00,640.8991
387,1.0595,2.0551,2.0551,238.24,36877557.20,3598388.51,175580262.29,251480313.68,427060575.96,61454.13,4.26764806,0.00089117,0.02851744,0.01782340,0.03291004,0.05073344,877011231.13,641.5883
388,1.0623,2.0548,2.0548,238.70,36883475.16,3598609.18,175629124.03,251492886.70,427122010.73,61434.76,4.26630306,0.00089101,0.02851246,0.01782029,0.03284983,0.05067012,877070665.89,642.2779
389,1.0650,2.0546,2.0546,239.15,36889392.29,3598829.78,175677970.31,251505455.82,427183426.13,61415.40,4.26495854,0.00089086,0.02850748,0.01781717,0.03278973,0.05060690,877130081.29,642.9679
390,1.0678,2.0543,2.0543,239.60,36895308.58,3599050.32,175726801.13,251518021.05,427244822.18,61396.05,4.26361448,0.00089070,0.02850250,0.01781406,0.03272974,0.05054380,877189477.34,643.6582
391,1.0705,2.0540,2.0540,240.06,36901224.05,3599270.80,175775616.51,251530582.37,427306198.88,61376.70,4.26227088,0.00089055,0.02849752,0.01781095,0.03266985,0.05048080,877248854.04,644.3489
392,1.0732,2.0537,2.0537,240.52,36907138.69,3599491.22,175824416.43,251543139.81,427367556.24,61357.36,4.26092775,0.00089039,0.02849255,0.01780784,0.03261008,0.05041792,877308211.40,645.0399
393,1.0760,2.0534,2.0534,240.97,36913052.49,3599711.57,175873200.92,251555693.35,427428894.27,61338.03,4.25958509,0.00089024,0.02848757,0.01780473,0.03255041,0.05035514,877367549.43,645.7313
394,1.0787,2.0531,2.0531,241.43,36918965.46,3599931.86,175921969.97,251568242.99,427490212.96,61318.70,4.25824289,0.00089008,0.02848260,0.01780162,0.03249085,0.05029248,877426868.13,646.4230
395,1.0815,2.0528,2.0528,241.89,36924877.61,3600152.08,175970723.59,251580788.75,427551512.34,61299.38,4.25690115,0.00088993,0.02847762,0.01779851,0.03243140,0.05022992,877486167.50,647.1151
396,1.0842,2.0525,2.0525,242.35,36930788.92,3600372.25,176019461.78,251593330.62,427612792.40,61280.06,4.25555989,0.00088977,0.02847265,0.01779541,0.03237206,0.05016747,877545447.57,647.8075
397,1.0869,2.0523,2.0523,242.81,36936699.40,3600592.35,176068184.55,251605868.61,427674053.16,61260.75,4.25421908,0.00088962,0.02846768,0.01779230,0.03231283,0.05010513,877604708.32,648.5003
398,1.0897,2.0520,2.0520,243.27,36942609.05,3600812.38,176116891.90,251618402.71,427735294.61,61241.45,4.25287874,0.00088946,0.02846271,0.01778919,0.03225370,0.05004289,877663949.77,649.1934
399,1.0924,2.0517,2.0517,243.73,36948517.87,3601032.36,176165583.84,251630932.93,427796516.77,61222.16,4.25153887,0.00088930,0.02845774,0.01778609,0.03219468,0.04998077,877723171.93,649.8869
400,1.0951,2.0514,2.0514,244.20,36954425.86,3601252.27,176214260.38,251643459.27,427857719.64,61202.87,4.25019946,0.00088915,0.02845278,0.01778298,0.03213577,0.04991875,877782374.81,650.5807
401,1.0979,2.0511,2.0511,244.66,36960333.02,3601472.12,176262921.51,251655981.73,427918903.23,61183.59,4.24886051,0.00088899,0.02844781,0.01777988,0.03207696,0.04985684,877841558.40,651.2749
402,1.1006,2.0508,2.0508,245.13,36966239.35,3601691.90,176311567.24,251668500.31,427980067.55,61164.32,4.24752203,0.00088884,0.02844285,0.01777678,0.03201826,0.04979504,877900722.71,651.9694
403,1.1034,2.0505,2.0505,245.59,36972144.85,3601911.63,176360197.58,251681015.02,428041212.60,61145.05,4.24618401,0.00088868,0.02843788,0.01777368,0.03195967,0.04973335,877959867.76,652.6642
404,1.1061,2.0502,2.0502,246.06,36978049.52,3602131.29,176408812.53,251693525.86,428102338.39,61125.79,4.24484645,0.00088853,0.02843292,0.01777057,0.03190118,0.04967176,878018993.55,653.3594
405,1.1088,2.0499,2.0499,246.53,36983953.36,3602350.89,176457412.10,251706032.82,428163444.93,61106.53,4.24350936,0.00088837,0.02842796,0.01776747,0.03184280,0.04961028,878078100.09,654.0550
406,1.1116,2.0497,2.0497,247.00,36989856.37,3602570.42,176505996.30,251718535.92,428224532.21,61087.29,4.24217273,0.00088822,0.02842300,0.01776437,0.03178453,0.04954890,878137187.38,654.7508
407,1.1143,2.0494,2.0494,247.46,36995758.55,3602789.89,176554565.12,251731035.14,428285600.26,61068.05,4.24083657,0.00088806,0.02841804,0.01776127,0.03172636,0.04948764,878196255.42,655.4471
408,1.1170,2.0491,2.0491,247.94,37001659.90,3603009.30,176603118.57,251743530.50,428346649.07,61048.81,4.23950086,0.00088791,0.02841308,0.01775817,0.03166830,0.04942648,878255304.23,656.1436
409,1.1198,2.0488,2.0488,248.41,37007560.42,3603228.65,176651656.66,251756022.00,428407678.66,61029.58,4.23816562,0.00088775,0.02840812,0.01775508,0.03161034,0.04936542,878314333.82,656.8405
410,1.1225,2.0485,2.0485,248.88,37013460.12,3603447.94,176700179.39,251768509.64,428468689.02,61010.36,4.23683084,0.00088760,0.02840317,0.01775198,0.03155249,0.04930447,878373344.18,657.5378
411,1.1253,2.0482,2.0482,249.35,37019358.98,3603667.16,176748686.76,251780993.41,428529680.17,60991.15,4.23549653,0.00088744,0.02839821,0.01774888,0.03149475,0.04924363,878432335.33,658.2353
412,1.1280,2.0479,2.0479,249.83,37025257.02,3603886.32,176797178.79,251793473.32,428590652.11,60971.94,4.23416267,0.00088729,0.02839326,0.01774579,0.03143710,0.04918289,878491307.28,658.9333
413,1.1307,2.0476,2.0476,250.30,37031154.22,3604105.42,176845655.47,251805949.38,428651604.85,60952.74,4.23282928,0.00088713,0.02838831,0.01774269,0.03137957,0.04912226,878550260.02,659.6315
414,1.1335,2.0474,2.0474,250.78,37037050.60,3604324.45,176894116.82,251818421.59,428712538.40,60933.55,4.23149635,0.00088698,0.02838336,0.01773960,0.03132213,0.04906173,878609193.56,660.3301
415,1.1362,2.0471,2.0471,251.25,37042946.15,3604543.42,176942562.83,251830889.94,428773452.76,60914.36,4.23016388,0.00088683,0.02837841,0.01773650,0.03126481,0.04900131,878668107.92,661.0290
416,1.1389,2.0468,2.0468,251.73,37048840.87,3604762.33,176990993.51,251843354.44,428834347.94,60895.18,4.22883187,0.00088667,0.02837346,0.01773341,0.03120758,0.04894099,878727003.10,661.7283
417,1.1417,2.0465,2.0465,252.21,37054734.76,3604981.18,177039408.86,251855815.08,428895223.95,60876.00,4.22750032,0.00088652,0.02836851,0.01773032,0.03115046,0.04888078,878785879.11,662.4279
418,1.1444,2.0462,2.0462,252.69,37060627.83,3605199.97,177087808.90,251868271.88,428956080.78,60856.84,4.22616923,0.00088636,0.02836356,0.01772723,0.03109345,0.04882067,878844735.95,663.1278
419,1.1472,2.0459,2.0459,253.17,37066520.06,3605418.69,177136193.62,251880724.84,429016918.46,60837.68,4.22483860,0.00088621,0.02835862,0.01772414,0.03103653,0.04876067,878903573.62,663.8281
420,1.1499,2.0456,2.0456,253.65,37072411.47,3605637.35,177184563.03,251893173.95,429077736.98,60818.52,4.22350844,0.00088605,0.02835367,0.01772105,0.03097972,0.04870077,878962392.14,664.5287
421,1.1526,2.0453,2.0453,254.13,37078302.05,3605855.95,177232917.14,251905619.22,429138536.35,60799.37,4.22217873,0.00088590,0.02834873,0.01771796,0.03092302,0.04864097,879021191.52,665.2296
422,1.1554,2.0451,2.0451,254.62,37084191.80,3606074.49,177281255.94,251918060.64,429199316.59,60780.23,4.22084949,0.00088574,0.02834379,0.01771487,0.03086641,0.04858128,879079971.75,665.9309
423,1.1581,2.0448,2.0448,255.10,37090080.73,3606292.96,177329579.45,251930498.23,429260077.68,60761.10,4.21952070,0.00088559,0.02833885,0.01771178,0.03080991,0.04852169,879138732.85,666.6325
424,1.1608,2.0445,2.0445,255.58,37095968.83,3606511.37,177377887.67,251942931.98,429320819.65,60741.97,4.21819237,0.00088543,0.02833391,0.01770869,0.03075352,0.04846221,879197474.82,667.3344
425,1.1636,2.0442,2.0442,256.07,37101856.10,3606729.72,177426180.61,251955361.90,429381542.50,60722.85,4.21686451,0.00088528,0.02832897,0.01770561,0.03069722,0.04840282,879256197.67,668.0367
426,1.1663,2.0439,2.0439,256.56,37107742.54,3606948.01,177474458.26,251967787.98,429442246.24,60703.73,4.21553710,0.00088513,0.02832403,0.01770252,0.03064103,0.04834355,879314901.40,668.7392
427,1.1691,2.0436,2.0436,257.04,37113628.15,3607166.24,177522720.64,251980210.23,429502930.86,60684.63,4.21421015,0.00088497,0.02831909,0.01769943,0.03058494,0.04828437,879373586.03,669.4421
428,1.1718,2.0433,2.0433,257.53,37119512.94,3607384.40,177570967.74,251992628.64,429563596.39,60665.52,4.21288366,0.00088482,0.02831416,0.01769635,0.03052895,0.04822530,879432251.55,670.1454
429,1.1745,2.0430,2.0430,258.02,37125396.90,3607602.50,177619199.58,252005043.23,429624242.82,60646.43,4.21155763,0.00088466,0.02830923,0.01769327,0.03047306,0.04816632,879490897.98,670.8489
430,1.1773,2.0428,2.0428,258.51,37131280.04,3607820.54,177667416.16,252017454.00,429684870.16,60627.34,4.21023206,0.00088451,0.02830429,0.01769018,0.03041727,0.04810745,879549525.32,671.5528
431,1.1800,2.0425,2.0425,259.00,37137162.35,3608038.52,177715617.48,252029860.94,429745478.42,60608.26,4.20890694,0.00088436,0.02829936,0.01768710,0.03036159,0.04804869,879608133.58,672.2570
432,1.1828,2.0422,2.0422,259.50,37143043.83,3608256.44,177763803.55,252042264.05,429806067.60,60589.18,4.20758229,0.00088420,0.02829443,0.01768402,0.03030600,0.04799002,879666722.77,672.9615
433,1.1855,2.0419,2.0419,259.99,37148924.48,3608474.29,177811974.37,252054663.35,429866637.72,60570.12,4.20625809,0.00088405,0.02828950,0.01768094,0.03025052,0.04793146,879725292.88,673.6664
434,1.1882,2.0416,2.0416,260.48,37154804.31,3608692.08,177860129.95,252067058.82,429927188.78,60551.05,4.20493435,0.00088389,0.02828457,0.01767786,0.03019514,0.04787300,879783843.94,674.3716
435,1.1910,2.0413,2.0413,260.98,37160683.31,3608909.81,177908270.30,252079450.48,429987720.77,60532.00,4.20361106,0.00088374,0.02827964,0.01767478,0.03013986,0.04781464,879842375.94,675.0771
436,1.1937,2.0410,2.0410,261.48,37166561.49,3609127.48,177956395.41,252091838.32,430048233.73,60512.95,4.20228824,0.00088358,0.02827472,0.01767170,0.03008468,0.04775638,879900888.89,675.7829
437,1.1964,2.0407,2.0407,261.97,37172438.84,3609345.09,178004505.29,252104222.35,430108727.63,60493.91,4.20096587,0.00088343,0.02826979,0.01766862,0.03002960,0.04769822,879959382.80,676.4890
438,1.1992,2.0405,2.0405,262.47,37178315.37,3609562.63,178052599.95,252116602.56,430169202.51,60474.87,4.19964396,0.00088328,0.02826487,0.01766554,0.02997462,0.04764016,880017857.67,677.1955
439,1.2019,2.0402,2.0402,262.97,37184191.06,3609780.12,178100679.39,252128978.96,430229658.35,60455.84,4.19832251,0.00088312,0.02825995,0.01766247,0.02991973,0.04758220,880076313.51,677.9022
440,1.2047,2.0399,2.0399,263.47,37190065.94,3609997.54,178148743.61,252141351.56,430290095.17,60436.82,4.19700151,0.00088297,0.02825503,0.01765939,0.02986495,0.04752434,880134750.34,678.6093
441,1.2074,2.0396,2.0396,263.97,37195939.99,3610214.90,178196792.63,252153720.35,430350512.98,60417.81,4.19568097,0.00088282,0.02825011,0.01765632,0.02981027,0.04746659,880193168.14,679.3167
442,1.2101,2.0393,2.0393,264.47,37201813.21,3610432.19,178244826.45,252166085.33,430410911.78,60398.80,4.19436088,0.00088266,0.02824519,0.01765324,0.02975569,0.04740893,880251566.94,680.0244
443,1.2129,2.0390,2.0390,264.97,37207685.60,3610649.43,178292845.06,252178446.51,430471291.57,60379.79,4.19304126,0.00088251,0.02824027,0.01765017,0.02970121,0.04735137,880309946.73,680.7325
444,1.2156,2.0387,2.0387,265.48,37213557.18,3610866.60,178340848.49,252190803.88,430531652.37,60360.80,4.19172208,0.00088235,0.02823535,0.01764709,0.02964682,0.04729392,880368307.53,681.4408
445,1.2183,2.0385,2.0385,265.98,37219427.92,3611083.72,178388836.72,252203157.46,430591994.18,60341.81,4.19040337,0.00088220,0.02823043,0.01764402,0.02959254,0.04723656,880426649.34,682.1495
446,1.2211,2.0382,2.0382,266.49,37225297.84,3611300.77,178436809.77,252215507.23,430652317.00,60322.83,4.18908510,0.00088205,0.02822552,0.01764095,0.02953835,0.04717930,880484972.16,682.8585
447,1.2238,2.0379,2.0379,266.99,37231166.94,3611517.76,178484767.64,252227853.22,430712620.85,60303.85,4.18776730,0.00088189,0.02822061,0.01763788,0.02948426,0.04712214,880543276.01,683.5677
448,1.2266,2.0376,2.0376,267.50,37237035.21,3611734.69,178532710.33,252240195.40,430772905.73,60284.88,4.18644995,0.00088174,0.02821569,0.01763481,0.02943027,0.04706508,880601560.89,684.2773
449,1.2293,2.0373,2.0373,268.01,37242902.66,3611951.55,178580637.85,252252533.79,430833171.65,60265.92,4.18513305,0.00088159,0.02821078,0.01763174,0.02937638,0.04700812,880659826.81,684.9872
450,1.2320,2.0370,2.0370,268.52,37248769.28,3612168.36,178628550.21,252264868.39,430893418.61,60246.96,4.18381661,0.00088143,0.02820587,0.01762867,0.02932259,0.04695126,880718073.77,685.6975
451,1.2348,2.0367,2.0367,269.03,37254635.08,3612385.10,178676447.41,252277199.21,430953646.61,60228.01,4.18250063,0.00088128,0.02820096,0.01762560,0.02926889,0.04689449,880776301.78,686.4080
452,1.2375,2.0364,2.0364,269.54,37260500.06,3612601.79,178724329.45,252289526.23,431013855.68,60209.07,4.18118509,0.00088113,0.02819606,0.01762253,0.02921529,0.04683783,880834510.84,687.1188
453,1.2402,2.0362,2.0362,270.05,37266364.21,3612818.41,178772196.34,252301849.47,431074045.81,60190.13,4.17987002,0.00088097,0.02819115,0.01761947,0.02916179,0.04678126,880892700.97,687.8300
454,1.2430,2.0359,2.0359,270.57,37272227.53,3613034.97,178820048.09,252314168.92,431134217.01,60171.20,4.17855539,0.00088082,0.02818624,0.01761640,0.02910839,0.04672479,880950872.17,688.5414
455,1.2457,2.0356,2.0356,271.08,37278090.03,3613251.46,178867884.69,252326484.59,431194369.28,60152.27,4.17724122,0.00088067,0.02818134,0.01761334,0.02905508,0.04666842,881009024.44,689.2532
456,1.2485,2.0353,2.0353,271.60,37283951.71,3613467.90,178915706.16,252338796.48,431254502.64,60133.36,4.17592751,0.00088051,0.02817643,0.01761027,0.02900187,0.04661214,881067157.80,689.9652
457,1.2512,2.0350,2.0350,272.11,37289812.57,3613684.28,178963512.49,252351104.59,431314617.08,60114.45,4.17461424,0.00088036,0.02817153,0.01760721,0.02894876,0.04655597,881125272.24,690.6776
458,1.2539,2.0347,2.0347,272.63,37295672.60,3613900.59,179011303.70,252363408.92,431374712.62,60095.54,4.17330144,0.00088021,0.02816663,0.01760414,0.02889574,0.04649989,881183367.78,691.3903
459,1.2567,2.0344,2.0344,273.15,37301531.81,3614116.84,179059079.79,252375709.48,431434789.26,60076.64,4.17198908,0.00088005,0.02816173,0.01760108,0.02884282,0.04644390,881241444.43,692.1032
460,1.2594,2.0342,2.0342,273.67,37307390.19,3614333.04,179106840.75,252388006.26,431494847.02,60057.75,4.17067718,0.00087990,0.02815683,0.01759802,0.02879000,0.04638802,881299502.18,692.8165
461,1.2621,2.0339,2.0339,274.19,37313247.75,3614549.17,179154586.61,252400299.27,431554885.88,60038.87,4.16936573,0.00087975,0.02815193,0.01759496,0.02873727,0.04633223,881357541.04,693.5301
462,1.2649,2.0336,2.0336,274.71,37319104.49,3614765.24,179202317.36,252412588.51,431614905.87,60019.99,4.16805473,0.00087959,0.02814704,0.01759190,0.02868464,0.04627654,881415561.03,694.2439
463,1.2676,2.0333,2.0333,275.23,37324960.40,3614981.25,179250033.00,252424873.98,431674906.99,60001.12,4.16674418,0.00087944,0.02814214,0.01758884,0.02863210,0.04622094,881473562.15,694.9581
464,1.2704,2.0330,2.0330,275.76,37330815.50,3615197.19,179297733.55,252437155.69,431734889.24,59982.25,4.16543409,0.00087929,0.02813725,0.01758578,0.02857966,0.04616544,881531544.40,695.6726
465,1.2731,2.0327,2.0327,276.28,37336669.77,3615413.08,179345419.00,252449433.62,431794852.63,59963.39,4.16412445,0.00087914,0.02813235,0.01758272,0.02852731,0.04611003,881589507.79,696.3873
466,1.2758,2.0324,2.0324,276.80,37342523.21,3615628.91,179393089.37,252461707.80,431854797.17,59944.54,4.16281526,0.00087898,0.02812746,0.01757966,0.02847506,0.04605473,881647452.33,697.1024
467,1.2786,2.0322,2.0322,277.33,37348375.84,3615844.67,179440744.65,252473978.21,431914722.86,59925.69,4.16150652,0.00087883,0.02812257,0.01757661,0.02842291,0.04599951,881705378.03,697.8178
468,1.2813,2.0319,2.0319,277.86,37354227.64,3616060.37,179488384.85,252486244.87,431974629.72,59906.85,4.16019824,0.00087868,0.02811768,0.01757355,0.02837085,0.04594440,881763284.88,698.5334
469,1.2841,2.0316,2.0316,278.39,37360078.62,3616276.01,179536009.98,252498507.76,432034517.74,59888.02,4.15889040,0.00087852,0.02811279,0.01757049,0.02831888,0.04588937,881821172.90,699.2494
470,1.2868,2.0313,2.0313,278.92,37365928.78,3616491.60,179583620.04,252510766.90,432094386.93,59869.20,4.15758302,0.00087837,0.02810790,0.01756744,0.02826701,0.04583445,881879042.10,699.9656
471,1.2895,2.0310,2.0310,279.45,37371778.11,3616707.12,179631215.03,252523022.28,432154237.31,59850.38,4.15627609,0.00087822,0.02810302,0.01756439,0.02821523,0.04577962,881936892.47,700.6821
472,1.2923,2.0307,2.0307,279.98,37377626.62,3616922.58,179678794.96,252535273.91,432214068.87,59831.56,4.15496961,0.00087807,0.02809813,0.01756133,0.02816355,0.04572488,881994724.04,701.3990
473,1.2950,2.0304,2.0304,280.51,37383474.32,3617137.97,179726359.84,252547521.79,432273881.63,59812.76,4.15366358,0.00087791,0.02809325,0.01755828,0.02811196,0.04567024,882052536.79,702.1161
474,1.2977,2.0302,2.0302,281.04,37389321.19,3617353.31,179773909.67,252559765.92,432333675.58,59793.96,4.15235800,0.00087776,0.02808836,0.01755523,0.02806046,0.04561569,882110330.75,702.8335
475,1.3005,2.0299,2.0299,281.58,37395167.23,3617568.59,179821444.45,252572006.30,432393450.74,59775.16,4.15105287,0.00087761,0.02808348,0.01755218,0.02800906,0.04556124,882168105.91,703.5512
476,1.3032,2.0296,2.0296,282.11,37401012.46,3617783.81,179868964.19,252584242.93,432453207.12,59756.37,4.14974819,0.00087746,0.02807860,0.01754912,0.02795775,0.04550688,882225862.28,704.2692
477,1.3060,2.0293,2.0293,282.65,37406856.87,3617998.96,179916468.89,252596475.82,432512944.71,59737.59,4.14844396,0.00087730,0.02807372,0.01754607,0.02790654,0.04545261,882283599.87,704.9874
478,1.3087,2.0290,2.0290,283.18,37412700.45,3618214.06,179963958.56,252608704.97,432572663.53,59718.82,4.14714017,0.00087715,0.02806884,0.01754303,0.02785541,0.04539844,882341318.69,705.7060
479,1.3114,2.0287,2.0287,283.72,37418543.21,3618429.09,180011433.21,252620930.37,432632363.58,59700.05,4.14583684,0.00087700,0.02806396,0.01753998,0.02780438,0.04534436,882399018.74,706.4248
480,1.3142,2.0285,2.0285,284.26,37424385.16,3618644.06,180058892.83,252633152.04,432692044.87,59681.29,4.14453396,0.00087685,0.02805909,0.01753693,0.02775345,0.04529038,882456700.03,707.1440
481,1.3169,2.0282,2.0282,284.80,37430226.28,3618858.97,180106337.44,252645369.96,432751707.40,59662.53,4.14323153,0.00087669,0.02805421,0.01753388,0.02770260,0.04523649,882514362.57,707.8634
482,1.3196,2.0279,2.0279,285.34,37436066.58,3619073.83,180153767.03,252657584.16,432811351.19,59643.79,4.14192954,0.00087654,0.02804934,0.01753084,0.02765185,0.04518269,882572006.35,708.5831
483,1.3224,2.0276,2.0276,285.89,37441906.06,3619288.62,180201181.62,252669794.61,432870976.23,59625.04,4.14062801,0.00087639,0.02804446,0.01752779,0.02760119,0.04512898,882629631.39,709.3031
484,1.3251,2.0273,2.0273,286.43,37447744.72,3619503.35,180248581.20,252682001.34,432930582.54,59606.31,4.13932692,0.00087624,0.02803959,0.01752474,0.02755063,0.04507537,882687237.70,710.0233
485,1.3279,2.0270,2.0270,286.97,37453582.55,3619718.02,180295965.79,252694204.33,432990170.12,59587.58,4.13802628,0.00087609,0.02803472,0.01752170,0.02750015,0.04502185,882744825.28,710.7439
486,1.3306,2.0267,2.0267,287.52,37459419.57,3619932.63,180343335.38,252706403.60,433049738.97,59568.86,4.13672609,0.00087593,0.02802985,0.01751866,0.02744977,0.04496842,882802394.14,711.4647
487,1.3333,2.0265,2.0265,288.07,37465255.77,3620147.18,180390689.98,252718599.13,433109289.11,59550.14,4.13542635,0.00087578,0.02802498,0.01751561,0.02739948,0.04491509,882859944.28,712.1858
488,1.3361,2.0262,2.0262,288.61,37471091.15,3620361.67,180438029.60,252730790.94,433168820.54,59531.43,4.13412706,0.00087563,0.02802011,0.01751257,0.02734928,0.04486185,882917475.71,712.9072
489,1.3388,2.0259,2.0259,289.16,37476925.71,3620576.09,180485354.24,252742979.03,433228333.27,59512.73,4.13282821,0.00087548,0.02801525,0.01750953,0.02729917,0.04480870,882974988.43,713.6289
490,1.3415,2.0256,2.0256,289.71,37482759.44,3620790.46,180532663.90,252755163.40,433287827.30,59494.03,4.13152981,0.00087532,0.02801038,0.01750649,0.02724915,0.04475564,883032482.46,714.3508
491,1.3443,2.0253,2.0253,290.26,37488592.36,3621004.77,180579958.60,252767344.04,433347302.64,59475.34,4.13023186,0.00087517,0.02800552,0.01750345,0.02719922,0.04470267,883089957.80,715.0730
492,1.3470,2.0250,2.0250,290.81,37494424.46,3621219.02,180627238.33,252779520.97,433406759.29,59456.65,4.12893436,0.00087502,0.02800065,0.01750041,0.02714938,0.04464979,883147414.46,715.7955
493,1.3498,2.0247,2.0247,291.37,37500255.74,3621433.20,180674503.10,252791694.17,433466197.27,59437.98,4.12763730,0.00087487,0.02799579,0.01749737,0.02709964,0.04459701,883204852.43,716.5183
494,1.3525,2.0245,2.0245,291.92,37506086.20,3621647.33,180721752.91,252803863.67,433525616.58,59419.31,4.12634069,0.00087472,0.02799093,0.01749433,0.02704998,0.04454432,883262271.74,717.2413
495,1.3552,2.0242,2.0242,292.48,37511915.84,3621861.39,180768987.77,252816029.44,433585017.22,59400.64,4.12504453,0.00087456,0.02798607,0.01749129,0.02700042,0.04449171,883319672.38,717.9646
496,1.3580,2.0239,2.0239,293.03,37517744.66,3622075.40,180816207.69,252828191.51,433644399.20,59381.98,4.12374881,0.00087441,0.02798121,0.01748826,0.02695094,0.04443920,883377054.36,718.6882
497,1.3607,2.0236,2.0236,293.59,37523572.66,3622289.35,180863412.67,252840349.86,433703762.53,59363.33,4.12245354,0.00087426,0.02797635,0.01748522,0.02690156,0.04438678,883434417.69,719.4121
498,1.3634,2.0233,2.0233,294.15,37529399.85,3622503.23,180910602.70,252852504.51,433763107.22,59344.69,4.12115871,0.00087411,0.02797150,0.01748219,0.02685226,0.04433445,883491762.38,720.1362
499,1.3662,2.0230,2.0230,294.71,37535226.21,3622717.05,180957777.81,252864655.45,433822433.26,59326.05,4.11986433,0.00087396,0.02796664,0.01747915,0.02680306,0.04428221,883549088.43,720.8606
500,1.3689,2.0228,2.0228,295.27,37541051.76,3622930.82,181004937.99,252876802.68,433881740.68,59307.41,4.11857040,0.00087381,0.02796179,0.01747612,0.02675394,0.04423006,883606395.84,721.5853
501,1.3717,2.0225,2.0225,295.83,37546876.48,3623144.52,181052083.25,252888946.22,433941029.46,59288.79,4.11727691,0.00087365,0.02795694,0.01747308,0.02670492,0.04417800,883663684.63,722.3102
502,1.3744,2.0222,2.0222,296.39,37552700.39,3623358.17,181099213.59,252901086.04,434000299.63,59270.17,4.11598387,0.00087350,0.02795208,0.01747005,0.02665598,0.04412603,883720954.79,723.0354
503,1.3771,2.0219,2.0219,296.95,37558523.48,3623571.75,181146329.01,252913222.17,434059551.19,59251.55,4.11469127,0.00087335,0.02794723,0.01746702,0.02660713,0.04407415,883778206.35,723.7608
504,1.3799,2.0216,2.0216,297.52,37564345.75,3623785.28,181193429.53,252925354.60,434118784.13,59232.95,4.11339912,0.00087320,0.02794238,0.01746399,0.02655837,0.04402236,883835439.30,724.4866
505,1.3826,2.0213,2.0213,298.08,37570167.21,3623998.74,181240515.15,252937483.33,434177998.48,59214.35,4.11210741,0.00087305,0.02793753,0.01746096,0.02650970,0.04397066,883892653.64,725.2126
506,1.3854,2.0211,2.0211,298.65,37575987.84,3624212.15,181287585.86,252949608.37,434237194.23,59195.75,4.11081615,0.00087290,0.02793269,0.01745793,0.02646112,0.04391905,883949849.39,725.9388
507,1.3881,2.0208,2.0208,299.22,37581807.66,3624425.49,181334641.68,252961729.71,434296371.40,59177.16,4.10952533,0.00087274,0.02792784,0.01745490,0.02641263,0.04386753,884007026.56,726.6653
508,1.3908,2.0205,2.0205,299.79,37587626.66,3624638.77,181381682.61,252973847.37,434355529.98,59158.58,4.10823495,0.00087259,0.02792299,0.01745187,0.02636422,0.04381609,884064185.14,727.3921
509,1.3936,2.0202,2.0202,300.36,37593444.84,3624852.00,181428708.66,252985961.33,434414669.99,59140.01,4.10694502,0.00087244,0.02791815,0.01744884,0.02631590,0.04376475,884121325.15,728.1192
510,1.3963,2.0199,2.0199,300.93,37599262.21,3625065.16,181475719.83,252998071.60,434473791.43,59121.44,4.10565553,0.00087229,0.02791331,0.01744582,0.02626767,0.04371349,884178446.59,728.8465
511,1.3990,2.0196,2.0196,301.50,37605078.76,3625278.27,181522716.12,253010178.19,434532894.31,59102.88,4.10436649,0.00087214,0.02790846,0.01744279,0.02621953,0.04366232,884235549.47,729.5740
512,1.4018,2.0194,2.0194,302.07,37610894.49,3625491.31,181569697.54,253022281.09,434591978.63,59084.32,4.10307789,0.00087199,0.02790362,0.01743976,0.02617148,0.04361124,884292633.79,730.3018
513,1.4045,2.0191,2.0191,302.65,37616709.40,3625704.30,181616664.10,253034380.30,434651044.40,59065.77,4.10178974,0.00087184,0.02789878,0.01743674,0.02612351,0.04356025,884349699.56,731.0299
514,1.4073,2.0188,2.0188,303.22,37622523.50,3625917.22,181663615.79,253046475.84,434710091.63,59047.23,4.10050202,0.00087169,0.02789394,0.01743371,0.02607563,0.04350934,884406746.79,731.7582
515,1.4100,2.0185,2.0185,303.80,37628336.77,3626130.08,181710552.63,253058567.69,434769120.32,59028.69,4.09921475,0.00087153,0.02788911,0.01743069,0.02602784,0.04345853,884463775.48,732.4868
516,1.4127,2.0182,2.0182,304.38,37634149.24,3626342.89,181757474.61,253070655.87,434828130.48,59010.16,4.09792793,0.00087138,0.02788427,0.01742767,0.02598013,0.04340780,884520785.65,733.2157
517,1.4155,2.0179,2.0179,304.95,37639960.88,3626555.64,181804381.75,253082740.37,434887122.12,58991.64,4.09664154,0.00087123,0.02787943,0.01742465,0.02593251,0.04335716,884577777.28,733.9448
518,1.4182,2.0176,2.0176,305.53,37645771.71,3626768.32,181851274.05,253094821.20,434946095.24,58973.12,4.09535560,0.00087108,0.02787460,0.01742162,0.02588498,0.04330660,884634750.40,734.6741
519,1.4209,2.0174,2.0174,306.11,37651581.72,3626980.95,181898151.50,253106898.35,435005049.85,58954.61,4.09407010,0.00087093,0.02786977,0.01741860,0.02583753,0.04325614,884691705.01,735.4037
520,1.4237,2.0171,2.0171,306.70,37657390.92,3627193.51,181945014.13,253118971.83,435063985.96,58936.10,4.09278504,0.00087078,0.02786493,0.01741558,0.02579018,0.04320576,884748641.12,736.1336
521,1.4264,2.0168,2.0168,307.28,37663199.30,3627406.02,181991861.93,253131041.64,435122903.56,58917.61,4.09150043,0.00087063,0.02786010,0.01741256,0.02574290,0.04315547,884805558.72,736.8637
522,1.4292,2.0165,2.0165,307.86,37669006.86,3627618.47,182038694.90,253143107.78,435181802.68,58899.11,4.09021625,0.00087048,0.02785527,0.01740955,0.02569571,0.04310526,884862457.84,737.5940
523,1.4319,2.0162,2.0162,308.45,37674813.61,3627830.85,182085513.05,253155170.25,435240683.30,58880.63,4.08893252,0.00087033,0.02785044,0.01740653,0.02564861,0.04305514,884919338.47,738.3246
524,1.4346,2.0159,2.0159,309.04,37680619.54,3628043.18,182132316.39,253167229.06,435299545.45,58862.15,4.08764923,0.00087018,0.02784562,0.01740351,0.02560160,0.04300511,884976200.62,739.0555
525,1.4374,2.0157,2.0157,309.62,37686424.65,3628255.45,182179104.92,253179284.21,435358389.13,58843.68,4.08636638,0.00087002,0.02784079,0.01740049,0.02555467,0.04295516,885033044.29,739.7866
526,1.4401,2.0154,2.0154,310.21,37692228.95,3628467.66,182225878.65,253191335.69,435417214.34,58825.21,4.08508397,0.00086987,0.02783596,0.01739748,0.02550782,0.04290530,885089869.50,740.5179
527,1.4428,2.0151,2.0151,310.80,37698032.43,3628679.81,182272637.57,253203383.51,435476021.09,58806.75,4.08380200,0.00086972,0.02783114,0.01739446,0.02546106,0.04285552,885146676.25,741.2495
528,1.4456,2.0148,2.0148,311.39,37703835.10,3628891.90,182319381.70,253215427.68,435534809.38,58788.29,4.08252048,0.00086957,0.02782632,0.01739145,0.02541439,0.04280584,885203464.54,741.9813
529,1.4483,2.0145,2.0145,311.98,37709636.96,3629103.93,182366111.04,253227468.19,435593579.23,58769.85,4.08123939,0.00086942,0.02782149,0.01738843,0.02536780,0.04275623,885260234.39,742.7134
530,1.4511,2.0142,2.0142,312.58,37715437.99,3629315.90,182412825.59,253239505.04,435652330.64,58751.41,4.07995874,0.00086927,0.02781667,0.01738542,0.02532129,0.04270671,885316985.80,743.4457
531,1.4538,2.0140,2.0140,313.17,37721238.22,3629527.81,182459525.37,253251538.24,435711063.61,58732.97,4.07867854,0.00086912,0.02781185,0.01738241,0.02527487,0.04265728,885373718.77,744.1783
532,1.4565,2.0137,2.0137,313.77,37727037.62,3629739.66,182506210.36,253263567.79,435769778.15,58714.54,4.07739877,0.00086897,0.02780703,0.01737940,0.02522854,0.04260793,885430433.31,744.9111
533,1.4593,2.0134,2.0134,314.36,37732836.22,3629951.46,182552880.58,253275593.69,435828474.27,58696.12,4.07611944,0.00086882,0.02780221,0.01737638,0.02518229,0.04255867,885487129.43,745.6441
534,1.4620,2.0131,2.0131,314.96,37738633.99,3630163.19,182599536.04,253287615.94,435887151.97,58677.70,4.07484056,0.00086867,0.02779740,0.01737337,0.02513612,0.04250949,885543807.14,746.3774
535,1.4648,2.0128,2.0128,315.56,37744430.96,3630374.86,182646176.73,253299634.54,435945811.27,58659.29,4.07356211,0.00086852,0.02779258,0.01737036,0.02509004,0.04246040,885600466.43,747.1109
536,1.4675,2.0126,2.0126,316.16,37750227.10,3630586.48,182692802.66,253311649.50,436004452.16,58640.89,4.07228410,0.00086837,0.02778777,0.01736735,0.02504404,0.04241139,885657107.32,747.8446
537,1.4702,2.0123,2.0123,316.76,37756022.44,3630798.03,182739413.84,253323660.81,436063074.65,58622.49,4.07100653,0.00086822,0.02778295,0.01736435,0.02499812,0.04236247,885713729.81,748.5786
538,1.4730,2.0120,2.0120,317.36,37761816.96,3631009.53,182786010.27,253335668.48,436121678.76,58604.10,4.06972940,0.00086807,0.02777814,0.01736134,0.02495229,0.04231363,885770333.92,749.3128
539,1.4757,2.0117,2.0117,317.96,37767610.66,3631220.97,182832591.96,253347672.51,436180264.47,58585.72,4.06845271,0.00086792,0.02777333,0.01735833,0.02490654,0.04226487,885826919.64,750.0473
540,1.4784,2.0114,2.0114,318.57,37773403.55,3631432.35,182879158.91,253359672.91,436238831.82,58567.34,4.06717646,0.00086777,0.02776852,0.01735532,0.02486088,0.04221620,885883486.98,750.7820
541,1.4812,2.0111,2.0111,319.17,37779195.63,3631643.66,182925711.12,253371669.66,436297380.78,58548.97,4.06590064,0.00086762,0.02776371,0.01735232,0.02481529,0.04216761,885940035.95,751.5169
542,1.4839,2.0109,2.0109,319.78,37784986.89,3631854.92,182972248.61,253383662.78,436355911.39,58530.60,4.06462527,0.00086747,0.02775890,0.01734931,0.02476979,0.04211911,885996566.55,752.2520
543,1.4867,2.0106,2.0106,320.39,37790777.34,3632066.12,183018771.36,253395652.27,436414423.63,58512.24,4.06335033,0.00086732,0.02775409,0.01734631,0.02472438,0.04207069,886053078.80,752.9874
544,1.4894,2.0103,2.0103,321.00,37796566.98,3632277.27,183065279.40,253407638.13,436472917.53,58493.89,4.06207583,0.00086717,0.02774929,0.01734331,0.02467904,0.04202235,886109572.69,753.7230
545,1.4921,2.0100,2.0100,321.61,37802355.80,3632488.35,183111772.72,253419620.35,436531393.07,58475.55,4.06080177,0.00086702,0.02774448,0.01734030,0.02463379,0.04197409,886166048.23,754.4589
546,1.4949,2.0097,2.0097,322.22,37808143.81,3632699.37,183158251.33,253431598.95,436589850.28,58457.21,4.05952814,0.00086686,0.02773968,0.01733730,0.02458862,0.04192592,886222505.44,755.1949
547,1.4976,2.0094,2.0094,322.83,37813931.01,3632910.34,183204715.23,253443573.92,436648289.15,58438.87,4.05825496,0.00086671,0.02773488,0.01733430,0.02454354,0.04187783,886278944.31,755.9312
548,1.5003,2.0092,2.0092,323.45,37819717.39,3633121.24,183251164.43,253455545.26,436706709.69,58420.54,4.05698221,0.00086656,0.02773008,0.01733130,0.02449853,0.04182983,886335364.85,756.6677
549,1.5031,2.0089,2.0089,324.06,37825502.96,3633332.09,183297598.93,253467512.98,436765111.91,58402.22,4.05570989,0.00086641,0.02772528,0.01732830,0.02445361,0.04178191,886391767.08,757.4045
550,1.5058,2.0086,2.0086,324.68,37831287.71,3633542.88,183344018.74,253479477.08,436823495.82,58383.91,4.05443801,0.00086626,0.02772048,0.01732530,0.02440877,0.04173407,886448150.98,758.1414
551,1.5086,2.0083,2.0083,325.29,37837071.66,3633753.60,183390423.87,253491437.55,436881861.42,58365.60,4.05316657,0.00086611,0.02771568,0.01732230,0.02436401,0.04168631,886504516.58,758.8786
552,1.5113,2.0080,2.0080,325.91,37842854.79,3633964.27,183436814.30,253503394.41,436940208.72,58347.30,4.05189557,0.00086597,0.02771088,0.01731930,0.02431933,0.04163863,886560863.88,759.6160
553,1.5140,2.0077,2.0077,326.53,37848637.10,3634174.89,183483190.06,253515347.65,436998537.72,58329.00,4.05062500,0.00086582,0.02770608,0.01731630,0.02427473,0.04159104,886617192.88,760.3537
554,1.5168,2.0075,2.0075,327.15,37854418.61,3634385.44,183529551.15,253527297.28,437056848.43,58310.71,4.04935487,0.00086567,0.02770129,0.01731331,0.02423022,0.04154352,886673503.59,761.0915
555,1.5195,2.0072,2.0072,327.77,37860199.30,3634595.93,183575897.56,253539243.29,437115140.85,58292.43,4.04808518,0.00086552,0.02769650,0.01731031,0.02418578,0.04149609,886729796.02,761.8296
556,1.5222,2.0069,2.0069,328.40,37865979.18,3634806.37,183622229.31,253551185.69,437173415.00,58274.15,4.04681592,0.00086537,0.02769170,0.01730731,0.02414143,0.04144874,886786070.16,762.5679
557,1.5250,2.0066,2.0066,329.02,37871758.25,3635016.74,183668546.40,253563124.48,437231670.88,58255.88,4.04554709,0.00086522,0.02768691,0.01730432,0.02409716,0.04140148,886842326.04,763.3064
558,1.5277,2.0063,2.0063,329.65,37877536.51,3635227.06,183714848.84,253575059.66,437289908.49,58237.61,4.04427871,0.00086507,0.02768212,0.01730132,0.02405297,0.04135429,886898563.66,764.0451
559,1.5305,2.0061,2.0061,330.27,37883313.95,3635437.32,183761136.62,253586991.23,437348127.85,58219.35,4.04301075,0.00086492,0.02767733,0.01729833,0.02400885,0.04130719,886954783.01,764.7841
560,1.5332,2.0058,2.0058,330.90,37889090.58,3635647.52,183807409.75,253598919.20,437406328.95,58201.10,4.04174323,0.00086477,0.02767254,0.01729534,0.02396482,0.04126016,887010984.11,765.5232
561,1.5359,2.0055,2.0055,331.53,37894866.40,3635857.66,183853668.25,253610843.56,437464511.81,58182.86,4.04047615,0.00086462,0.02766775,0.01729235,0.02392087,0.04121322,887067166.97,766.2626
562,1.5387,2.0052,2.0052,332.16,37900641.41,3636067.74,183899912.11,253622764.32,437522676.42,58164.62,4.03920950,0.00086447,0.02766297,0.01728935,0.02387700,0.04116636,887123331.59,767.0022
563,1.5414,2.0049,2.0049,332.79,37906415.61,3636277.76,183946141.33,253634681.48,437580822.81,58146.38,4.03794329,0.00086432,0.02765818,0.01728636,0.02383321,0.04111957,887179477.97,767.7420
564,1.5441,2.0046,2.0046,333.42,37912189.00,3636487.73,183992355.93,253646595.04,437638950.96,58128.16,4.03667751,0.00086417,0.02765340,0.01728337,0.02378950,0.04107287,887235606.13,768.4820
565,1.5469,2.0044,2.0044,334.06,37917961.57,3636697.63,184038555.90,253658505.00,437697060.90,58109.94,4.03541216,0.00086402,0.02764862,0.01728038,0.02374587,0.04102625,887291716.06,769.2222
566,1.5496,2.0041,2.0041,334.69,37923733.34,3636907.48,184084741.26,253670411.36,437755152.62,58091.72,4.03414725,0.00086387,0.02764383,0.01727740,0.02370231,0.04097971,887347807.78,769.9626
567,1.5524,2.0038,2.0038,335.33,37929504.29,3637117.27,184130912.00,253682314.13,437813226.13,58073.51,4.03288277,0.00086372,0.02763905,0.01727441,0.02365884,0.04093325,887403881.29,770.7032
568,1.5551,2.0035,2.0035,335.97,37935274.43,3637327.00,184177068.13,253694213.31,437871281.44,58055.31,4.03161873,0.00086357,0.02763427,0.01727142,0.02361545,0.04088687,887459936.60,771.4441
569,1.5578,2.0032,2.0032,336.61,37941043.76,3637536.68,184223209.66,253706108.90,437929318.55,58037.11,4.03035512,0.00086342,0.02762949,0.01726843,0.02357213,0.04084056,887515973.72,772.1851
570,1.5606,2.0030,2.0030,337.25,37946812.28,3637746.29,184269336.58,253718000.90,437987337.48,58018.92,4.02909194,0.00086327,0.02762472,0.01726545,0.02352889,0.04079434,887571992.64,772.9264
571,1.5633,2.0027,2.0027,337.89,37952579.99,3637955.85,184315448.91,253729889.31,438045338.22,58000.74,4.02782920,0.00086312,0.02761994,0.01726246,0.02348574,0.04074820,887627993.38,773.6678
572,1.5661,2.0024,2.0024,338.53,37958346.89,3638165.34,184361546.65,253741774.13,438103320.78,57982.56,4.02656689,0.00086297,0.02761516,0.01725948,0.02344266,0.04070214,887683975.94,774.4095
573,1.5688,2.0021,2.0021,339.17,37964112.98,3638374.78,184407629.81,253753655.37,438161285.17,57964.39,4.02530501,0.00086282,0.02761039,0.01725649,0.02339966,0.04065615,887739940.34,775.1514
574,1.5715,2.0018,2.0018,339.82,37969878.26,3638584.16,184453698.38,253765533.02,438219231.40,57946.23,4.02404356,0.00086268,0.02760562,0.01725351,0.02335674,0.04061025,887795886.56,775.8934
575,1.5743,2.0016,2.0016,340.46,37975642.73,3638793.48,184499752.37,253777407.10,438277159.47,57928.07,4.02278255,0.00086253,0.02760084,0.01725053,0.02331389,0.04056442,887851814.63,776.6357
576,1.5770,2.0013,2.0013,341.11,37981406.39,3639002.75,184545791.79,253789277.59,438335069.39,57909.92,4.02152197,0.00086238,0.02759607,0.01724755,0.02327113,0.04051867,887907724.55,777.3781
577,1.5797,2.0010,2.0010,341.76,37987169.23,3639211.95,184591816.65,253801144.51,438392961.16,57891.77,4.02026182,0.00086223,0.02759130,0.01724456,0.02322844,0.04047300,887963616.32,778.1208
578,1.5825,2.0007,2.0007,342.41,37992931.27,3639421.10,184637826.94,253813007.85,438450834.79,57873.63,4.01900210,0.00086208,0.02758653,0.01724158,0.02318583,0.04042741,888019489.95,778.8637
579,1.5852,2.0004,2.0004,343.06,37998692.50,3639630.19,184683822.67,253824867.61,438508690.28,57855.50,4.01774282,0.00086193,0.02758176,0.01723860,0.02314329,0.04038190,888075345.45,779.6067
580,1.5880,2.0001,2.0001,343.71,38004452.92,3639839.22,184729803.85,253836723.80,438566527.65,57837.37,4.01648396,0.00086178,0.02757700,0.01723562,0.02310084,0.04033646,888131182.82,780.3500
581,1.5907,1.9999,1.9999,344.36,38010212.53,3640048.19,184775770.48,253848576.42,438624346.90,57819.25,4.01522554,0.00086163,0.02757223,0.01723265,0.02305846,0.04029111,888187002.06,781.0934
582,1.5934,1.9996,1.9996,345.02,38015971.33,3640257.11,184821722.57,253860425.47,438682148.03,57801.13,4.01396755,0.00086148,0.02756747,0.01722967,0.02301616,0.04024583,888242803.20,781.8371
583,1.5962,1.9993,1.9993,345.67,38021729.32,3640465.97,184867660.11,253872270.95,438739931.06,57783.02,4.01270999,0.00086133,0.02756270,0.01722669,0.02297394,0.04020063,888298586.22,782.5809
584,1.5989,1.9990,1.9990,346.33,38027486.51,3640674.76,184913583.12,253884112.86,438797695.98,57764.92,4.01145286,0.00086119,0.02755794,0.01722371,0.02293179,0.04015550,888354351.14,783.3249
585,1.6016,1.9987,1.9987,346.99,38033242.88,3640883.50,184959491.59,253895951.21,438855442.80,57746.82,4.01019617,0.00086104,0.02755318,0.01722074,0.02288972,0.04011046,888410097.97,784.0691
586,1.6044,1.9985,1.9985,347.65,38038998.45,3641092.19,185005385.55,253907785.99,438913171.54,57728.73,4.00893990,0.00086089,0.02754842,0.01721776,0.02284773,0.04006549,888465826.70,784.8135
587,1.6071,1.9982,1.9982,348.31,38044753.20,3641300.81,185051264.97,253919617.21,438970882.19,57710.65,4.00768406,0.00086074,0.02754366,0.01721479,0.02280581,0.04002060,888521537.35,785.5581
588,1.6099,1.9979,1.9979,348.97,38050507.15,3641509.38,185097129.89,253931444.87,439028574.76,57692.57,4.00642865,0.00086059,0.02753890,0.01721181,0.02276397,0.03997578,888577229.92,786.3029
589,1.6126,1.9976,1.9976,349.64,38056260.29,3641717.89,185142980.29,253943268.98,439086249.26,57674.50,4.00517368,0.00086044,0.02753414,0.01720884,0.02272221,0.03993105,888632904.42,787.0479
590,1.6153,1.9973,1.9973,350.30,38062012.62,3641926.34,185188816.18,253955089.52,439143905.70,57656.44,4.00391913,0.00086029,0.02752939,0.01720587,0.02268052,0.03988638,888688560.86,787.7930
591,1.6181,1.9971,1.9971,350.97,38067764.14,3642134.73,185234637.56,253966906.51,439201544.07,57638.38,4.00266501,0.00086014,0.02752463,0.01720290,0.02263890,0.03984180,888744199.24,788.5384
592,1.6208,1.9968,1.9968,351.63,38073514.85,3642343.06,185280444.45,253978719.94,439259164.40,57620.32,4.00141132,0.00086000,0.02751988,0.01719992,0.02259737,0.03979729,888799819.56,789.2839
593,1.6235,1.9965,1.9965,352.30,38079264.76,3642551.34,185326236.85,253990529.82,439316766.67,57602.28,4.00015807,0.00085985,0.02751513,0.01719695,0.02255591,0.03975286,888855421.84,790.0296
594,1.6263,1.9962,1.9962,352.97,38085013.86,3642759.56,185372014.75,254002336.16,439374350.91,57584.24,3.99890524,0.00085970,0.02751037,0.01719398,0.02251452,0.03970851,888911006.07,790.7755
595,1.6290,1.9959,1.9959,353.64,38090762.14,3642967.72,185417778.17,254014138.94,439431917.11,57566.20,3.99765284,0.00085955,0.02750562,0.01719101,0.02247321,0.03966423,888966572.27,791.5216
596,1.6318,1.9957,1.9957,354.31,38096509.63,3643175.82,185463527.11,254025938.17,439489465.28,57548.17,3.99640087,0.00085940,0.02750087,0.01718805,0.02243198,0.03962002,889022120.44,792.2678
597,1.6345,1.9954,1.9954,354.99,38102256.30,3643383.87,185509261.57,254037733.86,439546995.43,57530.15,3.99514932,0.00085925,0.02749613,0.01718508,0.02239082,0.03957590,889077650.59,793.0143
598,1.6372,1.9951,1.9951,355.66,38108002.17,3643591.86,185554981.57,254049526.00,439604507.57,57512.13,3.99389821,0.00085911,0.02749138,0.01718211,0.02234973,0.03953184,889133162.73,793.7609
599,1.6400,1.9948,1.9948,356.34,38113747.23,3643799.78,185600687.09,254061314.60,439662001.69,57494.12,3.99264752,0.00085896,0.02748663,0.01717914,0.02230872,0.03948787,889188656.85,794.5077
600,1.6427,1.9945,1.9945,357.02,38119491.48,3644007.66,185646378.15,254073099.66,439719477.81,57476.12,3.99139727,0.00085881,0.02748189,0.01717618,0.02226779,0.03944397,889244132.97,795.2546
601,1.6454,1.9943,1.9943,357.70,38125234.92,3644215.47,185692054.76,254084881.17,439776935.93,57458.12,3.99014744,0.00085866,0.02747714,0.01717321,0.02222693,0.03940014,889299591.10,796.0018
602,1.6482,1.9940,1.9940,358.37,38130977.56,3644423.23,185737716.91,254096659.15,439834376.07,57440.13,3.98889803,0.00085851,0.02747240,0.01717025,0.02218614,0.03935639,889355031.23,796.7491
603,1.6509,1.9937,1.9937,359.06,38136719.39,3644630.93,185783364.62,254108433.60,439891798.21,57422.15,3.98764906,0.00085836,0.02746766,0.01716729,0.02214543,0.03931271,889410453.37,797.4966
604,1.6537,1.9934,1.9934,359.74,38142460.42,3644838.57,185828997.87,254120204.50,439949202.38,57404.17,3.98640051,0.00085822,0.02746291,0.01716432,0.02210479,0.03926911,889465857.54,798.2442
605,1.6564,1.9931,1.9931,360.42,38148200.63,3645046.15,185874616.70,254131971.88,440006588.57,57386.19,3.98515239,0.00085807,0.02745817,0.01716136,0.02206423,0.03922559,889521243.74,798.9920
606,1.6591,1.9929,1.9929,361.11,38153940.04,3645253.68,185920221.08,254143735.72,440063956.80,57368.23,3.98390470,0.00085792,0.02745344,0.01715840,0.02202374,0.03918214,889576611.96,799.7400
607,1.6619,1.9926,1.9926,361.79,38159678.65,3645461.15,185965811.04,254155496.03,440121307.07,57350.27,3.98265744,0.00085777,0.02744870,0.01715544,0.02198332,0.03913876,889631962.23,800.4882
608,1.6646,1.9923,1.9923,362.48,38165416.45,3645668.56,186011386.57,254167252.82,440178639.38,57332.31,3.98141060,0.00085762,0.02744396,0.01715248,0.02194298,0.03909546,889687294.54,801.2366
609,1.6674,1.9920,1.9920,363.17,38171153.44,3645875.91,186056947.67,254179006.07,440235953.75,57314.36,3.98016418,0.00085748,0.02743923,0.01714952,0.02190271,0.03905223,889742608.91,801.9851
610,1.6701,1.9917,1.9917,363.86,38176889.62,3646083.21,186102494.37,254190755.80,440293250.17,57296.42,3.97891820,0.00085733,0.02743449,0.01714656,0.02186252,0.03900907,889797905.33,802.7337
611,1.6728,1.9915,1.9915,364.55,38182625.00,3646290.45,186148026.65,254202502.01,440350528.65,57278.49,3.97767264,0.00085718,0.02742976,0.01714360,0.02182239,0.03896599,889853183.82,803.4826
612,1.6756,1.9912,1.9912,365.25,38188359.58,3646497.63,186193544.52,254214244.69,440407789.21,57260.56,3.97642751,0.00085703,0.02742502,0.01714064,0.02178235,0.03892299,889908444.37,804.2316
613,1.6783,1.9909,1.9909,365.94,38194093.34,3646704.75,186239047.99,254225983.85,440465031.84,57242.63,3.97518280,0.00085688,0.02742029,0.01713768,0.02174237,0.03888005,889963687.00,804.9807
614,1.6810,1.9906,1.9906,366.64,38199826.31,3646911.82,186284537.06,254237719.50,440522256.56,57224.71,3.97393852,0.00085674,0.02741556,0.01713473,0.02170247,0.03883719,890018911.72,805.7301
615,1.6838,1.9903,1.9903,367.33,38205558.46,3647118.83,186330011.74,254249451.62,440579463.36,57206.80,3.97269466,0.00085659,0.02741083,0.01713177,0.02166264,0.03879441,890074118.52,806.4796
616,1.6865,1.9901,1.9901,368.03,38211289.81,3647325.78,186375472.03,254261180.23,440636652.26,57188.90,3.97145123,0.00085644,0.02740610,0.01712882,0.02162288,0.03875169,890129307.42,807.2292
617,1.6893,1.9898,1.9898,368.73,38217020.36,3647532.68,186420917.93,254272905.32,440693823.26,57171.00,3.97020823,0.00085629,0.02740138,0.01712586,0.02158319,0.03870905,890184478.42,807.9790
618,1.6920,1.9895,1.9895,369.43,38222750.10,3647739.51,186466349.46,254284626.91,440750976.36,57153.11,3.96896565,0.00085615,0.02739665,0.01712291,0.02154358,0.03866649,890239631.52,808.7290
619,1.6947,1.9892,1.9892,370.13,38228479.03,3647946.29,186511766.60,254296344.98,440808111.58,57135.22,3.96772349,0.00085600,0.02739193,0.01711995,0.02150404,0.03862399,890294766.74,809.4791
620,1.6975,1.9889,1.9889,370.84,38234207.16,3648153.02,186557169.38,254308059.54,440865228.92,57117.34,3.96648176,0.00085585,0.02738720,0.01711700,0.02146457,0.03858157,890349884.08,810.2294
621,1.7002,1.9887,1.9887,371.54,38239934.49,3648359.68,186602557.79,254319770.59,440922328.38,57099.46,3.96524046,0.00085570,0.02738248,0.01711405,0.02142517,0.03853922,890404983.54,810.9799
622,1.7029,1.9884,1.9884,372.25,38245661.01,3648566.29,186647931.84,254331478.13,440979409.97,57081.59,3.96399958,0.00085555,0.02737776,0.01711110,0.02138585,0.03849695,890460065.14,811.7304
623,1.7057,1.9881,1.9881,372.96,38251386.72,3648772.84,186693291.53,254343182.17,441036473.70,57063.73,3.96275912,0.00085541,0.02737304,0.01710815,0.02134659,0.03845474,890515128.87,812.4812
624,1.7084,1.9878,1.9878,373.66,38257111.64,3648979.33,186738636.87,254354882.71,441093519.58,57045.87,3.96151909,0.00085526,0.02736832,0.01710520,0.02130741,0.03841261,890570174.74,813.2321
625,1.7112,1.9875,1.9875,374.37,38262835.74,3649185.77,186783967.86,254366579.74,441150547.60,57028.02,3.96027948,0.00085511,0.02736360,0.01710225,0.02126830,0.03837055,890625202.77,813.9831
626,1.7139,1.9873,1.9873,375.09,38268559.04,3649392.15,186829284.51,254378273.27,441207557.78,57010.18,3.95904029,0.00085496,0.02735888,0.01709930,0.02122926,0.03832856,890680212.95,814.7343
627,1.7166,1.9870,1.9870,375.80,38274281.54,3649598.47,186874586.82,254389963.31,441264550.13,56992.34,3.95780153,0.00085482,0.02735416,0.01709635,0.02119029,0.03828665,890735205.29,815.4857
628,1.7194,1.9867,1.9867,376.51,38280003.24,3649804.74,186919874.79,254401649.84,441321524.64,56974.51,3.95656319,0.00085467,0.02734945,0.01709340,0.02115140,0.03824480,890790179.80,816.2372
629,1.7221,1.9864,1.9864,377.23,38285724.13,3650010.95,186965148.44,254413332.88,441378481.32,56956.68,3.95532528,0.00085452,0.02734473,0.01709046,0.02111257,0.03820303,890845136.48,816.9889
630,1.7248,1.9861,1.9861,377.95,38291444.21,3650217.10,187010407.75,254425012.43,441435420.18,56938.86,3.95408779,0.00085438,0.02734002,0.01708751,0.02107382,0.03816133,890900075.35,817.7406
631,1.7276,1.9859,1.9859,378.66,38297163.49,3650423.19,187055652.75,254436688.48,441492341.23,56921.05,3.95285072,0.00085423,0.02733531,0.01708457,0.02103513,0.03811970,890954996.40,818.4926
632,1.7303,1.9856,1.9856,379.38,38302881.97,3650629.23,187100883.43,254448361.05,441549244.48,56903.24,3.95161407,0.00085408,0.02733060,0.01708162,0.02099652,0.03807814,891009899.64,819.2447
633,1.7331,1.9853,1.9853,380.11,38308599.65,3650835.21,187146099.80,254460030.12,441606129.92,56885.44,3.95037785,0.00085393,0.02732589,0.01707868,0.02095797,0.03803665,891064785.08,819.9969
634,1.7358,1.9850,1.9850,380.83,38314316.52,3651041.14,187191301.86,254471695.70,441662997.56,56867.65,3.94914205,0.00085379,0.02732118,0.01707574,0.02091950,0.03799523,891119652.73,820.7493
635,1.7385,1.9847,1.9847,381.55,38320032.59,3651247.00,187236489.62,254483357.80,441719847.42,56849.86,3.94790667,0.00085364,0.02731647,0.01707279,0.02088110,0.03795389,891174502.58,821.5018
636,1.7413,1.9845,1.9845,382.28,38325747.85,3651452.81,187281663.08,254495016.42,441776679.49,56832.07,3.94667171,0.00085349,0.02731176,0.01706985,0.02084276,0.03791261,891229334.66,822.2544
637,1.7440,1.9842,1.9842,383.00,38331462.31,3651658.57,187326822.24,254506671.55,441833493.79,56814.30,3.94543718,0.00085335,0.02730705,0.01706691,0.02080450,0.03787141,891284148.95,823.0072
638,1.7467,1.9839,1.9839,383.73,38337175.97,3651864.26,187371967.12,254518323.19,441890290.31,56796.52,3.94420306,0.00085320,0.02730235,0.01706397,0.02076631,0.03783027,891338945.47,823.7602
639,1.7495,1.9836,1.9836,384.46,38342888.83,3652069.90,187417097.71,254529971.36,441947069.07,56778.76,3.94296937,0.00085305,0.02729765,0.01706103,0.02072818,0.03778921,891393724.23,824.5132
640,1.7522,1.9834,1.9834,385.19,38348600.88,3652275.49,187462214.02,254541616.05,442003830.07,56761.00,3.94173610,0.00085290,0.02729294,0.01705809,0.02069013,0.03774822,891448485.23,825.2664
641,1.7550,1.9831,1.9831,385.92,38354312.13,3652481.01,187507316.06,254553257.26,442060573.32,56743.25,3.94050325,0.00085276,0.02728824,0.01705515,0.02065214,0.03770729,891503228.48,826.0198
642,1.7577,1.9828,1.9828,386.66,38360022.58,3652686.48,187552403.82,254564895.00,442117298.82,56725.50,3.93927082,0.00085261,0.02728354,0.01705221,0.02061422,0.03766644,891557953.98,826.7733
643,1.7604,1.9825,1.9825,387.39,38365732.23,3652891.90,187597477.32,254576529.26,442174006.58,56707.76,3.93803882,0.00085246,0.02727884,0.01704928,0.02057638,0.03762565,891612661.74,827.5269
644,1.7632,1.9822,1.9822,388.13,38371441.07,3653097.25,187642536.55,254588160.05,442230696.60,56690.02,3.93680723,0.00085232,0.02727414,0.01704634,0.02053860,0.03758494,891667351.76,828.2806
645,1.7659,1.9820,1.9820,388.87,38377149.11,3653302.55,187687581.53,254599787.36,442287368.90,56672.30,3.93557607,0.00085217,0.02726944,0.01704340,0.02050089,0.03754429,891722024.06,829.0345
646,1.7687,1.9817,1.9817,389.61,38382856.35,3653507.79,187732612.26,254611411.21,442344023.47,56654.57,3.93434532,0.00085202,0.02726475,0.01704047,0.02046325,0.03750372,891776678.63,829.7885
647,1.7714,1.9814,1.9814,390.35,38388562.79,3653712.98,187777628.73,254623031.59,442400660.32,56636.86,3.93311500,0.00085188,0.02726005,0.01703753,0.02042568,0.03746321,891831315.49,830.5426
648,1.7741,1.9811,1.9811,391.09,38394268.42,3653918.11,187822630.96,254634648.51,442457279.47,56619.15,3.93188509,0.00085173,0.02725536,0.01703460,0.02038818,0.03742277,891885934.63,831.2969
649,1.7769,1.9808,1.9808,391.83,38399973.25,3654123.18,187867618.95,254646261.96,442513880.91,56601.44,3.93065561,0.00085158,0.02725066,0.01703167,0.02035074,0.03738241,891940536.07,832.0513
650,1.7796,1.9806,1.9806,392.58,38405677.29,3654328.20,187912592.71,254657871.94,442570464.65,56583.74,3.92942654,0.00085144,0.02724597,0.01702873,0.02031337,0.03734211,891995119.82,832.8058
651,1.7823,1.9803,1.9803,393.32,38411380.52,3654533.16,187957552.24,254669478.47,442627030.70,56566.05,3.92819789,0.00085129,0.02724128,0.01702580,0.02027608,0.03730188,892049685.87,833.5604
652,1.7851,1.9800,1.9800,394.07,38417082.95,3654738.06,188002497.54,254681081.53,442683579.07,56548.36,3.92696967,0.00085114,0.02723659,0.01702287,0.02023885,0.03726171,892104234.23,834.3152
653,1.7878,1.9797,1.9797,394.82,38422784.57,3654942.91,188047428.62,254692681.13,442740109.75,56530.68,3.92574186,0.00085100,0.02723190,0.01701994,0.02020168,0.03722162,892158764.91,835.0701
654,1.7906,1.9795,1.9795,395.57,38428485.40,3655147.70,188092345.48,254704277.28,442796622.76,56513.01,3.92451447,0.00085085,0.02722721,0.01701701,0.02016459,0.03718160,892213277.92,835.8251
655,1.7933,1.9792,1.9792,396.32,38434185.42,3655352.43,188137248.12,254715869.97,442853118.10,56495.34,3.92328750,0.00085070,0.02722253,0.01701408,0.02012756,0.03714164,892267773.26,836.5802
656,1.7960,1.9789,1.9789,397.08,38439884.65,3655557.11,188182136.56,254727459.21,442909595.77,56477.68,3.92206095,0.00085056,0.02721784,0.01701115,0.02009060,0.03710175,892322250.94,837.3355
657,1.7988,1.9786,1.9786,397.83,38445583.07,3655761.73,188227010.80,254739045.00,442966055.80,56460.02,3.92083482,0.00085041,0.02721316,0.01700822,0.02005371,0.03706193,892376710.96,838.0908
658,1.8015,1.9783,1.9783,398.59,38451280.69,3655966.30,188271870.84,254750627.33,443022498.17,56442.37,3.91960911,0.00085026,0.02720847,0.01700529,0.02001688,0.03702218,892431153.33,838.8463
659,1.8042,1.9781,1.9781,399.34,38456977.52,3656170.81,188316716.68,254762206.21,443078922.89,56424.73,3.91838381,0.00085012,0.02720379,0.01700237,0.01998013,0.03698249,892485578.06,839.6019
660,1.8070,1.9778,1.9778,400.10,38462673.54,3656375.26,188361548.33,254773781.65,443135329.98,56407.09,3.91715894,0.00084997,0.02719911,0.01699944,0.01994344,0.03694288,892539985.15,840.3577
661,1.8097,1.9775,1.9775,400.86,38468368.76,3656579.65,188406365.80,254785353.64,443191719.44,56389.46,3.91593448,0.00084983,0.02719443,0.01699652,0.01990681,0.03690333,892594374.60,841.1135
662,1.8125,1.9772,1.9772,401.63,38474063.18,3656783.99,188451169.09,254796922.18,443248091.27,56371.83,3.91471044,0.00084968,0.02718975,0.01699359,0.01987026,0.03686385,892648746.43,841.8695
663,1.8152,1.9770,1.9770,402.39,38479756.80,3656988.28,188495958.19,254808487.29,443304445.48,56354.21,3.91348681,0.00084953,0.02718507,0.01699067,0.01983376,0.03682443,892703100.64,842.6255
664,1.8179,1.9767,1.9767,403.15,38485449.62,3657192.51,188540733.13,254820048.95,443360782.08,56336.60,3.91226361,0.00084939,0.02718039,0.01698774,0.01979734,0.03678508,892757437.24,843.3817
665,1.8207,1.9764,1.9764,403.92,38491141.64,3657396.68,188585493.90,254831607.16,443417101.06,56318.99,3.91104082,0.00084924,0.02717571,0.01698482,0.01976098,0.03674580,892811756.23,844.1380
666,1.8234,1.9761,1.9761,404.69,38496832.86,3657600.79,188630240.50,254843161.94,443473402.45,56301.39,3.90981844,0.00084909,0.02717104,0.01698190,0.01972469,0.03670659,892866057.61,844.8944
667,1.8261,1.9758,1.9758,405.46,38502523.28,3657804.85,188674972.95,254854713.29,443529686.24,56283.79,3.90859649,0.00084895,0.02716636,0.01697898,0.01968847,0.03666744,892920341.40,845.6509
668,1.8289,1.9756,1.9756,406.23,38508212.90,3658008.85,188719691.24,254866261.19,443585952.44,56266.20,3.90737495,0.00084880,0.02716169,0.01697606,0.01965231,0.03662836,892974607.60,846.4075
669,1.8316,1.9753,1.9753,407.00,38513901.73,3658212.80,188764395.39,254877805.67,443642201.05,56248.62,3.90615383,0.00084866,0.02715702,0.01697314,0.01961622,0.03658935,893028856.22,847.1642
670,1.8344,1.9750,1.9750,407.77,38519589.75,3658416.69,188809085.38,254889346.71,443698432.09,56231.04,3.90493312,0.00084851,0.02715235,0.01697022,0.01958019,0.03655040,893083087.25,847.9210
671,1.8371,1.9747,1.9747,408.55,38525276.97,3658620.53,188853761.24,254900884.32,443754645.55,56213.46,3.90371284,0.00084836,0.02714768,0.01696730,0.01954423,0.03651152,893137300.72,848.6780
672,1.8398,1.9745,1.9745,409.33,38530963.40,3658824.30,188898422.96,254912418.49,443810841.45,56195.90,3.90249296,0.00084822,0.02714301,0.01696438,0.01950833,0.03647271,893191496.62,849.4350
673,1.8426,1.9742,1.9742,410.10,38536649.02,3659028.03,188943070.55,254923949.24,443867019.79,56178.34,3.90127351,0.00084807,0.02713834,0.01696146,0.01947250,0.03643396,893245674.95,850.1921
674,1.8453,1.9739,1.9739,410.88,38542333.85,3659231.69,188987704.01,254935476.57,443923180.58,56160.78,3.90005446,0.00084793,0.02713367,0.01695854,0.01943674,0.03639528,893299835.74,850.9494
675,1.8480,1.9736,1.9736,411.66,38548017.87,3659435.30,189032323.34,254947000.47,443979323.81,56143.24,3.89883584,0.00084778,0.02712901,0.01695563,0.01940104,0.03635666,893353978.98,851.7067
676,1.8508,1.9733,1.9733,412.45,38553701.10,3659638.86,189076928.56,254958520.94,444035449.51,56125.69,3.89761763,0.00084764,0.02712434,0.01695271,0.01936540,0.03631811,893408104.67,852.4642
677,1.8535,1.9731,1.9731,413.23,38559383.53,3659842.36,189121519.67,254970037.99,444091557.66,56108.16,3.89639983,0.00084749,0.02711968,0.01694980,0.01932983,0.03627963,893462212.83,853.2217
678,1.8563,1.9728,1.9728,414.02,38565065.16,3660045.80,189166096.66,254981551.63,444147648.29,56090.63,3.89518245,0.00084734,0.02711501,0.01694688,0.01929433,0.03624121,893516303.45,853.9793
679,1.8590,1.9725,1.9725,414.80,38570746.00,3660249.19,189210659.55,254993061.84,444203721.39,56073.10,3.89396549,0.00084720,0.02711035,0.01694397,0.01925889,0.03620286,893570376.56,854.7371
680,1.8617,1.9722,1.9722,415.59,38576426.03,3660452.52,189255208.34,255004568.64,444259776.98,56055.58,3.89274894,0.00084705,0.02710569,0.01694106,0.01922351,0.03616457,893624432.14,855.4949
681,1.8645,1.9720,1.9720,416.38,38582105.27,3660655.79,189299743.04,255016072.01,444315815.05,56038.07,3.89153280,0.00084691,0.02710103,0.01693814,0.01918820,0.03612635,893678470.21,856.2528
682,1.8672,1.9717,1.9717,417.17,38587783.71,3660859.01,189344263.64,255027571.98,444371835.62,56020.57,3.89031708,0.00084676,0.02709637,0.01693523,0.01915296,0.03608819,893732490.78,857.0108
683,1.8700,1.9714,1.9714,417.97,38593461.35,3661062.18,189388770.15,255039068.53,444427838.68,56003.07,3.88910178,0.00084662,0.02709171,0.01693232,0.01911777,0.03605009,893786493.85,857.7689
684,1.8727,1.9711,1.9711,418.76,38599138.19,3661265.28,189433262.58,255050561.67,444483824.25,55985.57,3.88788688,0.00084647,0.02708706,0.01692941,0.01908266,0.03601207,893840479.42,858.5271
685,1.8754,1.9708,1.9708,419.56,38604814.24,3661468.34,189477740.94,255062051.40,444539792.34,55968.08,3.88667241,0.00084633,0.02708240,0.01692650,0.01904760,0.03597410,893894447.50,859.2854
686,1.8782,1.9706,1.9706,420.35,38610489.48,3661671.33,189522205.22,255073537.72,444595742.94,55950.60,3.88545834,0.00084618,0.02707775,0.01692359,0.01901261,0.03593620,893948398.10,860.0438
687,1.8809,1.9703,1.9703,421.15,38616163.93,3661874.27,189566655.43,255085020.63,444651676.06,55933.12,3.88424469,0.00084603,0.02707309,0.01692068,0.01897769,0.03589837,894002331.22,860.8023
688,1.8836,1.9700,1.9700,421.95,38621837.59,3662077.16,189611091.57,255096500.14,444707591.71,55915.65,3.88303145,0.00084589,0.02706844,0.01691778,0.01894282,0.03586060,894056246.88,861.5608
689,1.8864,1.9697,1.9697,422.76,38627510.44,3662279.99,189655513.66,255107976.25,444763489.90,55898.19,3.88181863,0.00084574,0.02706379,0.01691487,0.01890802,0.03582289,894110145.06,862.3195
690,1.8891,1.9695,1.9695,423.56,38633182.50,3662482.76,189699921.68,255119448.95,444819370.63,55880.73,3.88060622,0.00084560,0.02705914,0.01691196,0.01887329,0.03578525,894164025.79,863.0782
691,1.8919,1.9692,1.9692,424.36,38638853.76,3662685.48,189744315.66,255130918.25,444875233.91,55863.28,3.87939422,0.00084545,0.02705449,0.01690906,0.01883862,0.03574767,894217889.07,863.8370
692,1.8946,1.9689,1.9689,425.17,38644524.22,3662888.14,189788695.59,255142384.15,444931079.74,55845.83,3.87818263,0.00084531,0.02704984,0.01690615,0.01880401,0.03571016,894271734.90,864.5959
693,1.8973,1.9686,1.9686,425.98,38650193.89,3663090.75,189833061.48,255153846.65,444986908.13,55828.39,3.87697146,0.00084516,0.02704519,0.01690325,0.01876946,0.03567271,894325563.29,865.3549
694,1.9001,1.9684,1.9684,426.79,38655862.76,3663293.30,189877413.32,255165305.76,445042719.08,55810.95,3.87576070,0.00084502,0.02704055,0.01690034,0.01873498,0.03563532,894379374.24,866.1139
695,1.9028,1.9681,1.9681,427.60,38661530.84,3663495.80,189921751.14,255176761.47,445098512.61,55793.53,3.87455035,0.00084487,0.02703590,0.01689744,0.01870056,0.03559800,894433167.77,866.8730
696,1.9055,1.9678,1.9678,428.41,38667198.11,3663698.24,189966074.92,255188213.79,445154288.71,55776.10,3.87334042,0.00084473,0.02703126,0.01689454,0.01866621,0.03556074,894486943.87,867.6322
697,1.9083,1.9675,1.9675,429.23,38672864.60,3663900.62,190010384.68,255199662.71,445210047.39,55758.68,3.87213089,0.00084458,0.02702661,0.01689163,0.01863191,0.03552355,894540702.56,868.3915
698,1.9110,1.9673,1.9673,430.04,38678530.28,3664102.95,190054680.42,255211108.24,445265788.67,55741.27,3.87092178,0.00084444,0.02702197,0.01688873,0.01859768,0.03548641,894594443.83,869.1509
699,1.9138,1.9670,1.9670,430.86,38684195.17,3664305.23,190098962.14,255222550.39,445321512.53,55723.87,3.86971308,0.00084429,0.02701733,0.01688583,0.01856351,0.03544934,894648167.70,869.9103
700,1.9165,1.9667,1.9667,431.68,38689859.26,3664507.45,190143229.86,255233989.15,445377219.00,55706.47,3.86850479,0.00084415,0.02701269,0.01688293,0.01852940,0.03541234,894701874.17,870.6699
701,1.9192,1.9664,1.9664,432.50,38695522.56,3664709.61,190187483.56,255245424.52,445432908.08,55689.08,3.86729692,0.00084400,0.02700805,0.01688003,0.01849536,0.03537539,894755563.24,871.4294
702,1.9220,1.9661,1.9661,433.32,38701185.06,3664911.72,190231723.26,255256856.51,445488579.77,55671.69,3.86608945,0.00084386,0.02700341,0.01687713,0.01846138,0.03533851,894809234.93,872.1891
703,1.9247,1.9659,1.9659,434.15,38706846.77,3665113.77,190275948.96,255268285.11,445544234.07,55654.31,3.86488240,0.00084371,0.02699878,0.01687423,0.01842746,0.03530169,894862889.24,872.9488
704,1.9274,1.9656,1.9656,434.97,38712507.68,3665315.77,190320160.67,255279710.33,445599871.00,55636.93,3.86367575,0.00084357,0.02699414,0.01687134,0.01839360,0.03526494,894916526.17,873.7086
705,1.9302,1.9653,1.9653,435.80,38718167.79,3665517.71,190364358.39,255291132.17,445655490.57,55619.56,3.86246952,0.00084342,0.02698950,0.01686844,0.01835980,0.03522824,894970145.73,874.4685
706,1.9329,1.9650,1.9650,436.63,38723827.11,3665719.60,190408542.13,255302550.64,445711092.76,55602.20,3.86126370,0.00084328,0.02698487,0.01686554,0.01832607,0.03519161,895023747.93,875.2284
707,1.9357,1.9648,1.9648,437.46,38729485.63,3665921.43,190452711.88,255313965.72,445766677.60,55584.84,3.86005828,0.00084313,0.02698024,0.01686265,0.01829239,0.03515504,895077332.77,875.9885
708,1.9384,1.9645,1.9645,438.29,38735143.36,3666123.21,190496867.66,255325377.43,445822245.09,55567.49,3.85885328,0.00084299,0.02697561,0.01685975,0.01825878,0.03511854,895130900.25,876.7485
709,1.9411,1.9642,1.9642,439.12,38740800.30,3666324.93,190541009.46,255336785.77,445877795.23,55550.14,3.85764869,0.00084284,0.02697098,0.01685686,0.01822523,0.03508209,895184450.39,877.5087
710,1.9439,1.9639,1.9639,439.96,38746456.44,3666526.59,190585137.30,255348190.73,445933328.03,55532.80,3.85644451,0.00084270,0.02696635,0.01685397,0.01819174,0.03504571,895237983.19,878.2689
711,1.9466,1.9637,1.9637,440.79,38752111.78,3666728.21,190629251.18,255359592.32,445988843.50,55515.47,3.85524074,0.00084255,0.02696172,0.01685107,0.01815832,0.03500939,895291498.66,879.0291
712,1.9493,1.9634,1.9634,441.63,38757766.33,3666929.76,190673351.09,255370990.54,446044341.64,55498.14,3.85403737,0.00084241,0.02695709,0.01684818,0.01812495,0.03497313,895344996.80,879.7895
713,1.9521,1.9631,1.9631,442.47,38763420.08,3667131.26,190717437.05,255382385.40,446099822.45,55480.82,3.85283442,0.00084226,0.02695246,0.01684529,0.01809164,0.03493693,895398477.62,880.5498
714,1.9548,1.9628,1.9628,443.31,38769073.04,3667332.71,190761509.07,255393776.88,446155285.95,55463.50,3.85163188,0.00084212,0.02694784,0.01684240,0.01805840,0.03490079,895451941.11,881.3103
715,1.9576,1.9626,1.9626,444.15,38774725.21,3667534.10,190805567.13,255405165.00,446210732.14,55446.19,3.85042974,0.00084198,0.02694321,0.01683951,0.01802521,0.03486472,895505387.30,882.0708
716,1.9603,1.9623,1.9623,445.00,38780376.58,3667735.43,190849611.26,255416549.76,446266161.02,55428.88,3.84922802,0.00084183,0.02693859,0.01683662,0.01799209,0.03482871,895558816.19,882.8314
717,1.9630,1.9620,1.9620,445.84,38786027.16,3667936.72,190893641.45,255427931.16,446321572.61,55411.58,3.84802670,0.00084169,0.02693397,0.01683373,0.01795902,0.03479275,895612227.77,883.5920
718,1.9658,1.9617,1.9617,446.69,38791676.94,3668137.94,190937657.71,255439309.19,446376966.90,55394.29,3.84682579,0.00084154,0.02692934,0.01683084,0.01792602,0.03475686,895665622.06,884.3527
719,1.9685,1.9615,1.9615,447.54,38797325.93,3668339.11,190981660.04,255450683.86,446432343.90,55377.00,3.84562529,0.00084140,0.02692472,0.01682795,0.01789308,0.03472103,895718999.07,885.1134
720,1.9713,1.9612,1.9612,448.39,38802974.13,3668540.23,191025648.45,255462055.18,446487703.63,55359.72,3.84442520,0.00084125,0.02692010,0.01682507,0.01786019,0.03468526,895772358.79,885.8742
721,1.9740,1.9609,1.9609,449.24,38808621.53,3668741.29,191069622.93,255473423.14,446543046.07,55342.45,3.84322552,0.00084111,0.02691549,0.01682218,0.01782737,0.03464955,895825701.24,886.6350
722,1.9767,1.9606,1.9606,450.10,38814268.14,3668942.29,191113583.51,255484787.75,446598371.25,55325.18,3.84202624,0.00084096,0.02691087,0.01681929,0.01779461,0.03461390,895879026.41,887.3959
723,1.9795,1.9604,1.9604,450.95,38819913.95,3669143.25,191157530.17,255496149.00,446653679.17,55307.91,3.84082737,0.00084082,0.02690625,0.01681641,0.01776191,0.03457831,895932334.33,888.1568
724,1.9822,1.9601,1.9601,451.81,38825558.98,3669344.14,191201462.93,255507506.89,446708969.82,55290.66,3.83962891,0.00084068,0.02690164,0.01681352,0.01772926,0.03454278,895985624.98,888.9178
725,1.9849,1.9598,1.9598,452.67,38831203.20,3669544.98,191245381.78,255518861.44,446764243.23,55273.40,3.83843086,0.00084053,0.02689702,0.01681064,0.01769668,0.03450732,896038898.39,889.6788
726,1.9877,1.9595,1.9595,453.53,38836846.64,3669745.77,191289286.74,255530212.64,446819499.38,55256.16,3.83723322,0.00084039,0.02689241,0.01680776,0.01766415,0.03447191,896092154.55,890.4399
727,1.9904,1.9593,1.9593,454.39,38842489.28,3669946.50,191333177.81,255541560.49,446874738.30,55238.92,3.83603598,0.00084024,0.02688780,0.01680487,0.01763169,0.03443656,896145393.47,891.2010
728,1.9932,1.9590,1.9590,455.26,38848131.13,3670147.18,191377054.99,255552905.00,446929959.99,55221.68,3.83483915,0.00084010,0.02688319,0.01680199,0.01759928,0.03440127,896198615.15,891.9622
729,1.9959,1.9587,1.9587,456.12,38853772.19,3670347.80,191420918.28,255564246.16,446985164.44,55204.46,3.83364272,0.00083996,0.02687857,0.01679911,0.01756694,0.03436604,896251819.60,892.7234
730,1.9986,1.9584,1.9584,456.99,38859412.45,3670548.37,191464767.70,255575583.97,447040351.67,55187.23,3.83244671,0.00083981,0.02687397,0.01679623,0.01753465,0.03433088,896305006.84,893.4847
731,2.0014,1.9581,1.9581,457.86,38865051.92,3670748.88,191508603.24,255586918.45,447095521.69,55170.02,3.83125109,0.00083967,0.02686936,0.01679335,0.01750242,0.03429577,896358176.85,894.2460
732,2.0041,1.9579,1.9579,458.73,38870690.60,3670949.34,191552424.91,255598249.58,447150674.49,55152.80,3.83005589,0.00083952,0.02686475,0.01679047,0.01747025,0.03426072,896411329.66,895.0073
733,2.0068,1.9576,1.9576,459.60,38876328.49,3671149.74,191596232.72,255609577.38,447205810.09,55135.60,3.82886109,0.00083938,0.02686014,0.01678759,0.01743814,0.03422573,896464465.26,895.7687
734,2.0096,1.9573,1.9573,460.47,38881965.58,3671350.09,191640026.66,255620901.84,447260928.49,55118.40,3.82766670,0.00083924,0.02685554,0.01678471,0.01740609,0.03419080,896517583.66,896.5301
735,2.0123,1.9570,1.9570,461.35,38887601.89,3671550.39,191683806.74,255632222.96,447316029.70,55101.21,3.82647271,0.00083909,0.02685093,0.01678183,0.01737409,0.03415593,896570684.86,897.2916
736,2.0151,1.9568,1.9568,462.22,38893237.40,3671750.63,191727572.98,255643540.75,447371113.72,55084.02,3.82527913,0.00083895,0.02684633,0.01677896,0.01734216,0.03412111,896623768.88,898.0531
737,2.0178,1.9565,1.9565,463.10,38898872.11,3671950.81,191771325.36,255654855.20,447426180.56,55066.84,3.82408596,0.00083880,0.02684173,0.01677608,0.01731028,0.03408636,896676835.72,898.8146
738,2.0205,1.9562,1.9562,463.98,38904506.04,3672150.94,191815063.90,255666166.32,447481230.22,55049.66,3.82289319,0.00083866,0.02683713,0.01677321,0.01727846,0.03405167,896729885.38,899.5762
739,2.0233,1.9559,1.9559,464.87,38910139.18,3672351.02,191858788.60,255677474.11,447536262.71,55032.49,3.82170083,0.00083852,0.02683253,0.01677033,0.01724670,0.03401703,896782917.88,900.3378
740,2.0260,1.9557,1.9557,465.75,38915771.52,3672551.04,191902499.46,255688778.58,447591278.04,55015.33,3.82050887,0.00083837,0.02682793,0.01676746,0.01721500,0.03398245,896835933.20,901.0994
741,2.0287,1.9554,1.9554,466.63,38921403.07,3672751.01,191946196.50,255700079.71,447646276.21,54998.17,3.81931731,0.00083823,0.02682333,0.01676458,0.01718335,0.03394793,896888931.37,901.8610
742,2.0315,1.9551,1.9551,467.52,38927033.83,3672950.92,191989879.70,255711377.52,447701257.23,54981.02,3.81812616,0.00083809,0.02681873,0.01676171,0.01715176,0.03391347,896941912.39,902.6227
743,2.0342,1.9549,1.9549,468.41,38932663.80,3673150.78,192033549.09,255722672.01,447756221.10,54963.87,3.81693542,0.00083794,0.02681414,0.01675884,0.01712023,0.03387907,896994876.26,903.3844
744,2.0370,1.9546,1.9546,469.30,38938292.98,3673350.58,192077204.65,255733963.17,447811167.83,54946.73,3.81574508,0.00083780,0.02680954,0.01675596,0.01708876,0.03384473,897047822.99,904.1462
745,2.0397,1.9543,1.9543,470.19,38943921.37,3673550.33,192120846.41,255745251.01,447866097.42,54929.59,3.81455514,0.00083765,0.02680495,0.01675309,0.01705735,0.03381044,897100752.58,904.9080
746,2.0424,1.9540,1.9540,471.09,38949548.96,3673750.03,192164474.35,255756535.54,447921009.89,54912.46,3.81336561,0.00083751,0.02680036,0.01675022,0.01702599,0.03377621,897153665.05,905.6698
747,2.0452,1.9538,1.9538,471.98,38955175.77,3673949.67,192208088.49,255767816.74,447975905.23,54895.34,3.81217648,0.00083737,0.02679577,0.01674735,0.01699469,0.03374204,897206560.39,906.4316
748,2.0479,1.9535,1.9535,472.88,38960801.78,3674149.25,192251688.83,255779094.62,448030783.45,54878.22,3.81098776,0.00083722,0.02679117,0.01674448,0.01696345,0.03370793,897259438.61,907.1934
749,2.0507,1.9532,1.9532,473.78,38966427.01,3674348.78,192295275.37,255790369.19,448085644.56,54861.11,3.80979944,0.00083708,0.02678658,0.01674162,0.01693226,0.03367388,897312299.72,907.9553
750,2.0534,1.9529,1.9529,474.68,38972051.44,3674548.26,192338848.12,255801640.45,448140488.57,54844.01,3.80861152,0.00083694,0.02678200,0.01673875,0.01690113,0.03363988,897365143.73,908.7172
751,2.0561,1.9527,1.9527,475.58,38977675.08,3674747.69,192382407.08,255812908.39,448195315.47,54826.91,3.80742401,0.00083679,0.02677741,0.01673588,0.01687006,0.03360594,897417970.64,909.4791
752,2.0589,1.9524,1.9524,476.48,38983297.94,3674947.05,192425952.26,255824173.02,448250125.29,54809.81,3.80623690,0.00083665,0.02677282,0.01673301,0.01683905,0.03357206,897470780.45,910.2410
753,2.0616,1.9521,1.9521,477.39,38988920.00,3675146.37,192469483.66,255835434.34,448304918.01,54792.72,3.80505019,0.00083651,0.02676824,0.01673015,0.01680809,0.03353823,897523573.17,911.0030
754,2.0643,1.9518,1.9518,478.30,38994541.27,3675345.63,192513001.29,255846692.36,448359693.65,54775.64,3.80386389,0.00083636,0.02676365,0.01672728,0.01677719,0.03350447,897576348.81,911.7649
755,2.0671,1.9516,1.9516,479.21,39000161.76,3675544.84,192556505.15,255857947.06,448414452.21,54758.56,3.80267799,0.00083622,0.02675907,0.01672442,0.01674634,0.03347076,897629107.37,912.5269
756,2.0698,1.9513,1.9513,480.12,39005781.45,3675743.99,192599995.24,255869198.46,448469193.70,54741.49,3.80149249,0.00083608,0.02675448,0.01672155,0.01671555,0.03343710,897681848.87,913.2889
757,2.0726,1.9510,1.9510,481.03,39011400.35,3675943.09,192643471.57,255880446.56,448523918.13,54724.43,3.80030740,0.00083593,0.02674990,0.01671869,0.01668482,0.03340351,897734573.29,914.0509
758,2.0753,1.9507,1.9507,481.94,39017018.47,3676142.13,192686934.14,255891691.35,448578625.50,54707.37,3.79912270,0.00083579,0.02674532,0.01671583,0.01665414,0.03336997,897787280.66,914.8129
759,2.0780,1.9505,1.9505,482.86,39022635.79,3676341.12,192730382.96,255902932.84,448633315.81,54690.31,3.79793841,0.00083565,0.02674074,0.01671296,0.01662352,0.03333648,897839970.97,915.5750
760,2.0808,1.9502,1.9502,483.78,39028252.33,3676540.06,192773818.04,255914171.04,448687989.07,54673.27,3.79675452,0.00083551,0.02673616,0.01671010,0.01659296,0.03330306,897892644.24,916.3370
761,2.0835,1.9499,1.9499,484.70,39033868.07,3676738.94,192817239.37,255925405.93,448742645.30,54656.22,3.79557103,0.00083536,0.02673159,0.01670724,0.01656245,0.03326969,897945300.46,917.0991
762,2.0862,1.9496,1.9496,485.62,39039483.03,3676937.77,192860646.96,255936637.53,448797284.48,54639.19,3.79438795,0.00083522,0.02672701,0.01670438,0.01653199,0.03323637,897997939.65,917.8611
763,2.0890,1.9494,1.9494,486.54,39045097.20,3677136.54,192904040.81,255947865.83,448851906.64,54622.16,3.79320526,0.00083508,0.02672243,0.01670152,0.01650160,0.03320312,898050561.80,918.6232
764,2.0917,1.9491,1.9491,487.47,39050710.58,3677335.26,192947420.93,255959090.84,448906511.77,54605.13,3.79202298,0.00083493,0.02671786,0.01669866,0.01647125,0.03316991,898103166.93,919.3853
765,2.0945,1.9488,1.9488,488.39,39056323.17,3677533.93,192990787.33,255970312.55,448961099.88,54588.11,3.79084110,0.00083479,0.02671329,0.01669580,0.01644097,0.03313677,898155755.05,920.1474
766,2.0972,1.9485,1.9485,489.32,39061934.97,3677732.54,193034140.01,255981530.97,449015670.98,54571.10,3.78965961,0.00083465,0.02670871,0.01669295,0.01641073,0.03310368,898208326.14,920.9094
767,2.0999,1.9483,1.9483,490.25,39067545.98,3677931.10,193077478.97,255992746.11,449070225.07,54554.09,3.78847853,0.00083450,0.02670414,0.01669009,0.01638056,0.03307065,898260880.23,921.6715
768,2.1027,1.9480,1.9480,491.18,39073156.21,3678129.60,193120804.21,256003957.95,449124762.16,54537.09,3.78729785,0.00083436,0.02669957,0.01668723,0.01635044,0.03303767,898313417.32,922.4336
769,2.1054,1.9477,1.9477,492.12,39078765.64,3678328.06,193164115.74,256015166.51,449179282.25,54520.09,3.78611758,0.00083422,0.02669500,0.01668438,0.01632037,0.03300475,898365937.42,923.1957
770,2.1081,1.9474,1.9474,493.05,39084374.29,3678526.45,193207413.58,256026371.78,449233785.36,54503.10,3.78493770,0.00083408,0.02669043,0.01668152,0.01629036,0.03297188,898418440.52,923.9578
771,2.1109,1.9472,1.9472,493.99,39089982.15,3678724.79,193250697.71,256037573.77,449288271.48,54486.12,3.78375822,0.00083393,0.02668587,0.01667867,0.01626040,0.03293907,898470926.64,924.7199
772,2.1136,1.9469,1.9469,494.93,39095589.22,3678923.08,193293968.14,256048772.47,449342740.61,54469.14,3.78257914,0.00083379,0.02668130,0.01667581,0.01623050,0.03290631,898523395.78,925.4820
773,2.1164,1.9466,1.9466,495.87,39101195.51,3679121.32,193337224.88,256059967.90,449397192.78,54452.17,3.78140046,0.00083365,0.02667673,0.01667296,0.01620066,0.03287361,898575847.94,926.2441
774,2.1191,1.9464,1.9464,496.81,39106801.00,3679319.50,193380467.94,256071160.04,449451627.98,54435.20,3.78022218,0.00083351,0.02667217,0.01667011,0.01617086,0.03284097,898628283.14,927.0062
775,2.1218,1.9461,1.9461,497.76,39112405.71,3679517.63,193423697.31,256082348.91,449506046.22,54418.24,3.77904430,0.00083336,0.02666761,0.01666725,0.01614112,0.03280838,898680701.38,927.7683
776,2.1246,1.9458,1.9458,498.70,39118009.63,3679715.70,193466913.00,256093534.50,449560447.50,54401.28,3.77786682,0.00083322,0.02666304,0.01666440,0.01611144,0.03277584,898733102.66,928.5303
777,2.1273,1.9455,1.9455,499.65,39123612.77,3679913.72,193510115.02,256104716.81,449614831.83,54384.33,3.77668974,0.00083308,0.02665848,0.01666155,0.01608181,0.03274336,898785487.00,929.2924
778,2.1300,1.9453,1.9453,500.60,39129215.11,3680111.69,193553303.37,256115895.85,449669199.22,54367.39,3.77551306,0.00083294,0.02665392,0.01665870,0.01605224,0.03271094,898837854.38,930.0544
779,2.1328,1.9450,1.9450,501.55,39134816.67,3680309.60,193596478.05,256127071.62,449723549.67,54350.45,3.77433678,0.00083279,0.02664936,0.01665585,0.01602271,0.03267857,898890204.83,930.8165
780,2.1355,1.9447,1.9447,502.51,39140417.44,3680507.46,193639639.08,256138244.11,449777883.19,54333.52,3.77316090,0.00083265,0.02664480,0.01665300,0.01599325,0.03264625,898942538.35,931.5785
781,2.1383,1.9444,1.9444,503.46,39146017.43,3680705.27,193682786.44,256149413.34,449832199.78,54316.59,3.77198541,0.00083251,0.02664025,0.01665015,0.01596383,0.03261399,898994854.94,932.3406
782,2.1410,1.9442,1.9442,504.42,39151616.62,3680903.02,193725920.15,256160579.29,449886499.45,54299.67,3.77081033,0.00083237,0.02663569,0.01664731,0.01593447,0.03258178,899047154.61,933.1026
783,2.1437,1.9439,1.9439,505.38,39157215.04,3681100.72,193769040.22,256171741.98,449940782.20,54282.75,3.76963564,0.00083222,0.02663113,0.01664446,0.01590517,0.03254963,899099437.36,933.8646
784,2.1465,1.9436,1.9436,506.34,39162812.66,3681298.36,193812146.63,256182901.41,449995048.04,54265.84,3.76846135,0.00083208,0.02662658,0.01664161,0.01587592,0.03251753,899151703.21,934.6265
785,2.1492,1.9433,1.9433,507.30,39168409.50,3681495.96,193855239.41,256194057.57,450049296.98,54248.94,3.76728746,0.00083194,0.02662203,0.01663877,0.01584672,0.03248548,899203952.15,935.3885
786,2.1520,1.9431,1.9431,508.26,39174005.55,3681693.49,193898318.56,256205210.47,450103529.02,54232.04,3.76611396,0.00083180,0.02661747,0.01663592,0.01581757,0.03245349,899256184.19,936.1505
787,2.1547,1.9428,1.9428,509.23,39179600.81,3681890.98,193941384.07,256216360.10,450157744.17,54215.15,3.76494087,0.00083165,0.02661292,0.01663308,0.01578848,0.03242155,899308399.34,936.9124
788,2.1574,1.9425,1.9425,510.20,39185195.29,3682088.41,193984435.96,256227506.48,450211942.43,54198.26,3.76376817,0.00083151,0.02660837,0.01663023,0.01575944,0.03238967,899360597.60,937.6743
789,2.1602,1.9423,1.9423,511.17,39190788.99,3682285.79,194027474.22,256238649.59,450266123.81,54181.38,3.76259587,0.00083137,0.02660382,0.01662739,0.01573045,0.03235784,899412778.98,938.4362
790,2.1629,1.9420,1.9420,512.14,39196381.89,3682483.11,194070498.87,256249789.45,450320288.32,54164.51,3.76142397,0.00083123,0.02659927,0.01662455,0.01570152,0.03232607,899464943.48,939.1981
791,2.1656,1.9417,1.9417,513.11,39201974.01,3682680.38,194113509.90,256260926.06,450374435.95,54147.64,3.76025246,0.00083109,0.02659473,0.01662170,0.01567264,0.03229434,899517091.12,939.9599
792,2.1684,1.9414,1.9414,514.09,39207565.35,3682877.60,194156507.32,256272059.41,450428566.73,54130.77,3.75908135,0.00083094,0.02659018,0.01661886,0.01564381,0.03226267,899569221.89,940.7217
793,2.1711,1.9412,1.9412,515.07,39213155.90,3683074.76,194199491.14,256283189.50,450482680.64,54113.91,3.75791064,0.00083080,0.02658564,0.01661602,0.01561504,0.03223106,899621335.80,941.4835
794,2.1739,1.9409,1.9409,516.05,39218745.66,3683271.88,194242461.35,256294316.35,450536777.70,54097.06,3.75674032,0.00083066,0.02658109,0.01661318,0.01558631,0.03219950,899673432.86,942.2453
795,2.1766,1.9406,1.9406,517.03,39224334.64,3683468.93,194285417.97,256305439.94,450590857.91,54080.21,3.75557040,0.00083052,0.02657655,0.01661034,0.01555764,0.03216799,899725513.08,943.0071
796,2.1793,1.9403,1.9403,518.01,39229922.83,3683665.94,194328361.00,256316560.29,450644921.29,54063.37,3.75440088,0.00083038,0.02657201,0.01660750,0.01552903,0.03213653,899777576.45,943.7688
797,2.1821,1.9401,1.9401,518.99,39235510.24,3683862.89,194371290.43,256327677.39,450698967.82,54046.54,3.75323175,0.00083023,0.02656746,0.01660467,0.01550046,0.03210513,899829622.99,944.5305
798,2.1848,1.9398,1.9398,519.98,39241096.86,3684059.79,194414206.29,256338791.24,450752997.53,54029.71,3.75206302,0.00083009,0.02656292,0.01660183,0.01547195,0.03207378,899881652.69,945.2921
799,2.1875,1.9395,1.9395,520.97,39246682.70,3684256.63,194457108.56,256349901.85,450807010.42,54012.88,3.75089469,0.00082995,0.02655838,0.01659899,0.01544349,0.03204248,899933665.58,946.0538
800,2.1903,1.9393,1.9393,521.96,39252267.75,3684453.42,194499997.26,256361009.22,450861006.48,53996.07,3.74972675,0.00082981,0.02655385,0.01659615,0.01541508,0.03201123,899985661.64,946.8154
801,2.1930,1.9390,1.9390,522.95,39257852.02,3684650.16,194542872.39,256372113.34,450914985.73,53979.25,3.74855921,0.00082967,0.02654931,0.01659332,0.01538672,0.03198004,900037640.90,947.5769
802,2.1958,1.9387,1.9387,523.94,39263435.50,3684846.85,194585733.95,256383214.22,450968948.18,53962.45,3.74739206,0.00082952,0.02654477,0.01659048,0.01535842,0.03194890,900089603.34,948.3385
803,2.1985,1.9384,1.9384,524.94,39269018.20,3685043.48,194628581.95,256394311.87,451022893.82,53945.64,3.74622530,0.00082938,0.02654024,0.01658765,0.01533016,0.03191781,900141548.99,949.1000
804,2.2012,1.9382,1.9382,525.94,39274600.11,3685240.06,194671416.40,256405406.28,451076822.67,53928.85,3.74505895,0.00082924,0.02653570,0.01658481,0.01530196,0.03188677,900193477.83,949.8614
805,2.2040,1.9379,1.9379,526.94,39280181.24,3685436.58,194714237.28,256416497.45,451130734.73,53912.06,3.74389298,0.00082910,0.02653117,0.01658198,0.01527381,0.03185579,900245389.89,950.6229
806,2.2067,1.9376,1.9376,527.94,39285761.59,3685633.05,194757044.62,256427585.38,451184630.01,53895.27,3.74272742,0.00082896,0.02652664,0.01657915,0.01524571,0.03182486,900297285.17,951.3842
807,2.2094,1.9373,1.9373,528.94,39291341.15,3685829.47,194799838.42,256438670.09,451238508.50,53878.50,3.74156224,0.00082882,0.02652211,0.01657632,0.01521766,0.03179398,900349163.66,952.1456
808,2.2122,1.9371,1.9371,529.95,39296919.92,3686025.84,194842618.67,256449751.56,451292370.23,53861.72,3.74039746,0.00082867,0.02651758,0.01657349,0.01518967,0.03176315,900401025.39,952.9069
809,2.2149,1.9368,1.9368,530.96,39302497.92,3686222.15,194885385.38,256460829.80,451346215.18,53844.96,3.73923308,0.00082853,0.02651305,0.01657065,0.01516172,0.03173238,900452870.34,953.6682
810,2.2177,1.9365,1.9365,531.97,39308075.13,3686418.41,194928138.57,256471904.81,451400043.38,53828.19,3.73806909,0.00082839,0.02650852,0.01656782,0.01513383,0.03170165,900504698.54,954.4294
811,2.2204,1.9363,1.9363,532.98,39313651.55,3686614.62,194970878.22,256482976.59,451453854.82,53811.44,3.73690549,0.00082825,0.02650399,0.01656499,0.01510599,0.03167098,900556509.98,955.1906
812,2.2231,1.9360,1.9360,533.99,39319227.19,3686810.78,195013604.36,256494045.15,451507649.50,53794.69,3.73574229,0.00082811,0.02649946,0.01656217,0.01507819,0.03164036,900608304.67,955.9517
813,2.2259,1.9357,1.9357,535.00,39324802.05,3687006.88,195056316.97,256505110.48,451561427.45,53777.94,3.73457948,0.00082797,0.02649494,0.01655934,0.01505045,0.03160979,900660082.61,956.7128
814,2.2286,1.9354,1.9354,536.02,39330376.13,3687202.93,195099016.07,256516172.59,451615188.65,53761.21,3.73341707,0.00082783,0.02649042,0.01655651,0.01502276,0.03157927,900711843.82,957.4738
815,2.2313,1.9352,1.9352,537.04,39335949.42,3687398.92,195141701.65,256527231.48,451668933.13,53744.47,3.73225505,0.00082768,0.02648589,0.01655368,0.01499512,0.03154880,900763588.29,958.2348
816,2.2341,1.9349,1.9349,538.06,39341521.93,3687594.87,195184373.73,256538287.14,451722660.87,53727.75,3.73109342,0.00082754,0.02648137,0.01655086,0.01496753,0.03151839,900815316.04,958.9958
817,2.2368,1.9346,1.9346,539.08,39347093.65,3687790.76,195227032.31,256549339.59,451776371.90,53711.02,3.72993218,0.00082740,0.02647685,0.01654803,0.01493999,0.03148802,900867027.06,959.7567
818,2.2396,1.9344,1.9344,540.11,39352664.60,3687986.59,195269677.39,256560388.82,451830066.20,53694.31,3.72877134,0.00082726,0.02647233,0.01654520,0.01491250,0.03145771,900918721.37,960.5175
819,2.2423,1.9341,1.9341,541.14,39358234.76,3688182.38,195312308.97,256571434.83,451883743.80,53677.60,3.72761089,0.00082712,0.02646781,0.01654238,0.01488507,0.03142745,900970398.96,961.2783
820,2.2450,1.9338,1.9338,542.16,39363804.13,3688378.11,195354927.07,256582477.62,451937404.69,53660.89,3.72645084,0.00082698,0.02646329,0.01653956,0.01485768,0.03139723,901022059.86,962.0390
821,2.2478,1.9335,1.9335,543.19,39369372.73,3688573.79,195397531.68,256593517.21,451991048.89,53644.19,3.72529117,0.00082684,0.02645877,0.01653673,0.01483034,0.03136707,901073704.05,962.7997
822,2.2505,1.9333,1.9333,544.23,39374940.54,3688769.41,195440122.81,256604553.58,452044676.38,53627.50,3.72413190,0.00082670,0.02645426,0.01653391,0.01480305,0.03133696,901125331.55,963.5603
823,2.2533,1.9330,1.9330,545.26,39380507.57,3688964.99,195482700.46,256615586.74,452098287.20,53610.81,3.72297302,0.00082655,0.02644974,0.01653109,0.01477581,0.03130690,901176942.36,964.3209
824,2.2560,1.9327,1.9327,546.30,39386073.82,3689160.51,195525264.64,256626616.68,452151881.33,53594.13,3.72181454,0.00082641,0.02644523,0.01652827,0.01474863,0.03127689,901228536.49,965.0814
825,2.2587,1.9325,1.9325,547.34,39391639.28,3689355.98,195567815.35,256637643.42,452205458.78,53577.45,3.72065644,0.00082627,0.02644071,0.01652545,0.01472149,0.03124693,901280113.94,965.8419
826,2.2615,1.9322,1.9322,548.38,39397203.96,3689551.39,195610352.60,256648666.96,452259019.56,53560.78,3.71949874,0.00082613,0.02643620,0.01652263,0.01469440,0.03121702,901331674.72,966.6023
827,2.2642,1.9319,1.9319,549.42,39402767.87,3689746.76,195652876.39,256659687.29,452312563.68,53544.12,3.71834142,0.00082599,0.02643169,0.01651981,0.01466736,0.03118716,901383218.84,967.3626
828,2.2669,1.9316,1.9316,550.46,39408330.98,3689942.07,195695386.72,256670704.41,452366091.13,53527.46,3.71718450,0.00082585,0.02642718,0.01651699,0.01464037,0.03115735,901434746.30,968.1229
829,2.2697,1.9314,1.9314,551.51,39413893.32,3690137.32,195737883.60,256681718.33,452419601.94,53510.80,3.71602798,0.00082571,0.02642267,0.01651417,0.01461343,0.03112760,901486257.10,968.8831
830,2.2724,1.9311,1.9311,552.56,39419454.88,3690332.53,195780367.04,256692729.05,452473096.09,53494.15,3.71487184,0.00082557,0.02641816,0.01651135,0.01458653,0.03109789,901537751.25,969.6432
831,2.2752,1.9308,1.9308,553.61,39425015.65,3690527.68,195822837.03,256703736.57,452526573.60,53477.51,3.71371609,0.00082543,0.02641365,0.01650853,0.01455969,0.03106823,901589228.77,970.4033
832,2.2779,1.9306,1.9306,554.66,39430575.65,3690722.78,195865293.59,256714740.89,452580034.48,53460.87,3.71256073,0.00082529,0.02640915,0.01650572,0.01453290,0.03103862,901640689.64,971.1633
833,2.2806,1.9303,1.9303,555.72,39436134.86,3690917.83,195907736.70,256725742.02,452633478.72,53444.24,3.71140577,0.00082515,0.02640464,0.01650290,0.01450615,0.03100906,901692133.88,971.9233
834,2.2834,1.9300,1.9300,556.77,39441693.29,3691112.82,195950166.39,256736739.94,452686906.34,53427.62,3.71025119,0.00082500,0.02640014,0.01650009,0.01447946,0.03097955,901743561.50,972.6832
835,2.2861,1.9297,1.9297,557.83,39447250.94,3691307.77,195992582.66,256747734.68,452740317.33,53411.00,3.70909701,0.00082486,0.02639563,0.01649727,0.01445281,0.03095008,901794972.50,973.4430
836,2.2888,1.9295,1.9295,558.89,39452807.81,3691502.66,196034985.50,256758726.22,452793711.72,53394.38,3.70794322,0.00082472,0.02639113,0.01649446,0.01442621,0.03092067,901846366.88,974.2027
837,2.2916,1.9292,1.9292,559.95,39458363.89,3691697.49,196077374.93,256769714.56,452847089.49,53377.77,3.70678981,0.00082458,0.02638663,0.01649164,0.01439967,0.03089131,901897744.65,974.9624
838,2.2943,1.9289,1.9289,561.02,39463919.20,3691892.28,196119750.94,256780699.72,452900450.66,53361.17,3.70563680,0.00082444,0.02638213,0.01648883,0.01437316,0.03086200,901949105.82,975.7220
839,2.2971,1.9287,1.9287,562.08,39469473.73,3692087.01,196162113.54,256791681.69,452953795.23,53344.57,3.70448417,0.00082430,0.02637763,0.01648602,0.01434671,0.03083273,902000450.39,976.4815
840,2.2998,1.9284,1.9284,563.15,39475027.47,3692281.69,196204462.74,256802660.47,453007123.21,53327.98,3.70333194,0.00082416,0.02637313,0.01648321,0.01432031,0.03080352,902051778.37,977.2410
841,2.3025,1.9281,1.9281,564.22,39480580.44,3692476.32,196246798.54,256813636.06,453060434.61,53311.39,3.70218009,0.00082402,0.02636863,0.01648040,0.01429395,0.03077435,902103089.77,978.0003
842,2.3053,1.9278,1.9278,565.30,39486132.62,3692670.90,196289120.94,256824608.47,453113729.42,53294.81,3.70102864,0.00082388,0.02636414,0.01647759,0.01426765,0.03074523,902154384.58,978.7596
843,2.3080,1.9276,1.9276,566.37,39491684.03,3692865.42,196331429.95,256835577.70,453167007.65,53278.24,3.69987757,0.00082374,0.02635964,0.01647478,0.01424139,0.03071616,902205662.82,979.5188
844,2.3107,1.9273,1.9273,567.45,39497234.65,3693059.89,196373725.58,256846543.74,453220269.32,53261.67,3.69872689,0.00082360,0.02635515,0.01647197,0.01421518,0.03068714,902256924.48,980.2780
845,2.3135,1.9270,1.9270,568.52,39502784.50,3693254.31,196416007.82,256857506.61,453273514.42,53245.10,3.69757660,0.00082346,0.02635065,0.01646916,0.01418901,0.03065817,902308169.59,981.0371
846,2.3162,1.9268,1.9268,569.61,39508333.56,3693448.68,196458276.68,256868466.29,453326742.97,53228.54,3.69642670,0.00082332,0.02634616,0.01646635,0.01416290,0.03062925,902359398.13,981.7960
847,2.3190,1.9265,1.9265,570.69,39513881.85,3693642.99,196500532.17,256879422.79,453379954.96,53211.99,3.69527719,0.00082318,0.02634167,0.01646354,0.01413683,0.03060037,902410610.12,982.5549
848,2.3217,1.9262,1.9262,571.77,39519429.35,3693837.26,196542774.28,256890376.12,453433150.41,53195.44,3.69412807,0.00082304,0.02633718,0.01646074,0.01411081,0.03057155,902461805.57,983.3137
849,2.3244,1.9259,1.9259,572.86,39524976.08,3694031.47,196585003.03,256901326.27,453486329.31,53178.90,3.69297933,0.00082290,0.02633269,0.01645793,0.01408484,0.03054277,902512984.47,984.0725
850,2.3272,1.9257,1.9257,573.95,39530522.03,3694225.62,196627218.42,256912273.25,453539491.67,53162.37,3.69183099,0.00082276,0.02632820,0.01645513,0.01405891,0.03051404,902564146.84,984.8311
851,2.3299,1.9254,1.9254,575.04,39536067.19,3694419.73,196669420.45,256923217.06,453592637.51,53145.84,3.69068303,0.00082262,0.02632371,0.01645232,0.01403303,0.03048535,902615292.67,985.5897
852,2.3326,1.9251,1.9251,576.13,39541611.58,3694613.78,196711609.13,256934157.69,453645766.82,53129.31,3.68953546,0.00082248,0.02631923,0.01644952,0.01400720,0.03045672,902666421.98,986.3482
853,2.3354,1.9249,1.9249,577.23,39547155.19,3694807.79,196753784.46,256945095.16,453698879.61,53112.79,3.68838828,0.00082234,0.02631474,0.01644671,0.01398142,0.03042813,902717534.77,987.1066
854,2.3381,1.9246,1.9246,578.33,39552698.02,3695001.74,196795946.44,256956029.45,453751975.89,53096.28,3.68724148,0.00082220,0.02631026,0.01644391,0.01395568,0.03039960,902768631.05,987.8648
855,2.3409,1.9243,1.9243,579.42,39558240.07,3695195.63,196838095.08,256966960.58,453805055.66,53079.77,3.68609507,0.00082206,0.02630577,0.01644111,0.01393000,0.03037110,902819710.82,988.6231
856,2.3436,1.9241,1.9241,580.53,39563781.34,3695389.48,196880230.38,256977888.54,453858118.92,53063.27,3.68494905,0.00082192,0.02630129,0.01643831,0.01390435,0.03034266,902870774.09,989.3812
857,2.3463,1.9238,1.9238,581.63,39569321.84,3695583.27,196922352.35,256988813.34,453911165.69,53046.77,3.68380342,0.00082178,0.02629681,0.01643551,0.01387876,0.03031426,902921820.86,990.1392
858,2.3491,1.9235,1.9235,582.73,39574861.55,3695777.01,196964461.00,256999734.97,453964195.97,53030.28,3.68265817,0.00082164,0.02629233,0.01643270,0.01385321,0.03028592,902972851.13,990.8971
859,2.3518,1.9232,1.9232,583.84,39580400.49,3695970.70,197006556.32,257010653.45,454017209.76,53013.79,3.68151331,0.00082150,0.02628785,0.01642991,0.01382771,0.03025762,903023864.93,991.6550
860,2.3546,1.9230,1.9230,584.95,39585938.65,3696164.34,197048638.32,257021568.76,454070207.07,52997.31,3.68036884,0.00082136,0.02628337,0.01642711,0.01380226,0.03022936,903074862.24,992.4127
861,2.3573,1.9227,1.9227,586.06,39591476.03,3696357.93,197090707.00,257032480.91,454123187.91,52980.84,3.67922475,0.00082122,0.02627889,0.01642431,0.01377685,0.03020115,903125843.07,993.1703
862,2.3600,1.9224,1.9224,587.18,39597012.63,3696551.46,197132762.37,257043389.91,454176152.28,52964.37,3.67808105,0.00082108,0.02627441,0.01642151,0.01375149,0.03017299,903176807.44,993.9279
863,2.3628,1.9222,1.9222,588.29,39602548.46,3696744.94,197174804.44,257054295.74,454229100.18,52947.90,3.67693774,0.00082094,0.02626994,0.01641871,0.01372617,0.03014488,903227755.34,994.6853
864,2.3655,1.9219,1.9219,589.41,39608083.50,3696938.37,197216833.20,257065198.43,454282031.63,52931.45,3.67579481,0.00082080,0.02626546,0.01641592,0.01370090,0.03011682,903278686.79,995.4427
865,2.3682,1.9216,1.9216,590.53,39613617.77,3697131.75,197258848.66,257076097.96,454334946.62,52914.99,3.67465227,0.00082066,0.02626099,0.01641312,0.01367568,0.03008880,903329601.78,996.1999
866,2.3710,1.9214,1.9214,591.66,39619151.26,3697325.08,197300850.83,257086994.33,454387845.16,52898.55,3.67351011,0.00082052,0.02625652,0.01641032,0.01365050,0.03006083,903380500.33,996.9571
867,2.3737,1.9211,1.9211,592.78,39624683.97,3697518.35,197342839.71,257097887.56,454440727.27,52882.10,3.67236834,0.00082038,0.02625205,0.01640753,0.01362537,0.03003290,903431382.43,997.7141
868,2.3765,1.9208,1.9208,593.91,39630215.91,3697711.58,197384815.30,257108777.64,454493592.94,52865.67,3.67122695,0.00082024,0.02624757,0.01640473,0.01360029,0.03000502,903482248.10,998.4711
869,2.3792,1.9205,1.9205,595.04,39635747.07,3697904.75,197426777.61,257119664.56,454546442.17,52849.24,3.67008595,0.00082010,0.02624310,0.01640194,0.01357525,0.02997719,903533097.34,999.2279
870,2.3819,1.9203,1.9203,596.17,39641277.45,3698097.87,197468726.64,257130548.34,454599274.99,52832.81,3.66894534,0.00081996,0.02623864,0.01639915,0.01355026,0.02994940,903583930.15,999.9846
871,2.3847,1.9200,1.9200,597.30,39646807.05,3698290.94,197510662.40,257141428.98,454652091.38,52816.39,3.66780511,0.00081982,0.02623417,0.01639635,0.01352531,0.02992166,903634746.54,1000.7412
872,2.3874,1.9197,1.9197,598.44,39652335.88,3698483.95,197552584.89,257152306.47,454704891.36,52799.98,3.66666526,0.00081968,0.02622970,0.01639356,0.01350041,0.02989397,903685546.52,1001.4978
873,2.3901,1.9195,1.9195,599.57,39657863.93,3698676.92,197594494.11,257163180.82,454757674.93,52783.57,3.66552580,0.00081954,0.02622523,0.01639077,0.01347555,0.02986632,903736330.09,1002.2542
874,2.3929,1.9192,1.9192,600.71,39663391.20,3698869.83,197636390.08,257174052.02,454810442.10,52767.17,3.66438673,0.00081940,0.02622077,0.01638798,0.01345074,0.02983872,903787097.26,1003.0104
875,2.3956,1.9189,1.9189,601.85,39668917.70,3699062.69,197678272.78,257184920.09,454863192.87,52750.77,3.66324803,0.00081926,0.02621631,0.01638519,0.01342598,0.02981117,903837848.04,1003.7666
876,2.3984,1.9187,1.9187,603.00,39674443.42,3699255.50,197720142.24,257195785.02,454915927.25,52734.38,3.66210973,0.00081912,0.02621184,0.01638240,0.01340126,0.02978366,903888582.42,1004.5227
877,2.4011,1.9184,1.9184,604.14,39679968.36,3699448.26,197761998.44,257206646.80,454968645.25,52717.99,3.66097180,0.00081898,0.02620738,0.01637961,0.01337658,0.02975619,903939300.41,1005.2787
878,2.4038,1.9181,1.9181,605.29,39685492.53,3699640.96,197803841.40,257217505.46,455021346.86,52701.61,3.65983427,0.00081884,0.02620292,0.01637682,0.01335195,0.02972878,903990002.02,1006.0345
879,2.4066,1.9178,1.9178,606.44,39691015.92,3699833.62,197845671.13,257228360.97,455074032.10,52685.24,3.65869711,0.00081870,0.02619846,0.01637404,0.01332737,0.02970141,904040687.26,1006.7902
880,2.4093,1.9176,1.9176,607.60,39696538.54,3700026.22,197887487.61,257239213.36,455126700.97,52668.87,3.65756034,0.00081856,0.02619400,0.01637125,0.01330283,0.02967408,904091356.13,1007.5458
881,2.4120,1.9173,1.9173,608.75,39702060.37,3700218.77,197929290.86,257250062.61,455179353.47,52652.50,3.65642395,0.00081842,0.02618954,0.01636846,0.01327833,0.02964680,904142008.63,1008.3013
882,2.4148,1.9170,1.9170,609.91,39707581.44,3700411.27,197971080.89,257260908.73,455231989.62,52636.15,3.65528795,0.00081828,0.02618508,0.01636568,0.01325389,0.02961956,904192644.78,1009.0567
883,2.4175,1.9168,1.9168,611.07,39713101.72,3700603.72,198012857.69,257271751.72,455284609.41,52619.79,3.65415232,0.00081814,0.02618063,0.01636289,0.01322948,0.02959237,904243264.57,1009.8120
884,2.4203,1.9165,1.9165,612.23,39718621.24,3700796.12,198054621.28,257282591.58,455337212.86,52603.45,3.65301709,0.00081801,0.02617617,0.01636011,0.01320512,0.02956523,904293868.02,1010.5671
885,2.4230,1.9162,1.9162,613.39,39724139.97,3700988.46,198096371.65,257293428.32,455389799.96,52587.10,3.65188223,0.00081787,0.02617172,0.01635732,0.01318080,0.02953813,904344455.12,1011.3221
886,2.4257,1.9160,1.9160,614.56,39729657.93,3701180.76,198138108.80,257304261.93,455442370.73,52570.77,3.65074776,0.00081773,0.02616726,0.01635454,0.01315653,0.02951107,904395025.89,1012.0770
887,2.4285,1.9157,1.9157,615.73,39735175.12,3701373.00,198179832.76,257315092.41,455494925.17,52554.44,3.64961367,0.00081759,0.02616281,0.01635176,0.01313231,0.02948406,904445580.33,1012.8318
888,2.4312,1.9154,1.9154,616.90,39740691.53,3701565.19,198221543.50,257325919.77,455547463.28,52538.11,3.64847996,0.00081745,0.02615836,0.01634898,0.01310812,0.02945710,904496118.44,1013.5864
889,2.4339,1.9152,1.9152,618.07,39746207.16,3701757.33,198263241.06,257336744.01,455599985.07,52521.79,3.64734663,0.00081731,0.02615391,0.01634619,0.01308399,0.02943018,904546640.23,1014.3409
890,2.4367,1.9149,1.9149,619.25,39751722.02,3701949.42,198304925.41,257347565.13,455652490.55,52505.48,3.64621369,0.00081717,0.02614946,0.01634341,0.01305989,0.02940331,904597145.71,1015.0953
891,2.4394,1.9146,1.9146,620.42,39757236.10,3702141.46,198346596.58,257358383.13,455704979.72,52489.17,3.64508113,0.00081703,0.02614501,0.01634063,0.01303584,0.02937648,904647634.88,1015.8496
892,2.4422,1.9143,1.9143,621.60,39762749.41,3702333.45,198388254.56,257369198.02,455757452.58,52472.86,3.64394895,0.00081689,0.02614057,0.01633785,0.01301184,0.02934969,904698107.74,1016.6037
893,2.4449,1.9141,1.9141,622.78,39768261.95,3702525.38,198429899.36,257380009.78,455809909.15,52456.57,3.64281715,0.00081675,0.02613612,0.01633507,0.01298788,0.02932295,904748564.31,1017.3577
894,2.4476,1.9138,1.9138,623.97,39773773.71,3702717.26,198471530.99,257390818.44,455862349.42,52440.27,3.64168574,0.00081661,0.02613167,0.01633230,0.01296396,0.02929625,904799004.58,1018.1116
895,2.4504,1.9135,1.9135,625.15,39779284.69,3702909.10,198513149.43,257401623.97,455914773.41,52423.99,3.64055470,0.00081648,0.02612723,0.01632952,0.01294008,0.02926960,904849428.57,1018.8654
896,2.4531,1.9133,1.9133,626.34,39784794.91,3703100.88,198554754.72,257412426.40,455967181.12,52407.71,3.63942405,0.00081634,0.02612279,0.01632674,0.01291625,0.02924299,904899836.28,1019.6190
897,2.4559,1.9130,1.9130,627.53,39790304.34,3703292.61,198596346.83,257423225.71,456019572.55,52391.43,3.63829378,0.00081620,0.02611834,0.01632396,0.01289247,0.02921643,904950227.71,1020.3724
898,2.4586,1.9127,1.9127,628.72,39795813.01,3703484.29,198637925.79,257434021.92,456071947.71,52375.16,3.63716389,0.00081606,0.02611390,0.01632119,0.01286872,0.02918991,905000602.87,1021.1258
899,2.4613,1.9125,1.9125,629.92,39801320.89,3703675.92,198679491.59,257444815.02,456124306.60,52358.90,3.63603438,0.00081592,0.02610946,0.01631841,0.01284502,0.02916343,905050961.76,1021.8790
900,2.4641,1.9122,1.9122,631.12,39806828.01,3703867.49,198721044.23,257455605.00,456176649.24,52342.64,3.63490525,0.00081578,0.02610502,0.01631564,0.01282137,0.02913700,905101304.40,1022.6321
901,2.4668,1.9119,1.9119,632.32,39812334.35,3704059.02,198762583.73,257466391.89,456228975.62,52326.38,3.63377650,0.00081564,0.02610058,0.01631286,0.01279775,0.02911062,905151630.78,1023.3850
902,2.4695,1.9117,1.9117,633.52,39817839.92,3704250.49,198804110.08,257477175.67,456281285.75,52310.13,3.63264813,0.00081550,0.02609614,0.01631009,0.01277418,0.02908427,905201940.91,1024.1378
903,2.4723,1.9114,1.9114,634.72,39823344.71,3704441.92,198845623.30,257487956.34,456333579.64,52293.89,3.63152014,0.00081537,0.02609171,0.01630732,0.01275066,0.02905797,905252234.80,1024.8904
904,2.4750,1.9111,1.9111,635.93,39828848.73,3704633.29,198887123.38,257498733.92,456385857.29,52277.65,3.63039254,0.00081523,0.02608727,0.01630454,0.01272717,0.02903172,905302512.46,1025.6429
905,2.4778,1.9108,1.9108,637.14,39834351.98,3704824.61,198928610.32,257509508.39,456438118.71,52261.42,3.62926531,0.00081509,0.02608284,0.01630177,0.01270373,0.02900550,905352773.88,1026.3953
906,2.4805,1.9106,1.9106,638.35,39839854.45,3705015.88,198970084.14,257520279.76,456490363.91,52245.19,3.62813846,0.00081495,0.02607840,0.01629900,0.01268033,0.02897933,905403019.07,1027.1475
907,2.4832,1.9103,1.9103,639.56,39845356.15,3705207.10,199011544.84,257531048.04,456542592.88,52228.97,3.62701199,0.00081481,0.02607397,0.01629623,0.01265698,0.02895321,905453248.04,1027.8996
908,2.4860,1.9100,1.9100,640.78,39850857.08,3705398.27,199052992.42,257541813.22,456594805.64,52212.76,3.62588590,0.00081467,0.02606954,0.01629346,0.01263367,0.02892713,905503460.80,1028.6516
909,2.4887,1.9098,1.9098,642.00,39856357.23,3705589.38,199094426.88,257552575.30,456647002.18,52196.55,3.62476020,0.00081453,0.02606511,0.01629069,0.01261040,0.02890109,905553657.35,1029.4033
910,2.4914,1.9095,1.9095,643.22,39861856.61,3705780.45,199135848.23,257563334.29,456699182.53,52180.34,3.62363487,0.00081440,0.02606068,0.01628792,0.01258717,0.02887509,905603837.69,1030.1550
911,2.4942,1.9092,1.9092,644.44,39867355.22,3705971.47,199177256.48,257574090.19,456751346.67,52164.14,3.62250991,0.00081426,0.02605625,0.01628515,0.01256398,0.02884914,905654001.83,1030.9065
912,2.4969,1.9090,1.9090,645.66,39872853.06,3706162.43,199218651.62,257584843.00,456803494.62,52147.95,3.62138534,0.00081412,0.02605182,0.01628239,0.01254084,0.02882323,905704149.78,1031.6578
913,2.4997,1.9087,1.9087,646.89,39878350.12,3706353.34,199260033.67,257595592.71,456855626.38,52131.76,3.62026115,0.00081398,0.02604739,0.01627962,0.01251774,0.02879736,905754281.54,1032.4090
914,2.5024,1.9084,1.9084,648.12,39883846.41,3706544.21,199301402.62,257606339.34,456907741.96,52115.58,3.61913734,0.00081384,0.02604297,0.01627685,0.01249468,0.02877154,905804397.12,1033.1601
915,2.5051,1.9082,1.9082,649.35,39889341.93,3706735.02,199342758.48,257617082.88,456959841.36,52099.40,3.61801390,0.00081370,0.02603854,0.01627409,0.01247167,0.02874576,905854496.52,1033.9110
916,2.5079,1.9079,1.9079,650.59,39894836.67,3706925.78,199384101.25,257627823.33,457011924.59,52083.23,3.61689084,0.00081357,0.02603412,0.01627132,0.01244870,0.02872002,905904579.75,1034.6617
917,2.5106,1.9076,1.9076,651.82,39900330.65,3707116.49,199425430.94,257638560.70,457063991.65,52067.06,3.61576816,0.00081343,0.02602969,0.01626856,0.01242576,0.02869432,905954646.81,1035.4123
918,2.5133,1.9074,1.9074,653.06,39905823.85,3707307.15,199466747.56,257649294.99,457116042.55,52050.90,3.61464586,0.00081329,0.02602527,0.01626579,0.01240288,0.02866867,906004697.71,1036.1627
919,2.5161,1.9071,1.9071,654.30,39911316.28,3707497.76,199508051.10,257660026.19,457168077.29,52034.74,3.61352394,0.00081315,0.02602085,0.01626303,0.01238003,0.02864306,906054732.45,1036.9130
920,2.5188,1.9068,1.9068,655.55,39916807.94,3707688.32,199549341.57,257670754.31,457220095.89,52018.59,3.61240239,0.00081301,0.02601643,0.01626027,0.01235722,0.02861749,906104751.05,1037.6631
921,2.5216,1.9066,1.9066,656.79,39922298.82,3707878.83,199590618.98,257681479.36,457272098.34,52002.45,3.61128123,0.00081288,0.02601201,0.01625751,0.01233446,0.02859197,906154753.50,1038.4131
922,2.5243,1.9063,1.9063,658.04,39927788.94,3708069.28,199631883.33,257692201.32,457324084.65,51986.31,3.61016044,0.00081274,0.02600759,0.01625474,0.01231174,0.02856648,906204739.81,1039.1629
923,2.5270,1.9060,1.9060,659.29,39933278.28,3708259.69,199673134.62,257702920.21,457376054.82,51970.18,3.60904002,0.00081260,0.02600317,0.01625198,0.01228906,0.02854104,906254709.99,1039.9125
924,2.5298,1.9058,1.9058,660.55,39938766.85,3708450.04,199714372.85,257713636.02,457428008.87,51954.05,3.60791999,0.00081246,0.02599876,0.01624922,0.01226642,0.02851564,906304664.03,1040.6620
925,2.5325,1.9055,1.9055,661.80,39944254.66,3708640.35,199755598.04,257724348.76,457479946.80,51937.92,3.60680033,0.00081232,0.02599434,0.01624646,0.01224382,0.02849028,906354601.96,1041.4113
926,2.5352,1.9052,1.9052,663.06,39949741.69,3708830.60,199796810.18,257735058.42,457531868.60,51921.81,3.60568105,0.00081219,0.02598993,0.01624370,0.01222126,0.02846497,906404523.76,1042.1604
927,2.5380,1.9050,1.9050,664.32,39955227.94,3709020.81,199838009.29,257745765.01,457583774.30,51905.69,3.60456214,0.00081205,0.02598551,0.01624095,0.01219875,0.02843970,906454429.46,1042.9094
928,2.5407,1.9047,1.9047,665.58,39960713.43,3709210.96,199879195.35,257756468.53,457635663.89,51889.59,3.60344362,0.00081191,0.02598110,0.01623819,0.01217628,0.02841446,906504319.05,1043.6583
929,2.5435,1.9044,1.9044,666.85,39966198.15,3709401.06,199920368.39,257767168.99,457687537.37,51873.49,3.60232546,0.00081177,0.02597669,0.01623543,0.01215384,0.02838927,906554192.53,1044.4069
930,2.5462,1.9041,1.9041,668.12,39971682.10,3709591.11,199961528.39,257777866.37,457739394.76,51857.39,3.60120769,0.00081163,0.02597228,0.01623267,0.01213145,0.02836413,906604049.93,1045.1554
931,2.5489,1.9039,1.9039,669.39,39977165.27,3709781.12,200002675.37,257788560.69,457791236.06,51841.30,3.60009029,0.00081150,0.02596787,0.01622992,0.01210910,0.02833902,906653891.23,1045.9037
932,2.5517,1.9036,1.9036,670.66,39982647.68,3709971.07,200043809.34,257799251.94,457843061.28,51825.22,3.59897327,0.00081136,0.02596346,0.01622716,0.01208679,0.02831396,906703716.44,1046.6519
933,2.5544,1.9033,1.9033,671.93,39988129.31,3710160.97,200084930.28,257809940.13,457894870.41,51809.14,3.59785662,0.00081122,0.02595905,0.01622441,0.01206453,0.02828893,906753525.58,1047.3999
934,2.5572,1.9031,1.9031,673.21,39993610.18,3710350.82,200126038.22,257820625.25,457946663.47,51793.06,3.59674035,0.00081108,0.02595464,0.01622165,0.01204230,0.02826395,906803318.64,1048.1477
935,2.5599,1.9028,1.9028,674.49,39999090.27,3710540.62,200167133.15,257831307.32,457998440.47,51776.99,3.59562445,0.00081094,0.02595024,0.01621890,0.01202011,0.02823901,906853095.63,1048.8953
936,2.5626,1.9025,1.9025,675.77,40004569.59,3710730.37,200208215.07,257841986.32,458050201.39,51760.93,3.59450893,0.00081081,0.02594583,0.01621615,0.01199796,0.02821411,906902856.56,1049.6428
937,2.5654,1.9023,1.9023,677.06,40010048.15,3710920.06,200249284.00,257852662.27,458101946.27,51744.87,3.59339379,0.00081067,0.02594143,0.01621339,0.01197586,0.02818925,906952601.43,1050.3901
938,2.5681,1.9020,1.9020,678.34,40015525.93,3711109.71,200290339.93,257863335.16,458153675.08,51728.82,3.59227902,0.00081053,0.02593703,0.01621064,0.01195379,0.02816443,907002330.25,1051.1372
939,2.5708,1.9017,1.9017,679.63,40021002.95,3711299.31,200331382.87,257874004.99,458205387.85,51712.77,3.59116463,0.00081039,0.02593262,0.01620789,0.01193177,0.02813966,907052043.02,1051.8841
940,2.5736,1.9015,1.9015,680.93,40026479.19,3711488.86,200372412.82,257884671.76,458257084.58,51696.73,3.59005061,0.00081026,0.02592822,0.01620514,0.01190978,0.02811492,907101739.75,1052.6309
941,2.5763,1.9012,1.9012,682.22,40031954.67,3711678.36,200413429.79,257895335.49,458308765.28,51680.69,3.58893696,0.00081012,0.02592382,0.01620239,0.01188784,0.02809023,907151420.44,1053.3775
942,2.5791,1.9009,1.9009,683.52,40037429.37,3711867.80,200454433.78,257905996.16,458360429.94,51664.66,3.58782369,0.00080998,0.02591942,0.01619964,0.01186593,0.02806557,907201085.10,1054.1239
943,2.5818,1.9007,1.9007,684.82,40042903.31,3712057.20,200495424.80,257916653.78,458412078.57,51648.64,3.58671080,0.00080984,0.02591503,0.01619689,0.01184407,0.02804096,907250733.73,1054.8701
944,2.5845,1.9004,1.9004,686.12,40048376.48,3712246.55,200536402.84,257927308.35,458463711.19,51632.62,3.58559828,0.00080971,0.02591063,0.01619414,0.01182225,0.02801639,907300366.35,1055.6161
945,2.5873,1.9001,1.9001,687.42,40053848.88,3712435.84,200577367.92,257937959.87,458515327.79,51616.60,3.58448613,0.00080957,0.02590623,0.01619140,0.01180046,0.02799186,907349982.95,1056.3620
946,2.5900,1.8999,1.8999,688.73,40059320.51,3712625.09,200618320.04,257948608.34,458566928.38,51600.59,3.58337436,0.00080943,0.02590184,0.01618865,0.01177872,0.02796737,907399583.54,1057.1077
947,2.5927,1.8996,1.8996,690.04,40064791.37,3712814.28,200659259.20,257959253.77,458618512.96,51584.59,3.58226296,0.00080930,0.02589744,0.01618590,0.01175701,0.02794292,907449168.13,1057.8532
948,2.5955,1.8993,1.8993,691.35,40070261.46,3713003.43,200700185.40,257969896.15,458670081.55,51568.59,3.58115193,0.00080916,0.02589305,0.01618316,0.01173535,0.02791851,907498736.72,1058.5985
949,2.5982,1.8991,1.8991,692.66,40075730.78,3713192.53,200741098.66,257980535.49,458721634.15,51552.59,3.58004128,0.00080902,0.02588866,0.01618041,0.01171373,0.02789414,907548289.31,1059.3436
950,2.6010,1.8988,1.8988,693.98,40081199.34,3713381.57,200781998.97,257991171.79,458773170.75,51536.61,3.57893100,0.00080888,0.02588426,0.01617767,0.01169214,0.02786981,907597825.92,1060.0885
951,2.6037,1.8985,1.8985,695.30,40086667.12,3713570.57,200822886.34,258001805.04,458824691.38,51520.62,3.57782110,0.00080875,0.02587987,0.01617492,0.01167059,0.02784552,907647346.54,1060.8333
952,2.6064,1.8983,1.8983,696.62,40092134.14,3713759.51,200863760.77,258012435.26,458876196.02,51504.65,3.57671157,0.00080861,0.02587548,0.01617218,0.01164909,0.02782127,907696851.19,1061.5779
953,2.6092,1.8980,1.8980,697.95,40097600.39,3713948.41,200904622.26,258023062.44,458927684.70,51488.67,3.57560241,0.00080847,0.02587110,0.01616943,0.01162762,0.02779706,907746339.86,1062.3222
954,2.6119,1.8977,1.8977,699.27,40103065.87,3714137.25,200945470.83,258033686.58,458979157.41,51472.71,3.57449362,0.00080833,0.02586671,0.01616669,0.01160619,0.02777289,907795812.57,1063.0664
955,2.6146,1.8975,1.8975,700.60,40108530.59,3714326.05,200986306.47,258044307.68,459030614.15,51456.75,3.57338521,0.00080820,0.02586232,0.01616395,0.01158481,0.02774876,907845269.32,1063.8104
956,2.6174,1.8972,1.8972,701.93,40113994.53,3714514.79,201027129.19,258054925.75,459082054.94,51440.79,3.57227717,0.00080806,0.02585793,0.01616121,0.01156346,0.02772467,907894710.11,1064.5542
957,2.6201,1.8969,1.8969,703.27,40119457.71,3714703.49,201067938.99,258065540.79,459133479.79,51424.84,3.57116950,0.00080792,0.02585355,0.01615847,0.01154215,0.02770061,907944134.95,1065.2978
958,2.6229,1.8967,1.8967,704.60,40124920.12,3714892.13,201108735.88,258076152.80,459184888.68,51408.90,3.57006221,0.00080779,0.02584917,0.01615573,0.01152088,0.02767660,907993543.84,1066.0412
959,2.6256,1.8964,1.8964,705.94,40130381.76,3715080.73,201149519.87,258086761.77,459236281.64,51392.96,3.56895529,0.00080765,0.02584478,0.01615299,0.01149964,0.02765263,908042936.80,1066.7844
960,2.6283,1.8961,1.8961,707.29,40135842.64,3715269.27,201190290.94,258097367.72,459287658.66,51377.02,3.56784874,0.00080751,0.02584040,0.01615025,0.01147845,0.02762870,908092313.82,1067.5274
961,2.6311,1.8959,1.8959,708.63,40141302.75,3715457.77,201231049.12,258107970.64,459339019.75,51361.09,3.56674256,0.00080738,0.02583602,0.01614751,0.01145730,0.02760481,908141674.92,1068.2702
962,2.6338,1.8956,1.8956,709.98,40146762.09,3715646.21,201271794.40,258118570.53,459390364.92,51345.17,3.56563675,0.00080724,0.02583164,0.01614477,0.01143618,0.02758095,908191020.08,1069.0128
963,2.6366,1.8953,1.8953,711.33,40152220.66,3715834.61,201312526.78,258129167.39,459441694.17,51329.25,3.56453131,0.00080710,0.02582726,0.01614204,0.01141510,0.02755714,908240349.34,1069.7553
964,2.6393,1.8951,1.8951,712.68,40157678.47,3716022.95,201353246.28,258139761.23,459493007.51,51313.34,3.56342625,0.00080697,0.02582288,0.01613930,0.01139407,0.02753337,908289662.67,1070.4975
965,2.6420,1.8948,1.8948,714.03,40163135.51,3716211.25,201393952.89,258150352.05,459544304.94,51297.43,3.56232156,0.00080683,0.02581850,0.01613657,0.01137307,0.02750963,908338960.10,1071.2395
966,2.6448,1.8945,1.8945,715.39,40168591.78,3716399.49,201434646.62,258160939.85,459595586.47,51281.53,3.56121724,0.00080669,0.02581413,0.01613383,0.01135210,0.02748593,908388241.63,1071.9813
967,2.6475,1.8943,1.8943,716.75,40174047.28,3716587.69,201475327.48,258171524.62,459646852.10,51265.63,3.56011329,0.00080655,0.02580975,0.01613110,0.01133118,0.02746228,908437507.26,1072.7229
968,2.6502,1.8940,1.8940,718.11,40179502.02,3716775.84,201515995.46,258182106.38,459698101.84,51249.74,3.55900971,0.00080642,0.02580538,0.01612836,0.01131030,0.02743866,908486757.00,1073.4643
969,2.6530,1.8937,1.8937,719.48,40184956.00,3716963.93,201556650.58,258192685.12,459749335.69,51233.85,3.55790650,0.00080628,0.02580101,0.01612563,0.01128945,0.02741508,908535990.86,1074.2055
970,2.6557,1.8935,1.8935,720.85,40190409.20,3717151.98,201597292.83,258203260.84,459800553.67,51217.97,3.55680366,0.00080614,0.02579663,0.01612290,0.01126864,0.02739154,908585208.83,1074.9465
971,2.6585,1.8932,1.8932,722.22,40195861.64,3717339.98,201637922.22,258213833.54,459851755.76,51202.10,3.55570119,0.00080601,0.02579226,0.01612016,0.01124787,0.02736804,908634410.93,1075.6873
972,2.6612,1.8929,1.8929,723.59,40201313.32,3717527.92,201678538.76,258224403.23,459902941.99,51186.23,3.55459910,0.00080587,0.02578789,0.01611743,0.01122714,0.02734457,908683597.15,1076.4279
973,2.6639,1.8927,1.8927,724.96,40206764.23,3717715.82,201719142.44,258234969.91,459954112.35,51170.36,3.55349737,0.00080574,0.02578352,0.01611470,0.01120645,0.02732115,908732767.52,1077.1682
974,2.6667,1.8924,1.8924,726.34,40212214.37,3717903.67,201759733.27,258245533.58,460005266.86,51154.50,3.55239601,0.00080560,0.02577915,0.01611197,0.01118579,0.02729776,908781922.02,1077.9084
975,2.6694,1.8921,1.8921,727.72,40217663.74,3718091.47,201800311.27,258256094.24,460056405.50,51138.65,3.55129503,0.00080546,0.02577478,0.01610924,0.01116517,0.02727441,908831060.67,1078.6483
976,2.6721,1.8919,1.8919,729.11,40223112.35,3718279.22,201840876.42,258266651.89,460107528.30,51122.80,3.55019441,0.00080533,0.02577042,0.01610651,0.01114459,0.02725110,908880183.47,1079.3881
977,2.6749,1.8916,1.8916,730.49,40228560.20,3718466.92,201881428.73,258277206.53,460158635.26,51106.96,3.54909416,0.00080519,0.02576605,0.01610378,0.01112405,0.02722783,908929290.42,1080.1276
978,2.6776,1.8913,1.8913,731.88,40234007.28,3718654.56,201921968.22,258287758.16,460209726.38,51091.12,3.54799428,0.00080505,0.02576169,0.01610105,0.01110354,0.02720460,908978381.54,1080.8669
979,2.6804,1.8911,1.8911,733.27,40239453.59,3718842.16,201962494.87,258298306.79,460260801.66,51075.28,3.54689477,0.00080492,0.02575732,0.01609833,0.01108308,0.02718140,909027456.82,1081.6060
980,2.6831,1.8908,1.8908,734.66,40244899.14,3719029.71,202003008.71,258308852.41,460311861.12,51059.46,3.54579564,0.00080478,0.02575296,0.01609560,0.01106265,0.02715825,909076516.28,1082.3448
981,2.6858,1.8905,1.8905,736.06,40250343.92,3719217.21,202043509.72,258319395.03,460362904.75,51043.63,3.54469687,0.00080464,0.02574860,0.01609287,0.01104225,0.02713513,909125559.92,1083.0835
982,2.6886,1.8903,1.8903,737.46,40255787.94,3719404.67,202083997.92,258329934.65,460413932.57,51027.82,3.54359846,0.00080451,0.02574424,0.01609015,0.01102190,0.02711205,909174587.73,1083.8219
983,2.6913,1.8900,1.8900,738.86,40261231.19,3719592.07,202124473.31,258340471.27,460464944.58,51012.01,3.54250043,0.00080437,0.02573988,0.01608742,0.01100158,0.02708900,909223599.74,1084.5602
984,2.6940,1.8898,1.8898,740.27,40266673.68,3719779.42,202164935.89,258351004.89,460515940.78,50996.20,3.54140277,0.00080423,0.02573552,0.01608470,0.01098130,0.02706600,909272595.94,1085.2982
985,2.6968,1.8895,1.8895,741.67,40272115.41,3719966.72,202205385.66,258361535.51,460566921.18,50980.40,3.54030547,0.00080410,0.02573116,0.01608197,0.01096106,0.02704303,909321576.34,1086.0360
986,2.6995,1.8892,1.8892,743.08,40277556.37,3720153.98,202245822.64,258372063.14,460617885.78,50964.60,3.53920855,0.00080396,0.02572680,0.01607925,0.01094085,0.02702010,909370540.94,1086.7735
987,2.7023,1.8890,1.8890,744.50,40282996.56,3720341.18,202286246.82,258382587.77,460668834.59,50948.81,3.53811199,0.00080383,0.02572244,0.01607653,0.01092068,0.02699721,909419489.75,1087.5108
988,2.7050,1.8887,1.8887,745.91,40288435.99,3720528.33,202326658.21,258393109.41,460719767.62,50933.03,3.53701580,0.00080369,0.02571809,0.01607381,0.01090055,0.02697436,909468422.78,1088.2480
989,2.7077,1.8884,1.8884,747.33,40293874.65,3720715.44,202367056.82,258403628.05,460770684.87,50917.25,3.53591998,0.00080355,0.02571373,0.01607108,0.01088045,0.02695154,909517340.03,1088.9848
990,2.7105,1.8882,1.8882,748.75,40299312.56,3720902.49,202407442.64,258414143.70,460821586.34,50901.47,3.53482452,0.00080342,0.02570938,0.01606836,0.01086040,0.02692876,909566241.50,1089.7215
991,2.7132,1.8879,1.8879,750.17,40304749.69,3721089.50,202447815.68,258424656.36,460872472.04,50885.70,3.53372943,0.00080328,0.02570503,0.01606564,0.01084037,0.02690602,909615127.21,1090.4579
992,2.7159,1.8876,1.8876,751.60,40310186.07,3721276.46,202488175.95,258435166.04,460923341.98,50869.94,3.53263471,0.00080315,0.02570068,0.01606292,0.01082039,0.02688331,909663997.15,1091.1942
993,2.7187,1.8874,1.8874,753.03,40315621.68,3721463.37,202528523.45,258445672.72,460974196.17,50854.18,3.53154036,0.00080301,0.02569633,0.01606020,0.01080044,0.02686064,909712851.33,1091.9301
994,2.7214,1.8871,1.8871,754.46,40321056.52,3721650.22,202568858.17,258456176.42,461025034.59,50838.43,3.53044638,0.00080287,0.02569198,0.01605748,0.01078053,0.02683801,909761689.76,1092.6659
995,2.7242,1.8868,1.8868,755.89,40326490.60,3721837.03,202609180.14,258466677.13,461075857.27,50822.68,3.52935276,0.00080274,0.02568763,0.01605477,0.01076065,0.02681542,909810512.44,1093.4014
996,2.7269,1.8866,1.8866,757.33,40331923.92,3722023.79,202649489.35,258477174.86,461126664.21,50806.94,3.52825951,0.00080260,0.02568328,0.01605205,0.01074081,0.02679286,909859319.37,1094.1367
997,2.7296,1.8863,1.8863,758.77,40337356.47,3722210.50,202689785.80,258487669.61,461177455.41,50791.20,3.52716663,0.00080247,0.02567893,0.01604933,0.01072101,0.02677034,909908110.57,1094.8718
998,2.7324,1.8860,1.8860,760.21,40342788.27,3722397.17,202730069.51,258498161.37,461228230.88,50775.47,3.52607411,0.00080233,0.02567459,0.01604662,0.01070124,0.02674786,909956886.04,1095.6066
999,2.7351,1.8858,1.8858,761.66,40348219.29,3722583.78,202770340.46,258508650.15,461278990.62,50759.74,3.52498196,0.00080220,0.02567024,0.01604390,0.01068151,0.02672541,910005645.78,1096.3412
1000,2.7379,1.8855,1.8855,763.10,40353649.56,3722770.34,202810598.68,258519135.96,461329734.64,50744.02,3.52389018,0.00080206,0.02566590,0.01604118,0.01066182,0.02670301,910054389.80,1097.0755
1001,2.7406,1.8852,1.8852,764.56,40359079.06,3722956.85,202850844.15,258529618.79,461380462.94,50728.30,3.52279876,0.00080192,0.02566155,0.01603847,0.01064216,0.02668063,910103118.10,1097.8097
1002,2.7433,1.8850,1.8850,766.01,40364507.80,3723143.32,202891076.89,258540098.64,461431175.53,50712.59,3.52170771,0.00080179,0.02565721,0.01603576,0.01062254,0.02665830,910151830.69,1098.5436
1003,2.7461,1.8847,1.8847,767.46,40369935.78,3723329.73,202931296.90,258550575.51,461481872.41,50696.89,3.52061702,0.00080165,0.02565287,0.01603304,0.01060295,0.02663600,910200527.58,1099.2772
1004,2.7488,1.8844,1.8844,768.92,40375362.99,3723516.10,202971504.18,258561049.41,461532553.60,50681.18,3.51952670,0.00080152,0.02564853,0.01603033,0.01058340,0.02661373,910249208.76,1100.0106
1005,2.7515,1.8842,1.8842,770.38,40380789.44,3723702.42,203011698.74,258571520.34,461583219.09,50665.49,3.51843675,0.00080138,0.02564419,0.01602762,0.01056389,0.02659151,910297874.25,1100.7438
1006,2.7543,1.8839,1.8839,771.85,40386215.13,3723888.69,203051880.59,258581988.30,461633868.89,50649.80,3.51734716,0.00080125,0.02563985,0.01602491,0.01054441,0.02656932,910346524.05,1101.4767
1007,2.7570,1.8837,1.8837,773.32,40391640.05,3724074.91,203092049.72,258592453.29,461684503.00,50634.11,3.51625794,0.00080111,0.02563551,0.01602220,0.01052497,0.02654716,910395158.16,1102.2094
1008,2.7598,1.8834,1.8834,774.79,40397064.22,3724261.08,203132206.13,258602915.30,461735121.44,50618.43,3.51516908,0.00080097,0.02563118,0.01601948,0.01050556,0.02652505,910443776.60,1102.9418
1009,2.7625,1.8831,1.8831,776.26,40402487.62,3724447.20,203172349.84,258613374.35,461785724.20,50602.76,3.51408059,0.00080084,0.02562684,0.01601678,0.01048619,0.02650297,910492379.36,1103.6741
1010,2.7652,1.8829,1.8829,777.73,40407910.26,3724633.27,203212480.85,258623830.43,461836311.29,50587.09,3.51299246,0.00080070,0.02562251,0.01601407,0.01046685,0.02648092,910540966.45,1104.4060
1011,2.7680,1.8826,1.8826,779.21,40413332.13,3724819.29,203252599.16,258634283.55,461886882.71,50571.43,3.51190470,0.00080057,0.02561817,0.01601136,0.01044755,0.02645891,910589537.88,1105.1377
1012,2.7707,1.8823,1.8823,780.69,40418753.25,3725005.27,203292704.78,258644733.70,461937438.48,50555.77,3.51081730,0.00080043,0.02561384,0.01600865,0.01042829,0.02643694,910638093.65,1105.8692
1013,2.7734,1.8821,1.8821,782.18,40424173.60,3725191.19,203332797.71,258655180.89,461987978.60,50540.12,3.50973027,0.00080030,0.02560951,0.01600594,0.01040906,0.02641500,910686633.76,1106.6004
1014,2.7762,1.8818,1.8818,783.66,40429593.19,3725377.07,203372877.95,258665625.12,462038503.07,50524.47,3.50864360,0.00080016,0.02560518,0.01600323,0.01038986,0.02639310,910735158.23,1107.3314
1015,2.7789,1.8815,1.8815,785.15,40435012.02,3725562.90,203412945.50,258676066.39,462089011.89,50508.83,3.50755730,0.00080003,0.02560085,0.01600053,0.01037070,0.02637123,910783667.06,1108.0621
1016,2.7817,1.8813,1.8813,786.65,40440430.09,3725748.68,203453000.38,258686504.70,462139505.08,50493.19,3.50647136,0.00079989,0.02559652,0.01599782,0.01035158,0.02634940,910832160.24,1108.7926
1017,2.7844,1.8810,1.8810,788.14,40445847.40,3725934.41,203493042.59,258696940.05,462189982.64,50477.56,3.50538578,0.00079976,0.02559219,0.01599512,0.01033249,0.02632761,910880637.80,1109.5228
1018,2.7871,1.8807,1.8807,789.64,40451263.94,3726120.09,203533072.12,258707372.44,462240444.56,50461.93,3.50430057,0.00079962,0.02558786,0.01599241,0.01031344,0.02630585,910929099.73,1110.2528
1019,2.7899,1.8805,1.8805,791.14,40456679.73,3726305.72,203573088.99,258717801.88,462290890.87,50446.31,3.50321572,0.00079949,0.02558353,0.01598971,0.01029442,0.02628413,910977546.03,1110.9825
1020,2.7926,1.8802,1.8802,792.65,40462094.75,3726491.30,203613093.20,258728228.36,462341321.56,50430.69,3.50213124,0.00079935,0.02557921,0.01598701,0.01027543,0.02626244,911025976.72,1111.7120
1021,2.7953,1.8800,1.8800,794.15,40467509.02,3726676.84,203653084.75,258738651.89,462391736.64,50415.08,3.50104711,0.00079922,0.02557488,0.01598430,0.01025648,0.02624079,911074391.80,1112.4412
1022,2.7981,1.8797,1.8797,795.66,40472922.52,3726862.32,203693063.64,258749072.47,462442136.11,50399.47,3.49996336,0.00079908,0.02557056,0.01598160,0.01023757,0.02621917,911122791.27,1113.1702
1023,2.8008,1.8794,1.8794,797.17,40478335.26,3727047.76,203733029.88,258759490.10,462492519.98,50383.87,3.49887996,0.00079894,0.02556624,0.01597890,0.01021869,0.02619759,911171175.14,1113.8989
1024,2.8036,1.8792,1.8792,798.69,40483747.24,3727233.15,203772983.48,258769904.78,462542888.26,50368.28,3.49779693,0.00079881,0.02556192,0.01597620,0.01019984,0.02617604,911219543.42,1114.6273
1025,2.8063,1.8789,1.8789,800.21,40489158.46,3727418.49,203812924.44,258780316.51,462593240.94,50352.69,3.49671426,0.00079867,0.02555760,0.01597350,0.01018103,0.02615453,911267896.11,1115.3555
1026,2.8090,1.8786,1.8786,801.73,40494568.92,3727603.78,203852852.76,258790725.29,462643578.04,50337.10,3.49563196,0.00079854,0.02555328,0.01597080,0.01016226,0.02613305,911316233.21,1116.0835
1027,2.8118,1.8784,1.8784,803.25,40499978.62,3727789.02,203892768.44,258801131.12,462693899.56,50321.52,3.49455002,0.00079840,0.02554896,0.01596810,0.01014351,0.02611161,911364554.73,1116.8112
1028,2.8145,1.8781,1.8781,804.78,40505387.56,3727974.22,203932671.49,258811534.02,462744205.51,50305.95,3.49346844,0.00079827,0.02554464,0.01596540,0.01012481,0.02609020,911412860.67,1117.5386
1029,2.8172,1.8778,1.8778,806.31,40510795.74,3728159.36,203972561.92,258821933.97,462794495.88,50290.38,3.49238722,0.00079814,0.02554032,0.01596270,0.01010613,0.02606883,911461151.05,1118.2657
1030,2.8200,1.8776,1.8776,807.84,40516203.16,3728344.46,204012439.72,258832330.97,462844770.70,50274.81,3.49130636,0.00079800,0.02553601,0.01596000,0.01008749,0.02604750,911509425.86,1118.9926
1031,2.8227,1.8773,1.8773,809.38,40521609.82,3728529.51,204052304.91,258842725.04,462895029.95,50259.25,3.49022587,0.00079787,0.02553169,0.01595731,0.01006889,0.02602619,911557685.11,1119.7192
1032,2.8255,1.8770,1.8770,810.92,40527015.72,3728714.50,204092157.48,258853116.17,462945273.65,50243.70,3.48914574,0.00079773,0.02552738,0.01595461,0.01005032,0.02600493,911605928.81,1120.4456
1033,2.8282,1.8768,1.8768,812.46,40532420.86,3728899.46,204131997.44,258863504.35,462995501.80,50228.15,3.48806597,0.00079760,0.02552306,0.01595191,0.01003178,0.02598369,911654156.96,1121.1717
1034,2.8309,1.8765,1.8765,814.00,40537825.24,3729084.36,204171824.80,258873889.60,463045714.40,50212.61,3.48698656,0.00079746,0.02551875,0.01594922,0.01001328,0.02596250,911702369.57,1121.8976
1035,2.8337,1.8763,1.8763,815.55,40543228.86,3729269.21,204211639.55,258884271.92,463095911.47,50197.07,3.48590752,0.00079733,0.02551444,0.01594652,0.00999481,0.02594133,911750566.64,1122.6231
1036,2.8364,1.8760,1.8760,817.10,40548631.72,3729454.02,204251441.71,258894651.30,463146093.01,50181.54,3.48482883,0.00079719,0.02551013,0.01594383,0.00997637,0.02592020,911798748.17,1123.3484
1037,2.8392,1.8757,1.8757,818.65,40554033.83,3729638.77,204291231.27,258905027.75,463196259.01,50166.01,3.48375051,0.00079706,0.02550582,0.01594114,0.00995797,0.02589911,911846914.18,1124.0735
1038,2.8419,1.8755,1.8755,820.21,40559435.17,3729823.48,204331008.24,258915401.26,463246409.50,50150.48,3.48267255,0.00079692,0.02550151,0.01593844,0.00993960,0.02587805,911895064.66,1124.7982
1039,2.8446,1.8752,1.8752,821.77,40564835.76,3730008.14,204370772.62,258925771.84,463296544.47,50134.97,3.48159495,0.00079679,0.02549720,0.01593575,0.00992127,0.02585702,911943199.63,1125.5227
1040,2.8474,1.8749,1.8749,823.33,40570235.58,3730192.75,204410524.43,258936139.50,463346663.92,50119.45,3.48051771,0.00079665,0.02549290,0.01593306,0.00990297,0.02583603,911991319.08,1126.2470
1041,2.8501,1.8747,1.8747,824.89,40575634.65,3730377.32,204450263.65,258946504.22,463396767.87,50103.95,3.47944083,0.00079652,0.02548859,0.01593037,0.00988470,0.02581507,912039423.03,1126.9709
1042,2.8528,1.8744,1.8744,826.46,40581032.96,3730561.83,204489990.30,258956866.02,463446856.32,50088.45,3.47836431,0.00079638,0.02548428,0.01592768,0.00986647,0.02579415,912087511.48,1127.6946
1043,2.8556,1.8741,1.8741,828.03,40586430.51,3730746.30,204529704.38,258967224.89,463496929.27,50072.95,3.47728815,0.00079625,0.02547998,0.01592499,0.00984827,0.02577326,912135584.43,1128.4180
1044,2.8583,1.8739,1.8739,829.61,40591827.30,3730930.71,204569405.89,258977580.83,463546986.72,50057.46,3.47621235,0.00079611,0.02547568,0.01592230,0.00983010,0.02575240,912183641.89,1129.1411
1045,2.8611,1.8736,1.8736,831.18,40597223.33,3731115.08,204609094.84,258987933.85,463597028.69,50041.97,3.47513691,0.00079598,0.02547137,0.01591961,0.00981197,0.02573158,912231683.86,1129.8640
1046,2.8638,1.8734,1.8734,832.76,40602618.61,3731299.41,204648771.23,258998283.95,463647055.18,50026.49,3.47406184,0.00079585,0.02546707,0.01591692,0.00979387,0.02571079,912279710.35,1130.5866
1047,2.8665,1.8731,1.8731,834.35,40608013.12,3731483.68,204688435.07,259008631.13,463697066.20,50011.01,3.47298712,0.00079571,0.02546277,0.01591423,0.00977580,0.02569004,912327721.36,1131.3089
1048,2.8693,1.8728,1.8728,835.93,40613406.88,3731667.90,204728086.36,259018975.38,463747061.74,49995.54,3.47191276,0.00079558,0.02545847,0.01591155,0.00975777,0.02566932,912375716.91,1132.0309
1049,2.8720,1.8726,1.8726,837.52,40618799.88,3731852.08,204767725.10,259029316.72,463797041.82,49980.08,3.47083876,0.00079544,0.02545418,0.01590886,0.00973977,0.02564863,912423696.98,1132.7527
1050,2.8747,1.8723,1.8723,839.11,40624192.12,3732036.21,204807351.30,259039655.14,463847006.44,49964.62,3.46976512,0.00079531,0.02544988,0.01590617,0.00972180,0.02562798,912471661.60,1133.4741
1051,2.8775,1.8720,1.8720,840.71,40629583.61,3732220.29,204846964.96,259049990.65,463896955.60,49949.16,3.46869185,0.00079517,0.02544558,0.01590349,0.00970387,0.02560736,912519610.76,1134.1953
1052,2.8802,1.8718,1.8718,842.31,40634974.34,3732404.32,204886566.08,259060323.23,463946889.31,49933.71,3.46761893,0.00079504,0.02544129,0.01590080,0.00968597,0.02558677,912567544.48,1134.9162
1053,2.8830,1.8715,1.8715,843.91,40640364.31,3732588.30,204926154.67,259070652.91,463996807.58,49918.27,3.46654636,0.00079491,0.02543699,0.01589812,0.00966810,0.02556622,912615462.74,1135.6369
1054,2.8857,1.8713,1.8713,845.51,40645753.52,3732772.24,204965730.74,259080979.67,464046710.41,49902.83,3.46547416,0.00079477,0.02543270,0.01589544,0.00965026,0.02554570,912663365.57,1136.3572
1055,2.8884,1.8710,1.8710,847.12,40651141.98,3732956.13,205005294.29,259091303.52,464096597.80,49887.39,3.46440232,0.00079464,0.02542840,0.01589275,0.00963246,0.02552521,912711252.97,1137.0773
1056,2.8912,1.8707,1.8707,848.73,40656529.67,3733139.96,205044845.31,259101624.46,464146469.77,49871.96,3.46333084,0.00079450,0.02542411,0.01589007,0.00961469,0.02550476,912759124.93,1137.7971
1057,2.8939,1.8705,1.8705,850.34,40661916.61,3733323.76,205084383.82,259111942.48,464196326.31,49856.54,3.46225971,0.00079437,0.02541982,0.01588739,0.00959695,0.02548434,912806981.47,1138.5166
1058,2.8966,1.8702,1.8702,851.96,40667302.80,3733507.50,205123909.82,259122257.60,464246167.43,49841.12,3.46118894,0.00079424,0.02541553,0.01588471,0.00957925,0.02546395,912854822.59,1139.2358
1059,2.8994,1.8699,1.8699,853.58,40672688.23,3733691.19,205163423.32,259132569.82,464295993.13,49825.71,3.46011854,0.00079410,0.02541124,0.01588203,0.00956157,0.02544360,912902648.30,1139.9547
1060,2.9021,1.8697,1.8697,855.20,40678072.90,3733874.84,205202924.31,259142879.13,464345803.43,49810.30,3.45904848,0.00079397,0.02540695,0.01587935,0.00954393,0.02542328,912950458.60,1140.6733
1061,2.9049,1.8694,1.8694,856.83,40683456.81,3734058.44,205242412.80,259153185.53,464395598.33,49794.89,3.45797879,0.00079383,0.02540267,0.01587667,0.00952632,0.02540299,912998253.49,1141.3917
1062,2.9076,1.8692,1.8692,858.46,40688839.97,3734241.99,205281888.79,259163489.03,464445377.82,49779.50,3.45690946,0.00079370,0.02539838,0.01587399,0.00950875,0.02538274,913046032.99,1142.1097
1063,2.9103,1.8689,1.8689,860.09,40694222.37,3734425.49,205321352.30,259173789.63,464495141.93,49764.10,3.45584048,0.00079357,0.02539409,0.01587131,0.00949120,0.02536251,913093797.09,1142.8275
1064,2.9131,1.8686,1.8686,861.72,40699604.01,3734608.95,205360803.32,259184087.32,464544890.64,49748.71,3.45477186,0.00079343,0.02538981,0.01586863,0.00947369,0.02534232,913141545.80,1143.5450
1065,2.9158,1.8684,1.8684,863.36,40704984.90,3734792.35,205400241.85,259194382.12,464594623.97,49733.33,3.45370360,0.00079330,0.02538553,0.01586595,0.00945621,0.02532217,913189279.14,1144.2621
1066,2.9185,1.8681,1.8681,865.00,40710365.03,3734975.71,205439667.91,259204674.02,464644341.93,49717.95,3.45263570,0.00079316,0.02538124,0.01586328,0.00943877,0.02530204,913236997.09,1144.9790
1067,2.9213,1.8678,1.8678,866.65,40715744.41,3735159.02,205479081.49,259214963.02,464694044.51,49702.58,3.45156815,0.00079303,0.02537696,0.01586060,0.00942135,0.02528195,913284699.67,1145.6956
1068,2.9240,1.8676,1.8676,868.29,40721123.03,3735342.29,205518482.60,259225249.12,464743731.72,49687.21,3.45050096,0.00079290,0.02537268,0.01585792,0.00940397,0.02526189,913332386.89,1146.4119
1069,2.9268,1.8673,1.8673,869.94,40726500.89,3735525.50,205557871.24,259235532.33,464793403.57,49671.85,3.44943413,0.00079276,0.02536840,0.01585525,0.00938662,0.02524187,913380058.74,1147.1279
1070,2.9295,1.8671,1.8671,871.60,40731878.00,3735708.67,205597247.42,259245812.65,464843060.07,49656.49,3.44836765,0.00079263,0.02536412,0.01585258,0.00936930,0.02522187,913427715.23,1147.8436
1071,2.9322,1.8668,1.8668,873.25,40737254.36,3735891.79,205636611.14,259256090.07,464892701.21,49641.14,3.44730153,0.00079250,0.02535984,0.01584990,0.00935201,0.02520191,913475356.37,1148.5590
1072,2.9350,1.8665,1.8665,874.91,40742629.95,3736074.86,205675962.40,259266364.60,464942327.01,49625.80,3.44623577,0.00079236,0.02535557,0.01584723,0.00933475,0.02518198,913522982.17,1149.2742
1073,2.9377,1.8663,1.8663,876.58,40748004.80,3736257.88,205715301.21,259276636.24,464991937.46,49610.45,3.44517036,0.00079223,0.02535129,0.01584456,0.00931753,0.02516208,913570592.62,1149.9890
1074,2.9405,1.8660,1.8660,878.24,40753378.88,3736440.86,205754627.58,259286905.00,465041532.57,49595.12,3.44410531,0.00079209,0.02534701,0.01584188,0.00930034,0.02514222,913618187.74,1150.7035
1075,2.9432,1.8657,1.8657,879.91,40758752.21,3736623.79,205793941.50,259297170.86,465091112.36,49579.78,3.44304062,0.00079196,0.02534274,0.01583921,0.00928317,0.02512239,913665767.52,1151.4177
1076,2.9459,1.8655,1.8655,881.59,40764124.79,3736806.67,205833242.98,259307433.84,465140676.82,49564.46,3.44197628,0.00079183,0.02533847,0.01583654,0.00926605,0.02510259,913713331.98,1152.1316
1077,2.9487,1.8652,1.8652,883.26,40769496.61,3736989.50,205872532.02,259317693.93,465190225.96,49549.14,3.44091230,0.00079169,0.02533419,0.01583387,0.00924895,0.02508282,913760881.12,1152.8452
1078,2.9514,1.8650,1.8650,884.94,40774867.68,3737172.29,205911808.64,259327951.14,465239759.78,49533.82,3.43984867,0.00079156,0.02532992,0.01583120,0.00923188,0.02506308,913808414.94,1153.5585
1079,2.9541,1.8647,1.8647,886.62,40780237.99,3737355.02,205951072.82,259338205.46,465289278.29,49518.51,3.43878540,0.00079143,0.02532565,0.01582853,0.00921484,0.02504338,913855933.45,1154.2715
1080,2.9569,1.8644,1.8644,888.31,40785607.55,3737537.71,205990324.58,259348456.91,465338781.49,49503.20,3.43772249,0.00079129,0.02532138,0.01582586,0.00919784,0.02502370,913903436.65,1154.9842
1081,2.9596,1.8642,1.8642,890.00,40790976.35,3737720.35,206029563.92,259358705.47,465388269.39,49487.90,3.43665993,0.00079116,0.02531711,0.01582319,0.00918087,0.02500406,913950924.56,1155.6966
1082,2.9624,1.8639,1.8639,891.69,40796344.40,3737902.95,206068790.85,259368951.15,465437742.00,49472.61,3.43559772,0.00079103,0.02531284,0.01582053,0.00916392,0.02498445,913998397.16,1156.4087
1083,2.9651,1.8636,1.8636,893.38,40801711.70,3738085.49,206108005.36,259379193.96,465487199.32,49457.32,3.43453587,0.00079089,0.02530858,0.01581786,0.00914701,0.02496487,914045854.48,1157.1205
1084,2.9678,1.8634,1.8634,895.08,40807078.24,3738267.99,206147207.47,259389433.88,465536641.35,49442.03,3.43347438,0.00079076,0.02530431,0.01581519,0.00913013,0.02494533,914093296.51,1157.8320
1085,2.9706,1.8631,1.8631,896.78,40812444.02,3738450.44,206186397.17,259399670.93,465586068.10,49426.75,3.43241324,0.00079063,0.02530004,0.01581253,0.00911328,0.02492581,914140723.26,1158.5431
1086,2.9733,1.8629,1.8629,898.49,40817809.05,3738632.85,206225574.46,259409905.11,465635479.57,49411.48,3.43135245,0.00079049,0.02529578,0.01580986,0.00909647,0.02490633,914188134.74,1159.2540
1087,2.9760,1.8626,1.8626,900.19,40823173.33,3738815.20,206264739.37,259420136.41,465684875.78,49396.21,3.43029202,0.00079036,0.02529152,0.01580720,0.00907968,0.02488688,914235530.94,1159.9646
1088,2.9788,1.8623,1.8623,901.91,40828536.86,3738997.51,206303891.88,259430364.84,465734256.72,49380.94,3.42923195,0.00079023,0.02528725,0.01580453,0.00906292,0.02486746,914282911.88,1160.6748
1089,2.9815,1.8621,1.8621,903.62,40833899.63,3739179.77,206343032.00,259440590.40,465783622.40,49365.68,3.42817222,0.00079009,0.02528299,0.01580187,0.00904620,0.02484807,914330277.56,1161.3847
1090,2.9843,1.8618,1.8618,905.34,40839261.64,3739361.99,206382159.74,259450813.09,465832972.82,49350.43,3.42711286,0.00078996,0.02527873,0.01579921,0.00902950,0.02482871,914377627.99,1162.0943
1091,2.9870,1.8615,1.8615,907.06,40844622.91,3739544.15,206421275.09,259461032.91,465882308.00,49335.18,3.42605384,0.00078983,0.02527447,0.01579654,0.00901284,0.02480938,914424963.16,1162.8036
1092,2.9897,1.8613,1.8613,908.78,40849983.42,3739726.27,206460378.07,259471249.86,465931627.93,49319.93,3.42499518,0.00078969,0.02527021,0.01579388,0.00899620,0.02479009,914472283.09,1163.5126
1093,2.9925,1.8610,1.8610,910.51,40855343.18,3739908.34,206499468.68,259481463.94,465980932.62,49304.69,3.42393688,0.00078956,0.02526595,0.01579122,0.00897960,0.02477082,914519587.78,1164.2213
1094,2.9952,1.8608,1.8608,912.24,40860702.18,3740090.37,206538546.91,259491675.16,466030222.08,49289.46,3.42287892,0.00078943,0.02526170,0.01578856,0.00896303,0.02475159,914566877.24,1164.9296
1095,2.9979,1.8605,1.8605,913.98,40866060.43,3740272.34,206577612.78,259501883.52,466079496.30,49274.23,3.42182133,0.00078930,0.02525744,0.01578590,0.00894649,0.02473239,914614151.47,1165.6377
1096,3.0007,1.8602,1.8602,915.71,40871417.93,3740454.27,206616666.29,259512089.01,466128755.31,49259.00,3.42076408,0.00078916,0.02525319,0.01578324,0.00892997,0.02471322,914661410.47,1166.3454
1097,3.0034,1.8600,1.8600,917.45,40876774.67,3740636.15,206655707.45,259522291.64,466177999.09,49243.78,3.41970719,0.00078903,0.02524893,0.01578058,0.00891349,0.02469407,914708654.25,1167.0528
1098,3.0062,1.8597,1.8597,919.20,40882130.66,3740817.99,206694736.25,259532491.41,466227227.66,49228.57,3.41865065,0.00078890,0.02524468,0.01577792,0.00889704,0.02467496,914755882.82,1167.7599
1099,3.0089,1.8595,1.8595,920.94,40887485.90,3740999.78,206733752.70,259542688.32,466276441.02,49213.36,3.41759446,0.00078876,0.02524043,0.01577527,0.00888062,0.02465589,914803096.18,1168.4667
1100,3.0116,1.8592,1.8592,922.69,40892840.39,3741181.52,206772756.80,259552882.38,466325639.18,49198.16,3.41653863,0.00078863,0.02523617,0.01577261,0.00886423,0.02463684,914850294.34,1169.1731
1101,3.0144,1.8589,1.8589,924.45,40898194.13,3741363.21,206811748.56,259563073.57,466374822.13,49182.96,3.41548315,0.00078850,0.02523192,0.01576995,0.00884787,0.02461782,914897477.30,1169.8792
1102,3.0171,1.8587,1.8587,926.21,40903547.11,3741544.85,206850727.99,259573261.91,466423989.90,49167.76,3.41442802,0.00078836,0.02522767,0.01576730,0.00883154,0.02459883,914944645.06,1170.5850
1103,3.0198,1.8584,1.8584,927.97,40908899.34,3741726.45,206889695.08,259583447.39,466473142.47,49152.57,3.41337324,0.00078823,0.02522343,0.01576464,0.00881524,0.02457988,914991797.63,1171.2905
1104,3.0226,1.8582,1.8582,929.73,40914250.82,3741908.00,206928649.84,259593630.02,466522279.86,49137.39,3.41231882,0.00078810,0.02521918,0.01576199,0.00879896,0.02456095,915038935.03,1171.9957
1105,3.0253,1.8579,1.8579,931.50,40919601.54,3742089.50,206967592.27,259603809.80,466571402.08,49122.21,3.41126475,0.00078797,0.02521493,0.01575933,0.00878272,0.02454205,915086057.24,1172.7005
1106,3.0281,1.8576,1.8576,933.27,40924951.52,3742270.96,207006522.39,259613986.73,466620509.11,49107.04,3.41021103,0.00078783,0.02521068,0.01575668,0.00876651,0.02452319,915133164.28,1173.4050
1107,3.0308,1.8574,1.8574,935.04,40930300.74,3742452.37,207045440.18,259624160.80,466669600.98,49091.87,3.40915766,0.00078770,0.02520644,0.01575402,0.00875033,0.02450435,915180256.15,1174.1092
1108,3.0335,1.8571,1.8571,936.82,40935649.21,3742633.73,207084345.66,259634332.03,466718677.69,49076.71,3.40810465,0.00078757,0.02520219,0.01575137,0.00873418,0.02448555,915227332.85,1174.8130
1109,3.0363,1.8568,1.8568,938.60,40940996.93,3742815.04,207123238.83,259644500.41,466767739.24,49061.55,3.40705198,0.00078744,0.02519795,0.01574872,0.00871806,0.02446677,915274394.40,1175.5166
1110,3.0390,1.8566,1.8566,940.38,40946343.90,3742996.31,207162119.69,259654665.94,466816785.64,49046.40,3.40599967,0.00078730,0.02519371,0.01574607,0.00870196,0.02444803,915321440.80,1176.2197
1111,3.0418,1.8563,1.8563,942.17,40951690.11,3743177.53,207200988.25,259664828.63,466865816.88,49031.25,3.40494771,0.00078717,0.02518947,0.01574342,0.00868590,0.02442932,915368472.05,1176.9226
1112,3.0445,1.8561,1.8561,943.96,40957035.58,3743358.70,207239844.51,259674988.47,466914832.99,49016.10,3.40389610,0.00078704,0.02518523,0.01574077,0.00866987,0.02441063,915415488.15,1177.6252
1113,3.0472,1.8558,1.8558,945.76,40962380.29,3743539.83,207278688.48,259685145.47,466963833.95,49000.97,3.40284484,0.00078691,0.02518099,0.01573812,0.00865386,0.02439198,915462489.11,1178.3274
1114,3.0500,1.8555,1.8555,947.55,40967724.26,3743720.91,207317520.15,259695299.63,467012819.78,48985.83,3.40179393,0.00078677,0.02517675,0.01573547,0.00863789,0.02437335,915509474.95,1179.0292
1115,3.0527,1.8553,1.8553,949.36,40973067.47,3743901.94,207356339.54,259705450.95,467061790.49,48970.70,3.40074337,0.00078664,0.02517251,0.01573282,0.00862194,0.02435476,915556445.65,1179.7308
1116,3.0554,1.8550,1.8550,951.16,40978409.93,3744082.93,207395146.64,259715599.43,467110746.07,48955.58,3.39969317,0.00078651,0.02516827,0.01573017,0.00860602,0.02433620,915603401.23,1180.4320
1117,3.0582,1.8548,1.8548,952.97,40983751.64,3744263.86,207433941.47,259725745.07,467159686.53,48940.46,3.39864331,0.00078638,0.02516404,0.01572752,0.00859014,0.02431766,915650341.70,1181.1329
1118,3.0609,1.8545,1.8545,954.78,40989092.60,3744444.75,207472724.02,259735887.87,467208611.89,48925.35,3.39759381,0.00078624,0.02515980,0.01572488,0.00857428,0.02429916,915697267.05,1181.8334
1119,3.0637,1.8542,1.8542,956.60,40994432.81,3744625.60,207511494.30,259746027.83,467257522.13,48910.24,3.39654465,0.00078611,0.02515557,0.01572223,0.00855845,0.02428068,915744177.29,1182.5336
1120,3.0664,1.8540,1.8540,958.41,40999772.27,3744806.39,207550252.31,259756164.96,467306417.27,48895.14,3.39549585,0.00078598,0.02515133,0.01571958,0.00854265,0.02426223,915791072.43,1183.2335
1121,3.0691,1.8537,1.8537,960.24,41005110.98,3744987.14,207588998.05,259766299.26,467355297.31,48880.04,3.39444739,0.00078585,0.02514710,0.01571694,0.00852688,0.02424382,915837952.47,1183.9331
1122,3.0719,1.8535,1.8535,962.06,41010448.94,3745167.85,207627731.54,259776430.72,467404162.26,48864.95,3.39339929,0.00078571,0.02514287,0.01571429,0.00851114,0.02422543,915884817.42,1184.6323
1123,3.0746,1.8532,1.8532,963.89,41015786.14,3745348.50,207666452.77,259786559.35,467453012.12,48849.86,3.39235153,0.00078558,0.02513864,0.01571165,0.00849543,0.02420707,915931667.29,1185.3311
1124,3.0773,1.8529,1.8529,965.72,41021122.60,3745529.11,207705161.75,259796685.16,467501846.90,48834.78,3.39130413,0.00078545,0.02513441,0.01570901,0.00847974,0.02418875,915978502.06,1186.0296
1125,3.0801,1.8527,1.8527,967.56,41026458.31,3745709.67,207743858.47,259806808.13,467550666.60,48819.70,3.39025707,0.00078532,0.02513018,0.01570636,0.00846409,0.02417045,916025321.77,1186.7278
1126,3.0828,1.8524,1.8524,969.40,41031793.27,3745890.19,207782542.96,259816928.27,467599471.23,48804.63,3.38921036,0.00078519,0.02512595,0.01570372,0.00844846,0.02415218,916072126.40,1187.4257
1127,3.0856,1.8522,1.8522,971.24,41037127.48,3746070.66,207821215.20,259827045.59,467648260.79,48789.56,3.38816401,0.00078505,0.02512172,0.01570108,0.00843286,0.02413394,916118915.96,1188.1232
1128,3.0883,1.8519,1.8519,973.08,41042460.94,3746251.08,207859875.21,259837160.08,467697035.29,48774.50,3.38711800,0.00078492,0.02511750,0.01569844,0.00841729,0.02411573,916165690.46,1188.8203
1129,3.0910,1.8516,1.8516,974.93,41047793.65,3746431.45,207898522.99,259847271.75,467745794.74,48759.44,3.38607234,0.00078479,0.02511327,0.01569580,0.00840175,0.02409755,916212449.90,1189.5172
1130,3.0938,1.8514,1.8514,976.79,41053125.61,3746611.78,207937158.53,259857380.59,467794539.12,48744.39,3.38502703,0.00078466,0.02510905,0.01569316,0.00838624,0.02407940,916259194.29,1190.2136
1131,3.0965,1.8511,1.8511,978.64,41058456.82,3746792.06,207975781.85,259867486.61,467843268.47,48729.34,3.38398207,0.00078453,0.02510483,0.01569052,0.00837076,0.02406127,916305923.63,1190.9098
1132,3.0992,1.8509,1.8509,980.50,41063787.28,3746972.30,208014392.95,259877589.81,467891982.77,48714.30,3.38293745,0.00078439,0.02510060,0.01568788,0.00835530,0.02404318,916352637.93,1191.6056
1133,3.1020,1.8506,1.8506,982.37,41069117.00,3747152.49,208052991.83,259887690.19,467940682.03,48699.26,3.38189319,0.00078426,0.02509638,0.01568524,0.00833987,0.02402511,916399337.19,1192.3010
1134,3.1047,1.8503,1.8503,984.24,41074445.96,3747332.63,208091578.50,259897787.75,467989366.26,48684.23,3.38084927,0.00078413,0.02509216,0.01568260,0.00832448,0.02400708,916446021.42,1192.9961
1135,3.1075,1.8501,1.8501,986.11,41079774.18,3747512.72,208130152.96,259907882.50,468038035.46,48669.20,3.37980570,0.00078400,0.02508794,0.01567996,0.00830911,0.02398907,916492690.62,1193.6909
1136,3.1102,1.8498,1.8498,987.98,41085101.64,3747692.77,208168715.21,259917974.42,468086689.64,48654.18,3.37876248,0.00078387,0.02508372,0.01567733,0.00829376,0.02397109,916539344.80,1194.3853
1137,3.1129,1.8496,1.8496,989.86,41090428.36,3747872.77,208207265.27,259928063.54,468135328.80,48639.16,3.37771961,0.00078373,0.02507950,0.01567469,0.00827845,0.02395314,916585983.96,1195.0793
1138,3.1157,1.8493,1.8493,991.74,41095754.33,3748052.72,208245803.12,259938149.83,468183952.95,48624.15,3.37667709,0.00078360,0.02507529,0.01567205,0.00826316,0.02393522,916632608.11,1195.7730
1139,3.1184,1.8490,1.8490,993.63,41101079.55,3748232.63,208284328.78,259948233.32,468232562.09,48609.14,3.37563491,0.00078347,0.02507107,0.01566942,0.00824791,0.02391733,916679217.26,1196.4664
1140,3.1211,1.8488,1.8488,995.51,41106404.03,3748412.49,208322842.25,259958313.99,468281156.23,48594.14,3.37459308,0.00078334,0.02506685,0.01566678,0.00823268,0.02389946,916725811.40,1197.1594
1141,3.1239,1.8485,1.8485,997.41,41111727.75,3748592.31,208361343.53,259968391.85,468329735.38,48579.14,3.37355160,0.00078321,0.02506264,0.01566415,0.00821748,0.02388163,916772390.54,1197.8520
1142,3.1266,1.8483,1.8483,999.30,41117050.73,3748772.08,208399832.63,259978466.90,468378299.53,48564.15,3.37251046,0.00078308,0.02505843,0.01566152,0.00820230,0.02386382,916818954.69,1198.5443
1143,3.1294,1.8480,1.8480,1001.20,41122372.96,3748951.80,208438309.55,259988539.14,468426848.69,48549.16,3.37146968,0.00078294,0.02505421,0.01565888,0.00818716,0.02384604,916865503.85,1199.2363
1144,3.1321,1.8477,1.8477,1003.11,41127694.44,3749131.47,208476774.29,259998608.58,468475382.87,48534.18,3.37042924,0.00078281,0.02505000,0.01565625,0.00817204,0.02382829,916912038.04,1199.9279
1145,3.1348,1.8475,1.8475,1005.01,41133015.17,3749311.10,208515226.87,260008675.21,468523902.08,48519.20,3.36938914,0.00078268,0.02504579,0.01565362,0.00815695,0.02381057,916958557.24,1200.6191
1146,3.1376,1.8472,1.8472,1006.92,41138335.16,3749490.68,208553667.27,260018739.03,468572406.31,48504.23,3.36834940,0.00078255,0.02504158,0.01565099,0.00814189,0.02379287,917005061.47,1201.3100
1147,3.1403,1.8470,1.8470,1008.84,41143654.39,3749670.22,208592095.52,260028800.05,468620895.57,48489.26,3.36731000,0.00078242,0.02503737,0.01564836,0.00812685,0.02377521,917051550.73,1202.0006
1148,3.1431,1.8467,1.8467,1010.75,41148972.88,3749849.71,208630511.60,260038858.27,468669369.87,48474.30,3.36627094,0.00078229,0.02503316,0.01564573,0.00811184,0.02375757,917098025.04,1202.6907
1149,3.1458,1.8464,1.8464,1012.68,41154290.63,3750029.15,208668915.53,260048913.69,468717829.22,48459.34,3.36523224,0.00078215,0.02502896,0.01564310,0.00809686,0.02373996,917144484.38,1203.3806
1150,3.1485,1.8462,1.8462,1014.60,41159607.62,3750208.54,208707307.31,260058966.30,468766273.61,48444.39,3.36419387,0.00078202,0.02502475,0.01564047,0.00808191,0.02372238,917190928.77,1204.0700
1151,3.1513,1.8459,1.8459,1016.53,41164923.87,3750387.89,208745686.94,260069016.12,468814703.05,48429.44,3.36315586,0.00078189,0.02502055,0.01563784,0.00806699,0.02370483,917237358.22,1204.7591
1152,3.1540,1.8457,1.8457,1018.46,41170239.37,3750567.20,208784054.42,260079063.13,468863117.56,48414.50,3.36211819,0.00078176,0.02501634,0.01563521,0.00805209,0.02368730,917283772.72,1205.4479
1153,3.1567,1.8454,1.8454,1020.40,41175554.13,3750746.45,208822409.77,260089107.35,468911517.12,48399.56,3.36108087,0.00078163,0.02501214,0.01563259,0.00803722,0.02366980,917330172.28,1206.1363
1154,3.1595,1.8451,1.8451,1022.34,41180868.14,3750925.66,208860752.97,260099148.78,468959901.75,48384.63,3.36004389,0.00078150,0.02500793,0.01562996,0.00802238,0.02365234,917376556.91,1206.8243
1155,3.1622,1.8449,1.8449,1024.28,41186181.40,3751104.83,208899084.05,260109187.41,469008271.46,48369.70,3.35900726,0.00078137,0.02500373,0.01562733,0.00800756,0.02363489,917422926.62,1207.5119
1156,3.1650,1.8446,1.8446,1026.23,41191493.91,3751283.94,208937403.00,260119223.24,469056626.24,48354.78,3.35797097,0.00078124,0.02499953,0.01562471,0.00799277,0.02361748,917469281.40,1208.1992
1157,3.1677,1.8444,1.8444,1028.18,41196805.68,3751463.02,208975709.82,260129256.28,469104966.10,48339.86,3.35693503,0.00078110,0.02499533,0.01562208,0.00797801,0.02360009,917515621.27,1208.8862
1158,3.1704,1.8441,1.8441,1030.13,41202116.70,3751642.04,209014004.52,260139286.54,469153291.05,48324.95,3.35589944,0.00078097,0.02499113,0.01561946,0.00796328,0.02358274,917561946.22,1209.5728
1159,3.1732,1.8438,1.8438,1032.09,41207426.98,3751821.02,209052287.10,260149314.00,469201601.10,48310.04,3.35486419,0.00078084,0.02498693,0.01561683,0.00794857,0.02356540,917608256.26,1210.2590
1160,3.1759,1.8436,1.8436,1034.05,41212736.51,3751999.95,209090557.57,260159338.67,469249896.24,48295.14,3.35382928,0.00078071,0.02498274,0.01561421,0.00793389,0.02354810,917654551.40,1210.9448
1161,3.1786,1.8433,1.8433,1036.02,41218045.29,3752178.84,209128815.93,260169360.55,469298176.48,48280.24,3.35279472,0.00078058,0.02497854,0.01561159,0.00791924,0.02353083,917700831.65,1211.6303
1162,3.1814,1.8431,1.8431,1037.99,41223353.33,3752357.68,209167062.19,260179379.65,469346441.84,48265.35,3.35176050,0.00078045,0.02497434,0.01560897,0.00790461,0.02351358,917747097.00,1212.3154
1163,3.1841,1.8428,1.8428,1039.96,41228660.62,3752536.47,209205296.34,260189395.96,469394692.30,48250.46,3.35072663,0.00078032,0.02497015,0.01560634,0.00789001,0.02349636,917793347.46,1213.0002
1164,3.1869,1.8426,1.8426,1041.94,41233967.16,3752715.22,209243518.39,260199409.49,469442927.88,48235.58,3.34969311,0.00078019,0.02496596,0.01560372,0.00787544,0.02347916,917839583.04,1213.6846
1165,3.1896,1.8423,1.8423,1043.92,41239272.96,3752893.92,209281728.35,260209420.23,469491148.58,48220.70,3.34865992,0.00078006,0.02496176,0.01560110,0.00786090,0.02346200,917885803.75,1214.3686
1166,3.1923,1.8420,1.8420,1045.90,41244578.02,3753072.58,209319926.22,260219428.19,469539354.41,48205.83,3.34762708,0.00077992,0.02495757,0.01559848,0.00784638,0.02344486,917932009.58,1215.0522
1167,3.1951,1.8418,1.8418,1047.89,41249882.33,3753251.18,209358112.01,260229433.37,469587545.38,48190.96,3.34659459,0.00077979,0.02495338,0.01559586,0.00783188,0.02342775,917978200.54,1215.7355
1168,3.1978,1.8415,1.8415,1049.88,41255185.89,3753429.75,209396285.71,260239435.77,469635721.47,48176.10,3.34556244,0.00077966,0.02494919,0.01559324,0.00781742,0.02341066,918024376.64,1216.4184
1169,3.2005,1.8413,1.8413,1051.88,41260488.71,3753608.26,209434447.33,260249435.39,469683882.72,48161.24,3.34453063,0.00077953,0.02494500,0.01559063,0.00780298,0.02339360,918070537.88,1217.1010
1170,3.2033,1.8410,1.8410,1053.88,41265790.78,3753786.74,209472596.87,260259432.23,469732029.10,48146.39,3.34349917,0.00077940,0.02494081,0.01558801,0.00778857,0.02337657,918116684.27,1217.7831
1171,3.2060,1.8407,1.8407,1055.88,41271092.11,3753965.16,209510734.35,260269426.30,469780160.64,48131.54,3.34246805,0.00077927,0.02493662,0.01558539,0.00777418,0.02335957,918162815.81,1218.4649
1172,3.2088,1.8405,1.8405,1057.89,41276392.69,3754143.54,209548859.76,260279417.58,469828277.34,48116.70,3.34143727,0.00077914,0.02493244,0.01558277,0.00775982,0.02334260,918208932.50,1219.1464
1173,3.2115,1.8402,1.8402,1059.90,41281692.53,3754321.87,209586973.10,260289406.10,469876379.20,48101.86,3.34040684,0.00077901,0.02492825,0.01558016,0.00774549,0.02332565,918255034.36,1219.8274
1174,3.2142,1.8400,1.8400,1061.91,41286991.62,3754500.16,209625074.38,260299391.84,469924466.22,48087.03,3.33937675,0.00077888,0.02492407,0.01557754,0.00773118,0.02330872,918301121.39,1220.5081
1175,3.2170,1.8397,1.8397,1063.93,41292289.97,3754678.40,209663163.61,260309374.81,469972538.42,48072.20,3.33834700,0.00077875,0.02491988,0.01557493,0.00771690,0.02329183,918347193.58,1221.1884
1176,3.2197,1.8394,1.8394,1065.95,41297587.58,3754856.59,209701240.79,260319355.01,470020595.79,48057.37,3.33731760,0.00077862,0.02491570,0.01557231,0.00770265,0.02327496,918393250.96,1221.8683
1177,3.2225,1.8392,1.8392,1067.98,41302884.44,3755034.74,209739305.91,260329332.44,470068638.35,48042.55,3.33628854,0.00077848,0.02491152,0.01556970,0.00768842,0.02325812,918439293.51,1222.5479
1178,3.2252,1.8389,1.8389,1070.01,41308180.55,3755212.84,209777358.99,260339307.10,470116666.09,48027.74,3.33525982,0.00077835,0.02490734,0.01556709,0.00767422,0.02324130,918485321.25,1223.2271
1179,3.2279,1.8387,1.8387,1072.04,41313475.92,3755390.90,209815400.04,260349278.99,470164679.02,48012.93,3.33423144,0.00077822,0.02490316,0.01556447,0.00766004,0.02322451,918531334.19,1223.9059
1180,3.2307,1.8384,1.8384,1074.08,41318770.55,3755568.91,209853429.04,260359248.11,470212677.15,47998.13,3.33320341,0.00077809,0.02489898,0.01556186,0.00764589,0.02320775,918577332.32,1224.5843
1181,3.2334,1.8382,1.8382,1076.12,41324064.43,3755746.88,209891446.01,260369214.47,470260660.48,47983.33,3.33217572,0.00077796,0.02489480,0.01555925,0.00763177,0.02319102,918623315.65,1225.2623
1182,3.2361,1.8379,1.8379,1078.17,41329357.57,3755924.80,209929450.95,260379178.07,470308629.02,47968.54,3.33114837,0.00077783,0.02489062,0.01555664,0.00761767,0.02317431,918669284.18,1225.9400
1183,3.2389,1.8376,1.8376,1080.22,41334649.97,3756102.67,209967443.87,260389138.90,470356582.77,47953.75,3.33012136,0.00077770,0.02488644,0.01555403,0.00760360,0.02315762,918715237.93,1226.6173
1184,3.2416,1.8374,1.8374,1082.27,41339941.62,3756280.50,210005424.76,260399096.97,470404521.73,47938.96,3.32909470,0.00077757,0.02488227,0.01555142,0.00758955,0.02314097,918761176.89,1227.2942
1185,3.2444,1.8371,1.8371,1084.33,41345232.53,3756458.28,210043393.64,260409052.28,470452445.92,47924.18,3.32806837,0.00077744,0.02487809,0.01554881,0.00757553,0.02312434,918807101.08,1227.9707
1186,3.2471,1.8369,1.8369,1086.39,41350522.69,3756636.01,210081350.50,260419004.82,470500355.33,47909.41,3.32704239,0.00077731,0.02487392,0.01554620,0.00756154,0.02310774,918853010.49,1228.6468
1187,3.2498,1.8366,1.8366,1088.45,41355812.11,3756813.70,210119295.35,260428954.61,470548249.97,47894.64,3.32601675,0.00077718,0.02486975,0.01554359,0.00754757,0.02309116,918898905.13,1229.3226
1188,3.2526,1.8363,1.8363,1090.52,41361100.79,3756991.35,210157228.20,260438901.64,470596129.84,47879.88,3.32499145,0.00077705,0.02486557,0.01554098,0.00753362,0.02307461,918944785.01,1229.9980
1189,3.2553,1.8361,1.8361,1092.60,41366388.73,3757168.94,210195149.04,260448845.92,470643994.96,47865.12,3.32396649,0.00077692,0.02486140,0.01553838,0.00751971,0.02305808,918990650.12,1230.6730
1190,3.2580,1.8358,1.8358,1094.67,41371675.92,3757346.50,210233057.89,260458787.44,470691845.32,47850.36,3.32294188,0.00077679,0.02485723,0.01553577,0.00750581,0.02304158,919036500.49,1231.3476
1191,3.2608,1.8356,1.8356,1096.75,41376962.37,3757524.00,210270954.73,260468726.20,470739680.94,47835.61,3.32191760,0.00077666,0.02485306,0.01553316,0.00749195,0.02302511,919082336.10,1232.0218
1192,3.2635,1.8353,1.8353,1098.84,41382248.07,3757701.47,210308839.59,260478662.22,470787501.81,47820.87,3.32089367,0.00077653,0.02484889,0.01553056,0.00747811,0.02300866,919128156.97,1232.6957
1193,3.2663,1.8351,1.8351,1100.93,41387533.04,3757878.88,210346712.46,260488595.47,470835307.94,47806.13,3.31987007,0.00077640,0.02484472,0.01552795,0.00746429,0.02299224,919173963.10,1233.3691
1194,3.2690,1.8348,1.8348,1103.02,41392817.26,3758056.25,210384573.35,260498525.98,470883099.33,47791.39,3.31884682,0.00077627,0.02484056,0.01552535,0.00745050,0.02297585,919219754.49,1234.0422
1195,3.2717,1.8345,1.8345,1105.12,41398100.74,3758233.57,210422422.25,260508453.74,470930875.99,47776.66,3.31782390,0.00077614,0.02483639,0.01552274,0.00743674,0.02295948,919265531.16,1234.7149
1196,3.2745,1.8343,1.8343,1107.22,41403383.47,3758410.85,210460259.18,260518378.75,470978637.93,47761.94,3.31680133,0.00077601,0.02483223,0.01552014,0.00742300,0.02294314,919311293.10,1235.3871
1197,3.2772,1.8340,1.8340,1109.32,41408665.46,3758588.09,210498084.14,260528301.01,471026385.15,47747.22,3.31577910,0.00077588,0.02482806,0.01551754,0.00740928,0.02292682,919357040.31,1236.0591
1198,3.2799,1.8338,1.8338,1111.43,41413946.72,3758765.27,210535897.13,260538220.53,471074117.66,47732.50,3.31475721,0.00077575,0.02482390,0.01551494,0.00739559,0.02291053,919402772.82,1236.7306
1199,3.2827,1.8335,1.8335,1113.54,41419227.22,3758942.41,210573698.15,260548137.30,471121835.45,47717.79,3.31373565,0.00077562,0.02481973,0.01551233,0.00738193,0.02289426,919448490.61,1237.4017
1200,3.2854,1.8333,1.8333,1115.66,41424506.99,3759119.51,210611487.21,260558051.32,471169538.54,47703.09,3.31271444,0.00077549,0.02481557,0.01550973,0.00736829,0.02287802,919494193.70,1238.0724
1201,3.2882,1.8330,1.8330,1117.78,41429786.02,3759296.56,210649264.32,260567962.61,471217226.92,47688.39,3.31169357,0.00077536,0.02481141,0.01550713,0.00735468,0.02286181,919539882.09,1238.7428
1202,3.2909,1.8327,1.8327,1119.91,41435064.30,3759473.57,210687029.47,260577871.15,471264900.62,47673.69,3.31067303,0.00077523,0.02480725,0.01550453,0.00734109,0.02284562,919585555.78,1239.4127
1203,3.2936,1.8325,1.8325,1122.03,41440341.84,3759650.52,210724782.67,260587776.95,471312559.62,47659.00,3.30965284,0.00077510,0.02480309,0.01550193,0.00732752,0.02282946,919631214.78,1240.0823
1204,3.2964,1.8322,1.8322,1124.17,41445618.64,3759827.44,210762523.93,260597680.00,471360203.93,47644.31,3.30863298,0.00077497,0.02479893,0.01549933,0.00731399,0.02281332,919676859.09,1240.7515
1205,3.2991,1.8320,1.8320,1126.30,41450894.70,3760004.31,210800253.24,260607580.32,471407833.57,47629.63,3.30761347,0.00077484,0.02479478,0.01549674,0.00730047,0.02279721,919722488.73,1241.4202
1206,3.3018,1.8317,1.8317,1128.45,41456170.02,3760181.13,210837970.62,260617477.91,471455448.52,47614.96,3.30659429,0.00077471,0.02479062,0.01549414,0.00728698,0.02278112,919768103.69,1242.0886
1207,3.3046,1.8314,1.8314,1130.59,41461444.59,3760357.91,210875676.06,260627372.75,471503048.81,47600.29,3.30557545,0.00077458,0.02478647,0.01549154,0.00727352,0.02276506,919813703.97,1242.7566
1208,3.3073,1.8312,1.8312,1132.74,41466718.43,3760534.64,210913369.57,260637264.86,471550634.43,47585.62,3.30455696,0.00077445,0.02478231,0.01548894,0.00726008,0.02274902,919859289.59,1243.4242
1209,3.3101,1.8309,1.8309,1134.89,41471991.52,3760711.33,210951051.15,260647154.24,471598205.39,47570.96,3.30353880,0.00077432,0.02477816,0.01548635,0.00724666,0.02273301,919904860.55,1244.0914
1210,3.3128,1.8307,1.8307,1137.05,41477263.87,3760887.97,210988720.81,260657040.88,471645761.69,47556.30,3.30252097,0.00077419,0.02477400,0.01548375,0.00723327,0.02271703,919950416.85,1244.7582
1211,3.3155,1.8304,1.8304,1139.21,41482535.49,3761064.56,211026378.55,260666924.79,471693303.34,47541.65,3.30150349,0.00077406,0.02476985,0.01548116,0.00721991,0.02270106,919995958.50,1245.4246
1212,3.3183,1.8302,1.8302,1141.38,41487806.36,3761241.11,211064024.38,260676805.97,471740830.34,47527.00,3.30048635,0.00077393,0.02476570,0.01547856,0.00720657,0.02268513,920041485.51,1246.0906
1213,3.3210,1.8299,1.8299,1143.55,41493076.49,3761417.62,211101658.29,260686684.42,471788342.71,47512.36,3.29946954,0.00077380,0.02476155,0.01547597,0.00719325,0.02266922,920086997.87,1246.7562
1214,3.3238,1.8296,1.8296,1145.72,41498345.88,3761594.08,211139280.29,260696560.14,471835840.43,47497.72,3.29845307,0.00077367,0.02475740,0.01547338,0.00717996,0.02265333,920132495.59,1247.4214
1215,3.3265,1.8294,1.8294,1147.90,41503614.53,3761770.49,211176890.39,260706433.13,471883323.52,47483.09,3.29743694,0.00077354,0.02475325,0.01547078,0.00716669,0.02263747,920177978.69,1248.0862
1216,3.3292,1.8291,1.8291,1150.08,41508882.44,3761946.86,211214488.59,260716303.39,471930791.99,47468.46,3.29642115,0.00077341,0.02474910,0.01546819,0.00715345,0.02262164,920223447.15,1248.7506
1217,3.3320,1.8289,1.8289,1152.27,41514149.60,3762123.19,211252074.90,260726170.93,471978245.83,47453.84,3.29540569,0.00077328,0.02474496,0.01546560,0.00714023,0.02260583,920268900.99,1249.4146
1218,3.3347,1.8286,1.8286,1154.46,41519416.03,3762299.46,211289649.31,260736035.75,472025685.05,47439.22,3.29439057,0.00077315,0.02474081,0.01546301,0.00712703,0.02259004,920314340.22,1250.0782
1219,3.3374,1.8284,1.8284,1156.65,41524681.72,3762475.70,211327211.83,260745897.84,472073109.66,47424.61,3.29337579,0.00077302,0.02473667,0.01546042,0.00711386,0.02257428,920359764.83,1250.7414
1220,3.3402,1.8281,1.8281,1158.85,41529946.67,3762651.89,211364762.46,260755757.21,472120519.67,47410.00,3.29236135,0.00077289,0.02473252,0.01545783,0.00710072,0.02255854,920405174.83,1251.4042
1221,3.3429,1.8279,1.8279,1161.05,41535210.88,3762828.03,211402301.21,260765613.86,472167915.07,47395.40,3.29134724,0.00077276,0.02472838,0.01545524,0.00708759,0.02254283,920450570.23,1252.0666
1222,3.3457,1.8276,1.8276,1163.26,41540474.35,3763004.13,211439828.09,260775467.78,472215295.87,47380.80,3.29033348,0.00077263,0.02472424,0.01545265,0.00707450,0.02252714,920495951.03,1252.7286
1223,3.3484,1.8273,1.8273,1165.47,41545737.08,3763180.18,211477343.09,260785318.99,472262662.08,47366.21,3.28932004,0.00077250,0.02472010,0.01545006,0.00706142,0.02251148,920541317.24,1253.3902
1224,3.3511,1.8271,1.8271,1167.69,41550999.07,3763356.19,211514846.22,260795167.48,472310013.70,47351.62,3.28830695,0.00077237,0.02471596,0.01544747,0.00704837,0.02249584,920586668.86,1254.0514
1225,3.3539,1.8268,1.8268,1169.90,41556260.32,3763532.15,211552337.48,260805013.26,472357350.74,47337.04,3.28729419,0.00077224,0.02471182,0.01544488,0.00703535,0.02248023,920632005.90,1254.7122
1226,3.3566,1.8266,1.8266,1172.13,41561520.83,3763708.06,211589816.88,260814856.31,472404673.19,47322.46,3.28628177,0.00077211,0.02470768,0.01544230,0.00702235,0.02246464,920677328.36,1255.3726
1227,3.3593,1.8263,1.8263,1174.36,41566780.60,3763883.94,211627284.42,260824696.66,472451981.08,47307.88,3.28526968,0.00077199,0.02470354,0.01543971,0.00700937,0.02244908,920722636.24,1256.0325
1228,3.3621,1.8261,1.8261,1176.59,41572039.63,3764059.76,211664740.11,260834534.29,472499274.39,47293.31,3.28425793,0.00077186,0.02469940,0.01543713,0.00699641,0.02243354,920767929.55,1256.6921
1229,3.3648,1.8258,1.8258,1178.83,41577297.93,3764235.54,211702183.94,260844369.20,472546553.14,47278.75,3.28324652,0.00077173,0.02469527,0.01543454,0.00698348,0.02241802,920813208.30,1257.3513
1230,3.3676,1.8255,1.8255,1181.07,41582555.48,3764411.28,211739615.92,260854201.41,472593817.33,47264.19,3.28223544,0.00077160,0.02469113,0.01543196,0.00697058,0.02240253,920858472.49,1258.0100
1231,3.3703,1.8253,1.8253,1183.31,41587812.30,3764586.97,211777036.06,260864030.90,472641066.97,47249.64,3.28122470,0.00077147,0.02468700,0.01542937,0.00695769,0.02238707,920903722.13,1258.6684
1232,3.3730,1.8250,1.8250,1185.56,41593068.38,3764762.62,211814444.36,260873857.69,472688302.05,47235.09,3.28021430,0.00077134,0.02468286,0.01542679,0.00694483,0.02237162,920948957.22,1259.3263
1233,3.3758,1.8248,1.8248,1187.81,41598323.71,3764938.22,211851840.83,260883681.77,472735522.59,47220.54,3.27920423,0.00077121,0.02467873,0.01542421,0.00693200,0.02235620,920994177.76,1259.9838
1234,3.3785,1.8245,1.8245,1190.07,41603578.31,3765113.78,211889225.46,260893503.14,472782728.59,47206.00,3.27819449,0.00077108,0.02467460,0.01542162,0.00691919,0.02234081,921039383.76,1260.6409
1235,3.3812,1.8243,1.8243,1192.33,41608832.18,3765289.29,211926598.26,260903321.80,472829920.06,47191.47,3.27718510,0.00077095,0.02467047,0.01541904,0.00690640,0.02232544,921084575.22,1261.2976
1236,3.3840,1.8240,1.8240,1194.60,41614085.30,3765464.76,211963959.24,260913137.76,472877096.99,47176.93,3.27617603,0.00077082,0.02466634,0.01541646,0.00689363,0.02231009,921129752.16,1261.9539
1237,3.3867,1.8237,1.8237,1196.87,41619337.69,3765640.18,212001308.39,260922951.01,472924259.40,47162.41,3.27516730,0.00077069,0.02466221,0.01541388,0.00688089,0.02229477,921174914.57,1262.6098
1238,3.3895,1.8235,1.8235,1199.15,41624589.33,3765815.55,212038645.73,260932761.57,472971407.29,47147.89,3.27415891,0.00077056,0.02465808,0.01541130,0.00686817,0.02227947,921220062.45,1263.2653
1239,3.3922,1.8232,1.8232,1201.43,41629840.24,3765990.89,212075971.25,260942569.42,473018540.66,47133.37,3.27315085,0.00077044,0.02465395,0.01540872,0.00685548,0.02226420,921265195.83,1263.9203
1240,3.3949,1.8230,1.8230,1203.71,41635090.42,3766166.17,212113284.96,260952374.57,473065659.53,47118.86,3.27214313,0.00077031,0.02464983,0.01540614,0.00684281,0.02224895,921310314.69,1264.5750
1241,3.3977,1.8227,1.8227,1206.00,41640339.85,3766341.41,212150586.86,260962177.02,473112763.88,47104.35,3.27113574,0.00077018,0.02464570,0.01540356,0.00683016,0.02223372,921355419.04,1265.2292
1242,3.4004,1.8225,1.8225,1208.29,41645588.55,3766516.61,212187876.96,260971976.77,473159853.73,47089.85,3.27012869,0.00077005,0.02464157,0.01540098,0.00681754,0.02221852,921400508.90,1265.8830
1243,3.4031,1.8222,1.8222,1210.59,41650836.50,3766691.76,212225155.26,260981773.83,473206929.09,47075.36,3.26912197,0.00076992,0.02463745,0.01539841,0.00680493,0.02220334,921445584.25,1266.5364
1244,3.4059,1.8220,1.8220,1212.89,41656083.73,3766866.87,212262421.77,260991568.18,473253989.95,47060.86,3.26811558,0.00076979,0.02463333,0.01539583,0.00679236,0.02218819,921490645.12,1267.1894
1245,3.4086,1.8217,1.8217,1215.19,41661330.21,3767041.93,212299676.48,261001359.85,473301036.33,47046.38,3.26710953,0.00076966,0.02462921,0.01539325,0.00677980,0.02217306,921535691.49,1267.8420
1246,3.4114,1.8214,1.8214,1217.50,41666575.96,3767216.95,212336919.41,261011148.82,473348068.23,47031.89,3.26610381,0.00076953,0.02462508,0.01539068,0.00676727,0.02215795,921580723.39,1268.4941
1247,3.4141,1.8212,1.8212,1219.82,41671820.97,3767391.92,212374150.55,261020935.09,473395085.64,47017.42,3.26509843,0.00076941,0.02462096,0.01538810,0.00675476,0.02214286,921625740.81,1269.1458
1248,3.4168,1.8209,1.8209,1222.14,41677065.24,3767566.85,212411369.91,261030718.68,473442088.59,47002.94,3.26409338,0.00076928,0.02461684,0.01538553,0.00674227,0.02212780,921670743.75,1269.7972
1249,3.4196,1.8207,1.8207,1224.46,41682308.77,3767741.74,212448577.49,261040499.57,473489077.06,46988.48,3.26308867,0.00076915,0.02461273,0.01538295,0.00672981,0.02211276,921715732.23,1270.4480
1250,3.4223,1.8204,1.8204,1226.79,41687551.57,3767916.57,212485773.30,261050277.77,473536051.08,46974.01,3.26208428,0.00076902,0.02460861,0.01538038,0.00671737,0.02209775,921760706.24,1271.0985
1251,3.4251,1.8202,1.8202,1229.12,41692793.64,3768091.37,212522957.34,261060053.29,473583010.63,46959.56,3.26108023,0.00076889,0.02460449,0.01537781,0.00670495,0.02208276,921805665.80,1271.7486
1252,3.4278,1.8199,1.8199,1231.45,41698034.96,3768266.12,212560129.62,261069826.12,473629955.74,46945.10,3.26007652,0.00076876,0.02460037,0.01537523,0.00669256,0.02206779,921850610.90,1272.3982
1253,3.4305,1.8196,1.8196,1233.80,41703275.55,3768440.82,212597290.13,261079596.26,473676886.39,46930.65,3.25907314,0.00076863,0.02459626,0.01537266,0.00668019,0.02205285,921895541.55,1273.0474
1254,3.4333,1.8194,1.8194,1236.14,41708515.40,3768615.48,212634438.89,261089363.71,473723802.60,46916.21,3.25807009,0.00076850,0.02459215,0.01537009,0.00666784,0.02203793,921940457.76,1273.6962
1255,3.4360,1.8191,1.8191,1238.49,41713754.52,3768790.10,212671575.89,261099128.48,473770704.37,46901.77,3.25706737,0.00076838,0.02458803,0.01536752,0.00665551,0.02202303,921985359.53,1274.3446
1256,3.4387,1.8189,1.8189,1240.84,41718992.90,3768964.67,212708701.13,261108890.57,473817591.70,46887.34,3.25606499,0.00076825,0.02458392,0.01536495,0.00664321,0.02200816,922030246.87,1274.9926
1257,3.4415,1.8186,1.8186,1243.20,41724230.54,3769139.19,212745814.64,261118649.97,473864464.61,46872.91,3.25506294,0.00076812,0.02457981,0.01536238,0.00663093,0.02199331,922075119.77,1275.6401
1258,3.4442,1.8184,1.8184,1245.57,41729467.45,3769313.68,212782916.39,261128406.70,473911323.09,46858.48,3.25406122,0.00076799,0.02457570,0.01535981,0.00661867,0.02197848,922119978.25,1276.2872
1259,3.4470,1.8181,1.8181,1247.93,41734703.62,3769488.11,212820006.41,261138160.74,473958167.15,46844.06,3.25305983,0.00076786,0.02457159,0.01535724,0.00660643,0.02196368,922164822.32,1276.9339
1260,3.4497,1.8179,1.8179,1250.31,41739939.06,3769662.51,212857084.69,261147912.11,474004996.80,46829.65,3.25205878,0.00076773,0.02456748,0.01535467,0.00659422,0.02194889,922209651.96,1277.5802
1261,3.4524,1.8176,1.8176,1252.68,41745173.76,3769836.85,212894151.24,261157660.79,474051812.04,46815.24,3.25105806,0.00076761,0.02456337,0.01535211,0.00658203,0.02193414,922254467.20,1278.2260
1262,3.4552,1.8173,1.8173,1255.06,41750407.73,3770011.16,212931206.06,261167406.80,474098612.87,46800.83,3.25005767,0.00076748,0.02455926,0.01534954,0.00656986,0.02191940,922299268.03,1278.8714
1263,3.4579,1.8171,1.8171,1257.45,41755640.96,3770185.41,212968249.16,261177150.14,474145399.30,46786.43,3.24905761,0.00076735,0.02455516,0.01534697,0.00655772,0.02190469,922344054.46,1279.5164
1264,3.4606,1.8168,1.8168,1259.84,41760873.45,3770359.63,213005280.54,261186890.79,474192171.33,46772.03,3.24805789,0.00076722,0.02455105,0.01534441,0.00654559,0.02189000,922388826.49,1280.1610
1265,3.4634,1.8166,1.8166,1262.23,41766105.21,3770533.80,213042300.19,261196628.78,474238928.97,46757.64,3.24705849,0.00076709,0.02454694,0.01534184,0.00653349,0.02187533,922433584.13,1280.8051
1266,3.4661,1.8163,1.8163,1264.63,41771336.23,3770707.92,213079308.14,261206364.09,474285672.23,46743.26,3.24605943,0.00076696,0.02454284,0.01533928,0.00652141,0.02186069,922478327.39,1281.4488
1267,3.4689,1.8161,1.8161,1267.04,41776566.52,3770882.00,213116304.37,261216096.73,474332401.10,46728.87,3.24506070,0.00076684,0.02453874,0.01533671,0.00650935,0.02184607,922523056.26,1282.0921
1268,3.4716,1.8158,1.8158,1269.45,41781796.08,3771056.04,213153288.90,261225826.70,474379115.60,46714.50,3.24406230,0.00076671,0.02453464,0.01533415,0.00649732,0.02183147,922567770.76,1282.7350
1269,3.4743,1.8156,1.8156,1271.86,41787024.89,3771230.03,213190261.72,261235554.00,474425815.72,46700.12,3.24306423,0.00076658,0.02453053,0.01533158,0.00648531,0.02181689,922612470.89,1283.3774
1270,3.4771,1.8153,1.8153,1274.28,41792252.98,3771403.98,213227222.85,261245278.64,474472501.48,46685.76,3.24206650,0.00076645,0.02452643,0.01532902,0.00647332,0.02180234,922657156.64,1284.0194
1271,3.4798,1.8151,1.8151,1276.70,41797480.33,3771577.88,213264172.28,261255000.60,474519172.88,46671.39,3.24106909,0.00076632,0.02452233,0.01532646,0.00646135,0.02178781,922701828.04,1284.6610
1272,3.4825,1.8148,1.8148,1279.13,41802706.94,3771751.74,213301110.01,261264719.90,474565829.91,46657.04,3.24007201,0.00076619,0.02451824,0.01532390,0.00644940,0.02177330,922746485.08,1285.3021
1273,3.4853,1.8145,1.8145,1281.56,41807932.82,3771925.56,213338036.06,261274436.53,474612472.60,46642.68,3.23907527,0.00076607,0.02451414,0.01532134,0.00643748,0.02175881,922791127.76,1285.9428
1274,3.4880,1.8143,1.8143,1283.99,41813157.97,3772099.33,213374950.43,261284150.50,474659100.93,46628.34,3.23807886,0.00076594,0.02451004,0.01531878,0.00642558,0.02174435,922835756.10,1286.5831
1275,3.4908,1.8140,1.8140,1286.43,41818382.38,3772273.05,213411853.12,261293861.81,474705714.92,46613.99,3.23708277,0.00076581,0.02450594,0.01531622,0.00641369,0.02172991,922880370.09,1287.2229
1276,3.4935,1.8138,1.8138,1288.88,41823606.06,3772446.73,213448744.13,261303570.45,474752314.58,46599.65,3.23608702,0.00076568,0.02450185,0.01531366,0.00640184,0.02171549,922924969.74,1287.8624
1277,3.4962,1.8135,1.8135,1291.33,41828829.00,3772620.37,213485623.46,261313276.44,474798899.90,46585.32,3.23509160,0.00076555,0.02449776,0.01531110,0.00639000,0.02170110,922969555.06,1288.5013
1278,3.4990,1.8133,1.8133,1293.78,41834051.21,3772793.96,213522491.13,261322979.76,474845470.89,46570.99,3.23409650,0.00076543,0.02449366,0.01530854,0.00637818,0.02168672,923014126.05,1289.1399
1279,3.5017,1.8130,1.8130,1296.24,41839272.69,3772967.51,213559347.13,261332680.42,474892027.55,46556.67,3.23310174,0.00076530,0.02448957,0.01530598,0.00636639,0.02167237,923058682.71,1289.7780
1280,3.5044,1.8128,1.8128,1298.71,41844493.43,3773141.02,213596191.47,261342378.43,474938569.90,46542.35,3.23210731,0.00076517,0.02448548,0.01530342,0.00635462,0.02165804,923103225.06,1290.4157
1281,3.5072,1.8125,1.8125,1301.18,41849713.44,3773314.48,213633024.15,261352073.78,474985097.93,46528.03,3.23111320,0.00076504,0.02448139,0.01530087,0.00634287,0.02164373,923147753.09,1291.0530
1282,3.5099,1.8122,1.8122,1303.65,41854932.72,3773487.89,213669845.17,261361766.47,475031611.65,46513.72,3.23011943,0.00076492,0.02447730,0.01529831,0.00633114,0.02162945,923192266.81,1291.6898
1283,3.5127,1.8120,1.8120,1306.13,41860151.26,3773661.26,213706654.55,261371456.51,475078111.06,46499.41,3.22912599,0.00076479,0.02447321,0.01529575,0.00631943,0.02161519,923236766.22,1292.3262
1284,3.5154,1.8117,1.8117,1308.61,41865369.07,3773834.59,213743452.28,261381143.90,475124596.17,46485.11,3.22813287,0.00076466,0.02446912,0.01529320,0.00630775,0.02160095,923281251.34,1292.9621
1285,3.5181,1.8115,1.8115,1311.10,41870586.14,3774007.88,213780238.36,261390828.63,475171066.99,46470.82,3.22714009,0.00076453,0.02446503,0.01529064,0.00629608,0.02158673,923325722.15,1293.5976
1286,3.5209,1.8112,1.8112,1313.59,41875802.48,3774181.12,213817012.80,261400510.71,475217523.52,46456.53,3.22614763,0.00076440,0.02446094,0.01528809,0.00628444,0.02157253,923370178.68,1294.2327
1287,3.5236,1.8110,1.8110,1316.09,41881018.09,3774354.31,213853775.61,261410190.15,475263965.76,46442.24,3.22515550,0.00076428,0.02445686,0.01528554,0.00627282,0.02155836,923414620.92,1294.8673
1288,3.5264,1.8107,1.8107,1318.59,41886232.97,3774527.46,213890526.79,261419866.93,475310393.71,46427.96,3.22416370,0.00076415,0.02445277,0.01528298,0.00626122,0.02154420,923459048.88,1295.5015
1289,3.5291,1.8105,1.8105,1321.09,41891447.11,3774700.57,213927266.33,261429541.06,475356807.39,46413.68,3.22317223,0.00076402,0.02444869,0.01528043,0.00624964,0.02153007,923503462.56,1296.1353
1290,3.5318,1.8102,1.8102,1323.61,41896660.52,3774873.63,213963994.25,261439212.55,475403206.80,46399.41,3.22218109,0.00076389,0.02444461,0.01527788,0.00623808,0.02151596,923547861.96,1296.7686
1291,3.5346,1.8100,1.8100,1326.12,41901873.20,3775046.65,214000710.55,261448881.39,475449591.94,46385.14,3.22119028,0.00076377,0.02444052,0.01527533,0.00622655,0.02150188,923592247.10,1297.4015
1292,3.5373,1.8097,1.8097,1328.64,41907085.15,3775219.62,214037415.23,261458547.59,475495962.82,46370.88,3.22019980,0.00076364,0.02443644,0.01527278,0.00621503,0.02148781,923636617.98,1298.0340
1293,3.5400,1.8094,1.8094,1331.17,41912296.36,3775392.56,214074108.30,261468211.14,475542319.44,46356.62,3.21920964,0.00076351,0.02443236,0.01527023,0.00620354,0.02147377,923680974.60,1298.6660
1294,3.5428,1.8092,1.8092,1333.70,41917506.84,3775565.44,214110789.76,261477872.04,475588661.80,46342.37,3.21821981,0.00076338,0.02442828,0.01526768,0.00619207,0.02145975,923725316.97,1299.2975
1295,3.5455,1.8089,1.8089,1336.23,41922716.59,3775738.28,214147459.61,261487530.31,475634989.92,46328.12,3.21723031,0.00076326,0.02442420,0.01526513,0.00618062,0.02144575,923769645.08,1299.9287
1296,3.5483,1.8087,1.8087,1338.77,41927925.61,3775911.08,214184117.86,261497185.94,475681303.79,46313.87,3.21624114,0.00076313,0.02442013,0.01526258,0.00616919,0.02143177,923813958.96,1300.5593
1297,3.5510,1.8084,1.8084,1341.32,41933133.89,3776083.84,214220764.50,261506838.92,475727603.43,46299.63,3.21525230,0.00076300,0.02441605,0.01526003,0.00615778,0.02141781,923858258.59,1301.1896
1298,3.5537,1.8082,1.8082,1343.87,41938341.45,3776256.55,214257399.56,261516489.27,475773888.82,46285.40,3.21426378,0.00076287,0.02441197,0.01525748,0.00614639,0.02140387,923902543.99,1301.8194
1299,3.5565,1.8079,1.8079,1346.42,41943548.27,3776429.22,214294023.02,261526136.98,475820159.99,46271.17,3.21327559,0.00076275,0.02440790,0.01525494,0.00613502,0.02138996,923946815.16,1302.4488
1300,3.5592,1.8077,1.8077,1348.98,41948754.36,3776601.84,214330634.89,261535782.05,475866416.94,46256.94,3.21228773,0.00076262,0.02440382,0.01525239,0.00612368,0.02137607,923991072.10,1303.0777
1301,3.5619,1.8074,1.8074,1351.55,41953959.71,3776774.42,214367235.17,261545424.49,475912659.66,46242.72,3.21130020,0.00076249,0.02439975,0.01524984,0.00611235,0.02136220,924035314.82,1303.7062
1302,3.5647,1.8072,1.8072,1354.11,41959164.34,3776946.95,214403823.88,261555064.29,475958888.17,46228.51,3.21031299,0.00076236,0.02439568,0.01524730,0.00610105,0.02134835,924079543.33,1304.3342
1303,3.5674,1.8069,1.8069,1356.69,41964368.24,3777119.44,214440401.01,261564701.45,476005102.46,46214.30,3.20932611,0.00076224,0.02439160,0.01524475,0.00608976,0.02133452,924123757.62,1304.9618
1304,3.5702,1.8067,1.8067,1359.27,41969571.40,3777291.89,214476966.56,261574335.99,476051302.55,46200.09,3.20833956,0.00076211,0.02438753,0.01524221,0.00607850,0.02132071,924167957.71,1305.5889
1305,3.5729,1.8064,1.8064,1361.85,41974773.83,3777464.30,214513520.54,261583967.89,476097488.44,46185.89,3.20735333,0.00076198,0.02438346,0.01523966,0.00606726,0.02130692,924212143.60,1306.2156
1306,3.5756,1.8061,1.8061,1364.44,41979975.54,3777636.66,214550062.96,261593597.17,476143660.13,46171.69,3.20636743,0.00076186,0.02437939,0.01523712,0.00605604,0.02129316,924256315.29,1306.8419
1307,3.5784,1.8059,1.8059,1367.03,41985176.51,3777808.97,214586593.82,261603223.81,476189817.63,46157.50,3.20538186,0.00076173,0.02437533,0.01523458,0.00604484,0.02127942,924300472.79,1307.4677
1308,3.5811,1.8056,1.8056,1369.63,41990376.75,3777981.24,214623113.11,261612847.83,476235960.94,46143.31,3.20439661,0.00076160,0.02437126,0.01523204,0.00603366,0.02126569,924344616.10,1308.0931
1309,3.5838,1.8054,1.8054,1372.24,41995576.26,3778153.47,214659620.85,261622469.22,476282090.07,46129.13,3.20341169,0.00076147,0.02436719,0.01522949,0.00602250,0.02125199,924388745.23,1308.7180
1310,3.5866,1.8051,1.8051,1374.84,42000775.03,3778325.66,214696117.04,261632087.98,476328205.02,46114.95,3.20242710,0.00076135,0.02436312,0.01522695,0.00601136,0.02123831,924432860.18,1309.3425
1311,3.5893,1.8049,1.8049,1377.46,42005973.08,3778497.80,214732601.68,261641704.11,476374305.80,46100.78,3.20144283,0.00076122,0.02435906,0.01522441,0.00600024,0.02122465,924476960.96,1309.9665
1312,3.5921,1.8046,1.8046,1380.08,42011170.40,3778669.90,214769074.78,261651317.63,476420392.40,46086.61,3.20045889,0.00076109,0.02435500,0.01522187,0.00598914,0.02121101,924521047.57,1310.5901
1313,3.5948,1.8044,1.8044,1382.70,42016366.99,3778841.95,214805536.33,261660928.52,476466464.85,46072.44,3.19947527,0.00076097,0.02435093,0.01521933,0.00597806,0.02119740,924565120.01,1311.2132
1314,3.5975,1.8041,1.8041,1385.33,42021562.84,3779013.96,214841986.35,261670536.78,476512523.13,46058.28,3.19849198,0.00076084,0.02434687,0.01521679,0.00596701,0.02118380,924609178.29,1311.8359
1315,3.6003,1.8039,1.8039,1387.96,42026757.97,3779185.92,214878424.83,261680142.43,476558567.26,46044.13,3.19750902,0.00076071,0.02434281,0.01521426,0.00595597,0.02117022,924653222.42,1312.4581
1316,3.6030,1.8036,1.8036,1390.60,42031952.37,3779357.85,214914851.79,261689745.46,476604597.24,46029.98,3.19652638,0.00076059,0.02433875,0.01521172,0.00594495,0.02115667,924697252.40,1313.0799
1317,3.6057,1.8034,1.8034,1393.24,42037146.04,3779529.73,214951267.21,261699345.86,476650613.08,46015.83,3.19554407,0.00076046,0.02433469,0.01520918,0.00593396,0.02114314,924741268.24,1313.7013
1318,3.6085,1.8031,1.8031,1395.89,42042338.97,3779701.56,214987671.12,261708943.65,476696614.77,46001.69,3.19456208,0.00076033,0.02433063,0.01520664,0.00592298,0.02112962,924785269.93,1314.3221
1319,3.6112,1.8028,1.8028,1398.54,42047531.18,3779873.35,215024063.51,261718538.82,476742602.33,45987.56,3.19358041,0.00076021,0.02432657,0.01520411,0.00591202,0.02111613,924829257.49,1314.9426
1320,3.6140,1.8026,1.8026,1401.20,42052722.66,3780045.10,215060444.38,261728131.38,476788575.75,45973.43,3.19259908,0.00076008,0.02432251,0.01520157,0.00590109,0.02110266,924873230.92,1315.5626
1321,3.6167,1.8023,1.8023,1403.87,42057913.41,3780216.81,215096813.73,261737721.32,476834535.05,45959.30,3.19161806,0.00075995,0.02431846,0.01519904,0.00589017,0.02108921,924917190.22,1316.1821
1322,3.6194,1.8021,1.8021,1406.53,42063103.43,3780388.47,215133171.59,261747308.65,476880480.23,45945.18,3.19063737,0.00075983,0.02431440,0.01519650,0.00587928,0.02107578,924961135.40,1316.8012
1323,3.6222,1.8018,1.8018,1409.21,42068292.72,3780560.08,215169517.93,261756893.36,476926411.29,45931.06,3.18965701,0.00075970,0.02431035,0.01519397,0.00586840,0.02106237,925005066.46,1317.4198
1324,3.6249,1.8016,1.8016,1411.89,42073481.28,3780731.66,215205852.78,261766475.46,476972328.24,45916.95,3.18867697,0.00075957,0.02430629,0.01519143,0.00585755,0.02104898,925048983.41,1318.0380
1325,3.6277,1.8013,1.8013,1414.57,42078669.11,3780903.19,215242176.13,261776054.96,477018231.08,45902.84,3.18769726,0.00075944,0.02430224,0.01518890,0.00584671,0.02103561,925092886.25,1318.6557
1326,3.6304,1.8011,1.8011,1417.26,42083856.21,3781074.67,215278487.98,261785631.84,477064119.82,45888.74,3.18671786,0.00075932,0.02429819,0.01518637,0.00583589,0.02102226,925136774.98,1319.2730
1327,3.6331,1.8008,1.8008,1419.95,42089042.58,3781246.12,215314788.35,261795206.11,477109994.46,45874.64,3.18573880,0.00075919,0.02429413,0.01518383,0.00582510,0.02100893,925180649.62,1319.8898
1328,3.6359,1.8006,1.8006,1422.65,42094228.23,3781417.52,215351077.23,261804777.78,477155855.00,45860.54,3.18476006,0.00075907,0.02429008,0.01518130,0.00581432,0.02099563,925224510.17,1320.5062
1329,3.6386,1.8003,1.8003,1425.36,42099413.14,3781588.87,215387354.62,261814346.84,477201701.46,45846.46,3.18378164,0.00075894,0.02428603,0.01517877,0.00580357,0.02098234,925268356.62,1321.1221
1330,3.6413,1.8001,1.8001,1428.07,42104597.33,3781760.19,215423620.54,261823913.29,477247533.83,45832.37,3.18280354,0.00075881,0.02428199,0.01517624,0.00579283,0.02096907,925312188.99,1321.7375
1331,3.6441,1.7998,1.7998,1430.78,42109780.79,3781931.46,215459874.98,261833477.14,477293352.12,45818.29,3.18182577,0.00075869,0.02427794,0.01517371,0.00578211,0.02095583,925356007.28,1322.3526
1332,3.6468,1.7996,1.7996,1433.50,42114963.52,3782102.68,215496117.95,261843038.38,477339156.34,45804.22,3.18084832,0.00075856,0.02427389,0.01517118,0.00577142,0.02094260,925399811.50,1322.9671
1333,3.6496,1.7993,1.7993,1436.22,42120145.52,3782273.87,215532349.46,261852597.03,477384946.48,45790.15,3.17987120,0.00075843,0.02426984,0.01516865,0.00576074,0.02092939,925443601.65,1323.5812
1334,3.6523,1.7991,1.7991,1438.95,42125326.80,3782445.01,215568569.49,261862153.07,477430722.56,45776.08,3.17889440,0.00075831,0.02426580,0.01516612,0.00575008,0.02091621,925487377.72,1324.1948
1335,3.6550,1.7988,1.7988,1441.69,42130507.34,3782616.10,215604778.07,261871706.51,477476484.58,45762.02,3.17791792,0.00075818,0.02426175,0.01516360,0.00573945,0.02090304,925531139.74,1324.8080
1336,3.6578,1.7985,1.7985,1444.43,42135687.16,3782787.15,215640975.19,261881257.35,477522232.54,45747.96,3.17694177,0.00075805,0.02425771,0.01516107,0.00572883,0.02088990,925574887.70,1325.4207
1337,3.6605,1.7983,1.7983,1447.18,42140866.25,3782958.16,215677160.86,261890805.59,477567966.45,45733.91,3.17596594,0.00075793,0.02425367,0.01515854,0.00571823,0.02087677,925618621.61,1326.0330
1338,3.6632,1.7980,1.7980,1449.93,42146044.61,3783129.13,215713335.07,261900351.24,477613686.31,45719.86,3.17499043,0.00075780,0.02424963,0.01515602,0.00570765,0.02086367,925662341.48,1326.6448
1339,3.6660,1.7978,1.7978,1452.68,42151222.25,3783300.05,215749497.84,261909894.29,477659392.13,45705.82,3.17401524,0.00075767,0.02424558,0.01515349,0.00569709,0.02085058,925706047.30,1327.2562
1340,3.6687,1.7975,1.7975,1455.44,42156399.16,3783470.93,215785649.17,261919434.74,477705083.91,45691.78,3.17304038,0.00075755,0.02424154,0.01515096,0.00568655,0.02083752,925749739.08,1327.8671
1341,3.6715,1.7973,1.7973,1458.21,42161575.34,3783641.77,215821789.06,261928972.60,477750761.66,45677.75,3.17206584,0.00075742,0.02423750,0.01514844,0.00567603,0.02082447,925793416.82,1328.4775
1342,3.6742,1.7970,1.7970,1460.98,42166750.79,3783812.56,215857917.51,261938507.87,477796425.38,45663.72,3.17109162,0.00075730,0.02423347,0.01514592,0.00566553,0.02081144,925837080.54,1329.0875
1343,3.6769,1.7968,1.7968,1463.76,42171925.51,3783983.31,215894034.54,261948040.54,477842075.08,45649.70,3.17011772,0.00075717,0.02422943,0.01514339,0.00565505,0.02079844,925880730.24,1329.6970
1344,3.6797,1.7965,1.7965,1466.54,42177099.51,3784154.02,215930140.13,261957570.62,477887710.75,45635.68,3.16914415,0.00075704,0.02422539,0.01514087,0.00564458,0.02078545,925924365.92,1330.3060
1345,3.6824,1.7963,1.7963,1469.33,42182272.78,3784324.68,215966234.30,261967098.12,477933332.41,45621.66,3.16817090,0.00075692,0.02422135,0.01513835,0.00563414,0.02077249,925967987.58,1330.9146
1346,3.6851,1.7960,1.7960,1472.12,42187445.33,3784495.30,216002317.04,261976623.02,477978940.06,45607.65,3.16719797,0.00075679,0.02421732,0.01513582,0.00562372,0.02075954,926011595.23,1331.5228
1347,3.6879,1.7958,1.7958,1474.92,42192617.15,3784665.88,216038388.37,261986145.33,478024533.71,45593.65,3.16622536,0.00075667,0.02421329,0.01513330,0.00561331,0.02074661,926055188.87,1332.1305
1348,3.6906,1.7955,1.7955,1477.72,42197788.24,3784836.41,216074448.29,261995665.06,478070113.35,45579.64,3.16525307,0.00075654,0.02420925,0.01513078,0.00560292,0.02073371,926098768.52,1332.7377
1349,3.6934,1.7953,1.7953,1480.53,42202958.60,3785006.90,216110496.80,262005182.20,478115679.00,45565.65,3.16428111,0.00075641,0.02420522,0.01512826,0.00559256,0.02072082,926142334.16,1333.3444
1350,3.6961,1.7950,1.7950,1483.35,42208128.24,3785177.35,216146533.90,262014696.76,478161230.66,45551.66,3.16330946,0.00075629,0.02420119,0.01512574,0.00558221,0.02070795,926185885.82,1333.9507
1351,3.6988,1.7948,1.7948,1486.17,42213297.15,3785347.75,216182559.59,262024208.73,478206768.33,45537.67,3.16233814,0.00075616,0.02419716,0.01512322,0.00557188,0.02069510,926229423.49,1334.5565
1352,3.7016,1.7945,1.7945,1488.99,42218465.33,3785518.12,216218573.89,262033718.12,478252292.01,45523.69,3.16136714,0.00075604,0.02419313,0.01512070,0.00556157,0.02068227,926272947.18,1335.1619
1353,3.7043,1.7943,1.7943,1491.82,42223632.79,3785688.43,216254576.79,262043224.93,478297801.72,45509.71,3.16039646,0.00075591,0.02418910,0.01511819,0.00555128,0.02066947,926316456.89,1335.7668
1354,3.7070,1.7940,1.7940,1494.66,42228799.52,3785858.71,216290568.30,262052729.16,478343297.46,45495.74,3.15942610,0.00075578,0.02418507,0.01511567,0.00554101,0.02065668,926359952.62,1336.3713
1355,3.7098,1.7938,1.7938,1497.50,42233965.53,3786028.94,216326548.42,262062230.80,478388779.23,45481.77,3.15845606,0.00075566,0.02418104,0.01511315,0.00553076,0.02064391,926403434.39,1336.9752
1356,3.7125,1.7935,1.7935,1500.35,42239130.81,3786199.13,216362517.16,262071729.87,478434247.03,45467.80,3.15748635,0.00075553,0.02417701,0.01511063,0.00552052,0.02063115,926446902.19,1337.5788
1357,3.7153,1.7932,1.7932,1503.20,42244295.36,3786369.28,216398474.52,262081226.36,478479700.87,45453.84,3.15651695,0.00075541,0.02417299,0.01510812,0.00551031,0.02061842,926490356.04,1338.1818
1358,3.7180,1.7930,1.7930,1506.06,42249459.19,3786539.38,216434420.49,262090720.27,478525140.76,45439.89,3.15554787,0.00075528,0.02416896,0.01510560,0.00550011,0.02060571,926533795.93,1338.7844
1359,3.7207,1.7927,1.7927,1508.92,42254622.30,3786709.44,216470355.10,262100211.61,478570566.70,45425.94,3.15457912,0.00075515,0.02416494,0.01510309,0.00548993,0.02059302,926577221.86,1339.3865
1360,3.7235,1.7925,1.7925,1511.79,42259784.67,3786879.46,216506278.33,262109700.37,478615978.70,45411.99,3.15361068,0.00075503,0.02416092,0.01510057,0.00547977,0.02058035,926620633.86,1339.9882
1361,3.7262,1.7922,1.7922,1514.66,42264946.33,3787049.43,216542190.20,262119186.55,478661376.75,45398.05,3.15264257,0.00075490,0.02415689,0.01509806,0.00546963,0.02056769,926664031.91,1340.5894
1362,3.7290,1.7920,1.7920,1517.54,42270107.25,3787219.36,216578090.70,262128670.17,478706760.87,45384.12,3.15167477,0.00075478,0.02415287,0.01509554,0.00545951,0.02055506,926707416.03,1341.1901
1363,3.7317,1.7917,1.7917,1520.42,42275267.45,3787389.25,216613979.84,262138151.21,478752131.05,45370.19,3.15070729,0.00075465,0.02414885,0.01509303,0.00544941,0.02054244,926750786.21,1341.7904
1364,3.7344,1.7915,1.7915,1523.31,42280426.93,3787559.10,216649857.63,262147629.68,478797487.31,45356.26,3.14974014,0.00075453,0.02414483,0.01509052,0.00543932,0.02052984,926794142.47,1342.3902
1365,3.7372,1.7912,1.7912,1526.21,42285585.68,3787728.90,216685724.06,262157105.58,478842829.64,45342.34,3.14877330,0.00075440,0.02414081,0.01508801,0.00542926,0.02051727,926837484.81,1342.9895
1366,3.7399,1.7910,1.7910,1529.11,42290743.71,3787898.66,216721579.15,262166578.91,478888158.06,45328.42,3.14780679,0.00075427,0.02413679,0.01508550,0.00541921,0.02050471,926880813.22,1343.5884
1367,3.7426,1.7907,1.7907,1532.02,42295901.01,3788068.38,216757422.89,262176049.68,478933472.57,45314.50,3.14684059,0.00075415,0.02413277,0.01508298,0.00540918,0.02049217,926924127.73,1344.1868
1368,3.7454,1.7905,1.7905,1534.93,42301057.59,3788238.05,216793255.29,262185517.88,478978773.16,45300.60,3.14587471,0.00075402,0.02412876,0.01508047,0.00539917,0.02047965,926967428.32,1344.7847
1369,3.7481,1.7902,1.7902,1537.85,42306213.44,3788407.68,216829076.35,262194983.51,479024059.85,45286.69,3.14490915,0.00075390,0.02412474,0.01507796,0.00538918,0.02046715,927010715.02,1345.3821
1370,3.7509,1.7900,1.7900,1540.77,42311368.57,3788577.27,216864886.07,262204446.57,479069332.65,45272.79,3.14394391,0.00075377,0.02412073,0.01507545,0.00537921,0.02045466,927053987.81,1345.9791
1371,3.7536,1.7897,1.7897,1543.70,42316522.97,3788746.82,216900684.47,262213907.08,479114591.54,45258.90,3.14297899,0.00075365,0.02411671,0.01507295,0.00536925,0.02044220,927097246.71,1346.5757
1372,3.7563,1.7895,1.7895,1546.63,42321676.65,3788916.32,216936471.53,262223365.02,479159836.55,45245.01,3.14201439,0.00075352,0.02411270,0.01507044,0.00535932,0.02042975,927140491.71,1347.1717
1373,3.7591,1.7892,1.7892,1549.57,42326829.61,3789085.78,216972247.28,262232820.40,479205067.67,45231.12,3.14105011,0.00075340,0.02410869,0.01506793,0.00534940,0.02041733,927183722.84,1347.7673
1374,3.7618,1.7890,1.7890,1552.52,42331981.84,3789255.20,217008011.70,262242273.21,479250284.91,45217.24,3.14008614,0.00075327,0.02410468,0.01506542,0.00533950,0.02040492,927226940.08,1348.3624
1375,3.7645,1.7887,1.7887,1555.47,42337133.34,3789424.57,217043764.81,262251723.47,479295488.28,45203.36,3.13912250,0.00075315,0.02410067,0.01506292,0.00532962,0.02039253,927270143.44,1348.9571
1376,3.7673,1.7885,1.7885,1558.43,42342284.13,3789593.91,217079506.60,262261171.17,479340677.77,45189.49,3.13815917,0.00075302,0.02409666,0.01506041,0.00531975,0.02038016,927313332.93,1349.5513
1377,3.7700,1.7882,1.7882,1561.39,42347434.19,3789763.20,217115237.08,262270616.31,479385853.39,45175.62,3.13719616,0.00075290,0.02409265,0.01505790,0.00530991,0.02036781,927356508.56,1350.1450
1378,3.7728,1.7880,1.7880,1564.36,42352583.52,3789932.44,217150956.26,262280058.89,479431015.16,45161.76,3.13623347,0.00075277,0.02408864,0.01505540,0.00530008,0.02035548,927399670.32,1350.7382
1379,3.7755,1.7877,1.7877,1567.33,42357732.13,3790101.65,217186664.14,262289498.92,479476163.06,45147.90,3.13527109,0.00075264,0.02408463,0.01505289,0.00529027,0.02034316,927442818.22,1351.3310
1380,3.7782,1.7875,1.7875,1570.31,42362880.02,3790270.81,217222360.72,262298936.39,479521297.11,45134.05,3.13430904,0.00075252,0.02408062,0.01505039,0.00528048,0.02033087,927485952.27,1351.9233
1381,3.7810,1.7872,1.7872,1573.29,42368027.19,3790439.93,217258046.00,262308371.31,479566417.31,45120.20,3.13334730,0.00075239,0.02407662,0.01504789,0.00527071,0.02031859,927529072.47,1352.5151
1382,3.7837,1.7870,1.7870,1576.28,42373173.63,3790609.00,217293719.99,262317803.68,479611523.67,45106.36,3.13238588,0.00075227,0.02407261,0.01504538,0.00526095,0.02030633,927572178.83,1353.1064
1383,3.7864,1.7867,1.7867,1579.28,42378319.35,3790778.04,217329382.69,262327233.49,479656616.18,45092.52,3.13142478,0.00075214,0.02406861,0.01504288,0.00525121,0.02029409,927615271.35,1353.6973
1384,3.7892,1.7865,1.7865,1582.28,42383464.34,3790947.03,217365034.11,262336660.76,479701694.87,45078.68,3.13046399,0.00075202,0.02406461,0.01504038,0.00524149,0.02028187,927658350.03,1354.2877
1385,3.7919,1.7862,1.7862,1585.29,42388608.62,3791115.98,217400674.25,262346085.47,479746759.72,45064.85,3.12950353,0.00075189,0.02406060,0.01503788,0.00523179,0.02026967,927701414.88,1354.8777
1386,3.7947,1.7860,1.7860,1588.30,42393752.17,3791284.88,217436303.11,262355507.64,479791810.74,45051.02,3.12854337,0.00075177,0.02405660,0.01503538,0.00522211,0.02025749,927744465.90,1355.4671
1387,3.7974,1.7857,1.7857,1591.32,42398894.99,3791453.74,217471920.69,262364927.25,479836847.94,45037.20,3.12758354,0.00075164,0.02405260,0.01503288,0.00521244,0.02024532,927787503.11,1356.0561
1388,3.8001,1.7855,1.7855,1594.35,42404037.10,3791622.57,217507527.01,262374344.32,479881871.33,45023.39,3.12662403,0.00075152,0.02404860,0.01503038,0.00520280,0.02023317,927830526.49,1356.6447
1389,3.8029,1.7852,1.7852,1597.38,42409178.48,3791791.34,217543122.06,262383758.85,479926880.90,45009.57,3.12566483,0.00075139,0.02404460,0.01502788,0.00519317,0.02022104,927873536.07,1357.2327
1390,3.8056,1.7850,1.7850,1600.41,42414319.14,3791960.08,217578705.84,262393170.83,479971876.67,44995.77,3.12470594,0.00075127,0.02404060,0.01502538,0.00518355,0.02020893,927916531.83,1357.8203
1391,3.8084,1.7847,1.7847,1603.46,42419459.08,3792128.77,217614278.37,262402580.26,480016858.63,44981.96,3.12374738,0.00075114,0.02403661,0.01502288,0.00517396,0.02019684,927959513.79,1358.4074
1392,3.8111,1.7844,1.7844,1606.50,42424598.29,3792297.42,217649839.64,262411987.15,480061826.79,44968.16,3.12278913,0.00075102,0.02403261,0.01502038,0.00516438,0.02018476,928002481.96,1358.9940
1393,3.8138,1.7842,1.7842,1609.56,42429736.78,3792466.03,217685389.66,262421391.51,480106781.16,44954.37,3.12183119,0.00075089,0.02402862,0.01501788,0.00515482,0.02017271,928045436.33,1359.5801
1394,3.8166,1.7839,1.7839,1612.62,42434874.55,3792634.60,217720928.43,262430793.32,480151721.74,44940.58,3.12087358,0.00075077,0.02402462,0.01501539,0.00514528,0.02016067,928088376.91,1360.1658
1395,3.8193,1.7837,1.7837,1615.68,42440011.60,3792803.12,217756455.95,262440192.59,480196648.54,44926.79,3.11991628,0.00075064,0.02402063,0.01501289,0.00513576,0.02014865,928131303.70,1360.7510
1396,3.8220,1.7834,1.7834,1618.75,42445147.93,3792971.60,217791972.24,262449589.32,480241561.55,44913.01,3.11895929,0.00075052,0.02401663,0.01501040,0.00512625,0.02013665,928174216.71,1361.3357
1397,3.8248,1.7832,1.7832,1621.83,42450283.53,3793140.04,217827477.28,262458983.51,480286460.79,44899.24,3.11800262,0.00075040,0.02401264,0.01500790,0.00511676,0.02012466,928217115.95,1361.9200
1398,3.8275,1.7829,1.7829,1624.91,42455418.42,3793308.44,217862971.09,262468375.17,480331346.26,44885.47,3.11704627,0.00075027,0.02400865,0.01500541,0.00510729,0.02011270,928260001.42,1362.5038
1399,3.8303,1.7827,1.7827,1628.00,42460552.58,3793476.79,217898453.67,262477764.29,480376217.95,44871.70,3.11609023,0.00075015,0.02400466,0.01500291,0.00509783,0.02010075,928302873.12,1363.0871
1400,3.8330,1.7824,1.7824,1631.10,42465686.02,3793645.10,217933925.02,262487150.87,480421075.89,44857.94,3.11513451,0.00075002,0.02400067,0.01500042,0.00508840,0.02008882,928345731.05,1363.6699
1401,3.8357,1.7822,1.7822,1634.20,42470818.74,3793813.37,217969385.15,262496534.92,480465920.07,44844.18,3.11417910,0.00074990,0.02399668,0.01499793,0.00507898,0.02007690,928388575.23,1364.2522
1402,3.8385,1.7819,1.7819,1637.30,42475950.74,3793981.60,218004834.06,262505916.44,480510750.50,44830.43,3.11322401,0.00074977,0.02399269,0.01499543,0.00506958,0.02006501,928431405.66,1364.8341
1403,3.8412,1.7817,1.7817,1640.42,42481082.01,3794149.78,218040271.75,262515295.43,480555567.17,44816.68,3.11226924,0.00074965,0.02398871,0.01499294,0.00506019,0.02005313,928474222.34,1365.4155
1404,3.8439,1.7814,1.7814,1643.53,42486212.57,3794317.93,218075698.22,262524671.88,480600370.11,44802.93,3.11131478,0.00074952,0.02398472,0.01499045,0.00505082,0.02004127,928517025.27,1365.9964
1405,3.8467,1.7812,1.7812,1646.66,42491342.40,3794486.03,218111113.49,262534045.81,480645159.30,44789.19,3.11036063,0.00074940,0.02398073,0.01498796,0.00504147,0.02002943,928559814.46,1366.5768
1406,3.8494,1.7809,1.7809,1649.79,42496471.52,3794654.08,218146517.55,262543417.21,480689934.76,44775.46,3.10940680,0.00074927,0.02397675,0.01498547,0.00503214,0.02001761,928602589.92,1367.1568
1407,3.8522,1.7807,1.7807,1652.93,42501599.91,3794822.10,218181910.41,262552786.07,480734696.48,44761.73,3.10845328,0.00074915,0.02397276,0.01498298,0.00502283,0.02000580,928645351.65,1367.7363
1408,3.8549,1.7804,1.7804,1656.07,42506727.58,3794990.07,218217292.07,262562152.42,480779444.49,44748.00,3.10750008,0.00074902,0.02396878,0.01498049,0.00501353,0.01999402,928688099.65,1368.3153
1409,3.8576,1.7802,1.7802,1659.21,42511854.53,3795158.01,218252662.53,262571516.23,480824178.77,44734.28,3.10654719,0.00074890,0.02396480,0.01497800,0.00500425,0.01998224,928730833.93,1368.8938
1410,3.8604,1.7799,1.7799,1662.37,42516980.77,3795325.89,218288021.81,262580877.52,480868899.33,44720.56,3.10559462,0.00074878,0.02396082,0.01497551,0.00499498,0.01997049,928773554.49,1369.4719
1411,3.8631,1.7797,1.7797,1665.53,42522106.28,3795493.74,218323369.89,262590236.29,480913606.18,44706.85,3.10464236,0.00074865,0.02395684,0.01497302,0.00498573,0.01995876,928816261.34,1370.0494
1412,3.8658,1.7794,1.7794,1668.69,42527231.07,3795661.55,218358706.79,262599592.53,480958299.32,44693.14,3.10369042,0.00074853,0.02395286,0.01497054,0.00497650,0.01994704,928858954.48,1370.6265
1413,3.8686,1.7792,1.7792,1671.87,42532355.14,3795829.31,218394032.51,262608946.25,481002978.76,44679.44,3.10273879,0.00074840,0.02394888,0.01496805,0.00496729,0.01993534,928901633.92,1371.2031
1414,3.8713,1.7789,1.7789,1675.04,42537478.49,3795997.03,218429347.05,262618297.45,481047644.50,44665.74,3.10178747,0.00074828,0.02394490,0.01496556,0.00495809,0.01992366,928944299.66,1371.7792
1415,3.8741,1.7787,1.7787,1678.23,42542601.12,3796164.71,218464650.41,262627646.13,481092296.54,44652.05,3.10083647,0.00074815,0.02394092,0.01496308,0.00494891,0.01991199,928986951.71,1372.3549
1416,3.8768,1.7784,1.7784,1681.42,42547723.03,3796332.34,218499942.61,262636992.29,481136934.90,44638.36,3.09988578,0.00074803,0.02393695,0.01496059,0.00493975,0.01990034,929029590.06,1372.9301
1417,3.8795,1.7782,1.7782,1684.61,42552844.22,3796499.94,218535223.63,262646335.93,481181559.57,44624.67,3.09893541,0.00074791,0.02393297,0.01495811,0.00493061,0.01988871,929072214.73,1373.5048
1418,3.8823,1.7779,1.7779,1687.82,42557964.69,3796667.49,218570493.50,262655677.06,481226170.56,44610.99,3.09798535,0.00074778,0.02392900,0.01495562,0.00492148,0.01987710,929114825.72,1374.0790
1419,3.8850,1.7777,1.7777,1691.03,42563084.44,3796835.00,218605752.20,262665015.67,481270767.87,44597.31,3.09703560,0.00074766,0.02392502,0.01495314,0.00491237,0.01986550,929157423.03,1374.6527
1420,3.8877,1.7774,1.7774,1694.24,42568203.48,3797002.47,218640999.75,262674351.76,481315351.51,44583.64,3.09608616,0.00074753,0.02392105,0.01495066,0.00490327,0.01985393,929200006.67,1375.2259
1421,3.8905,1.7772,1.7772,1697.46,42573321.79,3797169.89,218676236.14,262683685.34,481359921.48,44569.97,3.09513704,0.00074741,0.02391708,0.01494817,0.00489419,0.01984237,929242576.65,1375.7987
1422,3.8932,1.7769,1.7769,1700.69,42578439.38,3797337.28,218711461.39,262693016.41,481404477.79,44556.31,3.09418824,0.00074728,0.02391310,0.01494569,0.00488513,0.01983082,929285132.96,1376.3710
1423,3.8960,1.7767,1.7767,1703.92,42583556.26,3797504.62,218746675.49,262702344.96,481449020.45,44542.65,3.09323974,0.00074716,0.02390913,0.01494321,0.00487609,0.01981929,929327675.61,1376.9428
1424,3.8987,1.7764,1.7764,1707.16,42588672.42,3797671.92,218781878.44,262711671.00,481493549.45,44529.00,3.09229156,0.00074704,0.02390516,0.01494073,0.00486706,0.01980779,929370204.61,1377.5141
1425,3.9014,1.7762,1.7762,1710.40,42593787.85,3797839.18,218817070.26,262720994.54,481538064.79,44515.35,3.09134369,0.00074691,0.02390120,0.01493825,0.00485805,0.01979629,929412719.96,1378.0849
1426,3.9042,1.7759,1.7759,1713.65,42598902.57,3798006.39,218852250.94,262730315.56,481582566.50,44501.70,3.09039613,0.00074679,0.02389723,0.01493577,0.00484905,0.01978482,929455221.66,1378.6553
1427,3.9069,1.7757,1.7757,1716.91,42604016.57,3798173.57,218887420.49,262739634.07,481627054.56,44488.06,3.08944888,0.00074666,0.02389326,0.01493329,0.00484007,0.01977336,929497709.73,1379.2252
1428,3.9097,1.7754,1.7754,1720.18,42609129.85,3798340.70,218922578.91,262748950.08,481671528.99,44474.43,3.08850195,0.00074654,0.02388929,0.01493081,0.00483111,0.01976192,929540184.15,1379.7946
1429,3.9124,1.7752,1.7752,1723.44,42614242.41,3798507.79,218957726.21,262758263.58,481715989.79,44460.80,3.08755533,0.00074642,0.02388533,0.01492833,0.00482217,0.01975050,929582644.95,1380.3635
1430,3.9151,1.7749,1.7749,1726.72,42619354.26,3798674.84,218992862.38,262767574.58,481760436.96,44447.17,3.08660902,0.00074629,0.02388136,0.01492585,0.00481324,0.01973909,929625092.12,1380.9319
1431,3.9179,1.7747,1.7747,1730.00,42624465.38,3798841.85,219027987.44,262776883.07,481804870.51,44433.55,3.08566303,0.00074617,0.02387740,0.01492337,0.00480432,0.01972770,929667525.67,1381.4999
1432,3.9206,1.7744,1.7744,1733.29,42629575.79,3799008.81,219063101.38,262786189.05,481849290.43,44419.93,3.08471734,0.00074604,0.02387344,0.01492090,0.00479543,0.01971633,929709945.60,1382.0673
1433,3.9233,1.7742,1.7742,1736.59,42634685.48,3799175.73,219098204.21,262795492.54,481893696.75,44406.32,3.08377197,0.00074592,0.02386947,0.01491842,0.00478655,0.01970497,929752351.91,1382.6343
1434,3.9261,1.7739,1.7739,1739.89,42639794.45,3799342.62,219133295.94,262804793.52,481938089.46,44392.71,3.08282691,0.00074580,0.02386551,0.01491594,0.00477769,0.01969363,929794744.62,1383.2008
1435,3.9288,1.7737,1.7737,1743.19,42644902.70,3799509.46,219168376.56,262814092.00,481982468.56,44379.10,3.08188216,0.00074567,0.02386155,0.01491347,0.00476884,0.01968231,929837123.72,1383.7668
1436,3.9316,1.7734,1.7734,1746.51,42650010.24,3799676.25,219203446.08,262823387.99,482026834.07,44365.50,3.08093772,0.00074555,0.02385759,0.01491099,0.00476001,0.01967100,929879489.23,1384.3323
1437,3.9343,1.7732,1.7732,1749.83,42655117.06,3799843.01,219238504.50,262832681.47,482071185.97,44351.91,3.07999360,0.00074543,0.02385363,0.01490852,0.00475119,0.01965971,929921841.14,1384.8974
1438,3.9370,1.7730,1.7730,1753.15,42660223.16,3800009.72,219273551.83,262841972.46,482115524.29,44338.32,3.07904978,0.00074530,0.02384967,0.01490605,0.00474240,0.01964844,929964179.45,1385.4619
1439,3.9398,1.7727,1.7727,1756.49,42665328.54,3800176.40,219308588.07,262851260.95,482159849.02,44324.73,3.07810628,0.00074518,0.02384572,0.01490357,0.00473361,0.01963719,930006504.18,1386.0260
1440,3.9425,1.7725,1.7725,1759.83,42670433.20,3800343.03,219343613.23,262860546.94,482204160.17,44311.15,3.07716308,0.00074506,0.02384176,0.01490110,0.00472485,0.01962595,930048815.33,1386.5896
1441,3.9452,1.7722,1.7722,1763.17,42675537.15,3800509.61,219378627.30,262869830.44,482248457.74,44297.57,3.07622020,0.00074493,0.02383780,0.01489863,0.00471610,0.01961473,930091112.90,1387.1527
1442,3.9480,1.7720,1.7720,1766.52,42680640.38,3800676.16,219413630.29,262879111.44,482292741.74,44284.00,3.07527763,0.00074481,0.02383385,0.01489616,0.00470736,0.01960352,930133396.90,1387.7153
1443,3.9507,1.7717,1.7717,1769.88,42685742.90,3800842.67,219448622.21,262888389.96,482337012.17,44270.43,3.07433537,0.00074468,0.02382990,0.01489368,0.00469865,0.01959233,930175667.33,1388.2774
1444,3.9535,1.7715,1.7715,1773.24,42690844.69,3801009.13,219483603.05,262897665.98,482381269.03,44256.87,3.07339342,0.00074456,0.02382594,0.01489121,0.00468995,0.01958116,930217924.19,1388.8391
1445,3.9562,1.7712,1.7712,1776.61,42695945.77,3801175.55,219518572.83,262906939.51,482425512.34,44243.31,3.07245178,0.00074444,0.02382199,0.01488874,0.00468126,0.01957000,930260167.50,1389.4002
1446,3.9589,1.7710,1.7710,1779.99,42701046.14,3801341.93,219553531.54,262916210.55,482469742.09,44229.75,3.07151045,0.00074431,0.02381804,0.01488627,0.00467259,0.01955886,930302397.25,1389.9609
1447,3.9617,1.7707,1.7707,1783.38,42706145.78,3801508.27,219588479.19,262925479.10,482513958.29,44216.20,3.07056943,0.00074419,0.02381409,0.01488380,0.00466394,0.01954774,930344613.45,1390.5211
1448,3.9644,1.7705,1.7705,1786.77,42711244.71,3801674.57,219623415.78,262934745.16,482558160.94,44202.65,3.06962872,0.00074407,0.02381014,0.01488134,0.00465530,0.01953664,930386816.10,1391.0808
1449,3.9671,1.7702,1.7702,1790.16,42716342.92,3801840.83,219658341.32,262944008.73,482602350.05,44189.11,3.06868832,0.00074394,0.02380619,0.01487887,0.00464668,0.01952555,930429005.22,1391.6400
1450,3.9699,1.7700,1.7700,1793.56,42721440.42,3802007.04,219693255.80,262953269.82,482646525.63,44175.57,3.06774823,0.00074382,0.02380224,0.01487640,0.00463807,0.01951447,930471180.79,1392.1987
1451,3.9726,1.7697,1.7697,1796.97,42726537.20,3802173.21,219728159.24,262962528.43,482690687.67,44162.04,3.06680845,0.00074370,0.02379829,0.01487393,0.00462948,0.01950342,930513342.83,1392.7570
1452,3.9754,1.7695,1.7695,1800.39,42731633.27,3802339.34,219763051.63,262971784.55,482734836.18,44148.51,3.06586898,0.00074357,0.02379435,0.01487147,0.00462091,0.01949238,930555491.34,1393.3147
1453,3.9781,1.7692,1.7692,1803.81,42736728.61,3802505.43,219797932.99,262981038.19,482778971.17,44134.99,3.06492982,0.00074345,0.02379040,0.01486900,0.00461235,0.01948135,930597626.33,1393.8720
1454,3.9808,1.7690,1.7690,1807.24,42741823.25,3802671.48,219832803.30,262990289.34,482823092.64,44121.47,3.06399097,0.00074333,0.02378645,0.01486653,0.00460381,0.01947034,930639747.80,1394.4288
1455,3.9836,1.7687,1.7687,1810.68,42746917.16,3802837.49,219867662.58,262999538.01,482867200.60,44107.95,3.06305242,0.00074320,0.02378251,0.01486407,0.00459528,0.01945935,930681855.76,1394.9851
1456,3.9863,1.7685,1.7685,1814.12,42752010.36,3803003.45,219902510.83,263008784.21,482911295.04,44094.44,3.06211419,0.00074308,0.02377857,0.01486160,0.00458677,0.01944838,930723950.20,1395.5409
1457,3.9890,1.7682,1.7682,1817.57,42757102.85,3803169.37,219937348.06,263018027.92,482955375.98,44080.94,3.06117627,0.00074296,0.02377462,0.01485914,0.00457828,0.01943742,930766031.14,1396.0962
1458,3.9918,1.7680,1.7680,1821.02,42762194.62,3803335.26,219972174.26,263027269.16,482999443.42,44067.44,3.06023865,0.00074283,0.02377068,0.01485668,0.00456980,0.01942647,930808098.58,1396.6510
1459,3.9945,1.7677,1.7677,1824.48,42767285.67,3803501.10,220006989.44,263036507.91,483043497.35,44053.94,3.05930135,0.00074271,0.02376674,0.01485421,0.00456133,0.01941555,930850152.52,1397.2054
1460,3.9973,1.7675,1.7675,1827.95,42772376.01,3803666.90,220041793.61,263045744.19,483087537.80,44040.45,3.05836435,0.00074259,0.02376280,0.01485175,0.00455289,0.01940464,930892192.96,1397.7592
1461,4.0000,1.7672,1.7672,1831.42,42777465.63,3803832.65,220076586.76,263054978.00,483131564.76,44026.96,3.05742766,0.00074246,0.02375886,0.01484929,0.00454445,0.01939374,930934219.92,1398.3126
1462,4.0027,1.7670,1.7670,1834.91,42782554.54,3803998.37,220111368.90,263064209.33,483175578.23,44013.47,3.05649128,0.00074234,0.02375492,0.01484683,0.00453604,0.01938286,930976233.40,1398.8655
1463,4.0055,1.7667,1.7667,1838.39,42787642.73,3804164.04,220146140.04,263073438.19,483219578.23,43999.99,3.05555521,0.00074222,0.02375099,0.01484437,0.00452763,0.01937200,931018233.39,1399.4179
1464,4.0082,1.7665,1.7665,1841.89,42792730.21,3804329.68,220180900.17,263082664.57,483263564.75,43986.52,3.05461944,0.00074210,0.02374705,0.01484191,0.00451925,0.01936115,931060219.91,1399.9698
1465,4.0110,1.7662,1.7662,1845.39,42797816.97,3804495.27,220215649.31,263091888.49,483307537.80,43973.05,3.05368399,0.00074197,0.02374311,0.01483945,0.00451088,0.01935032,931102192.96,1400.5212
1466,4.0137,1.7660,1.7660,1848.90,42802903.02,3804660.82,220250387.45,263101109.93,483351497.38,43959.58,3.05274884,0.00074185,0.02373918,0.01483699,0.00450252,0.01933951,931144152.54,1401.0721
1467,4.0164,1.7657,1.7657,1852.41,42807988.35,3804826.33,220285114.60,263110328.90,483395443.50,43946.12,3.05181400,0.00074173,0.02373524,0.01483453,0.00449418,0.01932871,931186098.67,1401.6225
1468,4.0192,1.7655,1.7655,1855.93,42813072.97,3804991.80,220319830.76,263119545.41,483439376.17,43932.66,3.05087947,0.00074160,0.02373131,0.01483207,0.00448586,0.01931793,931228031.33,1402.1725
1469,4.0219,1.7652,1.7652,1859.46,42818156.88,3805157.23,220354535.94,263128759.44,483483295.38,43919.21,3.04994524,0.00074148,0.02372738,0.01482961,0.00447755,0.01930716,931269950.54,1402.7219
1470,4.0246,1.7650,1.7650,1863.00,42823240.07,3805322.61,220389230.13,263137971.01,483527201.14,43905.76,3.04901133,0.00074136,0.02372345,0.01482715,0.00446926,0.01929641,931311856.31,1403.2709
1471,4.0274,1.7647,1.7647,1866.54,42828322.54,3805487.96,220423913.35,263147180.11,483571093.46,43892.32,3.04807772,0.00074123,0.02371951,0.01482470,0.00446098,0.01928567,931353748.62,1403.8194
1472,4.0301,1.7645,1.7645,1870.08,42833404.30,3805653.26,220458585.59,263156386.75,483614972.34,43878.88,3.04714442,0.00074111,0.02371558,0.01482224,0.00445271,0.01927495,931395627.50,1404.3673
1473,4.0329,1.7643,1.7643,1873.64,42838485.35,3805818.52,220493246.86,263165590.93,483658837.79,43865.44,3.04621142,0.00074099,0.02371166,0.01481978,0.00444447,0.01926425,931437492.95,1404.9148
1474,4.0356,1.7640,1.7640,1877.20,42843565.68,3805983.74,220527897.16,263174792.64,483702689.80,43852.01,3.04527873,0.00074087,0.02370773,0.01481733,0.00443623,0.01925356,931479344.96,1405.4619
1475,4.0383,1.7638,1.7638,1880.77,42848645.30,3806148.92,220562536.50,263183991.89,483746528.39,43838.59,3.04434635,0.00074074,0.02370380,0.01481487,0.00442802,0.01924289,931521183.55,1406.0084
1476,4.0411,1.7635,1.7635,1884.34,42853724.21,3806314.06,220597164.88,263193188.67,483790353.55,43825.17,3.04341428,0.00074062,0.02369987,0.01481242,0.00441981,0.01923223,931563008.72,1406.5544
1477,4.0438,1.7633,1.7633,1887.93,42858802.40,3806479.16,220631782.30,263202383.00,483834165.30,43811.75,3.04248251,0.00074050,0.02369595,0.01480997,0.00441163,0.01922159,931604820.46,1407.0999
1478,4.0465,1.7630,1.7630,1891.51,42863879.88,3806644.21,220666388.77,263211574.87,483877963.64,43798.34,3.04155105,0.00074038,0.02369202,0.01480751,0.00440345,0.01921097,931646618.80,1407.6450
1479,4.0493,1.7628,1.7628,1895.11,42868956.64,3806809.23,220700984.28,263220764.28,483921748.56,43784.93,3.04061990,0.00074025,0.02368810,0.01480506,0.00439530,0.01920036,931688403.73,1408.1895
1480,4.0520,1.7625,1.7625,1898.71,42874032.70,3806974.20,220735568.85,263229951.23,483965520.08,43771.52,3.03968905,0.00074013,0.02368417,0.01480261,0.00438715,0.01918976,931730175.25,1408.7336
1481,4.0548,1.7623,1.7623,1902.32,42879108.03,3807139.13,220770142.48,263239135.73,484009278.21,43758.12,3.03875851,0.00074001,0.02368025,0.01480016,0.00437903,0.01917918,931771933.37,1409.2772
1482,4.0575,1.7620,1.7620,1905.94,42884182.66,3807304.02,220804705.17,263248317.77,484053022.93,43744.73,3.03782828,0.00073989,0.02367633,0.01479770,0.00437091,0.01916862,931813678.10,1409.8202
1483,4.0602,1.7618,1.7618,1909.56,42889256.57,3807468.87,220839256.92,263257497.35,484096754.27,43731.34,3.03689835,0.00073976,0.02367241,0.01479525,0.00436282,0.01915807,931855409.43,1410.3628
1484,4.0630,1.7615,1.7615,1913.19,42894329.77,3807633.68,220873797.74,263266674.48,484140472.22,43717.95,3.03596873,0.00073964,0.02366849,0.01479280,0.00435474,0.01914754,931897127.38,1410.9049
1485,4.0657,1.7613,1.7613,1916.83,42899402.26,3807798.45,220908327.63,263275849.16,484184176.79,43704.57,3.03503941,0.00073952,0.02366457,0.01479035,0.00434667,0.01913702,931938831.95,1411.4465
1486,4.0684,1.7610,1.7610,1920.47,42904474.03,3807963.18,220942846.59,263285021.39,484227867.98,43691.19,3.03411040,0.00073940,0.02366065,0.01478790,0.00433862,0.01912652,931980523.14,1411.9877
1487,4.0712,1.7608,1.7608,1924.12,42909545.09,3808127.86,220977354.63,263294191.17,484271545.79,43677.82,3.03318170,0.00073927,0.02365673,0.01478546,0.00433058,0.01911603,932022200.96,1412.5283
1488,4.0739,1.7605,1.7605,1927.78,42914615.44,3808292.51,221011851.75,263303358.49,484315210.24,43664.45,3.03225330,0.00073915,0.02365281,0.01478301,0.00432256,0.01910556,932063865.40,1413.0684
1489,4.0767,1.7603,1.7603,1931.44,42919685.07,3808457.11,221046337.95,263312523.37,484358861.32,43651.08,3.03132521,0.00073903,0.02364890,0.01478056,0.00431455,0.01909511,932105516.49,1413.6081
1490,4.0794,1.7600,1.7600,1935.11,42924754.00,3808621.68,221080813.25,263321685.80,484402499.05,43637.72,3.03039742,0.00073891,0.02364498,0.01477811,0.00430655,0.01908467,932147154.21,1414.1472
1491,4.0821,1.7598,1.7598,1938.79,42929822.21,3808786.20,221115277.63,263330845.78,484446123.41,43624.37,3.02946993,0.00073878,0.02364107,0.01477567,0.00429858,0.01907424,932188778.58,1414.6859
1492,4.0849,1.7595,1.7595,1942.48,42934889.71,3808950.68,221149731.11,263340003.32,484489734.43,43611.02,3.02854276,0.00073866,0.02363715,0.01477322,0.00429061,0.01906383,932230389.59,1415.2240
1493,4.0876,1.7593,1.7593,1946.17,42939956.49,3809115.12,221184173.69,263349158.41,484533332.10,43597.67,3.02761588,0.00073854,0.02363324,0.01477077,0.00428266,0.01905344,932271987.26,1415.7617
1494,4.0903,1.7591,1.7591,1949.87,42945022.57,3809279.52,221218605.37,263358311.06,484576916.43,43584.33,3.02668932,0.00073842,0.02362933,0.01476833,0.00427473,0.01904306,932313571.59,1416.2989
1495,4.0931,1.7588,1.7588,1953.58,42950087.93,3809443.88,221253026.15,263367461.26,484620487.41,43570.99,3.02576305,0.00073829,0.02362541,0.01476588,0.00426681,0.01903269,932355142.58,1416.8356
1496,4.0958,1.7586,1.7586,1957.29,42955152.58,3809608.19,221287436.04,263376609.03,484664045.07,43557.65,3.02483709,0.00073817,0.02362150,0.01476344,0.00425890,0.01902234,932396700.23,1417.3718
1497,4.0986,1.7583,1.7583,1961.01,42960216.52,3809772.47,221321835.05,263385754.35,484707589.39,43544.32,3.02391144,0.00073805,0.02361759,0.01476100,0.00425101,0.01901201,932438244.55,1417.9075
1498,4.1013,1.7581,1.7581,1964.74,42965279.75,3809936.70,221356223.17,263394897.23,484751120.39,43531.00,3.02298609,0.00073793,0.02361368,0.01475855,0.00424314,0.01900169,932479775.55,1418.4427
1499,4.1040,1.7578,1.7578,1968.47,42970342.26,3810100.90,221390600.40,263404037.67,484794638.07,43517.68,3.02206105,0.00073781,0.02360978,0.01475611,0.00423527,0.01899138,932521293.23,1418.9774
1500,4.1068,1.7576,1.7576,1972.21,42975404.07,3810265.05,221424966.77,263413175.67,484838142.43,43504.36,3.02113631,0.00073768,0.02360587,0.01475367,0.00422743,0.01898110,932562797.60,1419.5116
1501,4.1095,1.7573,1.7573,1975.96,42980465.16,3810429.17,221459322.25,263422311.23,484881633.48,43491.05,3.02021187,0.00073756,0.02360196,0.01475123,0.00421959,0.01897082,932604288.65,1420.0454
1502,4.1123,1.7571,1.7571,1979.72,42985525.55,3810593.24,221493666.87,263431444.36,484925111.23,43477.74,3.01928774,0.00073744,0.02359806,0.01474879,0.00421178,0.01896056,932645766.39,1420.5786
1503,4.1150,1.7568,1.7568,1983.48,42990585.22,3810757.27,221528000.62,263440575.05,484968575.67,43464.44,3.01836391,0.00073732,0.02359415,0.01474634,0.00420397,0.01895032,932687230.83,1421.1114
1504,4.1177,1.7566,1.7566,1987.25,42995644.18,3810921.26,221562323.50,263449703.31,485012026.81,43451.14,3.01744038,0.00073720,0.02359025,0.01474390,0.00419618,0.01894009,932728681.97,1421.6436
1505,4.1205,1.7563,1.7563,1991.03,43000702.43,3811085.21,221596635.52,263458829.13,485055464.66,43437.85,3.01651716,0.00073707,0.02358634,0.01474147,0.00418841,0.01892987,932770119.82,1422.1754
1506,4.1232,1.7561,1.7561,1994.81,43005759.96,3811249.12,221630936.69,263467952.52,485098889.21,43424.56,3.01559424,0.00073695,0.02358244,0.01473903,0.00418065,0.01891967,932811544.38,1422.7067
1507,4.1259,1.7558,1.7558,1998.61,43010816.79,3811412.99,221665227.01,263477073.48,485142300.49,43411.27,3.01467163,0.00073683,0.02357854,0.01473659,0.00417290,0.01890949,932852955.65,1423.2374
1508,4.1287,1.7556,1.7556,2002.40,43015872.91,3811576.82,221699506.47,263486192.01,485185698.48,43397.99,3.01374932,0.00073671,0.02357464,0.01473415,0.00416517,0.01889932,932894353.64,1423.7677
1509,4.1314,1.7553,1.7553,2006.21,43020928.32,3811740.60,221733775.08,263495308.10,485229083.19,43384.71,3.01282731,0.00073659,0.02357074,0.01473171,0.00415745,0.01888916,932935738.35,1424.2975
1510,4.1342,1.7551,1.7551,2010.02,43025983.01,3811904.35,221768032.86,263504421.77,485272454.63,43371.44,3.01190561,0.00073646,0.02356684,0.01472927,0.00414975,0.01887902,932977109.79,1424.8268
1511,4.1369,1.7549,1.7549,2013.85,43031037.00,3812068.05,221802279.79,263513533.01,485315812.80,43358.17,3.01098420,0.00073634,0.02356294,0.01472684,0.00414206,0.01886890,933018467.97,1425.3556
1512,4.1396,1.7546,1.7546,2017.67,43036090.28,3812231.72,221836515.89,263522641.82,485359157.71,43344.91,3.01006311,0.00073622,0.02355904,0.01472440,0.00413438,0.01885879,933059812.87,1425.8839
1513,4.1424,1.7544,1.7544,2021.51,43041142.84,3812395.34,221870741.15,263531748.21,485402489.36,43331.65,3.00914231,0.00073610,0.02355515,0.01472197,0.00412672,0.01884869,933101144.52,1426.4117
1514,4.1451,1.7541,1.7541,2025.35,43046194.70,3812558.93,221904955.58,263540852.17,485445807.75,43318.39,3.00822182,0.00073598,0.02355125,0.01471953,0.00411908,0.01883861,933142462.92,1426.9390
1515,4.1478,1.7539,1.7539,2029.20,43051245.84,3812722.47,221939159.19,263549953.71,485489112.90,43305.14,3.00730163,0.00073585,0.02354735,0.01471710,0.00411144,0.01882854,933183768.06,1427.4659
1516,4.1506,1.7536,1.7536,2033.06,43056296.28,3812885.97,221973351.98,263559052.82,485532404.79,43291.90,3.00638174,0.00073573,0.02354346,0.01471466,0.00410382,0.01881849,933225059.96,1427.9922
1517,4.1533,1.7534,1.7534,2036.92,43061346.01,3813049.43,222007533.94,263568149.51,485575683.45,43278.66,3.00546215,0.00073561,0.02353957,0.01471223,0.00409622,0.01880845,933266338.61,1428.5180
1518,4.1561,1.7531,1.7531,2040.79,43066395.02,3813212.85,222041705.09,263577243.77,485618948.87,43265.42,3.00454287,0.00073549,0.02353567,0.01470980,0.00408863,0.01879843,933307604.03,1429.0434
1519,4.1588,1.7529,1.7529,2044.67,43071443.33,3813376.24,222075865.43,263586335.62,485662201.05,43252.18,3.00362389,0.00073537,0.02353178,0.01470736,0.00408105,0.01878842,933348856.21,1429.5682
1520,4.1615,1.7526,1.7526,2048.56,43076490.93,3813539.58,222110014.96,263595425.05,485705440.01,43238.96,3.00270521,0.00073525,0.02352789,0.01470493,0.00407349,0.01877842,933390095.17,1430.0926
1521,4.1643,1.7524,1.7524,2052.45,43081537.82,3813702.87,222144153.68,263604512.06,485748665.74,43225.73,3.00178683,0.00073513,0.02352400,0.01470250,0.00406594,0.01876844,933431320.90,1430.6165
1522,4.1670,1.7521,1.7521,2056.36,43086584.00,3813866.13,222178281.60,263613596.65,485791878.25,43212.51,3.00086876,0.00073500,0.02352011,0.01470007,0.00405841,0.01875848,933472533.41,1431.1398
1523,4.1697,1.7519,1.7519,2060.26,43091629.47,3814029.35,222212398.72,263622678.82,485835077.54,43199.29,2.99995098,0.00073488,0.02351622,0.01469764,0.00405089,0.01874852,933513732.70,1431.6627
1524,4.1725,1.7517,1.7517,2064.18,43096674.23,3814192.53,222246505.05,263631758.57,485878263.62,43186.08,2.99903351,0.00073476,0.02351233,0.01469521,0.00404338,0.01873859,933554918.79,1432.1851
1525,4.1752,1.7514,1.7514,2068.10,43101718.28,3814355.67,222280600.58,263640835.92,485921436.50,43172.88,2.99811634,0.00073464,0.02350845,0.01469278,0.00403589,0.01872866,933596091.66,1432.7070
1526,4.1780,1.7512,1.7512,2072.04,43106761.63,3814518.76,222314685.33,263649910.84,485964596.17,43159.67,2.99719947,0.00073452,0.02350456,0.01469035,0.00402841,0.01871876,933637251.33,1433.2284
1527,4.1807,1.7509,1.7509,2075.97,43111804.26,3814681.82,222348759.29,263658983.36,486007742.64,43146.47,2.99628290,0.00073440,0.02350067,0.01468792,0.00402094,0.01870886,933678397.81,1433.7493
1528,4.1834,1.7507,1.7507,2079.92,43116846.19,3814844.84,222382822.47,263668053.46,486050875.92,43133.28,2.99536664,0.00073427,0.02349679,0.01468549,0.00401349,0.01869898,933719531.09,1434.2697
1529,4.1862,1.7504,1.7504,2083.87,43121887.41,3815007.81,222416874.87,263677121.15,486093996.01,43120.09,2.99445067,0.00073415,0.02349291,0.01468307,0.00400605,0.01868912,933760651.18,1434.7896
1530,4.1889,1.7502,1.7502,2087.83,43126927.92,3815170.75,222450916.49,263686186.42,486137102.92,43106.90,2.99353501,0.00073403,0.02348902,0.01468064,0.00399863,0.01867927,933801758.08,1435.3090
1531,4.1916,1.7499,1.7499,2091.80,43131967.72,3815333.64,222484947.35,263695249.29,486180196.64,43093.72,2.99261964,0.00073391,0.02348514,0.01467821,0.00399122,0.01866943,933842851.80,1435.8279
1532,4.1944,1.7497,1.7497,2095.78,43137006.81,3815496.50,222518967.43,263704309.75,486223277.19,43080.55,2.99170458,0.00073379,0.02348126,0.01467579,0.00398382,0.01865961,933883932.35,1436.3463
1533,4.1971,1.7494,1.7494,2099.76,43142045.20,3815659.31,222552976.75,263713367.81,486266344.56,43067.37,2.99078982,0.00073367,0.02347738,0.01467336,0.00397644,0.01864980,933924999.72,1436.8643
1534,4.1999,1.7492,1.7492,2103.75,43147082.87,3815822.09,222586975.31,263722423.45,486309398.77,43054.21,2.98987535,0.00073355,0.02347350,0.01467094,0.00396907,0.01864000,933966053.93,1437.3817
1535,4.2026,1.7489,1.7489,2107.75,43152119.84,3815984.82,222620963.12,263731476.69,486352439.81,43041.04,2.98896119,0.00073343,0.02346962,0.01466851,0.00396171,0.01863022,934007094.97,1437.8986
1536,4.2053,1.7487,1.7487,2111.76,43157156.10,3816147.51,222654940.16,263740527.52,486395467.69,43027.88,2.98804733,0.00073330,0.02346574,0.01466609,0.00395437,0.01862045,934048122.85,1438.4151
1537,4.2081,1.7485,1.7485,2115.77,43162191.66,3816310.17,222688906.46,263749575.95,486438482.41,43014.73,2.98713377,0.00073318,0.02346186,0.01466366,0.00394704,0.01861070,934089137.58,1438.9310
1538,4.2108,1.7482,1.7482,2119.80,43167226.50,3816472.78,222722862.01,263758621.98,486481483.99,43001.58,2.98622051,0.00073306,0.02345799,0.01466124,0.00393972,0.01860096,934130139.15,1439.4465
1539,4.2136,1.7480,1.7480,2123.83,43172260.64,3816635.35,222756806.81,263767665.60,486524472.42,42988.43,2.98530755,0.00073294,0.02345411,0.01465882,0.00393242,0.01859124,934171127.58,1439.9615
1540,4.2163,1.7477,1.7477,2127.86,43177294.07,3816797.88,222790740.88,263776706.83,486567447.70,42975.29,2.98439489,0.00073282,0.02345024,0.01465640,0.00392513,0.01858153,934212102.87,1440.4759
1541,4.2190,1.7475,1.7475,2131.91,43182326.80,3816960.37,222824664.20,263785745.65,486610409.85,42962.15,2.98348252,0.00073270,0.02344636,0.01465398,0.00391786,0.01857183,934253065.02,1440.9899
1542,4.2218,1.7472,1.7472,2135.96,43187358.81,3817122.83,222858576.80,263794782.07,486653358.87,42949.01,2.98257046,0.00073258,0.02344249,0.01465155,0.00391060,0.01856215,934294014.03,1441.5034
1543,4.2245,1.7470,1.7470,2140.02,43192390.12,3817285.24,222892478.66,263803816.10,486696294.75,42935.89,2.98165870,0.00073246,0.02343861,0.01464913,0.00390335,0.01855248,934334949.92,1442.0163
1544,4.2272,1.7467,1.7467,2144.09,43197420.73,3817447.61,222926369.79,263812847.72,486739217.51,42922.76,2.98074724,0.00073234,0.02343474,0.01464671,0.00389611,0.01854283,934375872.68,1442.5288
1545,4.2300,1.7465,1.7465,2148.16,43202450.62,3817609.94,222960250.20,263821876.95,486782127.15,42909.64,2.97983607,0.00073221,0.02343087,0.01464429,0.00388889,0.01853319,934416782.32,1443.0408
1546,4.2327,1.7462,1.7462,2152.25,43207479.81,3817772.23,222994119.89,263830903.78,486825023.68,42896.52,2.97892521,0.00073209,0.02342700,0.01464188,0.00388168,0.01852356,934457678.84,1443.5523
1547,4.2355,1.7460,1.7460,2156.34,43212508.29,3817934.48,223027978.86,263839928.22,486867907.09,42883.41,2.97801464,0.00073197,0.02342313,0.01463946,0.00387449,0.01851395,934498562.25,1444.0633
1548,4.2382,1.7458,1.7458,2160.44,43217536.07,3818096.69,223061827.12,263848950.27,486910777.39,42870.30,2.97710438,0.00073185,0.02341926,0.01463704,0.00386731,0.01850435,934539432.55,1444.5738
1549,4.2409,1.7455,1.7455,2164.54,43222563.14,3818258.86,223095664.67,263857969.92,486953634.59,42857.20,2.97619441,0.00073173,0.02341540,0.01463462,0.00386014,0.01849476,934580289.75,1445.0838
1550,4.2437,1.7453,1.7453,2168.66,43227589.50,3818420.99,223129491.51,263866987.18,486996478.69,42844.10,2.97528474,0.00073161,0.02341153,0.01463221,0.00385298,0.01848519,934621133.85,1445.5934
1551,4.2464,1.7450,1.7450,2172.78,43232615.16,3818583.08,223163307.65,263876002.04,487039309.69,42831.01,2.97437537,0.00073149,0.02340766,0.01462979,0.00384584,0.01847563,934661964.86,1446.1024
1552,4.2491,1.7448,1.7448,2176.91,43237640.11,3818745.13,223197113.09,263885014.52,487082127.61,42817.91,2.97346630,0.00073137,0.02340380,0.01462737,0.00383871,0.01846608,934702782.77,1446.6109
1553,4.2519,1.7445,1.7445,2181.05,43242664.35,3818907.14,223230907.83,263894024.61,487124932.44,42804.83,2.97255752,0.00073125,0.02339993,0.01462496,0.00383160,0.01845655,934743587.60,1447.1189
1554,4.2546,1.7443,1.7443,2185.19,43247687.89,3819069.11,223264691.88,263903032.31,487167724.18,42791.75,2.97164905,0.00073113,0.02339607,0.01462254,0.00382449,0.01844704,934784379.35,1447.6265
1555,4.2574,1.7440,1.7440,2189.35,43252710.72,3819231.04,223298465.24,263912037.62,487210502.85,42778.67,2.97074087,0.00073101,0.02339220,0.01462013,0.00381740,0.01843753,934825158.02,1448.1335
1556,4.2601,1.7438,1.7438,2193.51,43257732.85,3819392.93,223332227.91,263921040.54,487253268.45,42765.60,2.96983299,0.00073089,0.02338834,0.01461771,0.00381033,0.01842804,934865923.61,1448.6401
1557,4.2628,1.7435,1.7435,2197.68,43262754.27,3819554.78,223365979.90,263930041.08,487296020.97,42752.53,2.96892541,0.00073077,0.02338448,0.01461530,0.00380326,0.01841857,934906676.14,1449.1461
1558,4.2656,1.7433,1.7433,2201.86,43267774.99,3819716.59,223399721.20,263939039.23,487338760.43,42739.46,2.96801813,0.00073064,0.02338062,0.01461289,0.00379621,0.01840910,934947415.60,1449.6517
1559,4.2683,1.7431,1.7431,2206.04,43272795.00,3819878.36,223433451.84,263948035.00,487381486.84,42726.40,2.96711115,0.00073052,0.02337676,0.01461048,0.00378918,0.01839965,934988142.00,1450.1567
1560,4.2710,1.7428,1.7428,2210.23,43277814.30,3820040.09,223467171.79,263957028.39,487424200.18,42713.34,2.96620446,0.00073040,0.02337290,0.01460806,0.00378215,0.01839022,935028855.34,1450.6613
1561,4.2738,1.7426,1.7426,2214.44,43282832.90,3820201.78,223500881.08,263966019.39,487466900.47,42700.29,2.96529807,0.00073028,0.02336904,0.01460565,0.00377514,0.01838079,935069555.63,1451.1654
1562,4.2765,1.7423,1.7423,2218.64,43287850.79,3820363.43,223534579.71,263975008.01,487509587.72,42687.24,2.96439198,0.00073016,0.02336519,0.01460324,0.00376814,0.01837138,935110242.88,1451.6689
1563,4.2793,1.7421,1.7421,2222.86,43292867.98,3820525.04,223568267.66,263983994.25,487552261.92,42674.20,2.96348618,0.00073004,0.02336133,0.01460083,0.00376116,0.01836199,935150917.08,1452.1720
1564,4.2820,1.7418,1.7418,2227.09,43297884.46,3820686.61,223601944.96,263992978.11,487594923.08,42661.16,2.96258068,0.00072992,0.02335747,0.01459842,0.00375419,0.01835261,935191578.24,1452.6746
1565,4.2847,1.7416,1.7416,2231.32,43302900.24,3820848.14,223635611.61,264001959.60,487637571.21,42648.13,2.96167548,0.00072980,0.02335362,0.01459601,0.00374723,0.01834324,935232226.37,1453.1767
1566,4.2875,1.7413,1.7413,2235.56,43307915.32,3821009.63,223669267.60,264010938.70,487680206.30,42635.10,2.96077058,0.00072968,0.02334976,0.01459360,0.00374028,0.01833388,935272861.47,1453.6783
1567,4.2902,1.7411,1.7411,2239.81,43312929.69,3821171.08,223702912.94,264019915.43,487722828.37,42622.07,2.95986597,0.00072956,0.02334591,0.01459119,0.00373335,0.01832454,935313483.54,1454.1794
1568,4.2930,1.7409,1.7409,2244.07,43317943.35,3821332.49,223736547.64,264028889.78,487765437.42,42609.05,2.95896166,0.00072944,0.02334206,0.01458879,0.00372642,0.01831521,935354092.58,1454.6800
1569,4.2957,1.7406,1.7406,2248.33,43322956.31,3821493.86,223770171.69,264037861.76,487808033.45,42596.03,2.95805765,0.00072932,0.02333821,0.01458638,0.00371952,0.01830589,935394688.61,1455.1801
1570,4.2984,1.7404,1.7404,2252.61,43327968.57,3821655.19,223803785.10,264046831.37,487850616.47,42583.02,2.95715394,0.00072920,0.02333435,0.01458397,0.00371262,0.01829659,935435271.63,1455.6797
1571,4.3012,1.7401,1.7401,2256.89,43332980.12,3821816.48,223837387.88,264055798.60,487893186.47,42570.01,2.95625052,0.00072908,0.02333050,0.01458157,0.00370574,0.01828730,935475841.64,1456.1789
1572,4.3039,1.7399,1.7399,2261.18,43337990.96,3821977.73,223870980.02,264064763.45,487935743.48,42557.00,2.95534739,0.00072896,0.02332665,0.01457916,0.00369887,0.01827803,935516398.64,1456.6775
1573,4.3066,1.7396,1.7396,2265.48,43343001.11,3822138.94,223904561.54,264073725.94,487978287.48,42544.00,2.95444456,0.00072884,0.02332281,0.01457675,0.00369201,0.01826876,935556942.64,1457.1756
1574,4.3094,1.7394,1.7394,2269.78,43348010.55,3822300.11,223938132.43,264082686.06,488020818.48,42531.01,2.95354203,0.00072872,0.02331896,0.01457435,0.00368516,0.01825951,935597473.65,1457.6733
1575,4.3121,1.7391,1.7391,2274.10,43353019.28,3822461.24,223971692.69,264091643.80,488063336.50,42518.01,2.95263980,0.00072860,0.02331511,0.01457194,0.00367833,0.01825028,935637991.66,1458.1704
1576,4.3149,1.7389,1.7389,2278.42,43358027.31,3822622.34,224005242.34,264100599.18,488105841.52,42505.03,2.95173786,0.00072848,0.02331126,0.01456954,0.00367151,0.01824105,935678496.69,1458.6670
1577,4.3176,1.7387,1.7387,2282.75,43363034.64,3822783.39,224038781.37,264109552.19,488148333.56,42492.04,2.95083622,0.00072836,0.02330742,0.01456714,0.00366471,0.01823184,935718988.73,1459.1632
1578,4.3203,1.7384,1.7384,2287.09,43368041.26,3822944.40,224072309.79,264118502.83,488190812.63,42479.06,2.94993487,0.00072824,0.02330357,0.01456473,0.00365791,0.01822265,935759467.79,1459.6589
1579,4.3231,1.7382,1.7382,2291.44,43373047.18,3823105.37,224105827.60,264127451.11,488233278.71,42466.09,2.94903382,0.00072812,0.02329973,0.01456233,0.00365113,0.01821346,935799933.88,1460.1540
1580,4.3258,1.7379,1.7379,2295.80,43378052.40,3823266.31,224139334.81,264136397.02,488275731.83,42453.12,2.94813306,0.00072800,0.02329589,0.01455993,0.00364436,0.01820429,935840386.99,1460.6487
1581,4.3285,1.7377,1.7377,2300.16,43383056.91,3823427.20,224172831.41,264145340.57,488318171.98,42440.15,2.94723260,0.00072788,0.02329204,0.01455753,0.00363760,0.01819513,935880827.14,1461.1429
1582,4.3313,1.7374,1.7374,2304.53,43388060.72,3823588.05,224206317.41,264154281.75,488360599.17,42427.19,2.94633244,0.00072776,0.02328820,0.01455513,0.00363086,0.01818599,935921254.33,1461.6365
1583,4.3340,1.7372,1.7372,2308.91,43393063.83,3823748.87,224239792.82,264163220.58,488403013.39,42414.23,2.94543256,0.00072764,0.02328436,0.01455273,0.00362413,0.01817685,935961668.56,1462.1297
1584,4.3368,1.7369,1.7369,2313.30,43398066.24,3823909.64,224273257.63,264172157.04,488445414.67,42401.28,2.94453299,0.00072752,0.02328052,0.01455033,0.00361741,0.01816773,936002069.83,1462.6224
1585,4.3395,1.7367,1.7367,2317.70,43403067.94,3824070.38,224306711.86,264181091.14,488487802.99,42388.33,2.94363371,0.00072740,0.02327668,0.01454793,0.00361070,0.01815863,936042458.16,1463.1146
1586,4.3422,1.7365,1.7365,2322.10,43408068.94,3824231.07,224340155.50,264190022.88,488530178.38,42375.38,2.94273472,0.00072728,0.02327284,0.01454553,0.00360400,0.01814953,936082833.54,1463.6063
1587,4.3450,1.7362,1.7362,2326.52,43413069.23,3824391.73,224373588.56,264198952.26,488572540.81,42362.44,2.94183603,0.00072716,0.02326901,0.01454313,0.00359732,0.01814045,936123195.98,1464.0975
1588,4.3477,1.7360,1.7360,2330.94,43418068.82,3824552.34,224407011.04,264207879.28,488614890.32,42349.50,2.94093764,0.00072704,0.02326517,0.01454073,0.00359065,0.01813138,936163545.48,1464.5882
1589,4.3504,1.7357,1.7357,2335.37,43423067.71,3824712.92,224440422.94,264216803.95,488657226.89,42336.57,2.94003954,0.00072692,0.02326133,0.01453833,0.00358399,0.01812233,936203882.05,1465.0784
1590,4.3532,1.7355,1.7355,2339.81,43428065.90,3824873.45,224473824.27,264225726.26,488699550.53,42323.64,2.93914173,0.00072680,0.02325750,0.01453594,0.00357735,0.01811329,936244205.69,1465.5682
1591,4.3559,1.7352,1.7352,2344.26,43433063.39,3825033.95,224507215.03,264234646.21,488741861.24,42310.72,2.93824422,0.00072668,0.02325366,0.01453354,0.00357072,0.01810426,936284516.41,1466.0574
1592,4.3587,1.7350,1.7350,2348.71,43438060.17,3825194.41,224540595.23,264243563.81,488784159.04,42297.80,2.93734700,0.00072656,0.02324983,0.01453114,0.00356409,0.01809524,936324814.20,1466.5461
1593,4.3614,1.7348,1.7348,2353.18,43443056.25,3825354.83,224573964.86,264252479.06,488826443.92,42284.88,2.93645008,0.00072644,0.02324600,0.01452875,0.00355749,0.01808623,936365099.08,1467.0344
1594,4.3641,1.7345,1.7345,2357.65,43448051.63,3825515.21,224607323.94,264261391.95,488868715.89,42271.97,2.93555345,0.00072632,0.02324217,0.01452635,0.00355089,0.01807724,936405371.05,1467.5221
1595,4.3669,1.7343,1.7343,2362.13,43453046.31,3825675.55,224640672.46,264270302.49,488910974.95,42259.06,2.93465711,0.00072620,0.02323833,0.01452396,0.00354430,0.01806826,936445630.12,1468.0094
1596,4.3696,1.7340,1.7340,2366.62,43458040.28,3825835.84,224674010.43,264279210.68,488953221.11,42246.16,2.93376107,0.00072608,0.02323450,0.01452157,0.00353773,0.01805930,936485876.27,1468.4961
1597,4.3723,1.7338,1.7338,2371.12,43463033.56,3825996.10,224707337.85,264288116.53,488995454.37,42233.26,2.93286532,0.00072596,0.02323067,0.01451917,0.00353117,0.01805034,936526109.54,1468.9824
1598,4.3751,1.7335,1.7335,2375.63,43468026.13,3826156.33,224740654.72,264297020.02,489037674.74,42220.37,2.93196986,0.00072584,0.02322685,0.01451678,0.00352462,0.01804140,936566329.90,1469.4682
1599,4.3778,1.7333,1.7333,2380.14,43473018.00,3826316.51,224773961.05,264305921.16,489079882.21,42207.48,2.93107470,0.00072572,0.02322302,0.01451439,0.00351809,0.01803247,936606537.38,1469.9534
1600,4.3806,1.7330,1.7330,2384.67,43478009.17,3826476.65,224807256.84,264314819.96,489122076.80,42194.59,2.93017983,0.00072560,0.02321919,0.01451199,0.00351156,0.01802356,936646731.97,1470.4382
1601,4.3833,1.7328,1.7328,2389.20,43482999.64,3826636.75,224840542.10,264323716.41,489164258.51,42181.71,2.92928526,0.00072548,0.02321536,0.01450960,0.00350505,0.01801465,936686913.67,1470.9225
1602,4.3860,1.7326,1.7326,2393.74,43487989.40,3826796.81,224873816.83,264332610.52,489206427.34,42168.83,2.92839098,0.00072536,0.02321154,0.01450721,0.00349855,0.01800576,936727082.50,1471.4063
1603,4.3888,1.7323,1.7323,2398.29,43492978.47,3826956.84,224907081.02,264341502.28,489248583.30,42155.96,2.92749699,0.00072524,0.02320771,0.01450482,0.00349206,0.01799689,936767238.46,1471.8896
1604,4.3915,1.7321,1.7321,2402.85,43497966.83,3827116.82,224940334.69,264350391.69,489290726.39,42143.09,2.92660329,0.00072512,0.02320389,0.01450243,0.00348559,0.01798802,936807381.55,1472.3724
1605,4.3943,1.7318,1.7318,2407.42,43502954.50,3827276.77,224973577.84,264359278.77,489332856.61,42130.22,2.92570989,0.00072500,0.02320007,0.01450004,0.00347913,0.01797917,936847511.77,1472.8547
1606,4.3970,1.7316,1.7316,2411.99,43507941.46,3827436.67,225006810.47,264368163.50,489374973.97,42117.36,2.92481678,0.00072488,0.02319624,0.01449765,0.00347267,0.01797032,936887629.13,1473.3365
1607,4.3997,1.7313,1.7313,2416.58,43512927.72,3827596.54,225040032.58,264377045.89,489417078.48,42104.51,2.92392397,0.00072476,0.02319242,0.01449526,0.00346623,0.01796150,936927733.64,1473.8179
1608,4.4025,1.7311,1.7311,2421.17,43517913.28,3827756.37,225073244.19,264385925.94,489459170.13,42091.65,2.92303144,0.00072464,0.02318860,0.01449288,0.00345980,0.01795268,936967825.29,1474.2987
1609,4.4052,1.7309,1.7309,2425.78,43522898.14,3827916.15,225106445.28,264394803.65,489501248.93,42078.80,2.92213921,0.00072452,0.02318478,0.01449049,0.00345339,0.01794388,937007904.10,1474.7791
1610,4.4079,1.7306,1.7306,2430.39,43527882.30,3828075.90,225139635.87,264403679.03,489543314.89,42065.96,2.92124727,0.00072441,0.02318096,0.01448810,0.00344698,0.01793508,937047970.06,1475.2589
1611,4.4107,1.7304,1.7304,2435.01,43532865.76,3828235.61,225172815.95,264412552.06,489585368.01,42053.12,2.92035562,0.00072429,0.02317714,0.01448571,0.00344059,0.01792631,937088023.18,1475.7383
1612,4.4134,1.7301,1.7301,2439.63,43537848.52,3828395.28,225205985.54,264421422.76,489627408.30,42040.29,2.91946427,0.00072417,0.02317332,0.01448333,0.00343421,0.01791754,937128063.46,1476.2171
1613,4.4162,1.7299,1.7299,2444.27,43542830.58,3828554.91,225239144.63,264430291.13,489669435.75,42027.45,2.91857320,0.00072405,0.02316951,0.01448094,0.00342784,0.01790878,937168090.92,1476.6955
1614,4.4189,1.7296,1.7296,2448.92,43547811.94,3828714.50,225272293.23,264439157.16,489711450.38,42014.63,2.91768243,0.00072393,0.02316569,0.01447856,0.00342148,0.01790004,937208105.54,1477.1734
1615,4.4216,1.7294,1.7294,2453.57,43552792.60,3828874.06,225305431.33,264448020.85,489753452.18,42001.80,2.91679195,0.00072381,0.02316188,0.01447617,0.00341514,0.01789131,937248107.35,1477.6507
1616,4.4244,1.7292,1.7292,2458.24,43557772.55,3829033.57,225338558.96,264456882.21,489795441.17,41988.99,2.91590176,0.00072369,0.02315806,0.01447379,0.00340881,0.01788259,937288096.33,1478.1276
1617,4.4271,1.7289,1.7289,2462.91,43562751.81,3829193.04,225371676.10,264465741.24,489837417.34,41976.17,2.91501187,0.00072357,0.02315425,0.01447140,0.00340248,0.01787389,937328072.50,1478.6040
1618,4.4298,1.7287,1.7287,2467.59,43567730.37,3829352.48,225404782.76,264474597.94,489879380.70,41963.36,2.91412226,0.00072345,0.02315043,0.01446902,0.00339617,0.01786519,937368035.86,1479.0799
1619,4.4326,1.7284,1.7284,2472.28,43572708.23,3829511.87,225437878.95,264483452.31,489921331.26,41950.55,2.91323295,0.00072333,0.02314662,0.01446664,0.00338987,0.01785651,937407986.42,1479.5554
1620,4.4353,1.7282,1.7282,2476.98,43577685.39,3829671.23,225470964.66,264492304.34,489963269.01,41937.75,2.91234393,0.00072321,0.02314281,0.01446426,0.00338359,0.01784784,937447924.17,1480.0303
1621,4.4381,1.7279,1.7279,2481.69,43582661.86,3829830.55,225504039.91,264501154.05,490005193.96,41924.95,2.91145520,0.00072309,0.02313900,0.01446187,0.00337731,0.01783919,937487849.13,1480.5047
1622,4.4408,1.7277,1.7277,2486.41,43587637.62,3829989.82,225537104.69,264510001.44,490047106.12,41912.16,2.91056676,0.00072297,0.02313519,0.01445949,0.00337105,0.01783054,937527761.29,1480.9786
1623,4.4435,1.7275,1.7275,2491.13,43592612.68,3830149.06,225570159.01,264518846.49,490089005.50,41899.37,2.90967861,0.00072286,0.02313138,0.01445711,0.00336479,0.01782191,937567660.66,1481.4521
1624,4.4463,1.7272,1.7272,2495.87,43597587.04,3830308.26,225603202.86,264527689.22,490130892.08,41886.59,2.90879075,0.00072274,0.02312757,0.01445473,0.00335855,0.01781329,937607547.25,1481.9250
1625,4.4490,1.7270,1.7270,2500.61,43602560.71,3830467.42,225636236.27,264536529.62,490172765.89,41873.81,2.90790318,0.00072262,0.02312376,0.01445235,0.00335232,0.01780468,937647421.05,1482.3975
1626,4.4517,1.7267,1.7267,2505.37,43607533.67,3830626.55,225669259.22,264545367.70,490214626.92,41861.03,2.90701590,0.00072250,0.02311996,0.01444997,0.00334611,0.01779608,937687282.08,1482.8695
1627,4.4545,1.7265,1.7265,2510.13,43612505.94,3830785.63,225702271.72,264554203.46,490256475.17,41848.26,2.90612892,0.00072238,0.02311615,0.01444759,0.00333990,0.01778749,937727130.34,1483.3409
1628,4.4572,1.7262,1.7262,2514.90,43617477.51,3830944.67,225735273.77,264563036.89,490298310.66,41835.49,2.90524222,0.00072226,0.02311235,0.01444522,0.00333371,0.01777892,937766965.83,1483.8119
1629,4.4600,1.7260,1.7260,2519.68,43622448.38,3831103.68,225768265.39,264571868.00,490340133.39,41822.72,2.90435582,0.00072214,0.02310854,0.01444284,0.00332752,0.01777036,937806788.55,1484.2824
1630,4.4627,1.7258,1.7258,2524.47,43627418.55,3831262.64,225801246.56,264580696.79,490381943.35,41809.96,2.90346970,0.00072202,0.02310474,0.01444046,0.00332135,0.01776181,937846598.51,1484.7524
1631,4.4654,1.7255,1.7255,2529.27,43632388.02,3831421.57,225834217.30,264589523.26,490423740.56,41797.21,2.90258388,0.00072190,0.02310093,0.01443808,0.00331519,0.01775327,937886395.72,1485.2219
1632,4.4682,1.7253,1.7253,2534.08,43637356.80,3831580.46,225867177.60,264598347.41,490465525.01,41784.46,2.90169834,0.00072179,0.02309713,0.01443571,0.00330904,0.01774475,937926180.18,1485.6910
1633,4.4709,1.7250,1.7250,2538.89,43642324.87,3831739.31,225900127.47,264607169.25,490507296.72,41771.71,2.90081310,0.00072167,0.02309333,0.01443333,0.00330290,0.01773623,937965951.89,1486.1595
1634,4.4736,1.7248,1.7248,2543.72,43647292.25,3831898.11,225933066.92,264615988.76,490549055.69,41758.97,2.89992814,0.00072155,0.02308953,0.01443096,0.00329678,0.01772773,938005710.85,1486.6275
1635,4.4764,1.7245,1.7245,2548.55,43652258.93,3832056.89,225965995.95,264624805.96,490590801.91,41746.23,2.89904348,0.00072143,0.02308573,0.01442858,0.00329066,0.01771924,938045457.08,1487.0951
1636,4.4791,1.7243,1.7243,2553.40,43657224.91,3832215.62,225998914.56,264633620.85,490632535.41,41733.49,2.89815910,0.00072131,0.02308193,0.01442621,0.00328456,0.01771076,938085190.57,1487.5621
1637,4.4819,1.7241,1.7241,2558.25,43662190.20,3832374.31,226031822.75,264642433.42,490674256.17,41720.76,2.89727501,0.00072119,0.02307813,0.01442383,0.00327846,0.01770230,938124911.33,1488.0287
1638,4.4846,1.7238,1.7238,2563.11,43667154.78,3832532.96,226064720.53,264651243.67,490715964.20,41708.03,2.89639122,0.00072107,0.02307434,0.01442146,0.00327238,0.01769384,938164619.36,1488.4948
1639,4.4873,1.7236,1.7236,2567.99,43672118.67,3832691.58,226097607.89,264660051.62,490757659.51,41695.31,2.89550771,0.00072095,0.02307054,0.01441909,0.00326631,0.01768540,938204314.67,1488.9603
1640,4.4901,1.7233,1.7233,2572.87,43677081.86,3832850.16,226130484.86,264668857.25,490799342.10,41682.59,2.89462449,0.00072084,0.02306674,0.01441671,0.00326025,0.01767697,938243997.27,1489.4254
1641,4.4928,1.7231,1.7231,2577.76,43682044.36,3833008.69,226163351.42,264677660.57,490841011.98,41669.88,2.89374156,0.00072072,0.02306295,0.01441434,0.00325421,0.01766855,938283667.14,1489.8900
1642,4.4956,1.7228,1.7228,2582.66,43687006.15,3833167.19,226196207.57,264686461.58,490882669.15,41657.17,2.89285892,0.00072060,0.02305915,0.01441197,0.00324817,0.01766014,938323324.31,1490.3542
1643,4.4983,1.7226,1.7226,2587.57,43691967.25,3833325.65,226229053.34,264695260.27,490924313.61,41644.46,2.89197657,0.00072048,0.02305536,0.01440960,0.00324214,0.01765174,938362968.77,1490.8178
1644,4.5010,1.7224,1.7224,2592.49,43696927.66,3833484.07,226261888.71,264704056.67,490965945.37,41631.76,2.89109451,0.00072036,0.02305157,0.01440723,0.00323613,0.01764336,938402600.54,1491.2809
1645,4.5038,1.7221,1.7221,2597.41,43701887.36,3833642.45,226294713.69,264712850.75,491007564.44,41619.06,2.89021273,0.00072024,0.02304778,0.01440486,0.00323013,0.01763498,938442219.60,1491.7435
1646,4.5065,1.7219,1.7219,2602.35,43706846.37,3833800.80,226327528.28,264721642.53,491049170.81,41606.37,2.88933125,0.00072012,0.02304398,0.01440249,0.00322413,0.01762662,938481825.97,1492.2057
1647,4.5092,1.7216,1.7216,2607.30,43711804.68,3833959.10,226360332.49,264730432.00,491090764.49,41593.68,2.88845005,0.00072001,0.02304019,0.01440012,0.00321815,0.01761827,938521419.65,1492.6674
1648,4.5120,1.7214,1.7214,2612.25,43716762.30,3834117.37,226393126.32,264739219.16,491132345.48,41581.00,2.88756914,0.00071989,0.02303640,0.01439775,0.00321218,0.01760993,938561000.65,1493.1285
1649,4.5147,1.7212,1.7212,2617.22,43721719.21,3834275.60,226425909.77,264748004.02,491173913.80,41568.31,2.88668852,0.00071977,0.02303262,0.01439538,0.00320622,0.01760161,938600568.96,1493.5892
1650,4.5175,1.7209,1.7209,2622.19,43726675.44,3834433.78,226458682.85,264756786.58,491215469.44,41555.64,2.88580819,0.00071965,0.02302883,0.01439302,0.00320027,0.01759329,938640124.60,1494.0494
1651,4.5202,1.7207,1.7207,2627.18,43731630.96,3834591.93,226491445.56,264765566.84,491257012.40,41542.97,2.88492815,0.00071953,0.02302504,0.01439065,0.00319434,0.01758499,938679667.56,1494.5091
1652,4.5229,1.7204,1.7204,2632.17,43736585.79,3834750.04,226524197.91,264774344.79,491298542.70,41530.30,2.88404839,0.00071941,0.02302125,0.01438828,0.00318841,0.01757669,938719197.86,1494.9683
1653,4.5257,1.7202,1.7202,2637.18,43741539.92,3834908.12,226556939.89,264783120.44,491340060.33,41517.63,2.88316892,0.00071930,0.02301747,0.01438592,0.00318250,0.01756841,938758715.49,1495.4271
1654,4.5284,1.7199,1.7199,2642.19,43746493.36,3835066.15,226589671.51,264791893.79,491381565.30,41504.97,2.88228974,0.00071918,0.02301368,0.01438355,0.00317659,0.01756014,938798220.47,1495.8853
1655,4.5311,1.7197,1.7197,2647.21,43751446.10,3835224.14,226622392.77,264800664.85,491423057.62,41492.32,2.88141085,0.00071906,0.02300990,0.01438119,0.00317070,0.01755189,938837712.78,1496.3430
1656,4.5339,1.7195,1.7195,2652.24,43756398.14,3835382.10,226655103.68,264809433.60,491464537.28,41479.66,2.88053224,0.00071894,0.02300611,0.01437882,0.00316482,0.01754364,938877192.45,1496.8003
1657,4.5366,1.7192,1.7192,2657.28,43761349.49,3835540.02,226687804.24,264818200.06,491506004.30,41467.02,2.87965392,0.00071882,0.02300233,0.01437646,0.00315895,0.01753540,938916659.46,1497.2571
1658,4.5394,1.7190,1.7190,2662.34,43766300.14,3835697.90,226720494.45,264826964.22,491547458.67,41454.37,2.87877589,0.00071870,0.02299855,0.01437409,0.00315308,0.01752718,938956113.83,1497.7134
1659,4.5421,1.7187,1.7187,2667.40,43771250.10,3835855.74,226753174.32,264835726.09,491588900.41,41441.73,2.87789815,0.00071859,0.02299477,0.01437173,0.00314723,0.01751897,938995555.57,1498.1692
1660,4.5448,1.7185,1.7185,2672.47,43776199.36,3836013.54,226785843.84,264844485.66,491630329.50,41429.10,2.87702069,0.00071847,0.02299099,0.01436937,0.00314140,0.01751076,939034984.67,1498.6245
1661,4.5476,1.7183,1.7183,2677.55,43781147.93,3836171.30,226818503.03,264853242.94,491671745.97,41416.47,2.87614352,0.00071835,0.02298721,0.01436701,0.00313557,0.01750257,939074401.13,1499.0793
1662,4.5503,1.7180,1.7180,2682.64,43786095.80,3836329.03,226851151.89,264861997.92,491713149.81,41403.84,2.87526664,0.00071823,0.02298343,0.01436464,0.00312975,0.01749439,939113804.97,1499.5336
1663,4.5530,1.7178,1.7178,2687.74,43791042.97,3836486.71,226883790.41,264870750.62,491754541.03,41391.22,2.87439005,0.00071811,0.02297965,0.01436228,0.00312394,0.01748623,939153196.19,1499.9875
1664,4.5558,1.7175,1.7175,2692.84,43795989.45,3836644.36,226916418.61,264879501.02,491795919.62,41378.60,2.87351374,0.00071800,0.02297588,0.01435992,0.00311815,0.01747807,939192574.79,1500.4408
1665,4.5585,1.7173,1.7173,2697.96,43800935.24,3836801.97,226949036.48,264888249.13,491837285.61,41365.98,2.87263771,0.00071788,0.02297210,0.01435756,0.00311236,0.01746992,939231940.77,1500.8937
1666,4.5613,1.7170,1.7170,2703.09,43805880.33,3836959.54,226981644.03,264896994.95,491878638.98,41353.37,2.87176198,0.00071776,0.02296832,0.01435520,0.00310659,0.01746179,939271294.14,1501.3461
1667,4.5640,1.7168,1.7168,2708.23,43810824.72,3837117.07,227014241.27,264905738.48,491919979.75,41340.77,2.87088653,0.00071764,0.02296455,0.01435284,0.00310082,0.01745367,939310634.91,1501.7980
1668,4.5667,1.7166,1.7166,2713.38,43815768.43,3837274.56,227046828.18,264914479.72,491961307.91,41328.16,2.87001137,0.00071752,0.02296077,0.01435048,0.00309507,0.01744555,939349963.07,1502.2494
1669,4.5695,1.7163,1.7163,2718.54,43820711.43,3837432.02,227079404.79,264923218.68,492002623.48,41315.57,2.86913649,0.00071741,0.02295700,0.01434813,0.00308933,0.01743745,939389278.64,1502.7003
1670,4.5722,1.7161,1.7161,2723.70,43825653.74,3837589.44,227111971.09,264931955.35,492043926.45,41302.97,2.86826190,0.00071729,0.02295323,0.01434577,0.00308359,0.01742936,939428581.61,1503.1507
1671,4.5749,1.7158,1.7158,2728.88,43830595.36,3837746.81,227144527.09,264940689.74,492085216.83,41290.38,2.86738759,0.00071717,0.02294946,0.01434341,0.00307787,0.01742128,939467871.99,1503.6007
1672,4.5777,1.7156,1.7156,2734.07,43835536.28,3837904.15,227177072.78,264949421.84,492126494.62,41277.80,2.86651357,0.00071705,0.02294569,0.01434105,0.00307216,0.01741322,939507149.79,1504.0501
1673,4.5804,1.7154,1.7154,2739.26,43840476.51,3838061.45,227209608.18,264958151.66,492167759.84,41265.21,2.86563984,0.00071693,0.02294192,0.01433870,0.00306646,0.01740516,939546415.00,1504.4991
1674,4.5832,1.7151,1.7151,2744.47,43845416.04,3838218.72,227242133.28,264966879.19,492209012.47,41252.64,2.86476639,0.00071682,0.02293815,0.01433634,0.00306077,0.01739711,939585667.64,1504.9476
1675,4.5859,1.7149,1.7149,2749.69,43850354.88,3838375.94,227274648.09,264975604.45,492250252.54,41240.06,2.86389323,0.00071670,0.02293438,0.01433399,0.00305509,0.01738908,939624907.70,1505.3956
1676,4.5886,1.7146,1.7146,2754.91,43855293.03,3838533.13,227307152.61,264984327.42,492291480.03,41227.49,2.86302036,0.00071658,0.02293061,0.01433163,0.00304942,0.01738105,939664135.19,1505.8431
1677,4.5914,1.7144,1.7144,2760.15,43860230.48,3838690.27,227339646.85,264993048.11,492332694.96,41214.93,2.86214776,0.00071646,0.02292684,0.01432928,0.00304377,0.01737304,939703350.12,1506.2901
1678,4.5941,1.7142,1.7142,2765.40,43865167.24,3838847.38,227372130.80,265001766.52,492373897.32,41202.37,2.86127546,0.00071635,0.02292308,0.01432692,0.00303812,0.01736504,939742552.49,1506.7367
1679,4.5969,1.7139,1.7139,2770.65,43870103.30,3839004.45,227404604.48,265010482.66,492415087.13,41189.81,2.86040344,0.00071623,0.02291931,0.01432457,0.00303248,0.01735705,939781742.30,1507.1827
1680,4.5996,1.7137,1.7137,2775.92,43875038.67,3839161.49,227437067.88,265019196.51,492456264.39,41177.26,2.85953170,0.00071611,0.02291555,0.01432222,0.00302685,0.01734907,939820919.55,1507.6283
1681,4.6023,1.7134,1.7134,2781.20,43879973.35,3839318.48,227469521.00,265027908.09,492497429.10,41164.71,2.85866025,0.00071599,0.02291178,0.01431986,0.00302124,0.01734110,939860084.26,1508.0734
1682,4.6051,1.7132,1.7132,2786.48,43884907.33,3839475.44,227501963.86,265036617.40,492538581.26,41152.16,2.85778909,0.00071588,0.02290802,0.01431751,0.00301563,0.01733314,939899236.42,1508.5180
1683,4.6078,1.7129,1.7129,2791.78,43889840.62,3839632.35,227534396.46,265045324.43,492579720.88,41139.62,2.85691820,0.00071576,0.02290426,0.01431516,0.00301003,0.01732519,939938376.04,1508.9621
1684,4.6105,1.7127,1.7127,2797.09,43894773.22,3839789.23,227566818.79,265054029.18,492620847.97,41127.09,2.85604761,0.00071564,0.02290049,0.01431281,0.00300445,0.01731726,939977503.13,1509.4058
1685,4.6133,1.7125,1.7125,2802.40,43899705.13,3839946.08,227599230.86,265062731.66,492661962.52,41114.55,2.85517730,0.00071552,0.02289673,0.01431046,0.00299887,0.01730933,940016617.68,1509.8489
1686,4.6160,1.7122,1.7122,2807.73,43904636.34,3840102.88,227631632.68,265071431.87,492703064.55,41102.02,2.85430727,0.00071541,0.02289297,0.01430811,0.00299331,0.01730142,940055719.71,1510.2916
1687,4.6188,1.7120,1.7120,2813.07,43909566.85,3840259.64,227664024.24,265080129.81,492744154.05,41089.50,2.85343753,0.00071529,0.02288921,0.01430576,0.00298775,0.01729351,940094809.21,1510.7338
1688,4.6215,1.7117,1.7117,2818.42,43914496.68,3840416.37,227696405.55,265088825.47,492785231.03,41076.98,2.85256807,0.00071517,0.02288546,0.01430341,0.00298221,0.01728562,940133886.19,1511.1755
1689,4.6242,1.7115,1.7115,2823.77,43919425.81,3840573.06,227728776.62,265097518.87,492826295.49,41064.46,2.85169889,0.00071505,0.02288170,0.01430106,0.00297667,0.01727774,940172950.65,1511.6167
1690,4.6270,1.7113,1.7113,2829.14,43924354.25,3840729.71,227761137.45,265106210.00,492867347.44,41051.95,2.85083000,0.00071494,0.02287794,0.01429871,0.00297115,0.01726986,940212002.60,1512.0574
1691,4.6297,1.7110,1.7110,2834.52,43929282.00,3840886.32,227793488.03,265114898.85,492908386.89,41039.44,2.84996139,0.00071482,0.02287418,0.01429637,0.00296564,0.01726200,940251042.05,1512.4976
1692,4.6324,1.7108,1.7108,2839.91,43934209.05,3841042.89,227825828.38,265123585.45,492949413.83,41026.94,2.84909307,0.00071470,0.02287043,0.01429402,0.00296013,0.01725415,940290068.99,1512.9374
1693,4.6352,1.7105,1.7105,2845.30,43939135.42,3841199.43,227858158.50,265132269.77,492990428.27,41014.44,2.84822503,0.00071458,0.02286667,0.01429167,0.00295464,0.01724631,940329083.43,1513.3767
1694,4.6379,1.7103,1.7103,2850.71,43944061.09,3841355.92,227890478.38,265140951.83,493031430.21,41001.94,2.84735728,0.00071447,0.02286292,0.01428932,0.00294916,0.01723848,940368085.37,1513.8155
1695,4.6407,1.7101,1.7101,2856.13,43948986.07,3841512.38,227922788.04,265149631.62,493072419.66,40989.45,2.84648980,0.00071435,0.02285917,0.01428698,0.00294368,0.01723066,940407074.83,1514.2538
1696,4.6434,1.7098,1.7098,2861.56,43953910.35,3841668.80,227955087.48,265158309.15,493113396.63,40976.97,2.84562262,0.00071423,0.02285541,0.01428463,0.00293822,0.01722285,940446051.79,1514.6916
1697,4.6461,1.7096,1.7096,2867.00,43958833.95,3841825.19,227987376.69,265166984.42,493154361.11,40964.48,2.84475571,0.00071411,0.02285166,0.01428229,0.00293277,0.01721506,940485016.27,1515.1290
1698,4.6489,1.7093,1.7093,2872.45,43963756.85,3841981.53,228019655.69,265175657.43,493195313.12,40952.00,2.84388909,0.00071400,0.02284791,0.01427994,0.00292732,0.01720727,940523968.28,1515.5658
1699,4.6516,1.7091,1.7091,2877.91,43968679.06,3842137.84,228051924.47,265184328.17,493236252.64,40939.53,2.84302275,0.00071388,0.02284416,0.01427760,0.00292189,0.01719949,940562907.81,1516.0022
1700,4.6543,1.7089,1.7089,2883.38,43973600.58,3842294.11,228084183.05,265192996.65,493277179.70,40927.06,2.84215669,0.00071376,0.02284041,0.01427526,0.00291647,0.01719173,940601834.86,1516.4381
1701,4.6571,1.7086,1.7086,2888.86,43978521.40,3842450.34,228116431.41,265201662.87,493318094.29,40914.59,2.84129092,0.00071365,0.02283666,0.01427291,0.00291106,0.01718397,940640749.45,1516.8735
1702,4.6598,1.7084,1.7084,2894.35,43983441.54,3842606.53,228148669.58,265210326.84,493358996.41,40902.13,2.84042543,0.00071353,0.02283292,0.01427057,0.00290565,0.01717623,940679651.58,1517.3085
1703,4.6626,1.7081,1.7081,2899.85,43988360.98,3842762.68,228180897.54,265218988.54,493399886.08,40889.67,2.83956022,0.00071341,0.02282917,0.01426823,0.00290026,0.01716849,940718541.24,1517.7429
1704,4.6653,1.7079,1.7079,2905.37,43993279.74,3842918.80,228213115.30,265227647.99,493440763.29,40877.21,2.83869530,0.00071329,0.02282542,0.01426589,0.00289488,0.01716077,940757418.46,1518.1769
1705,4.6680,1.7077,1.7077,2910.89,43998197.80,3843074.88,228245322.87,265236305.18,493481628.06,40864.76,2.83783066,0.00071318,0.02282168,0.01426355,0.00288950,0.01715305,940796283.22,1518.6104
1706,4.6708,1.7074,1.7074,2916.42,44003115.17,3843230.92,228277520.25,265244960.12,493522480.37,40852.31,2.83696630,0.00071306,0.02281793,0.01426121,0.00288414,0.01714535,940835135.53,1519.0434
1707,4.6735,1.7072,1.7072,2921.97,44008031.85,3843386.92,228309707.44,265253612.80,493563320.24,40839.87,2.83610222,0.00071294,0.02281419,0.01425887,0.00287879,0.01713766,940873975.40,1519.4759
1708,4.6762,1.7069,1.7069,2927.52,44012947.84,3843542.89,228341884.45,265262263.23,493604147.68,40827.43,2.83523842,0.00071283,0.02281044,0.01425653,0.00287345,0.01712997,940912802.84,1519.9080
1709,4.6790,1.7067,1.7067,2933.08,44017863.14,3843698.81,228374051.27,265270911.40,493644962.67,40815.00,2.83437491,0.00071271,0.02280670,0.01425419,0.00286811,0.01712230,940951617.84,1520.3396
1710,4.6817,1.7065,1.7065,2938.66,44022777.75,3843854.70,228406207.92,265279557.32,493685765.24,40802.57,2.83351168,0.00071259,0.02280296,0.01425185,0.00286279,0.01711464,940990420.40,1520.7707
1711,4.6845,1.7062,1.7062,2944.25,44027691.66,3844010.55,228438354.39,265288200.99,493726555.38,40790.14,2.83264873,0.00071248,0.02279922,0.01424951,0.00285748,0.01710699,941029210.55,1521.2013
1712,4.6872,1.7060,1.7060,2949.84,44032604.89,3844166.36,228470490.69,265296842.41,493767333.10,40777.72,2.83178606,0.00071236,0.02279548,0.01424717,0.00285217,0.01709935,941067988.27,1521.6314
1713,4.6899,1.7057,1.7057,2955.45,44037517.42,3844322.14,228502616.82,265305481.58,493808098.40,40765.30,2.83092367,0.00071224,0.02279174,0.01424484,0.00284688,0.01709172,941106753.57,1522.0611
1714,4.6927,1.7055,1.7055,2961.07,44042429.27,3844477.88,228534732.78,265314118.51,493848851.29,40752.89,2.83006157,0.00071213,0.02278800,0.01424250,0.00284159,0.01708409,941145506.45,1522.4902
1715,4.6954,1.7053,1.7053,2966.70,44047340.43,3844633.58,228566838.59,265322753.18,493889591.77,40740.48,2.82919975,0.00071201,0.02278426,0.01424016,0.00283632,0.01707648,941184246.93,1522.9189
1716,4.6982,1.7050,1.7050,2972.33,44052250.89,3844789.24,228598934.23,265331385.61,493930319.84,40728.07,2.82833821,0.00071189,0.02278053,0.01423783,0.00283105,0.01706888,941222975.00,1523.3471
1717,4.7009,1.7048,1.7048,2977.98,44057160.67,3844944.86,228631019.72,265340015.79,493971035.51,40715.67,2.82747695,0.00071177,0.02277679,0.01423549,0.00282580,0.01706129,941261690.67,1523.7749
1718,4.7036,1.7045,1.7045,2983.65,44062069.75,3845100.45,228663095.06,265348643.72,494011738.77,40703.27,2.82661597,0.00071166,0.02277305,0.01423316,0.00282055,0.01705371,941300393.94,1524.2021
1719,4.7064,1.7043,1.7043,2989.32,44066978.15,3845255.99,228695160.24,265357269.41,494052429.65,40690.88,2.82575527,0.00071154,0.02276932,0.01423082,0.00281532,0.01704614,941339084.81,1524.6289
1720,4.7091,1.7041,1.7041,2995.00,44071885.85,3845411.50,228727215.28,265365892.85,494093108.14,40678.49,2.82489485,0.00071142,0.02276559,0.01422849,0.00281009,0.01703858,941377763.30,1525.0552
1721,4.7118,1.7038,1.7038,3000.69,44076792.87,3845566.98,228759260.18,265374514.06,494133774.24,40666.10,2.82403472,0.00071131,0.02276185,0.01422616,0.00280488,0.01703104,941416429.40,1525.4810
1722,4.7146,1.7036,1.7036,3006.40,44081699.20,3845722.41,228791294.94,265383133.02,494174427.95,40653.72,2.82317486,0.00071119,0.02275812,0.01422382,0.00279967,0.01702350,941455083.12,1525.9063
1723,4.7173,1.7033,1.7033,3012.11,44086604.83,3845877.81,228823319.56,265391749.74,494215069.29,40641.34,2.82231529,0.00071107,0.02275439,0.01422149,0.00279447,0.01701597,941493724.46,1526.3312
1724,4.7201,1.7031,1.7031,3017.84,44091509.78,3846033.17,228855334.05,265400364.21,494255698.26,40628.97,2.82145599,0.00071096,0.02275066,0.01421916,0.00278929,0.01700845,941532353.42,1526.7556
1725,4.7228,1.7029,1.7029,3023.57,44096414.04,3846188.49,228887338.40,265408976.45,494296314.86,40616.60,2.82059698,0.00071084,0.02274693,0.01421683,0.00278411,0.01700094,941570970.02,1527.1795
1726,4.7255,1.7026,1.7026,3029.32,44101317.61,3846343.77,228919332.64,265417586.45,494336919.09,40604.23,2.81973825,0.00071072,0.02274320,0.01421450,0.00277894,0.01699344,941609574.25,1527.6029
1727,4.7283,1.7024,1.7024,3035.08,44106220.49,3846499.02,228951316.74,265426194.21,494377510.96,40591.87,2.81887979,0.00071061,0.02273947,0.01421217,0.00277378,0.01698595,941648166.12,1528.0259
1728,4.7310,1.7021,1.7021,3040.85,44111122.68,3846654.22,228983290.73,265434799.74,494418090.47,40579.51,2.81802162,0.00071049,0.02273574,0.01420984,0.00276863,0.01697847,941686745.63,1528.4484
1729,4.7337,1.7019,1.7019,3046.63,44116024.18,3846809.39,229015254.60,265443403.03,494458657.63,40567.16,2.81716373,0.00071038,0.02273201,0.01420751,0.00276349,0.01697100,941725312.79,1528.8704
1730,4.7365,1.7017,1.7017,3052.42,44120925.00,3846964.53,229047208.35,265452004.08,494499212.43,40554.81,2.81630612,0.00071026,0.02272829,0.01420518,0.00275836,0.01696354,941763867.60,1529.2919
1731,4.7392,1.7014,1.7014,3058.22,44125825.12,3847119.62,229079152.00,265460602.90,494539754.90,40542.46,2.81544878,0.00071014,0.02272456,0.01420285,0.00275324,0.01695609,941802410.06,1529.7129
1732,4.7420,1.7012,1.7012,3064.03,44130724.56,3847274.68,229111085.54,265469199.48,494580285.02,40530.12,2.81459173,0.00071003,0.02272084,0.01420052,0.00274813,0.01694866,941840940.18,1530.1335
1733,4.7447,1.7010,1.7010,3069.86,44135623.31,3847429.70,229143008.97,265477793.83,494620802.80,40517.78,2.81373496,0.00070991,0.02271711,0.01419820,0.00274303,0.01694123,941879457.96,1530.5536
1734,4.7474,1.7007,1.7007,3075.69,44140521.37,3847584.68,229174922.30,265486385.95,494661308.25,40505.45,2.81287846,0.00070979,0.02271339,0.01419587,0.00273794,0.01693381,941917963.41,1530.9732
1735,4.7502,1.7005,1.7005,3081.54,44145418.74,3847739.62,229206825.53,265494975.84,494701801.37,40493.12,2.81202225,0.00070968,0.02270967,0.01419354,0.00273286,0.01692640,941956456.53,1531.3924
1736,4.7529,1.7002,1.7002,3087.40,44150315.42,3847894.53,229238718.67,265503563.49,494742282.17,40480.79,2.81116631,0.00070956,0.02270594,0.01419122,0.00272778,0.01691900,941994937.33,1531.8110
1737,4.7556,1.7000,1.7000,3093.27,44155211.42,3848049.40,229270601.72,265512148.92,494782750.64,40468.47,2.81031066,0.00070944,0.02270222,0.01418889,0.00272272,0.01691161,942033405.80,1532.2292
1738,4.7584,1.6998,1.6998,3099.15,44160106.73,3848204.23,229302474.68,265520732.12,494823206.80,40456.16,2.80945528,0.00070933,0.02269850,0.01418656,0.00271766,0.01690423,942071861.96,1532.6470
1739,4.7611,1.6995,1.6995,3105.04,44165001.35,3848359.03,229334337.55,265529313.09,494863650.64,40443.84,2.80860019,0.00070921,0.02269478,0.01418424,0.00271262,0.01689686,942110305.80,1533.0642
1740,4.7639,1.6993,1.6993,3110.94,44169895.28,3848513.78,229366190.34,265537891.83,494904082.17,40431.53,2.80774537,0.00070910,0.02269107,0.01418192,0.00270758,0.01688950,942148737.33,1533.4810
1741,4.7666,1.6990,1.6990,3116.85,44174788.52,3848668.50,229398033.05,265546468.35,494944501.40,40419.23,2.80689083,0.00070898,0.02268735,0.01417959,0.00270256,0.01688215,942187156.56,1533.8973
1742,4.7693,1.6988,1.6988,3122.78,44179681.08,3848823.18,229429865.69,265555042.64,494984908.33,40406.93,2.80603657,0.00070886,0.02268363,0.01417727,0.00269754,0.01687481,942225563.49,1534.3131
1743,4.7721,1.6986,1.6986,3128.71,44184572.95,3848977.83,229461688.25,265563614.70,495025302.96,40394.63,2.80518259,0.00070875,0.02267991,0.01417495,0.00269253,0.01686748,942263958.12,1534.7284
1744,4.7748,1.6983,1.6983,3134.66,44189464.13,3849132.43,229493500.75,265572184.55,495065685.29,40382.34,2.80432888,0.00070863,0.02267620,0.01417262,0.00268753,0.01686015,942302340.45,1535.1433
1745,4.7775,1.6981,1.6981,3140.62,44194354.62,3849287.00,229525303.17,265580752.16,495106055.34,40370.05,2.80347546,0.00070852,0.02267248,0.01417030,0.00268254,0.01685284,942340710.50,1535.5577
1746,4.7803,1.6978,1.6978,3146.59,44199244.43,3849441.53,229557095.54,265589317.56,495146413.10,40357.76,2.80262231,0.00070840,0.02266877,0.01416798,0.00267756,0.01684554,942379068.26,1535.9716
1747,4.7830,1.6976,1.6976,3152.57,44204133.55,3849596.03,229588877.85,265597880.73,495186758.58,40345.48,2.80176944,0.00070828,0.02266506,0.01416566,0.00267259,0.01683825,942417413.74,1536.3851
1748,4.7858,1.6974,1.6974,3158.56,44209021.98,3849750.49,229620650.09,265606441.69,495227091.78,40333.20,2.80091685,0.00070817,0.02266134,0.01416334,0.00266763,0.01683097,942455746.94,1536.7981
1749,4.7885,1.6971,1.6971,3164.57,44213909.73,3849904.90,229652412.29,265615000.42,495267412.71,40320.93,2.80006454,0.00070805,0.02265763,0.01416102,0.00266268,0.01682369,942494067.87,1537.2106
1750,4.7912,1.6969,1.6969,3170.58,44218796.79,3850059.29,229684164.43,265623556.94,495307721.37,40308.66,2.79921251,0.00070793,0.02265392,0.01415870,0.00265773,0.01681643,942532376.53,1537.6226
1751,4.7940,1.6967,1.6967,3176.61,44223683.16,3850213.63,229715906.53,265632111.23,495348017.77,40296.39,2.79836075,0.00070782,0.02265021,0.01415638,0.00265280,0.01680918,942570672.93,1538.0342
1752,4.7967,1.6964,1.6964,3182.65,44228568.84,3850367.94,229747638.59,265640663.31,495388301.90,40284.13,2.79750928,0.00070770,0.02264650,0.01415406,0.00264787,0.01680193,942608957.06,1538.4453
1753,4.7995,1.6962,1.6962,3188.70,44233453.84,3850522.21,229779360.60,265649213.18,495428573.78,40271.88,2.79665808,0.00070759,0.02264279,0.01415174,0.00264296,0.01679470,942647228.94,1538.8559
1754,4.8022,1.6959,1.6959,3194.76,44238338.16,3850676.44,229811072.58,265657760.82,495468833.40,40259.62,2.79580715,0.00070747,0.02263908,0.01414943,0.00263805,0.01678747,942685488.56,1539.2661
1755,4.8049,1.6957,1.6957,3200.83,44243221.78,3850830.63,229842774.52,265666306.26,495509080.77,40247.37,2.79495651,0.00070736,0.02263537,0.01414711,0.00263315,0.01678026,942723735.94,1539.6757
1756,4.8077,1.6955,1.6955,3206.91,44248104.72,3850984.79,229874466.43,265674849.47,495549315.90,40235.13,2.79410614,0.00070724,0.02263167,0.01414479,0.00262826,0.01677305,942761971.06,1540.0850
1757,4.8104,1.6952,1.6952,3213.01,44252986.98,3851138.91,229906148.31,265683390.48,495589538.79,40222.89,2.79325605,0.00070712,0.02262796,0.01414248,0.00262338,0.01676586,942800193.95,1540.4937
1758,4.8131,1.6950,1.6950,3219.12,44257868.55,3851293.00,229937820.17,265691929.27,495629749.44,40210.65,2.79240624,0.00070701,0.02262426,0.01414016,0.00261851,0.01675867,942838404.60,1540.9020
1759,4.8159,1.6948,1.6948,3225.24,44262749.43,3851447.04,229969482.00,265700465.85,495669947.85,40198.42,2.79155670,0.00070689,0.02262055,0.01413785,0.00261365,0.01675149,942876603.02,1541.3098
1760,4.8186,1.6945,1.6945,3231.37,44267629.62,3851601.05,230001133.82,265709000.22,495710134.04,40186.19,2.79070744,0.00070678,0.02261685,0.01413553,0.00260879,0.01674433,942914789.20,1541.7171
1761,4.8214,1.6943,1.6943,3237.51,44272509.13,3851755.02,230032775.62,265717532.38,495750308.00,40173.96,2.78985846,0.00070666,0.02261315,0.01413322,0.00260395,0.01673717,942952963.17,1542.1239
1762,4.8241,1.6940,1.6940,3243.66,44277387.96,3851908.95,230064407.41,265726062.33,495790469.74,40161.74,2.78900975,0.00070655,0.02260944,0.01413090,0.00259912,0.01673002,942991124.91,1542.5303
1763,4.8268,1.6938,1.6938,3249.83,44282266.10,3852062.85,230096029.19,265734590.07,495830619.27,40149.52,2.78816132,0.00070643,0.02260574,0.01412859,0.00259429,0.01672288,943029274.43,1542.9362
1764,4.8296,1.6936,1.6936,3256.01,44287143.55,3852216.71,230127640.97,265743115.61,495870756.58,40137.31,2.78731317,0.00070631,0.02260204,0.01412628,0.00258947,0.01671575,943067411.74,1543.3417
1765,4.8323,1.6933,1.6933,3262.20,44292020.32,3852370.53,230159242.74,265751638.94,495910881.68,40125.10,2.78646530,0.00070620,0.02259834,0.01412396,0.00258466,0.01670863,943105536.84,1543.7467
1766,4.8350,1.6931,1.6931,3268.40,44296896.40,3852524.32,230190834.51,265760160.06,495950994.57,40112.89,2.78561770,0.00070608,0.02259464,0.01412165,0.00257986,0.01670152,943143649.73,1544.1512
1767,4.8378,1.6928,1.6928,3274.61,44301771.80,3852678.06,230222416.29,265768678.97,495991095.27,40100.69,2.78477037,0.00070597,0.02259094,0.01411934,0.00257507,0.01669441,943181750.43,1544.5552
1768,4.8405,1.6926,1.6926,3280.83,44306646.51,3852831.77,230253988.07,265777195.69,496031183.76,40088.50,2.78392333,0.00070585,0.02258725,0.01411703,0.00257029,0.01668732,943219838.92,1544.9588
1769,4.8433,1.6924,1.6924,3287.07,44311520.54,3852985.45,230285549.87,265785710.20,496071260.06,40076.30,2.78307656,0.00070574,0.02258355,0.01411472,0.00256552,0.01668024,943257915.23,1545.3619
1770,4.8460,1.6921,1.6921,3293.32,44316393.88,3853139.08,230317101.67,265794222.50,496111324.18,40064.11,2.78223006,0.00070562,0.02257985,0.01411241,0.00256076,0.01667316,943295979.34,1545.7646
1771,4.8487,1.6919,1.6919,3299.58,44321266.54,3853292.68,230348643.50,265802732.61,496151376.10,40051.93,2.78138384,0.00070550,0.02257616,0.01411010,0.00255600,0.01666610,943334031.27,1546.1667
1772,4.8515,1.6917,1.6917,3305.85,44326138.52,3853446.25,230380175.34,265811240.51,496191415.85,40039.75,2.78053790,0.00070539,0.02257246,0.01410779,0.00255125,0.01665904,943372071.01,1546.5684
1773,4.8542,1.6914,1.6914,3312.13,44331009.80,3853599.77,230411697.20,265819746.21,496231443.42,40027.57,2.77969223,0.00070527,0.02256877,0.01410548,0.00254652,0.01665200,943410098.58,1546.9697
1774,4.8569,1.6912,1.6912,3318.43,44335880.41,3853753.26,230443209.10,265828249.72,496271458.81,40015.39,2.77884684,0.00070516,0.02256508,0.01410317,0.00254179,0.01664496,943448113.98,1547.3704
1775,4.8597,1.6909,1.6909,3324.74,44340750.33,3853906.71,230474711.02,265836751.02,496311462.04,40003.22,2.77800172,0.00070504,0.02256139,0.01410087,0.00253707,0.01663793,943486117.20,1547.7707
1776,4.8624,1.6907,1.6907,3331.06,44345619.56,3854060.12,230506202.97,265845250.13,496351453.10,39991.06,2.77715688,0.00070493,0.02255769,0.01409856,0.00253236,0.01663091,943524108.26,1548.1706
1777,4.8652,1.6905,1.6905,3337.39,44350488.11,3854213.50,230537684.96,265853747.04,496391431.99,39978.90,2.77631232,0.00070481,0.02255400,0.01409625,0.00252765,0.01662391,943562087.16,1548.5699
1778,4.8679,1.6902,1.6902,3343.73,44355355.98,3854366.84,230569156.98,265862241.75,496431398.73,39966.74,2.77546803,0.00070470,0.02255031,0.01409395,0.00252296,0.01661691,943600053.90,1548.9689
1779,4.8706,1.6900,1.6900,3350.09,44360223.16,3854520.14,230600619.05,265870734.27,496471353.32,39954.59,2.77462401,0.00070458,0.02254662,0.01409164,0.00251827,0.01660991,943638008.48,1549.3673
1780,4.8734,1.6898,1.6898,3356.46,44365089.66,3854673.40,230632071.16,265879224.60,496511295.76,39942.44,2.77378027,0.00070447,0.02254294,0.01408933,0.00251360,0.01660293,943675950.92,1549.7653
1781,4.8761,1.6895,1.6895,3362.84,44369955.48,3854826.63,230663513.32,265887712.73,496551226.05,39930.29,2.77293681,0.00070435,0.02253925,0.01408703,0.00250893,0.01659596,943713881.21,1550.1628
1782,4.8789,1.6893,1.6893,3369.23,44374820.61,3854979.82,230694945.53,265896198.66,496591144.19,39918.15,2.77209362,0.00070424,0.02253556,0.01408473,0.00250427,0.01658900,943751799.36,1550.5598
1783,4.8816,1.6890,1.6890,3375.63,44379685.06,3855132.98,230726367.80,265904682.41,496631050.20,39906.01,2.77125070,0.00070412,0.02253187,0.01408242,0.00249962,0.01658204,943789705.37,1550.9564
1784,4.8843,1.6888,1.6888,3382.05,44384548.82,3855286.10,230757780.12,265913163.96,496670944.08,39893.88,2.77040806,0.00070401,0.02252819,0.01408012,0.00249498,0.01657510,943827599.24,1551.3525
1785,4.8871,1.6886,1.6886,3388.48,44389411.90,3855439.18,230789182.50,265921643.32,496710825.83,39881.75,2.76956569,0.00070389,0.02252450,0.01407782,0.00249034,0.01656816,943865480.99,1551.7482
1786,4.8898,1.6883,1.6883,3394.92,44394274.30,3855592.22,230820574.95,265930120.50,496750695.45,39869.62,2.76872360,0.00070378,0.02252082,0.01407551,0.00248572,0.01656123,943903350.61,1552.1434
1787,4.8925,1.6881,1.6881,3401.37,44399136.02,3855745.23,230851957.46,265938595.48,496790552.94,39857.50,2.76788178,0.00070366,0.02251714,0.01407321,0.00248110,0.01655431,943941208.11,1552.5381
1788,4.8953,1.6879,1.6879,3407.84,44403997.05,3855898.19,230883330.04,265947068.28,496830398.32,39845.38,2.76704024,0.00070355,0.02251345,0.01407091,0.00247649,0.01654740,943979053.49,1552.9323
1789,4.8980,1.6876,1.6876,3414.32,44408857.40,3856051.13,230914692.70,265955538.89,496870231.59,39833.27,2.76619897,0.00070343,0.02250977,0.01406861,0.00247189,0.01654050,944016886.75,1553.3261
1790,4.9008,1.6874,1.6874,3420.81,44413717.06,3856204.02,230946045.43,265964007.31,496910052.74,39821.15,2.76535798,0.00070332,0.02250609,0.01406631,0.00246730,0.01653361,944054707.91,1553.7195
1791,4.9035,1.6871,1.6871,3427.31,44418576.04,3856356.88,230977388.24,265972473.55,496949861.79,39809.05,2.76451726,0.00070320,0.02250241,0.01406401,0.00246272,0.01652673,944092516.95,1554.1123
1792,4.9062,1.6869,1.6869,3433.82,44423434.34,3856509.70,231008721.14,265980937.60,496989658.74,39796.95,2.76367681,0.00070309,0.02249873,0.01406171,0.00245815,0.01651986,944130313.90,1554.5047
1793,4.9090,1.6867,1.6867,3440.35,44428291.96,3856662.49,231040044.12,265989399.47,497029443.58,39784.85,2.76283663,0.00070297,0.02249505,0.01405941,0.00245358,0.01651299,944168098.75,1554.8967
1794,4.9117,1.6864,1.6864,3446.89,44433148.89,3856815.24,231071357.19,265997859.15,497069216.34,39772.75,2.76199673,0.00070286,0.02249138,0.01405711,0.00244903,0.01650613,944205871.50,1555.2882
1795,4.9144,1.6862,1.6862,3453.44,44438005.14,3856967.95,231102660.35,266006316.65,497108977.00,39760.66,2.76115711,0.00070274,0.02248770,0.01405481,0.00244448,0.01649929,944243632.16,1555.6792
1796,4.9172,1.6860,1.6860,3460.01,44442860.71,3857120.62,231133953.60,266014771.97,497148725.58,39748.58,2.76031776,0.00070263,0.02248402,0.01405251,0.00243994,0.01649245,944281380.74,1556.0698
1797,4.9199,1.6857,1.6857,3466.58,44447715.60,3857273.26,231165236.95,266023225.11,497188462.07,39736.49,2.75947868,0.00070251,0.02248035,0.01405022,0.00243540,0.01648562,944319117.23,1556.4599
1798,4.9227,1.6855,1.6855,3473.17,44452569.81,3857425.86,231196510.41,266031676.07,497228186.48,39724.41,2.75863987,0.00070240,0.02247667,0.01404792,0.00243088,0.01647880,944356841.65,1556.8495
1799,4.9254,1.6853,1.6853,3479.77,44457423.33,3857578.42,231227773.97,266040124.85,497267898.82,39712.34,2.75780134,0.00070228,0.02247300,0.01404562,0.00242637,0.01647199,944394553.98,1557.2387
1800,4.9281,1.6850,1.6850,3486.39,44462276.17,3857730.95,231259027.63,266048571.46,497307599.09,39700.27,2.75696308,0.00070217,0.02246932,0.01404333,0.00242186,0.01646519,944432254.25,1557.6274
1801,4.9309,1.6848,1.6848,3493.02,44467128.33,3857883.44,231290271.41,266057015.88,497347287.29,39688.20,2.75612509,0.00070205,0.02246565,0.01404103,0.00241736,0.01645839,944469942.45,1558.0157
1802,4.9336,1.6845,1.6845,3499.66,44471979.80,3858035.90,231321505.30,266065458.13,497386963.43,39676.14,2.75528737,0.00070194,0.02246198,0.01403874,0.00241287,0.01645161,944507618.59,1558.4035
1803,4.9363,1.6843,1.6843,3506.31,44476830.60,3858188.31,231352729.31,266073898.20,497426627.51,39664.08,2.75444993,0.00070182,0.02245831,0.01403644,0.00240839,0.01644483,944545282.67,1558.7908
1804,4.9391,1.6841,1.6841,3512.97,44481680.71,3858340.69,231383943.44,266082336.09,497466279.53,39652.02,2.75361276,0.00070171,0.02245464,0.01403415,0.00240392,0.01643806,944582934.70,1559.1777
1805,4.9418,1.6838,1.6838,3519.65,44486530.14,3858493.04,231415147.69,266090771.81,497505919.50,39639.97,2.75277587,0.00070159,0.02245097,0.01403185,0.00239945,0.01643131,944620574.67,1559.5641
1806,4.9446,1.6836,1.6836,3526.34,44491378.90,3858645.34,231446342.07,266099205.36,497545547.43,39627.93,2.75193924,0.00070148,0.02244730,0.01402956,0.00239499,0.01642456,944658202.59,1559.9501
1807,4.9473,1.6834,1.6834,3533.04,44496226.96,3858797.61,231477526.57,266107636.74,497585163.31,39615.88,2.75110289,0.00070136,0.02244363,0.01402727,0.00239055,0.01641781,944695818.47,1560.3356
1808,4.9500,1.6831,1.6831,3539.76,44501074.35,3858949.85,231508701.21,266116065.94,497624767.15,39603.84,2.75026681,0.00070125,0.02243996,0.01402498,0.00238611,0.01641108,944733422.32,1560.7206
1809,4.9528,1.6829,1.6829,3546.49,44505921.06,3859102.04,231539865.99,266124492.97,497664358.96,39591.81,2.74943101,0.00070113,0.02243630,0.01402268,0.00238167,0.01640436,944771014.12,1561.1052
1810,4.9555,1.6826,1.6826,3553.23,44510767.09,3859254.20,231571020.90,266132917.83,497703938.74,39579.77,2.74859547,0.00070102,0.02243263,0.01402039,0.00237725,0.01639764,944808593.90,1561.4893
1811,4.9582,1.6824,1.6824,3559.98,44515612.43,3859406.33,231602165.96,266141340.52,497743506.48,39567.75,2.74776021,0.00070091,0.02242896,0.01401810,0.00237283,0.01639094,944846161.64,1561.8730
1812,4.9610,1.6822,1.6822,3566.75,44520457.09,3859558.41,231633301.16,266149761.05,497783062.21,39555.72,2.74692522,0.00070079,0.02242530,0.01401581,0.00236843,0.01638424,944883717.37,1562.2562
1813,4.9637,1.6819,1.6819,3573.53,44525301.08,3859710.46,231664426.51,266158179.40,497822605.91,39543.70,2.74609050,0.00070068,0.02242164,0.01401352,0.00236403,0.01637755,944921261.07,1562.6390
1814,4.9665,1.6817,1.6817,3580.32,44530144.38,3859862.48,231695542.01,266166595.59,497862137.60,39531.69,2.74525605,0.00070056,0.02241797,0.01401123,0.00235963,0.01637087,944958792.76,1563.0213
1815,4.9692,1.6815,1.6815,3587.13,44534987.00,3860014.45,231726647.66,266175009.61,497901657.27,39519.68,2.74442188,0.00070045,0.02241431,0.01400894,0.00235525,0.01636420,944996312.43,1563.4031
1816,4.9719,1.6812,1.6812,3593.95,44539828.94,3860166.40,231757743.48,266183421.46,497941164.94,39507.67,2.74358797,0.00070033,0.02241065,0.01400666,0.00235088,0.01635753,945033820.10,1563.7845
1817,4.9747,1.6810,1.6810,3600.78,44544670.20,3860318.30,231788829.45,266191831.15,497980660.60,39495.66,2.74275434,0.00070022,0.02240699,0.01400437,0.00234651,0.01635088,945071315.76,1564.1654
1818,4.9774,1.6808,1.6808,3607.62,44549510.78,3860470.17,231819905.59,266200238.68,498020144.26,39483.66,2.74192098,0.00070010,0.02240333,0.01400208,0.00234215,0.01634423,945108799.42,1564.5459
1819,4.9802,1.6805,1.6805,3614.48,44554350.68,3860622.00,231850971.89,266208644.04,498059615.93,39471.67,2.74108789,0.00069999,0.02239967,0.01399979,0.00233780,0.01633759,945146271.09,1564.9259
1820,4.9829,1.6803,1.6803,3621.35,44559189.91,3860773.79,231882028.36,266217047.24,498099075.60,39459.67,2.74025507,0.00069988,0.02239601,0.01399751,0.00233346,0.01633096,945183730.76,1565.3055
1821,4.9856,1.6800,1.6800,3628.23,44564028.45,3860925.55,231913075.01,266225448.28,498138523.29,39447.68,2.73942252,0.00069976,0.02239235,0.01399522,0.00232912,0.01632434,945221178.45,1565.6846
1822,4.9884,1.6798,1.6798,3635.13,44568866.31,3861077.27,231944111.83,266233847.15,498177958.98,39435.70,2.73859024,0.00069965,0.02238870,0.01399293,0.00232480,0.01631773,945258614.15,1566.0633
1823,4.9911,1.6796,1.6796,3642.04,44573703.49,3861228.95,231975138.83,266242243.87,498217382.70,39423.72,2.73775824,0.00069953,0.02238504,0.01399065,0.00232048,0.01631113,945296037.87,1566.4415
1824,4.9938,1.6793,1.6793,3648.96,44578539.99,3861380.60,232006156.02,266250638.43,498256794.44,39411.74,2.73692650,0.00069942,0.02238138,0.01398836,0.00231617,0.01630453,945333449.61,1566.8192
1825,4.9966,1.6791,1.6791,3655.90,44583375.81,3861532.21,232037163.39,266259030.83,498296194.21,39399.77,2.73609504,0.00069930,0.02237773,0.01398608,0.00231186,0.01629794,945370849.38,1567.1965
1826,4.9993,1.6789,1.6789,3662.85,44588210.95,3861683.79,232068160.95,266267421.07,498335582.01,39387.80,2.73526384,0.00069919,0.02237407,0.01398380,0.00230757,0.01629136,945408237.18,1567.5733
1827,5.0021,1.6786,1.6786,3669.81,44593045.41,3861835.33,232099148.70,266275809.15,498374957.85,39375.83,2.73443292,0.00069908,0.02237042,0.01398151,0.00230328,0.01628479,945445613.01,1567.9497
1828,5.0048,1.6784,1.6784,3676.79,44597879.20,3861986.83,232130126.64,266284195.08,498414321.72,39363.87,2.73360227,0.00069896,0.02236677,0.01397923,0.00229900,0.01627823,945482976.88,1568.3257
1829,5.0075,1.6782,1.6782,3683.78,44602712.30,3862138.30,232161094.78,266292578.85,498453673.63,39351.92,2.73277188,0.00069885,0.02236312,0.01397695,0.00229473,0.01627168,945520328.80,1568.7011
1830,5.0103,1.6779,1.6779,3690.78,44607544.73,3862289.73,232192053.13,266300960.47,498493013.60,39339.96,2.73194177,0.00069873,0.02235947,0.01397467,0.00229047,0.01626513,945557668.76,1569.0762
1831,5.0130,1.6777,1.6777,3697.79,44612376.47,3862441.12,232223001.67,266309339.93,498532341.61,39328.01,2.73111193,0.00069862,0.02235581,0.01397238,0.00228621,0.01625860,945594996.77,1569.4507
1832,5.0157,1.6775,1.6775,3704.82,44617207.54,3862592.48,232253940.43,266317717.24,498571657.67,39316.07,2.73028235,0.00069851,0.02235217,0.01397010,0.00228197,0.01625207,945632312.84,1569.8249
1833,5.0185,1.6772,1.6772,3711.87,44622037.93,3862743.80,232284869.39,266326092.40,498610961.80,39304.12,2.72945305,0.00069839,0.02234852,0.01396782,0.00227773,0.01624555,945669616.96,1570.1985
1834,5.0212,1.6770,1.6770,3718.92,44626867.63,3862895.08,232315788.57,266334465.41,498650253.98,39292.19,2.72862402,0.00069828,0.02234487,0.01396554,0.00227349,0.01623904,945706909.15,1570.5718
1835,5.0240,1.6767,1.6767,3725.99,44631696.66,3863046.33,232346697.97,266342836.27,498689534.23,39280.25,2.72779525,0.00069816,0.02234122,0.01396326,0.00226927,0.01623253,945744189.40,1570.9445
1836,5.0267,1.6765,1.6765,3733.07,44636525.02,3863197.54,232377597.58,266351204.97,498728802.56,39268.32,2.72696676,0.00069805,0.02233757,0.01396098,0.00226505,0.01622604,945781457.72,1571.3169
1837,5.0294,1.6763,1.6763,3740.17,44641352.69,3863348.72,232408487.42,266359571.53,498768058.95,39256.39,2.72613853,0.00069794,0.02233393,0.01395871,0.00226085,0.01621955,945818714.11,1571.6887
1838,5.0322,1.6760,1.6760,3747.28,44646179.68,3863499.85,232439367.48,266367935.94,498807303.42,39244.47,2.72531058,0.00069782,0.02233028,0.01395643,0.00225665,0.01621307,945855958.59,1572.0601
1839,5.0349,1.6758,1.6758,3754.40,44651006.00,3863650.96,232470237.78,266376298.20,498846535.98,39232.55,2.72448289,0.00069771,0.02232664,0.01395415,0.00225245,0.01620660,945893191.14,1572.4311
1840,5.0376,1.6756,1.6756,3761.54,44655831.64,3863802.02,232501098.30,266384658.32,498885756.62,39220.64,2.72365548,0.00069759,0.02232299,0.01395187,0.00224827,0.01620014,945930411.78,1572.8016
1841,5.0404,1.6753,1.6753,3768.69,44660656.60,3863953.05,232531949.06,266393016.28,498924965.34,39208.73,2.72282833,0.00069748,0.02231935,0.01394959,0.00224409,0.01619369,945967620.51,1573.1717
1842,5.0431,1.6751,1.6751,3775.85,44665480.88,3864104.05,232562790.06,266401372.11,498964162.16,39196.82,2.72200145,0.00069737,0.02231571,0.01394732,0.00223992,0.01618724,946004817.33,1573.5413
1843,5.0459,1.6749,1.6749,3783.03,44670304.49,3864255.00,232593621.30,266409725.79,499003347.08,39184.92,2.72117484,0.00069725,0.02231207,0.01394504,0.00223576,0.01618080,946042002.25,1573.9105
1844,5.0486,1.6746,1.6746,3790.22,44675127.41,3864405.93,232624442.78,266418077.32,499042520.10,39173.02,2.72034850,0.00069714,0.02230843,0.01394277,0.00223161,0.01617437,946079175.26,1574.2792
1845,5.0513,1.6744,1.6744,3797.42,44679949.66,3864556.81,232655254.51,266426426.71,499081681.22,39161.12,2.71952243,0.00069702,0.02230479,0.01394049,0.00222746,0.01616795,946116336.39,1574.6475
1846,5.0541,1.6742,1.6742,3804.64,44684771.23,3864707.66,232686056.49,266434773.96,499120830.46,39149.23,2.71869662,0.00069691,0.02230115,0.01393822,0.00222332,0.01616154,946153485.62,1575.0153
1847,5.0568,1.6739,1.6739,3811.87,44689592.13,3864858.47,232716848.72,266443119.07,499159967.80,39137.34,2.71787109,0.00069680,0.02229751,0.01393594,0.00221919,0.01615513,946190622.96,1575.3827
1848,5.0595,1.6737,1.6737,3819.12,44694412.34,3865009.25,232747631.22,266451462.04,499199093.26,39125.46,2.71704582,0.00069668,0.02229387,0.01393367,0.00221507,0.01614874,946227748.42,1575.7496
1849,5.0623,1.6735,1.6735,3826.38,44699231.88,3865159.99,232778403.97,266459802.87,499238206.84,39113.58,2.71622082,0.00069657,0.02229023,0.01393140,0.00221095,0.01614235,946264862.00,1576.1161
1850,5.0650,1.6732,1.6732,3833.65,44704050.74,3865310.69,232809166.98,266468141.56,499277308.54,39101.70,2.71539609,0.00069646,0.02228660,0.01392912,0.00220684,0.01613597,946301963.70,1576.4822
1851,5.0678,1.6730,1.6730,3840.94,44708868.93,3865461.36,232839920.26,266476478.11,499316398.37,39089.83,2.71457163,0.00069634,0.02228296,0.01392685,0.00220274,0.01612959,946339053.54,1576.8478
1852,5.0705,1.6727,1.6727,3848.24,44713686.44,3865611.99,232870663.81,266484812.53,499355476.34,39077.96,2.71374744,0.00069623,0.02227933,0.01392458,0.00219865,0.01612323,946376131.50,1577.2129
1853,5.0732,1.6725,1.6725,3855.56,44718503.27,3865762.59,232901397.63,266493144.81,499394542.44,39066.10,2.71292351,0.00069612,0.02227569,0.01392231,0.00219456,0.01611687,946413197.60,1577.5776
1854,5.0760,1.6723,1.6723,3862.89,44723319.42,3865913.15,232932121.73,266501474.95,499433596.67,39054.24,2.71209985,0.00069600,0.02227206,0.01392004,0.00219049,0.01611052,946450251.84,1577.9419
1855,5.0787,1.6720,1.6720,3870.23,44728134.90,3866063.67,232962836.10,266509802.95,499472639.05,39042.38,2.71127646,0.00069589,0.02226843,0.01391777,0.00218642,0.01610418,946487294.22,1578.3057
1856,5.0815,1.6718,1.6718,3877.58,44732949.70,3866214.16,232993540.76,266518128.83,499511669.58,39030.53,2.71045334,0.00069577,0.02226480,0.01391550,0.00218235,0.01609785,946524324.75,1578.6691
1857,5.0842,1.6716,1.6716,3884.96,44737763.82,3866364.61,233024235.70,266526452.57,499550688.26,39018.68,2.70963049,0.00069566,0.02226116,0.01391323,0.00217830,0.01609153,946561343.42,1579.0320
1858,5.0869,1.6713,1.6713,3892.34,44742577.27,3866515.02,233054920.92,266534774.17,499589695.10,39006.83,2.70880790,0.00069555,0.02225753,0.01391096,0.00217425,0.01608521,946598350.26,1579.3944
1859,5.0897,1.6711,1.6711,3899.74,44747390.04,3866665.40,233085596.44,266543093.65,499628690.09,38994.99,2.70798558,0.00069543,0.02225390,0.01390869,0.00217021,0.01607890,946635345.25,1579.7565
1860,5.0924,1.6709,1.6709,3907.15,44752202.13,3866815.75,233116262.25,266551410.99,499667673.24,38983.15,2.70716353,0.00069532,0.02225028,0.01390642,0.00216618,0.01607260,946672328.41,1580.1181
1861,5.0951,1.6706,1.6706,3914.58,44757013.55,3866966.05,233146918.36,266559726.20,499706644.56,38971.32,2.70634174,0.00069521,0.02224665,0.01390415,0.00216215,0.01606631,946709299.73,1580.4792
1862,5.0979,1.6704,1.6704,3922.02,44761824.30,3867116.32,233177564.77,266568039.29,499745604.05,38959.49,2.70552022,0.00069509,0.02224302,0.01390189,0.00215813,0.01606002,946746259.22,1580.8399
1863,5.1006,1.6702,1.6702,3929.47,44766634.36,3867266.56,233208201.48,266576350.24,499784551.72,38947.67,2.70469897,0.00069498,0.02223939,0.01389962,0.00215412,0.01605374,946783206.88,1581.2002
1864,5.1034,1.6699,1.6699,3936.94,44771443.75,3867416.76,233238828.49,266584659.07,499823487.56,38935.84,2.70387799,0.00069487,0.02223577,0.01389735,0.00215012,0.01604747,946820142.73,1581.5600
1865,5.1061,1.6697,1.6697,3944.43,44776252.47,3867566.92,233269445.82,266592965.77,499862411.59,38924.02,2.70305727,0.00069475,0.02223214,0.01389509,0.00214612,0.01604121,946857066.75,1581.9194
1866,5.1088,1.6695,1.6695,3951.92,44781060.51,3867717.05,233300053.46,266601270.34,499901323.80,38912.21,2.70223682,0.00069464,0.02222852,0.01389282,0.00214214,0.01603496,946893978.96,1582.2783
1867,5.1116,1.6692,1.6692,3959.44,44785867.87,3867867.14,233330651.41,266609572.79,499940224.20,38900.40,2.70141663,0.00069453,0.02222489,0.01389056,0.00213816,0.01602871,946930879.36,1582.6368
1868,5.1143,1.6690,1.6690,3966.96,44790674.56,3868017.20,233361239.68,266617873.11,499979112.79,38888.59,2.70059672,0.00069441,0.02222127,0.01388829,0.00213418,0.01602248,946967767.95,1582.9948
1869,5.1170,1.6688,1.6688,3974.50,44795480.57,3868167.21,233391818.27,266626171.31,500017989.58,38876.79,2.69977707,0.00069430,0.02221765,0.01388603,0.00213022,0.01601625,947004644.74,1583.3524
1870,5.1198,1.6685,1.6685,3982.06,44800285.91,3868317.20,233422387.19,266634467.38,500056854.57,38864.99,2.69895768,0.00069419,0.02221403,0.01388377,0.00212626,0.01601002,947041509.73,1583.7096
1871,5.1225,1.6683,1.6683,3989.63,44805090.57,3868467.15,233452946.43,266642761.33,500095707.77,38853.20,2.69813856,0.00069408,0.02221041,0.01388150,0.00212231,0.01600381,947078362.93,1584.0663
1872,5.1253,1.6681,1.6681,3997.21,44809894.55,3868617.06,233483496.01,266651053.16,500134549.17,38841.40,2.69731971,0.00069396,0.02220679,0.01387924,0.00211836,0.01599760,947115204.33,1584.4226
1873,5.1280,1.6678,1.6678,4004.81,44814697.87,3868766.93,233514035.91,266659342.87,500173378.79,38829.62,2.69650112,0.00069385,0.02220317,0.01387698,0.00211443,0.01599140,947152033.95,1584.7785
1874,5.1307,1.6676,1.6676,4012.42,44819500.50,3868916.77,233544566.16,266667630.46,500212196.62,38817.83,2.69568280,0.00069374,0.02219955,0.01387472,0.00211050,0.01598521,947188851.78,1585.1339
1875,5.1335,1.6673,1.6673,4020.05,44824302.46,3869066.58,233575086.74,266675915.93,500251002.67,38806.05,2.69486475,0.00069362,0.02219593,0.01387246,0.00210657,0.01597903,947225657.83,1585.4888
1876,5.1362,1.6671,1.6671,4027.69,44829103.75,3869216.35,233605597.67,266684199.28,500289796.95,38794.28,2.69404696,0.00069351,0.02219231,0.01387020,0.00210266,0.01597285,947262452.11,1585.8434
1877,5.1389,1.6669,1.6669,4035.35,44833904.36,3869366.08,233636098.94,266692480.51,500328579.45,38782.50,2.69322944,0.00069340,0.02218870,0.01386794,0.00209875,0.01596669,947299234.61,1586.1975
1878,5.1417,1.6666,1.6666,4043.02,44838704.30,3869515.77,233666590.56,266700759.63,500367350.19,38770.74,2.69241218,0.00069328,0.02218508,0.01386568,0.00209485,0.01596053,947336005.35,1586.5511
1879,5.1444,1.6664,1.6664,4050.70,44843503.56,3869665.43,233697072.53,266709036.62,500406109.16,38758.97,2.69159519,0.00069317,0.02218147,0.01386342,0.00209096,0.01595437,947372764.32,1586.9043
1880,5.1472,1.6662,1.6662,4058.40,44848302.15,3869815.06,233727544.86,266717311.51,500444856.37,38747.21,2.69077846,0.00069306,0.02217785,0.01386116,0.00208707,0.01594823,947409511.53,1587.2571
1881,5.1499,1.6659,1.6659,4066.12,44853100.07,3869964.65,233758007.54,266725584.27,500483591.82,38735.45,2.68996200,0.00069294,0.02217424,0.01385890,0.00208319,0.01594209,947446246.98,1587.6094
1882,5.1526,1.6657,1.6657,4073.85,44857897.31,3870114.20,233788460.59,266733854.93,500522315.52,38723.70,2.68914580,0.00069283,0.02217063,0.01385664,0.00207932,0.01593596,947482970.68,1587.9613
1883,5.1554,1.6655,1.6655,4081.59,44862693.87,3870263.72,233818904.00,266742123.47,500561027.47,38711.95,2.68832987,0.00069272,0.02216701,0.01385438,0.00207546,0.01592984,947519682.63,1588.3128
1884,5.1581,1.6652,1.6652,4089.35,44867489.76,3870413.20,233849337.78,266750389.90,500599727.67,38700.20,2.68751421,0.00069261,0.02216340,0.01385213,0.00207160,0.01592373,947556382.84,1588.6638
1885,5.1608,1.6650,1.6650,4097.12,44872284.98,3870562.65,233879761.93,266758654.21,500638416.14,38688.46,2.68669880,0.00069249,0.02215979,0.01384987,0.00206775,0.01591762,947593071.30,1589.0144
1886,5.1636,1.6648,1.6648,4104.91,44877079.53,3870712.06,233910176.45,266766916.42,500677092.86,38676.72,2.68588367,0.00069238,0.02215618,0.01384761,0.00206391,0.01591152,947629748.02,1589.3646
1887,5.1663,1.6645,1.6645,4112.71,44881873.40,3870861.43,233940581.34,266775176.51,500715757.85,38664.99,2.68506880,0.00069227,0.02215257,0.01384536,0.00206007,0.01590543,947666413.01,1589.7143
1888,5.1691,1.6643,1.6643,4120.53,44886666.60,3871010.77,233970976.62,266783434.49,500754411.11,38653.26,2.68425419,0.00069216,0.02214896,0.01384310,0.00205624,0.01589934,947703066.27,1590.0636
1889,5.1718,1.6641,1.6641,4128.36,44891459.12,3871160.08,234001362.28,266791690.37,500793052.65,38641.53,2.68343985,0.00069204,0.02214536,0.01384085,0.00205242,0.01589327,947739707.81,1590.4124
1890,5.1745,1.6638,1.6638,4136.21,44896250.97,3871309.34,234031738.32,266799944.14,500831682.46,38629.81,2.68262577,0.00069193,0.02214175,0.01383859,0.00204860,0.01588720,947776337.62,1590.7608
1891,5.1773,1.6636,1.6636,4144.07,44901042.15,3871458.57,234062104.75,266808195.80,500870300.55,38618.09,2.68181196,0.00069182,0.02213814,0.01383634,0.00204480,0.01588114,947812955.71,1591.1088
1892,5.1800,1.6634,1.6634,4151.95,44905832.65,3871607.77,234092461.57,266816445.35,500908906.93,38606.38,2.68099841,0.00069170,0.02213454,0.01383409,0.00204100,0.01587508,947849562.09,1591.4564
1893,5.1828,1.6631,1.6631,4159.84,44910622.48,3871756.93,234122808.79,266824692.80,500947501.59,38594.67,2.68018512,0.00069159,0.02213093,0.01383183,0.00203720,0.01586904,947886156.75,1591.8035
1894,5.1855,1.6629,1.6629,4167.75,44915411.64,3871906.06,234153146.41,266832938.14,500986084.55,38582.96,2.67937210,0.00069148,0.02212733,0.01382958,0.00203342,0.01586300,947922739.71,1592.1501
1895,5.1882,1.6627,1.6627,4175.67,44920200.12,3872055.15,234183474.42,266841181.38,501024655.80,38571.25,2.67855935,0.00069137,0.02212373,0.01382733,0.00202964,0.01585696,947959310.97,1592.4964
1896,5.1910,1.6624,1.6624,4183.61,44924987.93,3872204.20,234213792.84,266849422.52,501063215.36,38559.55,2.67774685,0.00069125,0.02212012,0.01382508,0.00202586,0.01585094,947995870.52,1592.8422
1897,5.1937,1.6622,1.6622,4191.56,44929775.07,3872353.22,234244101.67,266857661.55,501101763.22,38547.86,2.67693462,0.00069114,0.02211652,0.01382283,0.00202210,0.01584492,948032418.38,1593.1876
1898,5.1964,1.6620,1.6620,4199.53,44934561.54,3872502.20,234274400.90,266865898.48,501140299.38,38536.17,2.67612266,0.00069103,0.02211292,0.01382058,0.00201834,0.01583891,948068954.55,1593.5325
1899,5.1992,1.6617,1.6617,4207.51,44939347.33,3872651.15,234304690.55,266874133.31,501178823.86,38524.48,2.67531096,0.00069092,0.02210932,0.01381833,0.00201459,0.01583291,948105479.02,1593.8770
1900,5.2019,1.6615,1.6615,4215.51,44944132.45,3872800.06,234334970.61,266882366.04,501217336.66,38512.79,2.67449952,0.00069080,0.02210572,0.01381608,0.00201084,0.01582692,948141991.82,1594.2211
1901,5.2047,1.6613,1.6613,4223.52,44948916.90,3872948.94,234365241.10,266890596.67,501255837.77,38501.11,2.67368834,0.00069069,0.02210212,0.01381383,0.00200711,0.01582093,948178492.93,1594.5648
1902,5.2074,1.6610,1.6610,4231.55,44953700.68,3873097.78,234395502.00,266898825.20,501294327.20,38489.44,2.67287743,0.00069058,0.02209852,0.01381158,0.00200337,0.01581495,948214982.37,1594.9080
1903,5.2101,1.6608,1.6608,4239.59,44958483.78,3873246.58,234425753.33,266907051.63,501332804.96,38477.76,2.67206678,0.00069047,0.02209493,0.01380933,0.00199965,0.01580898,948251460.13,1595.2508
1904,5.2129,1.6606,1.6606,4247.65,44963266.21,3873395.35,234455995.09,266915275.97,501371271.06,38466.09,2.67125640,0.00069035,0.02209133,0.01380708,0.00199593,0.01580301,948287926.22,1595.5931
1905,5.2156,1.6603,1.6603,4255.72,44968047.97,3873544.08,234486227.27,266923498.21,501409725.48,38454.43,2.67044628,0.00069024,0.02208773,0.01380483,0.00199222,0.01579706,948324380.65,1595.9351
1906,5.2183,1.6601,1.6601,4263.81,44972829.06,3873692.78,234516449.90,266931718.35,501448168.25,38442.76,2.66963642,0.00069013,0.02208414,0.01380259,0.00198852,0.01579111,948360823.41,1596.2766
1907,5.2211,1.6599,1.6599,4271.92,44977609.47,3873841.45,234546662.95,266939936.40,501486599.35,38431.11,2.66882682,0.00069002,0.02208054,0.01380034,0.00198482,0.01578516,948397254.52,1596.6176
1908,5.2238,1.6596,1.6596,4280.04,44982389.22,3873990.07,234576866.45,266948152.35,501525018.81,38419.45,2.66801749,0.00068990,0.02207695,0.01379809,0.00198113,0.01577923,948433673.97,1596.9583
1909,5.2266,1.6594,1.6594,4288.17,44987168.29,3874138.67,234607060.39,266956366.21,501563426.61,38407.80,2.66720842,0.00068979,0.02207336,0.01379585,0.00197745,0.01577330,948470081.77,1597.2985
1910,5.2293,1.6592,1.6592,4296.33,44991946.69,3874287.22,234637244.78,266964577.98,501601822.76,38396.15,2.66639961,0.00068968,0.02206977,0.01379360,0.00197378,0.01576738,948506477.92,1597.6383
1911,5.2320,1.6589,1.6589,4304.49,44996724.42,3874435.74,234667419.62,266972787.65,501640207.27,38384.51,2.66559106,0.00068957,0.02206617,0.01379136,0.00197011,0.01576146,948542862.43,1597.9776
1912,5.2348,1.6587,1.6587,4312.67,45001501.48,3874584.23,234697584.91,266980995.24,501678580.14,38372.87,2.66478278,0.00068946,0.02206258,0.01378911,0.00196644,0.01575556,948579235.31,1598.3166
1913,5.2375,1.6585,1.6585,4320.87,45006277.87,3874732.68,234727740.65,266989200.73,501716941.38,38361.24,2.66397476,0.00068934,0.02205899,0.01378687,0.00196279,0.01574966,948615596.54,1598.6551
1914,5.2402,1.6582,1.6582,4329.09,45011053.58,3874881.09,234757886.85,266997404.13,501755290.99,38349.60,2.66316700,0.00068923,0.02205540,0.01378463,0.00195914,0.01574377,948651946.15,1598.9931
1915,5.2430,1.6580,1.6580,4337.31,45015828.63,3875029.47,234788023.51,267005605.45,501793628.96,38337.98,2.66235951,0.00068912,0.02205181,0.01378238,0.00195550,0.01573788,948688284.13,1599.3308
1916,5.2457,1.6578,1.6578,4345.56,45020603.00,3875177.82,234818150.64,267013804.68,501831955.32,38326.35,2.66155227,0.00068901,0.02204823,0.01378014,0.00195186,0.01573200,948724610.48,1599.6680
1917,5.2485,1.6575,1.6575,4353.82,45025376.70,3875326.13,234848268.23,267022001.81,501870270.05,38314.73,2.66074530,0.00068889,0.02204464,0.01377790,0.00194823,0.01572613,948760925.21,1600.0048
1918,5.2512,1.6573,1.6573,4362.10,45030149.74,3875474.40,234878376.30,267030196.87,501908573.16,38303.12,2.65993859,0.00068878,0.02204105,0.01377566,0.00194461,0.01572027,948797228.33,1600.3412
1919,5.2539,1.6571,1.6571,4370.39,45034922.10,3875622.64,234908474.83,267038389.83,501946864.67,38291.50,2.65913214,0.00068867,0.02203747,0.01377342,0.00194100,0.01571441,948833519.83,1600.6771
1920,5.2567,1.6568,1.6568,4378.69,45039693.79,3875770.84,234938563.85,267046580.71,501985144.56,38279.89,2.65832595,0.00068856,0.02203388,0.01377118,0.00193739,0.01570856,948869799.72,1601.0126
1921,5.2594,1.6566,1.6566,4387.02,45044464.81,3875919.01,234968643.34,267054769.51,502023412.85,38268.29,2.65752003,0.00068845,0.02203030,0.01376894,0.00193379,0.01570272,948906068.01,1601.3477
1922,5.2621,1.6564,1.6564,4395.36,45049235.16,3876067.14,234998713.32,267062956.22,502061669.53,38256.69,2.65671436,0.00068833,0.02202671,0.01376670,0.00193019,0.01569689,948942324.70,1601.6824
1923,5.2649,1.6561,1.6561,4403.71,45054004.84,3876215.24,235028773.78,267071140.85,502099914.62,38245.09,2.65590896,0.00068822,0.02202313,0.01376446,0.00192660,0.01569106,948978569.79,1602.0166
1924,5.2676,1.6559,1.6559,4412.08,45058773.85,3876363.30,235058824.72,267079323.40,502138148.12,38233.49,2.65510382,0.00068811,0.02201955,0.01376222,0.00192302,0.01568524,949014803.28,1602.3504
1925,5.2704,1.6557,1.6557,4420.47,45063542.19,3876511.33,235088866.16,267087503.86,502176370.02,38221.90,2.65429894,0.00068800,0.02201597,0.01375998,0.00191945,0.01567943,949051025.19,1602.6838
1926,5.2731,1.6554,1.6554,4428.87,45068309.85,3876659.32,235118898.10,267095682.25,502214580.34,38210.32,2.65349432,0.00068789,0.02201239,0.01375774,0.00191588,0.01567362,949087235.50,1603.0168
1927,5.2758,1.6552,1.6552,4437.29,45073076.85,3876807.28,235148920.53,267103858.55,502252779.08,38198.74,2.65268996,0.00068778,0.02200881,0.01375550,0.00191232,0.01566782,949123434.24,1603.3493
1928,5.2786,1.6550,1.6550,4445.72,45077843.18,3876955.20,235178933.46,267112032.78,502290966.23,38187.16,2.65188586,0.00068766,0.02200523,0.01375327,0.00190876,0.01566203,949159621.40,1603.6815
1929,5.2813,1.6547,1.6547,4454.18,45082608.84,3877103.08,235208936.89,267120204.92,502329141.81,38175.58,2.65108203,0.00068755,0.02200165,0.01375103,0.00190521,0.01565624,949195796.98,1604.0132
1930,5.2841,1.6545,1.6545,4462.64,45087373.83,3877250.93,235238930.83,267128374.99,502367305.82,38164.01,2.65027845,0.00068744,0.02199807,0.01374879,0.00190167,0.01565046,949231960.99,1604.3445
1931,5.2868,1.6543,1.6543,4471.12,45092138.15,3877398.75,235268915.28,267136542.98,502405458.27,38152.44,2.64947514,0.00068733,0.02199449,0.01374656,0.00189813,0.01564469,949268113.43,1604.6753
1932,5.2895,1.6540,1.6540,4479.62,45096901.80,3877546.53,235298890.25,267144708.90,502443599.14,38140.88,2.64867208,0.00068722,0.02199092,0.01374432,0.00189461,0.01563893,949304254.31,1605.0058
1933,5.2923,1.6538,1.6538,4488.14,45101664.78,3877694.27,235328855.72,267152872.74,502481728.46,38129.32,2.64786929,0.00068710,0.02198734,0.01374209,0.00189108,0.01563317,949340383.62,1605.3358
1934,5.2950,1.6536,1.6536,4496.67,45106427.10,3877841.98,235358811.72,267161034.50,502519846.22,38117.76,2.64706676,0.00068699,0.02198377,0.01373985,0.00188757,0.01562742,949376501.39,1605.6654
1935,5.2977,1.6533,1.6533,4505.22,45111188.74,3877989.66,235388758.24,267169194.20,502557952.43,38106.21,2.64626448,0.00068688,0.02198019,0.01373762,0.00188406,0.01562168,949412607.59,1605.9945
1936,5.3005,1.6531,1.6531,4513.78,45115949.71,3878137.30,235418695.28,267177351.81,502596047.09,38094.66,2.64546247,0.00068677,0.02197662,0.01373539,0.00188055,0.01561594,949448702.25,1606.3233
1937,5.3032,1.6529,1.6529,4522.36,45120710.02,3878284.90,235448622.85,267185507.36,502634130.21,38083.11,2.64466072,0.00068666,0.02197305,0.01373315,0.00187706,0.01561021,949484785.37,1606.6516
1938,5.3060,1.6527,1.6527,4530.96,45125469.65,3878432.47,235478540.94,267193660.83,502672201.78,38071.57,2.64385922,0.00068655,0.02196947,0.01373092,0.00187357,0.01560449,949520856.94,1606.9796
1939,5.3087,1.6524,1.6524,4539.57,45130228.62,3878580.00,235508449.58,267201812.24,502710261.81,38060.04,2.64305799,0.00068643,0.02196590,0.01372869,0.00187008,0.01559877,949556916.98,1607.3071
1940,5.3114,1.6522,1.6522,4548.20,45134986.92,3878727.50,235538348.74,267209961.57,502748310.31,38048.50,2.64225702,0.00068632,0.02196233,0.01372646,0.00186661,0.01559307,949592965.48,1607.6341
1941,5.3142,1.6520,1.6520,4556.84,45139744.55,3878874.97,235568238.45,267218108.83,502786347.29,38036.97,2.64145630,0.00068621,0.02195876,0.01372423,0.00186314,0.01558736,949629002.45,1607.9608
1942,5.3169,1.6517,1.6517,4565.51,45144501.51,3879022.40,235598118.70,267226254.03,502824372.73,38025.44,2.64065585,0.00068610,0.02195519,0.01372200,0.00185967,0.01558167,949665027.89,1608.2870
1943,5.3196,1.6515,1.6515,4574.18,45149257.80,3879169.79,235627989.50,267234397.15,502862386.65,38013.92,2.63985566,0.00068599,0.02195163,0.01371977,0.00185621,0.01557598,949701041.81,1608.6129
1944,5.3224,1.6513,1.6513,4582.88,45154013.43,3879317.15,235657850.84,267242538.21,502900389.05,38002.40,2.63905572,0.00068588,0.02194806,0.01371754,0.00185276,0.01557030,949737044.22,1608.9383
1945,5.3251,1.6510,1.6510,4591.59,45158768.38,3879464.47,235687702.74,267250677.21,502938379.94,37990.89,2.63825605,0.00068577,0.02194449,0.01371531,0.00184932,0.01556462,949773035.10,1609.2633
1946,5.3279,1.6508,1.6508,4600.32,45163522.67,3879611.76,235717545.18,267258814.13,502976359.32,37979.38,2.63745663,0.00068565,0.02194092,0.01371308,0.00184588,0.01555896,949809014.48,1609.5878
1947,5.3306,1.6506,1.6506,4609.06,45168276.29,3879759.02,235747378.19,267266948.99,503014327.18,37967.87,2.63665747,0.00068554,0.02193736,0.01371085,0.00184245,0.01555330,949844982.35,1609.9120
1948,5.3333,1.6503,1.6503,4617.82,45173029.24,3879906.24,235777201.76,267275081.79,503052283.55,37956.36,2.63585857,0.00068543,0.02193379,0.01370862,0.00183902,0.01554764,949880938.71,1610.2357
1949,5.3361,1.6501,1.6501,4626.60,45177781.52,3880053.42,235807015.89,267283212.53,503090228.41,37944.86,2.63505994,0.00068532,0.02193023,0.01370639,0.00183560,0.01554200,949916883.57,1610.5591
1950,5.3388,1.6499,1.6499,4635.40,45182533.14,3880200.57,235836820.58,267291341.20,503128161.78,37933.37,2.63426156,0.00068521,0.02192667,0.01370417,0.00183219,0.01553636,949952816.94,1610.8820
1951,5.3415,1.6496,1.6496,4644.21,45187284.09,3880347.68,235866615.85,267299467.80,503166083.65,37921.87,2.63346344,0.00068510,0.02192310,0.01370194,0.00182878,0.01553072,949988738.81,1611.2045
1952,5.3443,1.6494,1.6494,4653.03,45192034.37,3880494.76,235896401.68,267307592.35,503203994.03,37910.38,2.63266557,0.00068499,0.02191954,0.01369971,0.00182538,0.01552509,950024649.20,1611.5265
1953,5.3470,1.6492,1.6492,4661.88,45196783.98,3880641.81,235926178.09,267315714.84,503241892.93,37898.90,2.63186797,0.00068487,0.02191598,0.01369749,0.00182199,0.01551947,950060548.10,1611.8482
1954,5.3498,1.6489,1.6489,4670.74,45201532.93,3880788.82,235955945.08,267323835.27,503279780.35,37887.42,2.63107062,0.00068476,0.02191242,0.01369526,0.00181860,0.01551386,950096435.51,1612.1695
1955,5.3525,1.6487,1.6487,4679.62,45206281.21,3880935.79,235985702.66,267331953.63,503317656.29,37875.94,2.63027354,0.00068465,0.02190886,0.01369304,0.00181522,0.01550825,950132311.45,1612.4903
1956,5.3552,1.6485,1.6485,4688.51,45211028.82,3881082.73,236015450.81,267340069.94,503355520.75,37864.46,2.62947671,0.00068454,0.02190530,0.01369081,0.00181184,0.01550265,950168175.92,1612.8107
1957,5.3580,1.6482,1.6482,4697.43,45215775.76,3881229.63,236045189.55,267348184.20,503393373.75,37852.99,2.62868014,0.00068443,0.02190174,0.01368859,0.00180847,0.01549706,950204028.91,1613.1307
1958,5.3607,1.6480,1.6480,4706.36,45220522.04,3881376.50,236074918.88,267356296.39,503431215.27,37841.53,2.62788383,0.00068432,0.02189819,0.01368637,0.00180511,0.01549148,950239870.44,1613.4503
1959,5.3634,1.6478,1.6478,4715.30,45225267.65,3881523.34,236104638.81,267364406.53,503469045.34,37830.06,2.62708777,0.00068421,0.02189463,0.01368414,0.00180175,0.01548590,950275700.50,1613.7695
1960,5.3662,1.6475,1.6475,4724.26,45230012.59,3881670.14,236134349.33,267372514.61,503506863.94,37818.60,2.62629198,0.00068410,0.02189107,0.01368192,0.00179840,0.01548032,950311519.11,1614.0883
1961,5.3689,1.6473,1.6473,4733.24,45234756.87,3881816.90,236164050.45,267380620.64,503544671.09,37807.15,2.62549644,0.00068398,0.02188752,0.01367970,0.00179506,0.01547476,950347326.25,1614.4067
1962,5.3717,1.6471,1.6471,4742.24,45239500.48,3881963.63,236193742.17,267388724.62,503582466.79,37795.70,2.62470116,0.00068387,0.02188396,0.01367748,0.00179172,0.01546920,950383121.95,1614.7246
1963,5.3744,1.6469,1.6469,4751.26,45244243.42,3882110.33,236223424.50,267396826.54,503620251.04,37784.25,2.62390614,0.00068376,0.02188041,0.01367526,0.00178839,0.01546364,950418906.20,1615.0421
1964,5.3771,1.6466,1.6466,4760.29,45248985.70,3882256.99,236253097.44,267404926.41,503658023.84,37772.80,2.62311137,0.00068365,0.02187685,0.01367303,0.00178506,0.01545810,950454679.00,1615.3593
1965,5.3799,1.6464,1.6464,4769.34,45253727.31,3882403.62,236282760.98,267413024.22,503695785.20,37761.36,2.62231686,0.00068354,0.02187330,0.01367081,0.00178174,0.01545256,950490440.37,1615.6760
1966,5.3826,1.6462,1.6462,4778.40,45258468.26,3882550.21,236312415.14,267421119.99,503733535.13,37749.93,2.62152261,0.00068343,0.02186975,0.01366859,0.00177843,0.01544702,950526190.29,1615.9923
1967,5.3854,1.6459,1.6459,4787.48,45263208.53,3882696.76,236342059.92,267429213.70,503771273.62,37738.49,2.62072862,0.00068332,0.02186620,0.01366637,0.00177512,0.01544150,950561928.78,1616.3082
1968,5.3881,1.6457,1.6457,4796.58,45267948.15,3882843.29,236371695.31,267437305.37,503809000.68,37727.06,2.61993489,0.00068321,0.02186265,0.01366416,0.00177182,0.01543598,950597655.85,1616.6237
1969,5.3908,1.6455,1.6455,4805.70,45272687.09,3882989.77,236401321.33,267445394.99,503846716.32,37715.64,2.61914141,0.00068310,0.02185910,0.01366194,0.00176853,0.01543046,950633371.48,1616.9388
1970,5.3936,1.6452,1.6452,4814.84,45277425.37,3883136.22,236430937.98,267453482.56,503884420.53,37704.21,2.61834819,0.00068299,0.02185555,0.01365972,0.00176524,0.01542495,950669075.70,1617.2534
1971,5.3963,1.6450,1.6450,4823.99,45282162.99,3883282.64,236460545.25,267461568.08,503922113.33,37692.80,2.61755522,0.00068288,0.02185200,0.01365750,0.00176195,0.01541945,950704768.49,1617.5677
1972,5.3990,1.6448,1.6448,4833.16,45286899.93,3883429.02,236490143.15,267469651.56,503959794.71,37681.38,2.61676252,0.00068276,0.02184845,0.01365528,0.00175868,0.01541396,950740449.87,1617.8816
1973,5.4018,1.6445,1.6445,4842.35,45291636.22,3883575.37,236519731.69,267477732.99,503997464.68,37669.97,2.61597007,0.00068265,0.02184491,0.01365307,0.00175541,0.01540847,950776119.84,1618.1950
1974,5.4045,1.6443,1.6443,4851.55,45296371.83,3883721.69,236549310.87,267485812.37,504035123.24,37658.56,2.61517787,0.00068254,0.02184136,0.01365085,0.00175214,0.01540299,950811778.40,1618.5081
1975,5.4073,1.6441,1.6441,4860.77,45301106.79,3883867.97,236578880.69,267493889.71,504072770.40,37647.16,2.61438594,0.00068243,0.02183782,0.01364863,0.00174888,0.01539752,950847425.56,1618.8207
1976,5.4100,1.6438,1.6438,4870.01,45305841.07,3884014.21,236608441.15,267501965.01,504110406.15,37635.76,2.61359426,0.00068232,0.02183427,0.01364642,0.00174563,0.01539205,950883061.32,1619.1329
1977,5.4127,1.6436,1.6436,4879.27,45310574.69,3884160.42,236637992.25,267510038.26,504148030.52,37624.36,2.61280283,0.00068221,0.02183073,0.01364420,0.00174238,0.01538659,950918685.68,1619.4447
1978,5.4155,1.6434,1.6434,4888.54,45315307.65,3884306.59,236667534.01,267518109.47,504185643.48,37612.97,2.61201166,0.00068210,0.02182718,0.01364199,0.00173914,0.01538113,950954298.65,1619.7561
1979,5.4182,1.6432,1.6432,4897.84,45320039.94,3884452.73,236697066.42,267526178.64,504223245.06,37601.58,2.61122075,0.00068199,0.02182364,0.01363978,0.00173591,0.01537568,950989900.22,1620.0672
1980,5.4209,1.6429,1.6429,4907.15,45324771.57,3884598.84,236726589.48,267534245.77,504260835.26,37590.19,2.61043010,0.00068188,0.02182010,0.01363756,0.00173268,0.01537024,951025490.42,1620.3778
1981,5.4237,1.6427,1.6427,4916.47,45329502.53,3884744.91,236756103.21,267542310.86,504298414.07,37578.81,2.60963970,0.00068177,0.02181656,0.01363535,0.00172946,0.01536481,951061069.23,1620.6880
1982,5.4264,1.6425,1.6425,4925.82,45334232.82,3884890.95,236785607.59,267550373.91,504335981.50,37567.43,2.60884956,0.00068166,0.02181302,0.01363314,0.00172624,0.01535938,951096636.66,1620.9978
1983,5.4292,1.6422,1.6422,4935.18,45338962.46,3885036.95,236815102.64,267558434.92,504373537.56,37556.06,2.60805967,0.00068155,0.02180948,0.01363092,0.00172303,0.01535395,951132192.72,1621.3071
1984,5.4319,1.6420,1.6420,4944.56,45343691.42,3885182.92,236844588.35,267566493.89,504411082.25,37544.69,2.60727004,0.00068144,0.02180594,0.01362871,0.00171983,0.01534854,951167737.41,1621.6161
1985,5.4346,1.6418,1.6418,4953.96,45348419.73,3885328.85,236874064.74,267574550.83,504448615.57,37533.32,2.60648066,0.00068133,0.02180240,0.01362650,0.00171663,0.01534313,951203270.73,1621.9247
1986,5.4374,1.6415,1.6415,4963.38,45353147.36,3885474.75,236903531.80,267582605.73,504486137.53,37521.96,2.60569154,0.00068121,0.02179886,0.01362429,0.00171343,0.01533772,951238792.69,1622.2329
1987,5.4401,1.6413,1.6413,4972.81,45357874.34,3885620.61,236932989.53,267590658.60,504523648.13,37510.60,2.60490268,0.00068110,0.02179533,0.01362208,0.00171025,0.01533233,951274303.29,1622.5407
1988,5.4428,1.6411,1.6411,4982.27,45362600.65,3885766.44,236962437.94,267598709.42,504561147.37,37499.24,2.60411407,0.00068099,0.02179179,0.01361987,0.00170707,0.01532693,951309802.53,1622.8480
1989,5.4456,1.6408,1.6408,4991.74,45367326.29,3885912.23,236991877.04,267606758.22,504598635.26,37487.89,2.60332572,0.00068088,0.02178825,0.01361766,0.00170389,0.01532155,951345290.42,1623.1550
1990,5.4483,1.6406,1.6406,5001.23,45372051.27,3886057.99,237021306.82,267614804.98,504636111.80,37476.54,2.60253762,0.00068077,0.02178472,0.01361545,0.00170072,0.01531617,951380766.96,1623.4616
1991,5.4511,1.6404,1.6404,5010.73,45376775.59,3886203.72,237050727.29,267622849.71,504673577.00,37465.20,2.60174977,0.00068066,0.02178119,0.01361324,0.00169756,0.01531080,951416232.16,1623.7678
1992,5.4538,1.6402,1.6402,5020.26,45381499.24,3886349.41,237080138.45,267630892.41,504711030.85,37453.86,2.60096219,0.00068055,0.02177765,0.01361103,0.00169440,0.01530543,951451686.02,1624.0735
1993,5.4565,1.6399,1.6399,5029.80,45386222.23,3886495.07,237109540.30,267638933.07,504748473.37,37442.52,2.60017485,0.00068044,0.02177412,0.01360883,0.00169125,0.01530007,951487128.53,1624.3789
1994,5.4593,1.6397,1.6397,5039.36,45390944.56,3886640.69,237138932.85,267646971.71,504785904.56,37431.18,2.59938778,0.00068033,0.02177059,0.01360662,0.00168810,0.01529472,951522559.72,1624.6839
1995,5.4620,1.6395,1.6395,5048.94,45395666.22,3886786.28,237168316.09,267655008.31,504823324.41,37419.85,2.59860095,0.00068022,0.02176706,0.01360441,0.00168496,0.01528937,951557979.57,1624.9884
1996,5.4648,1.6392,1.6392,5058.54,45400387.22,3886931.83,237197690.05,267663042.89,504860732.94,37408.53,2.59781438,0.00068011,0.02176353,0.01360220,0.00168183,0.01528403,951593388.10,1625.2926
1997,5.4675,1.6390,1.6390,5068.15,45405107.56,3887077.35,237227054.70,267671075.44,504898130.14,37397.20,2.59702807,0.00068000,0.02176000,0.01360000,0.00167870,0.01527870,951628785.30,1625.5964
1998,5.4702,1.6388,1.6388,5077.79,45409827.23,3887222.83,237256410.07,267679105.96,504935516.03,37385.88,2.59624201,0.00067989,0.02175647,0.01359779,0.00167558,0.01527337,951664171.19,1625.8997
1999,5.4730,1.6385,1.6385,5087.44,45414546.24,3887368.28,237285756.14,267687134.45,504972890.59,37374.57,2.59545621,0.00067978,0.02175294,0.01359559,0.00167246,0.01526805,951699545.76,1626.2027
2000,5.4757,1.6383,1.6383,5097.11,45419264.58,3887513.70,237315092.93,267695160.92,505010253.85,37363.26,2.59467066,0.00067967,0.02174941,0.01359338,0.00166935,0.01526273,951734909.01,1626.5053
2001,5.4784,1.6381,1.6381,5106.80,45423982.27,3887659.08,237344420.44,267703185.36,505047605.80,37351.95,2.59388536,0.00067956,0.02174589,0.01359118,0.00166624,0.01525742,951770260.96,1626.8074
2002,5.4812,1.6379,1.6379,5116.50,45428699.29,3887804.43,237373738.67,267711207.78,505084946.45,37340.64,2.59310032,0.00067945,0.02174236,0.01358897,0.00166315,0.01525212,951805601.61,1627.1092
2003,5.4839,1.6376,1.6376,5126.23,45433415.64,3887949.74,237403047.62,267719228.17,505122275.79,37329.34,2.59231553,0.00067934,0.02173883,0.01358677,0.00166005,0.01524682,951840930.95,1627.4106
2004,5.4867,1.6374,1.6374,5135.97,45438131.34,3888095.02,237432347.29,267727246.54,505159593.84,37318.05,2.59153100,0.00067923,0.02173531,0.01358457,0.00165696,0.01524153,951876249.00,1627.7116
2005,5.4894,1.6372,1.6372,5145.74,45442846.37,3888240.26,237461637.70,267735262.89,505196900.59,37306.75,2.59074672,0.00067912,0.02173178,0.01358237,0.00165388,0.01523625,951911555.75,1628.0121
2006,5.4921,1.6369,1.6369,5155.52,45447560.74,3888385.47,237490918.84,267743277.21,505234196.05,37295.46,2.58996269,0.00067901,0.02172826,0.01358016,0.00165080,0.01523097,951946851.21,1628.3123
2007,5.4949,1.6367,1.6367,5165.32,45452274.45,3888530.65,237520190.71,267751289.52,505271480.23,37284.18,2.58917892,0.00067890,0.02172474,0.01357796,0.00164773,0.01522570,951982135.39,1628.6121
2008,5.4976,1.6365,1.6365,5175.14,45456987.49,3888675.79,237549453.32,267759299.80,505308753.12,37272.89,2.58839540,0.00067879,0.02172122,0.01357576,0.00164467,0.01522043,952017408.28,1628.9115
2009,5.5003,1.6362,1.6362,5184.97,45461699.87,3888820.89,237578706.67,267767308.07,505346014.74,37261.61,2.58761213,0.00067868,0.02171770,0.01357356,0.00164161,0.01521517,952052669.90,1629.2105
2010,5.5031,1.6360,1.6360,5194.83,45466411.59,3888965.97,237607950.76,267775314.31,505383265.08,37250.34,2.58682912,0.00067857,0.02171418,0.01357136,0.00163856,0.01520991,952087920.24,1629.5091
2011,5.5058,1.6358,1.6358,5204.70,45471122.65,3889111.01,237637185.60,267783318.54,505420504.14,37239.07,2.58604636,0.00067846,0.02171066,0.01356916,0.00163551,0.01520467,952123159.31,1629.8073
2012,5.5086,1.6356,1.6356,5214.60,45475833.05,3889256.01,237666411.20,267791320.75,505457731.94,37227.80,2.58526386,0.00067835,0.02170714,0.01356696,0.00163246,0.01519942,952158387.11,1630.1052
2013,5.5113,1.6353,1.6353,5224.51,45480542.78,3889400.98,237695627.54,267799320.94,505494948.48,37216.54,2.58448161,0.00067824,0.02170362,0.01356476,0.00162943,0.01519419,952193603.64,1630.4026
2014,5.5140,1.6351,1.6351,5234.44,45485251.85,3889545.91,237724834.64,267807319.12,505532153.75,37205.27,2.58369961,0.00067813,0.02170010,0.01356256,0.00162640,0.01518896,952228808.92,1630.6996
2015,5.5168,1.6349,1.6349,5244.39,45489960.26,3889690.82,237754032.49,267815315.28,505569347.77,37194.02,2.58291786,0.00067802,0.02169658,0.01356036,0.00162337,0.01518374,952264002.93,1630.9963
2016,5.5195,1.6346,1.6346,5254.36,45494668.01,3889835.68,237783221.11,267823309.42,505606530.53,37182.76,2.58213637,0.00067791,0.02169307,0.01355817,0.00162035,0.01517852,952299185.70,1631.2925
2017,5.5222,1.6344,1.6344,5264.35,45499375.10,3889980.52,237812400.49,267831301.56,505643702.05,37171.51,2.58135513,0.00067780,0.02168955,0.01355597,0.00161734,0.01517331,952334357.21,1631.5883
2018,5.5250,1.6342,1.6342,5274.35,45504081.53,3890125.31,237841570.64,267839291.68,505680862.32,37160.27,2.58057415,0.00067769,0.02168604,0.01355377,0.00161433,0.01516810,952369517.48,1631.8838
2019,5.5277,1.6339,1.6339,5284.38,45508787.29,3890270.08,237870731.56,267847279.78,505718011.34,37149.03,2.57979341,0.00067758,0.02168252,0.01355158,0.00161132,0.01516290,952404666.50,1632.1789
2020,5.5305,1.6337,1.6337,5294.42,45513492.39,3890414.81,237899883.25,267855265.88,505755149.13,37137.79,2.57901293,0.00067747,0.02167901,0.01354938,0.00160833,0.01515771,952439804.29,1632.4736
2021,5.5332,1.6335,1.6335,5304.49,45518196.84,3890559.51,237929025.72,267863249.96,505792275.68,37126.55,2.57823270,0.00067736,0.02167550,0.01354719,0.00160533,0.01515252,952474930.84,1632.7678
2022,5.5359,1.6333,1.6333,5314.57,45522900.62,3890704.17,237958158.96,267871232.03,505829391.00,37115.32,2.57745272,0.00067725,0.02167198,0.01354499,0.00160235,0.01514734,952510046.16,1633.0617
2023,5.5387,1.6330,1.6330,5324.67,45527603.74,3890848.80,237987282.99,267879212.10,505866495.09,37104.09,2.57667300,0.00067714,0.02166847,0.01354280,0.00159937,0.01514216,952545150.25,1633.3552
2024,5.5414,1.6328,1.6328,5334.79,45532306.20,3890993.39,238016397.80,267887190.15,505903587.95,37092.87,2.57589353,0.00067703,0.02166496,0.01354060,0.00159639,0.01513699,952580243.12,1633.6484
2025,5.5441,1.6326,1.6326,5344.93,45537007.99,3891137.95,238045503.40,267895166.20,505940669.60,37081.65,2.57511431,0.00067692,0.02166145,0.01353841,0.00159342,0.01513183,952615324.76,1633.9411
2026,5.5469,1.6323,1.6323,5355.09,45541709.13,3891282.47,238074599.79,267903140.24,505977740.03,37070.43,2.57433534,0.00067681,0.02165794,0.01353621,0.00159046,0.01512667,952650395.19,1634.2334
2027,5.5496,1.6321,1.6321,5365.27,45546409.61,3891426.97,238103686.97,267911112.27,506014799.24,37059.22,2.57355662,0.00067670,0.02165443,0.01353402,0.00158750,0.01512152,952685454.41,1634.5254
2028,5.5524,1.6319,1.6319,5375.47,45551109.43,3891571.42,238132764.95,267919082.30,506051847.25,37048.01,2.57277816,0.00067659,0.02165093,0.01353183,0.00158454,0.01511637,952720502.41,1634.8169
2029,5.5551,1.6317,1.6317,5385.69,45555808.58,3891715.85,238161833.73,267927050.32,506088884.05,37036.80,2.57199995,0.00067648,0.02164742,0.01352964,0.00158160,0.01511123,952755539.21,1635.1081
2030,5.5578,1.6314,1.6314,5395.93,45560507.08,3891860.24,238190893.31,267935016.34,506125909.65,37025.60,2.57122199,0.00067637,0.02164391,0.01352745,0.00157865,0.01510610,952790564.81,1635.3989
2031,5.5606,1.6312,1.6312,5406.18,45565204.91,3892004.59,238219943.70,267942980.35,506162924.04,37014.40,2.57044428,0.00067626,0.02164041,0.01352525,0.00157572,0.01510097,952825579.21,1635.6893
2032,5.5633,1.6310,1.6310,5416.46,45569902.09,3892148.91,238248984.89,267950942.36,506199927.25,37003.20,2.56966682,0.00067615,0.02163690,0.01352306,0.00157278,0.01509585,952860582.41,1635.9793
2033,5.5661,1.6307,1.6307,5426.75,45574598.60,3892293.20,238278016.89,267958902.36,506236919.26,36992.01,2.56888962,0.00067604,0.02163340,0.01352087,0.00156986,0.01509073,952895574.42,1636.2689
2034,5.5688,1.6305,1.6305,5437.07,45579294.46,3892437.45,238307039.71,267966860.37,506273900.08,36980.82,2.56811266,0.00067593,0.02162990,0.01351868,0.00156694,0.01508562,952930555.24,1636.5581
2035,5.5715,1.6303,1.6303,5447.41,45583989.66,3892581.67,238336053.34,267974816.37,506310869.72,36969.64,2.56733596,0.00067582,0.02162639,0.01351650,0.00156402,0.01508052,952965524.88,1636.8470
2036,5.5743,1.6300,1.6300,5457.76,45588684.19,3892725.86,238365057.80,267982770.38,506347828.17,36958.46,2.56655951,0.00067572,0.02162289,0.01351431,0.00156111,0.01507542,953000483.34,1637.1354
2037,5.5770,1.6298,1.6298,5468.13,45593378.07,3892870.01,238394053.07,267990722.38,506384775.45,36947.28,2.56578330,0.00067561,0.02161939,0.01351212,0.00155821,0.01507033,953035430.62,1637.4235
2038,5.5797,1.6296,1.6296,5478.53,45598071.28,3893014.13,238423039.17,267998672.38,506421711.56,36936.11,2.56500735,0.00067550,0.02161589,0.01350993,0.00155531,0.01506524,953070366.72,1637.7112
2039,5.5825,1.6294,1.6294,5488.94,45602763.84,3893158.21,238452016.10,268006620.39,506458636.49,36924.94,2.56423166,0.00067539,0.02161239,0.01350774,0.00155241,0.01506016,953105291.66,1637.9985
2040,5.5852,1.6291,1.6291,5499.38,45607455.74,3893302.26,238480983.86,268014566.40,506495550.26,36913.77,2.56345621,0.00067528,0.02160889,0.01350556,0.00154953,0.01505508,953140205.43,1638.2854
2041,5.5880,1.6289,1.6289,5509.83,45612146.98,3893446.28,238509942.46,268022510.41,506532452.87,36902.61,2.56268101,0.00067517,0.02160539,0.01350337,0.00154664,0.01505001,953175108.03,1638.5720
2042,5.5907,1.6287,1.6287,5520.30,45616837.56,3893590.26,238538891.89,268030452.43,506569344.32,36891.45,2.56190606,0.00067506,0.02160189,0.01350118,0.00154376,0.01504495,953209999.48,1638.8581
2043,5.5934,1.6284,1.6284,5530.80,45621527.48,3893734.21,238567832.16,268038392.45,506606224.61,36880.29,2.56113137,0.00067495,0.02159839,0.01349900,0.00154089,0.01503989,953244879.77,1639.1439
2044,5.5962,1.6282,1.6282,5541.31,45626216.74,3893878.12,238596763.27,268046330.48,506643093.75,36869.14,2.56035692,0.00067484,0.02159490,0.01349681,0.00153803,0.01503484,953279748.91,1639.4293
2045,5.5989,1.6280,1.6280,5551.84,45630905.34,3894022.00,238625685.23,268054266.51,506679951.74,36857.99,2.55958273,0.00067473,0.02159140,0.01349463,0.00153516,0.01502979,953314606.90,1639.7143
2046,5.6016,1.6278,1.6278,5562.40,45635593.28,3894165.85,238654598.04,268062200.55,506716798.59,36846.85,2.55880878,0.00067462,0.02158791,0.01349244,0.00153231,0.01502475,953349453.75,1639.9989
2047,5.6044,1.6275,1.6275,5572.97,45640280.57,3894309.66,238683501.70,268070132.59,506753634.29,36835.71,2.55803509,0.00067451,0.02158441,0.01349026,0.00152946,0.01501971,953384289.46,1640.2832
2048,5.6071,1.6273,1.6273,5583.56,45644967.19,3894453.44,238712396.21,268078062.65,506790458.86,36824.57,2.55726164,0.00067440,0.02158092,0.01348807,0.00152661,0.01501468,953419114.02,1640.5670
2049,5.6099,1.6271,1.6271,5594.18,45649653.16,3894597.18,238741281.58,268085990.71,506827272.29,36813.43,2.55648845,0.00067429,0.02157743,0.01348589,0.00152377,0.01500966,953453927.46,1640.8505
2050,5.6126,1.6268,1.6268,5604.81,45654338.47,3894740.89,238770157.81,268093916.78,506864074.60,36802.30,2.55571550,0.00067419,0.02157393,0.01348371,0.00152093,0.01500464,953488729.76,1641.1336
2051,5.6153,1.6266,1.6266,5615.46,45659023.12,3894884.57,238799024.91,268101840.87,506900865.77,36791.18,2.55494281,0.00067408,0.02157044,0.01348153,0.00151810,0.01499963,953523520.94,1641.4163
2052,5.6181,1.6264,1.6264,5626.14,45663707.11,3895028.21,238827882.87,268109762.96,506937645.83,36780.05,2.55417036,0.00067397,0.02156695,0.01347934,0.00151528,0.01499462,953558300.99,1641.6987
2053,5.6208,1.6262,1.6262,5636.83,45668390.45,3895171.82,238856731.69,268117683.07,506974414.76,36768.93,2.55339816,0.00067386,0.02156346,0.01347716,0.00151246,0.01498962,953593069.92,1641.9806
2054,5.6235,1.6259,1.6259,5647.55,45673073.12,3895315.40,238885571.39,268125601.18,507011172.58,36757.82,2.55262622,0.00067375,0.02155997,0.01347498,0.00150964,0.01498463,953627827.74,1642.2622
2055,5.6263,1.6257,1.6257,5658.28,45677755.14,3895458.94,238914401.97,268133517.32,507047919.28,36746.71,2.55185452,0.00067364,0.02155648,0.01347280,0.00150684,0.01497964,953662574.45,1642.5434
2056,5.6290,1.6255,1.6255,5669.04,45682436.50,3895602.45,238943223.42,268141431.46,507084654.88,36735.60,2.55108308,0.00067353,0.02155300,0.01347062,0.00150403,0.01497465,953697310.04,1642.8242
2057,5.6318,1.6252,1.6252,5679.81,45687117.20,3895745.92,238972035.75,268149343.62,507121379.37,36724.49,2.55031188,0.00067342,0.02154951,0.01346844,0.00150123,0.01496967,953732034.53,1643.1047
2058,5.6345,1.6250,1.6250,5690.61,45691797.25,3895889.37,239000838.97,268157253.79,507158092.76,36713.39,2.54954093,0.00067331,0.02154602,0.01346626,0.00149844,0.01496470,953766747.92,1643.3848
2059,5.6372,1.6248,1.6248,5701.43,45696476.63,3896032.77,239029633.07,268165161.98,507194795.05,36702.29,2.54877023,0.00067320,0.02154254,0.01346408,0.00149565,0.01495973,953801450.21,1643.6644
2060,5.6400,1.6246,1.6246,5712.26,45701155.36,3896176.15,239058418.06,268173068.19,507231486.25,36691.20,2.54799978,0.00067310,0.02153905,0.01346191,0.00149287,0.01495477,953836141.41,1643.9438
2061,5.6427,1.6243,1.6243,5723.12,45705833.43,3896319.49,239087193.94,268180972.42,507268166.35,36680.11,2.54722958,0.00067299,0.02153557,0.01345973,0.00149009,0.01494982,953870821.52,1644.2227
2062,5.6454,1.6241,1.6241,5734.00,45710510.85,3896462.79,239115960.71,268188874.66,507304835.37,36669.02,2.54645963,0.00067288,0.02153208,0.01345755,0.00148732,0.01494487,953905490.53,1644.5012
2063,5.6482,1.6239,1.6239,5744.90,45715187.61,3896606.06,239144718.39,268196774.92,507341493.31,36657.93,2.54568992,0.00067277,0.02152860,0.01345537,0.00148455,0.01493992,953940148.47,1644.7794
2064,5.6509,1.6236,1.6236,5755.82,45719863.71,3896749.30,239173466.96,268204673.20,507378140.16,36646.85,2.54492047,0.00067266,0.02152512,0.01345320,0.00148179,0.01493498,953974795.32,1645.0572
2065,5.6537,1.6234,1.6234,5766.76,45724539.15,3896892.51,239202206.44,268212569.50,507414775.94,36635.78,2.54415126,0.00067255,0.02152163,0.01345102,0.00147903,0.01493005,954009431.10,1645.3347
2066,5.6564,1.6232,1.6232,5777.72,45729213.94,3897035.68,239230936.82,268220463.82,507451400.64,36624.71,2.54338230,0.00067244,0.02151815,0.01344885,0.00147628,0.01492512,954044055.81,1645.6117
2067,5.6591,1.6230,1.6230,5788.70,45733888.06,3897178.82,239259658.12,268228356.16,507488014.28,36613.64,2.54261359,0.00067233,0.02151467,0.01344667,0.00147353,0.01492020,954078669.44,1645.8884
2068,5.6619,1.6227,1.6227,5799.71,45738561.54,3897321.92,239288370.32,268236246.53,507524616.85,36602.57,2.54184513,0.00067222,0.02151119,0.01344450,0.00147079,0.01491528,954113272.01,1646.1647
2069,5.6646,1.6225,1.6225,5810.73,45743234.35,3897464.99,239317073.44,268244134.92,507561208.36,36591.51,2.54107692,0.00067212,0.02150771,0.01344232,0.00146805,0.01491037,954147863.52,1646.4407
2070,5.6674,1.6223,1.6223,5821.78,45747906.51,3897608.03,239345767.48,268252021.33,507597788.81,36580.45,2.54030896,0.00067201,0.02150424,0.01344015,0.00146532,0.01490546,954182443.97,1646.7162
2071,5.6701,1.6220,1.6220,5832.84,45752578.01,3897751.03,239374452.44,268259905.76,507634358.20,36569.39,2.53954124,0.00067190,0.02150076,0.01343797,0.00146259,0.01490056,954217013.36,1646.9914
2072,5.6728,1.6218,1.6218,5843.93,45757248.86,3897894.00,239403128.32,268267788.23,507670916.54,36558.34,2.53877377,0.00067179,0.02149728,0.01343580,0.00145987,0.01489567,954251571.71,1647.2662
2073,5.6756,1.6216,1.6216,5855.04,45761919.05,3898036.94,239431795.13,268275668.71,507707463.84,36547.29,2.53800655,0.00067168,0.02149380,0.01343363,0.00145715,0.01489078,954286119.00,1647.5407
2074,5.6783,1.6214,1.6214,5866.17,45766588.58,3898179.84,239460452.86,268283547.22,507744000.09,36536.25,2.53723958,0.00067157,0.02149033,0.01343146,0.00145444,0.01488589,954320655.25,1647.8147
2075,5.6810,1.6211,1.6211,5877.32,45771257.46,3898322.71,239489101.53,268291423.76,507780525.30,36525.21,2.53647285,0.00067146,0.02148685,0.01342928,0.00145173,0.01488102,954355180.46,1648.0884
2076,5.6838,1.6209,1.6209,5888.49,45775925.68,3898465.54,239517741.14,268299298.33,507817039.47,36514.17,2.53570638,0.00067136,0.02148338,0.01342711,0.00144903,0.01487614,954389694.63,1648.3617
2077,5.6865,1.6207,1.6207,5899.68,45780593.24,3898608.35,239546371.68,268307170.93,507853542.61,36503.14,2.53494015,0.00067125,0.02147991,0.01342494,0.00144633,0.01487127,954424197.77,1648.6347
2078,5.6893,1.6205,1.6205,5910.90,45785260.15,3898751.11,239574993.16,268315041.55,507890034.71,36492.11,2.53417417,0.00067114,0.02147643,0.01342277,0.00144364,0.01486641,954458689.88,1648.9073
2079,5.6920,1.6202,1.6202,5922.13,45789926.41,3898893.85,239603605.59,268322910.21,507926515.80,36481.08,2.53340843,0.00067103,0.02147296,0.01342060,0.00144095,0.01486156,954493170.96,1649.1795
2080,5.6947,1.6200,1.6200,5933.39,45794592.01,3899036.55,239632208.96,268330776.90,507962985.85,36470.06,2.53264294,0.00067092,0.02146949,0.01341843,0.00143827,0.01485670,954527641.02,1649.4513
2081,5.6975,1.6198,1.6198,5944.67,45799256.95,3899179.22,239660803.28,268338641.61,507999444.89,36459.04,2.53187770,0.00067081,0.02146602,0.01341626,0.00143560,0.01485186,954562100.06,1649.7228
2082,5.7002,1.6195,1.6195,5955.97,45803921.23,3899321.85,239689388.55,268346504.36,508035892.92,36448.02,2.53111271,0.00067070,0.02146255,0.01341409,0.00143292,0.01484702,954596548.08,1649.9939
2083,5.7029,1.6193,1.6193,5967.29,45808584.86,3899464.45,239717964.78,268354365.14,508072329.93,36437.01,2.53034797,0.00067060,0.02145908,0.01341193,0.00143026,0.01484218,954630985.09,1650.2647
2084,5.7057,1.6191,1.6191,5978.63,45813247.84,3899607.02,239746531.97,268362223.96,508108755.93,36426.00,2.52958347,0.00067049,0.02145561,0.01340976,0.00142759,0.01483735,954665411.09,1650.5350
2085,5.7084,1.6189,1.6189,5990.00,45817910.16,3899749.56,239775090.12,268370080.81,508145170.93,36415.00,2.52881922,0.00067038,0.02145214,0.01340759,0.00142494,0.01483253,954699826.09,1650.8050
2086,5.7112,1.6186,1.6186,6001.38,45822571.83,3899892.06,239803639.23,268377935.69,508181574.92,36404.00,2.52805521,0.00067027,0.02144868,0.01340542,0.00142229,0.01482771,954734230.08,1651.0747
2087,5.7139,1.6184,1.6184,6012.79,45827232.84,3900034.53,239832179.31,268385788.61,508217967.92,36393.00,2.52729145,0.00067016,0.02144521,0.01340326,0.00141964,0.01482290,954768623.08,1651.3439
2088,5.7166,1.6182,1.6182,6024.22,45831893.19,3900176.96,239860710.35,268393639.57,508254349.92,36382.00,2.52652794,0.00067005,0.02144175,0.01340109,0.00141700,0.01481809,954803005.08,1651.6128
2089,5.7194,1.6180,1.6180,6035.67,45836552.89,3900319.36,239889232.37,268401488.56,508290720.93,36371.01,2.52576467,0.00066995,0.02143828,0.01339893,0.00141436,0.01481328,954837376.09,1651.8814
2090,5.7221,1.6177,1.6177,6047.14,45841211.94,3900461.73,239917745.37,268409335.59,508327080.96,36360.02,2.52500166,0.00066984,0.02143482,0.01339676,0.00141173,0.01480849,954871736.12,1652.1495
2091,5.7248,1.6175,1.6175,6058.64,45845870.33,3900604.06,239946249.34,268417180.66,508363430.00,36349.04,2.52423888,0.00066973,0.02143135,0.01339460,0.00140910,0.01480369,954906085.16,1652.4173
2092,5.7276,1.6173,1.6173,6070.16,45850528.07,3900746.36,239974744.29,268425023.76,508399768.05,36338.06,2.52347636,0.00066962,0.02142789,0.01339243,0.00140648,0.01479891,954940423.22,1652.6848
2093,5.7303,1.6170,1.6170,6081.69,45855185.15,3900888.63,240003230.23,268432864.91,508436095.14,36327.08,2.52271408,0.00066951,0.02142443,0.01339027,0.00140386,0.01479412,954974750.30,1652.9518
2094,5.7331,1.6168,1.6168,6093.25,45859841.58,3901030.86,240031707.15,268440704.10,508472411.25,36316.11,2.52195204,0.00066941,0.02142097,0.01338810,0.00140124,0.01478935,955009066.41,1653.2185
2095,5.7358,1.6166,1.6166,6104.84,45864497.35,3901173.06,240060175.06,268448541.33,508508716.39,36305.14,2.52119026,0.00066930,0.02141750,0.01338594,0.00139864,0.01478458,955043371.55,1653.4849
2096,5.7385,1.6164,1.6164,6116.44,45869152.47,3901315.23,240088633.97,268456376.59,508545010.56,36294.17,2.52042871,0.00066919,0.02141404,0.01338378,0.00139603,0.01477981,955077665.72,1653.7508
2097,5.7413,1.6161,1.6161,6128.07,45873806.93,3901457.36,240117083.86,268464209.91,508581293.77,36283.21,2.51966742,0.00066908,0.02141058,0.01338162,0.00139343,0.01477505,955111948.93,1654.0164
2098,5.7440,1.6159,1.6159,6139.72,45878460.74,3901599.46,240145524.76,268472041.26,508617566.02,36272.25,2.51890637,0.00066897,0.02140713,0.01337945,0.00139084,0.01477029,955146221.19,1654.2817
2099,5.7467,1.6157,1.6157,6151.39,45883113.90,3901741.53,240173956.66,268479870.66,508653827.32,36261.30,2.51814556,0.00066886,0.02140367,0.01337729,0.00138825,0.01476554,955180482.48,1654.5466
2100,5.7495,1.6155,1.6155,6163.08,45887766.40,3901883.57,240202379.56,268487698.10,508690077.66,36250.34,2.51738501,0.00066876,0.02140021,0.01337513,0.00138567,0.01476080,955214732.83,1654.8111
2101,5.7522,1.6152,1.6152,6174.79,45892418.25,3902025.57,240230793.47,268495523.59,508726317.06,36239.40,2.51662469,0.00066865,0.02139675,0.01337297,0.00138309,0.01475606,955248972.22,1655.0753
2102,5.7550,1.6150,1.6150,6186.53,45897069.45,3902167.53,240259198.38,268503347.12,508762545.51,36228.45,2.51586462,0.00066854,0.02139330,0.01337081,0.00138051,0.01475132,955283200.67,1655.3390
2103,5.7577,1.6148,1.6148,6198.29,45901719.99,3902309.47,240287594.31,268511168.71,508798763.02,36217.51,2.51510480,0.00066843,0.02138984,0.01336865,0.00137794,0.01474660,955317418.18,1655.6025
2104,5.7604,1.6145,1.6145,6210.07,45906369.88,3902451.37,240315981.26,268518988.33,508834969.59,36206.57,2.51434522,0.00066832,0.02138639,0.01336649,0.00137538,0.01474187,955351624.75,1655.8656
2105,5.7632,1.6143,1.6143,6221.88,45911019.11,3902593.24,240344359.22,268526806.01,508871165.23,36195.64,2.51358589,0.00066822,0.02138293,0.01336433,0.00137282,0.01473715,955385820.39,1656.1283
2106,5.7659,1.6141,1.6141,6233.70,45915667.70,3902735.07,240372728.20,268534621.73,508907349.93,36184.71,2.51282680,0.00066811,0.02137948,0.01336218,0.00137026,0.01473244,955420005.09,1656.3906
2107,5.7687,1.6139,1.6139,6245.55,45920315.62,3902876.87,240401088.21,268542435.51,508943523.71,36173.78,2.51206796,0.00066800,0.02137603,0.01336002,0.00136771,0.01472773,955454178.87,1656.6526
2108,5.7714,1.6136,1.6136,6257.43,45924962.90,3903018.64,240429439.24,268550247.33,508979686.57,36162.85,2.51130937,0.00066789,0.02137258,0.01335786,0.00136517,0.01472303,955488341.73,1656.9142
2109,5.7741,1.6134,1.6134,6269.32,45929609.52,3903160.38,240457781.30,268558057.20,509015838.50,36151.93,2.51055101,0.00066779,0.02136912,0.01335570,0.00136262,0.01471833,955522493.66,1657.1755
2110,5.7769,1.6132,1.6132,6281.24,45934255.49,3903302.08,240486114.39,268565865.13,509051979.52,36141.02,2.50979291,0.00066768,0.02136567,0.01335355,0.00136009,0.01471363,955556634.68,1657.4364
2111,5.7796,1.6130,1.6130,6293.18,45938900.81,3903443.75,240514438.52,268573671.10,509088109.62,36130.10,2.50903504,0.00066757,0.02136222,0.01335139,0.00135756,0.01470895,955590764.79,1657.6970
2112,5.7823,1.6127,1.6127,6305.14,45943545.47,3903585.38,240542753.68,268581475.13,509124228.82,36119.19,2.50827742,0.00066746,0.02135878,0.01334923,0.00135503,0.01470426,955624883.98,1657.9572
2113,5.7851,1.6125,1.6125,6317.12,45948189.48,3903726.99,240571059.89,268589277.22,509160337.11,36108.29,2.50752005,0.00066735,0.02135533,0.01334708,0.00135251,0.01469959,955658992.27,1658.2170
2114,5.7878,1.6123,1.6123,6329.13,45952832.84,3903868.56,240599357.14,268597077.35,509196434.49,36097.39,2.50676292,0.00066725,0.02135188,0.01334492,0.00134999,0.01469491,955693089.66,1658.4765
2115,5.7906,1.6121,1.6121,6341.16,45957475.55,3904010.09,240627645.43,268604875.55,509232520.98,36086.49,2.50600604,0.00066714,0.02134843,0.01334277,0.00134748,0.01469025,955727176.14,1658.7356
2116,5.7933,1.6118,1.6118,6353.22,45962117.60,3904151.60,240655924.78,268612671.79,509268596.57,36075.59,2.50524939,0.00066703,0.02134499,0.01334062,0.00134497,0.01468558,955761251.73,1658.9944
2117,5.7960,1.6116,1.6116,6365.29,45966759.00,3904293.07,240684195.17,268620466.10,509304661.27,36064.70,2.50449300,0.00066692,0.02134154,0.01333846,0.00134246,0.01468093,955795316.43,1659.2528
2118,5.7988,1.6114,1.6114,6377.39,45971399.75,3904434.50,240712456.62,268628258.46,509340715.08,36053.81,2.50373684,0.00066682,0.02133810,0.01333631,0.00133996,0.01467627,955829370.24,1659.5108
2119,5.8015,1.6111,1.6111,6389.51,45976039.85,3904575.91,240740709.13,268636048.87,509376758.01,36042.93,2.50298094,0.00066671,0.02133465,0.01333416,0.00133747,0.01467163,955863413.17,1659.7685
2120,5.8042,1.6109,1.6109,6401.66,45980679.29,3904717.28,240768952.70,268643837.35,509412790.05,36032.04,2.50222527,0.00066660,0.02133121,0.01333200,0.00133498,0.01466698,955897445.21,1660.0259
2121,5.8070,1.6107,1.6107,6413.83,45985318.09,3904858.62,240797187.33,268651623.88,509448811.22,36021.17,2.50146985,0.00066649,0.02132776,0.01332985,0.00133249,0.01466235,955931466.38,1660.2829
2122,5.8097,1.6105,1.6105,6426.02,45989956.23,3904999.92,240825413.03,268659408.48,509484821.51,36010.29,2.50071467,0.00066639,0.02132432,0.01332770,0.00133001,0.01465771,955965476.67,1660.5395
2123,5.8125,1.6102,1.6102,6438.23,45994593.72,3905141.19,240853629.80,268667191.13,509520820.93,35999.42,2.49995974,0.00066628,0.02132088,0.01332555,0.00132754,0.01465309,955999476.09,1660.7958
2124,5.8152,1.6100,1.6100,6450.47,45999230.56,3905282.43,240881837.63,268674971.85,509556809.48,35988.55,2.49920505,0.00066617,0.02131744,0.01332340,0.00132507,0.01464847,956033464.64,1661.0517
2125,5.8179,1.6098,1.6098,6462.73,46003866.74,3905423.64,240910036.55,268682750.62,509592787.17,35977.69,2.49845060,0.00066606,0.02131400,0.01332125,0.00132260,0.01464385,956067442.33,1661.3073
2126,5.8207,1.6096,1.6096,6475.02,46008502.28,3905564.81,240938226.54,268690527.46,509628754.00,35966.83,2.49769640,0.00066596,0.02131056,0.01331910,0.00132014,0.01463924,956101409.16,1661.5625
2127,5.8234,1.6093,1.6093,6487.33,46013137.16,3905705.95,240966407.61,268698302.36,509664709.97,35955.97,2.49694244,0.00066585,0.02130712,0.01331695,0.00131768,0.01463463,956135365.13,1661.8173
2128,5.8261,1.6091,1.6091,6499.66,46017771.39,3905847.06,240994579.76,268706075.33,509700655.09,35945.12,2.49618872,0.00066574,0.02130368,0.01331480,0.00131523,0.01463003,956169310.25,1662.0719
2129,5.8289,1.6089,1.6089,6512.01,46022404.97,3905988.13,241022743.00,268713846.36,509736589.35,35934.27,2.49543525,0.00066563,0.02130025,0.01331265,0.00131278,0.01462543,956203244.52,1662.3260
2130,5.8316,1.6087,1.6087,6524.39,46027037.90,3906129.17,241050897.32,268721615.45,509772512.77,35923.42,2.49468202,0.00066553,0.02129681,0.01331051,0.00131033,0.01462084,956237167.94,1662.5798
2131,5.8344,1.6084,1.6084,6536.79,46031670.18,3906270.18,241079042.74,268729382.61,509808425.35,35912.58,2.49392903,0.00066542,0.02129337,0.01330836,0.00130789,0.01461625,956271080.51,1662.8333
2132,5.8371,1.6082,1.6082,6549.22,46036301.81,3906411.16,241107179.25,268737147.84,509844327.09,35901.74,2.49317628,0.00066531,0.02128994,0.01330621,0.00130546,0.01461167,956304982.25,1663.0864
2133,5.8398,1.6080,1.6080,6561.67,46040932.79,3906552.10,241135306.86,268744911.13,509880217.99,35890.90,2.49242378,0.00066520,0.02128650,0.01330406,0.00130303,0.01460709,956338873.16,1663.3391
2134,5.8426,1.6078,1.6078,6574.14,46045563.11,3906693.01,241163425.57,268752672.49,509916098.06,35880.07,2.49167152,0.00066510,0.02128307,0.01330192,0.00130060,0.01460252,956372753.23,1663.5915
2135,5.8453,1.6075,1.6075,6586.64,46050192.79,3906833.88,241191535.38,268760431.92,509951967.30,35869.24,2.49091951,0.00066499,0.02127964,0.01329977,0.00129818,0.01459795,956406622.47,1663.8436
2136,5.8480,1.6073,1.6073,6599.16,46054821.82,3906974.73,241219636.30,268768189.42,509987825.72,35858.42,2.49016773,0.00066488,0.02127620,0.01329763,0.00129576,0.01459339,956440480.88,1664.0953
2137,5.8508,1.6071,1.6071,6611.70,46059450.19,3907115.54,241247728.33,268775944.99,510023673.31,35847.59,2.48941620,0.00066477,0.02127277,0.01329548,0.00129335,0.01458883,956474328.47,1664.3466
2138,5.8535,1.6068,1.6068,6624.27,46064077.91,3907256.32,241275811.46,268783698.62,510059510.09,35836.77,2.48866491,0.00066467,0.02126934,0.01329334,0.00129094,0.01458428,956508165.25,1664.5976
2139,5.8563,1.6066,1.6066,6636.86,46068704.99,3907397.06,241303885.71,268791450.33,510095336.05,35825.96,2.48791386,0.00066456,0.02126591,0.01329119,0.00128854,0.01457973,956541991.21,1664.8483
2140,5.8590,1.6064,1.6064,6649.48,46073331.41,3907537.77,241331951.08,268799200.11,510131151.19,35815.15,2.48716306,0.00066445,0.02126248,0.01328905,0.00128614,0.01457519,956575806.36,1665.0986
2141,5.8617,1.6062,1.6062,6662.11,46077957.19,3907678.45,241360007.57,268806947.97,510166955.53,35804.34,2.48641249,0.00066435,0.02125905,0.01328691,0.00128374,0.01457065,956609610.70,1665.3486
2142,5.8645,1.6059,1.6059,6674.78,46082582.31,3907819.10,241388055.18,268814693.89,510202749.07,35793.54,2.48566217,0.00066424,0.02125562,0.01328476,0.00128135,0.01456612,956643404.23,1665.5982
2143,5.8672,1.6057,1.6057,6687.47,46087206.78,3907959.71,241416093.91,268822437.89,510238531.80,35782.73,2.48491209,0.00066413,0.02125219,0.01328262,0.00127897,0.01456159,956677186.97,1665.8474
2144,5.8700,1.6055,1.6055,6700.18,46091830.61,3908100.30,241444123.77,268830179.97,510274303.74,35771.94,2.48416226,0.00066402,0.02124877,0.01328048,0.00127659,0.01455707,956710958.90,1666.0964
2145,5.8727,1.6053,1.6053,6712.91,46096453.78,3908240.84,241472144.76,268837920.12,510310064.88,35761.14,2.48341266,0.00066392,0.02124534,0.01327834,0.00127421,0.01455255,956744720.05,1666.3449
2146,5.8754,1.6050,1.6050,6725.67,46101076.31,3908381.36,241500156.89,268845658.34,510345815.23,35750.35,2.48266331,0.00066381,0.02124191,0.01327620,0.00127184,0.01454803,956778470.40,1666.5932
2147,5.8782,1.6048,1.6048,6738.46,46105698.18,3908521.84,241528160.15,268853394.65,510381554.80,35739.56,2.48191419,0.00066370,0.02123849,0.01327406,0.00126947,0.01454353,956812209.96,1666.8410
2148,5.8809,1.6046,1.6046,6751.27,46110319.41,3908662.29,241556154.56,268861129.02,510417283.58,35728.78,2.48116532,0.00066360,0.02123507,0.01327192,0.00126711,0.01453902,956845938.74,1667.0886
2149,5.8836,1.6044,1.6044,6764.10,46114939.98,3908802.71,241584140.10,268868861.48,510453001.58,35718.00,2.48041669,0.00066349,0.02123164,0.01326978,0.00126475,0.01453452,956879656.74,1667.3358
2150,5.8864,1.6041,1.6041,6776.96,46119559.91,3908943.09,241612116.79,268876592.02,510488708.80,35707.22,2.47966831,0.00066338,0.02122822,0.01326764,0.00126239,0.01453003,956913363.97,1667.5826
2151,5.8891,1.6039,1.6039,6789.84,46124179.19,3909083.45,241640084.62,268884320.63,510524405.25,35696.45,2.47892016,0.00066327,0.02122480,0.01326550,0.00126004,0.01452554,956947060.42,1667.8291
2152,5.8919,1.6037,1.6037,6802.75,46128797.82,3909223.76,241668043.61,268892047.32,510560090.93,35685.68,2.47817225,0.00066317,0.02122137,0.01326336,0.00125769,0.01452105,956980746.10,1668.0753
2153,5.8946,1.6035,1.6035,6815.68,46133415.80,3909364.05,241695993.75,268899772.10,510595765.85,35674.91,2.47742459,0.00066306,0.02121795,0.01326122,0.00125535,0.01451657,957014421.01,1668.3211
2154,5.8973,1.6032,1.6032,6828.63,46138033.13,3909504.30,241723935.05,268907494.95,510631430.00,35664.15,2.47667717,0.00066295,0.02121453,0.01325908,0.00125301,0.01451210,957048085.16,1668.5665
2155,5.9001,1.6030,1.6030,6841.61,46142649.81,3909644.53,241751867.50,268915215.89,510667083.39,35653.39,2.47592998,0.00066285,0.02121111,0.01325695,0.00125068,0.01450763,957081738.55,1668.8117
2156,5.9028,1.6028,1.6028,6854.62,46147265.84,3909784.71,241779791.12,268922934.91,510702726.03,35642.64,2.47518304,0.00066274,0.02120770,0.01325481,0.00124835,0.01450316,957115381.19,1669.0564
2157,5.9055,1.6026,1.6026,6867.65,46151881.23,3909924.87,241807705.90,268930652.01,510738357.91,35631.88,2.47443634,0.00066263,0.02120428,0.01325267,0.00124603,0.01449870,957149013.07,1669.3009
2158,5.9083,1.6023,1.6023,6880.70,46156495.96,3910064.99,241835611.84,268938367.20,510773979.04,35621.13,2.47368988,0.00066253,0.02120086,0.01325054,0.00124371,0.01449424,957182634.21,1669.5450
2159,5.9110,1.6021,1.6021,6893.78,46161110.05,3910205.08,241863508.96,268946080.47,510809589.43,35610.39,2.47294366,0.00066242,0.02119744,0.01324840,0.00124139,0.01448979,957216244.60,1669.7887
2160,5.9138,1.6019,1.6019,6906.88,46165723.49,3910345.14,241891397.25,268953791.83,510845189.08,35599.65,2.47219768,0.00066231,0.02119403,0.01324627,0.00123908,0.01448535,957249844.24,1670.0322
2161,5.9165,1.6017,1.6017,6920.01,46170336.28,3910485.17,241919276.72,268961501.27,510880777.99,35588.91,2.47145194,0.00066221,0.02119061,0.01324413,0.00123677,0.01448090,957283433.15,1670.2752
2162,5.9192,1.6014,1.6014,6933.17,46174948.42,3910625.16,241947147.36,268969208.80,510916356.16,35578.17,2.47070644,0.00066210,0.02118720,0.01324200,0.00123447,0.01447647,957317011.32,1670.5180
2163,5.9220,1.6012,1.6012,6946.35,46179559.92,3910765.12,241975009.19,268976914.42,510951923.60,35567.44,2.46996119,0.00066199,0.02118378,0.01323986,0.00123217,0.01447203,957350578.76,1670.7604
2164,5.9247,1.6010,1.6010,6959.55,46184170.76,3910905.05,242002862.20,268984618.12,510987480.31,35556.71,2.46921617,0.00066189,0.02118037,0.01323773,0.00122988,0.01446761,957384135.48,1671.0024
2165,5.9274,1.6008,1.6008,6972.78,46188780.96,3911044.94,242030706.39,268992319.91,511023026.30,35545.99,2.46847139,0.00066178,0.02117696,0.01323560,0.00122759,0.01446318,957417681.47,1671.2442
2166,5.9302,1.6005,1.6005,6986.03,46193390.51,3911184.80,242058541.78,269000019.79,511058561.57,35535.27,2.46772685,0.00066167,0.02117354,0.01323346,0.00122530,0.01445876,957451216.73,1671.4855
2167,5.9329,1.6003,1.6003,6999.31,46197999.41,3911324.63,242086368.35,269007717.76,511094086.12,35524.55,2.46698255,0.00066157,0.02117013,0.01323133,0.00122302,0.01445435,957484741.28,1671.7266
2168,5.9357,1.6001,1.6001,7012.62,46202607.67,3911464.43,242114186.13,269015413.83,511129599.95,35513.83,2.46623850,0.00066146,0.02116672,0.01322920,0.00122074,0.01444994,957518255.12,1671.9673
2169,5.9384,1.5999,1.5999,7025.95,46207215.28,3911604.19,242141995.10,269023107.98,511165103.08,35503.12,2.46549468,0.00066135,0.02116331,0.01322707,0.00121847,0.01444554,957551758.24,1672.2076
2170,5.9411,1.5996,1.5996,7039.30,46211822.24,3911743.93,242169795.27,269030800.22,511200595.49,35492.42,2.46475110,0.00066125,0.02115990,0.01322494,0.00121620,0.01444114,957585250.65,1672.4477
2171,5.9439,1.5994,1.5994,7052.68,46216428.55,3911883.63,242197586.64,269038490.56,511236077.20,35481.71,2.46400776,0.00066114,0.02115649,0.01322281,0.00121393,0.01443674,957618732.37,1672.6874
2172,5.9466,1.5992,1.5992,7066.09,46221034.22,3912023.29,242225369.22,269046178.99,511271548.21,35471.01,2.46326466,0.00066103,0.02115309,0.01322068,0.00121167,0.01443235,957652203.38,1672.9267
2173,5.9493,1.5990,1.5990,7079.52,46225639.24,3912162.93,242253143.01,269053865.51,511307008.53,35460.31,2.46252180,0.00066093,0.02114968,0.01321855,0.00120942,0.01442796,957685663.69,1673.1657
2174,5.9521,1.5987,1.5987,7092.98,46230243.61,3912302.53,242280908.02,269061550.13,511342458.15,35449.62,2.46177918,0.00066082,0.02114627,0.01321642,0.00120716,0.01442358,957719113.31,1673.4044
2175,5.9548,1.5985,1.5985,7106.46,46234847.33,3912442.10,242308664.23,269069232.85,511377897.08,35438.93,2.46103680,0.00066071,0.02114287,0.01321429,0.00120491,0.01441921,957752552.24,1673.6428
2176,5.9576,1.5983,1.5983,7119.97,46239450.41,3912581.64,242336411.67,269076913.66,511413325.32,35428.24,2.46029465,0.00066061,0.02113946,0.01321216,0.00120267,0.01441483,957785980.48,1673.8808
2177,5.9603,1.5981,1.5981,7133.50,46244052.84,3912721.14,242364150.32,269084592.56,511448742.88,35417.56,2.45955275,0.00066050,0.02113606,0.01321003,0.00120043,0.01441047,957819398.04,1674.1184
2178,5.9630,1.5978,1.5978,7147.06,46248654.62,3912860.61,242391880.20,269092269.56,511484149.76,35406.88,2.45881109,0.00066040,0.02113265,0.01320791,0.00119820,0.01440610,957852804.92,1674.3558
2179,5.9658,1.5976,1.5976,7160.65,46253255.76,3913000.05,242419601.30,269099944.67,511519545.96,35396.20,2.45806966,0.00066029,0.02112925,0.01320578,0.00119596,0.01440174,957886201.13,1674.5928
2180,5.9685,1.5974,1.5974,7174.26,46257856.25,3913139.46,242447313.63,269107617.87,511554931.49,35385.53,2.45732847,0.00066018,0.02112585,0.01320365,0.00119374,0.01439739,957919586.66,1674.8295
2181,5.9713,1.5972,1.5972,7187.89,46262456.10,3913278.84,242475017.19,269115289.16,511590306.35,35374.86,2.45658752,0.00066008,0.02112244,0.01320153,0.00119151,0.01439304,957952961.52,1675.0658
2182,5.9740,1.5969,1.5969,7201.56,46267055.29,3913418.18,242502711.99,269122958.56,511625670.55,35364.19,2.45584682,0.00065997,0.02111904,0.01319940,0.00118929,0.01438870,957986325.71,1675.3018
2183,5.9767,1.5967,1.5967,7215.25,46271653.85,3913557.49,242530398.02,269130626.06,511661024.08,35353.53,2.45510634,0.00065986,0.02111564,0.01319728,0.00118708,0.01438436,958019679.24,1675.5375
2184,5.9795,1.5965,1.5965,7228.96,46276251.75,3913696.77,242558075.29,269138291.66,511696366.95,35342.87,2.45436611,0.00065976,0.02111224,0.01319515,0.00118487,0.01438002,958053022.11,1675.7728
2185,5.9822,1.5963,1.5963,7242.70,46280849.01,3913836.01,242585743.81,269145955.36,511731699.17,35332.22,2.45362612,0.00065965,0.02110884,0.01319303,0.00118266,0.01437569,958086354.33,1676.0078
2186,5.9849,1.5960,1.5960,7256.47,46285445.62,3913975.23,242613403.56,269153617.17,511767020.73,35321.56,2.45288636,0.00065955,0.02110545,0.01319090,0.00118046,0.01437136,958119675.89,1676.2425
2187,5.9877,1.5958,1.5958,7270.26,46290041.59,3914114.41,242641054.57,269161277.07,511802331.65,35310.91,2.45214685,0.00065944,0.02110205,0.01318878,0.00117826,0.01436704,958152986.81,1676.4769
2188,5.9904,1.5956,1.5956,7284.08,46294636.91,3914253.56,242668696.83,269168935.08,511837631.91,35300.27,2.45140757,0.00065933,0.02109865,0.01318666,0.00117607,0.01436272,958186287.08,1676.7109
2189,5.9932,1.5954,1.5954,7297.93,46299231.59,3914392.67,242696330.34,269176591.20,511872921.54,35289.63,2.45066852,0.00065923,0.02109525,0.01318453,0.00117387,0.01435841,958219576.70,1676.9446
2190,5.9959,1.5951,1.5951,7311.80,46303825.62,3914531.76,242723955.11,269184245.42,511908200.53,35278.99,2.44992972,0.00065912,0.02109186,0.01318241,0.00117169,0.01435410,958252855.69,1677.1779
2191,5.9986,1.5949,1.5949,7325.70,46308419.00,3914670.81,242751571.14,269191897.75,511943468.88,35268.35,2.44919116,0.00065901,0.02108846,0.01318029,0.00116951,0.01434980,958286124.05,1677.4109
2192,6.0014,1.5947,1.5947,7339.62,46313011.74,3914809.83,242779178.42,269199548.18,511978726.60,35257.72,2.44845283,0.00065891,0.02108507,0.01317817,0.00116733,0.01434550,958319381.77,1677.6436
2193,6.0041,1.5945,1.5945,7353.58,46317603.84,3914948.82,242806776.98,269207196.72,512013973.70,35247.09,2.44771474,0.00065880,0.02108167,0.01317605,0.00116515,0.01434120,958352628.86,1677.8760
2194,6.0068,1.5943,1.5943,7367.55,46322195.29,3915087.77,242834366.80,269214843.37,512049210.16,35236.47,2.44697689,0.00065870,0.02107828,0.01317393,0.00116298,0.01433691,958385865.33,1678.1080
2195,6.0096,1.5940,1.5940,7381.56,46326786.09,3915226.69,242861947.89,269222488.12,512084436.01,35225.85,2.44623927,0.00065859,0.02107489,0.01317181,0.00116082,0.01433262,958419091.17,1678.3397
2196,6.0123,1.5938,1.5938,7395.59,46331376.25,3915365.58,242889520.25,269230130.99,512119651.24,35215.23,2.44550190,0.00065848,0.02107150,0.01316969,0.00115865,0.01432834,958452306.40,1678.5711
2197,6.0151,1.5936,1.5936,7409.65,46335965.76,3915504.44,242917083.89,269237771.96,512154855.85,35204.61,2.44476476,0.00065838,0.02106811,0.01316757,0.00115650,0.01432406,958485511.01,1678.8022
2198,6.0178,1.5934,1.5934,7423.73,46340554.63,3915643.27,242944638.80,269245411.05,512190049.85,35194.00,2.44402785,0.00065827,0.02106472,0.01316545,0.00115434,0.01431979,958518705.01,1679.0329
2199,6.0205,1.5931,1.5931,7437.84,46345142.85,3915782.06,242972185.00,269253048.24,512225233.24,35183.39,2.44329119,0.00065817,0.02106133,0.01316333,0.00115219,0.01431552,958551888.40,1679.2633
2200,6.0233,1.5929,1.5929,7451.98,46349730.43,3915920.82,242999722.48,269260683.55,512260406.03,35172.79,2.44255476,0.00065806,0.02105794,0.01316121,0.00115005,0.01431126,958585061.19,1679.4934
2201,6.0260,1.5927,1.5927,7466.15,46354317.37,3916059.55,243027251.25,269268316.97,512295568.22,35162.19,2.44181857,0.00065795,0.02105455,0.01315909,0.00114790,0.01430700,958618223.38,1679.7231
2202,6.0287,1.5925,1.5925,7480.34,46358903.66,3916198.25,243054771.31,269275948.50,512330719.81,35151.59,2.44108262,0.00065785,0.02105116,0.01315698,0.00114577,0.01430274,958651374.97,1679.9526
2203,6.0315,1.5922,1.5922,7494.56,46363489.30,3916336.92,243082282.66,269283578.15,512365860.80,35141.00,2.44034690,0.00065774,0.02104777,0.01315486,0.00114363,0.01429849,958684515.97,1680.1816
2204,6.0342,1.5920,1.5920,7508.80,46368074.30,3916475.55,243109785.30,269291205.91,512400991.21,35130.40,2.43961142,0.00065764,0.02104439,0.01315274,0.00114150,0.01429424,958717646.37,1680.4104
2205,6.0370,1.5918,1.5918,7523.08,46372658.66,3916614.15,243137279.24,269298831.78,512436111.02,35119.82,2.43887618,0.00065753,0.02104100,0.01315063,0.00113937,0.01429000,958750766.19,1680.6389
2206,6.0397,1.5916,1.5916,7537.38,46377242.37,3916752.72,243164764.48,269306455.77,512471220.26,35109.23,2.43814117,0.00065743,0.02103762,0.01314851,0.00113725,0.01428576,958783875.42,1680.8670
2207,6.0424,1.5913,1.5913,7551.70,46381825.44,3916891.25,243192241.03,269314077.88,512506318.91,35098.65,2.43740640,0.00065732,0.02103423,0.01314640,0.00113513,0.01428153,958816974.07,1681.0948
2208,6.0452,1.5911,1.5911,7566.06,46386407.86,3917029.76,243219708.88,269321698.11,512541406.98,35088.07,2.43667187,0.00065721,0.02103085,0.01314428,0.00113302,0.01427730,958850062.15,1681.3223
2209,6.0479,1.5909,1.5909,7580.44,46390989.64,3917168.23,243247168.04,269329316.45,512576484.49,35077.50,2.43593757,0.00065711,0.02102747,0.01314217,0.00113091,0.01427308,958883139.65,1681.5494
2210,6.0507,1.5907,1.5907,7594.85,46395570.78,3917306.67,243274618.51,269336932.91,512611551.42,35066.93,2.43520351,0.00065700,0.02102408,0.01314005,0.00112880,0.01426886,958916206.58,1681.7762
2211,6.0534,1.5904,1.5904,7609.29,46400151.27,3917445.08,243302060.29,269344547.49,512646607.78,35056.36,2.43446968,0.00065690,0.02102070,0.01313794,0.00112670,0.01426464,958949262.94,1682.0027
2212,6.0561,1.5902,1.5902,7623.75,46404731.12,3917583.45,243329493.39,269352160.18,512681653.58,35045.80,2.43373610,0.00065679,0.02101732,0.01313583,0.00112460,0.01426043,958982308.74,1682.2289
2213,6.0589,1.5900,1.5900,7638.24,46409310.33,3917721.80,243356917.82,269359771.00,512716688.82,35035.24,2.43300274,0.00065669,0.02101394,0.01313371,0.00112251,0.01425622,959015343.98,1682.4548
2214,6.0616,1.5898,1.5898,7652.76,46413888.89,3917860.11,243384333.56,269367379.94,512751713.50,35024.68,2.43226963,0.00065658,0.02101056,0.01313160,0.00112041,0.01425202,959048368.66,1682.6803
2215,6.0643,1.5896,1.5896,7667.31,46418466.81,3917998.39,243411740.63,269374987.00,512786727.63,35014.13,2.43153675,0.00065647,0.02100718,0.01312949,0.00111833,0.01424782,959081382.79,1682.9055
2216,6.0671,1.5893,1.5893,7681.88,46423044.08,3918136.64,243439139.02,269382592.19,512821731.21,35003.58,2.43080410,0.00065637,0.02100381,0.01312738,0.00111624,0.01424362,959114386.37,1683.1304
2217,6.0698,1.5891,1.5891,7696.48,46427620.72,3918274.85,243466528.75,269390195.49,512856724.24,34993.03,2.43007169,0.00065626,0.02100043,0.01312527,0.00111416,0.01423943,959147379.40,1683.3550
2218,6.0726,1.5889,1.5889,7711.11,46432196.70,3918413.04,243493909.81,269397796.92,512891706.73,34982.49,2.42933952,0.00065616,0.02099705,0.01312316,0.00111209,0.01423525,959180361.89,1683.5793
2219,6.0753,1.5887,1.5887,7725.77,46436772.05,3918551.19,243521282.21,269405396.47,512926678.68,34971.95,2.42860758,0.00065605,0.02099367,0.01312105,0.00111002,0.01423106,959213333.84,1683.8032
2220,6.0780,1.5884,1.5884,7740.46,46441346.75,3918689.31,243548645.94,269412994.15,512961640.09,34961.41,2.42787588,0.00065595,0.02099030,0.01311894,0.00110795,0.01422689,959246295.26,1684.0268
2221,6.0808,1.5882,1.5882,7755.17,46445920.81,3918827.40,243576001.02,269420589.95,512996590.97,34950.88,2.42714441,0.00065584,0.02098692,0.01311683,0.00110589,0.01422271,959279246.13,1684.2501
2222,6.0835,1.5880,1.5880,7769.91,46450494.23,3918965.45,243603347.44,269428183.88,513031531.32,34940.35,2.42641318,0.00065574,0.02098355,0.01311472,0.00110383,0.01421854,959312186.48,1684.4731
2223,6.0862,1.5878,1.5878,7784.68,46455067.01,3919103.48,243630685.21,269435775.94,513066461.15,34929.82,2.42568219,0.00065563,0.02098018,0.01311261,0.00110177,0.01421438,959345116.31,1684.6958
2224,6.0890,1.5875,1.5875,7799.48,46459639.14,3919241.47,243658014.32,269443366.12,513101380.45,34919.30,2.42495143,0.00065553,0.02097680,0.01311050,0.00109972,0.01421022,959378035.61,1684.9181
2225,6.0917,1.5873,1.5873,7814.30,46464210.63,3919379.43,243685334.79,269450954.43,513136289.23,34908.78,2.42422090,0.00065542,0.02097343,0.01310839,0.00109767,0.01420606,959410944.39,1685.1401
2226,6.0945,1.5871,1.5871,7829.16,46468781.48,3919517.36,243712646.62,269458540.87,513171187.49,34898.26,2.42349061,0.00065531,0.02097006,0.01310629,0.00109562,0.01420191,959443842.65,1685.3618
2227,6.0972,1.5869,1.5869,7844.04,46473351.68,3919655.25,243739949.80,269466125.44,513206075.24,34887.75,2.42276056,0.00065521,0.02096669,0.01310418,0.00109358,0.01419776,959476730.41,1685.5832
2228,6.0999,1.5867,1.5867,7858.95,46477921.24,3919793.12,243767244.35,269473708.14,513240952.49,34877.24,2.42203073,0.00065510,0.02096332,0.01310207,0.00109154,0.01419362,959509607.65,1685.8043
2229,6.1027,1.5864,1.5864,7873.89,46482490.17,3919930.95,243794530.25,269481288.97,513275819.22,34866.74,2.42130115,0.00065500,0.02095995,0.01309997,0.00108951,0.01418948,959542474.39,1686.0251
2230,6.1054,1.5862,1.5862,7888.85,46487058.44,3920068.75,243821807.53,269488867.93,513310675.46,34856.23,2.42057180,0.00065489,0.02095658,0.01309786,0.00108748,0.01418534,959575330.62,1686.2455
2231,6.1081,1.5860,1.5860,7903.85,46491626.08,3920206.52,243849076.17,269496445.02,513345521.19,34845.73,2.41984268,0.00065479,0.02095321,0.01309576,0.00108545,0.01418121,959608176.35,1686.4656
2232,6.1109,1.5858,1.5858,7918.87,46496193.08,3920344.25,243876336.18,269504020.25,513380356.43,34835.24,2.41911380,0.00065468,0.02094985,0.01309365,0.00108343,0.01417709,959641011.59,1686.6854
2233,6.1136,1.5855,1.5855,7933.93,46500759.43,3920481.96,243903587.57,269511593.61,513415181.18,34824.75,2.41838515,0.00065458,0.02094648,0.01309155,0.00108141,0.01417296,959673836.34,1686.9049
2234,6.1164,1.5853,1.5853,7949.01,46505325.14,3920619.63,243930830.34,269519165.10,513449995.43,34814.26,2.41765674,0.00065447,0.02094311,0.01308945,0.00107940,0.01416884,959706650.60,1687.1241
2235,6.1191,1.5851,1.5851,7964.12,46509890.21,3920757.27,243958064.48,269526734.72,513484799.20,34803.77,2.41692856,0.00065437,0.02093975,0.01308734,0.00107739,0.01416473,959739454.37,1687.3430
2236,6.1218,1.5849,1.5849,7979.26,46514454.64,3920894.88,243985290.01,269534302.48,513519592.49,34793.29,2.41620061,0.00065426,0.02093638,0.01308524,0.00107538,0.01416062,959772247.66,1687.5615
2237,6.1246,1.5846,1.5846,7994.42,46519018.43,3921032.46,244012506.92,269541868.38,513554375.30,34782.81,2.41547290,0.00065416,0.02093302,0.01308314,0.00107338,0.01415651,959805030.47,1687.7798
2238,6.1273,1.5844,1.5844,8009.62,46523581.57,3921170.00,244039715.22,269549432.41,513589147.64,34772.33,2.41474543,0.00065405,0.02092965,0.01308103,0.00107138,0.01415241,959837802.80,1687.9977
2239,6.1300,1.5842,1.5842,8024.84,46528144.08,3921307.52,244066914.91,269556994.59,513623909.50,34761.86,2.41401818,0.00065395,0.02092629,0.01307893,0.00106938,0.01414831,959870564.66,1688.2153
2240,6.1328,1.5840,1.5840,8040.10,46532705.94,3921445.00,244094106.00,269564554.89,513658660.89,34751.39,2.41329118,0.00065384,0.02092293,0.01307683,0.00106739,0.01414422,959903316.05,1688.4326
2241,6.1355,1.5838,1.5838,8055.38,46537267.16,3921582.45,244121288.48,269572113.34,513693401.82,34740.93,2.41256440,0.00065374,0.02091957,0.01307473,0.00106540,0.01414013,959936056.98,1688.6496
2242,6.1383,1.5835,1.5835,8070.69,46541827.75,3921719.87,244148462.36,269579669.92,513728132.28,34730.47,2.41183786,0.00065363,0.02091621,0.01307263,0.00106342,0.01413604,959968787.45,1688.8663
2243,6.1410,1.5833,1.5833,8086.03,46546387.69,3921857.25,244175627.64,269587224.65,513762852.29,34720.01,2.41111155,0.00065353,0.02091285,0.01307053,0.00106143,0.01413196,960001507.45,1689.0827
2244,6.1437,1.5831,1.5831,8101.40,46550946.99,3921994.61,244202784.33,269594777.51,513797561.84,34709.55,2.41038548,0.00065342,0.02090949,0.01306843,0.00105946,0.01412789,960034217.00,1689.2987
2245,6.1465,1.5829,1.5829,8116.80,46555505.65,3922131.93,244229932.42,269602328.52,513832260.94,34699.10,2.40965964,0.00065332,0.02090613,0.01306633,0.00105748,0.01412381,960066916.10,1689.5145
2246,6.1492,1.5826,1.5826,8132.23,46560063.66,3922269.22,244257071.92,269609877.67,513866949.59,34688.65,2.40893403,0.00065321,0.02090277,0.01306423,0.00105551,0.01411974,960099604.75,1689.7299
2247,6.1520,1.5824,1.5824,8147.69,46564621.04,3922406.48,244284202.84,269617424.96,513901627.80,34678.20,2.40820866,0.00065311,0.02089941,0.01306213,0.00105355,0.01411568,960132282.96,1689.9451
2248,6.1547,1.5822,1.5822,8163.18,46569177.78,3922543.71,244311325.17,269624970.39,513936295.56,34667.76,2.40748352,0.00065300,0.02089606,0.01306004,0.00105158,0.01411162,960164950.72,1690.1599
2249,6.1574,1.5820,1.5820,8178.69,46573733.88,3922680.91,244338438.92,269632513.96,513970952.88,34657.32,2.40675861,0.00065290,0.02089270,0.01305794,0.00104962,0.01410756,960197608.04,1690.3744
2250,6.1602,1.5818,1.5818,8194.24,46578289.33,3922818.07,244365544.09,269640055.68,514005599.77,34646.89,2.40603393,0.00065279,0.02088935,0.01305584,0.00104767,0.01410351,960230254.93,1690.5886
2251,6.1629,1.5815,1.5815,8209.82,46582844.15,3922955.21,244392640.68,269647595.55,514040236.23,34636.46,2.40530949,0.00065269,0.02088599,0.01305374,0.00104571,0.01409946,960262891.39,1690.8025
2252,6.1656,1.5813,1.5813,8225.42,46587398.33,3923092.31,244419728.70,269655133.56,514074862.26,34626.03,2.40458528,0.00065258,0.02088264,0.01305165,0.00104377,0.01409541,960295517.42,1691.0161
2253,6.1684,1.5811,1.5811,8241.06,46591951.87,3923229.38,244446808.14,269662669.71,514109477.86,34615.60,2.40386131,0.00065248,0.02087928,0.01304955,0.00104182,0.01409137,960328133.02,1691.2293
2254,6.1711,1.5809,1.5809,8256.72,46596504.76,3923366.42,244473879.02,269670204.02,514144083.04,34605.18,2.40313757,0.00065237,0.02087593,0.01304746,0.00103988,0.01408734,960360738.20,1691.4423
2255,6.1739,1.5806,1.5806,8272.42,46601057.02,3923503.42,244500941.33,269677736.47,514178677.80,34594.76,2.40241406,0.00065227,0.02087258,0.01304536,0.00103794,0.01408330,960393332.96,1691.6550
2256,6.1766,1.5804,1.5804,8288.14,46605608.64,3923640.40,244527995.08,269685267.06,514213262.15,34584.35,2.40169078,0.00065216,0.02086923,0.01304327,0.00103601,0.01407928,960425917.31,1691.8673
2257,6.1793,1.5802,1.5802,8303.90,46610159.62,3923777.34,244555040.27,269692795.81,514247836.08,34573.94,2.40096773,0.00065206,0.02086588,0.01304117,0.00103408,0.01407525,960458491.25,1692.0794
2258,6.1821,1.5800,1.5800,8319.68,46614709.96,3923914.25,244582076.91,269700322.71,514282399.61,34563.53,2.40024492,0.00065195,0.02086253,0.01303908,0.00103215,0.01407123,960491054.77,1692.2911
2259,6.1848,1.5798,1.5798,8335.49,46619259.66,3924051.13,244609104.98,269707847.75,514316952.73,34553.12,2.39952234,0.00065185,0.02085918,0.01303699,0.00103023,0.01406721,960523607.90,1692.5026
2260,6.1875,1.5795,1.5795,8351.34,46623808.72,3924187.98,244636124.51,269715370.95,514351495.45,34542.72,2.39879999,0.00065174,0.02085583,0.01303489,0.00102831,0.01406320,960556150.62,1692.7137
2261,6.1903,1.5793,1.5793,8367.21,46628357.14,3924324.80,244663135.48,269722892.29,514386027.77,34532.32,2.39807788,0.00065164,0.02085248,0.01303280,0.00102639,0.01405919,960588682.94,1692.9245
2262,6.1930,1.5791,1.5791,8383.12,46632904.92,3924461.58,244690137.91,269730411.79,514420549.70,34521.93,2.39735599,0.00065154,0.02084913,0.01303071,0.00102448,0.01405519,960621204.86,1693.1351
2263,6.1958,1.5789,1.5789,8399.05,46637452.06,3924598.33,244717131.79,269737929.44,514455061.24,34511.53,2.39663434,0.00065143,0.02084579,0.01302862,0.00102257,0.01405119,960653716.40,1693.3453
2264,6.1985,1.5786,1.5786,8415.02,46641998.56,3924735.06,244744117.14,269745445.25,514489562.38,34501.15,2.39591292,0.00065133,0.02084244,0.01302652,0.00102066,0.01404719,960686217.54,1693.5552
2265,6.2012,1.5784,1.5784,8431.01,46646544.43,3924871.75,244771093.94,269752959.20,514524053.14,34490.76,2.39519173,0.00065122,0.02083909,0.01302443,0.00101876,0.01404320,960718708.30,1693.7648
2266,6.2040,1.5782,1.5782,8447.04,46651089.65,3925008.41,244798062.21,269760471.32,514558533.52,34480.38,2.39447078,0.00065112,0.02083575,0.01302234,0.00101686,0.01403921,960751188.68,1693.9741
2267,6.2067,1.5780,1.5780,8463.10,46655634.24,3925145.03,244825021.94,269767981.58,514593003.52,34470.00,2.39375005,0.00065101,0.02083241,0.01302025,0.00101497,0.01403522,960783658.68,1694.1831
2268,6.2094,1.5778,1.5778,8479.18,46660178.19,3925281.63,244851973.14,269775490.00,514627463.15,34459.63,2.39302956,0.00065091,0.02082906,0.01301816,0.00101308,0.01403124,960816118.31,1694.3918
2269,6.2122,1.5775,1.5775,8495.30,46664721.50,3925418.19,244878915.82,269782996.58,514661912.40,34449.25,2.39230930,0.00065080,0.02082572,0.01301607,0.00101119,0.01402726,960848567.56,1694.6002
2270,6.2149,1.5773,1.5773,8511.45,46669264.17,3925554.73,244905849.97,269790501.32,514696351.29,34438.89,2.39158927,0.00065070,0.02082238,0.01301399,0.00100931,0.01402329,960881006.45,1694.8083
2271,6.2177,1.5771,1.5771,8527.63,46673806.21,3925691.23,244932775.60,269798004.21,514730779.81,34428.52,2.39086947,0.00065059,0.02081904,0.01301190,0.00100742,0.01401932,960913434.97,1695.0161
2272,6.2204,1.5769,1.5769,8543.84,46678347.60,3925827.70,244959692.71,269805505.26,514765197.97,34418.16,2.39014990,0.00065049,0.02081569,0.01300981,0.00100555,0.01401536,960945853.13,1695.2236
2273,6.2231,1.5767,1.5767,8560.08,46682888.36,3925964.14,244986601.30,269813004.47,514799605.77,34407.80,2.38943057,0.00065039,0.02081235,0.01300772,0.00100367,0.01401140,960978260.93,1695.4308
2274,6.2259,1.5764,1.5764,8576.35,46687428.48,3926100.55,245013501.37,269820501.84,514834003.21,34397.45,2.38871146,0.00065028,0.02080902,0.01300563,0.00100180,0.01400744,961010658.37,1695.6377
2275,6.2286,1.5762,1.5762,8592.65,46691967.96,3926236.92,245040392.94,269827997.37,514868390.30,34387.09,2.38799259,0.00065018,0.02080568,0.01300355,0.00099994,0.01400348,961043045.47,1695.8443
2276,6.2313,1.5760,1.5760,8608.99,46696506.80,3926373.27,245067275.99,269835491.06,514902767.05,34376.74,2.38727395,0.00065007,0.02080234,0.01300146,0.00099807,0.01399953,961075422.21,1696.0506
2277,6.2341,1.5758,1.5758,8625.35,46701045.01,3926509.58,245094150.54,269842982.91,514937133.45,34366.40,2.38655553,0.00064997,0.02079900,0.01299938,0.00099621,0.01399559,961107788.61,1696.2566
2278,6.2368,1.5755,1.5755,8641.74,46705582.57,3926645.86,245121016.59,269850472.92,514971489.51,34356.06,2.38583735,0.00064986,0.02079566,0.01299729,0.00099436,0.01399165,961140144.67,1696.4623
2279,6.2396,1.5753,1.5753,8658.17,46710119.50,3926782.11,245147874.13,269857961.09,515005835.23,34345.72,2.38511940,0.00064976,0.02079233,0.01299520,0.00099250,0.01398771,961172490.39,1696.6677
2280,6.2423,1.5751,1.5751,8674.63,46714655.80,3926918.33,245174723.18,269865447.43,515040170.61,34335.38,2.38440168,0.00064966,0.02078899,0.01299312,0.00099065,0.01398377,961204825.77,1696.8728
2281,6.2450,1.5749,1.5749,8691.12,46719191.45,3927054.52,245201563.73,269872931.93,515074495.66,34325.05,2.38368419,0.00064955,0.02078566,0.01299104,0.00098881,0.01397984,961237150.83,1697.0776
2282,6.2478,1.5747,1.5747,8707.64,46723726.47,3927190.67,245228395.79,269880414.60,515108810.39,34314.72,2.38296693,0.00064945,0.02078232,0.01298895,0.00098696,0.01397592,961269465.55,1697.2822
2283,6.2505,1.5744,1.5744,8724.19,46728260.85,3927326.80,245255219.35,269887895.43,515143114.79,34304.40,2.38224991,0.00064934,0.02077899,0.01298687,0.00098513,0.01397199,961301769.95,1697.4864
2284,6.2533,1.5742,1.5742,8740.77,46732794.59,3927462.89,245282034.43,269895374.43,515177408.86,34294.08,2.38153311,0.00064924,0.02077566,0.01298479,0.00098329,0.01396807,961334064.02,1697.6903
2285,6.2560,1.5740,1.5740,8757.39,46737327.70,3927598.95,245308841.03,269902851.59,515211692.62,34283.76,2.38081654,0.00064914,0.02077233,0.01298270,0.00098146,0.01396416,961366347.78,1697.8939
2286,6.2587,1.5738,1.5738,8774.04,46741860.17,3927734.98,245335639.14,269910326.92,515245966.06,34273.44,2.38010020,0.00064903,0.02076899,0.01298062,0.00097963,0.01396025,961398621.23,1698.0972
2287,6.2615,1.5736,1.5736,8790.71,46746392.00,3927870.98,245362428.77,269917800.42,515280229.19,34263.13,2.37938410,0.00064893,0.02076566,0.01297854,0.00097780,0.01395634,961430884.36,1698.3003
2288,6.2642,1.5733,1.5733,8807.42,46750923.20,3928006.95,245389209.93,269925272.09,515314482.02,34252.82,2.37866822,0.00064882,0.02076233,0.01297646,0.00097598,0.01395244,961463137.18,1698.5030
2289,6.2669,1.5731,1.5731,8824.16,46755453.75,3928142.89,245415982.61,269932741.92,515348724.53,34242.52,2.37795257,0.00064872,0.02075900,0.01297438,0.00097416,0.01394854,961495379.70,1698.7054
2290,6.2697,1.5729,1.5729,8840.94,46759983.68,3928278.79,245442746.82,269940209.93,515382956.75,34232.22,2.37723715,0.00064861,0.02075567,0.01297230,0.00097234,0.01394464,961527611.91,1698.9076
2291,6.2724,1.5727,1.5727,8857.74,46764512.96,3928414.67,245469502.57,269947676.10,515417178.67,34221.92,2.37652197,0.00064851,0.02075235,0.01297022,0.00097053,0.01394075,961559833.83,1699.1094
2292,6.2752,1.5724,1.5724,8874.58,46769041.61,3928550.51,245496249.84,269955140.44,515451390.29,34211.62,2.37580701,0.00064841,0.02074902,0.01296814,0.00096872,0.01393686,961592045.45,1699.3110
2293,6.2779,1.5722,1.5722,8891.45,46773569.62,3928686.32,245522988.65,269962602.96,515485591.61,34201.33,2.37509228,0.00064830,0.02074569,0.01296606,0.00096692,0.01393298,961624246.78,1699.5122
2294,6.2806,1.5720,1.5720,8908.35,46778097.00,3928822.10,245549719.01,269970063.65,515519782.65,34191.04,2.37437778,0.00064820,0.02074237,0.01296398,0.00096512,0.01392909,961656437.82,1699.7132
2295,6.2834,1.5718,1.5718,8925.28,46782623.74,3928957.85,245576440.90,269977522.51,515553963.41,34180.75,2.37366351,0.00064809,0.02073904,0.01296190,0.00096332,0.01392522,961688618.57,1699.9139
2296,6.2861,1.5716,1.5716,8942.25,46787149.84,3929093.57,245603154.34,269984979.54,515588133.88,34170.47,2.37294947,0.00064799,0.02073571,0.01295982,0.00096152,0.01392134,961720789.04,1700.1143
2297,6.2888,1.5713,1.5713,8959.25,46791675.31,3929229.26,245629859.32,269992434.75,515622294.08,34160.19,2.37223566,0.00064789,0.02073239,0.01295774,0.00095973,0.01391747,961752949.24,1700.3144
2298,6.2916,1.5711,1.5711,8976.28,46796200.15,3929364.91,245656555.86,269999888.13,515656443.99,34149.92,2.37152208,0.00064778,0.02072907,0.01295567,0.00095794,0.01391361,961785099.16,1700.5141
2299,6.2943,1.5709,1.5709,8993.34,46800724.34,3929500.54,245683243.95,270007339.69,515690583.64,34139.65,2.37080873,0.00064768,0.02072574,0.01295359,0.00095616,0.01390975,961817238.80,1700.7137
2300,6.2971,1.5707,1.5707,9010.43,46805247.90,3929636.13,245709923.59,270014789.43,515724713.02,34129.38,2.37009560,0.00064758,0.02072242,0.01295151,0.00095437,0.01390589,961849368.18,1700.9129
2301,6.2998,1.5705,1.5705,9027.56,46809770.83,3929771.69,245736594.79,270022237.33,515758832.13,34119.11,2.36938271,0.00064747,0.02071910,0.01294944,0.00095259,0.01390203,961881487.29,1701.1118
2302,6.3025,1.5702,1.5702,9044.72,46814293.12,3929907.22,245763257.55,270029683.42,515792940.98,34108.85,2.36867004,0.00064737,0.02071578,0.01294736,0.00095082,0.01389818,961913596.14,1701.3104
2303,6.3053,1.5700,1.5700,9061.91,46818814.77,3930042.72,245789911.88,270037127.69,515827039.56,34098.59,2.36795761,0.00064726,0.02071246,0.01294529,0.00094905,0.01389433,961945694.73,1701.5088
2304,6.3080,1.5698,1.5698,9079.14,46823335.79,3930178.19,245816557.77,270044570.13,515861127.90,34088.33,2.36724540,0.00064716,0.02070914,0.01294321,0.00094728,0.01389049,961977783.06,1701.7068
2305,6.3107,1.5696,1.5696,9096.40,46827856.17,3930313.63,245843195.23,270052010.75,515895205.98,34078.08,2.36653342,0.00064706,0.02070582,0.01294114,0.00094551,0.01388665,962009861.14,1701.9046
2306,6.3135,1.5694,1.5694,9113.69,46832375.92,3930449.03,245869824.26,270059449.55,515929273.81,34067.83,2.36582167,0.00064695,0.02070250,0.01293906,0.00094375,0.01388281,962041928.97,1702.1021
2307,6.3162,1.5691,1.5691,9131.01,46836895.03,3930584.41,245896444.87,270066886.53,515963331.40,34057.59,2.36511015,0.00064685,0.02069918,0.01293699,0.00094199,0.01387898,962073986.56,1702.2993
2308,6.3190,1.5689,1.5689,9148.37,46841413.51,3930719.75,245923057.05,270074321.69,515997378.74,34047.34,2.36439885,0.00064675,0.02069587,0.01293492,0.00094023,0.01387515,962106033.90,1702.4962
2309,6.3217,1.5687,1.5687,9165.76,46845931.35,3930855.07,245949660.81,270081755.03,516031415.85,34037.10,2.36368779,0.00064664,0.02069255,0.01293284,0.00093848,0.01387133,962138071.01,1702.6928
2310,6.3244,1.5685,1.5685,9183.18,46850448.56,3930990.35,245976256.16,270089186.56,516065442.71,34026.87,2.36297695,0.00064654,0.02068924,0.01293077,0.00093673,0.01386750,962170097.88,1702.8891
2311,6.3272,1.5683,1.5683,9200.64,46854965.14,3931125.60,246002843.08,270096616.27,516099459.35,34016.64,2.36226634,0.00064644,0.02068592,0.01292870,0.00093499,0.01386369,962202114.51,1703.0851
2312,6.3299,1.5680,1.5680,9218.13,46859481.08,3931260.82,246029421.60,270104044.16,516133465.75,34006.41,2.36155596,0.00064633,0.02068261,0.01292663,0.00093324,0.01385987,962234120.92,1703.2809
2313,6.3326,1.5678,1.5678,9235.65,46863996.38,3931396.01,246055991.70,270111470.23,516167461.93,33996.18,2.36084581,0.00064623,0.02067929,0.01292456,0.00093150,0.01385606,962266117.10,1703.4763
2314,6.3354,1.5676,1.5676,9253.20,46868511.05,3931531.17,246082553.40,270118894.49,516201447.89,33985.96,2.36013588,0.00064612,0.02067598,0.01292249,0.00092977,0.01385225,962298103.05,1703.6715
2315,6.3381,1.5674,1.5674,9270.79,46873025.08,3931666.29,246109106.70,270126316.93,516235423.63,33975.74,2.35942619,0.00064602,0.02067267,0.01292042,0.00092803,0.01384845,962330078.79,1703.8664
2316,6.3409,1.5672,1.5672,9288.41,46877538.49,3931801.39,246135651.59,270133737.56,516269389.15,33965.52,2.35871672,0.00064592,0.02066936,0.01291835,0.00092630,0.01384465,962362044.31,1704.0610
2317,6.3436,1.5669,1.5669,9306.07,46882051.25,3931936.45,246162188.08,270141156.38,516303344.46,33955.31,2.35800748,0.00064581,0.02066604,0.01291628,0.00092458,0.01384086,962393999.62,1704.2553
2318,6.3463,1.5667,1.5667,9323.76,46886563.38,3932071.49,246188716.17,270148573.38,516337289.55,33945.10,2.35729846,0.00064571,0.02066273,0.01291421,0.00092285,0.01383706,962425944.72,1704.4494
2319,6.3491,1.5665,1.5665,9341.48,46891074.88,3932206.49,246215235.88,270155988.57,516371224.45,33934.89,2.35658968,0.00064561,0.02065942,0.01291214,0.00092113,0.01383327,962457879.61,1704.6431
2320,6.3518,1.5663,1.5663,9359.24,46895585.75,3932341.46,246241747.19,270163401.95,516405149.13,33924.69,2.35588112,0.00064550,0.02065612,0.01291007,0.00091942,0.01382949,962489804.30,1704.8366
2321,6.3546,1.5661,1.5661,9377.03,46900095.98,3932476.40,246268250.11,270170813.52,516439063.62,33914.49,2.35517279,0.00064540,0.02065281,0.01290800,0.00091770,0.01382571,962521718.78,1705.0298
2322,6.3573,1.5658,1.5658,9394.85,46904605.58,3932611.31,246294744.64,270178223.27,516472967.91,33904.29,2.35446468,0.00064530,0.02064950,0.01290594,0.00091599,0.01382193,962553623.08,1705.2227
2323,6.3600,1.5656,1.5656,9412.71,46909114.54,3932746.19,246321230.79,270185631.22,516506862.01,33894.10,2.35375681,0.00064519,0.02064619,0.01290387,0.00091428,0.01381815,962585517.17,1705.4153
2324,6.3628,1.5654,1.5654,9430.60,46913622.87,3932881.04,246347708.56,270193037.36,516540745.92,33883.91,2.35304916,0.00064509,0.02064289,0.01290180,0.00091258,0.01381438,962617401.08,1705.6076
2325,6.3655,1.5652,1.5652,9448.53,46918130.56,3933015.85,246374177.96,270200441.68,516574619.64,33873.72,2.35234173,0.00064499,0.02063958,0.01289974,0.00091088,0.01381062,962649274.80,1705.7997
2326,6.3682,1.5650,1.5650,9466.49,46922637.63,3933150.64,246400638.97,270207844.20,516608483.18,33863.54,2.35163454,0.00064488,0.02063627,0.01289767,0.00090918,0.01380685,962681138.34,1705.9914
2327,6.3710,1.5647,1.5647,9484.48,46927144.06,3933285.40,246427091.62,270215244.92,516642336.53,33853.36,2.35092757,0.00064478,0.02063297,0.01289561,0.00090749,0.01380309,962712991.70,1706.1829
2328,6.3737,1.5645,1.5645,9502.51,46931649.85,3933420.12,246453535.89,270222643.82,516676179.71,33843.18,2.35022083,0.00064468,0.02062967,0.01289354,0.00090579,0.01379934,962744834.88,1706.3741
2329,6.3765,1.5643,1.5643,9520.57,46936155.02,3933554.81,246479971.80,270230040.92,516710012.72,33833.01,2.34951431,0.00064457,0.02062636,0.01289148,0.00090411,0.01379558,962776667.88,1706.5650
2330,6.3792,1.5641,1.5641,9538.67,46940659.55,3933689.47,246506399.34,270237436.22,516743835.56,33822.84,2.34880802,0.00064447,0.02062306,0.01288941,0.00090242,0.01379183,962808490.72,1706.7557
2331,6.3819,1.5639,1.5639,9556.80,46945163.44,3933824.11,246532818.52,270244829.70,516777648.22,33812.67,2.34810196,0.00064437,0.02061976,0.01288735,0.00090074,0.01378809,962840303.39,1706.9460
2332,6.3847,1.5636,1.5636,9574.97,46949666.71,3933958.71,246559229.34,270252221.39,516811450.73,33802.50,2.34739613,0.00064426,0.02061646,0.01288529,0.00089906,0.01378434,962872105.89,1707.1361
2333,6.3874,1.5634,1.5634,9593.17,46954169.34,3934093.28,246585631.80,270259611.27,516845243.07,33792.34,2.34669052,0.00064416,0.02061316,0.01288322,0.00089738,0.01378061,962903898.23,1707.3259
2334,6.3901,1.5632,1.5632,9611.40,46958671.34,3934227.82,246612025.91,270266999.35,516879025.26,33782.19,2.34598514,0.00064406,0.02060986,0.01288116,0.00089571,0.01377687,962935680.42,1707.5155
2335,6.3929,1.5630,1.5630,9629.67,46963172.70,3934362.32,246638411.67,270274385.62,516912797.29,33772.03,2.34527998,0.00064395,0.02060656,0.01287910,0.00089404,0.01377314,962967452.45,1707.7047
2336,6.3956,1.5628,1.5628,9647.98,46967673.44,3934496.80,246664789.08,270281770.10,516946559.17,33761.88,2.34457505,0.00064385,0.02060326,0.01287704,0.00089237,0.01376941,962999214.33,1707.8937
2337,6.3984,1.5625,1.5625,9666.32,46972173.54,3934631.25,246691158.14,270289152.77,516980310.90,33751.73,2.34387035,0.00064375,0.02059996,0.01287498,0.00089071,0.01376569,963030966.07,1708.0823
2338,6.4011,1.5623,1.5623,9684.69,46976673.01,3934765.66,246717518.85,270296533.64,517014052.49,33741.59,2.34316587,0.00064365,0.02059666,0.01287291,0.00088905,0.01376196,963062707.65,1708.2708
2339,6.4038,1.5621,1.5621,9703.10,46981171.84,3934900.05,246743871.23,270303912.71,517047783.94,33731.45,2.34246162,0.00064354,0.02059337,0.01287085,0.00088739,0.01375825,963094439.10,1708.4589
2340,6.4066,1.5619,1.5619,9721.55,46985670.05,3935034.40,246770215.27,270311289.98,517081505.25,33721.31,2.34175759,0.00064344,0.02059007,0.01286879,0.00088574,0.01375453,963126160.41,1708.6467
2341,6.4093,1.5617,1.5617,9740.02,46990167.62,3935168.72,246796550.97,270318665.45,517115216.42,33711.17,2.34105379,0.00064334,0.02058678,0.01286673,0.00088409,0.01375082,963157871.59,1708.8343
2342,6.4120,1.5614,1.5614,9758.54,46994664.56,3935303.02,246822878.34,270326039.13,517148917.47,33701.04,2.34035022,0.00064323,0.02058348,0.01286468,0.00088244,0.01374711,963189572.63,1709.0216
2343,6.4148,1.5612,1.5612,9777.09,46999160.87,3935437.28,246849197.38,270333411.00,517182608.38,33690.91,2.33964687,0.00064313,0.02058019,0.01286262,0.00088079,0.01374341,963221263.54,1709.2086
2344,6.4175,1.5610,1.5610,9795.67,47003656.54,3935571.51,246875508.09,270340781.08,517216289.17,33680.79,2.33894375,0.00064303,0.02057689,0.01286056,0.00087915,0.01373971,963252944.33,1709.3954
2345,6.4203,1.5608,1.5608,9814.29,47008151.59,3935705.71,246901810.48,270348149.36,517249959.84,33670.67,2.33824085,0.00064293,0.02057360,0.01285850,0.00087751,0.01373601,963284615.00,1709.5819
2346,6.4230,1.5606,1.5606,9832.95,47012646.00,3935839.88,246928104.54,270355515.85,517283620.39,33660.55,2.33753818,0.00064282,0.02057031,0.01285644,0.00087588,0.01373232,963316275.55,1709.7681
2347,6.4257,1.5603,1.5603,9851.64,47017139.78,3935974.02,246954390.28,270362880.54,517317270.82,33650.43,2.33683573,0.00064272,0.02056702,0.01285439,0.00087424,0.01372863,963347925.99,1709.9540
2348,6.4285,1.5601,1.5601,9870.37,47021632.93,3936108.13,246980667.71,270370243.44,517350911.15,33640.32,2.33613351,0.00064262,0.02056373,0.01285233,0.00087261,0.01372494,963379566.31,1710.1396
2349,6.4312,1.5599,1.5599,9889.13,47026125.45,3936242.20,247006936.82,270377604.54,517384541.36,33630.21,2.33543151,0.00064251,0.02056044,0.01285027,0.00087099,0.01372126,963411196.52,1710.3250
2350,6.4339,1.5597,1.5597,9907.92,47030617.34,3936376.25,247033197.62,270384963.85,517418161.47,33620.11,2.33472974,0.00064241,0.02055715,0.01284822,0.00086936,0.01371758,963442816.63,1710.5101
2351,6.4367,1.5595,1.5595,9926.76,47035108.60,3936510.27,247059450.10,270392321.37,517451771.47,33610.01,2.33402820,0.00064231,0.02055386,0.01284616,0.00086774,0.01371390,963474426.64,1710.6949
2352,6.4394,1.5592,1.5592,9945.63,47039599.22,3936644.25,247085694.29,270399677.09,517485371.38,33599.91,2.33332688,0.00064221,0.02055057,0.01284411,0.00086612,0.01371023,963506026.54,1710.8795
2353,6.4422,1.5590,1.5590,9964.53,47044089.21,3936778.21,247111930.16,270407031.03,517518961.19,33589.81,2.33262578,0.00064210,0.02054728,0.01284205,0.00086451,0.01370656,963537616.36,1711.0637
2354,6.4449,1.5588,1.5588,9983.47,47048578.58,3936912.13,247138157.74,270414383.17,517552540.91,33579.72,2.33192491,0.00064200,0.02054399,0.01284000,0.00086290,0.01370289,963569196.07,1711.2477
2355,6.4476,1.5586,1.5586,10002.45,47053067.31,3937046.02,247164377.02,270421733.52,517586110.54,33569.63,2.33122426,0.00064190,0.02054071,0.01283794,0.00086129,0.01369923,963600765.70,1711.4315
2356,6.4504,1.5584,1.5584,10021.46,47057555.41,3937179.89,247190588.00,270429082.08,517619670.08,33559.54,2.33052384,0.00064179,0.02053742,0.01283589,0.00085968,0.01369557,963632325.25,1711.6149
2357,6.4531,1.5581,1.5581,10040.51,47062042.88,3937313.72,247216790.69,270436428.86,517653219.54,33549.46,2.32982364,0.00064169,0.02053414,0.01283384,0.00085808,0.01369191,963663874.71,1711.7981
2358,6.4559,1.5579,1.5579,10059.60,47066529.72,3937447.52,247242985.08,270443773.84,517686758.93,33539.38,2.32912367,0.00064159,0.02053085,0.01283178,0.00085648,0.01368826,963695414.09,1711.9810
2359,6.4586,1.5577,1.5577,10078.72,47071015.93,3937581.29,247269171.19,270451117.04,517720288.23,33529.30,2.32842392,0.00064149,0.02052757,0.01282973,0.00085488,0.01368461,963726943.39,1712.1637
2360,6.4613,1.5575,1.5575,10097.88,47075501.51,3937715.03,247295349.01,270458458.45,517753807.46,33519.23,2.32772440,0.00064138,0.02052429,0.01282768,0.00085329,0.01368097,963758462.62,1712.3461
2361,6.4641,1.5573,1.5573,10117.07,47079986.46,3937848.74,247321518.55,270465798.07,517787316.62,33509.16,2.32702510,0.00064128,0.02052100,0.01282563,0.00085170,0.01367732,963789971.79,1712.5282
2362,6.4668,1.5571,1.5571,10136.30,47084470.78,3937982.42,247347679.81,270473135.91,517820815.72,33499.09,2.32632602,0.00064118,0.02051772,0.01282358,0.00085011,0.01367369,963821470.88,1712.7100
2363,6.4695,1.5568,1.5568,10155.57,47088954.47,3938116.07,247373832.79,270480471.96,517854304.75,33489.03,2.32562717,0.00064108,0.02051444,0.01282153,0.00084852,0.01367005,963852959.91,1712.8916
2364,6.4723,1.5566,1.5566,10174.87,47093437.53,3938249.69,247399977.49,270487806.23,517887783.72,33478.97,2.32492855,0.00064097,0.02051116,0.01281948,0.00084694,0.01366642,963884438.88,1713.0729
2365,6.4750,1.5564,1.5564,10194.22,47097919.96,3938383.27,247426113.93,270495138.71,517921252.63,33468.91,2.32423014,0.00064087,0.02050788,0.01281743,0.00084536,0.01366279,963915907.80,1713.2539
2366,6.4778,1.5562,1.5562,10213.59,47102401.75,3938516.83,247452242.09,270502469.41,517954711.49,33458.86,2.32353196,0.00064077,0.02050460,0.01281538,0.00084379,0.01365916,963947366.66,1713.4347
2367,6.4805,1.5560,1.5560,10233.01,47106882.92,3938650.36,247478361.98,270509798.32,517988160.30,33448.81,2.32283401,0.00064067,0.02050132,0.01281333,0.00084221,0.01365554,963978815.47,1713.6152
2368,6.4832,1.5557,1.5557,10252.46,47111363.46,3938783.85,247504473.61,270517125.45,518021599.07,33438.76,2.32213628,0.00064056,0.02049805,0.01281128,0.00084064,0.01365192,964010254.23,1713.7954
2369,6.4860,1.5555,1.5555,10271.95,47115843.37,3938917.32,247530576.98,270524450.81,518055027.78,33428.72,2.32143877,0.00064046,0.02049477,0.01280923,0.00083907,0.01364830,964041682.95,1713.9753
2370,6.4887,1.5553,1.5553,10291.47,47120322.65,3939050.75,247556672.09,270531774.38,518088446.46,33418.68,2.32074148,0.00064036,0.02049149,0.01280718,0.00083751,0.01364469,964073101.62,1714.1550
2371,6.4914,1.5551,1.5551,10311.03,47124801.30,3939184.16,247582758.94,270539096.16,518121855.10,33408.64,2.32004442,0.00064026,0.02048822,0.01280514,0.00083595,0.01364108,964104510.26,1714.3344
2372,6.4942,1.5549,1.5549,10330.63,47129279.33,3939317.53,247608837.53,270546416.17,518155253.71,33398.61,2.31934758,0.00064015,0.02048494,0.01280309,0.00083439,0.01363748,964135908.87,1714.5136
2373,6.4969,1.5547,1.5547,10350.27,47133756.72,3939450.88,247634907.88,270553734.40,518188642.28,33388.57,2.31865097,0.00064005,0.02048167,0.01280104,0.00083283,0.01363387,964167297.44,1714.6925
2374,6.4997,1.5544,1.5544,10369.95,47138233.48,3939584.19,247660969.97,270561050.85,518222020.83,33378.55,2.31795458,0.00063995,0.02047839,0.01279900,0.00083128,0.01363028,964198675.99,1714.8711
2375,6.5024,1.5542,1.5542,10389.66,47142709.61,3939717.47,247687023.82,270568365.53,518255389.35,33368.52,2.31725841,0.00063985,0.02047512,0.01279695,0.00082973,0.01362668,964230044.51,1715.0495
2376,6.5051,1.5540,1.5540,10409.41,47147185.12,3939850.72,247713069.42,270575678.42,518288747.85,33358.50,2.31656247,0.00063975,0.02047185,0.01279490,0.00082818,0.01362309,964261403.01,1715.2276
2377,6.5079,1.5538,1.5538,10429.19,47151660.00,3939983.95,247739106.79,270582989.54,518322096.33,33348.48,2.31586674,0.00063964,0.02046858,0.01279286,0.00082664,0.01361950,964292751.49,1715.4054
2378,6.5106,1.5536,1.5536,10449.02,47156134.24,3940117.14,247765135.91,270590298.88,518355434.79,33338.47,2.31517125,0.00063954,0.02046530,0.01279082,0.00082510,0.01361591,964324089.96,1715.5829
2379,6.5133,1.5533,1.5533,10468.88,47160607.86,3940250.30,247791156.80,270597606.45,518388763.25,33328.45,2.31447597,0.00063944,0.02046203,0.01278877,0.00082356,0.01361233,964355418.41,1715.7602
2380,6.5161,1.5531,1.5531,10488.78,47165080.85,3940383.43,247817169.45,270604912.24,518422081.69,33318.45,2.31378092,0.00063934,0.02045876,0.01278673,0.00082202,0.01360875,964386736.86,1715.9373
2381,6.5188,1.5529,1.5529,10508.72,47169553.21,3940516.53,247843173.88,270612216.26,518455390.13,33308.44,2.31308609,0.00063923,0.02045549,0.01278468,0.00082049,0.01360517,964418045.30,1716.1140
2382,6.5216,1.5527,1.5527,10528.69,47174024.95,3940649.60,247869170.07,270619518.50,518488688.57,33298.44,2.31239148,0.00063913,0.02045223,0.01278264,0.00081896,0.01360160,964449343.73,1716.2906
2383,6.5243,1.5525,1.5525,10548.70,47178496.05,3940782.64,247895158.04,270626818.97,518521977.01,33288.44,2.31169709,0.00063903,0.02044896,0.01278060,0.00081743,0.01359803,964480632.17,1716.4668
2384,6.5270,1.5522,1.5522,10568.76,47182966.53,3940915.65,247921137.79,270634117.66,518555255.45,33278.44,2.31100293,0.00063893,0.02044569,0.01277856,0.00081591,0.01359446,964511910.61,1716.6428
2385,6.5298,1.5520,1.5520,10588.85,47187436.38,3941048.62,247947109.31,270641414.59,518588523.90,33268.45,2.31030899,0.00063883,0.02044242,0.01277651,0.00081439,0.01359090,964543179.06,1716.8185
2386,6.5325,1.5518,1.5518,10608.97,47191905.60,3941181.57,247973072.62,270648709.74,518621782.36,33258.46,2.30961527,0.00063872,0.02043916,0.01277447,0.00081287,0.01358734,964574437.52,1716.9940
2387,6.5352,1.5516,1.5516,10629.14,47196374.19,3941314.49,247999027.71,270656003.12,518655030.83,33248.47,2.30892178,0.00063862,0.02043589,0.01277243,0.00081135,0.01358378,964605686.00,1717.1691
2388,6.5380,1.5514,1.5514,10649.34,47200842.15,3941447.38,248024974.59,270663294.73,518688269.32,33238.49,2.30822850,0.00063852,0.02043263,0.01277039,0.00080984,0.01358023,964636924.49,1717.3441
2389,6.5407,1.5512,1.5512,10669.59,47205309.49,3941580.24,248050913.26,270670584.57,518721497.83,33228.51,2.30753545,0.00063842,0.02042936,0.01276835,0.00080833,0.01357668,964668153.00,1717.5188
2390,6.5435,1.5509,1.5509,10689.87,47209776.20,3941713.06,248076843.72,270677872.64,518754716.37,33218.53,2.30684262,0.00063832,0.02042610,0.01276631,0.00080682,0.01357313,964699371.53,1717.6932
2391,6.5462,1.5507,1.5507,10710.19,47214242.28,3941845.86,248102765.98,270685158.95,518787924.93,33208.56,2.30615002,0.00063821,0.02042284,0.01276427,0.00080532,0.01356959,964730580.09,1717.8673
2392,6.5489,1.5505,1.5505,10730.54,47218707.73,3941978.63,248128680.03,270692443.48,518821123.52,33198.59,2.30545763,0.00063811,0.02041957,0.01276223,0.00080381,0.01356605,964761778.68,1718.0412
2393,6.5517,1.5503,1.5503,10750.94,47223172.56,3942111.36,248154585.89,270699726.25,518854312.14,33188.62,2.30476547,0.00063801,0.02041631,0.01276019,0.00080232,0.01356251,964792967.30,1718.2148
2394,6.5544,1.5501,1.5501,10771.38,47227636.75,3942244.07,248180483.55,270707007.25,518887490.80,33178.66,2.30407352,0.00063791,0.02041305,0.01275816,0.00080082,0.01355898,964824145.96,1718.3882
2395,6.5572,1.5499,1.5499,10791.85,47232100.33,3942376.74,248206373.01,270714286.49,518920659.50,33168.70,2.30338180,0.00063781,0.02040979,0.01275612,0.00079933,0.01355544,964855314.66,1718.5613
2396,6.5599,1.5496,1.5496,10812.37,47236563.27,3942509.39,248232254.28,270721563.96,518953818.24,33158.74,2.30269031,0.00063770,0.02040653,0.01275408,0.00079783,0.01355192,964886473.40,1718.7342
2397,6.5626,1.5494,1.5494,10832.92,47241025.59,3942642.00,248258127.36,270728839.66,518986967.02,33148.79,2.30199903,0.00063760,0.02040327,0.01275204,0.00079635,0.01354839,964917622.19,1718.9068
2398,6.5654,1.5492,1.5492,10853.51,47245487.28,3942774.59,248283992.26,270736113.60,519020105.86,33138.83,2.30130797,0.00063750,0.02040001,0.01275001,0.00079486,0.01354487,964948761.02,1719.0791
2399,6.5681,1.5490,1.5490,10874.14,47249948.34,3942907.14,248309848.97,270743385.78,519053234.75,33128.89,2.30061714,0.00063740,0.02039676,0.01274797,0.00079338,0.01354135,964979889.91,1719.2512
2400,6.5708,1.5488,1.5488,10894.81,47254408.77,3943039.67,248335697.50,270750656.19,519086353.69,33118.94,2.29992653,0.00063730,0.02039350,0.01274594,0.00079190,0.01353784,965011008.85,1719.4230
2401,6.5736,1.5485,1.5485,10915.52,47258868.58,3943172.16,248361537.85,270757924.84,519119462.69,33109.00,2.29923613,0.00063720,0.02039024,0.01274390,0.00079042,0.01353432,965042117.85,1719.5946
2402,6.5763,1.5483,1.5483,10936.27,47263327.77,3943304.63,248387370.02,270765191.73,519152561.75,33099.06,2.29854596,0.00063709,0.02038699,0.01274187,0.00078895,0.01353081,965073216.91,1719.7659
2403,6.5791,1.5481,1.5481,10957.06,47267786.32,3943437.06,248413194.02,270772456.86,519185650.88,33089.13,2.29785601,0.00063699,0.02038373,0.01273983,0.00078748,0.01352731,965104306.04,1719.9370
2404,6.5818,1.5479,1.5479,10977.88,47272244.25,3943569.46,248439009.85,270779720.22,519218730.07,33079.19,2.29716628,0.00063689,0.02038048,0.01273780,0.00078601,0.01352381,965135385.23,1720.1078
2405,6.5845,1.5477,1.5477,10998.75,47276701.55,3943701.84,248464817.51,270786981.83,519251799.34,33069.27,2.29647678,0.00063679,0.02037722,0.01273576,0.00078454,0.01352031,965166454.50,1720.2783
2406,6.5873,1.5475,1.5475,11019.66,47281158.23,3943834.18,248490617.00,270794241.67,519284858.68,33059.34,2.29578749,0.00063669,0.02037397,0.01273373,0.00078308,0.01351681,965197513.84,1720.4486
2407,6.5900,1.5472,1.5472,11040.60,47285614.28,3943966.49,248516408.33,270801499.76,519317908.09,33049.42,2.29509842,0.00063658,0.02037072,0.01273170,0.00078162,0.01351332,965228563.26,1720.6186
2408,6.5927,1.5470,1.5470,11061.59,47290069.70,3944098.78,248542191.50,270808756.09,519350947.59,33039.50,2.29440958,0.00063648,0.02036746,0.01272967,0.00078016,0.01350983,965259602.75,1720.7884
2409,6.5955,1.5468,1.5468,11082.62,47294524.50,3944231.03,248567966.51,270816010.66,519383977.17,33029.58,2.29372095,0.00063638,0.02036421,0.01272763,0.00077871,0.01350634,965290632.34,1720.9579
2410,6.5982,1.5466,1.5466,11103.68,47298978.67,3944363.25,248593733.37,270823263.48,519416996.84,33019.67,2.29303255,0.00063628,0.02036096,0.01272560,0.00077725,0.01350285,965321652.00,1721.1272
2411,6.6010,1.5464,1.5464,11124.79,47303432.22,3944495.45,248619492.07,270830514.53,519450006.60,33009.76,2.29234436,0.00063618,0.02035771,0.01272357,0.00077580,0.01349937,965352661.76,1721.2962
2412,6.6037,1.5462,1.5462,11145.94,47307885.14,3944627.61,248645242.62,270837763.83,519483006.45,32999.85,2.29165640,0.00063608,0.02035446,0.01272154,0.00077436,0.01349590,965383661.62,1721.4650
2413,6.6064,1.5459,1.5459,11167.12,47312337.44,3944759.74,248670985.02,270845011.38,519515996.40,32989.95,2.29096866,0.00063598,0.02035121,0.01271951,0.00077291,0.01349242,965414651.56,1721.6335
2414,6.6092,1.5457,1.5457,11188.35,47316789.10,3944891.84,248696719.28,270852257.17,519548976.45,32980.05,2.29028113,0.00063587,0.02034797,0.01271748,0.00077147,0.01348895,965445631.61,1721.8017
2415,6.6119,1.5455,1.5455,11209.62,47321240.15,3945023.92,248722445.40,270859501.21,519581946.60,32970.15,2.28959383,0.00063577,0.02034472,0.01271545,0.00077003,0.01348548,965476601.76,1721.9697
2416,6.6146,1.5453,1.5453,11230.92,47325690.57,3945155.96,248748163.37,270866743.49,519614906.86,32960.26,2.28890675,0.00063567,0.02034147,0.01271342,0.00076860,0.01348201,965507562.02,1722.1375
2417,6.6174,1.5451,1.5451,11252.27,47330140.36,3945287.97,248773873.21,270873984.02,519647857.22,32950.37,2.28821988,0.00063557,0.02033823,0.01271139,0.00076716,0.01347855,965538512.39,1722.3050
2418,6.6201,1.5448,1.5448,11273.66,47334589.53,3945419.95,248799574.91,270881222.80,519680797.70,32940.48,2.28753324,0.00063547,0.02033498,0.01270936,0.00076573,0.01347509,965569452.87,1722.4722
2419,6.6229,1.5446,1.5446,11295.09,47339038.07,3945551.91,248825268.48,270888459.82,519713728.30,32930.59,2.28684682,0.00063537,0.02033173,0.01270733,0.00076430,0.01347164,965600383.46,1722.6392
2420,6.6256,1.5444,1.5444,11316.56,47343485.98,3945683.83,248850953.92,270895695.09,519746649.01,32920.71,2.28616061,0.00063527,0.02032849,0.01270531,0.00076288,0.01346818,965631304.17,1722.8059
2421,6.6283,1.5442,1.5442,11338.07,47347933.28,3945815.72,248876631.23,270902928.62,519779559.84,32910.83,2.28547463,0.00063516,0.02032525,0.01270328,0.00076145,0.01346473,965662215.01,1722.9724
2422,6.6311,1.5440,1.5440,11359.62,47352379.94,3945947.58,248902300.41,270910160.39,519812460.80,32900.96,2.28478887,0.00063506,0.02032200,0.01270125,0.00076003,0.01346129,965693115.97,1723.1387
2423,6.6338,1.5438,1.5438,11381.22,47356825.99,3946079.41,248927961.48,270917390.41,519845351.89,32891.09,2.28410332,0.00063496,0.02031876,0.01269923,0.00075862,0.01345784,965724007.06,1723.3047
2424,6.6366,1.5435,1.5435,11402.85,47361271.40,3946211.22,248953614.42,270924618.69,519878233.11,32881.22,2.28341800,0.00063486,0.02031552,0.01269720,0.00075720,0.01345440,965754888.27,1723.4704
2425,6.6393,1.5433,1.5433,11424.53,47365716.20,3946342.99,248979259.25,270931845.21,519911104.47,32871.35,2.28273289,0.00063476,0.02031228,0.01269517,0.00075579,0.01345096,965785759.63,1723.6359
2426,6.6420,1.5431,1.5431,11446.24,47370160.36,3946474.73,249004895.96,270939069.99,519943965.96,32861.49,2.28204800,0.00063466,0.02030904,0.01269315,0.00075438,0.01344753,965816621.12,1723.8012
2427,6.6448,1.5429,1.5429,11468.00,47374603.91,3946606.44,249030524.57,270946293.02,519976817.59,32851.63,2.28136334,0.00063456,0.02030580,0.01269112,0.00075297,0.01344410,965847472.75,1723.9662
2428,6.6475,1.5427,1.5427,11489.80,47379046.83,3946738.13,249056145.06,270953514.31,520009659.36,32841.78,2.28067889,0.00063445,0.02030256,0.01268910,0.00075157,0.01344067,965878314.53,1724.1309
2429,6.6502,1.5425,1.5425,11511.64,47383489.12,3946869.78,249081757.44,270960733.85,520042491.29,32831.92,2.27999466,0.00063435,0.02029932,0.01268708,0.00075016,0.01343724,965909146.45,1724.2954
2430,6.6530,1.5422,1.5422,11533.52,47387930.79,3947001.40,249107361.72,270967951.64,520075313.36,32822.07,2.27931065,0.00063425,0.02029608,0.01268505,0.00074877,0.01343382,965939968.52,1724.4597
2431,6.6557,1.5420,1.5420,11555.44,47392371.84,3947132.99,249132957.90,270975167.69,520108125.59,32812.23,2.27862686,0.00063415,0.02029285,0.01268303,0.00074737,0.01343040,965970780.75,1724.6237
2432,6.6585,1.5418,1.5418,11577.41,47396812.26,3947264.56,249158545.98,270982381.99,520140927.97,32802.38,2.27794328,0.00063405,0.02028961,0.01268101,0.00074597,0.01342698,966001583.13,1724.7874
2433,6.6612,1.5416,1.5416,11599.42,47401252.06,3947396.09,249184125.96,270989594.55,520173720.51,32792.54,2.27725993,0.00063395,0.02028637,0.01267898,0.00074458,0.01342357,966032375.68,1724.9509
2434,6.6639,1.5414,1.5414,11621.46,47405691.23,3947527.59,249209697.85,270996805.37,520206503.22,32782.71,2.27657680,0.00063385,0.02028314,0.01267696,0.00074319,0.01342015,966063158.38,1725.1142
2435,6.6667,1.5412,1.5412,11643.55,47410129.79,3947659.07,249235261.65,271004014.44,520239276.09,32772.87,2.27589388,0.00063375,0.02027990,0.01267494,0.00074181,0.01341675,966093931.25,1725.2772
2436,6.6694,1.5409,1.5409,11665.69,47414567.71,3947790.51,249260817.36,271011221.77,520272039.13,32763.04,2.27521118,0.00063365,0.02027667,0.01267292,0.00074042,0.01341334,966124694.30,1725.4400
2437,6.6721,1.5407,1.5407,11687.86,47419005.02,3947921.92,249286364.98,271018427.37,520304792.35,32753.21,2.27452870,0.00063354,0.02027344,0.01267090,0.00073904,0.01340994,966155447.51,1725.6025
2438,6.6749,1.5405,1.5405,11710.08,47423441.70,3948053.31,249311904.52,271025631.22,520337535.73,32743.39,2.27384644,0.00063344,0.02027020,0.01266888,0.00073766,0.01340654,966186190.90,1725.7648
2439,6.6776,1.5403,1.5403,11732.34,47427877.75,3948184.66,249337435.98,271032833.33,520370269.30,32733.57,2.27316440,0.00063334,0.02026697,0.01266686,0.00073629,0.01340314,966216924.46,1725.9268
2440,6.6804,1.5401,1.5401,11754.64,47432313.19,3948315.98,249362959.35,271040033.70,520402993.05,32723.75,2.27248257,0.00063324,0.02026374,0.01266484,0.00073491,0.01339975,966247648.21,1726.0886
2441,6.6831,1.5399,1.5399,11776.98,47436748.00,3948447.28,249388474.66,271047232.33,520435706.98,32713.93,2.27180097,0.00063314,0.02026051,0.01266282,0.00073354,0.01339636,966278362.15,1726.2502
2442,6.6858,1.5396,1.5396,11799.37,47441182.18,3948578.54,249413981.88,271054429.22,520468411.11,32704.12,2.27111958,0.00063304,0.02025728,0.01266080,0.00073217,0.01339297,966309066.27,1726.4115
2443,6.6886,1.5394,1.5394,11821.80,47445615.75,3948709.78,249439481.04,271061624.38,520501105.42,32694.31,2.27043841,0.00063294,0.02025405,0.01265878,0.00073081,0.01338959,966339760.58,1726.5726
2444,6.6913,1.5392,1.5392,11844.27,47450048.69,3948840.98,249464972.13,271068817.80,520533789.93,32684.51,2.26975746,0.00063284,0.02025082,0.01265676,0.00072945,0.01338621,966370445.09,1726.7334
2445,6.6940,1.5390,1.5390,11866.78,47454481.01,3948972.16,249490455.15,271076009.48,520566464.63,32674.70,2.26907672,0.00063274,0.02024759,0.01265474,0.00072808,0.01338283,966401119.79,1726.8939
2446,6.6968,1.5388,1.5388,11889.34,47458912.70,3949103.30,249515930.11,271083199.42,520599129.54,32664.91,2.26839621,0.00063264,0.02024436,0.01265273,0.00072673,0.01337945,966431784.70,1727.0543
2447,6.6995,1.5386,1.5386,11911.94,47463343.77,3949234.42,249541397.01,271090387.63,520631784.65,32655.11,2.26771591,0.00063254,0.02024114,0.01265071,0.00072537,0.01337608,966462439.81,1727.2144
2448,6.7023,1.5384,1.5384,11934.58,47467774.22,3949365.50,249566855.85,271097574.11,520664429.96,32645.32,2.26703583,0.00063243,0.02023791,0.01264869,0.00072402,0.01337271,966493085.13,1727.3742
2449,6.7050,1.5381,1.5381,11957.27,47472204.05,3949496.56,249592306.64,271104758.85,520697065.49,32635.53,2.26635596,0.00063233,0.02023468,0.01264668,0.00072267,0.01336934,966523720.65,1727.5338
2450,6.7077,1.5379,1.5379,11980.00,47476633.25,3949627.58,249617749.37,271111941.86,520729691.23,32625.74,2.26567632,0.00063223,0.02023146,0.01264466,0.00072132,0.01336598,966554346.39,1727.6932
2451,6.7105,1.5377,1.5377,12002.77,47481061.84,3949758.58,249643184.05,271119123.13,520762307.18,32615.96,2.26499689,0.00063213,0.02022823,0.01264265,0.00071997,0.01336262,966584962.35,1727.8523
2452,6.7132,1.5375,1.5375,12025.58,47485489.80,3949889.55,249668610.68,271126302.67,520794913.36,32606.17,2.26431768,0.00063203,0.02022501,0.01264063,0.00071863,0.01335926,966615568.52,1728.0112
2453,6.7159,1.5373,1.5373,12048.44,47489917.13,3950020.48,249694029.27,271133480.48,520827509.75,32596.40,2.26363868,0.00063193,0.02022179,0.01263862,0.00071729,0.01335591,966646164.92,1728.1698
2454,6.7187,1.5371,1.5371,12071.34,47494343.85,3950151.39,249719439.81,271140656.56,520860096.38,32586.62,2.26295991,0.00063183,0.02021856,0.01263660,0.00071595,0.01335255,966676751.54,1728.3283
2455,6.7214,1.5368,1.5368,12094.29,47498769.94,3950282.27,249744842.32,271147830.91,520892673.23,32576.85,2.26228135,0.00063173,0.02021534,0.01263459,0.00071462,0.01334920,966707328.39,1728.4864
2456,6.7242,1.5366,1.5366,12117.28,47503195.41,3950413.12,249770236.78,271155003.53,520925240.31,32567.08,2.26160300,0.00063163,0.02021212,0.01263258,0.00071328,0.01334586,966737895.47,1728.6443
2457,6.7269,1.5364,1.5364,12140.31,47507620.26,3950543.93,249795623.22,271162174.41,520957797.63,32557.32,2.26092488,0.00063153,0.02020890,0.01263056,0.00071195,0.01334251,966768452.79,1728.8020
2458,6.7296,1.5362,1.5362,12163.39,47512044.49,3950674.72,249821001.61,271169343.57,520990345.19,32547.56,2.26024697,0.00063143,0.02020568,0.01262855,0.00071062,0.01333917,966799000.35,1728.9595
2459,6.7324,1.5360,1.5360,12186.51,47516468.10,3950805.48,249846371.98,271176511.00,521022882.98,32537.80,2.25956928,0.00063133,0.02020246,0.01262654,0.00070930,0.01333584,966829538.15,1729.1167
2460,6.7351,1.5358,1.5358,12209.67,47520891.08,3950936.21,249871734.32,271183676.70,521055411.03,32528.04,2.25889180,0.00063123,0.02019924,0.01262453,0.00070797,0.01333250,966860066.19,1729.2736
2461,6.7379,1.5355,1.5355,12232.88,47525313.45,3951066.91,249897088.64,271190840.68,521087929.31,32518.29,2.25821454,0.00063113,0.02019602,0.01262251,0.00070665,0.01332917,966890584.48,1729.4304
2462,6.7406,1.5353,1.5353,12256.14,47529735.19,3951197.58,249922434.93,271198002.93,521120437.85,32508.54,2.25753750,0.00063103,0.02019281,0.01262050,0.00070533,0.01332584,966921093.02,1729.5869
2463,6.7433,1.5351,1.5351,12279.43,47534156.31,3951328.22,249947773.20,271205163.45,521152936.65,32498.79,2.25686067,0.00063092,0.02018959,0.01261849,0.00070402,0.01332251,966951591.81,1729.7431
2464,6.7461,1.5349,1.5349,12302.77,47538576.81,3951458.83,249973103.45,271212322.25,521185425.70,32489.05,2.25618407,0.00063082,0.02018637,0.01261648,0.00070271,0.01331919,966982080.86,1729.8992
2465,6.7488,1.5347,1.5347,12326.16,47542996.68,3951589.41,249998425.69,271219479.32,521217905.01,32479.31,2.25550767,0.00063072,0.02018316,0.01261447,0.00070139,0.01331587,967012560.17,1730.0549
2466,6.7515,1.5345,1.5345,12349.59,47547415.94,3951719.96,250023739.92,271226634.66,521250374.58,32469.57,2.25483150,0.00063062,0.02017994,0.01261246,0.00070009,0.01331255,967043029.75,1730.2105
2467,6.7543,1.5342,1.5342,12373.06,47551834.58,3951850.49,250049046.14,271233788.29,521282834.42,32459.84,2.25415554,0.00063052,0.02017673,0.01261046,0.00069878,0.01330923,967073489.59,1730.3658
2468,6.7570,1.5340,1.5340,12396.58,47556252.59,3951980.98,250074344.35,271240940.19,521315284.53,32450.11,2.25347979,0.00063042,0.02017351,0.01260845,0.00069748,0.01330592,967103939.69,1730.5209
2469,6.7598,1.5338,1.5338,12420.15,47560669.99,3952111.44,250099634.55,271248090.36,521347724.91,32440.38,2.25280426,0.00063032,0.02017030,0.01260644,0.00069617,0.01330261,967134380.08,1730.6757
2470,6.7625,1.5336,1.5336,12443.76,47565086.76,3952241.87,250124916.75,271255238.82,521380155.57,32430.66,2.25212895,0.00063022,0.02016709,0.01260443,0.00069488,0.01329931,967164810.73,1730.8303
2471,6.7652,1.5334,1.5334,12467.41,47569502.91,3952372.28,250150190.96,271262385.55,521412576.51,32420.94,2.25145386,0.00063012,0.02016388,0.01260242,0.00069358,0.01329600,967195231.67,1730.9847
2472,6.7680,1.5332,1.5332,12491.11,47573918.44,3952502.65,250175457.16,271269530.56,521444987.72,32411.22,2.25077898,0.00063002,0.02016067,0.01260042,0.00069228,0.01329270,967225642.89,1731.1388
2473,6.7707,1.5330,1.5330,12514.85,47578333.36,3952633.00,250200715.37,271276673.85,521477389.23,32401.50,2.25010431,0.00062992,0.02015746,0.01259841,0.00069099,0.01328940,967256044.39,1731.2927
2474,6.7734,1.5327,1.5327,12538.64,47582747.65,3952763.31,250225965.59,271283815.43,521509781.02,32391.79,2.24942986,0.00062982,0.02015425,0.01259640,0.00068970,0.01328611,967286436.18,1731.4464
2475,6.7762,1.5325,1.5325,12562.47,47587161.32,3952893.60,250251207.82,271290955.28,521542163.10,32382.08,2.24875563,0.00062972,0.02015104,0.01259440,0.00068842,0.01328281,967316818.26,1731.5998
2476,6.7789,1.5323,1.5323,12586.35,47591574.37,3953023.85,250276442.06,271298093.41,521574535.47,32372.38,2.24808161,0.00062962,0.02014783,0.01259239,0.00068713,0.01327952,967347190.63,1731.7530
2477,6.7817,1.5321,1.5321,12610.28,47595986.80,3953154.08,250301668.31,271305229.83,521606898.14,32362.67,2.24740781,0.00062952,0.02014462,0.01259039,0.00068585,0.01327624,967377553.31,1731.9060
2478,6.7844,1.5319,1.5319,12634.25,47600398.61,3953284.28,250326886.59,271312364.53,521639251.12,32352.97,2.24673422,0.00062942,0.02014141,0.01258838,0.00068457,0.01327295,967407906.28,1732.0587
2479,6.7871,1.5317,1.5317,12658.26,47604809.80,3953414.45,250352096.88,271319497.51,521671594.39,32343.28,2.24606085,0.00062932,0.02013820,0.01258638,0.00068329,0.01326967,967438249.56,1732.2112
2480,6.7899,1.5314,1.5314,12682.32,47609220.37,3953544.58,250377299.20,271326628.78,521703927.98,32333.58,2.24538770,0.00062922,0.02013500,0.01258437,0.00068202,0.01326639,967468583.14,1732.3635
2481,6.7926,1.5312,1.5312,12706.43,47613630.32,3953674.69,250402493.54,271333758.32,521736251.87,32323.89,2.24471476,0.00062912,0.02013179,0.01258237,0.00068075,0.01326312,967498907.03,1732.5155
2482,6.7953,1.5310,1.5310,12730.58,47618039.65,3953804.77,250427679.91,271340886.16,521768566.07,32314.21,2.24404203,0.00062902,0.02012859,0.01258037,0.00067948,0.01325984,967529221.24,1732.6673
2483,6.7981,1.5308,1.5308,12754.78,47622448.37,3953934.82,250452858.32,271348012.28,521800870.59,32304.52,2.24336952,0.00062892,0.02012538,0.01257836,0.00067821,0.01325657,967559525.76,1732.8189
2484,6.8008,1.5306,1.5306,12779.03,47626856.46,3954064.84,250478028.75,271355136.68,521833165.43,32294.84,2.24269722,0.00062882,0.02012218,0.01257636,0.00067694,0.01325330,967589820.60,1732.9703
2485,6.8036,1.5304,1.5304,12803.32,47631263.93,3954194.83,250503191.22,271362259.38,521865450.60,32285.16,2.24202514,0.00062872,0.02011898,0.01257436,0.00067568,0.01325004,967620105.76,1733.1214
2486,6.8063,1.5302,1.5302,12827.66,47635670.78,3954324.79,250528345.73,271369380.36,521897726.08,32275.49,2.24135328,0.00062862,0.02011577,0.01257236,0.00067442,0.01324678,967650381.25,1733.2723
2487,6.8090,1.5299,1.5299,12852.04,47640077.02,3954454.73,250553492.28,271376499.62,521929991.90,32265.82,2.24068163,0.00062852,0.02011257,0.01257036,0.00067316,0.01324352,967680647.06,1733.4229
2488,6.8118,1.5297,1.5297,12876.47,47644482.63,3954584.63,250578630.87,271383617.18,521962248.05,32256.15,2.24001019,0.00062842,0.02010937,0.01256836,0.00067190,0.01324026,967710903.21,1733.5733
2489,6.8145,1.5295,1.5295,12900.95,47648887.63,3954714.50,250603761.51,271390733.02,521994494.53,32246.48,2.23933897,0.00062832,0.02010617,0.01256636,0.00067065,0.01323701,967741149.69,1733.7235
2490,6.8172,1.5293,1.5293,12925.47,47653292.01,3954844.35,250628884.19,271397847.15,522026731.35,32236.82,2.23866796,0.00062822,0.02010297,0.01256436,0.00066940,0.01323376,967771386.51,1733.8735
2491,6.8200,1.5291,1.5291,12950.04,47657695.76,3954974.16,250653998.93,271404959.58,522058958.51,32227.16,2.23799717,0.00062812,0.02009977,0.01256236,0.00066815,0.01323051,967801613.67,1734.0233
2492,6.8227,1.5289,1.5289,12974.65,47662098.90,3955103.95,250679105.72,271412070.29,522091176.01,32217.50,2.23732659,0.00062802,0.02009657,0.01256036,0.00066690,0.01322726,967831831.17,1734.1728
2493,6.8255,1.5287,1.5287,12999.32,47666501.42,3955233.70,250704204.56,271419179.30,522123383.86,32207.85,2.23665622,0.00062792,0.02009338,0.01255836,0.00066566,0.01322402,967862039.02,1734.3220
2494,6.8282,1.5284,1.5284,13024.03,47670903.33,3955363.43,250729295.47,271426286.59,522155582.06,32198.20,2.23598607,0.00062782,0.02009018,0.01255636,0.00066442,0.01322078,967892237.22,1734.4711
2495,6.8309,1.5282,1.5282,13048.78,47675304.61,3955493.13,250754378.43,271433392.18,522187770.61,32188.55,2.23531614,0.00062772,0.02008698,0.01255436,0.00066318,0.01321754,967922425.77,1734.6199
2496,6.8337,1.5280,1.5280,13073.59,47679705.27,3955622.80,250779453.46,271440496.06,522219949.52,32178.91,2.23464642,0.00062762,0.02008379,0.01255237,0.00066194,0.01321430,967952604.68,1734.7685
2497,6.8364,1.5278,1.5278,13098.44,47684105.32,3955752.44,250804520.55,271447598.24,522252118.79,32169.27,2.23397691,0.00062752,0.02008059,0.01255037,0.00066070,0.01321107,967982773.95,1734.9169
2498,6.8392,1.5276,1.5276,13123.33,47688504.75,3955882.04,250829579.71,271454698.71,522284278.41,32159.63,2.23330761,0.00062742,0.02007740,0.01254837,0.00065947,0.01320784,968012933.58,1735.0650
2499,6.8419,1.5274,1.5274,13148.28,47692903.56,3956011.62,250854630.94,271461797.47,522316428.41,32149.99,2.23263853,0.00062732,0.02007420,0.01254638,0.00065824,0.01320461,968043083.57,1735.2130
2500,6.8446,1.5271,1.5271,13173.27,47697301.75,3956141.18,250879674.25,271468894.53,522348568.77,32140.36,2.23196967,0.00062722,0.02007101,0.01254438,0.00065701,0.01320139,968073223.94,1735.3607
2501,6.8474,1.5269,1.5269,13198.31,47701699.33,3956270.70,250904709.63,271475989.88,522380699.51,32130.73,2.23130101,0.00062712,0.02006781,0.01254238,0.00065578,0.01319817,968103354.67,1735.5081
2502,6.8501,1.5267,1.5267,13223.40,47706096.28,3956400.19,250929737.09,271483083.53,522412820.62,32121.11,2.23063258,0.00062702,0.02006462,0.01254039,0.00065456,0.01319495,968133475.78,1735.6554
2503,6.8528,1.5265,1.5265,13248.54,47710492.62,3956529.65,250954756.63,271490175.48,522444932.10,32111.49,2.22996435,0.00062692,0.02006143,0.01253839,0.00065334,0.01319173,968163587.27,1735.8024
2504,6.8556,1.5263,1.5263,13273.72,47714888.34,3956659.09,250979768.25,271497265.72,522477033.97,32101.87,2.22929634,0.00062682,0.02005824,0.01253640,0.00065212,0.01318852,968193689.13,1735.9492
2505,6.8583,1.5261,1.5261,13298.95,47719283.44,3956788.49,251004771.96,271504354.26,522509126.22,32092.25,2.22862854,0.00062672,0.02005505,0.01253441,0.00065090,0.01318531,968223781.38,1736.0958
2506,6.8611,1.5259,1.5259,13324.23,47723677.93,3956917.87,251029767.75,271511441.10,522541208.86,32082.64,2.22796095,0.00062662,0.02005186,0.01253241,0.00064969,0.01318210,968253864.02,1736.2421
2507,6.8638,1.5256,1.5256,13349.56,47728071.79,3957047.21,251054755.64,271518526.24,522573281.89,32073.03,2.22729358,0.00062652,0.02004867,0.01253042,0.00064848,0.01317889,968283937.05,1736.3882
2508,6.8665,1.5254,1.5254,13374.93,47732465.04,3957176.53,251079735.62,271525609.68,522605345.31,32063.42,2.22662642,0.00062642,0.02004548,0.01252843,0.00064727,0.01317569,968314000.47,1736.5341
2509,6.8693,1.5252,1.5252,13400.36,47736857.68,3957305.82,251104707.70,271532691.42,522637399.12,32053.82,2.22595948,0.00062632,0.02004229,0.01252643,0.00064606,0.01317249,968344054.29,1736.6798
2510,6.8720,1.5250,1.5250,13425.83,47741249.69,3957435.08,251129671.88,271539771.46,522669443.34,32044.22,2.22529275,0.00062622,0.02003911,0.01252444,0.00064485,0.01316929,968374098.50,1736.8252
2511,6.8747,1.5248,1.5248,13451.35,47745641.09,3957564.31,251154628.15,271546849.81,522701477.96,32034.62,2.22462623,0.00062612,0.02003592,0.01252245,0.00064365,0.01316610,968404133.12,1736.9705
2512,6.8775,1.5246,1.5246,13476.92,47750031.87,3957693.51,251179576.53,271553926.45,522733502.98,32025.02,2.22395992,0.00062602,0.02003273,0.01252046,0.00064245,0.01316291,968434158.14,1737.1155
2513,6.8802,1.5244,1.5244,13502.53,47754422.04,3957822.68,251204517.02,271561001.39,522765518.41,32015.43,2.22329383,0.00062592,0.02002955,0.01251847,0.00064125,0.01315972,968464173.57,1737.2603
2514,6.8830,1.5241,1.5241,13528.20,47758811.58,3957951.82,251229449.61,271568074.64,522797524.25,32005.84,2.22262794,0.00062582,0.02002636,0.01251648,0.00064005,0.01315653,968494179.42,1737.4048
2515,6.8857,1.5239,1.5239,13553.91,47763200.51,3958080.93,251254374.31,271575146.20,522829520.51,31996.26,2.22196228,0.00062572,0.02002318,0.01251449,0.00063886,0.01315334,968524175.67,1737.5492
2516,6.8884,1.5237,1.5237,13579.68,47767588.83,3958210.02,251279291.13,271582216.05,522861507.18,31986.67,2.22129682,0.00062562,0.02002000,0.01251250,0.00063766,0.01315016,968554162.35,1737.6933
2517,6.8912,1.5235,1.5235,13605.49,47771976.53,3958339.07,251304200.06,271589284.21,522893484.28,31977.09,2.22063158,0.00062553,0.02001681,0.01251051,0.00063647,0.01314698,968584139.44,1737.8372
2518,6.8939,1.5233,1.5233,13631.35,47776363.61,3958468.10,251329101.12,271596350.68,522925451.80,31967.52,2.21996655,0.00062543,0.02001363,0.01250852,0.00063529,0.01314381,968614106.96,1737.9809
2519,6.8966,1.5231,1.5231,13657.26,47780750.07,3958597.09,251353994.29,271603415.45,522957409.74,31957.94,2.21930173,0.00062533,0.02001045,0.01250653,0.00063410,0.01314063,968644064.91,1738.1243
2520,6.8994,1.5229,1.5229,13683.22,47785135.92,3958726.06,251378879.58,271610478.53,522989358.12,31948.37,2.21863712,0.00062523,0.02000727,0.01250454,0.00063292,0.01313746,968674013.28,1738.2676
2521,6.9021,1.5226,1.5226,13709.23,47789521.15,3958855.00,251403757.01,271617539.92,523021296.92,31938.81,2.21797273,0.00062513,0.02000409,0.01250255,0.00063174,0.01313429,968703952.09,1738.4106
2522,6.9049,1.5224,1.5224,13735.29,47793905.77,3958983.91,251428626.56,271624599.61,523053226.17,31929.24,2.21730855,0.00062503,0.02000091,0.01250057,0.00063056,0.01313112,968733881.33,1738.5534
2523,6.9076,1.5222,1.5222,13761.40,47798289.76,3959112.79,251453488.24,271631657.61,523085145.85,31919.68,2.21664458,0.00062493,0.01999773,0.01249858,0.00062938,0.01312796,968763801.01,1738.6960
2524,6.9103,1.5220,1.5220,13787.56,47802673.15,3959241.64,251478342.05,271638713.92,523117055.97,31910.12,2.21598082,0.00062483,0.01999455,0.01249659,0.00062821,0.01312480,968793711.14,1738.8383
2525,6.9131,1.5218,1.5218,13813.77,47807055.91,3959370.46,251503188.00,271645768.54,523148956.54,31900.57,2.21531727,0.00062473,0.01999137,0.01249461,0.00062703,0.01312164,968823611.70,1738.9805
2526,6.9158,1.5216,1.5216,13840.03,47811438.07,3959499.25,251528026.09,271652821.47,523180847.56,31891.02,2.21465394,0.00062463,0.01998819,0.01249262,0.00062586,0.01311848,968853502.72,1739.1224
2527,6.9185,1.5214,1.5214,13866.33,47815819.60,3959628.02,251552856.31,271659872.71,523212729.03,31881.47,2.21399082,0.00062453,0.01998502,0.01249064,0.00062469,0.01311533,968883384.19,1739.2641
2528,6.9213,1.5212,1.5212,13892.69,47820200.52,3959756.75,251577678.69,271666922.26,523244600.95,31871.92,2.21332791,0.00062443,0.01998184,0.01248865,0.00062353,0.01311218,968913256.11,1739.4056
2529,6.9240,1.5209,1.5209,13919.10,47824580.83,3959885.46,251602493.20,271673970.12,523276463.33,31862.38,2.21266521,0.00062433,0.01997867,0.01248667,0.00062236,0.01310903,968943118.49,1739.5469
2530,6.9268,1.5207,1.5207,13945.56,47828960.51,3960014.14,251627299.87,271681016.30,523308316.17,31852.84,2.21200272,0.00062423,0.01997549,0.01248468,0.00062120,0.01310589,968972971.33,1739.6879
2531,6.9295,1.5205,1.5205,13972.06,47833339.59,3960142.78,251652098.68,271688060.79,523340159.47,31843.30,2.21134045,0.00062413,0.01997232,0.01248270,0.00062004,0.01310274,969002814.63,1739.8288
2532,6.9322,1.5203,1.5203,13998.62,47837718.04,3960271.40,251676889.65,271695103.59,523371993.24,31833.77,2.21067839,0.00062404,0.01996914,0.01248072,0.00061889,0.01309960,969032648.40,1739.9694
2533,6.9350,1.5201,1.5201,14025.23,47842095.89,3960399.99,251701672.78,271702144.70,523403817.48,31824.24,2.21001653,0.00062394,0.01996597,0.01247873,0.00061773,0.01309646,969062472.64,1740.1098
2534,6.9377,1.5199,1.5199,14051.89,47846473.11,3960528.55,251726448.06,271709184.13,523435632.19,31814.71,2.20935489,0.00062384,0.01996280,0.01247675,0.00061658,0.01309333,969092287.35,1740.2500
2535,6.9405,1.5197,1.5197,14078.60,47850849.73,3960657.09,251751215.50,271716221.87,523467437.37,31805.19,2.20869346,0.00062374,0.01995963,0.01247477,0.00061543,0.01309019,969122092.53,1740.3900
2536,6.9432,1.5194,1.5194,14105.36,47855225.72,3960785.59,251775975.11,271723257.93,523499233.04,31795.66,2.20803224,0.00062364,0.01995646,0.01247279,0.00061428,0.01308706,969151888.20,1740.5297
2537,6.9459,1.5192,1.5192,14132.18,47859601.11,3960914.06,251800726.88,271730292.30,523531019.18,31786.15,2.20737124,0.00062354,0.01995329,0.01247080,0.00061313,0.01308394,969181674.34,1740.6693
2538,6.9487,1.5190,1.5190,14159.04,47863975.87,3961042.51,251825470.82,271737324.99,523562795.81,31776.63,2.20671044,0.00062344,0.01995012,0.01246882,0.00061199,0.01308081,969211450.98,1740.8086
2539,6.9514,1.5188,1.5188,14185.95,47868350.03,3961170.92,251850206.93,271744356.00,523594562.93,31767.12,2.20604985,0.00062334,0.01994695,0.01246684,0.00061085,0.01307769,969241218.09,1740.9477
2540,6.9541,1.5186,1.5186,14212.92,47872723.57,3961299.31,251874935.21,271751385.32,523626320.54,31757.61,2.20538948,0.00062324,0.01994378,0.01246486,0.00060971,0.01307457,969270975.70,1741.0866
2541,6.9569,1.5184,1.5184,14239.93,47877096.49,3961427.67,251899655.67,271758412.97,523658068.64,31748.10,2.20472931,0.00062314,0.01994061,0.01246288,0.00060857,0.01307145,969300723.80,1741.2253
2542,6.9596,1.5182,1.5182,14267.00,47881468.80,3961556.00,251924368.31,271765438.93,523689807.24,31738.60,2.20406936,0.00062305,0.01993744,0.01246090,0.00060743,0.01306833,969330462.40,1741.3638
2543,6.9624,1.5179,1.5179,14294.12,47885840.49,3961684.30,251949073.13,271772463.21,523721536.34,31729.10,2.20340962,0.00062295,0.01993428,0.01245892,0.00060630,0.01306522,969360191.50,1741.5020
2544,6.9651,1.5177,1.5177,14321.29,47890211.57,3961812.57,251973770.13,271779485.81,523753255.94,31719.60,2.20275009,0.00062285,0.01993111,0.01245694,0.00060517,0.01306211,969389911.10,1741.6401
2545,6.9678,1.5175,1.5175,14348.51,47894582.04,3961940.81,251998459.31,271786506.74,523784966.05,31710.11,2.20209076,0.00062275,0.01992794,0.01245497,0.00060404,0.01305900,969419621.21,1741.7779
2546,6.9706,1.5173,1.5173,14375.79,47898951.89,3962069.03,252023140.68,271793525.98,523816666.66,31700.62,2.20143165,0.00062265,0.01992478,0.01245299,0.00060291,0.01305590,969449321.83,1741.9155
2547,6.9733,1.5171,1.5171,14403.11,47903321.13,3962197.21,252047814.25,271800543.54,523848357.79,31691.13,2.20077275,0.00062255,0.01992162,0.01245101,0.00060178,0.01305279,969479012.95,1742.0530
2548,6.9760,1.5169,1.5169,14430.49,47907689.75,3962325.37,252072480.00,271807559.43,523880039.43,31681.64,2.20011406,0.00062245,0.01991845,0.01244903,0.00060066,0.01304969,969508694.60,1742.1902
2549,6.9788,1.5167,1.5167,14457.92,47912057.76,3962453.50,252097137.95,271814573.64,523911711.59,31672.16,2.19945558,0.00062235,0.01991529,0.01244706,0.00059954,0.01304659,969538366.76,1742.3271
2550,6.9815,1.5165,1.5165,14485.41,47916425.16,3962581.60,252121788.10,271821586.17,523943374.27,31662.68,2.19879731,0.00062225,0.01991213,0.01244508,0.00059842,0.01304350,969568029.44,1742.4639
2551,6.9843,1.5162,1.5162,14512.94,47920791.94,3962709.67,252146430.45,271828597.03,523975027.48,31653.21,2.19813925,0.00062216,0.01990897,0.01244310,0.00059730,0.01304041,969597682.64,1742.6005
2552,6.9870,1.5160,1.5160,14540.53,47925158.11,3962837.71,252171065.00,271835606.21,524006671.21,31643.73,2.19748140,0.00062206,0.01990580,0.01244113,0.00059619,0.01303731,969627326.37,1742.7368
2553,6.9897,1.5158,1.5158,14568.17,47929523.67,3962965.72,252195691.76,271842613.71,524038305.47,31634.26,2.19682376,0.00062196,0.01990264,0.01243915,0.00059507,0.01303423,969656960.64,1742.8730
2554,6.9925,1.5156,1.5156,14595.86,47933888.61,3963093.70,252220310.73,271849619.54,524069930.27,31624.80,2.19616633,0.00062186,0.01989948,0.01243718,0.00059396,0.01303114,969686585.43,1743.0089
2555,6.9952,1.5154,1.5154,14623.60,47938252.94,3963221.66,252244921.90,271856623.70,524101545.60,31615.33,2.19550911,0.00062176,0.01989632,0.01243520,0.00059285,0.01302806,969716200.76,1743.1447
2556,6.9979,1.5152,1.5152,14651.40,47942616.65,3963349.58,252269525.29,271863626.18,524133151.47,31605.87,2.19485210,0.00062166,0.01989317,0.01243323,0.00059175,0.01302498,969745806.63,1743.2802
2557,7.0007,1.5150,1.5150,14679.25,47946979.76,3963477.48,252294120.89,271870626.99,524164747.88,31596.41,2.19419530,0.00062156,0.01989001,0.01243125,0.00059064,0.01302190,969775403.05,1743.4155
2558,7.0034,1.5148,1.5148,14707.15,47951342.25,3963605.35,252318708.71,271877626.13,524196334.84,31586.96,2.19353871,0.00062146,0.01988685,0.01242928,0.00058954,0.01301882,969804990.00,1743.5506
2559,7.0062,1.5145,1.5145,14735.11,47955704.12,3963733.19,252343288.75,271884623.60,524227912.35,31577.51,2.19288233,0.00062137,0.01988369,0.01242731,0.00058844,0.01301575,969834567.51,1743.6855
2560,7.0089,1.5143,1.5143,14763.12,47960065.39,3963861.00,252367861.01,271891619.39,524259480.40,31568.06,2.19222615,0.00062127,0.01988054,0.01242534,0.00058734,0.01301268,969864135.56,1743.8201
2561,7.0116,1.5141,1.5141,14791.18,47964426.04,3963988.78,252392425.49,271898613.52,524291039.01,31558.61,2.19157019,0.00062117,0.01987738,0.01242336,0.00058625,0.01300961,969893694.18,1743.9546
2562,7.0144,1.5139,1.5139,14819.29,47968786.07,3964116.53,252416982.21,271905605.97,524322588.18,31549.17,2.19091444,0.00062107,0.01987423,0.01242139,0.00058515,0.01300654,969923243.34,1744.0889
2563,7.0171,1.5137,1.5137,14847.46,47973145.50,3964244.26,252441531.15,271912596.76,524354127.91,31539.73,2.19025889,0.00062097,0.01987107,0.01241942,0.00058406,0.01300348,969952783.07,1744.2229
2564,7.0198,1.5135,1.5135,14875.69,47977504.31,3964371.96,252466072.33,271919585.87,524385658.20,31530.29,2.18960356,0.00062087,0.01986792,0.01241745,0.00058297,0.01300042,969982313.36,1744.3568
2565,7.0226,1.5133,1.5133,14903.96,47981862.51,3964499.62,252490605.74,271926573.32,524417179.06,31520.86,2.18894843,0.00062077,0.01986477,0.01241548,0.00058188,0.01299736,970011834.22,1744.4904
2566,7.0253,1.5131,1.5131,14932.29,47986220.10,3964627.26,252515131.38,271933559.10,524448690.48,31511.43,2.18829351,0.00062068,0.01986161,0.01241351,0.00058079,0.01299430,970041345.65,1744.6239
2567,7.0281,1.5128,1.5128,14960.68,47990577.07,3964754.87,252539649.27,271940543.21,524480192.48,31502.00,2.18763880,0.00062058,0.01985846,0.01241154,0.00057971,0.01299125,970070847.65,1744.7571
2568,7.0308,1.5126,1.5126,14989.11,47994933.44,3964882.45,252564159.40,271947525.66,524511685.06,31492.57,2.18698430,0.00062048,0.01985531,0.01240957,0.00057863,0.01298820,970100340.22,1744.8901
2569,7.0335,1.5124,1.5124,15017.61,47999289.19,3965010.01,252588661.77,271954506.44,524543168.21,31483.15,2.18633001,0.00062038,0.01985216,0.01240760,0.00057755,0.01298515,970129823.37,1745.0229
2570,7.0363,1.5122,1.5122,15046.15,48003644.33,3965137.53,252613156.39,271961485.55,524574641.94,31473.73,2.18567593,0.00062028,0.01984901,0.01240563,0.00057647,0.01298210,970159297.10,1745.1556
2571,7.0390,1.5120,1.5120,15074.75,48007998.85,3965265.02,252637643.26,271968463.00,524606106.26,31464.32,2.18502206,0.00062018,0.01984586,0.01240366,0.00057539,0.01297906,970188761.42,1745.2880
2572,7.0418,1.5118,1.5118,15103.41,48012352.77,3965392.49,252662122.38,271975438.78,524637561.16,31454.90,2.18436839,0.00062008,0.01984271,0.01240169,0.00057432,0.01297601,970218216.33,1745.4202
2573,7.0445,1.5116,1.5116,15132.12,48016706.07,3965519.93,252686593.76,271982412.90,524669006.66,31445.50,2.18371494,0.00061999,0.01983956,0.01239973,0.00057325,0.01297297,970247661.82,1745.5522
2574,7.0472,1.5114,1.5114,15160.88,48021058.76,3965647.34,252711057.39,271989385.36,524700442.75,31436.09,2.18306169,0.00061989,0.01983642,0.01239776,0.00057218,0.01296994,970277097.91,1745.6840
2575,7.0500,1.5111,1.5111,15189.70,48025410.84,3965774.72,252735513.28,271996356.15,524731869.43,31426.68,2.18240865,0.00061979,0.01983327,0.01239579,0.00057111,0.01296690,970306524.60,1745.8156
2576,7.0527,1.5109,1.5109,15218.57,48029762.31,3965902.07,252759961.44,272003325.28,524763286.72,31417.28,2.18175582,0.00061969,0.01983012,0.01239383,0.00057004,0.01296387,970335941.88,1745.9469
2577,7.0554,1.5107,1.5107,15247.50,48034113.17,3966029.40,252784401.85,272010292.75,524794694.60,31407.89,2.18110319,0.00061959,0.01982698,0.01239186,0.00056898,0.01296084,970365349.77,1746.0781
2578,7.0582,1.5105,1.5105,15276.48,48038463.41,3966156.69,252808834.54,272017258.56,524826093.09,31398.49,2.18045078,0.00061949,0.01982383,0.01238990,0.00056791,0.01295781,970394748.26,1746.2091
2579,7.0609,1.5103,1.5103,15305.52,48042813.05,3966283.96,252833259.49,272024222.70,524857482.19,31389.10,2.17979857,0.00061940,0.01982069,0.01238793,0.00056685,0.01295478,970424137.36,1746.3399
2580,7.0637,1.5101,1.5101,15334.61,48047162.07,3966411.20,252857676.71,272031185.19,524888861.90,31379.71,2.17914657,0.00061930,0.01981754,0.01238596,0.00056580,0.01295176,970453517.07,1746.4705
2581,7.0664,1.5099,1.5099,15363.76,48051510.48,3966538.41,252882086.21,272038146.02,524920232.23,31370.32,2.17849478,0.00061920,0.01981440,0.01238400,0.00056474,0.01294874,970482887.39,1746.6008
2582,7.0691,1.5097,1.5097,15392.97,48055858.28,3966665.59,252906487.99,272045105.18,524951593.17,31360.94,2.17784320,0.00061910,0.01981126,0.01238204,0.00056369,0.01294572,970512248.33,1746.7310
2583,7.0719,1.5094,1.5094,15422.23,48060205.47,3966792.74,252930882.04,272052062.69,524982944.73,31351.56,2.17719182,0.00061900,0.01980812,0.01238007,0.00056263,0.01294271,970541599.90,1746.8610
2584,7.0746,1.5092,1.5092,15451.54,48064552.05,3966919.86,252955268.37,272059018.54,525014286.92,31342.19,2.17654065,0.00061891,0.01980497,0.01237811,0.00056158,0.01293969,970570942.08,1746.9907
2585,7.0773,1.5090,1.5090,15480.91,48068898.02,3967046.96,252979646.99,272065972.74,525045619.73,31332.81,2.17588969,0.00061881,0.01980183,0.01237615,0.00056053,0.01293668,970600274.89,1747.1203
2586,7.0801,1.5088,1.5088,15510.34,48073243.37,3967174.02,253004017.90,272072925.28,525076943.17,31323.44,2.17523894,0.00061871,0.01979869,0.01237418,0.00055949,0.01293367,970629598.33,1747.2497
2587,7.0828,1.5086,1.5086,15539.82,48077588.12,3967301.06,253028381.09,272079876.16,525108257.24,31314.07,2.17458840,0.00061861,0.01979555,0.01237222,0.00055844,0.01293066,970658912.41,1747.3788
2588,7.0856,1.5084,1.5084,15569.36,48081932.26,3967428.07,253052736.57,272086825.38,525139561.95,31304.71,2.17393806,0.00061851,0.01979242,0.01237026,0.00055740,0.01292766,970688217.11,1747.5078
2589,7.0883,1.5082,1.5082,15598.95,48086275.78,3967555.05,253077084.35,272093772.95,525170857.30,31295.35,2.17328793,0.00061841,0.01978928,0.01236830,0.00055636,0.01292466,970717512.46,1747.6366
2590,7.0910,1.5080,1.5080,15628.61,48090618.70,3967682.01,253101424.42,272100718.86,525202143.28,31285.99,2.17263801,0.00061832,0.01978614,0.01236634,0.00055532,0.01292166,970746798.45,1747.7651
2591,7.0938,1.5077,1.5077,15658.31,48094961.00,3967808.93,253125756.79,272107663.12,525233419.92,31276.63,2.17198829,0.00061822,0.01978300,0.01236438,0.00055428,0.01291866,970776075.08,1747.8935
2592,7.0965,1.5075,1.5075,15688.08,48099302.70,3967935.83,253150081.46,272114605.73,525264687.19,31267.28,2.17133878,0.00061812,0.01977987,0.01236242,0.00055325,0.01291567,970805342.36,1748.0217
2593,7.0992,1.5073,1.5073,15717.90,48103643.78,3968062.69,253174398.44,272121546.69,525295945.12,31257.93,2.17068948,0.00061802,0.01977673,0.01236046,0.00055222,0.01291267,970834600.29,1748.1496
2594,7.1020,1.5071,1.5071,15747.77,48107984.26,3968189.53,253198707.72,272128485.99,525327193.70,31248.58,2.17004039,0.00061792,0.01977360,0.01235850,0.00055119,0.01290968,970863848.87,1748.2774
2595,7.1047,1.5069,1.5069,15777.71,48112324.12,3968316.34,253223009.31,272135423.64,525358432.94,31239.24,2.16939150,0.00061783,0.01977046,0.01235654,0.00055016,0.01290669,970893088.11,1748.4050
2596,7.1075,1.5067,1.5067,15807.70,48116663.38,3968443.13,253247303.21,272142359.63,525389662.84,31229.90,2.16874282,0.00061773,0.01976733,0.01235458,0.00054913,0.01290371,970922318.00,1748.5323
2597,7.1102,1.5065,1.5065,15837.75,48121002.02,3968569.88,253271589.42,272149293.98,525420883.40,31220.56,2.16809434,0.00061763,0.01976419,0.01235262,0.00054810,0.01290072,970951538.56,1748.6595
2598,7.1129,1.5063,1.5063,15867.85,48125340.06,3968696.61,253295867.94,272156226.68,525452094.62,31211.22,2.16744608,0.00061753,0.01976106,0.01235066,0.00054708,0.01289774,970980749.78,1748.7865
2599,7.1157,1.5061,1.5061,15898.01,48129677.48,3968823.30,253320138.79,272163157.72,525483296.51,31201.89,2.16679802,0.00061744,0.01975793,0.01234871,0.00054606,0.01289476,971009951.68,1748.9132
2600,7.1184,1.5058,1.5058,15928.23,48134014.30,3968949.97,253344401.95,272170087.12,525514489.07,31192.56,2.16615016,0.00061734,0.01975480,0.01234675,0.00054504,0.01289179,971039144.24,1749.0398
2601,7.1211,1.5056,1.5056,15958.51,48138350.51,3969076.61,253368657.44,272177014.87,525545672.31,31183.24,2.16550252,0.00061724,0.01975167,0.01234479,0.00054402,0.01288881,971068327.47,1749.1662
2602,7.1239,1.5054,1.5054,15988.85,48142686.11,3969203.22,253392905.25,272183940.97,525576846.22,31173.91,2.16485507,0.00061714,0.01974854,0.01234283,0.00054301,0.01288584,971097501.39,1749.2924
2603,7.1266,1.5052,1.5052,16019.24,48147021.09,3969329.81,253417145.39,272190865.42,525608010.82,31164.59,2.16420784,0.00061704,0.01974541,0.01234088,0.00054199,0.01288287,971126665.98,1749.4184
2604,7.1294,1.5050,1.5050,16049.69,48151355.47,3969456.36,253441377.86,272197788.23,525639166.09,31155.28,2.16356081,0.00061695,0.01974228,0.01233892,0.00054098,0.01287990,971155821.26,1749.5442
2605,7.1321,1.5048,1.5048,16080.20,48155689.24,3969582.89,253465602.67,272204709.39,525670312.05,31145.96,2.16291399,0.00061685,0.01973915,0.01233697,0.00053997,0.01287694,971184967.22,1749.6698
2606,7.1348,1.5046,1.5046,16110.76,48160022.41,3969709.39,253489819.80,272211628.90,525701448.70,31136.65,2.16226737,0.00061675,0.01973602,0.01233501,0.00053896,0.01287397,971214103.87,1749.7952
2607,7.1376,1.5044,1.5044,16141.39,48164354.96,3969835.86,253514029.28,272218546.77,525732576.05,31127.34,2.16162096,0.00061665,0.01973289,0.01233306,0.00053795,0.01287101,971243231.21,1749.9204
2608,7.1403,1.5041,1.5041,16172.07,48168686.90,3969962.30,253538231.09,272225462.99,525763694.08,31118.04,2.16097476,0.00061656,0.01972977,0.01233110,0.00053695,0.01286805,971272349.25,1750.0454
2609,7.1431,1.5039,1.5039,16202.81,48173018.24,3970088.71,253562425.25,272232377.57,525794802.82,31108.73,2.16032876,0.00061646,0.01972664,0.01232915,0.00053595,0.01286510,971301457.98,1750.1702
2610,7.1458,1.5037,1.5037,16233.61,48177348.96,3970215.10,253586611.75,272239290.50,525825902.25,31099.43,2.15968297,0.00061636,0.01972352,0.01232720,0.00053495,0.01286214,971330557.41,1750.2948
2611,7.1485,1.5035,1.5035,16264.46,48181679.08,3970341.46,253610790.60,272246201.79,525856992.39,31090.14,2.15903738,0.00061626,0.01972039,0.01232524,0.00053395,0.01285919,971359647.55,1750.4193
2612,7.1513,1.5033,1.5033,16295.38,48186008.59,3970467.78,253634961.79,272253111.44,525888073.23,31080.84,2.15839200,0.00061616,0.01971727,0.01232329,0.00053295,0.01285624,971388728.40,1750.5435
2613,7.1540,1.5031,1.5031,16326.36,48190337.49,3970594.08,253659125.34,272260019.45,525919144.79,31071.55,2.15774683,0.00061607,0.01971414,0.01232134,0.00053196,0.01285329,971417799.95,1750.6676
2614,7.1567,1.5029,1.5029,16357.39,48194665.78,3970720.36,253683281.24,272266925.81,525950207.06,31062.27,2.15710186,0.00061597,0.01971102,0.01231939,0.00053096,0.01285035,971446862.22,1750.7914
2615,7.1595,1.5027,1.5027,16388.48,48198993.47,3970846.60,253707429.50,272273830.54,525981260.04,31052.98,2.15645710,0.00061587,0.01970790,0.01231744,0.00052997,0.01284741,971475915.20,1750.9151
2616,7.1622,1.5025,1.5025,16419.63,48203320.55,3970972.82,253731570.12,272280733.62,526012303.74,31043.70,2.15581254,0.00061577,0.01970478,0.01231549,0.00052898,0.01284447,971504958.90,1751.0385
2617,7.1650,1.5022,1.5022,16450.84,48207647.01,3971099.00,253755703.10,272287635.06,526043338.16,31034.42,2.15516819,0.00061568,0.01970166,0.01231353,0.00052799,0.01284153,971533993.32,1751.1618
2618,7.1677,1.5020,1.5020,16482.12,48211972.87,3971225.16,253779828.44,272294534.87,526074363.31,31025.15,2.15452404,0.00061558,0.01969853,0.01231158,0.00052701,0.01283859,971563018.47,1751.2849
2619,7.1704,1.5018,1.5018,16513.45,48216298.13,3971351.29,253803946.15,272301433.03,526105379.18,31015.87,2.15388010,0.00061548,0.01969541,0.01230963,0.00052602,0.01283566,971592034.34,1751.4078
2620,7.1732,1.5016,1.5016,16544.83,48220622.77,3971477.40,253828056.23,272308329.56,526136385.78,31006.60,2.15323636,0.00061538,0.01969230,0.01230768,0.00052504,0.01283273,971621040.95,1751.5305
2621,7.1759,1.5014,1.5014,16576.28,48224946.81,3971603.47,253852158.68,272315224.44,526167383.12,30997.34,2.15259283,0.00061529,0.01968918,0.01230574,0.00052406,0.01282980,971650038.28,1751.6530
2622,7.1786,1.5012,1.5012,16607.79,48229270.24,3971729.52,253876253.50,272322117.69,526198371.19,30988.07,2.15194950,0.00061519,0.01968606,0.01230379,0.00052308,0.01282687,971679026.36,1751.7753
2623,7.1814,1.5010,1.5010,16639.36,48233593.06,3971855.54,253900340.70,272329009.31,526229350.01,30978.81,2.15130638,0.00061509,0.01968294,0.01230184,0.00052210,0.01282394,971708005.17,1751.8974
2624,7.1841,1.5008,1.5008,16670.99,48237915.27,3971981.53,253924420.27,272335899.28,526260319.56,30969.55,2.15066346,0.00061499,0.01967982,0.01229989,0.00052113,0.01282102,971736974.72,1752.0193
2625,7.1869,1.5006,1.5006,16702.68,48242236.88,3972107.49,253948492.23,272342787.63,526291279.86,30960.30,2.15002075,0.00061490,0.01967671,0.01229794,0.00052016,0.01281810,971765935.02,1752.1411
2626,7.1896,1.5003,1.5003,16734.43,48246557.88,3972233.42,253972556.57,272349674.33,526322230.90,30951.05,2.14937824,0.00061480,0.01967359,0.01229600,0.00051919,0.01281518,971794886.07,1752.2626
2627,7.1923,1.5001,1.5001,16766.24,48250878.27,3972359.33,253996613.30,272356559.40,526353172.70,30941.80,2.14873594,0.00061470,0.01967048,0.01229405,0.00051822,0.01281226,971823827.86,1752.3840
2628,7.1951,1.4999,1.4999,16798.11,48255198.06,3972485.20,254020662.41,272363442.84,526384105.25,30932.55,2.14809384,0.00061461,0.01966736,0.01229210,0.00051725,0.01280935,971852760.42,1752.5051
2629,7.1978,1.4997,1.4997,16830.04,48259517.24,3972611.05,254044703.92,272370324.64,526415028.56,30923.31,2.14745195,0.00061451,0.01966425,0.01229016,0.00051628,0.01280644,971881683.72,1752.6261
2630,7.2005,1.4995,1.4995,16862.03,48263835.81,3972736.87,254068737.81,272377204.82,526445942.63,30914.07,2.14681026,0.00061441,0.01966114,0.01228821,0.00051532,0.01280353,971910597.79,1752.7469
2631,7.2033,1.4993,1.4993,16894.08,48268153.77,3972862.67,254092764.11,272384083.35,526476847.46,30904.83,2.14616877,0.00061431,0.01965802,0.01228626,0.00051436,0.01280062,971939502.62,1752.8675
2632,7.2060,1.4991,1.4991,16926.19,48272471.13,3972988.43,254116782.80,272390960.26,526507743.06,30895.60,2.14552749,0.00061422,0.01965491,0.01228432,0.00051339,0.01279771,971968398.22,1752.9879
2633,7.2088,1.4989,1.4989,16958.37,48276787.88,3973114.17,254140793.88,272397835.53,526538629.42,30886.36,2.14488642,0.00061412,0.01965180,0.01228238,0.00051244,0.01279481,971997284.58,1753.1082
2634,7.2115,1.4987,1.4987,16990.60,48281104.03,3973239.88,254164797.38,272404709.18,526569506.56,30877.14,2.14424554,0.00061402,0.01964869,0.01228043,0.00051148,0.01279191,972026161.72,1753.2282
2635,7.2142,1.4985,1.4985,17022.90,48285419.56,3973365.56,254188793.27,272411581.19,526600374.47,30867.91,2.14360488,0.00061392,0.01964558,0.01227849,0.00051052,0.01278901,972055029.63,1753.3481
2636,7.2170,1.4982,1.4982,17055.26,48289734.50,3973491.21,254212781.58,272418451.58,526631233.15,30858.69,2.14296441,0.00061383,0.01964247,0.01227654,0.00050957,0.01278611,972083888.32,1753.4677
2637,7.2197,1.4980,1.4980,17087.68,48294048.82,3973616.84,254236762.29,272425320.33,526662082.62,30849.47,2.14232415,0.00061373,0.01963936,0.01227460,0.00050862,0.01278322,972112737.78,1753.5872
2638,7.2225,1.4978,1.4978,17120.16,48298362.54,3973742.43,254260735.42,272432187.46,526692922.87,30840.25,2.14168410,0.00061363,0.01963625,0.01227266,0.00050767,0.01278033,972141578.03,1753.7065
2639,7.2252,1.4976,1.4976,17152.70,48302675.65,3973868.00,254284700.96,272439052.95,526723753.91,30831.04,2.14104424,0.00061354,0.01963314,0.01227072,0.00050672,0.01277744,972170409.07,1753.8256
2640,7.2279,1.4974,1.4974,17185.30,48306988.16,3973993.54,254308658.91,272445916.82,526754575.74,30821.83,2.14040460,0.00061344,0.01963004,0.01226877,0.00050577,0.01277455,972199230.90,1753.9445
2641,7.2307,1.4972,1.4972,17217.97,48311300.06,3974119.05,254332609.29,272452779.06,526785388.35,30812.62,2.13976515,0.00061334,0.01962693,0.01226683,0.00050483,0.01277166,972228043.52,1754.0632
2642,7.2334,1.4970,1.4970,17250.70,48315611.36,3974244.54,254356552.09,272459639.68,526816191.77,30803.41,2.13912591,0.00061324,0.01962383,0.01226489,0.00050389,0.01276878,972256846.93,1754.1818
2643,7.2361,1.4968,1.4968,17283.49,48319922.05,3974369.99,254380487.31,272466498.67,526846985.98,30794.21,2.13848687,0.00061315,0.01962072,0.01226295,0.00050295,0.01276590,972285641.14,1754.3002
2644,7.2389,1.4966,1.4966,17316.34,48324232.13,3974495.42,254404414.96,272473356.03,526877770.99,30785.01,2.13784804,0.00061305,0.01961762,0.01226101,0.00050201,0.01276302,972314426.15,1754.4183
2645,7.2416,1.4963,1.4963,17349.26,48328541.61,3974620.82,254428335.03,272480211.77,526908546.80,30775.82,2.13720941,0.00061295,0.01961451,0.01225907,0.00050107,0.01276014,972343201.97,1754.5363
2646,7.2444,1.4961,1.4961,17382.24,48332850.48,3974746.19,254452247.54,272487065.89,526939313.43,30766.62,2.13657098,0.00061286,0.01961141,0.01225713,0.00050013,0.01275726,972371968.59,1754.6541
2647,7.2471,1.4959,1.4959,17415.28,48337158.75,3974871.54,254476152.48,272493918.38,526970070.86,30757.43,2.13593276,0.00061276,0.01960831,0.01225519,0.00049920,0.01275439,972400726.02,1754.7717
2648,7.2498,1.4957,1.4957,17448.38,48341466.41,3974996.86,254500049.86,272500769.24,527000819.10,30748.24,2.13529474,0.00061266,0.01960520,0.01225325,0.00049827,0.01275152,972429474.27,1754.8892
2649,7.2526,1.4955,1.4955,17481.55,48345773.46,3975122.14,254523939.67,272507618.49,527031558.16,30739.06,2.13465692,0.00061257,0.01960210,0.01225131,0.00049734,0.01274865,972458213.33,1755.0064
2650,7.2553,1.4953,1.4953,17514.78,48350079.91,3975247.40,254547821.93,272514466.11,527062288.04,30729.88,2.13401931,0.00061247,0.01959900,0.01224938,0.00049641,0.01274578,972486943.20,1755.1235
2651,7.2580,1.4951,1.4951,17548.07,48354385.76,3975372.64,254571696.63,272521312.11,527093008.74,30720.70,2.13338189,0.00061237,0.01959590,0.01224744,0.00049548,0.01274292,972515663.90,1755.2404
2652,7.2608,1.4949,1.4949,17581.43,48358691.00,3975497.84,254595563.78,272528156.49,527123720.26,30711.52,2.13274469,0.00061227,0.01959280,0.01224550,0.00049455,0.01274005,972544375.43,1755.3571
2653,7.2635,1.4947,1.4947,17614.85,48362995.64,3975623.02,254619423.37,272534999.25,527154422.61,30702.35,2.13210768,0.00061218,0.01958970,0.01224356,0.00049363,0.01273719,972573077.78,1755.4736
2654,7.2663,1.4945,1.4945,17648.33,48367299.67,3975748.17,254643275.41,272541840.38,527185115.79,30693.18,2.13147088,0.00061208,0.01958660,0.01224163,0.00049271,0.01273433,972601770.96,1755.5899
2655,7.2690,1.4942,1.4942,17681.88,48371603.09,3975873.29,254667119.91,272548679.90,527215799.81,30684.01,2.13083428,0.00061198,0.01958350,0.01223969,0.00049179,0.01273148,972630454.97,1755.7061
2656,7.2717,1.4940,1.4940,17715.49,48375905.91,3975998.38,254690956.86,272555517.80,527246474.66,30674.85,2.13019788,0.00061189,0.01958041,0.01223775,0.00049087,0.01272862,972659129.82,1755.8221
2657,7.2745,1.4938,1.4938,17749.16,48380208.13,3976123.45,254714786.27,272562354.08,527277140.35,30665.69,2.12956169,0.00061179,0.01957731,0.01223582,0.00048995,0.01272577,972687795.51,1755.9379
2658,7.2772,1.4936,1.4936,17782.90,48384509.74,3976248.48,254738608.14,272569188.74,527307796.88,30656.53,2.12892569,0.00061169,0.01957421,0.01223388,0.00048904,0.01272292,972716452.04,1756.0535
2659,7.2799,1.4934,1.4934,17816.70,48388810.75,3976373.49,254762422.47,272576021.78,527338444.25,30647.37,2.12828990,0.00061160,0.01957112,0.01223195,0.00048812,0.01272007,972745099.41,1756.1689
2660,7.2827,1.4932,1.4932,17850.57,48393111.15,3976498.47,254786229.26,272582853.21,527369082.47,30638.22,2.12765432,0.00061150,0.01956802,0.01223001,0.00048721,0.01271723,972773737.64,1756.2841
2661,7.2854,1.4930,1.4930,17884.50,48397410.95,3976623.43,254810028.52,272589683.02,527399711.55,30629.07,2.12701893,0.00061140,0.01956493,0.01222808,0.00048630,0.01271438,972802366.71,1756.3992
2662,7.2882,1.4928,1.4928,17918.49,48401710.15,3976748.35,254833820.26,272596511.22,527430331.47,30619.93,2.12638375,0.00061131,0.01956184,0.01222615,0.00048539,0.01271154,972830986.63,1756.5141
2663,7.2909,1.4926,1.4926,17952.55,48406008.74,3976873.25,254857604.46,272603337.79,527460942.25,30610.78,2.12574877,0.00061121,0.01955874,0.01222421,0.00048449,0.01270870,972859597.42,1756.6288
2664,7.2936,1.4924,1.4924,17986.68,48410306.73,3976998.12,254881381.14,272610162.76,527491543.89,30601.64,2.12511399,0.00061111,0.01955565,0.01222228,0.00048358,0.01270586,972888199.06,1756.7433
2665,7.2964,1.4921,1.4921,18020.87,48414604.11,3977122.96,254905150.29,272616986.11,527522136.40,30592.50,2.12447941,0.00061102,0.01955256,0.01222035,0.00048268,0.01270303,972916791.56,1756.8577
2666,7.2991,1.4919,1.4919,18055.12,48418900.89,3977247.78,254928911.92,272623807.84,527552719.77,30583.37,2.12384504,0.00061092,0.01954947,0.01221842,0.00048178,0.01270019,972945374.93,1756.9718
2667,7.3018,1.4917,1.4917,18089.44,48423197.06,3977372.56,254952666.04,272630627.97,527583294.00,30574.24,2.12321087,0.00061082,0.01954638,0.01221648,0.00048088,0.01269736,972973949.17,1757.0858
2668,7.3046,1.4915,1.4915,18123.83,48427492.63,3977497.32,254976412.64,272637446.47,527613859.11,30565.11,2.12257690,0.00061073,0.01954329,0.01221455,0.00047998,0.01269453,973002514.27,1757.1996
2669,7.3073,1.4913,1.4913,18158.28,48431787.60,3977622.05,255000151.72,272644263.37,527644415.09,30555.98,2.12194313,0.00061063,0.01954020,0.01221262,0.00047908,0.01269171,973031070.25,1757.3132
2670,7.3101,1.4911,1.4911,18192.79,48436081.96,3977746.76,255023883.29,272651078.66,527674961.95,30546.86,2.12130956,0.00061053,0.01953711,0.01221069,0.00047819,0.01268888,973059617.11,1757.4267
2671,7.3128,1.4909,1.4909,18227.38,48440375.73,3977871.43,255047607.36,272657892.33,527705499.69,30537.74,2.12067620,0.00061044,0.01953402,0.01220876,0.00047729,0.01268606,973088154.85,1757.5400
2672,7.3155,1.4907,1.4907,18262.02,48444668.88,3977996.08,255071323.91,272664704.39,527736028.31,30528.62,2.12004303,0.00061034,0.01953093,0.01220683,0.00047640,0.01268323,973116683.47,1757.6530
2673,7.3183,1.4905,1.4905,18296.74,48448961.44,3978120.70,255095032.97,272671514.85,527766547.81,30519.50,2.11941007,0.00061025,0.01952784,0.01220490,0.00047551,0.01268042,973145202.97,1757.7660
2674,7.3210,1.4903,1.4903,18331.52,48453253.39,3978245.29,255118734.52,272678323.69,527797058.20,30510.39,2.11877731,0.00061015,0.01952476,0.01220297,0.00047463,0.01267760,973173713.37,1757.8787
2675,7.3238,1.4901,1.4901,18366.36,48457544.74,3978369.86,255142428.57,272685130.92,527827559.49,30501.28,2.11814475,0.00061005,0.01952167,0.01220104,0.00047374,0.01267478,973202214.65,1757.9913
2676,7.3265,1.4898,1.4898,18401.27,48461835.48,3978494.39,255166115.12,272691936.55,527858051.67,30492.18,2.11751239,0.00060996,0.01951859,0.01219912,0.00047285,0.01267197,973230706.83,1758.1036
2677,7.3292,1.4896,1.4896,18436.25,48466125.62,3978618.90,255189794.18,272698740.57,527888534.74,30483.08,2.11688023,0.00060986,0.01951550,0.01219719,0.00047197,0.01266916,973259189.91,1758.2158
2678,7.3320,1.4894,1.4894,18471.29,48470415.16,3978743.38,255213465.74,272705542.98,527919008.72,30473.98,2.11624828,0.00060976,0.01951242,0.01219526,0.00047109,0.01266635,973287663.88,1758.3279
2679,7.3347,1.4892,1.4892,18506.41,48474704.10,3978867.84,255237129.82,272712343.78,527949473.60,30464.88,2.11561652,0.00060967,0.01950933,0.01219333,0.00047021,0.01266354,973316128.76,1758.4397
2680,7.3374,1.4890,1.4890,18541.58,48478992.43,3978992.26,255260786.41,272719142.97,527979929.38,30455.78,2.11498497,0.00060957,0.01950625,0.01219141,0.00046933,0.01266074,973344584.54,1758.5514
2681,7.3402,1.4888,1.4888,18576.83,48483280.16,3979116.66,255284435.51,272725940.56,528010376.07,30446.69,2.11435362,0.00060947,0.01950317,0.01218948,0.00046845,0.01265793,973373031.23,1758.6629
2682,7.3429,1.4886,1.4886,18612.14,48487567.29,3979241.03,255308077.13,272732736.55,528040813.67,30437.60,2.11372246,0.00060938,0.01950009,0.01218755,0.00046758,0.01265513,973401468.84,1758.7742
2683,7.3457,1.4884,1.4884,18647.52,48491853.82,3979365.37,255331711.27,272739530.93,528071242.19,30428.52,2.11309151,0.00060928,0.01949701,0.01218563,0.00046670,0.01265233,973429897.36,1758.8854
2684,7.3484,1.4882,1.4882,18682.96,48496139.74,3979489.69,255355337.93,272746323.70,528101661.63,30419.43,2.11246076,0.00060919,0.01949392,0.01218370,0.00046583,0.01264954,973458316.79,1758.9963
2685,7.3511,1.4880,1.4880,18718.48,48500425.06,3979613.98,255378957.11,272753114.87,528132071.98,30410.36,2.11183021,0.00060909,0.01949084,0.01218178,0.00046496,0.01264674,973486727.15,1759.1071
2686,7.3539,1.4877,1.4877,18754.06,48504709.78,3979738.24,255402568.82,272759904.44,528162473.26,30401.28,2.11119986,0.00060899,0.01948777,0.01217985,0.00046409,0.01264395,973515128.42,1759.2178
2687,7.3566,1.4875,1.4875,18789.71,48508993.90,3979862.47,255426173.06,272766692.41,528192865.46,30392.20,2.11056971,0.00060890,0.01948469,0.01217793,0.00046323,0.01264116,973543520.63,1759.3282
2688,7.3593,1.4873,1.4873,18825.42,48513277.41,3979986.67,255449769.83,272773478.77,528223248.60,30383.13,2.10993977,0.00060880,0.01948161,0.01217601,0.00046236,0.01263837,973571903.76,1759.4385
2689,7.3621,1.4871,1.4871,18861.21,48517560.33,3980110.85,255473359.13,272780263.53,528253622.66,30374.06,2.10931002,0.00060870,0.01947853,0.01217408,0.00046150,0.01263558,973600277.82,1759.5486
2690,7.3648,1.4869,1.4869,18897.06,48521842.64,3980235.00,255496940.97,272787046.69,528283987.66,30365.00,2.10868047,0.00060861,0.01947545,0.01217216,0.00046064,0.01263279,973628642.82,1759.6585
2691,7.3676,1.4867,1.4867,18932.98,48526124.35,3980359.12,255520515.35,272793828.25,528314343.60,30355.94,2.10805112,0.00060851,0.01947238,0.01217024,0.00045978,0.01263001,973656998.76,1759.7683
2692,7.3703,1.4865,1.4865,18968.97,48530405.46,3980483.21,255544082.27,272800608.20,528344690.47,30346.88,2.10742198,0.00060842,0.01946930,0.01216831,0.00045892,0.01262723,973685345.64,1759.8779
2693,7.3730,1.4863,1.4863,19005.02,48534685.96,3980607.28,255567641.73,272807386.56,528375028.29,30337.82,2.10679303,0.00060832,0.01946623,0.01216639,0.00045806,0.01262445,973713683.46,1759.9873
2694,7.3758,1.4861,1.4861,19041.15,48538965.87,3980731.32,255591193.74,272814163.32,528405357.06,30328.77,2.10616428,0.00060822,0.01946315,0.01216447,0.00045720,0.01262167,973742012.22,1760.0965
2695,7.3785,1.4859,1.4859,19077.34,48543245.17,3980855.33,255614738.29,272820938.48,528435676.77,30319.71,2.10553573,0.00060813,0.01946008,0.01216255,0.00045635,0.01261890,973770331.94,1760.2056
2696,7.3812,1.4857,1.4857,19113.61,48547523.87,3980979.31,255638275.39,272827712.04,528465987.44,30310.67,2.10490739,0.00060803,0.01945701,0.01216063,0.00045550,0.01261613,973798642.60,1760.3145
2697,7.3840,1.4855,1.4855,19149.94,48551801.97,3981103.27,255661805.05,272834484.01,528496289.06,30301.62,2.10427924,0.00060794,0.01945393,0.01215871,0.00045465,0.01261335,973826944.22,1760.4232
2698,7.3867,1.4852,1.4852,19186.34,48556079.47,3981227.20,255685327.26,272841254.38,528526581.64,30292.58,2.10365129,0.00060784,0.01945086,0.01215679,0.00045380,0.01261058,973855236.80,1760.5317
2699,7.3895,1.4850,1.4850,19222.81,48560356.37,3981351.10,255708842.03,272848023.15,528556865.18,30283.54,2.10302355,0.00060774,0.01944779,0.01215487,0.00045295,0.01260782,973883520.34,1760.6401
2700,7.3922,1.4848,1.4848,19259.35,48564632.67,3981474.97,255732349.36,272854790.32,528587139.68,30274.50,2.10239600,0.00060765,0.01944472,0.01215295,0.00045210,0.01260505,973911794.84,1760.7483
2701,7.3949,1.4846,1.4846,19295.96,48568908.37,3981598.82,255755849.25,272861555.90,528617405.15,30265.47,2.10176865,0.00060755,0.01944165,0.01215103,0.00045126,0.01260229,973940060.31,1760.8564
2702,7.3977,1.4844,1.4844,19332.64,48573183.46,3981722.64,255779341.70,272868319.89,528647661.59,30256.44,2.10114150,0.00060746,0.01943858,0.01214911,0.00045041,0.01259953,973968316.75,1760.9642
2703,7.4004,1.4842,1.4842,19369.38,48577457.96,3981846.43,255802826.72,272875082.27,528677909.00,30247.41,2.10051455,0.00060736,0.01943551,0.01214719,0.00044957,0.01259677,973996564.16,1761.0719
2704,7.4031,1.4840,1.4840,19406.20,48581731.85,3981970.19,255826304.31,272881843.07,528708147.38,30238.38,2.09988780,0.00060726,0.01943244,0.01214528,0.00044873,0.01259401,974024802.54,1761.1795
2705,7.4059,1.4838,1.4838,19443.09,48586005.15,3982093.93,255849774.47,272888602.27,528738376.74,30229.36,2.09926125,0.00060717,0.01942937,0.01214336,0.00044789,0.01259125,974053031.91,1761.2868
2706,7.4086,1.4836,1.4836,19480.05,48590277.84,3982217.64,255873237.20,272895359.88,528768597.08,30220.34,2.09863490,0.00060707,0.01942631,0.01214144,0.00044706,0.01258850,974081252.25,1761.3940
2707,7.4114,1.4834,1.4834,19517.08,48594549.93,3982341.32,255896692.51,272902115.90,528798808.41,30211.33,2.09800875,0.00060698,0.01942324,0.01213952,0.00044622,0.01258575,974109463.57,1761.5010
2708,7.4141,1.4832,1.4832,19554.18,48598821.43,3982464.97,255920140.40,272908870.32,528829010.72,30202.31,2.09738279,0.00060688,0.01942017,0.01213761,0.00044539,0.01258300,974137665.89,1761.6079
2709,7.4168,1.4829,1.4829,19591.35,48603092.32,3982588.60,255943580.87,272915623.16,528859204.02,30193.30,2.09675704,0.00060678,0.01941711,0.01213569,0.00044456,0.01258025,974165859.19,1761.7145
2710,7.4196,1.4827,1.4827,19628.59,48607362.61,3982712.20,255967013.92,272922374.40,528889388.32,30184.29,2.09613148,0.00060669,0.01941404,0.01213378,0.00044373,0.01257750,974194043.48,1761.8210
2711,7.4223,1.4825,1.4825,19665.90,48611632.30,3982835.77,255990439.56,272929124.05,528919563.61,30175.29,2.09550613,0.00060659,0.01941098,0.01213186,0.00044290,0.01257476,974222218.77,1761.9274
2712,7.4251,1.4823,1.4823,19703.28,48615901.40,3982959.31,256013857.78,272935872.11,528949729.89,30166.29,2.09488097,0.00060650,0.01940791,0.01212995,0.00044207,0.01257202,974250385.05,1762.0336
2713,7.4278,1.4821,1.4821,19740.73,48620169.89,3983082.83,256037268.60,272942618.58,528979887.18,30157.29,2.09425601,0.00060640,0.01940485,0.01212803,0.00044124,0.01256928,974278542.34,1762.1396
2714,7.4305,1.4819,1.4819,19778.25,48624437.78,3983206.32,256060672.00,272949363.47,529010035.47,30148.29,2.09363125,0.00060631,0.01940179,0.01212612,0.00044042,0.01256654,974306690.63,1762.2454
2715,7.4333,1.4817,1.4817,19815.85,48628705.07,3983329.78,256084068.00,272956106.76,529040174.76,30139.30,2.09300669,0.00060621,0.01939873,0.01212420,0.00043960,0.01256380,974334829.93,1762.3511
2716,7.4360,1.4815,1.4815,19853.52,48632971.77,3983453.21,256107456.60,272962848.47,529070305.07,30130.31,2.09238233,0.00060611,0.01939567,0.01212229,0.00043878,0.01256107,974362960.23,1762.4566
2717,7.4387,1.4813,1.4813,19891.25,48637237.86,3983576.62,256130837.80,272969588.59,529100426.39,30121.32,2.09175816,0.00060602,0.01939260,0.01212038,0.00043796,0.01255833,974391081.55,1762.5619
2718,7.4415,1.4811,1.4811,19929.06,48641503.35,3983700.00,256154211.60,272976327.12,529130538.72,30112.33,2.09113420,0.00060592,0.01938954,0.01211847,0.00043714,0.01255560,974419193.88,1762.6671
2719,7.4442,1.4809,1.4809,19966.95,48645768.25,3983823.35,256177578.00,272983064.07,529160642.07,30103.35,2.09051043,0.00060583,0.01938648,0.01211655,0.00043632,0.01255287,974447297.23,1762.7721
2720,7.4470,1.4807,1.4807,20004.90,48650032.55,3983946.68,256200937.01,272989799.43,529190736.44,30094.37,2.08988686,0.00060573,0.01938343,0.01211464,0.00043551,0.01255015,974475391.60,1762.8769
2721,7.4497,1.4805,1.4805,20042.93,48654296.24,3984069.98,256224288.63,272996533.21,529220821.84,30085.39,2.08926349,0.00060564,0.01938037,0.01211273,0.00043469,0.01254742,974503477.00,1762.9816
2722,7.4524,1.4802,1.4802,20081.03,48658559.34,3984193.25,256247632.86,273003265.40,529250898.26,30076.42,2.08864032,0.00060554,0.01937731,0.01211082,0.00043388,0.01254470,974531553.42,1763.0861
2723,7.4552,1.4800,1.4800,20119.20,48662821.84,3984316.49,256270969.70,273009996.01,529280965.71,30067.45,2.08801734,0.00060545,0.01937425,0.01210891,0.00043307,0.01254198,974559620.87,1763.1904
2724,7.4579,1.4798,1.4798,20157.44,48667083.74,3984439.70,256294299.16,273016725.03,529311024.19,30058.48,2.08739457,0.00060535,0.01937120,0.01210700,0.00043226,0.01253926,974587679.35,1763.2946
2725,7.4606,1.4796,1.4796,20195.76,48671345.04,3984562.89,256317621.23,273023452.47,529341073.70,30049.52,2.08677199,0.00060525,0.01936814,0.01210509,0.00043145,0.01253654,974615728.87,1763.3986
2726,7.4634,1.4794,1.4794,20234.14,48675605.74,3984686.05,256340935.93,273030178.33,529371114.26,30040.55,2.08614961,0.00060516,0.01936508,0.01210318,0.00043065,0.01253382,974643769.42,1763.5025
2727,7.4661,1.4792,1.4792,20272.61,48679865.84,3984809.19,256364243.25,273036902.60,529401145.85,30031.59,2.08552742,0.00060506,0.01936203,0.01210127,0.00042984,0.01253111,974671801.02,1763.6062
2728,7.4689,1.4790,1.4790,20311.14,48684125.35,3984932.29,256387543.20,273043625.30,529431168.49,30022.64,2.08490544,0.00060497,0.01935898,0.01209936,0.00042904,0.01252840,974699823.65,1763.7097
2729,7.4716,1.4788,1.4788,20349.75,48688384.25,3985055.37,256410835.77,273050346.41,529461182.18,30013.68,2.08428365,0.00060487,0.01935592,0.01209745,0.00042824,0.01252569,974727837.34,1763.8130
2730,7.4743,1.4786,1.4786,20388.43,48692642.56,3985178.42,256434120.97,273057065.94,529491186.91,30004.73,2.08366206,0.00060478,0.01935287,0.01209554,0.00042744,0.01252298,974755842.07,1763.9162
2731,7.4771,1.4784,1.4784,20427.19,48696900.27,3985301.45,256457398.80,273063783.89,529521182.70,29995.79,2.08304067,0.00060468,0.01934982,0.01209364,0.00042664,0.01252027,974783837.86,1764.0192
2732,7.4798,1.4782,1.4782,20466.01,48701157.38,3985424.44,256480669.27,273070500.27,529551169.54,29986.84,2.08241947,0.00060459,0.01934676,0.01209173,0.00042584,0.01251757,974811824.70,1764.1221
2733,7.4825,1.4780,1.4780,20504.92,48705413.89,3985547.41,256503932.38,273077215.06,529581147.43,29977.90,2.08179848,0.00060449,0.01934371,0.01208982,0.00042504,0.01251487,974839802.60,1764.2248
2734,7.4853,1.4777,1.4777,20543.89,48709669.81,3985670.36,256527188.12,273083928.27,529611116.39,29968.96,2.08117768,0.00060440,0.01934066,0.01208791,0.00042425,0.01251216,974867771.56,1764.3273
2735,7.4880,1.4775,1.4775,20582.94,48713925.12,3985793.27,256550436.50,273090639.91,529641076.41,29960.02,2.08055707,0.00060430,0.01933761,0.01208601,0.00042346,0.01250947,974895731.58,1764.4297
2736,7.4908,1.4773,1.4773,20622.07,48718179.84,3985916.16,256573677.53,273097349.97,529671027.50,29951.09,2.07993667,0.00060421,0.01933456,0.01208410,0.00042267,0.01250677,974923682.67,1764.5319
2737,7.4935,1.4771,1.4771,20661.27,48722433.96,3986039.02,256596911.21,273104058.45,529700969.66,29942.16,2.07931646,0.00060411,0.01933151,0.01208220,0.00042188,0.01250407,974951624.82,1764.6340
2738,7.4962,1.4769,1.4769,20700.54,48726687.48,3986161.85,256620137.53,273110765.36,529730902.89,29933.23,2.07869645,0.00060401,0.01932847,0.01208029,0.00042109,0.01250138,974979558.05,1764.7359
2739,7.4990,1.4767,1.4767,20739.89,48730940.41,3986284.66,256643356.51,273117470.69,529760827.19,29924.30,2.07807663,0.00060392,0.01932542,0.01207839,0.00042030,0.01249869,975007482.35,1764.8376
2740,7.5017,1.4765,1.4765,20779.31,48735192.73,3986407.44,256666568.13,273124174.44,529790742.57,29915.38,2.07745702,0.00060382,0.01932237,0.01207648,0.00041952,0.01249600,975035397.74,1764.9391
2741,7.5044,1.4763,1.4763,20818.81,48739444.46,3986530.19,256689772.42,273130876.62,529820649.03,29906.46,2.07683760,0.00060373,0.01931933,0.01207458,0.00041873,0.01249331,975063304.20,1765.0405
2742,7.5072,1.4761,1.4761,20858.38,48743695.60,3986652.92,256712969.36,273137577.22,529850546.58,29897.54,2.07621837,0.00060363,0.01931628,0.01207267,0.00041795,0.01249062,975091201.74,1765.1418
2743,7.5099,1.4759,1.4759,20898.03,48747946.13,3986775.61,256736158.96,273144276.25,529880435.21,29888.63,2.07559935,0.00060354,0.01931323,0.01207077,0.00041717,0.01248794,975119090.37,1765.2429
2744,7.5127,1.4757,1.4757,20937.76,48752196.07,3986898.28,256759341.22,273150973.71,529910314.93,29879.72,2.07498052,0.00060344,0.01931019,0.01206887,0.00041639,0.01248526,975146970.09,1765.3438
2745,7.5154,1.4755,1.4755,20977.56,48756445.41,3987020.93,256782516.15,273157669.59,529940185.74,29870.81,2.07436188,0.00060335,0.01930715,0.01206697,0.00041561,0.01248258,975174840.90,1765.4445
2746,7.5181,1.4753,1.4753,21017.43,48760694.15,3987143.54,256805683.74,273164363.91,529970047.65,29861.91,2.07374344,0.00060325,0.01930410,0.01206506,0.00041483,0.01247990,975202702.81,1765.5451
2747,7.5209,1.4751,1.4751,21057.38,48764942.30,3987266.13,256828844.00,273171056.65,529999900.65,29853.00,2.07312520,0.00060316,0.01930106,0.01206316,0.00041406,0.01247722,975230555.81,1765.6456
2748,7.5236,1.4748,1.4748,21097.41,48769189.85,3987388.70,256851996.94,273177747.81,530029744.75,29844.10,2.07250716,0.00060306,0.01929802,0.01206126,0.00041328,0.01247455,975258399.91,1765.7459
2749,7.5264,1.4746,1.4746,21137.51,48773436.80,3987511.23,256875142.55,273184437.41,530059579.96,29835.21,2.07188931,0.00060297,0.01929497,0.01205936,0.00041251,0.01247187,975286235.12,1765.8460
2750,7.5291,1.4744,1.4744,21177.69,48777683.16,3987633.74,256898280.83,273191125.44,530089406.27,29826.31,2.07127166,0.00060287,0.01929193,0.01205746,0.00041174,0.01246920,975314061.43,1765.9459
2751,7.5318,1.4742,1.4742,21217.95,48781928.92,3987756.22,256921411.80,273197811.90,530119223.69,29817.42,2.07065420,0.00060278,0.01928889,0.01205556,0.00041097,0.01246653,975341878.85,1766.0458
2752,7.5346,1.4740,1.4740,21258.28,48786174.08,3987878.67,256944535.44,273204496.78,530149032.22,29808.53,2.07003695,0.00060268,0.01928585,0.01205366,0.00041020,0.01246386,975369687.39,1766.1454
2753,7.5373,1.4738,1.4738,21298.69,48790418.64,3988001.10,256967651.77,273211180.10,530178831.87,29799.65,2.06941988,0.00060259,0.01928281,0.01205176,0.00040944,0.01246120,975397487.03,1766.2449
2754,7.5400,1.4736,1.4736,21339.17,48794662.61,3988123.50,256990760.78,273217861.85,530208622.63,29790.76,2.06880302,0.00060249,0.01927977,0.01204986,0.00040867,0.01245853,975425277.79,1766.3442
2755,7.5428,1.4734,1.4734,21379.73,48798905.99,3988245.87,257013862.48,273224542.03,530238404.52,29781.88,2.06818634,0.00060240,0.01927674,0.01204796,0.00040791,0.01245587,975453059.68,1766.4434
2756,7.5455,1.4732,1.4732,21420.37,48803148.76,3988368.22,257036956.87,273231220.65,530268177.52,29773.01,2.06756987,0.00060230,0.01927370,0.01204606,0.00040715,0.01245321,975480832.68,1766.5424
2757,7.5483,1.4730,1.4730,21461.09,48807390.94,3988490.53,257060043.96,273237897.70,530297941.65,29764.13,2.06695359,0.00060221,0.01927066,0.01204416,0.00040639,0.01245055,975508596.82,1766.6412
2758,7.5510,1.4728,1.4728,21501.88,48811632.53,3988612.82,257083123.73,273244573.18,530327696.91,29755.26,2.06633751,0.00060211,0.01926763,0.01204227,0.00040563,0.01244789,975536352.08,1766.7399
2759,7.5537,1.4726,1.4726,21542.76,48815873.52,3988735.09,257106196.21,273251247.10,530357443.30,29746.39,2.06572162,0.00060202,0.01926459,0.01204037,0.00040487,0.01244524,975564098.47,1766.8385
2760,7.5565,1.4724,1.4724,21583.70,48820113.91,3988857.33,257129261.38,273257919.45,530387180.83,29737.53,2.06510593,0.00060192,0.01926155,0.01203847,0.00040411,0.01244258,975591835.99,1766.9369
2761,7.5592,1.4722,1.4722,21624.73,48824353.71,3988979.54,257152319.26,273264590.23,530416909.49,29728.66,2.06449043,0.00060183,0.01925852,0.01203658,0.00040336,0.01243993,975619564.65,1767.0351
2762,7.5619,1.4719,1.4719,21665.84,48828592.91,3989101.72,257175369.84,273271259.45,530446629.29,29719.80,2.06387513,0.00060173,0.01925549,0.01203468,0.00040260,0.01243728,975647284.46,1767.1332
2763,7.5647,1.4717,1.4717,21707.02,48832831.51,3989223.87,257198413.13,273277927.11,530476340.24,29710.94,2.06326002,0.00060164,0.01925245,0.01203278,0.00040185,0.01243463,975674995.40,1767.2311
2764,7.5674,1.4715,1.4715,21748.28,48837069.52,3989346.00,257221449.12,273284593.21,530506042.33,29702.09,2.06264511,0.00060154,0.01924942,0.01203089,0.00040110,0.01243199,975702697.49,1767.3288
2765,7.5702,1.4713,1.4713,21789.62,48841306.94,3989468.11,257244477.83,273291257.74,530535735.57,29693.24,2.06203040,0.00060145,0.01924639,0.01202899,0.00040035,0.01242934,975730390.73,1767.4264
2766,7.5729,1.4711,1.4711,21831.04,48845543.75,3989590.18,257267499.25,273297920.71,530565419.95,29684.39,2.06141588,0.00060135,0.01924336,0.01202710,0.00039960,0.01242670,975758075.12,1767.5239
2767,7.5756,1.4709,1.4709,21872.54,48849779.98,3989712.23,257290513.38,273304582.11,530595095.50,29675.54,2.06080155,0.00060126,0.01924032,0.01202520,0.00039885,0.01242406,975785750.66,1767.6212
2768,7.5784,1.4707,1.4707,21914.11,48854015.61,3989834.25,257313520.23,273311241.96,530624762.20,29666.70,2.06018742,0.00060117,0.01923729,0.01202331,0.00039811,0.01242142,975813417.36,1767.7183
2769,7.5811,1.4705,1.4705,21955.77,48858250.64,3989956.24,257336519.81,273317900.25,530654420.05,29657.86,2.05957349,0.00060107,0.01923426,0.01202142,0.00039736,0.01241878,975841075.22,1767.8153
2770,7.5838,1.4703,1.4703,21997.50,48862485.08,3990078.21,257359512.10,273324556.97,530684069.07,29649.02,2.05895975,0.00060098,0.01923124,0.01201952,0.00039662,0.01241614,975868724.24,1767.9121
2771,7.5866,1.4701,1.4701,22039.32,48866718.92,3990200.15,257382497.12,273331212.14,530713709.26,29640.19,2.05834620,0.00060088,0.01922821,0.01201763,0.00039588,0.01241351,975896364.42,1768.0088
2772,7.5893,1.4699,1.4699,22081.21,48870952.17,3990322.06,257405474.87,273337865.74,530743340.61,29631.35,2.05773285,0.00060079,0.01922518,0.01201574,0.00039514,0.01241088,975923995.78,1768.1053
2773,7.5921,1.4697,1.4697,22123.18,48875184.82,3990443.95,257428445.35,273344517.79,530772963.14,29622.52,2.05711970,0.00060069,0.01922215,0.01201384,0.00039440,0.01240825,975951618.30,1768.2017
2774,7.5948,1.4695,1.4695,22165.24,48879416.88,3990565.81,257451408.55,273351168.28,530802576.83,29613.70,2.05650674,0.00060060,0.01921912,0.01201195,0.00039367,0.01240562,975979232.00,1768.2979
2775,7.5975,1.4693,1.4693,22207.37,48883648.34,3990687.64,257474364.50,273357817.21,530832181.71,29604.87,2.05589397,0.00060050,0.01921610,0.01201006,0.00039293,0.01240299,976006836.87,1768.3940
2776,7.6003,1.4691,1.4691,22249.58,48887879.21,3990809.45,257497313.17,273364464.58,530861777.76,29596.05,2.05528140,0.00060041,0.01921307,0.01200817,0.00039220,0.01240036,976034432.92,1768.4899
2777,7.6030,1.4688,1.4688,22291.87,48892109.48,3990931.23,257520254.59,273371110.40,530891364.99,29587.23,2.05466902,0.00060031,0.01921005,0.01200628,0.00039146,0.01239774,976062020.15,1768.5856
2778,7.6057,1.4686,1.4686,22334.25,48896339.16,3991052.98,257543188.75,273377754.66,530920943.41,29578.42,2.05405684,0.00060022,0.01920702,0.01200439,0.00039073,0.01239512,976089598.57,1768.6812
2779,7.6085,1.4684,1.4684,22376.70,48900568.25,3991174.70,257566115.65,273384397.37,530950513.02,29569.61,2.05344485,0.00060012,0.01920400,0.01200250,0.00039000,0.01239250,976117168.18,1768.7767
2780,7.6112,1.4682,1.4682,22419.23,48904796.74,3991296.40,257589035.30,273391038.52,530980073.81,29560.80,2.05283306,0.00060003,0.01920097,0.01200061,0.00038927,0.01238988,976144728.98,1768.8720
2781,7.6140,1.4680,1.4680,22461.85,48909024.64,3991418.07,257611947.69,273397678.11,531009625.80,29551.99,2.05222146,0.00059994,0.01919795,0.01199872,0.00038854,0.01238726,976172280.96,1768.9671
2782,7.6167,1.4678,1.4678,22504.55,48913251.94,3991539.72,257634852.83,273404316.15,531039168.99,29543.18,2.05161005,0.00059984,0.01919493,0.01199683,0.00038782,0.01238465,976199824.15,1769.0621
2783,7.6194,1.4676,1.4676,22547.32,48917478.65,3991661.33,257657750.73,273410952.64,531068703.37,29534.38,2.05099884,0.00059975,0.01919191,0.01199494,0.00038709,0.01238203,976227358.53,1769.1569
2784,7.6222,1.4674,1.4674,22590.18,48921704.76,3991782.92,257680641.38,273417587.57,531098228.95,29525.58,2.05038782,0.00059965,0.01918889,0.01199305,0.00038637,0.01237942,976254884.12,1769.2516
2785,7.6249,1.4672,1.4672,22633.12,48925930.29,3991904.49,257703524.79,273424220.95,531127745.74,29516.79,2.04977700,0.00059956,0.01918587,0.01199117,0.00038565,0.01237681,976282400.91,1769.3462
2786,7.6277,1.4670,1.4670,22676.14,48930155.21,3992026.02,257726400.96,273430852.78,531157253.74,29508.00,2.04916637,0.00059946,0.01918285,0.01198928,0.00038493,0.01237421,976309908.90,1769.4406
2787,7.6304,1.4668,1.4668,22719.25,48934379.55,3992147.53,257749269.88,273437483.06,531186752.94,29499.21,2.04855593,0.00059937,0.01917983,0.01198739,0.00038421,0.01237160,976337408.11,1769.5348
2788,7.6331,1.4666,1.4666,22762.43,48938603.29,3992269.02,257772131.58,273444111.79,531216243.36,29490.42,2.04794569,0.00059928,0.01917681,0.01198550,0.00038349,0.01236899,976364898.52,1769.6289
2789,7.6359,1.4664,1.4664,22805.70,48942826.43,3992390.47,257794986.03,273450738.96,531245725.00,29481.63,2.04733564,0.00059918,0.01917379,0.01198362,0.00038277,0.01236639,976392380.16,1769.7228
2790,7.6386,1.4662,1.4662,22849.05,48947048.99,3992511.90,257817833.26,273457364.59,531275197.85,29472.85,2.04672579,0.00059909,0.01917077,0.01198173,0.00038206,0.01236379,976419853.01,1769.8166
2791,7.6413,1.4660,1.4660,22892.48,48951270.95,3992633.31,257840673.26,273463988.66,531304661.92,29464.07,2.04611613,0.00059899,0.01916776,0.01197985,0.00038134,0.01236119,976447317.08,1769.9102
2792,7.6441,1.4658,1.4658,22936.00,48955492.31,3992754.68,257863506.03,273470611.19,531334117.21,29455.30,2.04550666,0.00059890,0.01916474,0.01197796,0.00038063,0.01235859,976474772.38,1770.0037
2793,7.6468,1.4655,1.4655,22979.60,48959713.09,3992876.03,257886331.57,273477232.16,531363563.74,29446.52,2.04489739,0.00059880,0.01916172,0.01197608,0.00037992,0.01235599,976502218.90,1770.0971
2794,7.6496,1.4653,1.4653,23023.28,48963933.27,3992997.36,257909149.90,273483851.59,531393001.49,29437.75,2.04428830,0.00059871,0.01915871,0.01197419,0.00037921,0.01235340,976529656.65,1770.1902
2795,7.6523,1.4651,1.4651,23067.04,48968152.85,3993118.65,257931961.00,273490469.47,531422430.47,29428.98,2.04367942,0.00059862,0.01915569,0.01197231,0.00037850,0.01235081,976557085.63,1770.2833
2796,7.6550,1.4649,1.4649,23110.89,48972371.85,3993239.92,257954764.88,273497085.81,531451850.69,29420.22,2.04307072,0.00059852,0.01915268,0.01197042,0.00037779,0.01234822,976584505.85,1770.3762
2797,7.6578,1.4647,1.4647,23154.82,48976590.25,3993361.16,257977561.55,273503700.59,531481262.15,29411.46,2.04246222,0.00059843,0.01914967,0.01196854,0.00037709,0.01234563,976611917.31,1770.4689
2798,7.6605,1.4645,1.4645,23198.83,48980808.06,3993482.38,258000351.01,273510313.83,531510664.84,29402.70,2.04185391,0.00059833,0.01914665,0.01196666,0.00037638,0.01234304,976639320.01,1770.5615
2799,7.6632,1.4643,1.4643,23242.93,48985025.27,3993603.57,258023133.25,273516925.53,531540058.78,29393.94,2.04124580,0.00059824,0.01914364,0.01196478,0.00037568,0.01234045,976666713.95,1770.6540
2800,7.6660,1.4641,1.4641,23287.11,48989241.90,3993724.73,258045908.29,273523535.68,531569443.97,29385.19,2.04063788,0.00059814,0.01914063,0.01196289,0.00037497,0.01233787,976694099.13,1770.7463
2801,7.6687,1.4639,1.4639,23331.37,48993457.93,3993845.87,258068676.12,273530144.28,531598820.40,29376.43,2.04003015,0.00059805,0.01913762,0.01196101,0.00037427,0.01233528,976721475.56,1770.8384
2802,7.6715,1.4637,1.4637,23375.72,48997673.37,3993966.97,258091436.74,273536751.34,531628188.09,29367.69,2.03942261,0.00059796,0.01913461,0.01195913,0.00037357,0.01233270,976748843.25,1770.9304
2803,7.6742,1.4635,1.4635,23420.16,49001888.21,3994088.06,258114190.17,273543356.86,531657547.03,29358.94,2.03881527,0.00059786,0.01913160,0.01195725,0.00037288,0.01233012,976776202.19,1771.0223
2804,7.6769,1.4633,1.4633,23464.67,49006102.47,3994209.11,258136936.39,273549960.83,531686897.22,29350.20,2.03820812,0.00059777,0.01912859,0.01195537,0.00037218,0.01232755,976803552.39,1771.1140
2805,7.6797,1.4631,1.4631,23509.28,49010316.13,3994330.14,258159675.42,273556563.26,531716238.68,29341.46,2.03760116,0.00059767,0.01912558,0.01195349,0.00037148,0.01232497,976830893.84,1771.2055
2806,7.6824,1.4629,1.4629,23553.96,49014529.20,3994451.14,258182407.25,273563164.15,531745571.40,29332.72,2.03699439,0.00059758,0.01912257,0.01195161,0.00037079,0.01232240,976858226.56,1771.2969
2807,7.6851,1.4627,1.4627,23598.74,49018741.67,3994572.12,258205131.89,273569763.50,531774895.38,29323.98,2.03638782,0.00059749,0.01911956,0.01194973,0.00037010,0.01231982,976885550.55,1771.3882
2808,7.6879,1.4625,1.4625,23643.59,49022953.56,3994693.07,258227849.33,273576361.30,531804210.64,29315.25,2.03578144,0.00059739,0.01911656,0.01194785,0.00036940,0.01231725,976912865.80,1771.4793
2809,7.6906,1.4623,1.4623,23688.54,49027164.85,3994813.99,258250559.59,273582957.57,531833517.16,29306.52,2.03517525,0.00059730,0.01911355,0.01194597,0.00036871,0.01231468,976940172.32,1771.5703
2810,7.6934,1.4620,1.4620,23733.56,49031375.56,3994934.89,258273262.67,273589552.29,531862814.96,29297.80,2.03456926,0.00059720,0.01911054,0.01194409,0.00036802,0.01231211,976967470.12,1771.6611
2811,7.6961,1.4618,1.4618,23778.68,49035585.67,3995055.75,258295958.56,273596145.48,531892104.03,29289.07,2.03396345,0.00059711,0.01910754,0.01194221,0.00036734,0.01230955,976994759.20,1771.7518
2812,7.6988,1.4616,1.4616,23823.88,49039795.18,3995176.60,258318647.26,273602737.12,531921384.39,29280.35,2.03335784,0.00059702,0.01910453,0.01194033,0.00036665,0.01230698,977022039.55,1771.8424
2813,7.7016,1.4614,1.4614,23869.16,49044004.11,3995297.41,258341328.79,273609327.23,531950656.02,29271.63,2.03275242,0.00059692,0.01910153,0.01193846,0.00036596,0.01230442,977049311.18,1771.9328
2814,7.7043,1.4612,1.4612,23914.53,49048212.45,3995418.20,258364003.15,273615915.79,531979918.94,29262.92,2.03214720,0.00059683,0.01909853,0.01193658,0.00036528,0.01230186,977076574.10,1772.0230
2815,7.7070,1.4610,1.4610,23959.99,49052420.19,3995538.96,258386670.32,273622502.82,532009173.15,29254.21,2.03154216,0.00059674,0.01909552,0.01193470,0.00036460,0.01229930,977103828.31,1772.1131
2816,7.7098,1.4608,1.4608,24005.54,49056627.35,3995659.70,258409330.33,273629088.32,532038418.64,29245.50,2.03093732,0.00059664,0.01909252,0.01193283,0.00036392,0.01229674,977131073.81,1772.2031
2817,7.7125,1.4606,1.4606,24051.17,49060833.91,3995780.41,258431983.16,273635672.27,532067655.43,29236.79,2.03033267,0.00059655,0.01908952,0.01193095,0.00036324,0.01229418,977158310.60,1772.2929
2818,7.7153,1.4604,1.4604,24096.88,49065039.88,3995901.09,258454628.83,273642254.69,532096883.52,29228.09,2.02972821,0.00059645,0.01908652,0.01192907,0.00036256,0.01229163,977185538.68,1772.3826
2819,7.7180,1.4602,1.4602,24142.69,49069245.26,3996021.75,258477267.33,273648835.57,532126102.91,29219.38,2.02912394,0.00059636,0.01908352,0.01192720,0.00036188,0.01228908,977212758.07,1772.4721
2820,7.7207,1.4600,1.4600,24188.58,49073450.05,3996142.38,258499898.67,273655414.92,532155313.59,29210.69,2.02851986,0.00059627,0.01908052,0.01192532,0.00036120,0.01228653,977239968.75,1772.5615
2821,7.7235,1.4598,1.4598,24234.56,49077654.24,3996262.98,258522522.85,273661992.74,532184515.58,29201.99,2.02791598,0.00059617,0.01907752,0.01192345,0.00036053,0.01228398,977267170.74,1772.6507
2822,7.7262,1.4596,1.4596,24280.62,49081857.85,3996383.56,258545139.86,273668569.01,532213708.88,29193.30,2.02731229,0.00059608,0.01907452,0.01192157,0.00035985,0.01228143,977294364.04,1772.7398
2823,7.7290,1.4594,1.4594,24326.78,49086060.87,3996504.11,258567749.73,273675143.76,532242893.49,29184.61,2.02670879,0.00059599,0.01907152,0.01191970,0.00035918,0.01227888,977321548.65,1772.8288
2824,7.7317,1.4592,1.4592,24373.02,49090263.29,3996624.63,258590352.43,273681716.97,532272069.40,29175.92,2.02610548,0.00059589,0.01906852,0.01191783,0.00035851,0.01227634,977348724.57,1772.9176
2825,7.7344,1.4590,1.4590,24419.35,49094465.13,3996745.13,258612947.99,273688288.65,532301236.64,29167.23,2.02550236,0.00059580,0.01906553,0.01191595,0.00035784,0.01227379,977375891.80,1773.0063
2826,7.7372,1.4588,1.4588,24465.77,49098666.37,3996865.60,258635536.39,273694858.79,532330395.19,29158.55,2.02489943,0.00059570,0.01906253,0.01191408,0.00035717,0.01227125,977403050.35,1773.0948
2827,7.7399,1.4586,1.4586,24512.27,49102867.03,3996986.04,258658117.65,273701427.41,532359545.06,29149.87,2.02429669,0.00059561,0.01905953,0.01191221,0.00035650,0.01226871,977430200.22,1773.1832
2828,7.7426,1.4584,1.4584,24558.86,49107067.09,3997106.46,258680691.77,273707994.49,532388686.26,29141.20,2.02369415,0.00059552,0.01905654,0.01191034,0.00035584,0.01226617,977457341.42,1773.2715
2829,7.7454,1.4582,1.4582,24605.55,49111266.57,3997226.85,258703258.74,273714560.04,532417818.78,29132.52,2.02309179,0.00059542,0.01905354,0.01190846,0.00035517,0.01226363,977484473.94,1773.3596
2830,7.7481,1.4579,1.4579,24652.32,49115465.45,3997347.22,258725818.57,273721124.06,532446942.63,29123.85,2.02248963,0.00059533,0.01905055,0.01190659,0.00035451,0.01226110,977511597.79,1773.4475
2831,7.7509,1.4577,1.4577,24699.18,49119663.74,3997467.55,258748371.26,273727686.56,532476057.81,29115.18,2.02188766,0.00059524,0.01904756,0.01190472,0.00035384,0.01225857,977538712.98,1773.5353
2832,7.7536,1.4575,1.4575,24746.13,49123861.45,3997587.87,258770916.81,273734247.52,532505164.33,29106.52,2.02128588,0.00059514,0.01904456,0.01190285,0.00035318,0.01225603,977565819.49,1773.6230
2833,7.7563,1.4573,1.4573,24793.17,49128058.56,3997708.15,258793455.23,273740806.95,532534262.18,29097.85,2.02068429,0.00059505,0.01904157,0.01190098,0.00035252,0.01225350,977592917.35,1773.7106
2834,7.7591,1.4571,1.4571,24840.29,49132255.09,3997828.41,258815986.52,273747364.85,532563351.38,29089.19,2.02008289,0.00059496,0.01903858,0.01189911,0.00035186,0.01225097,977620006.54,1773.7980
2835,7.7618,1.4569,1.4569,24887.51,49136451.02,3997948.64,258838510.68,273753921.23,532592431.91,29080.54,2.01948168,0.00059486,0.01903559,0.01189724,0.00035120,0.01224845,977647087.08,1773.8852
2836,7.7645,1.4567,1.4567,24934.82,49140646.37,3998068.85,258861027.72,273760476.08,532621503.79,29071.88,2.01888066,0.00059477,0.01903260,0.01189537,0.00035055,0.01224592,977674158.96,1773.9723
2837,7.7673,1.4565,1.4565,24982.22,49144841.12,3998189.03,258883537.62,273767029.40,532650567.02,29063.23,2.01827983,0.00059468,0.01902961,0.01189350,0.00034989,0.01224340,977701222.19,1774.0593
2838,7.7700,1.4563,1.4563,25029.70,49149035.29,3998309.18,258906040.41,273773581.20,532679621.60,29054.58,2.01767920,0.00059458,0.01902662,0.01189164,0.00034924,0.01224087,977728276.77,1774.1462
2839,7.7728,1.4561,1.4561,25077.28,49153228.87,3998429.31,258928536.07,273780131.46,532708667.54,29045.93,2.01707875,0.00059449,0.01902363,0.01188977,0.00034859,0.01223835,977755322.70,1774.2329
2840,7.7755,1.4559,1.4559,25124.95,49157421.85,3998549.41,258951024.62,273786680.21,532737704.83,29037.29,2.01647849,0.00059439,0.01902064,0.01188790,0.00034793,0.01223583,977782359.99,1774.3194
2841,7.7782,1.4557,1.4557,25172.71,49161614.25,3998669.48,258973506.05,273793227.43,532766733.48,29028.65,2.01587843,0.00059430,0.01901765,0.01188603,0.00034728,0.01223332,977809388.64,1774.4059
2842,7.7810,1.4555,1.4555,25220.56,49165806.06,3998789.53,258995980.37,273799773.12,532795753.49,29020.01,2.01527855,0.00059421,0.01901466,0.01188416,0.00034663,0.01223080,977836408.65,1774.4921
2843,7.7837,1.4553,1.4553,25268.50,49169997.28,3998909.55,259018447.58,273806317.29,532824764.87,29011.38,2.01467887,0.00059411,0.01901168,0.01188230,0.00034599,0.01222828,977863420.03,1774.5783
2844,7.7864,1.4551,1.4551,25316.53,49174187.91,3999029.55,259040907.67,273812859.94,532853767.61,29002.74,2.01407937,0.00059402,0.01900869,0.01188043,0.00034534,0.01222577,977890422.77,1774.6643
2845,7.7892,1.4549,1.4549,25364.65,49178377.95,3999149.52,259063360.66,273819401.06,532882761.72,28994.11,2.01348007,0.00059393,0.01900571,0.01187857,0.00034469,0.01222326,977917416.88,1774.7502
2846,7.7919,1.4547,1.4547,25412.86,49182567.41,3999269.46,259085806.55,273825940.66,532911747.21,28985.49,2.01288095,0.00059384,0.01900272,0.01187670,0.00034405,0.01222075,977944402.37,1774.8359
2847,7.7947,1.4545,1.4545,25461.17,49186756.27,3999389.37,259108245.33,273832478.74,532940724.07,28976.86,2.01228203,0.00059374,0.01899974,0.01187484,0.00034341,0.01221824,977971379.23,1774.9215
2848,7.7974,1.4543,1.4543,25509.57,49190944.55,3999509.26,259130677.01,273839015.29,532969692.31,28968.24,2.01168329,0.00059365,0.01899675,0.01187297,0.00034276,0.01221573,977998347.47,1775.0069
2849,7.8001,1.4541,1.4541,25558.06,49195132.24,3999629.13,259153101.60,273845550.33,532998651.93,28959.62,2.01108475,0.00059356,0.01899377,0.01187111,0.00034212,0.01221323,978025307.09,1775.0923
2850,7.8029,1.4539,1.4539,25606.64,49199319.33,3999748.96,259175519.09,273852083.84,533027602.93,28951.00,2.01048639,0.00059346,0.01899079,0.01186924,0.00034148,0.01221072,978052258.09,1775.1774
2851,7.8056,1.4536,1.4536,25655.31,49203505.85,3999868.77,259197929.48,273858615.84,533056545.32,28942.39,2.00988822,0.00059337,0.01898780,0.01186738,0.00034084,0.01220822,978079200.48,1775.2625
2852,7.8084,1.4534,1.4534,25704.08,49207691.77,3999988.56,259220332.79,273865146.31,533085479.10,28933.78,2.00929025,0.00059328,0.01898482,0.01186551,0.00034021,0.01220572,978106134.26,1775.3474
2853,7.8111,1.4532,1.4532,25752.94,49211877.10,4000108.32,259242729.01,273871675.27,533114404.27,28925.17,2.00869246,0.00059318,0.01898184,0.01186365,0.00033957,0.01220322,978133059.44,1775.4322
2854,7.8138,1.4530,1.4530,25801.89,49216061.85,4000228.05,259265118.14,273878202.70,533143320.84,28916.57,2.00809486,0.00059309,0.01897886,0.01186179,0.00033894,0.01220072,978159976.00,1775.5168
2855,7.8166,1.4528,1.4528,25850.94,49220246.01,4000347.75,259287500.18,273884728.62,533172228.80,28907.96,2.00749745,0.00059300,0.01897588,0.01185993,0.00033830,0.01219823,978186883.97,1775.6013
2856,7.8193,1.4526,1.4526,25900.07,49224429.58,4000467.43,259309875.14,273891253.02,533201128.17,28899.36,2.00690024,0.00059290,0.01897290,0.01185806,0.00033767,0.01219573,978213783.33,1775.6856
2857,7.8220,1.4524,1.4524,25949.31,49228612.56,4000587.08,259332243.03,273897775.91,533230018.93,28890.77,2.00630321,0.00059281,0.01896992,0.01185620,0.00033704,0.01219324,978240674.09,1775.7699
2858,7.8248,1.4522,1.4522,25998.63,49232794.95,4000706.71,259354603.83,273904297.27,533258901.10,28882.17,2.00570637,0.00059272,0.01896695,0.01185434,0.00033641,0.01219075,978267556.27,1775.8540
2859,7.8275,1.4520,1.4520,26048.05,49236976.76,4000826.31,259376957.56,273910817.12,533287774.68,28873.58,2.00510971,0.00059262,0.01896397,0.01185248,0.00033578,0.01218826,978294429.85,1775.9379
2860,7.8303,1.4518,1.4518,26097.56,49241157.98,4000945.89,259399304.22,273917335.46,533316639.67,28864.99,2.00451325,0.00059253,0.01896099,0.01185062,0.00033515,0.01218577,978321294.84,1776.0217
2861,7.8330,1.4516,1.4516,26147.17,49245338.61,4001065.43,259421643.80,273923852.27,533345496.08,28856.40,2.00391698,0.00059244,0.01895802,0.01184876,0.00033452,0.01218328,978348151.24,1776.1054
2862,7.8357,1.4514,1.4514,26196.87,49249518.66,4001184.96,259443976.32,273930367.58,533374343.90,28847.82,2.00332090,0.00059235,0.01895504,0.01184690,0.00033390,0.01218080,978374999.06,1776.1890
2863,7.8385,1.4512,1.4512,26246.67,49253698.11,4001304.45,259466301.77,273936881.37,533403183.14,28839.24,2.00272500,0.00059225,0.01895207,0.01184504,0.00033327,0.01217832,978401838.30,1776.2724
2864,7.8412,1.4510,1.4510,26296.56,49257876.98,4001423.92,259488620.16,273943393.64,533432013.80,28830.66,2.00212929,0.00059216,0.01894909,0.01184318,0.00033265,0.01217583,978428668.96,1776.3557
2865,7.8439,1.4508,1.4508,26346.54,49262055.26,4001543.36,259510931.48,273949904.41,533460835.89,28822.09,2.00153378,0.00059207,0.01894612,0.01184132,0.00033203,0.01217335,978455491.05,1776.4388
2866,7.8467,1.4506,1.4506,26396.62,49266232.96,4001662.78,259533235.75,273956413.66,533489649.40,28813.51,2.00093845,0.00059197,0.01894314,0.01183946,0.00033141,0.01217087,978482304.56,1776.5218
2867,7.8494,1.4504,1.4504,26446.80,49270410.07,4001782.17,259555532.95,273962921.39,533518454.35,28804.94,2.00034331,0.00059188,0.01894017,0.01183761,0.00033079,0.01216840,978509109.51,1776.6047
2868,7.8522,1.4502,1.4502,26497.07,49274586.59,4001901.54,259577823.10,273969427.62,533547250.72,28796.38,1.99974836,0.00059179,0.01893720,0.01183575,0.00033017,0.01216592,978535905.88,1776.6874
2869,7.8549,1.4500,1.4500,26547.44,49278762.52,4002020.87,259600106.20,273975932.33,533576038.53,28787.81,1.99915359,0.00059169,0.01893423,0.01183389,0.00032955,0.01216344,978562693.70,1776.7701
2870,7.8576,1.4498,1.4498,26597.90,49282937.87,4002140.19,259622382.25,273982435.53,533604817.78,28779.25,1.99855902,0.00059160,0.01893126,0.01183203,0.00032894,0.01216097,978589472.95,1776.8525
2871,7.8604,1.4496,1.4496,26648.46,49287112.63,4002259.47,259644651.25,273988937.22,533633588.47,28770.69,1.99796463,0.00059151,0.01892829,0.01183018,0.00032832,0.01215850,978616243.64,1776.9349
2872,7.8631,1.4494,1.4494,26699.11,49291286.81,4002378.73,259666913.20,273995437.41,533662350.61,28762.13,1.99737043,0.00059142,0.01892532,0.01182832,0.00032771,0.01215603,978643005.77,1777.0171
2873,7.8658,1.4492,1.4492,26749.86,49295460.39,4002497.97,259689168.11,274001936.08,533691104.19,28753.58,1.99677642,0.00059132,0.01892235,0.01182647,0.00032710,0.01215356,978669759.35,1777.0992
2874,7.8686,1.4490,1.4490,26800.71,49299633.39,4002617.17,259711415.98,274008433.24,533719849.22,28745.03,1.99618260,0.00059123,0.01891938,0.01182461,0.00032648,0.01215109,978696504.38,1777.1811
2875,7.8713,1.4488,1.4488,26851.65,49303805.81,4002736.36,259733656.80,274014928.90,533748585.70,28736.48,1.99558897,0.00059114,0.01891641,0.01182276,0.00032587,0.01214863,978723240.86,1777.2629
2876,7.8741,1.4486,1.4486,26902.70,49307977.64,4002855.51,259755890.59,274021423.04,533777313.63,28727.94,1.99499552,0.00059105,0.01891344,0.01182090,0.00032526,0.01214616,978749968.80,1777.3446
2877,7.8768,1.4483,1.4483,26953.83,49312148.88,4002974.64,259778117.35,274027915.68,533806033.03,28719.39,1.99440227,0.00059095,0.01891047,0.01181905,0.00032466,0.01214370,978776688.19,1777.4262
2878,7.8795,1.4481,1.4481,27005.07,49316319.54,4003093.74,259800337.07,274034406.81,533834743.88,28710.85,1.99380920,0.00059086,0.01890751,0.01181719,0.00032405,0.01214124,978803399.04,1777.5076
2879,7.8823,1.4479,1.4479,27056.40,49320489.61,4003212.82,259822549.76,274040896.44,533863446.19,28702.31,1.99321632,0.00059077,0.01890454,0.01181534,0.00032344,0.01213878,978830101.36,1777.5889
2880,7.8850,1.4477,1.4477,27107.83,49324659.09,4003331.87,259844755.42,274047384.55,533892139.98,28693.78,1.99262362,0.00059067,0.01890158,0.01181349,0.00032284,0.01213632,978856795.14,1777.6701
2881,7.8877,1.4475,1.4475,27159.36,49328827.99,4003450.90,259866954.06,274053871.17,533920825.22,28685.25,1.99203112,0.00059058,0.01889861,0.01181163,0.00032223,0.01213387,978883480.39,1777.7511
2882,7.8905,1.4473,1.4473,27210.98,49332996.30,4003569.90,259889145.67,274060356.28,533949501.94,28676.72,1.99143880,0.00059049,0.01889565,0.01180978,0.00032163,0.01213141,978910157.10,1777.8320
2883,7.8932,1.4471,1.4471,27262.71,49337164.03,4003688.87,259911330.26,274066839.88,533978170.13,28668.19,1.99084667,0.00059040,0.01889268,0.01180793,0.00032103,0.01212896,978936825.30,1777.9127
2884,7.8960,1.4469,1.4469,27314.53,49341331.17,4003807.82,259933507.83,274073321.98,534006829.80,28659.67,1.99025473,0.00059030,0.01888972,0.01180608,0.00032043,0.01212650,978963484.96,1777.9934
2885,7.8987,1.4467,1.4467,27366.45,49345497.72,4003926.74,259955678.38,274079802.57,534035480.95,28651.15,1.98966297,0.00059021,0.01888676,0.01180422,0.00031983,0.01212405,978990136.11,1778.0739
2886,7.9014,1.4465,1.4465,27418.47,49349663.69,4004045.63,259977841.91,274086281.66,534064123.58,28642.63,1.98907140,0.00059012,0.01888380,0.01180237,0.00031923,0.01212160,979016778.74,1778.1543
2887,7.9042,1.4463,1.4463,27470.59,49353829.08,4004164.50,259999998.44,274092759.25,534092757.69,28634.11,1.98848002,0.00059003,0.01888084,0.01180052,0.00031864,0.01211916,979043412.85,1778.2345
2888,7.9069,1.4461,1.4461,27522.80,49357993.88,4004283.34,260022147.95,274099235.34,534121383.29,28625.60,1.98788883,0.00058993,0.01887787,0.01179867,0.00031804,0.01211671,979070038.45,1778.3146
2889,7.9097,1.4459,1.4459,27575.12,49362158.09,4004402.16,260044290.46,274105709.92,534150000.38,28617.09,1.98729782,0.00058984,0.01887491,0.01179682,0.00031744,0.01211427,979096655.54,1778.3946
2890,7.9124,1.4457,1.4457,27627.54,49366321.72,4004520.95,260066425.95,274112183.00,534178608.96,28608.58,1.98670700,0.00058975,0.01887195,0.01179497,0.00031685,0.01211182,979123264.12,1778.4745
2891,7.9151,1.4455,1.4455,27680.05,49370484.76,4004639.71,260088554.45,274118654.59,534207209.03,28600.08,1.98611637,0.00058966,0.01886900,0.01179312,0.00031626,0.01210938,979149864.20,1778.5542
2892,7.9179,1.4453,1.4453,27732.67,49374647.22,4004758.45,260110675.94,274125124.67,534235800.61,28591.57,1.98552593,0.00058956,0.01886604,0.01179127,0.00031567,0.01210694,979176455.77,1778.6338
2893,7.9206,1.4451,1.4451,27785.38,49378809.10,4004877.17,260132790.43,274131593.25,534264383.68,28583.07,1.98493567,0.00058947,0.01886308,0.01178942,0.00031508,0.01210450,979203038.84,1778.7133
2894,7.9233,1.4449,1.4449,27838.20,49382970.38,4004995.85,260154897.93,274138060.33,534292958.26,28574.58,1.98434560,0.00058938,0.01886012,0.01178758,0.00031449,0.01210206,979229613.42,1778.7926
2895,7.9261,1.4447,1.4447,27891.11,49387131.09,4005114.51,260176998.43,274144525.91,534321524.34,28566.08,1.98375571,0.00058929,0.01885717,0.01178573,0.00031390,0.01209963,979256179.50,1778.8718
2896,7.9288,1.4445,1.4445,27944.13,49391291.21,4005233.15,260199091.93,274150990.00,534350081.93,28557.59,1.98316602,0.00058919,0.01885421,0.01178388,0.00031331,0.01209719,979282737.09,1778.9509
2897,7.9316,1.4443,1.4443,27997.25,49395450.74,4005351.76,260221178.45,274157452.58,534378631.03,28549.10,1.98257651,0.00058910,0.01885125,0.01178203,0.00031273,0.01209476,979309286.19,1779.0299
2898,7.9343,1.4441,1.4441,28050.47,49399609.69,4005470.34,260243257.98,274163913.67,534407171.65,28540.62,1.98198718,0.00058901,0.01884830,0.01178019,0.00031214,0.01209233,979335826.81,1779.1087
2899,7.9370,1.4439,1.4439,28103.78,49403768.06,4005588.90,260265330.52,274170373.26,534435703.78,28532.13,1.98139805,0.00058892,0.01884534,0.01177834,0.00031156,0.01208990,979362358.94,1779.1874
2900,7.9398,1.4437,1.4437,28157.21,49407925.84,4005707.43,260287396.07,274176831.36,534464227.43,28523.65,1.98080910,0.00058882,0.01884239,0.01177649,0.00031097,0.01208747,979388882.59,1779.2660
2901,7.9425,1.4435,1.4435,28210.73,49412083.04,4005825.93,260309454.65,274183287.96,534492742.60,28515.17,1.98022033,0.00058873,0.01883944,0.01177465,0.00031039,0.01208504,979415397.77,1779.3444
2902,7.9452,1.4433,1.4433,28264.35,49416239.65,4005944.41,260331506.24,274189743.06,534521249.30,28506.70,1.97963175,0.00058864,0.01883648,0.01177280,0.00030981,0.01208262,979441904.46,1779.4228
2903,7.9480,1.4431,1.4431,28318.08,49420395.68,4006062.87,260353550.86,274196196.67,534549747.52,28498.22,1.97904336,0.00058855,0.01883353,0.01177096,0.00030923,0.01208019,979468402.69,1779.5010
2904,7.9507,1.4429,1.4429,28371.91,49424551.13,4006181.29,260375588.50,274202648.78,534578237.28,28489.75,1.97845516,0.00058846,0.01883058,0.01176911,0.00030865,0.01207777,979494892.44,1779.5790
2905,7.9535,1.4427,1.4427,28425.84,49428705.99,4006299.70,260397619.17,274209099.40,534606718.57,28481.29,1.97786714,0.00058836,0.01882763,0.01176727,0.00030808,0.01207535,979521373.73,1779.6570
2906,7.9562,1.4425,1.4425,28479.87,49432860.27,4006418.07,260419642.86,274215548.52,534635191.39,28472.82,1.97727931,0.00058827,0.01882468,0.01176542,0.00030750,0.01207293,979547846.55,1779.7348
2907,7.9589,1.4423,1.4423,28534.00,49437013.96,4006536.42,260441659.59,274221996.15,534663655.75,28464.36,1.97669166,0.00058818,0.01882173,0.01176358,0.00030693,0.01207051,979574310.91,1779.8125
2908,7.9617,1.4421,1.4421,28588.24,49441167.07,4006654.75,260463669.36,274228442.29,534692111.65,28455.90,1.97610420,0.00058809,0.01881878,0.01176174,0.00030635,0.01206809,979600766.81,1779.8900
2909,7.9644,1.4418,1.4418,28642.58,49445319.60,4006773.04,260485672.15,274234886.94,534720559.09,28447.44,1.97551693,0.00058799,0.01881583,0.01175989,0.00030578,0.01206567,979627214.25,1779.9675
2910,7.9671,1.4416,1.4416,28697.03,49449471.54,4006891.32,260507667.99,274241330.09,534748998.08,28438.99,1.97492984,0.00058790,0.01881288,0.01175805,0.00030521,0.01206326,979653653.24,1780.0448
2911,7.9699,1.4414,1.4414,28751.58,49453622.90,4007009.56,260529656.86,274247771.76,534777428.62,28430.54,1.97434294,0.00058781,0.01880994,0.01175621,0.00030464,0.01206085,979680083.78,1780.1220
2912,7.9726,1.4412,1.4412,28806.23,49457773.67,4007127.78,260551638.78,274254211.93,534805850.71,28422.09,1.97375622,0.00058772,0.01880699,0.01175437,0.00030407,0.01205843,979706505.87,1780.1991
2913,7.9754,1.4410,1.4410,28860.99,49461923.87,4007245.98,260573613.74,274260650.61,534834264.35,28413.64,1.97316969,0.00058763,0.01880404,0.01175253,0.00030350,0.01205602,979732919.52,1780.2760
2914,7.9781,1.4408,1.4408,28915.85,49466073.48,4007364.15,260595581.75,274267087.80,534862669.55,28405.20,1.97258334,0.00058753,0.01880110,0.01175069,0.00030293,0.01205362,979759324.72,1780.3528
2915,7.9808,1.4406,1.4406,28970.81,49470222.50,4007482.29,260617542.81,274273523.50,534891066.31,28396.76,1.97199718,0.00058744,0.01879815,0.01174884,0.00030236,0.01205121,979785721.48,1780.4295
2916,7.9836,1.4404,1.4404,29025.88,49474370.95,4007600.41,260639496.92,274279957.72,534919454.63,28388.32,1.97141121,0.00058735,0.01879521,0.01174700,0.00030180,0.01204880,979812109.80,1780.5061
2917,7.9863,1.4402,1.4402,29081.05,49478518.81,4007718.50,260661444.08,274286390.44,534947834.52,28379.89,1.97082542,0.00058726,0.01879226,0.01174516,0.00030123,0.01204640,979838489.68,1780.5825
2918,7.9890,1.4400,1.4400,29136.33,49482666.09,4007836.56,260683384.30,274292821.68,534976205.97,28371.45,1.97023982,0.00058717,0.01878932,0.01174332,0.00030067,0.01204399,979864861.14,1780.6588
2919,7.9918,1.4398,1.4398,29191.71,49486812.78,4007954.60,260705317.57,274299251.42,535004569.00,28363.02,1.96965440,0.00058707,0.01878638,0.01174148,0.00030011,0.01204159,979891224.16,1780.7350
2920,7.9945,1.4396,1.4396,29247.20,49490958.89,4008072.62,260727243.91,274305679.68,535032923.59,28354.60,1.96906917,0.00058698,0.01878343,0.01173965,0.00029955,0.01203919,979917578.76,1780.8111
2921,7.9973,1.4394,1.4394,29302.80,49495104.42,4008190.61,260749163.30,274312106.46,535061269.76,28346.17,1.96848412,0.00058689,0.01878049,0.01173781,0.00029899,0.01203679,979943924.93,1780.8871
2922,8.0000,1.4392,1.4392,29358.50,49499249.37,4008308.57,260771075.77,274318531.75,535089607.51,28337.75,1.96789926,0.00058680,0.01877755,0.01173597,0.00029843,0.01203440,979970262.68,1780.9629
2923,8.0027,1.4390,1.4390,29414.30,49503393.73,4008426.51,260792981.29,274324955.55,535117936.84,28329.33,1.96731458,0.00058671,0.01877461,0.01173413,0.00029787,0.01203200,979996592.01,1781.0386
2924,8.0055,1.4388,1.4388,29470.21,49507537.52,4008544.42,260814879.89,274331377.87,535146257.76,28320.91,1.96673009,0.00058661,0.01877167,0.01173229,0.00029731,0.01202961,980022912.92,1781.1142
2925,8.0082,1.4386,1.4386,29526.23,49511680.72,4008662.30,260836771.56,274337798.70,535174570.26,28312.50,1.96614578,0.00058652,0.01876873,0.01173046,0.00029676,0.01202721,980049225.42,1781.1896
2926,8.0110,1.4384,1.4384,29582.36,49515823.34,4008780.16,260858656.30,274344218.05,535202874.34,28304.09,1.96556166,0.00058643,0.01876579,0.01172862,0.00029620,0.01202482,980075529.51,1781.2650
2927,8.0137,1.4382,1.4382,29638.59,49519965.37,4008898.00,260880534.11,274350635.91,535231170.02,28295.68,1.96497772,0.00058634,0.01876285,0.01172678,0.00029565,0.01202243,980101825.19,1781.3402
2928,8.0164,1.4380,1.4380,29694.93,49524106.82,4009015.81,260902405.00,274357052.29,535259457.30,28287.27,1.96439397,0.00058625,0.01875991,0.01172495,0.00029509,0.01202004,980128112.46,1781.4153
2929,8.0192,1.4378,1.4378,29751.37,49528247.70,4009133.59,260924268.98,274363467.19,535287736.17,28278.87,1.96381040,0.00058616,0.01875698,0.01172311,0.00029454,0.01201765,980154391.33,1781.4902
2930,8.0219,1.4376,1.4376,29807.92,49532387.99,4009251.35,260946126.03,274369880.60,535316006.63,28270.47,1.96322702,0.00058606,0.01875404,0.01172127,0.00029399,0.01201527,980180661.80,1781.5651
2931,8.0246,1.4374,1.4374,29864.58,49536527.69,4009369.08,260967976.17,274376292.54,535344268.71,28262.07,1.96264382,0.00058597,0.01875110,0.01171944,0.00029344,0.01201288,980206923.87,1781.6398
2932,8.0274,1.4372,1.4372,29921.35,49540666.82,4009486.78,260989819.39,274382702.99,535372522.38,28253.68,1.96206081,0.00058588,0.01874817,0.01171761,0.00029289,0.01201050,980233177.54,1781.7144
2933,8.0301,1.4370,1.4370,29978.23,49544805.37,4009604.46,261011655.70,274389111.96,535400767.66,28245.28,1.96147798,0.00058579,0.01874523,0.01171577,0.00029234,0.01200812,980259422.83,1781.7889
2934,8.0329,1.4368,1.4368,30035.21,49548943.33,4009722.12,261033485.11,274395519.45,535429004.56,28236.89,1.96089533,0.00058570,0.01874230,0.01171394,0.00029180,0.01200573,980285659.72,1781.8633
2935,8.0356,1.4366,1.4366,30092.30,49553080.71,4009839.74,261055307.60,274401925.46,535457233.06,28228.51,1.96031287,0.00058561,0.01873936,0.01171210,0.00029125,0.01200335,980311888.23,1781.9375
2936,8.0383,1.4364,1.4364,30149.50,49557217.51,4009957.35,261077123.19,274408329.99,535485453.18,28220.12,1.95973059,0.00058551,0.01873643,0.01171027,0.00029071,0.01200098,980338108.35,1782.0116
2937,8.0411,1.4362,1.4362,30206.81,49561353.73,4010074.93,261098931.88,274414733.04,535513664.92,28211.74,1.95914850,0.00058542,0.01873350,0.01170844,0.00029016,0.01199860,980364320.08,1782.0856
2938,8.0438,1.4360,1.4360,30264.23,49565489.37,4010192.48,261120733.67,274421134.61,535541868.28,28203.36,1.95856660,0.00058533,0.01873057,0.01170660,0.00028962,0.01199622,980390523.44,1782.1595
2939,8.0465,1.4358,1.4358,30321.76,49569624.42,4010310.00,261142528.56,274427534.71,535570063.26,28194.98,1.95798487,0.00058524,0.01872763,0.01170477,0.00028908,0.01199385,980416718.43,1782.2333
2940,8.0493,1.4356,1.4356,30379.40,49573758.90,4010427.50,261164316.55,274433933.32,535598249.87,28186.61,1.95740333,0.00058515,0.01872470,0.01170294,0.00028854,0.01199148,980442905.03,1782.3069
2941,8.0520,1.4354,1.4354,30437.14,49577892.79,4010544.98,261186097.65,274440330.46,535626428.11,28178.24,1.95682198,0.00058506,0.01872177,0.01170111,0.00028800,0.01198911,980469083.27,1782.3804
2942,8.0548,1.4352,1.4352,30495.00,49582026.11,4010662.43,261207871.85,274446726.12,535654597.97,28169.87,1.95624080,0.00058496,0.01871884,0.01169928,0.00028746,0.01198674,980495253.14,1782.4539
2943,8.0575,1.4350,1.4350,30552.96,49586158.84,4010779.85,261229639.17,274453120.31,535682759.48,28161.50,1.95565982,0.00058487,0.01871591,0.01169745,0.00028692,0.01198437,980521414.64,1782.5271
2944,8.0602,1.4348,1.4348,30611.04,49590290.99,4010897.25,261251399.59,274459513.02,535710912.61,28153.14,1.95507901,0.00058478,0.01871298,0.01169562,0.00028639,0.01198200,980547567.78,1782.6003
2945,8.0630,1.4346,1.4346,30669.23,49594422.57,4011014.62,261273153.14,274465904.25,535739057.39,28144.78,1.95449839,0.00058469,0.01871006,0.01169379,0.00028585,0.01197963,980573712.55,1782.6733
2946,8.0657,1.4344,1.4344,30727.52,49598553.56,4011131.97,261294899.80,274472294.01,535767193.81,28136.42,1.95391795,0.00058460,0.01870713,0.01169196,0.00028531,0.01197727,980599848.97,1782.7463
2947,8.0684,1.4342,1.4342,30785.93,49602683.97,4011249.29,261316639.58,274478682.30,535795321.87,28128.06,1.95333770,0.00058451,0.01870420,0.01169013,0.00028478,0.01197491,980625977.03,1782.8191
2948,8.0712,1.4340,1.4340,30844.45,49606813.80,4011366.58,261338372.47,274485069.11,535823441.58,28119.71,1.95275763,0.00058441,0.01870128,0.01168830,0.00028425,0.01197255,980652096.74,1782.8918
2949,8.0739,1.4338,1.4338,30903.08,49610943.05,4011483.86,261360098.50,274491454.44,535851552.94,28111.36,1.95217775,0.00058432,0.01869835,0.01168647,0.00028372,0.01197018,980678208.10,1782.9644
2950,8.0767,1.4336,1.4336,30961.82,49615071.72,4011601.10,261381817.65,274497838.31,535879655.95,28103.01,1.95159804,0.00058423,0.01869542,0.01168464,0.00028319,0.01196783,980704311.12,1783.0368
2951,8.0794,1.4334,1.4334,31020.68,49619199.81,4011718.32,261403529.92,274504220.70,535907750.62,28094.67,1.95101852,0.00058414,0.01869250,0.01168281,0.00028266,0.01196547,980730405.78,1783.1091
2952,8.0821,1.4332,1.4332,31079.64,49623327.32,4011835.51,261425235.33,274510601.62,535935836.94,28086.32,1.95043919,0.00058405,0.01868957,0.01168098,0.00028213,0.01196311,980756492.11,1783.1814
2953,8.0849,1.4330,1.4330,31138.72,49627454.24,4011952.68,261446933.86,274516981.07,535963914.93,28077.98,1.94986004,0.00058396,0.01868665,0.01167916,0.00028160,0.01196076,980782570.09,1783.2535
2954,8.0876,1.4328,1.4328,31197.91,49631580.59,4012069.82,261468625.53,274523359.04,535991984.58,28069.65,1.94928107,0.00058387,0.01868373,0.01167733,0.00028107,0.01195840,980808639.74,1783.3255
2955,8.0903,1.4326,1.4326,31257.21,49635706.36,4012186.94,261490310.34,274529735.55,536020045.89,28061.31,1.94870228,0.00058378,0.01868081,0.01167550,0.00028055,0.01195605,980834701.05,1783.3973
2956,8.0931,1.4324,1.4324,31316.63,49639831.55,4012304.03,261511988.29,274536110.58,536048098.87,28052.98,1.94812368,0.00058368,0.01867788,0.01167368,0.00028002,0.01195370,980860754.03,1783.4691
2957,8.0958,1.4322,1.4322,31376.15,49643956.16,4012421.10,261533659.38,274542484.15,536076143.52,28044.65,1.94754526,0.00058359,0.01867496,0.01167185,0.00027950,0.01195135,980886798.68,1783.5407
2958,8.0986,1.4320,1.4320,31435.80,49648080.19,4012538.14,261555323.61,274548856.24,536104179.85,28036.33,1.94696702,0.00058350,0.01867204,0.01167003,0.00027898,0.01194900,980912835.01,1783.6122
2959,8.1013,1.4318,1.4318,31495.55,49652203.65,4012655.15,261576980.98,274555226.87,536132207.85,28028.00,1.94638896,0.00058341,0.01866912,0.01166820,0.00027845,0.01194665,980938863.01,1783.6836
2960,8.1040,1.4316,1.4316,31555.42,49656326.52,4012772.14,261598631.50,274561596.03,536160227.53,28019.68,1.94581109,0.00058332,0.01866620,0.01166638,0.00027793,0.01194431,980964882.69,1783.7549
2961,8.1068,1.4314,1.4314,31615.40,49660448.81,4012889.11,261620275.17,274567963.72,536188238.89,28011.36,1.94523340,0.00058323,0.01866328,0.01166455,0.00027741,0.01194196,980990894.05,1783.8261
2962,8.1095,1.4312,1.4312,31675.49,49664570.52,4013006.05,261641912.00,274574329.94,536216241.93,28003.04,1.94465590,0.00058314,0.01866036,0.01166273,0.00027689,0.01193962,981016897.10,1783.8971
2963,8.1123,1.4309,1.4309,31735.70,49668691.66,4013122.96,261663541.97,274580694.69,536244236.66,27994.73,1.94407857,0.00058305,0.01865744,0.01166090,0.00027638,0.01193728,981042891.83,1783.9681
2964,8.1150,1.4307,1.4307,31796.03,49672812.21,4013239.85,261685165.10,274587057.98,536272223.09,27986.42,1.94350143,0.00058295,0.01865453,0.01165908,0.00027586,0.01193494,981068878.25,1784.0389
2965,8.1177,1.4305,1.4305,31856.47,49676932.19,4013356.71,261706781.39,274593419.80,536300201.20,27978.11,1.94292447,0.00058286,0.01865161,0.01165726,0.00027534,0.01193260,981094856.36,1784.1096
2966,8.1205,1.4303,1.4303,31917.02,49681051.58,4013473.55,261728390.84,274599780.16,536328171.00,27969.81,1.94234770,0.00058277,0.01864869,0.01165543,0.00027483,0.01193026,981120826.17,1784.1802
2967,8.1232,1.4301,1.4301,31977.69,49685170.40,4013590.36,261749993.46,274606139.05,536356132.51,27961.50,1.94177110,0.00058268,0.01864578,0.01165361,0.00027431,0.01192792,981146787.67,1784.2507
2968,8.1259,1.4299,1.4299,32038.48,49689288.64,4013707.14,261771589.23,274612496.48,536384085.71,27953.20,1.94119469,0.00058259,0.01864286,0.01165179,0.00027380,0.01192559,981172740.88,1784.3211
2969,8.1287,1.4297,1.4297,32099.38,49693406.30,4013823.90,261793178.18,274618852.44,536412030.62,27944.91,1.94061846,0.00058250,0.01863995,0.01164997,0.00027329,0.01192326,981198685.78,1784.3913
2970,8.1314,1.4295,1.4295,32160.39,49697523.38,4013940.64,261814760.29,274625206.94,536439967.23,27936.61,1.94004242,0.00058241,0.01863703,0.01164815,0.00027278,0.01192092,981224622.39,1784.4614
2971,8.1342,1.4293,1.4293,32221.52,49701639.89,4014057.35,261836335.57,274631559.98,536467895.55,27928.32,1.93946655,0.00058232,0.01863412,0.01164633,0.00027227,0.01191859,981250550.71,1784.5315
2972,8.1369,1.4291,1.4291,32282.77,49705755.81,4014174.03,261857904.03,274637911.55,536495815.58,27920.03,1.93889087,0.00058223,0.01863121,0.01164450,0.00027176,0.01191626,981276470.74,1784.6014
2973,8.1396,1.4289,1.4289,32344.14,49709871.16,4014290.69,261879465.66,274644261.66,536523727.32,27911.74,1.93831537,0.00058213,0.01862829,0.01164268,0.00027125,0.01191393,981302382.48,1784.6712
2974,8.1424,1.4287,1.4287,32405.62,49713985.93,4014407.33,261901020.47,274650610.31,536551630.77,27903.46,1.93774005,0.00058204,0.01862538,0.01164086,0.00027074,0.01191161,981328285.94,1784.7408
2975,8.1451,1.4285,1.4285,32467.21,49718100.12,4014523.94,261922568.46,274656957.49,536579525.95,27895.17,1.93716491,0.00058195,0.01862247,0.01163904,0.00027023,0.01190928,981354181.11,1784.8104
2976,8.1478,1.4283,1.4283,32528.93,49722213.73,4014640.52,261944109.63,274663303.22,536607412.84,27886.90,1.93658996,0.00058186,0.01861956,0.01163723,0.00026973,0.01190695,981380068.01,1784.8799
2977,8.1506,1.4281,1.4281,32590.76,49726326.76,4014757.08,261965643.98,274669647.48,536635291.46,27878.62,1.93601518,0.00058177,0.01861665,0.01163541,0.00026922,0.01190463,981405946.63,1784.9492
2978,8.1533,1.4279,1.4279,32652.71,49730439.22,4014873.61,261987171.52,274675990.29,536663161.81,27870.34,1.93544059,0.00058168,0.01861374,0.01163359,0.00026872,0.01190231,981431816.97,1785.0184
2979,8.1561,1.4277,1.4277,32714.78,49734551.10,4014990.12,262008692.25,274682331.63,536691023.88,27862.07,1.93486618,0.00058159,0.01861083,0.01163177,0.00026822,0.01189999,981457679.04,1785.0875
2980,8.1588,1.4275,1.4275,32776.96,49738662.40,4015106.60,262030206.17,274688671.52,536718877.68,27853.80,1.93429195,0.00058150,0.01860792,0.01162995,0.00026772,0.01189767,981483532.85,1785.1565
2981,8.1615,1.4273,1.4273,32839.27,49742773.12,4015223.05,262051713.28,274695009.94,536746723.22,27845.54,1.93371791,0.00058141,0.01860502,0.01162813,0.00026722,0.01189535,981509378.39,1785.2254
2982,8.1643,1.4271,1.4271,32901.69,49746883.26,4015339.48,262073213.59,274701346.91,536774560.50,27837.27,1.93314404,0.00058132,0.01860211,0.01162632,0.00026672,0.01189303,981535215.66,1785.2942
2983,8.1670,1.4269,1.4269,32964.23,49750992.83,4015455.89,262094707.09,274707682.42,536802389.51,27829.01,1.93257036,0.00058123,0.01859920,0.01162450,0.00026622,0.01189072,981561044.67,1785.3629
2984,8.1697,1.4267,1.4267,33026.89,49755101.82,4015572.27,262116193.79,274714016.47,536830210.26,27820.75,1.93199686,0.00058113,0.01859629,0.01162268,0.00026572,0.01188840,981586865.43,1785.4314
2985,8.1725,1.4265,1.4265,33089.67,49759210.23,4015688.63,262137673.69,274720349.07,536858022.76,27812.50,1.93142354,0.00058104,0.01859339,0.01162087,0.00026522,0.01188609,981612677.93,1785.4999
2986,8.1752,1.4263,1.4263,33152.57,49763318.07,4015804.96,262159146.80,274726680.21,536885827.01,27804.25,1.93085039,0.00058095,0.01859048,0.01161905,0.00026472,0.01188378,981638482.17,1785.5682
2987,8.1780,1.4261,1.4261,33215.58,49767425.33,4015921.26,262180613.11,274733009.89,536913623.00,27796.00,1.93027744,0.00058086,0.01858758,0.01161724,0.00026423,0.01188147,981664278.17,1785.6364
2988,8.1807,1.4259,1.4259,33278.72,49771532.01,4016037.54,262202072.63,274739338.12,536941410.75,27787.75,1.92970466,0.00058077,0.01858467,0.01161542,0.00026373,0.01187916,981690065.91,1785.7045
2989,8.1834,1.4257,1.4257,33341.98,49775638.11,4016153.80,262223525.36,274745664.89,536969190.25,27779.50,1.92913206,0.00058068,0.01858177,0.01161361,0.00026324,0.01187685,981715845.42,1785.7725
2990,8.1862,1.4255,1.4255,33405.36,49779743.64,4016270.02,262244971.30,274751990.21,536996961.51,27771.26,1.92855965,0.00058059,0.01857887,0.01161179,0.00026275,0.01187454,981741616.67,1785.8404
2991,8.1889,1.4253,1.4253,33468.86,49783848.59,4016386.23,262266410.46,274758314.07,537024724.53,27763.02,1.92798741,0.00058050,0.01857597,0.01160998,0.00026226,0.01187224,981767379.69,1785.9082
2992,8.1916,1.4251,1.4251,33532.47,49787952.96,4016502.41,262287842.83,274764636.48,537052479.31,27754.78,1.92741536,0.00058041,0.01857306,0.01160817,0.00026177,0.01186993,981793134.47,1785.9759
2993,8.1944,1.4249,1.4249,33596.21,49792056.76,4016618.56,262309268.42,274770957.44,537080225.86,27746.55,1.92684348,0.00058032,0.01857016,0.01160635,0.00026128,0.01186763,981818881.02,1786.0434
2994,8.1971,1.4247,1.4247,33660.08,49796159.98,4016734.69,262330687.23,274777276.94,537107964.17,27738.31,1.92627179,0.00058023,0.01856726,0.01160454,0.00026079,0.01186533,981844619.33,1786.1108
2995,8.1999,1.4245,1.4245,33724.06,49800262.62,4016850.79,262352099.26,274783594.99,537135694.26,27730.08,1.92570028,0.00058014,0.01856436,0.01160273,0.00026030,0.01186303,981870349.42,1786.1782
2996,8.2026,1.4243,1.4243,33788.16,49804364.68,4016966.87,262373504.52,274789911.59,537163416.11,27721.86,1.92512895,0.00058005,0.01856146,0.01160091,0.00025981,0.01186073,981896071.28,1786.2454
2997,8.2053,1.4241,1.4241,33852.39,49808466.17,4017082.92,262394903.00,274796226.74,537191129.74,27713.63,1.92455780,0.00057996,0.01855856,0.01159910,0.00025933,0.01185843,981921784.91,1786.3125
2998,8.2081,1.4239,1.4239,33916.74,49812567.09,4017198.95,262416294.72,274802540.44,537218835.15,27705.41,1.92398683,0.00057986,0.01855567,0.01159729,0.00025884,0.01185613,981947490.32,1786.3795
2999,8.2108,1.4237,1.4237,33981.21,49816667.43,4017314.95,262437679.66,274808852.68,537246532.35,27697.19,1.92341604,0.00057977,0.01855277,0.01159548,0.00025836,0.01185384,981973187.51,1786.4464
3000,8.2136,1.4235,1.4235,34045.80,49820767.19,4017430.93,262459057.84,274815163.48,537274221.32,27688.97,1.92284543,0.00057968,0.01854987,0.01159367,0.00025787,0.01185154,981998876.48,1786.5132
3001,8.2163,1.4233,1.4233,34110.51,49824866.37,4017546.88,262480429.25,274821472.83,537301902.08,27680.76,1.92227500,0.00057959,0.01854697,0.01159186,0.00025739,0.01184925,982024557.24,1786.5799
3002,8.2190,1.4231,1.4231,34175.35,49828964.98,4017662.81,262501793.90,274827780.72,537329574.63,27672.55,1.92170475,0.00057950,0.01854408,0.01159005,0.00025691,0.01184696,982050229.79,1786.6465
3003,8.2218,1.4229,1.4229,34240.31,49833063.01,4017778.71,262523151.80,274834087.17,537357238.97,27664.34,1.92113468,0.00057941,0.01854118,0.01158824,0.00025643,0.01184467,982075894.13,1786.7129
3004,8.2245,1.4227,1.4227,34305.40,49837160.47,4017894.58,262544502.93,274840392.17,537384895.10,27656.13,1.92056479,0.00057932,0.01853829,0.01158643,0.00025595,0.01184238,982101550.26,1786.7793
3005,8.2272,1.4225,1.4225,34370.61,49841257.35,4018010.43,262565847.31,274846695.72,537412543.03,27647.93,1.91999508,0.00057923,0.01853539,0.01158462,0.00025547,0.01184009,982127198.19,1786.8455
3006,8.2300,1.4223,1.4223,34435.94,49845353.66,4018126.26,262587184.93,274852997.83,537440182.76,27639.73,1.91942556,0.00057914,0.01853250,0.01158281,0.00025499,0.01183780,982152837.92,1786.9116
3007,8.2327,1.4221,1.4221,34501.40,49849449.39,4018242.06,262608515.80,274859298.49,537467814.29,27631.53,1.91885621,0.00057905,0.01852960,0.01158100,0.00025452,0.01183552,982178469.45,1786.9777
3008,8.2355,1.4219,1.4219,34566.98,49853544.54,4018357.84,262629839.92,274865597.70,537495437.62,27623.33,1.91828704,0.00057896,0.01852671,0.01157919,0.00025404,0.01183323,982204092.78,1787.0436
3009,8.2382,1.4217,1.4217,34632.69,49857639.12,4018473.59,262651157.30,274871895.46,537523052.76,27615.14,1.91771805,0.00057887,0.01852382,0.01157739,0.00025356,0.01183095,982229707.92,1787.1094
3010,8.2409,1.4215,1.4215,34698.52,49861733.13,4018589.31,262672467.93,274878191.78,537550659.71,27606.95,1.91714924,0.00057878,0.01852093,0.01157558,0.00025309,0.01182867,982255314.87,1787.1751
3011,8.2437,1.4213,1.4213,34764.47,49865826.56,4018705.01,262693771.81,274884486.66,537578258.47,27598.76,1.91658061,0.00057869,0.01851804,0.01157377,0.00025262,0.01182639,982280913.63,1787.2407
3012,8.2464,1.4211,1.4211,34830.56,49869919.41,4018820.69,262715068.96,274890780.09,537605849.05,27590.58,1.91601216,0.00057860,0.01851515,0.01157197,0.00025214,0.01182411,982306504.21,1787.3062
3013,8.2491,1.4209,1.4209,34896.76,49874011.69,4018936.34,262736359.36,274897072.08,537633431.44,27582.39,1.91544389,0.00057851,0.01851226,0.01157016,0.00025167,0.01182183,982332086.60,1787.3716
3014,8.2519,1.4207,1.4207,34963.10,49878103.39,4019051.97,262757643.03,274903362.62,537661005.65,27574.21,1.91487580,0.00057842,0.01850937,0.01156835,0.00025120,0.01181955,982357660.81,1787.4368
3015,8.2546,1.4205,1.4205,35029.55,49882194.52,4019167.57,262778919.97,274909651.72,537688571.68,27566.03,1.91430789,0.00057833,0.01850648,0.01156655,0.00025073,0.01181728,982383226.85,1787.5020
3016,8.2574,1.4203,1.4203,35096.14,49886285.07,4019283.14,262800190.17,274915939.37,537716129.54,27557.86,1.91374016,0.00057824,0.01850359,0.01156474,0.00025026,0.01181500,982408784.70,1787.5671
3017,8.2601,1.4201,1.4201,35162.85,49890375.05,4019398.69,262821453.64,274922225.59,537743679.23,27549.69,1.91317260,0.00057815,0.01850070,0.01156294,0.00024979,0.01181273,982434334.39,1787.6320
3018,8.2628,1.4199,1.4199,35229.69,49894464.46,4019514.22,262842710.38,274928510.36,537771220.74,27541.52,1.91260523,0.00057806,0.01849781,0.01156113,0.00024933,0.01181046,982459875.90,1787.6969
3019,8.2656,1.4197,1.4197,35296.66,49898553.28,4019629.72,262863960.40,274934793.69,537798754.09,27533.35,1.91203804,0.00057797,0.01849493,0.01155933,0.00024886,0.01180819,982485409.25,1787.7616
3020,8.2683,1.4195,1.4195,35363.75,49902641.54,4019745.19,262885203.70,274941075.58,537826279.27,27525.18,1.91147102,0.00057788,0.01849204,0.01155753,0.00024839,0.01180592,982510934.44,1787.8263
3021,8.2710,1.4193,1.4193,35430.97,49906729.22,4019860.64,262906440.27,274947356.03,537853796.29,27517.02,1.91090419,0.00057779,0.01848916,0.01155572,0.00024793,0.01180365,982536451.46,1787.8908
3022,8.2738,1.4191,1.4191,35498.32,49910816.33,4019976.07,262927670.12,274953635.03,537881305.15,27508.86,1.91033753,0.00057770,0.01848627,0.01155392,0.00024746,0.01180138,982561960.32,1787.9552
3023,8.2765,1.4189,1.4189,35565.80,49914902.86,4020091.47,262948893.25,274959912.60,537908805.86,27500.70,1.90977105,0.00057761,0.01848339,0.01155212,0.00024700,0.01179912,982587461.02,1788.0195
3024,8.2793,1.4187,1.4187,35633.40,49918988.81,4020206.84,262970109.67,274966188.73,537936298.40,27492.55,1.90920475,0.00057752,0.01848050,0.01155031,0.00024654,0.01179685,982612953.57,1788.0838
3025,8.2820,1.4185,1.4185,35701.13,49923074.20,4020322.19,262991319.38,274972463.42,537963782.80,27484.40,1.90863863,0.00057743,0.01847762,0.01154851,0.00024608,0.01179459,982638437.96,1788.1479
3026,8.2847,1.4183,1.4183,35769.00,49927159.01,4020437.52,263012522.37,274978736.68,537991259.05,27476.25,1.90807269,0.00057734,0.01847474,0.01154671,0.00024562,0.01179233,982663914.21,1788.2119
3027,8.2875,1.4181,1.4181,35836.99,49931243.24,4020552.82,263033718.66,274985008.49,538018727.15,27468.10,1.90750693,0.00057725,0.01847185,0.01154491,0.00024516,0.01179007,982689382.31,1788.2758
3028,8.2902,1.4179,1.4179,35905.11,49935326.90,4020668.09,263054908.24,274991278.87,538046187.10,27459.96,1.90694135,0.00057716,0.01846897,0.01154311,0.00024470,0.01178781,982714842.27,1788.3396
3029,8.2930,1.4177,1.4177,35973.36,49939409.99,4020783.34,263076091.11,274997547.81,538073638.92,27451.81,1.90637594,0.00057707,0.01846609,0.01154131,0.00024424,0.01178555,982740294.08,1788.4033
3030,8.2957,1.4175,1.4175,36041.74,49943492.50,4020898.57,263097267.28,275003815.31,538101082.59,27443.67,1.90581072,0.00057698,0.01846321,0.01153951,0.00024378,0.01178329,982765737.75,1788.4669
3031,8.2984,1.4173,1.4173,36110.25,49947574.44,4021013.77,263118436.75,275010081.38,538128518.13,27435.54,1.90524567,0.00057689,0.01846033,0.01153771,0.00024333,0.01178103,982791173.29,1788.5303
3032,8.3012,1.4171,1.4171,36178.89,49951655.81,4021128.94,263139599.52,275016346.01,538155945.53,27427.40,1.90468080,0.00057680,0.01845745,0.01153591,0.00024287,0.01177878,982816600.69,1788.5937
3033,8.3039,1.4169,1.4169,36247.66,49955736.60,4021244.09,263160755.60,275022609.21,538183364.80,27419.27,1.90411611,0.00057671,0.01845457,0.01153411,0.00024242,0.01177652,982842019.97,1788.6570
3034,8.3066,1.4167,1.4167,36316.56,49959816.82,4021359.22,263181904.98,275028870.97,538210775.95,27411.14,1.90355159,0.00057662,0.01845169,0.01153231,0.00024196,0.01177427,982867431.11,1788.7202
3035,8.3094,1.4165,1.4165,36385.59,49963896.47,4021474.32,263203047.67,275035131.29,538238178.96,27403.02,1.90298726,0.00057653,0.01844881,0.01153051,0.00024151,0.01177202,982892834.13,1788.7832
3036,8.3121,1.4163,1.4163,36454.75,49967975.54,4021589.40,263224183.67,275041390.19,538265573.86,27394.89,1.90242310,0.00057644,0.01844594,0.01152871,0.00024106,0.01176977,982918229.02,1788.8462
3037,8.3149,1.4161,1.4161,36524.05,49972054.04,4021704.45,263245312.98,275047647.65,538292960.63,27386.77,1.90185912,0.00057635,0.01844306,0.01152691,0.00024061,0.01176752,982943615.79,1788.9091
3038,8.3176,1.4159,1.4159,36593.47,49976131.97,4021819.47,263266435.60,275053903.68,538320339.28,27378.65,1.90129532,0.00057626,0.01844018,0.01152512,0.00024016,0.01176527,982968994.44,1788.9718
3039,8.3203,1.4157,1.4157,36663.03,49980209.32,4021934.47,263287551.55,275060158.27,538347709.82,27370.54,1.90073170,0.00057617,0.01843731,0.01152332,0.00023971,0.01176303,982994364.98,1789.0345
3040,8.3231,1.4155,1.4155,36732.72,49984286.10,4022049.45,263308660.81,275066411.43,538375072.24,27362.42,1.90016826,0.00057608,0.01843443,0.01152152,0.00023926,0.01176078,983019727.40,1789.0970
3041,8.3258,1.4153,1.4153,36802.54,49988362.31,4022164.40,263329763.39,275072663.16,538402426.55,27354.31,1.89960499,0.00057599,0.01843156,0.01151972,0.00023881,0.01175854,983045081.71,1789.1595
3042,8.3285,1.4152,1.4152,36872.50,49992437.94,4022279.33,263350859.29,275078913.46,538429772.75,27346.20,1.89904190,0.00057590,0.01842869,0.01151793,0.00023836,0.01175629,983070427.92,1789.2218
3043,8.3313,1.4150,1.4150,36942.59,49996513.00,4022394.23,263371948.52,275085162.33,538457110.85,27338.10,1.89847899,0.00057581,0.01842581,0.01151613,0.00023792,0.01175405,983095766.01,1789.2841
3044,8.3340,1.4148,1.4148,37012.81,50000587.49,4022509.11,263393031.07,275091409.77,538484440.85,27329.99,1.89791626,0.00057572,0.01842294,0.01151434,0.00023747,0.01175181,983121096.01,1789.3462
3045,8.3368,1.4146,1.4146,37083.17,50004661.41,4022623.96,263414106.96,275097655.78,538511762.74,27321.89,1.89735370,0.00057563,0.01842007,0.01151254,0.00023703,0.01174957,983146417.90,1789.4083
3046,8.3395,1.4144,1.4144,37153.66,50008734.75,4022738.78,263435176.17,275103900.36,538539076.53,27313.80,1.89679132,0.00057554,0.01841720,0.01151075,0.00023659,0.01174733,983171731.70,1789.4702
3047,8.3422,1.4142,1.4142,37224.28,50012807.53,4022853.59,263456238.72,275110143.51,538566382.23,27305.70,1.89622912,0.00057545,0.01841432,0.01150895,0.00023614,0.01174510,983197037.40,1789.5321
3048,8.3450,1.4140,1.4140,37295.04,50016879.73,4022968.36,263477294.61,275116385.23,538593679.84,27297.61,1.89566710,0.00057536,0.01841145,0.01150716,0.00023570,0.01174286,983222335.00,1789.5938
3049,8.3477,1.4138,1.4138,37365.93,50020951.35,4023083.12,263498343.83,275122625.53,538620969.36,27289.52,1.89510526,0.00057527,0.01840858,0.01150536,0.00023526,0.01174062,983247624.52,1789.6555
3050,8.3504,1.4136,1.4136,37436.95,50025022.41,4023197.84,263519386.39,275128864.39,538648250.78,27281.43,1.89454359,0.00057518,0.01840571,0.01150357,0.00023482,0.01173839,983272905.95,1789.7170
3051,8.3532,1.4134,1.4134,37508.12,50029092.89,4023312.55,263540422.29,275135101.83,538675524.13,27273.34,1.89398210,0.00057509,0.01840284,0.01150178,0.00023438,0.01173616,983298179.29,1789.7784
3052,8.3559,1.4132,1.4132,37579.41,50033162.80,4023427.23,263561451.54,275141337.85,538702789.39,27265.26,1.89342078,0.00057500,0.01839998,0.01149999,0.00023394,0.01173393,983323444.55,1789.8398
3053,8.3587,1.4130,1.4130,37650.84,50037232.14,4023541.88,263582474.13,275147572.43,538730046.56,27257.18,1.89285965,0.00057491,0.01839711,0.01149819,0.00023350,0.01173170,983348701.73,1789.9010
3054,8.3614,1.4128,1.4128,37722.41,50041300.91,4023656.51,263603490.07,275153805.59,538757295.67,27249.10,1.89229869,0.00057482,0.01839424,0.01149640,0.00023307,0.01172947,983373950.83,1789.9621
3055,8.3641,1.4126,1.4126,37794.12,50045369.11,4023771.11,263624499.36,275160037.33,538784536.69,27241.03,1.89173791,0.00057473,0.01839137,0.01149461,0.00023263,0.01172724,983399191.85,1790.0232
3056,8.3669,1.4124,1.4124,37865.96,50049436.73,4023885.69,263645502.00,275166267.64,538811769.64,27232.95,1.89117730,0.00057464,0.01838851,0.01149282,0.00023219,0.01172501,983424424.81,1790.0841
3057,8.3696,1.4122,1.4122,37937.93,50053503.78,4024000.24,263666498.00,275172496.53,538838994.53,27224.88,1.89061687,0.00057455,0.01838564,0.01149103,0.00023176,0.01172279,983449649.69,1790.1449
3058,8.3723,1.4120,1.4120,38010.05,50057570.26,4024114.77,263687487.35,275178723.99,538866211.34,27216.82,1.89005662,0.00057446,0.01838278,0.01148924,0.00023133,0.01172056,983474866.51,1790.2057
3059,8.3751,1.4118,1.4118,38082.30,50061636.17,4024229.28,263708470.07,275184950.03,538893420.09,27208.75,1.88949655,0.00057437,0.01837991,0.01148745,0.00023089,0.01171834,983500075.26,1790.2663
3060,8.3778,1.4116,1.4116,38154.69,50065701.51,4024343.76,263729446.14,275191174.64,538920620.78,27200.69,1.88893665,0.00057428,0.01837705,0.01148566,0.00023046,0.01171612,983525275.94,1790.3269
3061,8.3806,1.4114,1.4114,38227.21,50069766.28,4024458.21,263750415.57,275197397.83,538947813.41,27192.63,1.88837693,0.00057419,0.01837419,0.01148387,0.00023003,0.01171390,983550468.57,1790.3873
3062,8.3833,1.4112,1.4112,38299.88,50073830.48,4024572.64,263771378.37,275203619.61,538974997.98,27184.57,1.88781738,0.00057410,0.01837132,0.01148208,0.00022960,0.01171168,983575653.14,1790.4476
3063,8.3860,1.4110,1.4110,38372.68,50077894.10,4024687.05,263792334.54,275209839.95,539002174.49,27176.52,1.88725802,0.00057401,0.01836846,0.01148029,0.00022917,0.01170946,983600829.66,1790.5079
3064,8.3888,1.4108,1.4108,38445.62,50081957.15,4024801.43,263813284.08,275216058.88,539029342.96,27168.46,1.88669883,0.00057392,0.01836560,0.01147850,0.00022874,0.01170724,983625998.12,1790.5680
3065,8.3915,1.4106,1.4106,38518.70,50086019.64,4024915.79,263834226.98,275222276.39,539056503.37,27160.41,1.88613981,0.00057384,0.01836274,0.01147671,0.00022831,0.01170502,983651158.53,1790.6280
3066,8.3943,1.4104,1.4104,38591.92,50090081.55,4025030.12,263855163.26,275228492.47,539083655.74,27152.37,1.88558097,0.00057375,0.01835988,0.01147492,0.00022789,0.01170281,983676310.90,1790.6880
3067,8.3970,1.4102,1.4102,38665.27,50094142.89,4025144.43,263876092.92,275234707.14,539110800.06,27144.32,1.88502231,0.00057366,0.01835702,0.01147313,0.00022746,0.01170059,983701455.22,1790.7478
3068,8.3997,1.4100,1.4100,38738.77,50098203.66,4025258.71,263897015.95,275240920.38,539137936.34,27136.28,1.88446382,0.00057357,0.01835416,0.01147135,0.00022703,0.01169838,983726591.50,1790.8076
3069,8.4025,1.4098,1.4098,38812.41,50102263.86,4025372.97,263917932.37,275247132.21,539165064.58,27128.24,1.88390551,0.00057348,0.01835130,0.01146956,0.00022661,0.01169617,983751719.74,1790.8672
3070,8.4052,1.4096,1.4096,38886.18,50106323.49,4025487.20,263938842.16,275253342.62,539192184.78,27120.20,1.88334738,0.00057339,0.01834844,0.01146777,0.00022618,0.01169396,983776839.94,1790.9268
3071,8.4079,1.4094,1.4094,38960.10,50110382.55,4025601.41,263959745.34,275259551.61,539219296.95,27112.17,1.88278942,0.00057330,0.01834558,0.01146599,0.00022576,0.01169175,983801952.11,1790.9862
3072,8.4107,1.4092,1.4092,39034.15,50114441.04,4025715.59,263980641.90,275265759.18,539246401.08,27104.14,1.88223164,0.00057321,0.01834272,0.01146420,0.00022534,0.01168954,983827056.24,1791.0456
3073,8.4134,1.4090,1.4090,39108.35,50118498.95,4025829.75,264001531.85,275271965.34,539273497.19,27096.11,1.88167404,0.00057312,0.01833987,0.01146242,0.00022492,0.01168733,983852152.35,1791.1048
3074,8.4162,1.4088,1.4088,39182.69,50122556.30,4025943.89,264022415.19,275278170.07,539300585.27,27088.08,1.88111661,0.00057303,0.01833701,0.01146063,0.00022450,0.01168513,983877240.43,1791.1640
3075,8.4189,1.4086,1.4086,39257.17,50126613.08,4026058.00,264043291.93,275284373.39,539327665.32,27080.05,1.88055935,0.00057294,0.01833415,0.01145885,0.00022407,0.01168292,983902320.48,1791.2231
3076,8.4216,1.4084,1.4084,39331.79,50130669.29,4026172.08,264064162.05,275290575.30,539354737.35,27072.03,1.88000228,0.00057285,0.01833130,0.01145706,0.00022366,0.01168072,983927392.52,1791.2820
3077,8.4244,1.4082,1.4082,39406.56,50134724.93,4026286.14,264085025.58,275296775.79,539381801.37,27064.01,1.87944538,0.00057276,0.01832844,0.01145528,0.00022324,0.01167851,983952456.53,1791.3409
3078,8.4271,1.4080,1.4080,39481.46,50138779.99,4026400.18,264105882.50,275302974.86,539408857.36,27056.00,1.87888865,0.00057267,0.01832559,0.01145349,0.00022282,0.01167631,983977512.53,1791.3997
3079,8.4298,1.4078,1.4078,39556.51,50142834.49,4026514.19,264126732.82,275309172.52,539435905.35,27047.98,1.87833210,0.00057259,0.01832274,0.01145171,0.00022240,0.01167411,984002560.51,1791.4584
3080,8.4326,1.4076,1.4076,39631.70,50146888.42,4026628.18,264147576.55,275315368.77,539462945.32,27039.97,1.87777572,0.00057250,0.01831988,0.01144993,0.00022199,0.01167191,984027600.48,1791.5169
3081,8.4353,1.4074,1.4074,39707.03,50150941.78,4026742.14,264168413.68,275321563.60,539489977.28,27031.96,1.87721952,0.00057241,0.01831703,0.01144814,0.00022157,0.01166971,984052632.44,1791.5754
3082,8.4381,1.4072,1.4072,39782.51,50154994.57,4026856.08,264189244.21,275327757.02,539517001.23,27023.95,1.87666350,0.00057232,0.01831418,0.01144636,0.00022116,0.01166752,984077656.40,1791.6338
3083,8.4408,1.4070,1.4070,39858.13,50159046.79,4026969.99,264210068.16,275333949.02,539544017.18,27015.95,1.87610765,0.00057223,0.01831133,0.01144458,0.00022074,0.01166532,984102672.35,1791.6921
3084,8.4435,1.4068,1.4068,39933.89,50163098.44,4027083.88,264230885.52,275340139.62,539571025.13,27007.95,1.87555198,0.00057214,0.01830848,0.01144280,0.00022033,0.01166313,984127680.29,1791.7503
3085,8.4463,1.4066,1.4066,40009.80,50167149.52,4027197.74,264251696.28,275346328.80,539598025.08,26999.95,1.87499648,0.00057205,0.01830563,0.01144102,0.00021992,0.01166093,984152680.24,1791.8084
3086,8.4490,1.4064,1.4064,40085.85,50171200.03,4027311.58,264272500.47,275352516.56,539625017.03,26991.95,1.87444116,0.00057196,0.01830278,0.01143924,0.00021950,0.01165874,984177672.20,1791.8664
3087,8.4517,1.4062,1.4062,40162.05,50175249.97,4027425.40,264293298.07,275358702.92,539652000.99,26983.96,1.87388601,0.00057187,0.01829993,0.01143746,0.00021909,0.01165655,984202656.15,1791.9243
3088,8.4545,1.4060,1.4060,40238.39,50179299.35,4027539.19,264314089.09,275364887.87,539678976.96,26975.97,1.87333104,0.00057178,0.01829708,0.01143567,0.00021868,0.01165436,984227632.12,1791.9821
3089,8.4572,1.4058,1.4058,40314.88,50183348.15,4027652.95,264334873.53,275371071.41,539705944.94,26967.98,1.87277624,0.00057169,0.01829423,0.01143389,0.00021827,0.01165217,984252600.10,1792.0398
3090,8.4600,1.4056,1.4056,40391.51,50187396.39,4027766.70,264355651.40,275377253.53,539732904.93,26959.99,1.87222162,0.00057161,0.01829138,0.01143211,0.00021787,0.01164998,984277560.09,1792.0975
3091,8.4627,1.4054,1.4054,40468.29,50191444.05,4027880.41,264376422.69,275383434.25,539759856.94,26952.01,1.87166717,0.00057152,0.01828854,0.01143034,0.00021746,0.01164779,984302512.10,1792.1550
3092,8.4654,1.4052,1.4052,40545.21,50195491.15,4027994.11,264397187.40,275389613.56,539786800.96,26944.03,1.87111290,0.00057143,0.01828569,0.01142856,0.00021705,0.01164561,984327456.12,1792.2124
3093,8.4682,1.4050,1.4050,40622.28,50199537.68,4028107.77,264417945.55,275395791.46,539813737.01,26936.05,1.87055880,0.00057134,0.01828284,0.01142678,0.00021664,0.01164342,984352392.17,1792.2698
3094,8.4709,1.4048,1.4048,40699.50,50203583.64,4028221.42,264438697.13,275401967.95,539840665.08,26928.07,1.87000488,0.00057125,0.01828000,0.01142500,0.00021624,0.01164124,984377320.24,1792.3270
3095,8.4736,1.4046,1.4046,40776.86,50207629.03,4028335.04,264459442.14,275408143.03,539867585.17,26920.10,1.86945113,0.00057116,0.01827715,0.01142322,0.00021583,0.01163906,984402240.34,1792.3842
3096,8.4764,1.4045,1.4045,40854.37,50211673.86,4028448.63,264480180.59,275414316.71,539894497.30,26912.12,1.86889756,0.00057107,0.01827431,0.01142144,0.00021543,0.01163687,984427152.46,1792.4412
3097,8.4791,1.4043,1.4043,40932.03,50215718.11,4028562.20,264500912.48,275420488.98,539921401.46,26904.16,1.86834416,0.00057098,0.01827147,0.01141967,0.00021503,0.01163469,984452056.62,1792.4982
3098,8.4819,1.4041,1.4041,41009.83,50219761.80,4028675.75,264521637.81,275426659.84,539948297.64,26896.19,1.86779093,0.00057089,0.01826862,0.01141789,0.00021462,0.01163251,984476952.81,1792.5551
3099,8.4846,1.4039,1.4039,41087.79,50223804.92,4028789.27,264542356.57,275432829.30,539975185.87,26888.23,1.86723788,0.00057081,0.01826578,0.01141611,0.00021422,0.01163034,984501841.03,1792.6118
3100,8.4873,1.4037,1.4037,41165.89,50227847.47,4028902.76,264563068.79,275438997.35,540002066.13,26880.26,1.86668501,0.00057072,0.01826294,0.01141434,0.00021382,0.01162816,984526721.30,1792.6685
3101,8.4901,1.4035,1.4035,41244.14,50231889.45,4029016.24,264583774.45,275445163.99,540028938.44,26872.31,1.86613231,0.00057063,0.01826010,0.01141256,0.00021342,0.01162598,984551593.60,1792.7251
3102,8.4928,1.4033,1.4033,41322.54,50235930.86,4029129.68,264604473.55,275451329.23,540055802.79,26864.35,1.86557978,0.00057054,0.01825726,0.01141079,0.00021302,0.01162381,984576457.95,1792.7816
3103,8.4956,1.4031,1.4031,41401.08,50239971.71,4029243.11,264625166.11,275457493.07,540082659.18,26856.39,1.86502743,0.00057045,0.01825442,0.01140901,0.00021262,0.01162163,984601314.35,1792.8380
3104,8.4983,1.4029,1.4029,41479.78,50244011.99,4029356.51,264645852.12,275463655.50,540109507.63,26848.44,1.86447525,0.00057036,0.01825158,0.01140723,0.00021222,0.01161946,984626162.79,1792.8943
3105,8.5010,1.4027,1.4027,41558.63,50248051.70,4029469.88,264666531.59,275469816.54,540136348.12,26840.49,1.86392324,0.00057027,0.01824874,0.01140546,0.00021183,0.01161729,984651003.28,1792.9506
3106,8.5038,1.4025,1.4025,41637.62,50252090.84,4029583.23,264687204.51,275475976.16,540163180.67,26832.55,1.86337141,0.00057018,0.01824590,0.01140369,0.00021143,0.01161512,984675835.83,1793.0067
3107,8.5065,1.4023,1.4023,41716.77,50256129.42,4029696.56,264707870.89,275482134.39,540190005.27,26824.60,1.86281976,0.00057010,0.01824306,0.01140191,0.00021103,0.01161295,984700660.44,1793.0627
3108,8.5092,1.4021,1.4021,41796.07,50260167.43,4029809.86,264728530.73,275488291.21,540216821.94,26816.66,1.86226827,0.00057001,0.01824022,0.01140014,0.00021064,0.01161078,984725477.10,1793.1187
3109,8.5120,1.4019,1.4019,41875.51,50264204.87,4029923.13,264749184.03,275494446.63,540243630.66,26808.72,1.86171696,0.00056992,0.01823738,0.01139837,0.00021025,0.01160861,984750285.82,1793.1745
3110,8.5147,1.4017,1.4017,41955.11,50268241.74,4030036.39,264769830.80,275500600.65,540270431.45,26800.79,1.86116583,0.00056983,0.01823455,0.01139659,0.00020985,0.01160644,984775086.61,1793.2303
3111,8.5175,1.4015,1.4015,42034.86,50272278.05,4030149.62,264790471.03,275506753.27,540297224.30,26792.85,1.86061487,0.00056974,0.01823171,0.01139482,0.00020946,0.01160428,984799879.47,1793.2859
3112,8.5202,1.4013,1.4013,42114.76,50276313.79,4030262.82,264811104.74,275512904.49,540324009.23,26784.92,1.86006408,0.00056965,0.01822888,0.01139305,0.00020907,0.01160211,984824664.39,1793.3415
3113,8.5229,1.4011,1.4011,42194.82,50280348.96,4030376.00,264831731.91,275519054.31,540350786.22,26776.99,1.85951347,0.00056956,0.01822604,0.01139128,0.00020868,0.01159995,984849441.38,1793.3970
3114,8.5257,1.4009,1.4009,42275.02,50284383.56,4030489.15,264852352.56,275525202.73,540377555.29,26769.07,1.85896303,0.00056948,0.01822321,0.01138950,0.00020828,0.01159779,984874210.45,1793.4524
3115,8.5284,1.4007,1.4007,42355.38,50288417.60,4030602.28,264872966.68,275531349.75,540404316.43,26761.14,1.85841276,0.00056939,0.01822037,0.01138773,0.00020789,0.01159563,984898971.59,1793.5077
3116,8.5311,1.4005,1.4005,42435.89,50292451.07,4030715.39,264893574.29,275537495.37,540431069.65,26753.22,1.85786267,0.00056930,0.01821754,0.01138596,0.00020751,0.01159347,984923724.82,1793.5629
3117,8.5339,1.4003,1.4003,42516.55,50296483.98,4030828.47,264914175.37,275543639.59,540457814.96,26745.30,1.85731275,0.00056921,0.01821471,0.01138419,0.00020712,0.01159131,984948470.12,1793.6180
3118,8.5366,1.4001,1.4001,42597.37,50300516.31,4030941.53,264934769.93,275549782.42,540484552.34,26737.39,1.85676300,0.00056912,0.01821187,0.01138242,0.00020673,0.01158915,984973207.51,1793.6730
3119,8.5394,1.3999,1.3999,42678.34,50304548.08,4031054.56,264955357.97,275555923.85,540511281.82,26729.47,1.85621343,0.00056903,0.01820904,0.01138065,0.00020634,0.01158699,984997936.98,1793.7280
3120,8.5421,1.3997,1.3997,42759.47,50308579.29,4031167.57,264975939.50,275562063.88,540538003.38,26721.56,1.85566403,0.00056894,0.01820621,0.01137888,0.00020596,0.01158484,985022658.54,1793.7828
3121,8.5448,1.3995,1.3995,42840.75,50312609.93,4031280.56,264996514.52,275568202.51,540564717.03,26713.65,1.85511480,0.00056886,0.01820338,0.01137711,0.00020557,0.01158268,985047372.20,1793.8376
3122,8.5476,1.3993,1.3993,42922.18,50316640.00,4031393.52,265017083.03,275574339.75,540591422.78,26705.75,1.85456575,0.00056877,0.01820055,0.01137534,0.00020519,0.01158053,985072077.94,1793.8922
3123,8.5503,1.3991,1.3991,43003.77,50320669.50,4031506.46,265037645.03,275580475.60,540618120.62,26697.84,1.85401687,0.00056868,0.01819772,0.01137358,0.00020480,0.01157838,985096775.79,1793.9468
3124,8.5530,1.3989,1.3989,43085.51,50324698.44,4031619.37,265058200.52,275586610.05,540644810.56,26689.94,1.85346816,0.00056859,0.01819489,0.01137181,0.00020442,0.01157623,985121465.73,1794.0013
3125,8.5558,1.3987,1.3987,43167.41,50328726.81,4031732.26,265078749.51,275592743.10,540671492.61,26682.04,1.85291963,0.00056850,0.01819206,0.01137004,0.00020404,0.01157408,985146147.77,1794.0557
3126,8.5585,1.3985,1.3985,43249.46,50332754.62,4031845.12,265099291.99,275598874.76,540698166.75,26674.15,1.85237126,0.00056841,0.01818924,0.01136827,0.00020365,0.01157193,985170821.92,1794.1100
3127,8.5613,1.3983,1.3983,43331.67,50336781.86,4031957.96,265119827.98,275605005.03,540724833.01,26666.25,1.85182308,0.00056833,0.01818641,0.01136651,0.00020327,0.01156978,985195488.17,1794.1642
3128,8.5640,1.3982,1.3982,43414.04,50340808.54,4032070.77,265140357.47,275611133.90,540751491.37,26658.36,1.85127506,0.00056824,0.01818358,0.01136474,0.00020289,0.01156763,985220146.53,1794.2183
3129,8.5667,1.3980,1.3980,43496.56,50344834.65,4032183.56,265160880.46,275617261.38,540778141.84,26650.47,1.85072722,0.00056815,0.01818076,0.01136297,0.00020251,0.01156548,985244797.00,1794.2724
3130,8.5695,1.3978,1.3978,43579.24,50348860.19,4032296.33,265181396.96,275623387.46,540804784.42,26642.59,1.85017955,0.00056806,0.01817793,0.01136121,0.00020213,0.01156334,985269439.59,1794.3263
3131,8.5722,1.3976,1.3976,43662.08,50352885.17,4032409.07,265201906.97,275629512.16,540831419.13,26634.70,1.84963205,0.00056797,0.01817511,0.01135944,0.00020175,0.01156119,985294074.29,1794.3802
3132,8.5749,1.3974,1.3974,43745.07,50356909.58,4032521.79,265222410.48,275635635.46,540858045.95,26626.82,1.84908472,0.00056788,0.01817228,0.01135768,0.00020138,0.01155905,985318701.11,1794.4340
3133,8.5777,1.3972,1.3972,43828.23,50360933.43,4032634.48,265242907.51,275641757.37,540884664.89,26618.94,1.84853757,0.00056780,0.01816946,0.01135591,0.00020100,0.01155691,985343320.05,1794.4876
3134,8.5804,1.3970,1.3970,43911.54,50364956.71,4032747.15,265263398.06,275647877.90,540911275.95,26611.06,1.84799059,0.00056771,0.01816663,0.01135415,0.00020062,0.01155477,985367931.11,1794.5412
3135,8.5832,1.3968,1.3968,43995.01,50368979.42,4032859.80,265283882.11,275653997.03,540937879.14,26603.19,1.84744378,0.00056762,0.01816381,0.01135238,0.00020025,0.01155263,985392534.30,1794.5947
3136,8.5859,1.3966,1.3966,44078.63,50373001.57,4032972.42,265304359.69,275660114.77,540964474.46,26595.32,1.84689714,0.00056753,0.01816099,0.01135062,0.00019987,0.01155049,985417129.62,1794.6482
3137,8.5886,1.3964,1.3964,44162.42,50377023.16,4033085.02,265324830.79,275666231.12,540991061.91,26587.45,1.84635068,0.00056744,0.01815817,0.01134885,0.00019950,0.01154835,985441717.07,1794.7015
3138,8.5914,1.3962,1.3962,44246.37,50381044.18,4033197.59,265345295.41,275672346.08,541017641.49,26579.58,1.84580439,0.00056735,0.01815534,0.01134709,0.00019912,0.01154621,985466296.66,1794.7547
3139,8.5941,1.3960,1.3960,44330.47,50385064.63,4033310.14,265365753.56,275678459.65,541044213.21,26571.72,1.84525827,0.00056727,0.01815252,0.01134533,0.00019875,0.01154408,985490868.38,1794.8079
3140,8.5969,1.3958,1.3958,44414.74,50389084.52,4033422.66,265386205.23,275684571.84,541070777.07,26563.86,1.84471232,0.00056718,0.01814970,0.01134356,0.00019838,0.01154194,985515432.23,1794.8610
3141,8.5996,1.3956,1.3956,44499.16,50393103.85,4033535.16,265406650.43,275690682.64,541097333.07,26556.00,1.84416655,0.00056709,0.01814688,0.01134180,0.00019801,0.01153981,985539988.23,1794.9139
3142,8.6023,1.3954,1.3954,44583.75,50397122.61,4033647.64,265427089.16,275696792.05,541123881.21,26548.14,1.84362094,0.00056700,0.01814406,0.01134004,0.00019764,0.01153768,985564536.37,1794.9668
3143,8.6051,1.3952,1.3952,44668.49,50401140.81,4033760.09,265447521.43,275702900.07,541150421.50,26540.29,1.84307551,0.00056691,0.01814125,0.01133828,0.00019727,0.01153555,985589076.66,1795.0196
3144,8.6078,1.3950,1.3950,44753.40,50405158.44,4033872.52,265467947.23,275709006.71,541176953.93,26532.44,1.84253025,0.00056683,0.01813843,0.01133652,0.00019690,0.01153341,985613609.10,1795.0723
3145,8.6105,1.3948,1.3948,44838.47,50409175.50,4033984.92,265488366.56,275715111.96,541203478.52,26524.59,1.84198517,0.00056674,0.01813561,0.01133476,0.00019653,0.01153129,985638133.68,1795.1250
3146,8.6133,1.3946,1.3946,44923.70,50413192.01,4034097.30,265508779.44,275721215.82,541229995.26,26516.74,1.84144025,0.00056665,0.01813279,0.01133300,0.00019616,0.01152916,985662650.42,1795.1775
3147,8.6160,1.3944,1.3944,45009.09,50417207.94,4034209.66,265529185.85,275727318.30,541256504.15,26508.90,1.84089551,0.00056656,0.01812998,0.01133123,0.00019579,0.01152703,985687159.32,1795.2300
3148,8.6188,1.3942,1.3942,45094.65,50421223.32,4034321.99,265549585.81,275733419.40,541283005.21,26501.05,1.84035093,0.00056647,0.01812716,0.01132947,0.00019543,0.01152490,985711660.37,1795.2823
3149,8.6215,1.3940,1.3940,45180.37,50425238.13,4034434.30,265569979.32,275739519.11,541309498.42,26493.21,1.83980653,0.00056639,0.01812434,0.01132772,0.00019506,0.01152278,985736153.58,1795.3346
3150,8.6242,1.3938,1.3938,45266.25,50429252.37,4034546.58,265590366.37,275745617.43,541335983.80,26485.38,1.83926230,0.00056630,0.01812153,0.01132596,0.00019470,0.01152065,985760638.96,1795.3868
3151,8.6270,1.3936,1.3936,45352.29,50433266.05,4034658.84,265610746.97,275751714.38,541362461.34,26477.54,1.83871824,0.00056621,0.01811872,0.01132420,0.00019433,0.01151853,985785116.50,1795.4389
3152,8.6297,1.3934,1.3934,45438.50,50437279.17,4034771.08,265631121.12,275757809.94,541388931.05,26469.71,1.83817436,0.00056612,0.01811590,0.01132244,0.00019397,0.01151641,985809586.22,1795.4909
3153,8.6324,1.3932,1.3932,45524.87,50441291.72,4034883.29,265651488.82,275763904.11,541415392.93,26461.88,1.83763064,0.00056603,0.01811309,0.01132068,0.00019360,0.01151428,985834048.10,1795.5429
3154,8.6352,1.3931,1.3931,45611.40,50445303.71,4034995.47,265671850.08,275769996.91,541441846.99,26454.05,1.83708710,0.00056595,0.01811028,0.01131892,0.00019324,0.01151216,985858502.15,1795.5947
3155,8.6379,1.3929,1.3929,45698.10,50449315.14,4035107.64,265692204.90,275776088.32,541468293.22,26446.23,1.83654373,0.00056586,0.01810746,0.01131716,0.00019288,0.01151004,985882948.38,1795.6465
3156,8.6407,1.3927,1.3927,45784.97,50453326.00,4035219.78,265712553.27,275782178.35,541494731.62,26438.41,1.83600052,0.00056577,0.01810465,0.01131541,0.00019252,0.01150793,985907386.79,1795.6982
3157,8.6434,1.3925,1.3925,45872.00,50457336.30,4035331.89,265732895.21,275788267.00,541521162.21,26430.59,1.83545749,0.00056568,0.01810184,0.01131365,0.00019216,0.01150581,985931817.38,1795.7498
3158,8.6461,1.3923,1.3923,45959.19,50461346.03,4035443.98,265753230.71,275794354.27,541547584.98,26422.77,1.83491463,0.00056559,0.01809903,0.01131189,0.00019180,0.01150369,985956240.15,1795.8013
3159,8.6489,1.3921,1.3921,46046.55,50465355.20,4035556.05,265773559.78,275800440.16,541573999.94,26414.96,1.83437195,0.00056551,0.01809622,0.01131014,0.00019144,0.01150158,985980655.10,1795.8527
3160,8.6516,1.3919,1.3919,46134.08,50469363.81,4035668.09,265793882.41,275806524.67,541600407.08,26407.14,1.83382943,0.00056542,0.01809341,0.01130838,0.00019108,0.01149946,986005062.25,1795.9041
3161,8.6543,1.3917,1.3917,46221.77,50473371.86,4035780.11,265814198.61,275812607.80,541626806.42,26399.33,1.83328708,0.00056533,0.01809060,0.01130663,0.00019072,0.01149735,986029461.58,1795.9553
3162,8.6571,1.3915,1.3915,46309.63,50477379.34,4035892.10,265834508.39,275818689.56,541653197.94,26391.53,1.83274490,0.00056524,0.01808779,0.01130487,0.00019037,0.01149524,986053853.11,1796.0065
3163,8.6598,1.3913,1.3913,46397.66,50481386.26,4036004.08,265854811.74,275824769.93,541679581.67,26383.72,1.83220290,0.00056516,0.01808499,0.01130312,0.00019001,0.01149313,986078236.83,1796.0576
3164,8.6626,1.3911,1.3911,46485.86,50485392.61,4036116.02,265875108.66,275830848.93,541705957.58,26375.92,1.83166106,0.00056507,0.01808218,0.01130136,0.00018965,0.01149102,986102612.75,1796.1086
3165,8.6653,1.3909,1.3909,46574.22,50489398.40,4036227.94,265895399.16,275836926.54,541732325.70,26368.12,1.83111940,0.00056498,0.01807937,0.01129961,0.00018930,0.01148891,986126980.87,1796.1595
3166,8.6680,1.3907,1.3907,46662.75,50493403.63,4036339.84,265915683.24,275843002.78,541758686.03,26360.32,1.83057791,0.00056489,0.01807656,0.01129785,0.00018894,0.01148680,986151341.19,1796.2103
3167,8.6708,1.3905,1.3905,46751.45,50497408.30,4036451.72,265935960.90,275849077.65,541785038.55,26352.53,1.83003658,0.00056480,0.01807376,0.01129610,0.00018859,0.01148469,986175693.72,1796.2611
3168,8.6735,1.3903,1.3903,46840.31,50501412.40,4036563.57,265956232.15,275855151.14,541811383.29,26344.73,1.82949543,0.00056472,0.01807095,0.01129435,0.00018824,0.01148258,986200038.45,1796.3117
3169,8.6762,1.3901,1.3901,46929.35,50505415.94,4036675.40,265976496.98,275861223.25,541837720.23,26336.94,1.82895445,0.00056463,0.01806815,0.01129259,0.00018788,0.01148048,986224375.39,1796.3623
3170,8.6790,1.3899,1.3899,47018.55,50509418.92,4036787.20,265996755.40,275867293.99,541864049.39,26329.16,1.82841364,0.00056454,0.01806534,0.01129084,0.00018753,0.01147837,986248704.55,1796.4128
3171,8.6817,1.3897,1.3897,47107.93,50513421.34,4036898.98,266017007.41,275873363.35,541890370.76,26321.37,1.82787300,0.00056445,0.01806254,0.01128909,0.00018718,0.01147627,986273025.92,1796.4632
3172,8.6845,1.3895,1.3895,47197.47,50517423.19,4037010.73,266037253.01,275879431.33,541916684.35,26313.59,1.82733253,0.00056437,0.01805974,0.01128734,0.00018683,0.01147417,986297339.51,1796.5136
3173,8.6872,1.3893,1.3893,47287.19,50521424.48,4037122.46,266057492.21,275885497.95,541942990.16,26305.81,1.82679223,0.00056428,0.01805694,0.01128558,0.00018648,0.01147207,986321645.32,1796.5638
3174,8.6899,1.3891,1.3891,47377.07,50525425.21,4037234.17,266077725.00,275891563.19,541969288.19,26298.03,1.82625210,0.00056419,0.01805413,0.01128383,0.00018613,0.01146997,986345943.35,1796.6140
3175,8.6927,1.3889,1.3889,47467.13,50529425.38,4037345.85,266097951.39,275897627.05,541995578.44,26290.25,1.82571214,0.00056410,0.01805133,0.01128208,0.00018578,0.01146787,986370233.60,1796.6641
3176,8.6954,1.3888,1.3888,47557.36,50533424.98,4037457.51,266118171.38,275903689.54,542021860.92,26282.48,1.82517234,0.00056402,0.01804853,0.01128033,0.00018544,0.01146577,986394516.08,1796.7141
3177,8.6982,1.3886,1.3886,47647.76,50537424.03,4037569.15,266138384.97,275909750.66,542048135.63,26274.71,1.82463272,0.00056393,0.01804573,0.01127858,0.00018509,0.01146367,986418790.80,1796.7640
3178,8.7009,1.3884,1.3884,47738.33,50541422.51,4037680.76,266158592.16,275915810.41,542074402.58,26266.94,1.82409327,0.00056384,0.01804293,0.01127683,0.00018474,0.01146157,986443057.74,1796.8138
3179,8.7036,1.3882,1.3882,47829.07,50545420.43,4037792.35,266178792.96,275921868.79,542100661.75,26259.18,1.82355399,0.00056375,0.01804013,0.01127508,0.00018440,0.01145948,986467316.92,1796.8636
3180,8.7064,1.3880,1.3880,47919.98,50549417.78,4037903.91,266198987.37,275927925.79,542126913.17,26251.41,1.82301488,0.00056367,0.01803733,0.01127333,0.00018405,0.01145738,986491568.33,1796.9132
3181,8.7091,1.3878,1.3878,48011.07,50553414.58,4038015.45,266219175.39,275933981.43,542153156.82,26243.65,1.82247594,0.00056358,0.01803454,0.01127158,0.00018371,0.01145529,986515811.98,1796.9628
3182,8.7118,1.3876,1.3876,48102.33,50557410.81,4038126.97,266239357.02,275940035.69,542179392.72,26235.90,1.82193717,0.00056349,0.01803174,0.01126984,0.00018336,0.01145320,986540047.88,1797.0123
3183,8.7146,1.3874,1.3874,48193.77,50561406.48,4038238.46,266259532.27,275946088.59,542205620.86,26228.14,1.82139857,0.00056340,0.01802894,0.01126809,0.00018302,0.01145111,986564276.02,1797.0618
3184,8.7173,1.3872,1.3872,48285.38,50565401.60,4038349.93,266279701.13,275952140.11,542231841.24,26220.39,1.82086013,0.00056332,0.01802614,0.01126634,0.00018268,0.01144902,986588496.41,1797.1111
3185,8.7201,1.3870,1.3870,48377.16,50569396.14,4038461.37,266299863.61,275958190.27,542258053.88,26212.63,1.82032187,0.00056323,0.01802335,0.01126459,0.00018233,0.01144693,986612709.04,1797.1604
3186,8.7228,1.3868,1.3868,48469.12,50573390.13,4038572.79,266320019.71,275964239.05,542284258.76,26204.89,1.81978378,0.00056314,0.01802055,0.01126285,0.00018199,0.01144484,986636913.93,1797.2095
3187,8.7255,1.3866,1.3866,48561.25,50577383.56,4038684.19,266340169.43,275970286.47,542310455.90,26197.14,1.81924585,0.00056305,0.01801776,0.01126110,0.00018165,0.01144275,986661111.07,1797.2586
3188,8.7283,1.3864,1.3864,48653.56,50581376.43,4038795.56,266360312.78,275976332.52,542336645.30,26189.40,1.81870810,0.00056297,0.01801496,0.01125935,0.00018131,0.01144066,986685300.46,1797.3076
3189,8.7310,1.3862,1.3862,48746.04,50585368.73,4038906.91,266380449.75,275982377.21,542362826.96,26181.66,1.81817051,0.00056288,0.01801217,0.01125761,0.00018097,0.01143858,986709482.12,1797.3566
3190,8.7337,1.3860,1.3860,48838.70,50589360.47,4039018.23,266400580.35,275988420.52,542389000.87,26173.92,1.81763310,0.00056279,0.01800938,0.01125586,0.00018063,0.01143649,986733656.04,1797.4054
3191,8.7365,1.3858,1.3858,48931.53,50593351.66,4039129.54,266420704.58,275994462.47,542415167.05,26166.18,1.81709585,0.00056271,0.01800658,0.01125411,0.00018029,0.01143441,986757822.22,1797.4542
3192,8.7392,1.3856,1.3856,49024.54,50597342.28,4039240.81,266440822.44,276000503.06,542441325.50,26158.45,1.81655877,0.00056262,0.01800379,0.01125237,0.00017996,0.01143233,986781980.66,1797.5029
3193,8.7420,1.3854,1.3854,49117.73,50601332.34,4039352.07,266460933.94,276006542.27,542467476.21,26150.71,1.81602186,0.00056253,0.01800100,0.01125062,0.00017962,0.01143024,986806131.38,1797.5515
3194,8.7447,1.3852,1.3852,49211.09,50605321.84,4039463.30,266481039.07,276012580.13,542493619.20,26142.99,1.81548512,0.00056244,0.01799821,0.01124888,0.00017928,0.01142816,986830274.36,1797.6000
3195,8.7474,1.3850,1.3850,49304.64,50609310.78,4039574.50,266501137.85,276018616.61,542519754.46,26135.26,1.81494855,0.00056236,0.01799542,0.01124714,0.00017895,0.01142608,986854409.62,1797.6485
3196,8.7502,1.3849,1.3849,49398.36,50613299.16,4039685.69,266521230.26,276024651.74,542545881.99,26127.53,1.81441215,0.00056227,0.01799263,0.01124539,0.00017861,0.01142400,986878537.16,1797.6969
3197,8.7529,1.3847,1.3847,49492.26,50617286.98,4039796.84,266541316.31,276030685.50,542572001.81,26119.81,1.81387592,0.00056218,0.01798984,0.01124365,0.00017828,0.01142193,986902656.97,1797.7452
3198,8.7556,1.3845,1.3845,49586.33,50621274.24,4039907.98,266561396.01,276036717.89,542598113.90,26112.09,1.81333985,0.00056210,0.01798705,0.01124190,0.00017794,0.01141985,986926769.06,1797.7934
3199,8.7584,1.3843,1.3843,49680.59,50625260.93,4040019.09,266581469.36,276042748.92,542624218.28,26104.38,1.81280396,0.00056201,0.01798426,0.01124016,0.00017761,0.01141777,986950873.44,1797.8415
3200,8.7611,1.3841,1.3841,49775.02,50629247.07,4040130.18,266601536.35,276048778.59,542650314.94,26096.66,1.81226823,0.00056192,0.01798147,0.01123842,0.00017728,0.01141570,986974970.10,1797.8895
3201,8.7639,1.3839,1.3839,49869.64,50633232.65,4040241.24,266621596.99,276054806.90,542676403.89,26088.95,1.81173267,0.00056183,0.01797868,0.01123668,0.00017695,0.01141362,986999059.05,1797.9375
3202,8.7666,1.3837,1.3837,49964.43,50637217.67,4040352.28,266641651.29,276060833.84,542702485.13,26081.24,1.81119728,0.00056175,0.01797590,0.01123494,0.00017661,0.01141155,987023140.29,1797.9854
3203,8.7693,1.3835,1.3835,50059.40,50641202.12,4040463.30,266661699.24,276066859.43,542728558.67,26073.53,1.81066206,0.00056166,0.01797311,0.01123319,0.00017628,0.01140948,987047213.83,1798.0332
3204,8.7721,1.3833,1.3833,50154.56,50645186.02,4040574.29,266681740.85,276072883.65,542754624.49,26065.83,1.81012701,0.00056157,0.01797032,0.01123145,0.00017595,0.01140741,987071279.66,1798.0810
3205,8.7748,1.3831,1.3831,50249.90,50649169.36,4040685.26,266701776.11,276078906.51,542780682.62,26058.13,1.80959212,0.00056149,0.01796754,0.01122971,0.00017562,0.01140534,987095337.78,1798.1286
3206,8.7775,1.3829,1.3829,50345.41,50653152.14,4040796.20,266721805.04,276084928.01,542806733.05,26050.43,1.80905741,0.00056140,0.01796475,0.01122797,0.00017530,0.01140327,987119388.21,1798.1762
3207,8.7803,1.3827,1.3827,50441.11,50657134.36,4040907.12,266741827.63,276090948.15,542832775.78,26042.73,1.80852286,0.00056131,0.01796197,0.01122623,0.00017497,0.01140120,987143430.94,1798.2237
3208,8.7830,1.3825,1.3825,50536.99,50661116.02,4041018.02,266761843.88,276096966.93,542858810.81,26035.03,1.80798848,0.00056122,0.01795919,0.01122449,0.00017464,0.01139913,987167465.97,1798.2711
3209,8.7858,1.3823,1.3823,50633.05,50665097.12,4041128.89,266781853.80,276102984.35,542884838.15,26027.34,1.80745427,0.00056114,0.01795640,0.01122275,0.00017431,0.01139706,987191493.32,1798.3184
3210,8.7885,1.3821,1.3821,50729.30,50669077.66,4041239.75,266801857.39,276109000.42,542910857.80,26019.65,1.80692022,0.00056105,0.01795362,0.01122101,0.00017399,0.01139500,987215512.97,1798.3657
3211,8.7912,1.3819,1.3819,50825.73,50673057.64,4041350.57,266821854.64,276115015.12,542936869.77,26011.96,1.80638635,0.00056096,0.01795084,0.01121927,0.00017366,0.01139293,987239524.93,1798.4129
3212,8.7940,1.3817,1.3817,50922.34,50677037.06,4041461.37,266841845.57,276121028.47,542962874.05,26004.28,1.80585264,0.00056088,0.01794806,0.01121754,0.00017333,0.01139087,987263529.21,1798.4600
3213,8.7967,1.3815,1.3815,51019.13,50681015.92,4041572.15,266861830.18,276127040.46,542988870.64,25996.60,1.80531910,0.00056079,0.01794528,0.01121580,0.00017301,0.01138881,987287525.80,1798.5070
3214,8.7995,1.3814,1.3814,51116.11,50684994.22,4041682.91,266881808.46,276133051.10,543014859.55,25988.91,1.80478573,0.00056070,0.01794249,0.01121406,0.00017269,0.01138675,987311514.72,1798.5540
3215,8.8022,1.3812,1.3812,51213.28,50688971.97,4041793.64,266901780.42,276139060.37,543040840.79,25981.24,1.80425253,0.00056062,0.01793971,0.01121232,0.00017236,0.01138468,987335495.95,1798.6008
3216,8.8049,1.3810,1.3810,51310.62,50692949.15,4041904.35,266921746.06,276145068.29,543066814.35,25973.56,1.80371949,0.00056053,0.01793694,0.01121058,0.00017204,0.01138262,987359469.51,1798.6476
3217,8.8077,1.3808,1.3808,51408.16,50696925.78,4042015.03,266941705.38,276151074.86,543092780.24,25965.89,1.80318662,0.00056044,0.01793416,0.01120885,0.00017172,0.01138057,987383435.40,1798.6943
3218,8.8104,1.3806,1.3806,51505.88,50700901.85,4042125.69,266961658.39,276157080.07,543118738.46,25958.22,1.80265392,0.00056036,0.01793138,0.01120711,0.00017140,0.01137851,987407393.62,1798.7410
3219,8.8131,1.3804,1.3804,51603.78,50704877.36,4042236.33,266981605.08,276163083.92,543144689.00,25950.55,1.80212139,0.00056027,0.01792860,0.01120537,0.00017107,0.01137645,987431344.17,1798.7875
3220,8.8159,1.3802,1.3802,51701.87,50708852.31,4042346.95,267001545.46,276169086.42,543170631.89,25942.88,1.80158902,0.00056018,0.01792582,0.01120364,0.00017075,0.01137439,987455287.05,1798.8340
3221,8.8186,1.3800,1.3800,51800.15,50712826.70,4042457.54,267021479.54,276175087.57,543196567.10,25935.22,1.80105682,0.00056010,0.01792305,0.01120190,0.00017043,0.01137234,987479222.27,1798.8804
3222,8.8214,1.3798,1.3798,51898.61,50716800.53,4042568.10,267041407.30,276181087.36,543222494.66,25927.56,1.80052479,0.00056001,0.01792027,0.01120017,0.00017012,0.01137028,987503149.82,1798.9267
3223,8.8241,1.3796,1.3796,51997.26,50720773.81,4042678.64,267061328.76,276187085.80,543248414.56,25919.90,1.79999293,0.00055992,0.01791749,0.01119843,0.00016980,0.01136823,987527069.72,1798.9730
3224,8.8268,1.3794,1.3794,52096.10,50724746.52,4042789.16,267081243.92,276193082.88,543274326.80,25912.24,1.79946123,0.00055983,0.01791472,0.01119670,0.00016948,0.01136618,987550981.96,1799.0192
3225,8.8296,1.3792,1.3792,52195.13,50728718.68,4042899.66,267101152.77,276199078.62,543300231.39,25904.59,1.79892970,0.00055975,0.01791194,0.01119496,0.00016916,0.01136413,987574886.55,1799.0653
3226,8.8323,1.3790,1.3790,52294.34,50732690.28,4043010.13,267121055.32,276205073.00,543326128.32,25896.94,1.79839834,0.00055966,0.01790917,0.01119323,0.00016884,0.01136208,987598783.49,1799.1113
3227,8.8350,1.3788,1.3788,52393.74,50736661.32,4043120.58,267140951.58,276211066.03,543352017.61,25889.29,1.79786715,0.00055957,0.01790640,0.01119150,0.00016853,0.01136003,987622672.77,1799.1572
3228,8.8378,1.3786,1.3786,52493.34,50740631.81,4043231.01,267160841.54,276217057.71,543377899.25,25881.64,1.79733612,0.00055949,0.01790362,0.01118976,0.00016821,0.01135798,987646554.41,1799.2031
3229,8.8405,1.3784,1.3784,52593.12,50744601.73,4043341.41,267180725.21,276223048.04,543403773.25,25874.00,1.79680526,0.00055940,0.01790085,0.01118803,0.00016790,0.01135593,987670428.41,1799.2489
3230,8.8433,1.3783,1.3783,52693.09,50748571.10,4043451.79,267200602.59,276229037.02,543429639.60,25866.35,1.79627457,0.00055931,0.01789808,0.01118630,0.00016758,0.01135388,987694294.76,1799.2946
3231,8.8460,1.3781,1.3781,52793.25,50752539.91,4043562.14,267220473.67,276235024.64,543455498.32,25858.71,1.79574404,0.00055923,0.01789531,0.01118457,0.00016727,0.01135184,987718153.48,1799.3403
3232,8.8487,1.3779,1.3779,52893.60,50756508.17,4043672.47,267240338.47,276241010.92,543481349.39,25851.08,1.79521368,0.00055914,0.01789254,0.01118283,0.00016696,0.01134979,987742004.55,1799.3858
3233,8.8515,1.3777,1.3777,52994.14,50760475.86,4043782.78,267260196.98,276246995.85,543507192.83,25843.44,1.79468349,0.00055906,0.01788977,0.01118110,0.00016664,0.01134775,987765848.00,1799.4313
3234,8.8542,1.3775,1.3775,53094.88,50764443.00,4043893.06,267280049.21,276252979.43,543533028.64,25835.81,1.79415346,0.00055897,0.01788700,0.01117937,0.00016633,0.01134570,987789683.81,1799.4767
3235,8.8569,1.3773,1.3773,53195.80,50768409.58,4044003.32,267299895.16,276258961.66,543558856.82,25828.18,1.79362360,0.00055888,0.01788423,0.01117764,0.00016602,0.01134366,987813511.99,1799.5221
3236,8.8597,1.3771,1.3771,53296.92,50772375.60,4044113.56,267319734.83,276264942.55,543584677.38,25820.55,1.79309391,0.00055880,0.01788146,0.01117591,0.00016571,0.01134162,987837332.54,1799.5673
3237,8.8624,1.3769,1.3769,53398.23,50776341.07,4044223.77,267339568.22,276270922.08,543610490.30,25812.93,1.79256438,0.00055871,0.01787869,0.01117418,0.00016540,0.01133958,987861145.47,1799.6125
3238,8.8652,1.3767,1.3767,53499.73,50780305.97,4044333.96,267359395.33,276276900.27,543636295.61,25805.30,1.79203502,0.00055862,0.01787592,0.01117245,0.00016509,0.01133754,987884950.77,1799.6576
3239,8.8679,1.3765,1.3765,53601.42,50784270.33,4044444.13,267379216.17,276282877.12,543662093.29,25797.68,1.79150583,0.00055854,0.01787315,0.01117072,0.00016478,0.01133550,987908748.45,1799.7027
3240,8.8706,1.3763,1.3763,53703.31,50788234.12,4044554.27,267399030.74,276288852.61,543687883.36,25790.07,1.79097680,0.00055845,0.01787039,0.01116899,0.00016447,0.01133346,987932538.52,1799.7476
3241,8.8734,1.3761,1.3761,53805.39,50792197.36,4044664.39,267418839.04,276294826.77,543713665.81,25782.45,1.79044794,0.00055836,0.01786762,0.01116726,0.00016416,0.01133142,987956320.97,1799.7925
3242,8.8761,1.3759,1.3759,53907.67,50796160.04,4044774.49,267438641.07,276300799.57,543739440.65,25774.84,1.78991925,0.00055828,0.01786485,0.01116553,0.00016385,0.01132939,987980095.81,1799.8373
3243,8.8789,1.3757,1.3757,54010.14,50800122.16,4044884.56,267458436.84,276306771.03,543765207.87,25767.23,1.78939072,0.00055819,0.01786209,0.01116381,0.00016355,0.01132735,988003863.03,1799.8821
3244,8.8816,1.3755,1.3755,54112.80,50804083.73,4044994.61,267478226.34,276312741.15,543790967.49,25759.62,1.78886236,0.00055810,0.01785933,0.01116208,0.00016324,0.01132532,988027622.65,1799.9267
3245,8.8843,1.3754,1.3754,54215.66,50808044.74,4045104.63,267498009.58,276318709.92,543816719.50,25752.01,1.78833416,0.00055802,0.01785656,0.01116035,0.00016294,0.01132329,988051374.66,1799.9713
3246,8.8871,1.3752,1.3752,54318.72,50812005.19,4045214.63,267517786.56,276324677.35,543842463.91,25744.41,1.78780613,0.00055793,0.01785380,0.01115862,0.00016263,0.01132125,988075119.07,1800.0158
3247,8.8898,1.3750,1.3750,54421.97,50815965.09,4045324.61,267537557.29,276330643.43,543868200.72,25736.81,1.78727827,0.00055784,0.01785103,0.01115690,0.00016233,0.01131922,988098855.88,1800.0603
3248,8.8925,1.3748,1.3748,54525.41,50819924.43,4045434.57,267557321.75,276336608.17,543893929.93,25729.21,1.78675057,0.00055776,0.01784827,0.01115517,0.00016202,0.01131719,988122585.09,1800.1047
3249,8.8953,1.3746,1.3746,54629.06,50823883.21,4045544.50,267577079.96,276342571.57,543919651.54,25721.61,1.78622304,0.00055767,0.01784551,0.01115344,0.00016172,0.01131516,988146306.70,1800.1490
3250,8.8980,1.3744,1.3744,54732.90,50827841.44,4045654.41,267596831.93,276348533.63,543945365.55,25714.02,1.78569568,0.00055759,0.01784275,0.01115172,0.00016142,0.01131313,988170020.72,1800.1932
3251,8.9008,1.3742,1.3742,54836.94,50831799.11,4045764.29,267616577.64,276354494.34,543971071.98,25706.43,1.78516848,0.00055750,0.01783999,0.01114999,0.00016111,0.01131110,988193727.14,1800.2373
3252,8.9035,1.3740,1.3740,54941.17,50835756.22,4045874.15,267636317.10,276360453.72,543996770.82,25698.84,1.78464144,0.00055741,0.01783723,0.01114827,0.00016081,0.01130908,988217425.98,1800.2814
3253,8.9062,1.3738,1.3738,55045.61,50839712.78,4045983.99,267656050.32,276366411.75,544022462.07,25691.25,1.78411457,0.00055733,0.01783447,0.01114654,0.00016051,0.01130705,988241117.23,1800.3254
3254,8.9090,1.3736,1.3736,55150.24,50843668.79,4046093.81,267675777.29,276372368.44,544048145.73,25683.67,1.78358787,0.00055724,0.01783171,0.01114482,0.00016021,0.01130503,988264800.90,1800.3693
3255,8.9117,1.3734,1.3734,55255.07,50847624.23,4046203.60,267695498.02,276378323.80,544073821.82,25676.08,1.78306133,0.00055715,0.01782895,0.01114309,0.00015991,0.01130300,988288476.98,1800.4132
3256,8.9144,1.3732,1.3732,55360.10,50851579.13,4046313.37,267715212.51,276384277.81,544099490.32,25668.50,1.78253496,0.00055707,0.01782619,0.01114137,0.00015961,0.01130098,988312145.48,1800.4570
3257,8.9172,1.3730,1.3730,55465.33,50855533.46,4046423.11,267734920.76,276390230.48,544125151.25,25660.93,1.78200876,0.00055698,0.01782343,0.01113965,0.00015931,0.01129896,988335806.41,1800.5007
3258,8.9199,1.3728,1.3728,55570.76,50859487.24,4046532.83,267754622.78,276396181.82,544150804.60,25653.35,1.78148272,0.00055690,0.01782068,0.01113792,0.00015901,0.01129693,988359459.76,1800.5443
3259,8.9227,1.3726,1.3726,55676.39,50863440.47,4046642.53,267774318.56,276402131.81,544176450.38,25645.78,1.78095684,0.00055681,0.01781792,0.01113620,0.00015871,0.01129491,988383105.54,1800.5879
3260,8.9254,1.3725,1.3725,55782.23,50867393.14,4046752.21,267794008.11,276408080.47,544202088.58,25638.21,1.78043113,0.00055672,0.01781516,0.01113448,0.00015842,0.01129289,988406743.75,1800.6314
3261,8.9281,1.3723,1.3723,55888.26,50871345.25,4046861.86,267813691.43,276414027.79,544227719.22,25630.64,1.77990559,0.00055664,0.01781241,0.01113275,0.00015812,0.01129087,988430374.39,1800.6748
3262,8.9309,1.3721,1.3721,55994.49,50875296.81,4046971.48,267833368.52,276419973.78,544253342.30,25623.07,1.77938021,0.00055655,0.01780965,0.01113103,0.00015782,0.01128886,988453997.46,1800.7181
3263,8.9336,1.3719,1.3719,56100.93,50879247.81,4047081.09,267853039.39,276425918.42,544278957.81,25615.51,1.77885499,0.00055647,0.01780690,0.01112931,0.00015753,0.01128684,988477612.97,1800.7614
3264,8.9363,1.3717,1.3717,56207.57,50883198.26,4047190.67,267872704.03,276431861.73,544304565.76,25607.95,1.77832994,0.00055638,0.01780414,0.01112759,0.00015723,0.01128482,988501220.92,1800.8046
3265,8.9391,1.3715,1.3715,56314.41,50887148.15,4047300.23,267892362.45,276437803.71,544330166.15,25600.39,1.77780506,0.00055629,0.01780139,0.01112587,0.00015694,0.01128281,988524821.32,1800.8478
3266,8.9418,1.3713,1.3713,56421.46,50891097.49,4047409.76,267912014.65,276443744.34,544355758.99,25592.84,1.77728034,0.00055621,0.01779864,0.01112415,0.00015664,0.01128079,988548414.15,1800.8908
3267,8.9446,1.3711,1.3711,56528.70,50895046.27,4047519.27,267931660.63,276449683.65,544381344.28,25585.28,1.77675579,0.00055612,0.01779588,0.01112243,0.00015635,0.01127878,988571999.44,1800.9338
3268,8.9473,1.3709,1.3709,56636.16,50898994.50,4047628.76,267951300.39,276455621.62,544406922.01,25577.73,1.77623140,0.00055604,0.01779313,0.01112071,0.00015606,0.01127677,988595577.17,1800.9767
3269,8.9500,1.3707,1.3707,56743.81,50902942.17,4047738.23,267970933.94,276461558.25,544432492.19,25570.18,1.77570717,0.00055595,0.01779038,0.01111899,0.00015577,0.01127475,988619147.35,1801.0196
3270,8.9528,1.3705,1.3705,56851.67,50906889.29,4047847.67,267990561.28,276467493.55,544458054.83,25562.64,1.77518311,0.00055586,0.01778763,0.01111727,0.00015547,0.01127274,988642709.99,1801.0623
3271,8.9555,1.3703,1.3703,56959.74,50910835.85,4047957.09,268010182.40,276473427.52,544483609.92,25555.09,1.77465922,0.00055578,0.01778488,0.01111555,0.00015518,0.01127073,988666265.08,1801.1050
3272,8.9582,1.3701,1.3701,57068.01,50914781.86,4048066.48,268029797.32,276479360.15,544509157.47,25547.55,1.77413549,0.00055569,0.01778213,0.01111383,0.00015489,0.01126872,988689812.63,1801.1477
3273,8.9610,1.3699,1.3699,57176.49,50918727.32,4048175.85,268049406.03,276485291.45,544534697.48,25540.01,1.77361192,0.00055561,0.01777938,0.01111211,0.00015460,0.01126671,988713352.65,1801.1902
3274,8.9637,1.3698,1.3698,57285.17,50922672.22,4048285.20,268069008.54,276491221.42,544560229.96,25532.47,1.77308852,0.00055552,0.01777663,0.01111039,0.00015431,0.01126471,988736885.12,1801.2327
3275,8.9665,1.3696,1.3696,57394.06,50926616.56,4048394.53,268088604.84,276497150.05,544585754.90,25524.94,1.77256528,0.00055543,0.01777388,0.01110868,0.00015402,0.01126270,988760410.06,1801.2752
3276,8.9692,1.3694,1.3694,57503.16,50930560.35,4048503.83,268108194.95,276503077.36,544611272.31,25517.41,1.77204221,0.00055535,0.01777114,0.01110696,0.00015373,0.01126069,988783927.47,1801.3175
3277,8.9719,1.3692,1.3692,57612.46,50934503.59,4048613.11,268127778.85,276509003.33,544636782.18,25509.88,1.77151930,0.00055526,0.01776839,0.01110524,0.00015345,0.01125869,988807437.35,1801.3598
3278,8.9747,1.3690,1.3690,57721.97,50938446.27,4048722.36,268147356.56,276514927.97,544662284.53,25502.35,1.77099656,0.00055518,0.01776564,0.01110353,0.00015316,0.01125668,988830939.70,1801.4020
3279,8.9774,1.3688,1.3688,57831.69,50942388.40,4048831.60,268166928.07,276520851.29,544687779.36,25494.83,1.77047398,0.00055509,0.01776290,0.01110181,0.00015287,0.01125468,988854434.52,1801.4441
3280,8.9802,1.3686,1.3686,57941.62,50946329.98,4048940.80,268186493.39,276526773.27,544713266.66,25487.30,1.76995156,0.00055500,0.01776015,0.01110009,0.00015259,0.01125268,988877921.82,1801.4862
3281,8.9829,1.3684,1.3684,58051.76,50950271.00,4049049.99,268206052.52,276532693.92,544738746.44,25479.78,1.76942931,0.00055492,0.01775740,0.01109838,0.00015230,0.01125068,988901401.61,1801.5282
3282,8.9856,1.3682,1.3682,58162.11,50954211.47,4049159.15,268225605.46,276538613.25,544764218.71,25472.26,1.76890722,0.00055483,0.01775466,0.01109666,0.00015201,0.01124868,988924873.87,1801.5701
3283,8.9884,1.3680,1.3680,58272.66,50958151.38,4049268.29,268245152.21,276544531.24,544789683.46,25464.75,1.76838530,0.00055475,0.01775192,0.01109495,0.00015173,0.01124668,988948338.62,1801.6120
3284,8.9911,1.3678,1.3678,58383.43,50962090.74,4049377.41,268264692.78,276550447.91,544815140.69,25457.24,1.76786354,0.00055466,0.01774917,0.01109323,0.00015145,0.01124468,988971795.85,1801.6538
3285,8.9938,1.3676,1.3676,58494.41,50966029.55,4049486.50,268284227.17,276556363.25,544840590.41,25449.72,1.76734195,0.00055458,0.01774643,0.01109152,0.00015116,0.01124268,988995245.58,1801.6955
3286,8.9966,1.3674,1.3674,58605.59,50969967.80,4049595.57,268303755.37,276562277.26,544866032.63,25442.22,1.76682052,0.00055449,0.01774369,0.01108980,0.00015088,0.01124068,989018687.79,1801.7371
3287,8.9993,1.3673,1.3673,58716.99,50973905.50,4049704.62,268323277.40,276568189.94,544891467.34,25434.71,1.76629925,0.00055440,0.01774094,0.01108809,0.00015060,0.01123869,989042122.50,1801.7787
3288,9.0021,1.3671,1.3671,58828.61,50977842.65,4049813.64,268342793.24,276574101.30,544916894.54,25427.21,1.76577815,0.00055432,0.01773820,0.01108638,0.00015031,0.01123669,989065549.71,1801.8202
3289,9.0048,1.3669,1.3669,58940.43,50981779.24,4049922.64,268362302.92,276580011.33,544942314.25,25419.70,1.76525721,0.00055423,0.01773546,0.01108466,0.00015003,0.01123470,989088969.41,1801.8617
3290,9.0075,1.3667,1.3667,59052.47,50985715.28,4050031.62,268381806.42,276585920.04,544967726.45,25412.20,1.76473643,0.00055415,0.01773272,0.01108295,0.00014975,0.01123270,989112381.62,1801.9030
3291,9.0103,1.3665,1.3665,59164.71,50989650.77,4050140.57,268401303.74,276591827.42,544993131.16,25404.71,1.76421582,0.00055406,0.01772998,0.01108124,0.00014947,0.01123071,989135786.32,1801.9443
3292,9.0130,1.3663,1.3663,59277.18,50993585.70,4050249.50,268420794.90,276597733.47,545018528.37,25397.21,1.76369537,0.00055398,0.01772724,0.01107953,0.00014919,0.01122872,989159183.54,1801.9856
3293,9.0157,1.3661,1.3661,59389.85,50997520.08,4050358.41,268440279.89,276603638.20,545043918.10,25389.72,1.76317508,0.00055389,0.01772450,0.01107781,0.00014891,0.01122673,989182573.26,1802.0267
3294,9.0185,1.3659,1.3659,59502.74,51001453.91,4050467.30,268459758.72,276609541.61,545069300.33,25382.23,1.76265496,0.00055381,0.01772177,0.01107610,0.00014863,0.01122473,989205955.49,1802.0678
3295,9.0212,1.3657,1.3657,59615.85,51005387.19,4050576.16,268479231.38,276615443.69,545094675.07,25374.74,1.76213500,0.00055372,0.01771903,0.01107439,0.00014835,0.01122275,989229330.23,1802.1089
3296,9.0240,1.3655,1.3655,59729.17,51009319.91,4050685.00,268498697.88,276621344.45,545120042.33,25367.26,1.76161521,0.00055363,0.01771629,0.01107268,0.00014808,0.01122076,989252697.49,1802.1498
3297,9.0267,1.3653,1.3653,59842.70,51013252.08,4050793.81,268518158.22,276627243.88,545145402.11,25359.78,1.76109557,0.00055355,0.01771355,0.01107097,0.00014780,0.01121877,989276057.27,1802.1907
3298,9.0294,1.3651,1.3651,59956.46,51017183.70,4050902.60,268537612.41,276633142.00,545170754.40,25352.30,1.76057611,0.00055346,0.01771082,0.01106926,0.00014752,0.01121678,989299409.56,1802.2316
3299,9.0322,1.3650,1.3650,60070.42,51021114.76,4051011.37,268557060.43,276639038.79,545196099.22,25344.82,1.76005680,0.00055338,0.01770808,0.01106755,0.00014724,0.01121480,989322754.38,1802.2723
3300,9.0349,1.3648,1.3648,60184.61,51025045.28,4051120.12,268576502.31,276644934.25,545221436.56,25337.34,1.75953766,0.00055329,0.01770535,0.01106584,0.00014697,0.01121281,989346091.72,1802.3130
3301,9.0376,1.3646,1.3646,60299.01,51028975.24,4051228.84,268595938.03,276650828.40,545246766.43,25329.87,1.75901868,0.00055321,0.01770261,0.01106413,0.00014669,0.01121083,989369421.59,1802.3536
3302,9.0404,1.3644,1.3644,60413.63,51032904.64,4051337.54,268615367.60,276656721.23,545272088.83,25322.40,1.75849986,0.00055312,0.01769988,0.01106242,0.00014642,0.01120884,989392743.99,1802.3942
3303,9.0431,1.3642,1.3642,60528.46,51036833.50,4051446.22,268634791.03,276662612.73,545297403.76,25314.93,1.75798121,0.00055304,0.01769714,0.01106072,0.00014614,0.01120686,989416058.92,1802.4347
3304,9.0459,1.3640,1.3640,60643.52,51040761.80,4051554.87,268654208.30,276668502.92,545322711.22,25307.46,1.75746272,0.00055295,0.01769441,0.01105901,0.00014587,0.01120488,989439366.38,1802.4751
3305,9.0486,1.3638,1.3638,60758.79,51044689.56,4051663.50,268673619.44,276674391.78,545348011.22,25300.00,1.75694439,0.00055286,0.01769168,0.01105730,0.00014560,0.01120290,989462666.38,1802.5154
3306,9.0513,1.3636,1.3636,60874.28,51048616.76,4051772.11,268693024.43,276680279.33,545373303.76,25292.54,1.75642622,0.00055278,0.01768895,0.01105559,0.00014532,0.01120092,989485958.92,1802.5557
3307,9.0541,1.3634,1.3634,60990.00,51052543.40,4051880.70,268712423.28,276686165.56,545398588.84,25285.08,1.75590822,0.00055269,0.01768621,0.01105388,0.00014505,0.01119894,989509244.00,1802.5959
3308,9.0568,1.3632,1.3632,61105.93,51056469.50,4051989.26,268731816.00,276692050.46,545423866.46,25277.62,1.75539038,0.00055261,0.01768348,0.01105218,0.00014478,0.01119696,989532521.62,1802.6361
3309,9.0595,1.3630,1.3630,61222.08,51060395.05,4052097.80,268751202.57,276697934.05,545449136.63,25270.17,1.75487271,0.00055252,0.01768075,0.01105047,0.00014451,0.01119498,989555791.79,1802.6762
3310,9.0623,1.3628,1.3628,61338.45,51064320.04,4052206.31,268770583.02,276703816.32,545474399.34,25262.71,1.75435519,0.00055244,0.01767802,0.01104876,0.00014424,0.01119300,989579054.50,1802.7162
3311,9.0650,1.3627,1.3627,61455.05,51068244.48,4052314.81,268789957.33,276709697.28,545499654.61,25255.26,1.75383784,0.00055235,0.01767529,0.01104706,0.00014397,0.01119103,989602309.77,1802.7561
3312,9.0678,1.3625,1.3625,61571.87,51072168.37,4052423.28,268809325.51,276715576.92,545524902.42,25247.82,1.75332065,0.00055227,0.01767257,0.01104535,0.00014370,0.01118905,989625557.59,1802.7960
3313,9.0705,1.3623,1.3623,61688.90,51076091.71,4052531.72,268828687.56,276721455.24,545550142.79,25240.37,1.75280362,0.00055218,0.01766984,0.01104365,0.00014343,0.01118708,989648797.96,1802.8358
3314,9.0732,1.3621,1.3621,61806.16,51080014.50,4052640.15,268848043.48,276727332.24,545575375.72,25232.93,1.75228676,0.00055210,0.01766711,0.01104194,0.00014316,0.01118510,989672030.89,1802.8756
3315,9.0760,1.3619,1.3619,61923.65,51083936.73,4052748.55,268867393.28,276733207.93,545600601.21,25225.49,1.75177006,0.00055201,0.01766438,0.01104024,0.00014289,0.01118313,989695256.38,1802.9153
3316,9.0787,1.3617,1.3617,62041.35,51087858.42,4052856.92,268886736.96,276739082.30,545625819.26,25218.05,1.75125352,0.00055193,0.01766165,0.01103853,0.00014262,0.01118116,989718474.43,1802.9549
3317,9.0815,1.3615,1.3615,62159.28,51091779.55,4052965.28,268906074.52,276744955.36,545651029.88,25210.61,1.75073714,0.00055184,0.01765893,0.01103683,0.00014236,0.01117919,989741685.04,1802.9944
3318,9.0842,1.3613,1.3613,62277.44,51095700.13,4053073.61,268925405.96,276750827.10,545676233.06,25203.18,1.75022092,0.00055176,0.01765620,0.01103513,0.00014209,0.01117722,989764888.22,1803.0339
3319,9.0869,1.3611,1.3611,62395.82,51099620.17,4053181.92,268944731.28,276756697.53,545701428.81,25195.75,1.74970487,0.00055167,0.01765348,0.01103342,0.00014182,0.01117525,989788083.97,1803.0733
3320,9.0897,1.3609,1.3609,62514.42,51103539.65,4053290.21,268964050.48,276762566.65,545726617.13,25188.32,1.74918898,0.00055159,0.01765075,0.01103172,0.00014156,0.01117328,989811272.29,1803.1127
3321,9.0924,1.3607,1.3607,62633.25,51107458.58,4053398.47,268983363.58,276768434.45,545751798.03,25180.89,1.74867325,0.00055150,0.01764803,0.01103002,0.00014129,0.01117131,989834453.19,1803.1520
3322,9.0951,1.3605,1.3605,62752.31,51111376.96,4053506.71,269002670.56,276774300.94,545776971.50,25173.47,1.74815768,0.00055142,0.01764530,0.01102832,0.00014103,0.01116934,989857626.66,1803.1912
3323,9.0979,1.3604,1.3604,62871.59,51115294.79,4053614.93,269021971.43,276780166.11,545802137.55,25166.05,1.74764228,0.00055133,0.01764258,0.01102661,0.00014076,0.01116738,989880792.71,1803.2304
3324,9.1006,1.3602,1.3602,62991.10,51119212.06,4053723.12,269041266.20,276786029.98,545827296.17,25158.63,1.74712703,0.00055125,0.01763986,0.01102491,0.00014050,0.01116541,989903951.34,1803.2694
3325,9.1034,1.3600,1.3600,63110.83,51123128.79,4053831.29,269060554.86,276791892.53,545852447.39,25151.21,1.74661195,0.00055116,0.01763714,0.01102321,0.00014024,0.01116345,989927102.55,1803.3085
3326,9.1061,1.3598,1.3598,63230.80,51127044.97,4053939.44,269079837.42,276797753.77,545877591.18,25143.80,1.74609703,0.00055108,0.01763441,0.01102151,0.00013997,0.01116148,989950246.35,1803.3474
3327,9.1088,1.3596,1.3596,63350.99,51130960.60,4054047.56,269099113.87,276803613.70,545902727.57,25136.38,1.74558227,0.00055099,0.01763169,0.01101981,0.00013971,0.01115952,989973382.73,1803.3863
3328,9.1116,1.3594,1.3594,63471.41,51134875.67,4054155.67,269118384.23,276809472.31,545927856.54,25128.97,1.74506767,0.00055091,0.01762897,0.01101811,0.00013945,0.01115756,989996511.71,1803.4252
3329,9.1143,1.3592,1.3592,63592.06,51138790.20,4054263.75,269137648.49,276815329.62,545952978.11,25121.57,1.74455324,0.00055082,0.01762625,0.01101641,0.00013919,0.01115560,990019633.27,1803.4639
3330,9.1170,1.3590,1.3590,63712.94,51142704.18,4054371.80,269156906.65,276821185.62,545978092.27,25114.16,1.74403896,0.00055074,0.01762353,0.01101471,0.00013893,0.01115364,990042747.43,1803.5026
3331,9.1198,1.3588,1.3588,63834.04,51146617.61,4054479.84,269176158.72,276827040.31,546003199.03,25106.76,1.74352485,0.00055065,0.01762081,0.01101301,0.00013867,0.01115168,990065854.19,1803.5413
3332,9.1225,1.3586,1.3586,63955.38,51150530.48,4054587.85,269195404.70,276832893.69,546028298.39,25099.36,1.74301090,0.00055057,0.01761810,0.01101131,0.00013841,0.01114972,990088953.55,1803.5798
3333,9.1253,1.3584,1.3584,64076.95,51154442.81,4054695.84,269214644.58,276838745.76,546053390.34,25091.96,1.74249711,0.00055048,0.01761538,0.01100961,0.00013815,0.01114776,990112045.51,1803.6183
3334,9.1280,1.3583,1.3583,64198.75,51158354.59,4054803.80,269233878.38,276844596.52,546078474.91,25084.56,1.74198348,0.00055040,0.01761266,0.01100791,0.00013789,0.01114580,990135130.07,1803.6568
3335,9.1307,1.3581,1.3581,64320.78,51162265.81,4054911.74,269253106.10,276850445.98,546103552.07,25077.17,1.74147001,0.00055031,0.01760994,0.01100621,0.00013763,0.01114385,990158207.24,1803.6952
3336,9.1335,1.3579,1.3579,64443.05,51166176.49,4055019.66,269272327.73,276856294.12,546128621.85,25069.78,1.74095671,0.00055023,0.01760723,0.01100452,0.00013737,0.01114189,990181277.01,1803.7335
3337,9.1362,1.3577,1.3577,64565.54,51170086.62,4055127.56,269291543.28,276862140.96,546153684.24,25062.39,1.74044356,0.00055014,0.01760451,0.01100282,0.00013712,0.01113993,990204339.40,1803.7717
3338,9.1389,1.3575,1.3575,64688.27,51173996.20,4055235.43,269310752.74,276867986.49,546178739.24,25055.00,1.73993058,0.00055006,0.01760180,0.01100112,0.00013686,0.01113798,990227394.40,1803.8099
3339,9.1417,1.3573,1.3573,64811.23,51177905.23,4055343.28,269329956.13,276873830.72,546203786.85,25047.62,1.73941776,0.00054997,0.01759908,0.01099943,0.00013660,0.01113603,990250442.02,1803.8480
3340,9.1444,1.3571,1.3571,64934.43,51181813.71,4055451.11,269349153.45,276879673.64,546228827.09,25040.23,1.73890509,0.00054989,0.01759637,0.01099773,0.00013635,0.01113407,990273482.25,1803.8861
3341,9.1472,1.3569,1.3569,65057.86,51185721.64,4055558.92,269368344.68,276885515.26,546253859.94,25032.85,1.73839259,0.00054980,0.01759365,0.01099603,0.00013609,0.01113212,990296515.10,1803.9241
3342,9.1499,1.3567,1.3567,65181.52,51189629.02,4055666.70,269387529.85,276891355.57,546278885.42,25025.48,1.73788025,0.00054972,0.01759094,0.01099434,0.00013584,0.01113017,990319540.58,1803.9620
3343,9.1526,1.3565,1.3565,65305.42,51193535.86,4055774.46,269406708.95,276897194.57,546303903.52,25018.10,1.73736807,0.00054963,0.01758823,0.01099264,0.00013558,0.01112822,990342558.68,1803.9999
3344,9.1554,1.3563,1.3563,65429.56,51197442.14,4055882.20,269425881.97,276903032.27,546328914.24,25010.73,1.73685605,0.00054955,0.01758551,0.01099095,0.00013533,0.01112627,990365569.41,1804.0377
3345,9.1581,1.3562,1.3562,65553.93,51201347.88,4055989.91,269445048.93,276908868.67,546353917.60,25003.36,1.73634420,0.00054946,0.01758280,0.01098925,0.00013507,0.01112432,990388572.76,1804.0755
3346,9.1608,1.3560,1.3560,65678.54,51205253.06,4056097.60,269464209.83,276914703.76,546378913.59,24995.99,1.73583250,0.00054938,0.01758009,0.01098756,0.00013482,0.01112238,990411568.75,1804.1131
3347,9.1636,1.3558,1.3558,65803.38,51209157.70,4056205.27,269483364.66,276920537.55,546403902.21,24988.62,1.73532096,0.00054929,0.01757738,0.01098586,0.00013457,0.01112043,990434557.37,1804.1508
3348,9.1663,1.3556,1.3556,65928.46,51213061.79,4056312.92,269502513.43,276926370.04,546428883.47,24981.26,1.73480959,0.00054921,0.01757467,0.01098417,0.00013431,0.01111848,990457538.63,1804.1883
3349,9.1691,1.3554,1.3554,66053.78,51216965.33,4056420.54,269521656.14,276932201.22,546453857.36,24973.90,1.73429837,0.00054912,0.01757196,0.01098248,0.00013406,0.01111654,990480512.53,1804.2258
3350,9.1718,1.3552,1.3552,66179.34,51220868.32,4056528.14,269540792.80,276938031.11,546478823.90,24966.54,1.73378731,0.00054904,0.01756925,0.01098078,0.00013381,0.01111459,990503479.06,1804.2632
3351,9.1745,1.3550,1.3550,66305.13,51224770.77,4056635.72,269559923.40,276943859.69,546503783.08,24959.18,1.73327642,0.00054895,0.01756654,0.01097909,0.00013356,0.01111265,990526438.25,1804.3006
3352,9.1773,1.3548,1.3548,66431.17,51228672.66,4056743.27,269579047.94,276949686.97,546528734.91,24951.83,1.73276569,0.00054887,0.01756383,0.01097740,0.00013331,0.01111071,990549390.07,1804.3379
3353,9.1800,1.3546,1.3546,66557.44,51232574.01,4056850.80,269598166.44,276955512.94,546553679.38,24944.47,1.73225511,0.00054879,0.01756113,0.01097570,0.00013306,0.01110877,990572334.54,1804.3751
3354,9.1828,1.3544,1.3544,66683.96,51236474.81,4056958.31,269617278.88,276961337.62,546578616.51,24937.12,1.73174470,0.00054870,0.01755842,0.01097401,0.00013281,0.01110682,990595271.67,1804.4123
3355,9.1855,1.3543,1.3543,66810.71,51240375.06,4057065.80,269636385.28,276967161.00,546603546.28,24929.78,1.73123444,0.00054862,0.01755571,0.01097232,0.00013256,0.01110488,990618201.44,1804.4494
3356,9.1882,1.3541,1.3541,66937.71,51244274.76,4057173.26,269655485.63,276972983.08,546628468.71,24922.43,1.73072435,0.00054853,0.01755301,0.01097063,0.00013231,0.01110294,990641123.88,1804.4865
3357,9.1910,1.3539,1.3539,67064.95,51248173.91,4057280.70,269674579.94,276978803.86,546653383.80,24915.09,1.73021441,0.00054845,0.01755030,0.01096894,0.00013207,0.01110100,990664038.96,1804.5235
3358,9.1937,1.3537,1.3537,67192.43,51252072.52,4057388.12,269693668.21,276984623.34,546678291.55,24907.75,1.72970464,0.00054836,0.01754760,0.01096725,0.00013182,0.01109907,990686946.71,1804.5604
3359,9.1964,1.3535,1.3535,67320.15,51255970.58,4057495.52,269712750.43,276990441.52,546703191.96,24900.41,1.72919503,0.00054828,0.01754489,0.01096556,0.00013157,0.01109713,990709847.12,1804.5973
3360,9.1992,1.3533,1.3533,67448.11,51259868.09,4057602.89,269731826.62,276996258.41,546728085.03,24893.07,1.72868557,0.00054819,0.01754219,0.01096387,0.00013133,0.01109519,990732740.19,1804.6341
3361,9.2019,1.3531,1.3531,67576.32,51263765.05,4057710.24,269750896.77,277002073.99,546752970.77,24885.74,1.72817628,0.00054811,0.01753948,0.01096218,0.00013108,0.01109326,990755625.93,1804.6708
3362,9.2047,1.3529,1.3529,67704.77,51267661.47,4057817.57,269769960.89,277007888.28,546777849.17,24878.41,1.72766714,0.00054802,0.01753678,0.01096049,0.00013083,0.01109132,990778504.34,1804.7075
3363,9.2074,1.3527,1.3527,67833.47,51271557.33,4057924.88,269789018.98,277013701.27,546802720.25,24871.08,1.72715817,0.00054794,0.01753408,0.01095880,0.00013059,0.01108939,990801375.41,1804.7442
3364,9.2101,1.3525,1.3525,67962.41,51275452.66,4058032.16,269808071.03,277019512.97,546827584.00,24863.75,1.72664935,0.00054786,0.01753138,0.01095711,0.00013034,0.01108745,990824239.16,1804.7807
3365,9.2129,1.3524,1.3524,68091.60,51279347.43,4058139.42,269827117.06,277025323.37,546852440.43,24856.43,1.72614070,0.00054777,0.01752867,0.01095542,0.00013010,0.01108552,990847095.59,1804.8172
3366,9.2156,1.3522,1.3522,68221.03,51283241.65,4058246.65,269846157.06,277031132.47,546877289.53,24849.10,1.72563220,0.00054769,0.01752597,0.01095373,0.00012986,0.01108359,990869944.69,1804.8537
3367,9.2183,1.3520,1.3520,68350.70,51287135.33,4058353.87,269865191.04,277036940.28,546902131.31,24841.78,1.72512387,0.00054760,0.01752327,0.01095205,0.00012961,0.01108166,990892786.48,1804.8900
3368,9.2211,1.3518,1.3518,68480.63,51291028.46,4058461.06,269884218.99,277042746.79,546926965.78,24834.47,1.72461569,0.00054752,0.01752057,0.01095036,0.00012937,0.01107973,990915620.94,1804.9264
3369,9.2238,1.3516,1.3516,68610.80,51294921.05,4058568.23,269903240.92,277048552.01,546951792.93,24827.15,1.72410767,0.00054743,0.01751787,0.01094867,0.00012913,0.01107780,990938448.09,1804.9626
3370,9.2266,1.3514,1.3514,68741.22,51298813.09,4058675.38,269922256.84,277054355.93,546976612.77,24819.84,1.72359981,0.00054735,0.01751518,0.01094698,0.00012888,0.01107587,990961267.93,1804.9988
3371,9.2293,1.3512,1.3512,68871.88,51302704.58,4058782.50,269941266.73,277060158.56,547001425.29,24812.53,1.72309212,0.00054726,0.01751248,0.01094530,0.00012864,0.01107394,990984080.46,1805.0349
3372,9.2320,1.3510,1.3510,69002.80,51306595.52,4058889.60,269960270.61,277065959.90,547026230.51,24805.22,1.72258458,0.00054718,0.01750978,0.01094361,0.00012840,0.01107201,991006885.68,1805.0710
3373,9.2348,1.3508,1.3508,69133.96,51310485.92,4058996.68,269979268.48,277071759.94,547051028.42,24797.91,1.72207720,0.00054710,0.01750708,0.01094193,0.00012816,0.01107009,991029683.59,1805.1070
3374,9.2375,1.3506,1.3506,69265.37,51314375.77,4059103.74,269998260.34,277077558.70,547075819.03,24790.61,1.72156998,0.00054701,0.01750438,0.01094024,0.00012792,0.01106816,991052474.19,1805.1430
3375,9.2402,1.3505,1.3505,69397.03,51318265.07,4059210.77,270017246.18,277083356.15,547100602.34,24783.31,1.72106291,0.00054693,0.01750169,0.01093856,0.00012768,0.01106624,991075257.50,1805.1789
3376,9.2430,1.3503,1.3503,69528.95,51322153.83,4059317.78,270036226.02,277089152.32,547125378.34,24776.01,1.72055601,0.00054684,0.01749899,0.01093687,0.00012744,0.01106431,991098033.51,1805.2147
3377,9.2457,1.3501,1.3501,69661.11,51326042.04,4059424.77,270055199.86,277094947.20,547150147.05,24768.71,1.72004927,0.00054676,0.01749630,0.01093519,0.00012720,0.01106239,991120802.22,1805.2505
3378,9.2485,1.3499,1.3499,69793.52,51329929.70,4059531.73,270074167.69,277100740.78,547174908.47,24761.41,1.71954268,0.00054668,0.01749360,0.01093350,0.00012696,0.01106047,991143563.63,1805.2862
3379,9.2512,1.3497,1.3497,69926.19,51333816.82,4059638.68,270093129.51,277106533.08,547199662.59,24754.12,1.71903626,0.00054659,0.01749091,0.01093182,0.00012673,0.01105854,991166317.75,1805.3219
3380,9.2539,1.3495,1.3495,70059.11,51337703.39,4059745.60,270112085.34,277112324.08,547224409.42,24746.83,1.71852999,0.00054651,0.01748821,0.01093013,0.00012649,0.01105662,991189064.59,1805.3575
3381,9.2567,1.3493,1.3493,70192.28,51341589.42,4059852.49,270131035.17,277118113.79,547249148.97,24739.54,1.71802388,0.00054642,0.01748552,0.01092845,0.00012625,0.01105470,991211804.13,1805.3930
3382,9.2594,1.3491,1.3491,70325.70,51345474.90,4059959.37,270149979.01,277123902.22,547273881.22,24732.26,1.71751793,0.00054634,0.01748283,0.01092677,0.00012602,0.01105278,991234536.39,1805.4285
3383,9.2621,1.3489,1.3489,70459.38,51349359.83,4060066.22,270168916.85,277129689.35,547298606.20,24724.97,1.71701214,0.00054625,0.01748014,0.01092509,0.00012578,0.01105086,991257261.36,1805.4639
3384,9.2649,1.3487,1.3487,70593.31,51353244.22,4060173.05,270187848.69,277135475.20,547323323.89,24717.69,1.71650651,0.00054617,0.01747744,0.01092340,0.00012554,0.01104895,991279979.06,1805.4993
3385,9.2676,1.3486,1.3486,70727.50,51357128.06,4060279.86,270206774.55,277141259.76,547348034.31,24710.41,1.71600103,0.00054609,0.01747475,0.01092172,0.00012531,0.01104703,991302689.47,1805.5346
3386,9.2704,1.3484,1.3484,70861.94,51361011.36,4060386.65,270225694.42,277147043.03,547372737.45,24703.14,1.71549572,0.00054600,0.01747206,0.01092004,0.00012507,0.01104511,991325392.61,1805.5698
3387,9.2731,1.3482,1.3482,70996.64,51364894.11,4060493.41,270244608.30,277152825.01,547397433.31,24695.86,1.71499056,0.00054592,0.01746937,0.01091836,0.00012484,0.01104320,991348088.47,1805.6050
3388,9.2758,1.3480,1.3480,71131.59,51368776.31,4060600.15,270263516.20,277158605.70,547422121.90,24688.59,1.71448556,0.00054583,0.01746668,0.01091668,0.00012460,0.01104128,991370777.06,1805.6401
3389,9.2786,1.3478,1.3478,71266.80,51372657.97,4060706.87,270282418.11,277164385.11,547446803.22,24681.32,1.71398072,0.00054575,0.01746399,0.01091500,0.00012437,0.01103937,991393458.39,1805.6752
3390,9.2813,1.3476,1.3476,71402.27,51376539.09,4060813.56,270301314.05,277170163.23,547471477.28,24674.05,1.71347604,0.00054567,0.01746131,0.01091332,0.00012414,0.01103745,991416132.44,1805.7102
3391,9.2841,1.3474,1.3474,71537.99,51380419.66,4060920.23,270320204.00,277175940.07,547496144.07,24666.79,1.71297152,0.00054558,0.01745862,0.01091164,0.00012391,0.01103554,991438799.23,1805.7451
3392,9.2868,1.3472,1.3472,71673.97,51384299.68,4061026.88,270339087.98,277181715.62,547520803.60,24659.53,1.71246715,0.00054550,0.01745593,0.01090996,0.00012367,0.01103363,991461458.76,1805.7800
3393,9.2895,1.3470,1.3470,71810.21,51388179.16,4061133.51,270357965.98,277187489.88,547545455.86,24652.27,1.71196294,0.00054541,0.01745324,0.01090828,0.00012344,0.01103172,991484111.03,1805.8148
3394,9.2923,1.3469,1.3469,71946.71,51392058.09,4061240.12,270376838.01,277193262.86,547570100.87,24645.01,1.71145889,0.00054533,0.01745056,0.01090660,0.00012321,0.01102981,991506756.03,1805.8496
3395,9.2950,1.3467,1.3467,72083.47,51395936.48,4061346.70,270395704.07,277199034.56,547594738.62,24637.75,1.71095500,0.00054525,0.01744787,0.01090492,0.00012298,0.01102790,991529393.79,1805.8843
3396,9.2977,1.3465,1.3465,72220.49,51399814.32,4061453.26,270414564.15,277204804.97,547619369.12,24630.50,1.71045127,0.00054516,0.01744518,0.01090324,0.00012275,0.01102599,991552024.28,1805.9190
3397,9.3005,1.3463,1.3463,72357.77,51403691.62,4061559.80,270433418.27,277210574.10,547643992.37,24623.25,1.70994769,0.00054508,0.01744250,0.01090156,0.00012252,0.01102408,991574647.53,1805.9536
3398,9.3032,1.3461,1.3461,72495.31,51407568.37,4061666.31,270452266.43,277216341.94,547668608.37,24616.00,1.70944428,0.00054499,0.01743981,0.01089988,0.00012229,0.01102217,991597263.53,1805.9881
3399,9.3060,1.3459,1.3459,72633.11,51411444.58,4061772.81,270471108.62,277222108.50,547693217.12,24608.75,1.70894102,0.00054491,0.01743713,0.01089821,0.00012206,0.01102027,991619872.28,1806.0226
3400,9.3087,1.3457,1.3457,72771.18,51415320.24,4061879.28,270489944.84,277227873.78,547717818.62,24601.51,1.70843792,0.00054483,0.01743445,0.01089653,0.00012183,0.01101836,991642473.78,1806.0570
3401,9.3114,1.3455,1.3455,72909.50,51419195.36,4061985.73,270508775.11,277233637.78,547742412.89,24594.26,1.70793497,0.00054474,0.01743176,0.01089485,0.00012160,0.01101646,991665068.05,1806.0914
3402,9.3142,1.3453,1.3453,73048.09,51423069.94,4062092.15,270527599.42,277239400.49,547766999.91,24587.02,1.70743219,0.00054466,0.01742908,0.01089318,0.00012137,0.01101455,991687655.07,1806.1257
3403,9.3169,1.3451,1.3451,73186.95,51426943.97,4062198.55,270546417.77,277245161.92,547791579.69,24579.79,1.70692956,0.00054458,0.01742640,0.01089150,0.00012115,0.01101265,991710234.86,1806.1599
3404,9.3196,1.3450,1.3450,73326.06,51430817.45,4062304.94,270565230.17,277250922.08,547816152.24,24572.55,1.70642709,0.00054449,0.01742372,0.01088982,0.00012092,0.01101074,991732807.41,1806.1941
3405,9.3224,1.3448,1.3448,73465.44,51434690.40,4062411.29,270584036.62,277256680.95,547840717.56,24565.32,1.70592477,0.00054441,0.01742104,0.01088815,0.00012069,0.01100884,991755372.72,1806.2283
3406,9.3251,1.3446,1.3446,73605.09,51438562.79,4062517.63,270602837.11,277262438.54,547865275.65,24558.09,1.70542262,0.00054432,0.01741836,0.01088647,0.00012047,0.01100694,991777930.81,1806.2624
3407,9.3279,1.3444,1.3444,73745.00,51442434.65,4062623.94,270621631.66,277268194.85,547889826.50,24550.86,1.70492062,0.00054424,0.01741568,0.01088480,0.00012024,0.01100504,991800481.67,1806.2964
3408,9.3306,1.3442,1.3442,73885.18,51446305.95,4062730.23,270640420.25,277273949.88,547914370.13,24543.63,1.70441878,0.00054416,0.01741300,0.01088312,0.00012002,0.01100314,991823025.30,1806.3303
3409,9.3333,1.3440,1.3440,74025.62,51450176.72,4062836.50,270659202.91,277279703.63,547938906.54,24536.41,1.70391709,0.00054407,0.01741032,0.01088145,0.00011979,0.01100124,991845561.70,1806.3642
3410,9.3361,1.3438,1.3438,74166.33,51454046.94,4062942.75,270677979.62,277285456.11,547963435.72,24529.18,1.70341556,0.00054399,0.01740764,0.01087978,0.00011957,0.01099934,991868090.89,1806.3981
3411,9.3388,1.3436,1.3436,74307.31,51457916.62,4063048.97,270696750.39,277291207.30,547987957.69,24521.96,1.70291420,0.00054391,0.01740496,0.01087810,0.00011934,0.01099744,991890612.85,1806.4319
3412,9.3415,1.3434,1.3434,74448.56,51461785.75,4063155.18,270715515.22,277296957.22,548012472.44,24514.75,1.70241298,0.00054382,0.01740229,0.01087643,0.00011912,0.01099555,991913127.60,1806.4656
3413,9.3443,1.3433,1.3433,74590.07,51465654.34,4063261.35,270734274.11,277302705.86,548036979.97,24507.53,1.70191193,0.00054374,0.01739961,0.01087476,0.00011890,0.01099365,991935635.13,1806.4993
3414,9.3470,1.3431,1.3431,74731.85,51469522.39,4063367.51,270753027.07,277308453.22,548061480.29,24500.32,1.70141103,0.00054365,0.01739693,0.01087308,0.00011867,0.01099175,991958135.45,1806.5329
3415,9.3498,1.3429,1.3429,74873.91,51473389.89,4063473.65,270771774.09,277314199.31,548085973.39,24493.11,1.70091029,0.00054357,0.01739426,0.01087141,0.00011845,0.01098986,991980628.56,1806.5665
3416,9.3525,1.3427,1.3427,75016.23,51477256.85,4063579.76,270790515.18,277319944.12,548110459.29,24485.90,1.70040970,0.00054349,0.01739158,0.01086974,0.00011823,0.01098797,992003114.46,1806.6000
3417,9.3552,1.3425,1.3425,75158.82,51481123.26,4063685.85,270809250.34,277325687.65,548134937.99,24478.69,1.69990928,0.00054340,0.01738891,0.01086807,0.00011801,0.01098607,992025593.15,1806.6335
3418,9.3580,1.3423,1.3423,75301.69,51484989.14,4063791.92,270827979.57,277331429.91,548159409.48,24471.49,1.69940901,0.00054332,0.01738623,0.01086639,0.00011778,0.01098418,992048064.64,1806.6669
3419,9.3607,1.3421,1.3421,75444.83,51488854.47,4063897.96,270846702.88,277337170.89,548183873.77,24464.29,1.69890889,0.00054324,0.01738356,0.01086472,0.00011756,0.01098229,992070528.93,1806.7002
3420,9.3634,1.3419,1.3419,75588.23,51492719.25,4064003.98,270865420.26,277342910.60,548208330.85,24457.09,1.69840893,0.00054315,0.01738088,0.01086305,0.00011734,0.01098040,992092986.02,1806.7335
3421,9.3662,1.3418,1.3418,75731.91,51496583.49,4064109.99,270884131.72,277348649.03,548232780.75,24449.89,1.69790913,0.00054307,0.01737821,0.01086138,0.00011712,0.01097851,992115435.91,1806.7667
3422,9.3689,1.3416,1.3416,75875.87,51500447.19,4064215.96,270902837.26,277354386.19,548257223.44,24442.70,1.69740949,0.00054299,0.01737554,0.01085971,0.00011690,0.01097662,992137878.61,1806.7999
3423,9.3717,1.3414,1.3414,76020.10,51504310.35,4064321.92,270921536.87,277360122.07,548281658.95,24435.50,1.69691000,0.00054290,0.01737287,0.01085804,0.00011668,0.01097473,992160314.11,1806.8330
3424,9.3744,1.3412,1.3412,76164.60,51508172.97,4064427.85,270940230.58,277365856.68,548306087.26,24428.31,1.69641067,0.00054282,0.01737020,0.01085637,0.00011647,0.01097284,992182742.42,1806.8661
3425,9.3771,1.3410,1.3410,76309.38,51512035.04,4064533.76,270958918.36,277371590.02,548330508.39,24421.13,1.69591150,0.00054274,0.01736753,0.01085470,0.00011625,0.01097095,992205163.55,1806.8991
3426,9.3799,1.3408,1.3408,76454.43,51515896.57,4064639.65,270977600.24,277377322.09,548354922.33,24413.94,1.69541248,0.00054265,0.01736486,0.01085303,0.00011603,0.01096906,992227577.49,1806.9321
3427,9.3826,1.3406,1.3406,76599.75,51519757.55,4064745.52,270996276.20,277383052.88,548379329.08,24406.76,1.69491362,0.00054257,0.01736219,0.01085137,0.00011581,0.01096718,992249984.24,1806.9650
3428,9.3854,1.3404,1.3404,76745.36,51523618.00,4064851.37,271014946.25,277388782.40,548403728.66,24399.57,1.69441491,0.00054248,0.01735952,0.01084970,0.00011560,0.01096529,992272383.82,1806.9978
3429,9.3881,1.3402,1.3402,76891.24,51527477.90,4064957.19,271033610.40,277394510.65,548428121.05,24392.40,1.69391637,0.00054240,0.01735685,0.01084803,0.00011538,0.01096341,992294776.21,1807.0306
3430,9.3908,1.3401,1.3401,77037.40,51531337.26,4065062.99,271052268.64,277400237.63,548452506.27,24385.22,1.69341797,0.00054232,0.01735418,0.01084636,0.00011516,0.01096152,992317161.43,1807.0633
3431,9.3936,1.3399,1.3399,77183.83,51535196.07,4065168.77,271070920.98,277405963.34,548476884.32,24378.04,1.69291974,0.00054223,0.01735151,0.01084469,0.00011495,0.01095964,992339539.48,1807.0960
3432,9.3963,1.3397,1.3397,77330.55,51539054.35,4065274.52,271089567.41,277411687.78,548501255.19,24370.87,1.69242166,0.00054215,0.01734884,0.01084303,0.00011473,0.01095776,992361910.35,1807.1286
3433,9.3990,1.3395,1.3395,77477.54,51542912.08,4065380.26,271108207.94,277417410.95,548525618.89,24363.70,1.69192373,0.00054207,0.01734618,0.01084136,0.00011452,0.01095588,992384274.05,1807.1612
3434,9.4018,1.3393,1.3393,77624.81,51546769.27,4065485.97,271126842.58,277423132.84,548549975.42,24356.53,1.69142596,0.00054198,0.01734351,0.01083969,0.00011430,0.01095400,992406630.59,1807.1937
3435,9.4045,1.3391,1.3391,77772.36,51550625.92,4065591.66,271145471.32,277428853.47,548574324.79,24349.37,1.69092835,0.00054190,0.01734085,0.01083803,0.00011409,0.01095212,992428979.95,1807.2262
3436,9.4073,1.3389,1.3389,77920.20,51554482.02,4065697.32,271164094.16,277434572.83,548598667.00,24342.20,1.69043090,0.00054182,0.01733818,0.01083636,0.00011387,0.01095024,992451322.16,1807.2586
3437,9.4100,1.3387,1.3387,78068.31,51558337.59,4065802.97,271182711.11,277440290.93,548623002.04,24335.04,1.68993359,0.00054173,0.01733552,0.01083470,0.00011366,0.01094836,992473657.20,1807.2909
3438,9.4127,1.3385,1.3385,78216.70,51562192.61,4065908.59,271201322.18,277446007.75,548647329.92,24327.88,1.68943645,0.00054165,0.01733285,0.01083303,0.00011345,0.01094648,992495985.09,1807.3232
3439,9.4155,1.3384,1.3384,78365.38,51566047.09,4066014.19,271219927.35,277451723.31,548671650.65,24320.73,1.68893946,0.00054157,0.01733019,0.01083137,0.00011323,0.01094460,992518305.82,1807.3555
3440,9.4182,1.3382,1.3382,78514.34,51569901.03,4066119.77,271238526.63,277457437.59,548695964.23,24313.57,1.68844263,0.00054149,0.01732753,0.01082970,0.00011302,0.01094272,992540619.39,1807.3877
3441,9.4209,1.3380,1.3380,78663.58,51573754.42,4066225.32,271257120.03,277463150.62,548720270.65,24306.42,1.68794595,0.00054140,0.01732486,0.01082804,0.00011281,0.01094085,992562925.81,1807.4198
3442,9.4237,1.3378,1.3378,78813.11,51577607.28,4066330.86,271275707.55,277468862.37,548744569.92,24299.27,1.68744943,0.00054132,0.01732220,0.01082638,0.00011260,0.01093897,992585225.08,1807.4519
3443,9.4264,1.3376,1.3376,78962.92,51581459.60,4066436.37,271294289.18,277474572.86,548768862.04,24292.12,1.68695306,0.00054124,0.01731954,0.01082471,0.00011239,0.01093710,992607517.21,1807.4839
3444,9.4292,1.3374,1.3374,79113.02,51585311.37,4066541.86,271312864.94,277480282.08,548793147.02,24284.98,1.68645685,0.00054115,0.01731688,0.01082305,0.00011218,0.01093522,992629802.19,1807.5159
3445,9.4319,1.3372,1.3372,79263.40,51589162.60,4066647.33,271331434.82,277485990.04,548817424.86,24277.84,1.68596079,0.00054107,0.01731422,0.01082139,0.00011197,0.01093335,992652080.02,1807.5478
3446,9.4346,1.3370,1.3370,79414.07,51593013.29,4066752.77,271349998.82,277491696.73,548841695.55,24270.69,1.68546489,0.00054099,0.01731156,0.01081972,0.00011176,0.01093148,992674350.72,1807.5797
3447,9.4374,1.3369,1.3369,79565.02,51596863.44,4066858.19,271368556.95,277497402.16,548865959.11,24263.56,1.68496915,0.00054090,0.01730890,0.01081806,0.00011155,0.01092961,992696614.27,1807.6115
3448,9.4401,1.3367,1.3367,79716.26,51600713.05,4066963.59,271387109.20,277503106.33,548890215.53,24256.42,1.68447356,0.00054082,0.01730624,0.01081640,0.00011134,0.01092774,992718870.69,1807.6432
3449,9.4428,1.3365,1.3365,79867.79,51604562.12,4067068.97,271405655.59,277508809.23,548914464.81,24249.29,1.68397813,0.00054074,0.01730358,0.01081474,0.00011113,0.01092587,992741119.98,1807.6749
3450,9.4456,1.3363,1.3363,80019.60,51608410.64,4067174.33,271424196.10,277514510.86,548938706.97,24242.15,1.68348285,0.00054065,0.01730092,0.01081308,0.00011092,0.01092400,992763362.13,1807.7066
3451,9.4483,1.3361,1.3361,80171.71,51612258.63,4067279.66,271442730.75,277520211.23,548962941.99,24235.02,1.68298772,0.00054057,0.01729826,0.01081142,0.00011071,0.01092213,992785597.15,1807.7382
3452,9.4511,1.3359,1.3359,80324.10,51616106.08,4067384.98,271461259.54,277525910.35,548987169.88,24227.90,1.68249275,0.00054049,0.01729561,0.01080975,0.00011050,0.01092026,992807825.05,1807.7697
3453,9.4538,1.3357,1.3357,80476.78,51619952.98,4067490.27,271479782.46,277531608.19,549011390.65,24220.77,1.68199794,0.00054040,0.01729295,0.01080809,0.00011030,0.01091839,992830045.82,1807.8012
3454,9.4565,1.3355,1.3355,80629.76,51623799.34,4067595.53,271498299.52,277537304.78,549035604.30,24213.65,1.68150328,0.00054032,0.01729029,0.01080643,0.00011009,0.01091652,992852259.46,1807.8327
3455,9.4593,1.3354,1.3354,80783.02,51627645.17,4067700.78,271516810.73,277543000.10,549059810.83,24206.53,1.68100878,0.00054024,0.01728764,0.01080477,0.00010988,0.01091466,992874465.99,1807.8641
3456,9.4620,1.3352,1.3352,80936.58,51631490.45,4067806.00,271535316.07,277548694.17,549084010.24,24199.41,1.68051443,0.00054016,0.01728498,0.01080311,0.00010968,0.01091279,992896665.40,1807.8954
3457,9.4648,1.3350,1.3350,81090.42,51635335.19,4067911.21,271553815.56,277554386.97,549108202.53,24192.29,1.68002023,0.00054007,0.01728233,0.01080146,0.00010947,0.01091093,992918857.69,1807.9267
3458,9.4675,1.3348,1.3348,81244.56,51639179.40,4068016.39,271572309.20,277560078.51,549132387.70,24185.18,1.67952619,0.00053999,0.01727968,0.01079980,0.00010927,0.01090906,992941042.87,1807.9579
3459,9.4702,1.3346,1.3346,81399.00,51643023.06,4068121.54,271590796.98,277565768.79,549156565.77,24178.07,1.67903231,0.00053991,0.01727702,0.01079814,0.00010906,0.01090720,992963220.93,1807.9891
3460,9.4730,1.3344,1.3344,81553.72,51646866.18,4068226.68,271609278.91,277571457.81,549180736.73,24170.96,1.67853858,0.00053982,0.01727437,0.01079648,0.00010886,0.01090534,992985391.89,1808.0202
3461,9.4757,1.3342,1.3342,81708.74,51650708.76,4068331.79,271627755.00,277577145.58,549204900.57,24163.85,1.67804500,0.00053974,0.01727172,0.01079482,0.00010865,0.01090348,993007555.74,1808.0513
3462,9.4784,1.3340,1.3340,81864.06,51654550.81,4068436.88,271646225.24,277582832.08,549229057.32,24156.74,1.67755158,0.00053966,0.01726906,0.01079317,0.00010845,0.01090162,993029712.48,1808.0823
3463,9.4812,1.3339,1.3339,82019.67,51658392.31,4068541.95,271664689.63,277588517.32,549253206.96,24149.64,1.67705832,0.00053958,0.01726641,0.01079151,0.00010825,0.01089975,993051862.12,1808.1133
3464,9.4839,1.3337,1.3337,82175.57,51662233.27,4068647.00,271683148.19,277594201.31,549277349.50,24142.54,1.67656520,0.00053949,0.01726376,0.01078985,0.00010804,0.01089790,993074004.66,1808.1442
3465,9.4867,1.3335,1.3335,82331.78,51666073.69,4068752.03,271701600.90,277599884.04,549301484.94,24135.44,1.67607225,0.00053941,0.01726111,0.01078819,0.00010784,0.01089604,993096140.10,1808.1750
3466,9.4894,1.3333,1.3333,82488.28,51669913.58,4068857.03,271720047.77,277605565.51,549325613.28,24128.34,1.67557944,0.00053933,0.01725846,0.01078654,0.00010764,0.01089418,993118268.44,1808.2059
3467,9.4921,1.3331,1.3331,82645.07,51673752.92,4068962.01,271738488.81,277611245.72,549349734.53,24121.25,1.67508680,0.00053924,0.01725581,0.01078488,0.00010744,0.01089232,993140389.69,1808.2366
3468,9.4949,1.3329,1.3329,82802.17,51677591.72,4069066.97,271756924.01,277616924.68,549373848.69,24114.16,1.67459430,0.00053916,0.01725316,0.01078323,0.00010724,0.01089046,993162503.85,1808.2673
3469,9.4976,1.3327,1.3327,82959.56,51681429.99,4069171.91,271775353.38,277622602.38,549397955.76,24107.07,1.67410196,0.00053908,0.01725051,0.01078157,0.00010703,0.01088861,993184610.92,1808.2980
3470,9.5003,1.3325,1.3325,83117.25,51685267.71,4069276.82,271793776.91,277628278.82,549422055.74,24099.98,1.67360977,0.00053900,0.01724787,0.01077992,0.00010683,0.01088675,993206710.90,1808.3286
3471,9.5031,1.3324,1.3324,83275.25,51689104.90,4069381.71,271812194.62,277633954.01,549446148.63,24092.90,1.67311774,0.00053891,0.01724522,0.01077826,0.00010663,0.01088490,993228803.79,1808.3591
3472,9.5058,1.3322,1.3322,83433.54,51692941.55,4069486.59,271830606.50,277639627.95,549470234.44,24085.81,1.67262586,0.00053883,0.01724257,0.01077661,0.00010643,0.01088304,993250889.61,1808.3897
3473,9.5086,1.3320,1.3320,83592.13,51696777.66,4069591.43,271849012.55,277645300.62,549494313.18,24078.73,1.67213414,0.00053875,0.01723993,0.01077495,0.00010623,0.01088119,993272968.34,1808.4201
3474,9.5113,1.3318,1.3318,83751.03,51700613.22,4069696.26,271867412.78,277650972.05,549518384.83,24071.65,1.67164257,0.00053866,0.01723728,0.01077330,0.00010604,0.01087933,993295039.99,1808.4505
3475,9.5140,1.3316,1.3316,83910.22,51704448.25,4069801.07,271885807.19,277656642.22,549542449.41,24064.58,1.67115115,0.00053858,0.01723463,0.01077165,0.00010584,0.01087748,993317104.57,1808.4809
3476,9.5168,1.3314,1.3314,84069.72,51708282.74,4069905.85,271904195.77,277662311.13,549566506.91,24057.50,1.67065989,0.00053850,0.01723199,0.01076999,0.00010564,0.01087563,993339162.07,1808.5112
3477,9.5195,1.3312,1.3312,84229.53,51712116.70,4070010.61,271922578.54,277667978.80,549590557.34,24050.43,1.67016878,0.00053842,0.01722934,0.01076834,0.00010544,0.01087378,993361212.50,1808.5414
3478,9.5222,1.3310,1.3310,84389.63,51715950.11,4070115.35,271940955.49,277673645.21,549614600.70,24043.36,1.66967783,0.00053833,0.01722670,0.01076669,0.00010524,0.01087193,993383255.86,1808.5716
3479,9.5250,1.3309,1.3309,84550.04,51719782.98,4070220.07,271959326.63,277679310.36,549638636.99,24036.29,1.66918703,0.00053825,0.01722406,0.01076504,0.00010504,0.01087008,993405292.15,1808.6017
3480,9.5277,1.3307,1.3307,84710.76,51723615.32,4070324.76,271977691.95,277684974.27,549662666.22,24029.23,1.66869638,0.00053817,0.01722141,0.01076338,0.00010485,0.01086823,993427321.38,1808.6318
3481,9.5305,1.3305,1.3305,84871.78,51727447.12,4070429.44,271996051.46,277690636.92,549686688.38,24022.16,1.66820588,0.00053809,0.01721877,0.01076173,0.00010465,0.01086638,993449343.55,1808.6619
3482,9.5332,1.3303,1.3303,85033.11,51731278.38,4070534.09,272014405.17,277696298.32,549710703.49,24015.10,1.66771554,0.00053800,0.01721613,0.01076008,0.00010445,0.01086454,993471358.65,1808.6919
3483,9.5359,1.3301,1.3301,85194.74,51735109.10,4070638.72,272032753.06,277701958.47,549734711.53,24008.05,1.66722536,0.00053792,0.01721349,0.01075843,0.00010426,0.01086269,993493366.70,1808.7218
3484,9.5387,1.3299,1.3299,85356.69,51738939.28,4070743.33,272051095.15,277707617.37,549758712.52,24000.99,1.66673532,0.00053784,0.01721085,0.01075678,0.00010406,0.01086084,993515367.69,1808.7517
3485,9.5414,1.3297,1.3297,85518.93,51742768.92,4070847.91,272069431.44,277713275.02,549782706.46,23993.93,1.66624544,0.00053776,0.01720821,0.01075513,0.00010387,0.01085900,993537361.62,1808.7816
3486,9.5441,1.3296,1.3296,85681.49,51746598.03,4070952.48,272087761.92,277718931.42,549806693.34,23986.88,1.66575572,0.00053767,0.01720557,0.01075348,0.00010367,0.01085715,993559348.50,1808.8114
3487,9.5469,1.3294,1.3294,85844.36,51750426.60,4071057.02,272106086.60,277724586.57,549830673.17,23979.83,1.66526614,0.00053759,0.01720293,0.01075183,0.00010348,0.01085531,993581328.33,1808.8411
3488,9.5496,1.3292,1.3292,86007.53,51754254.63,4071161.54,272124405.49,277730240.47,549854645.96,23972.78,1.66477672,0.00053751,0.01720029,0.01075018,0.00010329,0.01085347,993603301.12,1808.8708
3489,9.5524,1.3290,1.3290,86171.02,51758082.12,4071266.04,272142718.58,277735893.12,549878611.70,23965.74,1.66428746,0.00053743,0.01719765,0.01074853,0.00010309,0.01085162,993625266.86,1808.9004
3490,9.5551,1.3288,1.3288,86334.82,51761909.07,4071370.51,272161025.87,277741544.52,549902570.39,23958.70,1.66379834,0.00053734,0.01719501,0.01074688,0.00010290,0.01084978,993647225.55,1808.9300
3491,9.5578,1.3286,1.3286,86498.93,51765735.49,4071474.97,272179327.37,277747194.67,549926522.05,23951.66,1.66330938,0.00053726,0.01719237,0.01074523,0.00010271,0.01084794,993669177.21,1808.9596
3492,9.5606,1.3284,1.3284,86663.35,51769561.37,4071579.40,272197623.08,277752843.58,549950466.66,23944.62,1.66282057,0.00053718,0.01718974,0.01074359,0.00010251,0.01084610,993691121.83,1808.9891
3493,9.5633,1.3282,1.3282,86828.08,51773386.71,4071683.81,272215913.00,277758491.24,549974404.24,23937.58,1.66233192,0.00053710,0.01718710,0.01074194,0.00010232,0.01084426,993713059.41,1809.0185
3494,9.5661,1.3281,1.3281,86993.13,51777211.52,4071788.20,272234197.14,277764137.65,549998334.79,23930.55,1.66184342,0.00053701,0.01718447,0.01074029,0.00010213,0.01084242,993734989.95,1809.0479
3495,9.5688,1.3279,1.3279,87158.49,51781035.78,4071892.57,272252475.49,277769782.81,550022258.30,23923.51,1.66135507,0.00053693,0.01718183,0.01073864,0.00010194,0.01084058,993756913.46,1809.0772
3496,9.5715,1.3277,1.3277,87324.16,51784859.51,4071996.91,272270748.05,277775426.73,550046174.78,23916.48,1.66086687,0.00053685,0.01717919,0.01073700,0.00010175,0.01083874,993778829.95,1809.1065
3497,9.5743,1.3275,1.3275,87490.15,51788682.70,4072101.24,272289014.83,277781069.41,550070084.24,23909.46,1.66037883,0.00053677,0.01717656,0.01073535,0.00010156,0.01083691,993800739.40,1809.1358
3498,9.5770,1.3273,1.3273,87656.45,51792505.36,4072205.54,272307275.84,277786710.83,550093986.67,23902.43,1.65989094,0.00053669,0.01717393,0.01073370,0.00010136,0.01083507,993822641.83,1809.1650
3499,9.5797,1.3271,1.3271,87823.07,51796327.47,4072309.82,272325531.06,277792351.01,550117882.07,23895.41,1.65940320,0.00053660,0.01717129,0.01073206,0.00010117,0.01083323,993844537.24,1809.1941
3500,9.5825,1.3269,1.3269,87990.01,51800149.05,4072414.08,272343780.51,277797989.95,550141770.46,23888.38,1.65891562,0.00053652,0.01716866,0.01073041,0.00010098,0.01083140,993866425.62,1809.2232
3501,9.5852,1.3268,1.3268,88157.27,51803970.10,4072518.31,272362024.18,277803627.64,550165651.83,23881.37,1.65842818,0.00053644,0.01716603,0.01072877,0.00010080,0.01082956,993888306.99,1809.2523
3502,9.5880,1.3266,1.3266,88324.84,51807790.60,4072622.53,272380262.08,277809264.09,550189526.17,23874.35,1.65794090,0.00053636,0.01716340,0.01072712,0.00010061,0.01082773,993910181.34,1809.2813
3503,9.5907,1.3264,1.3264,88492.73,51811610.57,4072726.72,272398494.21,277814899.29,550213393.51,23867.33,1.65745378,0.00053627,0.01716076,0.01072548,0.00010042,0.01082590,993932048.67,1809.3102
3504,9.5934,1.3262,1.3262,88660.94,51815430.00,4072830.89,272416720.58,277820533.26,550237253.83,23860.32,1.65696680,0.00053619,0.01715813,0.01072383,0.00010023,0.01082406,993953908.99,1809.3391
3505,9.5962,1.3260,1.3260,88829.47,51819248.90,4072935.04,272434941.17,277826165.97,550261107.14,23853.31,1.65647998,0.00053611,0.01715550,0.01072219,0.00010004,0.01082223,993975762.31,1809.3680
3506,9.5989,1.3258,1.3258,88998.32,51823067.26,4073039.16,272453156.00,277831797.45,550284953.45,23846.30,1.65599331,0.00053603,0.01715287,0.01072055,0.00009985,0.01082040,993997608.61,1809.3968
3507,9.6016,1.3256,1.3256,89167.49,51826885.08,4073143.27,272471365.06,277837427.68,550308792.74,23839.30,1.65550679,0.00053595,0.01715024,0.01071890,0.00009967,0.01081857,994019447.91,1809.4256
3508,9.6044,1.3254,1.3254,89336.99,51830702.37,4073247.35,272489568.37,277843056.67,550332625.04,23832.29,1.65502042,0.00053586,0.01714761,0.01071726,0.00009948,0.01081674,994041280.20,1809.4543
3509,9.6071,1.3253,1.3253,89506.80,51834519.12,4073351.42,272507765.91,277848684.42,550356450.33,23825.29,1.65453421,0.00053578,0.01714499,0.01071562,0.00009929,0.01081491,994063105.49,1809.4829
3510,9.6099,1.3251,1.3251,89676.94,51838335.33,4073455.46,272525957.69,277854310.93,550380268.62,23818.29,1.65404815,0.00053570,0.01714236,0.01071397,0.00009911,0.01081308,994084923.79,1809.5115
3511,9.6126,1.3249,1.3249,89847.40,51842151.01,4073559.47,272544143.72,277859936.20,550404079.92,23811.30,1.65356224,0.00053562,0.01713973,0.01071233,0.00009892,0.01081125,994106735.08,1809.5401
3512,9.6153,1.3247,1.3247,90018.18,51845966.15,4073663.47,272562324.00,277865560.22,550427884.22,23804.30,1.65307648,0.00053553,0.01713710,0.01071069,0.00009874,0.01080943,994128539.38,1809.5686
3513,9.6181,1.3245,1.3245,90189.29,51849780.75,4073767.45,272580498.52,277871183.01,550451681.53,23797.31,1.65259087,0.00053545,0.01713448,0.01070905,0.00009855,0.01080760,994150336.69,1809.5971
3514,9.6208,1.3243,1.3243,90360.73,51853594.82,4073871.40,272598667.29,277876804.56,550475471.85,23790.32,1.65210542,0.00053537,0.01713185,0.01070741,0.00009837,0.01080577,994172127.01,1809.6255
3515,9.6235,1.3241,1.3241,90532.49,51857408.35,4073975.33,272616830.31,277882424.87,550499255.18,23783.33,1.65162012,0.00053529,0.01712923,0.01070577,0.00009818,0.01080395,994193910.34,1809.6539
3516,9.6263,1.3240,1.3240,90704.58,51861221.35,4074079.24,272634987.59,277888043.93,550523031.52,23776.34,1.65113497,0.00053521,0.01712660,0.01070413,0.00009800,0.01080212,994215686.68,1809.6822
3517,9.6290,1.3238,1.3238,90876.99,51865033.81,4074183.13,272653139.12,277893661.76,550546800.88,23769.36,1.65064997,0.00053512,0.01712398,0.01070249,0.00009781,0.01080030,994237456.04,1809.7105
3518,9.6318,1.3236,1.3236,91049.74,51868845.74,4074286.99,272671284.90,277899278.36,550570563.26,23762.38,1.65016512,0.00053504,0.01712135,0.01070085,0.00009763,0.01079848,994259218.42,1809.7387
3519,9.6345,1.3234,1.3234,91222.81,51872657.13,4074390.84,272689424.95,277904893.71,550594318.66,23755.40,1.64968043,0.00053496,0.01711873,0.01069921,0.00009745,0.01079665,994280973.82,1809.7669
3520,9.6372,1.3232,1.3232,91396.21,51876467.98,4074494.66,272707559.25,277910507.83,550618067.08,23748.42,1.64919589,0.00053488,0.01711611,0.01069757,0.00009726,0.01079483,994302722.24,1809.7950
3521,9.6400,1.3230,1.3230,91569.94,51880278.30,4074598.46,272725687.82,277916120.71,550641808.52,23741.45,1.64871149,0.00053480,0.01711348,0.01069593,0.00009708,0.01079301,994324463.69,1809.8231
3522,9.6427,1.3228,1.3228,91744.00,51884088.08,4074702.24,272743810.65,277921732.35,550665543.00,23734.47,1.64822725,0.00053471,0.01711086,0.01069429,0.00009690,0.01079119,994346198.16,1809.8512
3523,9.6454,1.3227,1.3227,91918.39,51887897.33,4074806.00,272761927.74,277927342.75,550689270.50,23727.50,1.64774316,0.00053463,0.01710824,0.01069265,0.00009672,0.01078937,994367925.66,1809.8792
3524,9.6482,1.3225,1.3225,92093.11,51891706.04,4074909.73,272780039.11,277932951.92,550712991.03,23720.53,1.64725923,0.00053455,0.01710562,0.01069101,0.00009654,0.01078755,994389646.19,1809.9071
3525,9.6509,1.3223,1.3223,92268.16,51895514.22,4075013.45,272798144.74,277938559.86,550736704.60,23713.57,1.64677544,0.00053447,0.01710300,0.01068937,0.00009636,0.01078573,994411359.76,1809.9350
3526,9.6537,1.3221,1.3221,92443.55,51899321.86,4075117.14,272816244.64,277944166.56,550760411.20,23706.60,1.64629181,0.00053439,0.01710038,0.01068774,0.00009617,0.01078391,994433066.36,1809.9629
3527,9.6564,1.3219,1.3219,92619.27,51903128.97,4075220.81,272834338.82,277949772.02,550784110.84,23699.64,1.64580832,0.00053430,0.01709776,0.01068610,0.00009599,0.01078209,994454766.00,1809.9907
3528,9.6591,1.3217,1.3217,92795.32,51906935.54,4075324.46,272852427.27,277955376.25,550807803.52,23692.68,1.64532499,0.00053422,0.01709514,0.01068446,0.00009581,0.01078028,994476458.68,1810.0184
3529,9.6619,1.3215,1.3215,92971.71,51910741.58,4075428.09,272870509.99,277960979.25,550831489.24,23685.72,1.64484181,0.00053414,0.01709252,0.01068283,0.00009563,0.01077846,994498144.40,1810.0461
3530,9.6646,1.3214,1.3214,93148.44,51914547.08,4075531.70,272888587.00,277966581.01,550855168.01,23678.77,1.64435878,0.00053406,0.01708990,0.01068119,0.00009546,0.01077665,994519823.17,1810.0738
3531,9.6674,1.3212,1.3212,93325.50,51918352.05,4075635.28,272906658.28,277972181.54,550878839.82,23671.81,1.64387590,0.00053398,0.01708729,0.01067955,0.00009528,0.01077483,994541494.98,1810.1014
3532,9.6701,1.3210,1.3210,93502.89,51922156.48,4075738.84,272924723.85,277977780.83,550902504.68,23664.86,1.64339317,0.00053390,0.01708467,0.01067792,0.00009510,0.01077302,994563159.84,1810.1290
3533,9.6728,1.3208,1.3208,93680.63,51925960.38,4075842.38,272942783.70,277983378.89,550926162.59,23657.91,1.64291060,0.00053381,0.01708205,0.01067628,0.00009492,0.01077120,994584817.76,1810.1565
3534,9.6756,1.3206,1.3206,93858.70,51929763.75,4075945.90,272960837.84,277988975.72,550949813.56,23650.97,1.64242817,0.00053373,0.01707944,0.01067465,0.00009474,0.01076939,994606468.72,1810.1840
3535,9.6783,1.3204,1.3204,94037.11,51933566.58,4076049.40,272978886.26,277994571.32,550973457.58,23644.02,1.64194590,0.00053365,0.01707682,0.01067301,0.00009456,0.01076758,994628112.74,1810.2114
3536,9.6810,1.3202,1.3202,94215.86,51937368.87,4076152.88,272996928.97,278000165.68,550997094.66,23637.08,1.64146377,0.00053357,0.01707421,0.01067138,0.00009439,0.01076577,994649749.82,1810.2388
3537,9.6838,1.3201,1.3201,94394.95,51941170.63,4076256.33,273014965.98,278005758.82,551020724.80,23630.14,1.64098180,0.00053349,0.01707159,0.01066975,0.00009421,0.01076395,994671379.96,1810.2662
3538,9.6865,1.3199,1.3199,94574.38,51944971.86,4076359.77,273032997.27,278011350.72,551044348.00,23623.20,1.64049998,0.00053341,0.01706898,0.01066811,0.00009403,0.01076214,994693003.16,1810.2935
3539,9.6893,1.3197,1.3197,94754.15,51948772.55,4076463.18,273051022.86,278016941.40,551067964.26,23616.26,1.64001830,0.00053332,0.01706636,0.01066648,0.00009386,0.01076033,994714619.42,1810.3207
3540,9.6920,1.3195,1.3195,94934.26,51952572.71,4076566.57,273069042.75,278022530.84,551091573.59,23609.33,1.63953678,0.00053324,0.01706375,0.01066484,0.00009368,0.01075852,994736228.75,1810.3479
3541,9.6947,1.3193,1.3193,95114.71,51956372.34,4076669.94,273087056.94,278028119.05,551115175.99,23602.40,1.63905541,0.00053316,0.01706114,0.01066321,0.00009350,0.01075672,994757831.15,1810.3751
3542,9.6975,1.3191,1.3191,95295.51,51960171.43,4076773.28,273105065.42,278033706.04,551138771.46,23595.47,1.63857419,0.00053308,0.01705853,0.01066158,0.00009333,0.01075491,994779426.62,1810.4022
3543,9.7002,1.3189,1.3189,95476.65,51963969.98,4076876.61,273123068.21,278039291.79,551162360.00,23588.54,1.63809312,0.00053300,0.01705592,0.01065995,0.00009315,0.01075310,994801015.16,1810.4292
3544,9.7029,1.3188,1.3188,95658.14,51967768.01,4076979.91,273141065.30,278044876.31,551185941.61,23581.62,1.63761220,0.00053292,0.01705330,0.01065832,0.00009298,0.01075129,994822596.78,1810.4563
3545,9.7057,1.3186,1.3186,95839.97,51971565.49,4077083.19,273159056.69,278050459.61,551209516.31,23574.69,1.63713143,0.00053283,0.01705069,0.01065668,0.00009280,0.01074949,994844171.47,1810.4832
3546,9.7084,1.3184,1.3184,96022.14,51975362.45,4077186.45,273177042.40,278056041.68,551233084.08,23567.77,1.63665082,0.00053275,0.01704808,0.01065505,0.00009263,0.01074768,994865739.24,1810.5102
3547,9.7112,1.3182,1.3182,96204.67,51979158.87,4077289.69,273195022.41,278061622.52,551256644.93,23560.85,1.63617035,0.00053267,0.01704547,0.01065342,0.00009246,0.01074588,994887300.09,1810.5370
3548,9.7139,1.3180,1.3180,96387.54,51982954.76,4077392.91,273212996.73,278067202.14,551280198.87,23553.94,1.63569003,0.00053259,0.01704287,0.01065179,0.00009228,0.01074407,994908854.03,1810.5639
3549,9.7166,1.3178,1.3178,96570.75,51986750.12,4077496.11,273230965.36,278072780.52,551303745.89,23547.02,1.63520986,0.00053251,0.01704026,0.01065016,0.00009211,0.01074227,994930401.05,1810.5907
3550,9.7194,1.3176,1.3176,96754.32,51990544.94,4077599.28,273248928.31,278078357.68,551327286.00,23540.11,1.63472984,0.00053243,0.01703765,0.01064853,0.00009194,0.01074047,994951941.16,1810.6174
3551,9.7221,1.3175,1.3175,96938.23,51994339.23,4077702.43,273266885.58,278083933.62,551350819.20,23533.20,1.63424998,0.00053235,0.01703504,0.01064690,0.00009177,0.01073867,994973474.36,1810.6441
3552,9.7248,1.3173,1.3173,97122.50,51998132.98,4077805.57,273284837.16,278089508.33,551374345.49,23526.29,1.63377026,0.00053226,0.01703243,0.01064527,0.00009159,0.01073686,994995000.65,1810.6708
3553,9.7276,1.3171,1.3171,97307.11,52001926.20,4077908.68,273302783.07,278095081.81,551397864.88,23519.39,1.63329069,0.00053218,0.01702983,0.01064364,0.00009142,0.01073506,995016520.04,1810.6974
3554,9.7303,1.3169,1.3169,97492.08,52005718.89,4078011.76,273320723.29,278100654.07,551421377.36,23512.48,1.63281127,0.00053210,0.01702722,0.01064201,0.00009125,0.01073326,995038032.52,1810.7240
3555,9.7331,1.3167,1.3167,97677.39,52009511.05,4078114.83,273338657.84,278106225.10,551444882.94,23505.58,1.63233200,0.00053202,0.01702462,0.01064038,0.00009108,0.01073146,995059538.10,1810.7505
3556,9.7358,1.3165,1.3165,97863.06,52013302.67,4078217.88,273356586.71,278111794.91,551468381.62,23498.68,1.63185289,0.00053194,0.01702201,0.01063876,0.00009091,0.01072966,995081036.78,1810.7770
3557,9.7385,1.3164,1.3164,98049.08,52017093.76,4078320.90,273374509.91,278117363.49,551491873.40,23491.78,1.63137392,0.00053186,0.01701941,0.01063713,0.00009074,0.01072787,995102528.57,1810.8034
3558,9.7413,1.3162,1.3162,98235.46,52020884.32,4078423.90,273392427.44,278122930.85,551515358.29,23484.89,1.63089510,0.00053178,0.01701680,0.01063550,0.00009057,0.01072607,995124013.46,1810.8298
3559,9.7440,1.3160,1.3160,98422.19,52024674.35,4078526.88,273410339.30,278128496.99,551538836.29,23478.00,1.63041643,0.00053169,0.01701420,0.01063387,0.00009040,0.01072427,995145491.45,1810.8561
3560,9.7467,1.3158,1.3158,98609.27,52028463.84,4078629.84,273428245.49,278134061.91,551562307.40,23471.11,1.62993791,0.00053161,0.01701160,0.01063225,0.00009023,0.01072247,995166962.56,1810.8824
3561,9.7495,1.3156,1.3156,98796.71,52032252.80,4078732.78,273446146.02,278139625.60,551585771.61,23464.22,1.62945954,0.00053153,0.01700899,0.01063062,0.00009006,0.01072068,995188426.78,1810.9087
3562,9.7522,1.3154,1.3154,98984.51,52036041.23,4078835.70,273464040.88,278145188.07,551609228.95,23457.33,1.62898132,0.00053145,0.01700639,0.01062899,0.00008989,0.01071888,995209884.11,1810.9349
3563,9.7550,1.3152,1.3152,99172.66,52039829.12,4078938.59,273481930.08,278150749.32,551632679.39,23450.45,1.62850325,0.00053137,0.01700379,0.01062737,0.00008972,0.01071709,995231334.55,1810.9611
3564,9.7577,1.3151,1.3151,99361.17,52043616.49,4079041.47,273499813.61,278156309.34,551656122.96,23443.56,1.62802533,0.00053129,0.01700119,0.01062574,0.00008955,0.01071530,995252778.12,1810.9872
3565,9.7604,1.3149,1.3149,99550.04,52047403.32,4079144.32,273517691.49,278161868.15,551679559.64,23436.68,1.62754756,0.00053121,0.01699859,0.01062412,0.00008938,0.01071350,995274214.80,1811.0133
3566,9.7632,1.3147,1.3147,99739.27,52051189.62,4079247.15,273535563.72,278167425.73,551702989.45,23429.81,1.62706993,0.00053112,0.01699599,0.01062249,0.00008922,0.01071171,995295644.61,1811.0393
3567,9.7659,1.3145,1.3145,99928.86,52054975.38,4079349.96,273553430.29,278172982.09,551726412.38,23422.93,1.62659246,0.00053104,0.01699339,0.01062087,0.00008905,0.01070992,995317067.54,1811.0653
3568,9.7687,1.3143,1.3143,100118.81,52058760.62,4079452.75,273571291.20,278178537.24,551749828.44,23416.06,1.62611514,0.00053096,0.01699079,0.01061924,0.00008888,0.01070813,995338483.60,1811.0912
3569,9.7714,1.3141,1.3141,100309.12,52062545.32,4079555.52,273589146.46,278184091.16,551773237.62,23409.19,1.62563796,0.00053088,0.01698819,0.01061762,0.00008872,0.01070633,995359892.79,1811.1171
3570,9.7741,1.3139,1.3139,100499.79,52066329.49,4079658.26,273606996.08,278189643.87,551796639.94,23402.32,1.62516094,0.00053080,0.01698559,0.01061599,0.00008855,0.01070454,995381295.10,1811.1430
3571,9.7769,1.3138,1.3138,100690.82,52070113.13,4079760.98,273624840.04,278195195.35,551820035.39,23395.45,1.62468406,0.00053072,0.01698299,0.01061437,0.00008838,0.01070275,995402690.56,1811.1688
3572,9.7796,1.3136,1.3136,100882.22,52073896.24,4079863.69,273642678.36,278200745.62,551843423.98,23388.59,1.62420733,0.00053064,0.01698040,0.01061275,0.00008822,0.01070097,995424079.14,1811.1946
3573,9.7823,1.3134,1.3134,101073.98,52077678.82,4079966.37,273660511.03,278206294.67,551866805.70,23381.72,1.62373075,0.00053056,0.01697780,0.01061112,0.00008805,0.01069918,995445460.86,1811.2203
3574,9.7851,1.3132,1.3132,101266.11,52081460.86,4080069.03,273678338.07,278211842.50,551890180.56,23374.86,1.62325432,0.00053048,0.01697520,0.01060950,0.00008789,0.01069739,995466835.73,1811.2460
3575,9.7878,1.3130,1.3130,101458.60,52085242.37,4080171.67,273696159.46,278217389.11,551913548.57,23368.00,1.62277804,0.00053039,0.01697261,0.01060788,0.00008772,0.01069560,995488203.73,1811.2716
3576,9.7906,1.3128,1.3128,101651.45,52089023.36,4080274.28,273713975.21,278222934.51,551936909.71,23361.15,1.62230191,0.00053031,0.01697001,0.01060626,0.00008756,0.01069382,995509564.88,1811.2972
3577,9.7933,1.3127,1.3127,101844.68,52092803.81,4080376.88,273731785.32,278228478.69,551960264.01,23354.29,1.62182593,0.00053023,0.01696742,0.01060464,0.00008739,0.01069203,995530919.17,1811.3228
3578,9.7960,1.3125,1.3125,102038.27,52096583.73,4080479.45,273749589.80,278234021.65,551983611.45,23347.44,1.62135009,0.00053015,0.01696482,0.01060301,0.00008723,0.01069024,995552266.61,1811.3483
3579,9.7988,1.3123,1.3123,102232.23,52100363.11,4080582.01,273767388.65,278239563.39,552006952.04,23340.59,1.62087441,0.00053007,0.01696223,0.01060139,0.00008707,0.01068846,995573607.20,1811.3738
3580,9.8015,1.3121,1.3121,102426.55,52104141.97,4080684.54,273785181.86,278245103.92,552030285.78,23333.74,1.62039887,0.00052999,0.01695964,0.01059977,0.00008690,0.01068668,995594940.95,1811.3992
3581,9.8042,1.3119,1.3119,102621.25,52107920.30,4080787.05,273802969.44,278250643.24,552053612.68,23326.90,1.61992348,0.00052991,0.01695704,0.01059815,0.00008674,0.01068489,995616267.85,1811.4246
3582,9.8070,1.3117,1.3117,102816.31,52111698.09,4080889.54,273820751.40,278256181.34,552076932.74,23320.05,1.61944824,0.00052983,0.01695445,0.01059653,0.00008658,0.01068311,995637587.90,1811.4499
3583,9.8097,1.3116,1.3116,103011.75,52115475.36,4080992.01,273838527.73,278261718.22,552100245.95,23313.21,1.61897315,0.00052975,0.01695186,0.01059491,0.00008641,0.01068133,995658901.11,1811.4752
3584,9.8125,1.3114,1.3114,103207.56,52119252.09,4081094.45,273856298.43,278267253.90,552123552.32,23306.37,1.61849821,0.00052966,0.01694927,0.01059329,0.00008625,0.01067954,995680207.49,1811.5005
3585,9.8152,1.3112,1.3112,103403.74,52123028.29,4081196.88,273874063.51,278272788.35,552146851.86,23299.54,1.61802341,0.00052958,0.01694668,0.01059167,0.00008609,0.01067776,995701507.02,1811.5257
3586,9.8179,1.3110,1.3110,103600.29,52126803.96,4081299.28,273891822.97,278278321.60,552170144.56,23292.70,1.61754877,0.00052950,0.01694409,0.01059005,0.00008593,0.01067598,995722799.73,1811.5509
3587,9.8207,1.3108,1.3108,103797.22,52130579.11,4081401.66,273909576.81,278283853.63,552193430.43,23285.87,1.61707427,0.00052942,0.01694150,0.01058844,0.00008577,0.01067420,995744085.60,1811.5760
3588,9.8234,1.3106,1.3106,103994.52,52134353.72,4081504.02,273927325.03,278289384.44,552216709.47,23279.04,1.61659992,0.00052934,0.01693891,0.01058682,0.00008561,0.01067242,995765364.64,1811.6011
3589,9.8261,1.3104,1.3104,104192.20,52138127.80,4081606.36,273945067.64,278294914.05,552239981.68,23272.21,1.61612572,0.00052926,0.01693632,0.01058520,0.00008545,0.01067065,995786636.85,1811.6261
3590,9.8289,1.3103,1.3103,104390.25,52141901.35,4081708.68,273962804.63,278300442.44,552263247.07,23265.38,1.61565166,0.00052918,0.01693373,0.01058358,0.00008529,0.01066887,995807902.23,1811.6511
3591,9.8316,1.3101,1.3101,104588.68,52145674.37,4081810.98,273980536.01,278305969.62,552286505.63,23258.56,1.61517776,0.00052910,0.01693114,0.01058196,0.00008513,0.01066709,995829160.79,1811.6761
3592,9.8344,1.3099,1.3099,104787.49,52149446.86,4081913.26,273998261.78,278311495.59,552309757.36,23251.74,1.61470400,0.00052902,0.01692856,0.01058035,0.00008497,0.01066531,995850412.53,1811.7010
3593,9.8371,1.3097,1.3097,104986.67,52153218.82,4082015.51,274015981.94,278317020.35,552333002.28,23244.92,1.61423039,0.00052894,0.01692597,0.01057873,0.00008481,0.01066354,995871657.44,1811.7259
3594,9.8398,1.3095,1.3095,105186.23,52156990.25,4082117.74,274033696.49,278322543.89,552356240.38,23238.10,1.61375693,0.00052886,0.01692338,0.01057711,0.00008465,0.01066176,995892895.54,1811.7507
3595,9.8426,1.3093,1.3093,105386.18,52160761.15,4082219.96,274051405.44,278328066.23,552379471.67,23231.28,1.61328362,0.00052877,0.01692080,0.01057550,0.00008449,0.01065999,995914126.83,1811.7755
3596,9.8453,1.3092,1.3092,105586.50,52164531.52,4082322.15,274069108.78,278333587.35,552402696.14,23224.47,1.61281045,0.00052869,0.01691821,0.01057388,0.00008433,0.01065821,995935351.30,1811.8002
3597,9.8480,1.3090,1.3090,105787.20,52168301.36,4082424.32,274086806.52,278339107.27,552425913.80,23217.66,1.61233743,0.00052861,0.01691563,0.01057227,0.00008417,0.01065644,995956568.96,1811.8249
3598,9.8508,1.3088,1.3088,105988.29,52172070.67,4082526.46,274104498.67,278344625.98,552449124.65,23210.85,1.61186456,0.00052853,0.01691304,0.01057065,0.00008401,0.01065467,995977779.81,1811.8496
3599,9.8535,1.3086,1.3086,106189.75,52175839.45,4082628.59,274122185.21,278350143.48,552472328.69,23204.04,1.61139184,0.00052845,0.01691046,0.01056904,0.00008386,0.01065289,995998983.85,1811.8742
3600,9.8563,1.3084,1.3084,106391.60,52179607.70,4082730.70,274139866.16,278355659.77,552495525.93,23197.24,1.61091927,0.00052837,0.01690787,0.01056742,0.00008370,0.01065112,996020181.09,1811.8988
3601,9.8590,1.3082,1.3082,106593.83,52183375.42,4082832.78,274157541.51,278361174.85,552518716.36,23190.43,1.61044684,0.00052829,0.01690529,0.01056581,0.00008354,0.01064935,996041371.52,1811.9234
3602,9.8617,1.3081,1.3081,106796.45,52187142.61,4082934.85,274175211.27,278366688.72,552541899.99,23183.63,1.60997456,0.00052821,0.01690271,0.01056419,0.00008339,0.01064758,996062555.16,1811.9479
3603,9.8645,1.3079,1.3079,106999.46,52190909.28,4083036.89,274192875.44,278372201.39,552565076.83,23176.83,1.60950243,0.00052813,0.01690013,0.01056258,0.00008323,0.01064581,996083731.99,1811.9723
3604,9.8672,1.3077,1.3077,107202.84,52194675.41,4083138.91,274210534.02,278377712.84,552588246.87,23170.04,1.60903045,0.00052805,0.01689755,0.01056097,0.00008307,0.01064404,996104902.03,1811.9967
3605,9.8700,1.3075,1.3075,107406.62,52198441.01,4083240.91,274228187.02,278383223.10,552611410.11,23163.24,1.60855861,0.00052797,0.01689496,0.01055935,0.00008292,0.01064227,996126065.27,1812.0211
3606,9.8727,1.3073,1.3073,107610.78,52202206.09,4083342.89,274245834.42,278388732.14,552634566.56,23156.45,1.60808692,0.00052789,0.01689238,0.01055774,0.00008276,0.01064050,996147221.73,1812.0454
3607,9.8754,1.3071,1.3071,107815.33,52205970.64,4083444.85,274263476.24,278394239.98,552657716.22,23149.66,1.60761538,0.00052781,0.01688980,0.01055613,0.00008261,0.01063873,996168371.39,1812.0697
3608,9.8782,1.3070,1.3070,108020.27,52209734.65,4083546.78,274281112.49,278399746.61,552680859.10,23142.87,1.60714398,0.00052773,0.01688722,0.01055452,0.00008245,0.01063697,996189514.26,1812.0940
3609,9.8809,1.3068,1.3068,108225.60,52213498.14,4083648.70,274298743.15,278405252.04,552703995.18,23136.09,1.60667273,0.00052765,0.01688465,0.01055290,0.00008230,0.01063520,996210650.35,1812.1182
3610,9.8836,1.3066,1.3066,108431.32,52217261.10,4083750.59,274316368.23,278410756.26,552727124.49,23129.30,1.60620163,0.00052756,0.01688207,0.01055129,0.00008214,0.01063343,996231779.65,1812.1424
3611,9.8864,1.3064,1.3064,108637.43,52221023.53,4083852.46,274333987.73,278416259.28,552750247.01,23122.52,1.60573068,0.00052748,0.01687949,0.01054968,0.00008199,0.01063167,996252902.17,1812.1665
3612,9.8891,1.3062,1.3062,108843.93,52224785.43,4083954.32,274351601.66,278421761.09,552773362.75,23115.74,1.60525987,0.00052740,0.01687691,0.01054807,0.00008183,0.01062990,996274017.91,1812.1906
3613,9.8919,1.3060,1.3060,109050.83,52228546.81,4084056.15,274369210.02,278427261.70,552796471.72,23108.96,1.60478921,0.00052732,0.01687433,0.01054646,0.00008168,0.01062814,996295126.88,1812.2146
3614,9.8946,1.3058,1.3058,109258.11,52232307.65,4084157.96,274386812.80,278432761.11,552819573.91,23102.19,1.60431870,0.00052724,0.01687176,0.01054485,0.00008153,0.01062638,996316229.07,1812.2386
3615,9.8973,1.3057,1.3057,109465.80,52236067.97,4084259.74,274404410.01,278438259.31,552842669.32,23095.42,1.60384834,0.00052716,0.01686918,0.01054324,0.00008137,0.01062461,996337324.48,1812.2626
3616,9.9001,1.3055,1.3055,109673.87,52239827.75,4084361.51,274422001.66,278443756.31,552865757.97,23088.64,1.60337812,0.00052708,0.01686661,0.01054163,0.00008122,0.01062285,996358413.13,1812.2865
3617,9.9028,1.3053,1.3053,109882.35,52243587.01,4084463.26,274439587.74,278449252.10,552888839.84,23081.88,1.60290805,0.00052700,0.01686403,0.01054002,0.00008107,0.01062109,996379495.01,1812.3104
3618,9.9055,1.3051,1.3051,110091.21,52247345.75,4084564.98,274457168.25,278454746.70,552911914.95,23075.11,1.60243812,0.00052692,0.01686146,0.01053841,0.00008092,0.01061933,996400570.11,1812.3342
3619,9.9083,1.3049,1.3049,110300.48,52251103.95,4084666.69,274474743.21,278460240.09,552934983.30,23068.34,1.60196834,0.00052684,0.01685888,0.01053680,0.00008077,0.01061757,996421638.46,1812.3581
3620,9.9110,1.3047,1.3047,110510.14,52254861.62,4084768.37,274492312.60,278465732.28,552958044.88,23061.58,1.60149871,0.00052676,0.01685631,0.01053519,0.00008061,0.01061581,996442700.04,1812.3818
3621,9.9138,1.3046,1.3046,110720.20,52258618.77,4084870.03,274509876.43,278471223.27,552981099.70,23054.82,1.60102923,0.00052668,0.01685373,0.01053358,0.00008046,0.01061405,996463754.86,1812.4055
3622,9.9165,1.3044,1.3044,110930.67,52262375.39,4084971.67,274527434.70,278476713.06,553004147.76,23048.06,1.60055989,0.00052660,0.01685116,0.01053198,0.00008031,0.01061229,996484802.92,1812.4292
3623,9.9192,1.3042,1.3042,111141.53,52266131.48,4085073.29,274544987.42,278482201.64,553027189.07,23041.31,1.60009070,0.00052652,0.01684859,0.01053037,0.00008016,0.01061053,996505844.23,1812.4529
3624,9.9220,1.3040,1.3040,111352.79,52269887.04,4085174.89,274562534.59,278487689.03,553050223.62,23034.55,1.59962165,0.00052644,0.01684602,0.01052876,0.00008001,0.01060877,996526878.78,1812.4765
3625,9.9247,1.3038,1.3038,111564.45,52273642.08,4085276.47,274580076.20,278493175.22,553073251.42,23027.80,1.59915275,0.00052636,0.01684345,0.01052715,0.00007986,0.01060702,996547906.58,1812.5000
3626,9.9274,1.3036,1.3036,111776.52,52277396.59,4085378.02,274597612.26,278498660.21,553096272.47,23021.05,1.59868400,0.00052628,0.01684088,0.01052555,0.00007971,0.01060526,996568927.63,1812.5236
3627,9.9302,1.3035,1.3035,111988.99,52281150.57,4085479.56,274615142.77,278504144.00,553119286.77,23014.30,1.59821539,0.00052620,0.01683831,0.01052394,0.00007956,0.01060350,996589941.93,1812.5470
3628,9.9329,1.3033,1.3033,112201.86,52284904.02,4085581.07,274632667.74,278509626.59,553142294.32,23007.56,1.59774693,0.00052612,0.01683574,0.01052233,0.00007941,0.01060175,996610949.49,1812.5705
3629,9.9357,1.3031,1.3031,112415.14,52288656.95,4085682.56,274650187.16,278515107.98,553165295.14,23000.81,1.59727862,0.00052604,0.01683317,0.01052073,0.00007926,0.01059999,996631950.30,1812.5939
3630,9.9384,1.3029,1.3029,112628.82,52292409.34,4085784.04,274667701.03,278520588.17,553188289.21,22994.07,1.59681045,0.00052596,0.01683060,0.01051912,0.00007911,0.01059824,996652944.37,1812.6173
3631,9.9411,1.3027,1.3027,112842.91,52296161.21,4085885.49,274685209.37,278526067.17,553211276.54,22987.33,1.59634243,0.00052588,0.01682803,0.01051752,0.00007897,0.01059648,996673931.70,1812.6406
3632,9.9439,1.3025,1.3025,113057.41,52299912.56,4085986.92,274702712.16,278531544.97,553234257.13,22980.59,1.59587456,0.00052580,0.01682546,0.01051591,0.00007882,0.01059473,996694912.29,1812.6639
3633,9.9466,1.3024,1.3024,113272.31,52303663.37,4086088.33,274720209.42,278537021.57,553257230.99,22973.86,1.59540683,0.00052572,0.01682289,0.01051431,0.00007867,0.01059298,996715886.15,1812.6871
3634,9.9493,1.3022,1.3022,113487.62,52307413.66,4086189.71,274737701.14,278542496.97,553280198.12,22967.13,1.59493924,0.00052564,0.01682033,0.01051270,0.00007852,0.01059123,996736853.28,1812.7103
3635,9.9521,1.3020,1.3020,113703.34,52311163.43,4086291.08,274755187.33,278547971.18,553303158.51,22960.39,1.59447181,0.00052556,0.01681776,0.01051110,0.00007838,0.01058948,996757813.67,1812.7335
3636,9.9548,1.3018,1.3018,113919.48,52314912.66,4086392.43,274772667.98,278553444.19,553326112.17,22953.67,1.59400452,0.00052547,0.01681519,0.01050950,0.00007823,0.01058772,996778767.34,1812.7566
3637,9.9576,1.3016,1.3016,114136.02,52318661.37,4086493.75,274790143.10,278558916.01,553349059.11,22946.94,1.59353737,0.00052539,0.01681263,0.01050789,0.00007808,0.01058597,996799714.28,1812.7797
3638,9.9603,1.3015,1.3015,114352.97,52322409.55,4086595.05,274807612.69,278564386.63,553371999.33,22940.21,1.59307037,0.00052531,0.01681006,0.01050629,0.00007793,0.01058423,996820654.49,1812.8028
3639,9.9630,1.3013,1.3013,114570.34,52326157.21,4086696.34,274825076.76,278569856.06,553394932.82,22933.49,1.59260352,0.00052523,0.01680750,0.01050469,0.00007779,0.01058248,996841587.98,1812.8258
3640,9.9658,1.3011,1.3011,114788.12,52329904.34,4086797.60,274842535.29,278575324.29,553417859.59,22926.77,1.59213681,0.00052515,0.01680494,0.01050309,0.00007764,0.01058073,996862514.75,1812.8488
3641,9.9685,1.3009,1.3009,115006.31,52333650.94,4086898.84,274859988.31,278580791.33,553440779.64,22920.05,1.59167025,0.00052507,0.01680237,0.01050148,0.00007750,0.01057898,996883434.80,1812.8717
3642,9.9713,1.3007,1.3007,115224.92,52337397.01,4087000.06,274877435.80,278586257.17,553463692.97,22913.34,1.59120383,0.00052499,0.01679981,0.01049988,0.00007735,0.01057723,996904348.14,1812.8946
3643,9.9740,1.3005,1.3005,115443.94,52341142.56,4087101.26,274894877.77,278591721.82,553486599.59,22906.62,1.59073756,0.00052491,0.01679725,0.01049828,0.00007721,0.01057549,996925254.76,1812.9174
3644,9.9767,1.3004,1.3004,115663.38,52344887.58,4087202.44,274912314.22,278597185.28,553509499.50,22899.91,1.59027143,0.00052483,0.01679469,0.01049668,0.00007706,0.01057374,996946154.67,1812.9403
3645,9.9795,1.3002,1.3002,115883.24,52348632.08,4087303.59,274929745.16,278602647.55,553532392.70,22893.20,1.58980545,0.00052475,0.01679212,0.01049508,0.00007692,0.01057199,996967047.86,1812.9630
3646,9.9822,1.3000,1.3000,116103.52,52352376.05,4087404.73,274947170.57,278608108.62,553555279.19,22886.49,1.58933962,0.00052467,0.01678956,0.01049348,0.00007677,0.01057025,996987934.35,1812.9858
3647,9.9849,1.2998,1.2998,116324.21,52356119.50,4087505.84,274964590.48,278613568.50,553578158.98,22879.78,1.58887393,0.00052459,0.01678700,0.01049188,0.00007663,0.01056850,997008814.14,1813.0085
3648,9.9877,1.2996,1.2996,116545.32,52359862.41,4087606.94,274982004.87,278619027.19,553601032.06,22873.08,1.58840839,0.00052451,0.01678444,0.01049028,0.00007648,0.01056676,997029687.22,1813.0311
3649,9.9904,1.2994,1.2994,116766.86,52363604.81,4087708.01,274999413.75,278624484.68,553623898.44,22866.38,1.58794299,0.00052443,0.01678188,0.01048868,0.00007634,0.01056502,997050553.60,1813.0538
3650,9.9932,1.2993,1.2993,116988.81,52367346.67,4087809.06,275016817.13,278629940.99,553646758.12,22859.68,1.58747774,0.00052435,0.01677932,0.01048708,0.00007620,0.01056328,997071413.28,1813.0764
