day,year,rbp_eib,qap_eib,baseline_eib,cumsum,theta,simple_minted,baseline_minted,total_minted,daily_issuance,reward_per_win,reward_32gib_day,reward_tib_day,storage_pledge,consensus_pledge,total_pledge,circulating,roi_pct
1,0.0027,2.1698,18.4023,114.42,34529967.84,3508420.99,155516089.69,246328716.69,401844806.38,69461.54,4.82371832,0.00011249,0.00359975,0.00224985,0.06504951,0.06729936,832650794.88,61.0523
2,0.0055,2.1696,18.3661,114.64,34536216.39,3508668.28,155571300.17,246342946.38,401914246.55,69440.17,4.82223427,0.00011268,0.00360574,0.00225359,0.06493786,0.06719144,832801568.38,61.2520
3,0.0082,2.1695,18.3299,114.86,34542464.43,3508915.51,155626493.18,246357172.18,401983665.37,69418.81,4.82075072,0.00011287,0.00361175,0.00225734,0.06482639,0.06708373,832952320.53,61.4526
4,0.0110,2.1693,18.2937,115.08,34548711.94,3509162.67,155681668.73,246371394.09,402053062.82,69397.45,4.81926768,0.00011306,0.00361778,0.00226111,0.06471511,0.06697622,833103051.32,61.6540
5,0.0137,2.1691,18.2575,115.30,34554958.94,3509409.77,155736826.82,246385612.11,402122438.93,69376.11,4.81778514,0.00011324,0.00362383,0.00226489,0.06460402,0.06686892,833253760.76,61.8563
6,0.0164,2.1689,18.2214,115.51,34561205.41,3509656.82,155791967.45,246399826.24,402191793.69,69354.76,4.81630310,0.00011343,0.00362991,0.00226869,0.06449312,0.06676181,833404448.85,62.0594
7,0.0192,2.1687,18.1852,115.73,34567451.36,3509903.80,155847090.64,246414036.49,402261127.12,69333.43,4.81482157,0.00011363,0.00363601,0.00227250,0.06438240,0.06665491,833555115.62,62.2634
8,0.0219,2.1686,18.1490,115.95,34573696.79,3510150.72,155902196.38,246428242.85,402330439.22,69312.10,4.81334054,0.00011382,0.00364213,0.00227633,0.06427187,0.06654820,833705761.05,62.4683
9,0.0246,2.1684,18.1129,116.17,34579941.70,3510397.58,155957284.69,246442445.32,402399730.01,69290.78,4.81186001,0.00011401,0.00364828,0.00228017,0.06416153,0.06644170,833856385.17,62.6740
10,0.0274,2.1682,18.0767,116.39,34586186.08,3510644.38,156012355.56,246456643.92,402468999.48,69269.47,4.81037999,0.00011420,0.00365445,0.00228403,0.06405137,0.06633540,834006987.98,62.8806
11,0.0301,2.1680,18.0406,116.62,34592429.95,3510891.12,156067409.01,246470838.64,402538247.65,69248.17,4.80890047,0.00011440,0.00366065,0.00228790,0.06394139,0.06622930,834157569.48,63.0881
12,0.0329,2.1678,18.0045,116.84,34598673.29,3511137.80,156122445.04,246485029.47,402607474.52,69226.87,4.80742145,0.00011459,0.00366686,0.00229179,0.06383160,0.06612339,834308129.68,63.2965
13,0.0356,2.1676,17.9683,117.06,34604916.12,3511384.41,156177463.66,246499216.44,402676680.09,69205.58,4.80594294,0.00011478,0.00367311,0.00229569,0.06372200,0.06601769,834458668.59,63.5058
14,0.0383,2.1675,17.9322,117.28,34611158.42,3511630.97,156232464.86,246513399.53,402745864.39,69184.29,4.80446492,0.00011498,0.00367938,0.00229961,0.06361258,0.06591219,834609186.22,63.7160
15,0.0411,2.1673,17.8961,117.51,34617400.20,3511877.47,156287448.67,246527578.74,402815027.41,69163.02,4.80298741,0.00011518,0.00368567,0.00230354,0.06350335,0.06580689,834759682.57,63.9271
16,0.0438,2.1671,17.8600,117.73,34623641.46,3512123.90,156342415.07,246541754.09,402884169.16,69141.75,4.80151040,0.00011537,0.00369198,0.00230749,0.06339429,0.06570178,834910157.65,64.1391
17,0.0465,2.1669,17.8239,117.95,34629882.20,3512370.28,156397364.08,246555925.56,402953289.65,69120.49,4.80003389,0.00011557,0.00369833,0.00231145,0.06328543,0.06559688,835060611.48,64.3520
18,0.0493,2.1667,17.7878,118.18,34636122.42,3512616.59,156452295.71,246570093.17,403022388.88,69099.23,4.79855789,0.00011577,0.00370469,0.00231543,0.06317674,0.06549217,835211044.04,64.5659
19,0.0520,2.1666,17.7517,118.40,34642362.12,3512862.85,156507209.95,246584256.91,403091466.87,69077.99,4.79708238,0.00011597,0.00371108,0.00231943,0.06306824,0.06538767,835361455.36,64.7806
20,0.0548,2.1664,17.7156,118.63,34648601.30,3513109.04,156562106.82,246598416.79,403160523.61,69056.75,4.79560738,0.00011617,0.00371750,0.00232344,0.06295992,0.06528336,835511845.44,64.9963
21,0.0575,2.1662,17.6795,118.85,34654839.96,3513355.17,156616986.32,246612572.81,403229559.13,69035.51,4.79413287,0.00011637,0.00372394,0.00232746,0.06285179,0.06517925,835662214.29,65.2130
22,0.0602,2.1660,17.6434,119.08,34661078.09,3513601.24,156671848.45,246626724.96,403298573.41,69014.29,4.79265887,0.00011658,0.00373041,0.00233151,0.06274383,0.06507534,835812561.91,65.4305
23,0.0630,2.1658,17.6073,119.30,34667315.71,3513847.26,156726693.22,246640873.26,403367566.48,68993.07,4.79118537,0.00011678,0.00373690,0.00233557,0.06263606,0.06497162,835962888.31,65.6491
24,0.0657,2.1657,17.5713,119.53,34673552.81,3514093.21,156781520.64,246655017.70,403436538.34,68971.86,4.78971236,0.00011698,0.00374342,0.00233964,0.06252847,0.06486811,836113193.50,65.8685
25,0.0684,2.1655,17.5352,119.76,34679789.38,3514339.10,156836330.71,246669158.28,403505488.99,68950.65,4.78823986,0.00011719,0.00374997,0.00234373,0.06242106,0.06476479,836263477.49,66.0890
26,0.0712,2.1653,17.4992,119.99,34686025.44,3514584.93,156891123.44,246683295.01,403574418.45,68929.46,4.78676786,0.00011739,0.00375654,0.00234784,0.06231383,0.06466167,836413740.28,66.3103
27,0.0739,2.1651,17.4631,120.21,34692260.97,3514830.70,156945898.83,246697427.89,403643326.72,68908.27,4.78529635,0.00011760,0.00376314,0.00235196,0.06220678,0.06455874,836563981.88,66.5327
28,0.0767,2.1649,17.4271,120.44,34698495.99,3515076.41,157000656.88,246711556.92,403712213.80,68887.09,4.78382535,0.00011781,0.00376976,0.00235610,0.06209991,0.06445601,836714202.30,66.7560
29,0.0794,2.1648,17.3910,120.67,34704730.48,3515322.06,157055397.61,246725682.10,403781079.71,68865.91,4.78235485,0.00011801,0.00377641,0.00236026,0.06199323,0.06435348,836864401.54,66.9804
30,0.0821,2.1646,17.3550,120.90,34710964.45,3515567.65,157110121.02,246739803.43,403849924.46,68844.74,4.78088484,0.00011822,0.00378309,0.00236443,0.06188672,0.06425115,837014579.62,67.2057
31,0.0849,2.1644,17.3190,121.13,34717197.91,3515813.18,157164827.12,246753920.92,403918748.04,68823.58,4.77941533,0.00011843,0.00378979,0.00236862,0.06178039,0.06414901,837164736.53,67.4319
32,0.0876,2.1642,17.2829,121.36,34723430.84,3516058.65,157219515.90,246768034.56,403987550.46,68802.43,4.77794632,0.00011864,0.00379652,0.00237283,0.06167424,0.06404707,837314872.29,67.6592
33,0.0903,2.1640,17.2469,121.59,34729663.25,3516304.06,157274187.38,246782144.37,404056331.74,68781.28,4.77647781,0.00011885,0.00380328,0.00237705,0.06156827,0.06394532,837464986.91,67.8875
34,0.0931,2.1639,17.2109,121.82,34735895.15,3516549.41,157328841.56,246796250.33,404125091.89,68760.14,4.77500980,0.00011906,0.00381007,0.00238129,0.06146248,0.06384377,837615080.38,68.1168
35,0.0958,2.1637,17.1749,122.05,34742126.52,3516794.69,157383478.44,246810352.45,404193830.89,68739.01,4.77354229,0.00011928,0.00381688,0.00238555,0.06135686,0.06374241,837765152.72,68.3471
36,0.0986,2.1635,17.1389,122.29,34748357.37,3517039.92,157438098.04,246824450.74,404262548.78,68717.88,4.77207527,0.00011949,0.00382372,0.00238983,0.06125143,0.06364125,837915203.94,68.5785
37,0.1013,2.1633,17.1029,122.52,34754587.71,3517285.09,157492700.36,246838545.19,404331245.54,68696.77,4.77060875,0.00011971,0.00383059,0.00239412,0.06114617,0.06354029,838065234.04,68.8108
38,0.1040,2.1631,17.0670,122.75,34760817.52,3517530.20,157547285.39,246852635.81,404399921.20,68675.66,4.76914273,0.00011992,0.00383749,0.00239843,0.06104109,0.06343952,838215243.03,69.0442
39,0.1068,2.1629,17.0310,122.98,34767046.81,3517775.25,157601853.16,246866722.59,404468575.75,68654.55,4.76767721,0.00012014,0.00384441,0.00240276,0.06093618,0.06333894,838365230.91,69.2786
40,0.1095,2.1628,16.9950,123.22,34773275.59,3518020.23,157656403.66,246880805.55,404537209.21,68633.46,4.76621218,0.00012036,0.00385136,0.00240710,0.06083146,0.06323856,838515197.70,69.5141
41,0.1123,2.1626,16.9590,123.45,34779503.84,3518265.16,157710936.89,246894884.68,404605821.57,68612.37,4.76474765,0.00012057,0.00385835,0.00241147,0.06072691,0.06313837,838665143.40,69.7506
42,0.1150,2.1624,16.9231,123.69,34785731.58,3518510.03,157765452.88,246908959.98,404674412.86,68591.28,4.76328362,0.00012079,0.00386536,0.00241585,0.06062253,0.06303838,838815068.02,69.9882
43,0.1177,2.1622,16.8871,123.92,34791958.79,3518754.84,157819951.61,246923031.46,404742983.07,68570.21,4.76182008,0.00012101,0.00387240,0.00242025,0.06051833,0.06293858,838964971.56,70.2268
44,0.1205,2.1620,16.8512,124.16,34798185.48,3518999.59,157874433.10,246937099.11,404811532.21,68549.14,4.76035704,0.00012123,0.00387947,0.00242467,0.06041431,0.06283898,839114854.04,70.4666
45,0.1232,2.1619,16.8152,124.39,34804411.66,3519244.28,157928897.35,246951162.94,404880060.29,68528.08,4.75889450,0.00012146,0.00388656,0.00242910,0.06031046,0.06273957,839264715.45,70.7073
46,0.1259,2.1617,16.7793,124.63,34810637.32,3519488.90,157983344.36,246965222.96,404948567.32,68507.03,4.75743245,0.00012168,0.00389369,0.00243356,0.06020679,0.06264035,839414555.81,70.9492
47,0.1287,2.1615,16.7434,124.87,34816862.45,3519733.47,158037774.15,246979279.15,405017053.30,68485.98,4.75597090,0.00012190,0.00390085,0.00243803,0.06010329,0.06254132,839564375.13,71.1922
48,0.1314,2.1613,16.7074,125.10,34823087.07,3519977.98,158092186.71,246993331.53,405085518.24,68464.94,4.75450984,0.00012213,0.00390803,0.00244252,0.05999997,0.06244249,839714173.40,71.4362
49,0.1342,2.1611,16.6715,125.34,34829311.17,3520222.43,158146582.06,247007380.09,405153962.15,68443.91,4.75304928,0.00012235,0.00391525,0.00244703,0.05989682,0.06234385,839863950.64,71.6814
50,0.1369,2.1610,16.6356,125.58,34835534.74,3520466.82,158200960.19,247021424.84,405222385.03,68422.88,4.75158921,0.00012258,0.00392250,0.00245156,0.05979385,0.06224541,840013706.86,71.9276
51,0.1396,2.1608,16.5997,125.82,34841757.80,3520711.15,158255321.12,247035465.78,405290786.90,68401.87,4.75012964,0.00012281,0.00392978,0.00245611,0.05969105,0.06214716,840163442.06,72.1750
52,0.1424,2.1606,16.5638,126.06,34847980.34,3520955.42,158309664.85,247049502.91,405359167.76,68380.86,4.74867056,0.00012303,0.00393708,0.00246068,0.05958842,0.06204910,840313156.25,72.4235
53,0.1451,2.1604,16.5279,126.30,34854202.36,3521199.63,158363991.38,247063536.23,405427527.61,68359.85,4.74721198,0.00012326,0.00394442,0.00246526,0.05948596,0.06195123,840462849.44,72.6731
54,0.1478,2.1602,16.4920,126.54,34860423.86,3521443.78,158418300.72,247077565.74,405495866.46,68338.86,4.74575389,0.00012349,0.00395179,0.00246987,0.05938368,0.06185355,840612521.63,72.9239
55,0.1506,2.1601,16.4561,126.78,34866644.84,3521687.87,158472592.88,247091591.45,405564184.33,68317.87,4.74429630,0.00012372,0.00395919,0.00247450,0.05928157,0.06175607,840762172.83,73.1758
56,0.1533,2.1599,16.4203,127.02,34872865.31,3521931.90,158526867.86,247105613.36,405632481.22,68296.88,4.74283920,0.00012396,0.00396663,0.00247914,0.05917963,0.06165878,840911803.05,73.4288
57,0.1561,2.1597,16.3844,127.26,34879085.25,3522175.87,158581125.66,247119631.46,405700757.13,68275.91,4.74138259,0.00012419,0.00397409,0.00248381,0.05907787,0.06156168,841061412.29,73.6830
58,0.1588,2.1595,16.3485,127.50,34885304.67,3522419.78,158635366.30,247133645.77,405769012.07,68254.94,4.73992648,0.00012442,0.00398158,0.00248849,0.05897628,0.06146477,841211000.56,73.9384
59,0.1615,2.1593,16.3127,127.75,34891523.58,3522663.64,158689589.77,247147656.28,405837246.05,68233.98,4.73847086,0.00012466,0.00398911,0.00249319,0.05887485,0.06136805,841360567.88,74.1949
60,0.1643,2.1592,16.2768,127.99,34897741.97,3522907.43,158743796.09,247161662.99,405905459.07,68213.03,4.73701573,0.00012490,0.00399667,0.00249792,0.05877360,0.06127152,841510114.24,74.4526
61,0.1670,2.1590,16.2409,128.23,34903959.83,3523151.16,158797985.25,247175665.90,405973651.15,68192.08,4.73556110,0.00012513,0.00400426,0.00250266,0.05867252,0.06117519,841659639.65,74.7115
62,0.1697,2.1588,16.2051,128.48,34910177.18,3523394.83,158852157.27,247189665.03,406041822.29,68171.14,4.73410696,0.00012537,0.00401189,0.00250743,0.05857161,0.06107904,841809144.12,74.9716
63,0.1725,2.1586,16.1693,128.72,34916394.01,3523638.45,158906312.14,247203660.36,406109972.50,68150.21,4.73265331,0.00012561,0.00401954,0.00251222,0.05847087,0.06098309,841958627.66,75.2329
64,0.1752,2.1584,16.1334,128.96,34922610.32,3523882.00,158960449.88,247217651.90,406178101.78,68129.28,4.73120016,0.00012585,0.00402723,0.00251702,0.05837030,0.06088733,842108090.28,75.4954
65,0.1780,2.1583,16.0976,129.21,34928826.12,3524125.50,159014570.49,247231639.66,406246210.15,68108.36,4.72974749,0.00012609,0.00403496,0.00252185,0.05826990,0.06079175,842257531.98,75.7591
66,0.1807,2.1581,16.0618,129.46,34935041.39,3524368.93,159068673.98,247245623.62,406314297.60,68087.45,4.72829532,0.00012633,0.00404271,0.00252670,0.05816967,0.06069637,842406952.76,76.0240
67,0.1834,2.1579,16.0260,129.70,34941256.15,3524612.31,159122760.34,247259603.81,406382364.15,68066.55,4.72684364,0.00012658,0.00405051,0.00253157,0.05806961,0.06060118,842556352.64,76.2901
68,0.1862,2.1577,15.9902,129.95,34947470.38,3524855.63,159176829.59,247273580.21,406450409.80,68045.65,4.72539245,0.00012682,0.00405833,0.00253646,0.05796972,0.06050618,842705731.63,76.5575
69,0.1889,2.1575,15.9544,130.19,34953684.10,3525098.89,159230881.73,247287552.83,406518434.56,68024.76,4.72394176,0.00012707,0.00406619,0.00254137,0.05787000,0.06041136,842855089.72,76.8261
70,0.1916,2.1574,15.9186,130.44,34959897.30,3525342.08,159284916.77,247301521.67,406586438.44,68003.88,4.72249155,0.00012732,0.00407408,0.00254630,0.05777044,0.06031674,843004426.94,77.0960
71,0.1944,2.1572,15.8828,130.69,34966109.98,3525585.22,159338934.72,247315486.73,406654421.44,67983.00,4.72104184,0.00012756,0.00408201,0.00255125,0.05767105,0.06022231,843153743.27,77.3672
72,0.1971,2.1570,15.8470,130.94,34972322.14,3525828.30,159392935.56,247329448.01,406722383.58,67962.13,4.71959262,0.00012781,0.00408997,0.00255623,0.05757183,0.06012806,843303038.74,77.6396
73,0.1999,2.1568,15.8112,131.19,34978533.79,3526071.32,159446919.33,247343405.52,406790324.85,67941.27,4.71814388,0.00012806,0.00409797,0.00256123,0.05747278,0.06003401,843452313.34,77.9132
74,0.2026,2.1566,15.7755,131.44,34984744.91,3526314.29,159500886.01,247357359.26,406858245.26,67920.42,4.71669564,0.00012831,0.00410600,0.00256625,0.05737390,0.05994014,843601567.09,78.1882
75,0.2053,2.1565,15.7397,131.69,34990955.52,3526557.19,159554835.61,247371309.23,406926144.83,67899.57,4.71524789,0.00012856,0.00411406,0.00257129,0.05727518,0.05984647,843750800.00,78.4644
76,0.2081,2.1563,15.7039,131.94,34997165.61,3526800.03,159608768.14,247385255.42,406994023.56,67878.73,4.71380063,0.00012882,0.00412217,0.00257635,0.05717663,0.05975298,843900012.06,78.7420
77,0.2108,2.1561,15.6682,132.19,35003375.18,3527042.82,159662683.61,247399197.85,407061881.46,67857.90,4.71235386,0.00012907,0.00413031,0.00258144,0.05707824,0.05965968,844049203.29,79.0208
78,0.2136,2.1559,15.6324,132.44,35009584.23,3527285.54,159716582.02,247413136.51,407129718.53,67837.07,4.71090757,0.00012933,0.00413848,0.00258655,0.05698002,0.05956657,844198373.69,79.3010
79,0.2163,2.1557,15.5967,132.69,35015792.77,3527528.21,159770463.37,247427071.41,407197534.78,67816.25,4.70946178,0.00012958,0.00414669,0.00259168,0.05688197,0.05947365,844347523.27,79.5825
80,0.2190,2.1556,15.5609,132.94,35022000.78,3527770.81,159824327.67,247441002.54,407265330.21,67795.44,4.70801648,0.00012984,0.00415494,0.00259684,0.05678408,0.05938092,844496652.04,79.8653
81,0.2218,2.1554,15.5252,133.20,35028208.28,3528013.36,159878174.93,247454929.91,407333104.85,67774.63,4.70657166,0.00013010,0.00416322,0.00260202,0.05668636,0.05928837,844645760.01,80.1495
82,0.2245,2.1552,15.4895,133.45,35034415.26,3528255.85,159932005.16,247468853.52,407400858.68,67753.83,4.70512734,0.00013036,0.00417155,0.00260722,0.05658880,0.05919602,844794847.18,80.4350
83,0.2272,2.1550,15.4538,133.70,35040621.73,3528498.28,159985818.34,247482773.38,407468591.72,67733.04,4.70368350,0.00013062,0.00417991,0.00261244,0.05649141,0.05910385,844943913.55,80.7218
84,0.2300,2.1548,15.4180,133.96,35046827.67,3528740.65,160039614.50,247496689.48,407536303.98,67712.26,4.70224015,0.00013088,0.00418830,0.00261769,0.05639418,0.05901187,845092959.14,81.0100
85,0.2327,2.1547,15.3823,134.21,35053033.10,3528982.96,160093393.64,247510601.82,407603995.46,67691.48,4.70079729,0.00013115,0.00419674,0.00262296,0.05629712,0.05892008,845241983.96,81.2996
86,0.2355,2.1545,15.3466,134.47,35059238.01,3529225.22,160147155.76,247524510.41,407671666.17,67670.71,4.69935492,0.00013141,0.00420521,0.00262826,0.05620022,0.05882847,845390988.00,81.5906
87,0.2382,2.1543,15.3109,134.72,35065442.40,3529467.41,160200900.88,247538415.25,407739316.12,67649.95,4.69791304,0.00013168,0.00421372,0.00263357,0.05610348,0.05873705,845539971.28,81.8830
88,0.2409,2.1541,15.2753,134.98,35071646.27,3529709.54,160254628.98,247552316.33,407806945.31,67629.19,4.69647164,0.00013195,0.00422227,0.00263892,0.05600691,0.05864583,845688933.81,82.1768
89,0.2437,2.1539,15.2396,135.23,35077849.63,3529951.62,160308340.08,247566213.67,407874553.76,67608.44,4.69503074,0.00013221,0.00423086,0.00264429,0.05591050,0.05855478,845837875.58,82.4720
90,0.2464,2.1538,15.2039,135.49,35084052.47,3530193.64,160362034.19,247580107.27,407942141.46,67587.70,4.69359032,0.00013248,0.00423949,0.00264968,0.05581425,0.05846393,845986796.62,82.7686
91,0.2491,2.1536,15.1682,135.75,35090254.79,3530435.60,160415711.31,247593997.11,408009708.42,67566.97,4.69215038,0.00013275,0.00424815,0.00265510,0.05571817,0.05837326,846135696.92,83.0666
92,0.2519,2.1534,15.1325,136.01,35096456.59,3530677.50,160469371.44,247607883.22,408077254.66,67546.24,4.69071094,0.00013303,0.00425686,0.00266054,0.05562224,0.05828278,846284576.49,83.3660
93,0.2546,2.1532,15.0969,136.27,35102657.88,3530919.34,160523014.60,247621765.58,408144780.18,67525.52,4.68927198,0.00013330,0.00426560,0.00266600,0.05552648,0.05819249,846433435.34,83.6670
94,0.2574,2.1530,15.0612,136.53,35108858.64,3531161.12,160576640.78,247635644.20,408212284.98,67504.80,4.68783351,0.00013357,0.00427439,0.00267149,0.05543089,0.05810238,846582273.47,83.9693
95,0.2601,2.1529,15.0256,136.78,35115058.89,3531402.84,160630249.99,247649519.09,408279769.07,67484.10,4.68639552,0.00013385,0.00428322,0.00267701,0.05533545,0.05801246,846731090.90,84.2731
96,0.2628,2.1527,14.9899,137.04,35121258.63,3531644.51,160683842.24,247663390.23,408347232.47,67463.40,4.68495802,0.00013413,0.00429209,0.00268255,0.05524017,0.05792273,846879887.63,84.5784
97,0.2656,2.1525,14.9543,137.31,35127457.84,3531886.12,160737417.53,247677257.64,408414675.17,67442.70,4.68352101,0.00013441,0.00430100,0.00268812,0.05514506,0.05783318,847028663.67,84.8852
98,0.2683,2.1523,14.9187,137.57,35133656.54,3532127.66,160790975.87,247691121.32,408482097.19,67422.02,4.68208448,0.00013469,0.00430995,0.00269372,0.05505011,0.05774382,847177419.02,85.1935
99,0.2710,2.1521,14.8830,137.83,35139854.72,3532369.15,160844517.26,247704981.27,408549498.53,67401.34,4.68064844,0.00013497,0.00431894,0.00269934,0.05495531,0.05765465,847326153.69,85.5033
100,0.2738,2.1520,14.8474,138.09,35146052.39,3532610.58,160898041.71,247718837.48,408616879.19,67380.67,4.67921288,0.00013525,0.00432797,0.00270498,0.05486068,0.05756566,847474867.69,85.8146
101,0.2765,2.1518,14.8118,138.35,35152249.54,3532851.95,160951549.22,247732689.97,408684239.19,67360.00,4.67777781,0.00013553,0.00433705,0.00271065,0.05476621,0.05747686,847623561.02,86.1274
102,0.2793,2.1516,14.7762,138.62,35158446.16,3533093.27,161005039.80,247746538.73,408751578.53,67339.34,4.67634322,0.00013582,0.00434617,0.00271635,0.05467189,0.05738825,847772233.70,86.4418
103,0.2820,2.1514,14.7406,138.88,35164642.28,3533334.52,161058513.46,247760383.76,408818897.22,67318.69,4.67490912,0.00013610,0.00435533,0.00272208,0.05457774,0.05729982,847920885.72,86.7576
104,0.2847,2.1512,14.7050,139.14,35170837.87,3533575.72,161111970.20,247774225.07,408886195.27,67298.05,4.67347550,0.00013639,0.00436453,0.00272783,0.05448374,0.05721158,848069517.10,87.0751
105,0.2875,2.1511,14.6694,139.41,35177032.95,3533816.86,161165410.02,247788062.66,408953472.68,67277.41,4.67204237,0.00013668,0.00437378,0.00273361,0.05438991,0.05712352,848218127.84,87.3941
106,0.2902,2.1509,14.6338,139.67,35183227.51,3534057.94,161218832.93,247801896.53,409020729.46,67256.78,4.67060972,0.00013697,0.00438307,0.00273942,0.05429623,0.05703565,848366717.96,87.7147
107,0.2930,2.1507,14.5982,139.94,35189421.56,3534298.96,161272238.94,247815726.68,409087965.62,67236.16,4.66917756,0.00013726,0.00439241,0.00274525,0.05420271,0.05694797,848515287.45,88.0368
108,0.2957,2.1505,14.5627,140.20,35195615.09,3534539.92,161325628.05,247829553.11,409155181.16,67215.54,4.66774588,0.00013756,0.00440179,0.00275112,0.05410935,0.05686047,848663836.32,88.3606
109,0.2984,2.1504,14.5271,140.47,35201808.10,3534780.82,161379000.27,247843375.83,409222376.09,67194.93,4.66631469,0.00013785,0.00441121,0.00275701,0.05401615,0.05677315,848812364.59,88.6860
110,0.3012,2.1502,14.4915,140.74,35208000.59,3535021.67,161432355.59,247857194.83,409289550.42,67174.33,4.66488397,0.00013815,0.00442068,0.00276292,0.05392310,0.05668603,848960872.25,89.0129
111,0.3039,2.1500,14.4560,141.00,35214192.57,3535262.46,161485694.04,247871010.12,409356704.15,67153.73,4.66345375,0.00013844,0.00443019,0.00276887,0.05383021,0.05659908,849109359.32,89.3415
112,0.3066,2.1498,14.4204,141.27,35220384.03,3535503.19,161539015.61,247884821.69,409423837.30,67133.15,4.66202400,0.00013874,0.00443975,0.00277485,0.05373748,0.05651233,849257825.80,89.6718
113,0.3094,2.1496,14.3849,141.54,35226574.98,3535743.86,161592320.30,247898629.56,409490949.86,67112.56,4.66059474,0.00013904,0.00444936,0.00278085,0.05364491,0.05642576,849406271.69,90.0037
114,0.3121,2.1495,14.3493,141.81,35232765.40,3535984.47,161645608.13,247912433.72,409558041.85,67091.99,4.65916596,0.00013934,0.00445901,0.00278688,0.05355249,0.05633937,849554697.02,90.3372
115,0.3149,2.1493,14.3138,142.08,35238955.31,3536225.03,161698879.10,247926234.18,409625113.28,67071.42,4.65773766,0.00013965,0.00446871,0.00279294,0.05346023,0.05625317,849703101.77,90.6725
116,0.3176,2.1491,14.2783,142.35,35245144.71,3536465.52,161752133.21,247940030.93,409692164.14,67050.86,4.65630985,0.00013995,0.00447846,0.00279903,0.05336812,0.05616716,849851485.97,91.0094
117,0.3203,2.1489,14.2428,142.62,35251333.59,3536705.96,161805370.47,247953823.98,409759194.45,67030.31,4.65488252,0.00014026,0.00448825,0.00280516,0.05327617,0.05608133,849999849.61,91.3480
118,0.3231,2.1487,14.2073,142.89,35257521.95,3536946.34,161858590.89,247967613.32,409826204.21,67009.76,4.65345567,0.00014057,0.00449809,0.00281131,0.05318438,0.05599569,850148192.70,91.6883
119,0.3258,2.1486,14.1717,143.16,35263709.79,3537186.66,161911794.46,247981398.97,409893193.43,66989.22,4.65202930,0.00014087,0.00450798,0.00281749,0.05309274,0.05591023,850296515.26,92.0303
120,0.3285,2.1484,14.1362,143.44,35269897.12,3537426.92,161964981.20,247995180.92,409960162.12,66968.69,4.65060342,0.00014118,0.00451791,0.00282370,0.05300126,0.05582495,850444817.28,92.3740
121,0.3313,2.1482,14.1007,143.71,35276083.94,3537667.13,162018151.11,248008959.17,410027110.28,66948.16,4.64917801,0.00014150,0.00452790,0.00282994,0.05290993,0.05573987,850593098.78,92.7195
122,0.3340,2.1480,14.0652,143.98,35282270.23,3537907.28,162071304.20,248022733.73,410094037.93,66927.64,4.64775309,0.00014181,0.00453793,0.00283621,0.05281875,0.05565496,850741359.76,93.0667
123,0.3368,2.1478,14.0298,144.25,35288456.01,3538147.37,162124440.47,248036504.59,410160945.06,66907.13,4.64632865,0.00014213,0.00454802,0.00284251,0.05272773,0.05557024,850889600.22,93.4157
124,0.3395,2.1477,13.9943,144.53,35294641.28,3538387.40,162177559.92,248050271.77,410227831.69,66886.63,4.64490469,0.00014244,0.00455815,0.00284884,0.05263687,0.05548571,851037820.18,93.7665
125,0.3422,2.1475,13.9588,144.80,35300826.02,3538627.37,162230662.57,248064035.25,410294697.82,66866.13,4.64348121,0.00014276,0.00456833,0.00285521,0.05254615,0.05540136,851186019.65,94.1191
126,0.3450,2.1473,13.9233,145.08,35307010.25,3538867.29,162283748.41,248077795.04,410361543.46,66845.64,4.64205821,0.00014308,0.00457857,0.00286161,0.05245560,0.05531720,851334198.62,94.4735
127,0.3477,2.1471,13.8879,145.35,35313193.97,3539107.14,162336817.46,248091551.15,410428368.61,66825.15,4.64063569,0.00014340,0.00458885,0.00286803,0.05236519,0.05523322,851482357.11,94.8296
128,0.3504,2.1469,13.8524,145.63,35319377.17,3539346.94,162389869.71,248105303.58,410495173.29,66804.68,4.63921365,0.00014372,0.00459919,0.00287449,0.05227494,0.05514943,851630495.12,95.1876
129,0.3532,2.1468,13.8170,145.91,35325559.85,3539586.69,162442905.18,248119052.31,410561957.49,66784.21,4.63779210,0.00014405,0.00460958,0.00288099,0.05218484,0.05506582,851778612.65,95.5475
130,0.3559,2.1466,13.7815,146.19,35331742.02,3539826.37,162495923.86,248132797.37,410628721.23,66763.74,4.63637102,0.00014438,0.00462002,0.00288751,0.05209489,0.05498240,851926709.73,95.9092
131,0.3587,2.1464,13.7461,146.46,35337923.67,3540066.00,162548925.77,248146538.75,410695464.52,66743.29,4.63495042,0.00014470,0.00463051,0.00289407,0.05200509,0.05489916,852074786.35,96.2727
132,0.3614,2.1462,13.7106,146.74,35344104.81,3540305.56,162601910.91,248160276.45,410762187.36,66722.84,4.63353030,0.00014503,0.00464105,0.00290066,0.05191545,0.05481611,852222842.52,96.6381
133,0.3641,2.1460,13.6752,147.02,35350285.43,3540545.07,162654879.28,248174010.47,410828889.75,66702.39,4.63211066,0.00014536,0.00465165,0.00290728,0.05182596,0.05473324,852370878.25,97.0055
134,0.3669,2.1459,13.6398,147.30,35356465.53,3540784.53,162707830.89,248187740.81,410895571.71,66681.96,4.63069150,0.00014570,0.00466230,0.00291394,0.05173662,0.05465056,852518893.54,97.3747
135,0.3696,2.1457,13.6044,147.58,35362645.12,3541023.92,162760765.75,248201467.48,410962233.24,66661.53,4.62927282,0.00014603,0.00467301,0.00292063,0.05164743,0.05456806,852666888.40,97.7458
136,0.3723,2.1455,13.5690,147.86,35368824.20,3541263.26,162813683.86,248215190.48,411028874.34,66641.11,4.62785461,0.00014637,0.00468377,0.00292735,0.05155839,0.05448574,852814862.84,98.1189
137,0.3751,2.1453,13.5336,148.14,35375002.75,3541502.54,162866585.22,248228909.81,411095495.03,66620.69,4.62643689,0.00014671,0.00469458,0.00293411,0.05146950,0.05440361,852962816.86,98.4939
138,0.3778,2.1452,13.4982,148.42,35381180.80,3541741.76,162919469.85,248242625.47,411162095.32,66600.28,4.62501965,0.00014705,0.00470545,0.00294091,0.05138076,0.05432167,853110750.48,98.8709
139,0.3806,2.1450,13.4628,148.71,35387358.32,3541980.92,162972337.74,248256337.46,411228675.20,66579.88,4.62360288,0.00014739,0.00471638,0.00294774,0.05129218,0.05423991,853258663.69,99.2498
140,0.3833,2.1448,13.4274,148.99,35393535.33,3542220.03,163025188.90,248270045.79,411295234.69,66559.49,4.62218659,0.00014773,0.00472736,0.00295460,0.05120374,0.05415834,853406556.51,99.6307
141,0.3860,2.1446,13.3920,149.27,35399711.83,3542459.08,163078023.34,248283750.45,411361773.78,66539.10,4.62077078,0.00014807,0.00473840,0.00296150,0.05111545,0.05407695,853554428.95,100.0137
142,0.3888,2.1444,13.3566,149.55,35405887.81,3542698.07,163130841.06,248297451.45,411428292.50,66518.72,4.61935544,0.00014842,0.00474949,0.00296843,0.05102732,0.05399575,853702281.00,100.3986
143,0.3915,2.1443,13.3213,149.84,35412063.27,3542937.00,163183642.06,248311148.78,411494790.85,66498.34,4.61794059,0.00014877,0.00476064,0.00297540,0.05093933,0.05391473,853850112.68,100.7856
144,0.3943,2.1441,13.2859,150.12,35418238.22,3543175.88,163236426.36,248324842.46,411561268.82,66477.98,4.61652621,0.00014912,0.00477185,0.00298241,0.05085149,0.05383390,853997923.99,101.1746
145,0.3970,2.1439,13.2505,150.41,35424412.66,3543414.69,163289193.96,248338532.48,411627726.44,66457.62,4.61511231,0.00014947,0.00478312,0.00298945,0.05076380,0.05375325,854145714.94,101.5656
146,0.3997,2.1437,13.2152,150.69,35430586.58,3543653.45,163341944.86,248352218.84,411694163.71,66437.26,4.61369888,0.00014983,0.00479445,0.00299653,0.05067625,0.05367278,854293485.54,101.9588
147,0.4025,2.1435,13.1798,150.98,35436759.98,3543892.16,163394679.07,248365901.55,411760580.62,66416.92,4.61228593,0.00015018,0.00480583,0.00300365,0.05058886,0.05359251,854441235.79,102.3540
148,0.4052,2.1434,13.1445,151.27,35442932.87,3544130.80,163447396.60,248379580.60,411826977.20,66396.58,4.61087346,0.00015054,0.00481728,0.00301080,0.05050161,0.05351241,854588965.70,102.7513
149,0.4079,2.1432,13.1092,151.56,35449105.24,3544369.39,163500097.44,248393256.01,411893353.45,66376.25,4.60946146,0.00015090,0.00482878,0.00301799,0.05041452,0.05343251,854736675.28,103.1508
150,0.4107,2.1430,13.0738,151.84,35455277.10,3544607.92,163552781.61,248406927.76,411959709.37,66355.92,4.60804995,0.00015126,0.00484035,0.00302522,0.05032757,0.05335278,854884364.53,103.5523
151,0.4134,2.1428,13.0385,152.13,35461448.44,3544846.39,163605449.10,248420595.86,412026044.97,66335.60,4.60663890,0.00015162,0.00485198,0.00303249,0.05024076,0.05327325,855032033.46,103.9561
152,0.4162,2.1426,13.0032,152.42,35467619.27,3545084.81,163658099.93,248434260.32,412092360.25,66315.29,4.60522833,0.00015199,0.00486367,0.00303979,0.05015411,0.05319390,855179682.08,104.3619
153,0.4189,2.1425,12.9679,152.71,35473789.58,3545323.17,163710734.11,248447921.13,412158655.24,66294.98,4.60381824,0.00015236,0.00487542,0.00304713,0.05006760,0.05311473,855327310.40,104.7700
154,0.4216,2.1423,12.9326,153.00,35479959.38,3545561.47,163763351.62,248461578.30,412224929.92,66274.68,4.60240863,0.00015273,0.00488723,0.00305452,0.04998123,0.05303575,855474918.42,105.1802
155,0.4244,2.1421,12.8973,153.29,35486128.67,3545799.71,163815952.49,248475231.82,412291184.31,66254.39,4.60099949,0.00015310,0.00489910,0.00306194,0.04989502,0.05295696,855622506.14,105.5927
156,0.4271,2.1419,12.8620,153.58,35492297.43,3546037.90,163868536.71,248488881.71,412357418.42,66234.11,4.59959082,0.00015347,0.00491104,0.00306940,0.04980895,0.05287835,855770073.58,106.0074
157,0.4298,2.1418,12.8267,153.88,35498465.69,3546276.03,163921104.30,248502527.95,412423632.25,66213.83,4.59818263,0.00015385,0.00492305,0.00307690,0.04972302,0.05279993,855917620.75,106.4243
158,0.4326,2.1416,12.7914,154.17,35504633.43,3546514.10,163973655.25,248516170.56,412489825.81,66193.56,4.59677491,0.00015422,0.00493512,0.00308445,0.04963724,0.05272169,856065147.64,106.8435
159,0.4353,2.1414,12.7561,154.46,35510800.65,3546752.12,164026189.57,248529809.53,412555999.10,66173.29,4.59536767,0.00015460,0.00494725,0.00309203,0.04955161,0.05264364,856212654.27,107.2650
160,0.4381,2.1412,12.7209,154.76,35516967.36,3546990.08,164078707.27,248543444.87,412622152.14,66153.04,4.59396090,0.00015498,0.00495945,0.00309965,0.04946612,0.05256577,856360140.64,107.6888
161,0.4408,2.1410,12.6856,155.05,35523133.56,3547227.98,164131208.36,248557076.57,412688284.93,66132.79,4.59255461,0.00015537,0.00497171,0.00310732,0.04938077,0.05248809,856507606.76,108.1149
162,0.4435,2.1409,12.6503,155.34,35529299.24,3547465.82,164183692.83,248570704.64,412754397.47,66112.54,4.59114879,0.00015575,0.00498404,0.00311503,0.04929557,0.05241060,856655052.63,108.5433
163,0.4463,2.1407,12.6151,155.64,35535464.41,3547703.61,164236160.69,248584329.09,412820489.78,66092.31,4.58974345,0.00015614,0.00499644,0.00312278,0.04921052,0.05233330,856802478.27,108.9740
164,0.4490,2.1405,12.5798,155.94,35541629.06,3547941.33,164288611.95,248597949.90,412886561.85,66072.08,4.58833857,0.00015653,0.00500891,0.00313057,0.04912561,0.05225618,856949883.68,109.4071
165,0.4517,2.1403,12.5446,156.23,35547793.20,3548179.01,164341046.61,248611567.09,412952613.70,66051.85,4.58693418,0.00015692,0.00502144,0.00313840,0.04904084,0.05217924,857097268.87,109.8426
166,0.4545,2.1401,12.5094,156.53,35553956.82,3548416.62,164393464.68,248625180.65,413018645.34,66031.64,4.58553025,0.00015731,0.00503405,0.00314628,0.04895622,0.05210250,857244633.83,110.2805
167,0.4572,2.1400,12.4741,156.83,35560119.93,3548654.18,164445866.17,248638790.59,413084656.76,66011.43,4.58412680,0.00015771,0.00504672,0.00315420,0.04887174,0.05202594,857391978.59,110.7208
168,0.4600,2.1398,12.4389,157.12,35566282.52,3548891.68,164498251.08,248652396.91,413150647.99,65991.22,4.58272382,0.00015811,0.00505946,0.00316216,0.04878740,0.05194956,857539303.15,111.1636
169,0.4627,2.1396,12.4037,157.42,35572444.60,3549129.12,164550619.41,248665999.61,413216619.01,65971.03,4.58132131,0.00015851,0.00507227,0.00317017,0.04870321,0.05187338,857686607.51,111.6088
170,0.4654,2.1394,12.3685,157.72,35578606.17,3549366.51,164602971.16,248679598.69,413282569.85,65950.84,4.57991928,0.00015891,0.00508516,0.00317822,0.04861916,0.05179738,857833891.68,112.0564
171,0.4682,2.1393,12.3333,158.02,35584767.22,3549603.84,164655306.36,248693194.15,413348500.51,65930.66,4.57851772,0.00015932,0.00509811,0.00318632,0.04853525,0.05172157,857981155.67,112.5066
172,0.4709,2.1391,12.2981,158.32,35590927.76,3549841.11,164707624.99,248706785.99,413414410.99,65910.48,4.57711663,0.00015972,0.00511114,0.00319446,0.04845148,0.05164594,858128399.48,112.9593
173,0.4736,2.1389,12.2629,158.62,35597087.78,3550078.33,164759927.07,248720374.23,413480301.30,65890.31,4.57571601,0.00016013,0.00512424,0.00320265,0.04836786,0.05157051,858275623.13,113.4145
174,0.4764,2.1387,12.2277,158.92,35603247.29,3550315.49,164812212.60,248733958.84,413546171.45,65870.15,4.57431586,0.00016054,0.00513742,0.00321089,0.04828437,0.05149526,858422826.61,113.8722
175,0.4791,2.1385,12.1925,159.23,35609406.29,3550552.59,164864481.59,248747539.85,413612021.44,65849.99,4.57291619,0.00016096,0.00515067,0.00321917,0.04820103,0.05142020,858570009.93,114.3325
176,0.4819,2.1384,12.1573,159.53,35615564.77,3550789.64,164916734.03,248761117.25,413677851.28,65829.84,4.57151699,0.00016137,0.00516399,0.00322749,0.04811783,0.05134533,858717173.11,114.7954
177,0.4846,2.1382,12.1221,159.83,35621722.74,3551026.63,164968969.95,248774691.04,413743660.99,65809.70,4.57011826,0.00016179,0.00517739,0.00323587,0.04803477,0.05127064,858864316.15,115.2610
178,0.4873,2.1380,12.0870,160.14,35627880.19,3551263.56,165021189.33,248788261.22,413809450.55,65789.57,4.56872000,0.00016221,0.00519086,0.00324429,0.04795186,0.05119615,859011439.05,115.7291
179,0.4901,2.1378,12.0518,160.44,35634037.13,3551500.43,165073392.19,248801827.80,413875219.99,65769.44,4.56732221,0.00016264,0.00520441,0.00325276,0.04786908,0.05112184,859158541.82,116.1999
180,0.4928,2.1376,12.0167,160.75,35640193.56,3551737.25,165125578.53,248815390.78,413940969.31,65749.32,4.56592489,0.00016306,0.00521804,0.00326128,0.04778644,0.05104772,859305624.48,116.6733
181,0.4956,2.1375,11.9815,161.05,35646349.47,3551974.01,165177748.36,248828950.15,414006698.52,65729.20,4.56452804,0.00016349,0.00523175,0.00326984,0.04770395,0.05097379,859452687.01,117.1495
182,0.4983,2.1373,11.9464,161.36,35652504.87,3552210.72,165229901.68,248842505.93,414072407.61,65709.10,4.56313166,0.00016392,0.00524554,0.00327846,0.04762159,0.05090005,859599729.44,117.6283
183,0.5010,2.1371,11.9112,161.66,35658659.75,3552447.37,165282038.50,248856058.10,414138096.61,65688.99,4.56173575,0.00016436,0.00525940,0.00328713,0.04753937,0.05082650,859746751.77,118.1099
184,0.5038,2.1369,11.8761,161.97,35664814.13,3552683.96,165334158.83,248869606.68,414203765.51,65668.90,4.56034032,0.00016479,0.00527335,0.00329584,0.04745729,0.05075314,859893754.00,118.5942
185,0.5065,2.1368,11.8410,162.28,35670967.98,3552920.49,165386262.66,248883151.66,414269414.32,65648.81,4.55894535,0.00016523,0.00528737,0.00330461,0.04737536,0.05067996,860040736.15,119.0814
186,0.5092,2.1366,11.8058,162.59,35677121.33,3553156.97,165438350.00,248896693.05,414335043.05,65628.73,4.55755085,0.00016567,0.00530148,0.00331342,0.04729356,0.05060698,860187698.22,119.5713
187,0.5120,2.1364,11.7707,162.90,35683274.16,3553393.39,165490420.86,248910230.85,414400651.71,65608.66,4.55615682,0.00016611,0.00531567,0.00332229,0.04721190,0.05053419,860334640.21,120.0640
188,0.5147,2.1362,11.7356,163.21,35689426.48,3553629.76,165542475.25,248923765.05,414466240.30,65588.59,4.55476326,0.00016656,0.00532994,0.00333121,0.04713037,0.05046159,860481562.13,120.5595
189,0.5175,2.1360,11.7005,163.52,35695578.28,3553866.07,165594513.16,248937295.67,414531808.83,65568.53,4.55337017,0.00016701,0.00534429,0.00334018,0.04704899,0.05038917,860628464.00,121.0580
190,0.5202,2.1359,11.6654,163.83,35701729.57,3554102.32,165646534.61,248950822.70,414597357.31,65548.48,4.55197755,0.00016746,0.00535873,0.00334921,0.04696774,0.05031695,860775345.81,121.5593
191,0.5229,2.1357,11.6303,164.14,35707880.35,3554338.51,165698539.60,248964346.14,414662885.74,65528.43,4.55058540,0.00016791,0.00537326,0.00335829,0.04688664,0.05024492,860922207.57,122.0635
192,0.5257,2.1355,11.5952,164.45,35714030.62,3554574.65,165750528.13,248977866.00,414728394.13,65508.39,4.54919371,0.00016837,0.00538787,0.00336742,0.04680567,0.05017308,861069049.29,122.5707
193,0.5284,2.1353,11.5602,164.76,35720180.37,3554810.74,165802500.21,248991382.27,414793882.48,65488.36,4.54780250,0.00016883,0.00540257,0.00337660,0.04672483,0.05010144,861215870.98,123.0808
194,0.5311,2.1352,11.5251,165.08,35726329.61,3555046.76,165854455.85,249004894.96,414859350.81,65468.33,4.54641175,0.00016929,0.00541735,0.00338585,0.04664414,0.05002998,861362672.64,123.5939
195,0.5339,2.1350,11.4900,165.39,35732478.33,3555282.73,165906395.05,249018404.08,414924799.12,65448.31,4.54502147,0.00016976,0.00543222,0.00339514,0.04656358,0.04995872,861509454.29,124.1100
196,0.5366,2.1348,11.4550,165.71,35738626.54,3555518.64,165958317.81,249031909.61,414990227.42,65428.30,4.54363166,0.00017022,0.00544719,0.00340449,0.04648316,0.04988765,861656215.91,124.6291
197,0.5394,2.1346,11.4199,166.02,35744774.24,3555754.50,166010224.14,249045411.57,415055635.71,65408.29,4.54224231,0.00017069,0.00546224,0.00341390,0.04640287,0.04981677,861802957.54,125.1513
198,0.5421,2.1344,11.3848,166.34,35750921.43,3555990.30,166062114.05,249058909.95,415121024.00,65388.29,4.54085343,0.00017117,0.00547738,0.00342336,0.04632272,0.04974608,861949679.16,125.6765
199,0.5448,2.1343,11.3498,166.65,35757068.10,3556226.05,166113987.54,249072404.75,415186392.29,65368.30,4.53946502,0.00017164,0.00549261,0.00343288,0.04624271,0.04967559,862096380.79,126.2049
200,0.5476,2.1341,11.3148,166.97,35763214.26,3556461.74,166165844.61,249085895.99,415251740.60,65348.31,4.53807708,0.00017212,0.00550794,0.00344246,0.04616283,0.04960529,862243062.43,126.7364
201,0.5503,2.1339,11.2797,167.29,35769359.91,3556697.37,166217685.28,249099383.65,415317068.93,65328.33,4.53668961,0.00017260,0.00552336,0.00345210,0.04608309,0.04953518,862389724.10,127.2710
202,0.5530,2.1337,11.2447,167.60,35775505.04,3556932.94,166269509.55,249112867.75,415382377.29,65308.36,4.53530260,0.00017309,0.00553887,0.00346179,0.04600348,0.04946527,862536365.79,127.8088
203,0.5558,2.1335,11.2097,167.92,35781649.66,3557168.46,166321317.41,249126348.27,415447665.68,65288.39,4.53391605,0.00017358,0.00555447,0.00347155,0.04592401,0.04939555,862682987.51,128.3498
204,0.5585,2.1334,11.1747,168.24,35787793.77,3557403.92,166373108.88,249139825.23,415512934.11,65268.43,4.53252998,0.00017407,0.00557018,0.00348136,0.04584467,0.04932603,862829589.28,128.8941
205,0.5613,2.1332,11.1397,168.56,35793937.37,3557639.33,166424883.97,249153298.63,415578182.59,65248.48,4.53114437,0.00017456,0.00558597,0.00349123,0.04576547,0.04925670,862976171.09,129.4416
206,0.5640,2.1330,11.1046,168.88,35800080.45,3557874.68,166476642.67,249166768.46,415643411.13,65228.53,4.52975922,0.00017506,0.00560187,0.00350117,0.04568640,0.04918757,863122732.96,129.9924
207,0.5667,2.1328,11.0696,169.20,35806223.02,3558109.98,166528384.99,249180234.73,415708619.72,65208.59,4.52837455,0.00017556,0.00561786,0.00351116,0.04560747,0.04911863,863269274.88,130.5465
208,0.5695,2.1327,11.0347,169.52,35812365.08,3558345.22,166580110.94,249193697.44,415773808.38,65188.66,4.52699033,0.00017606,0.00563396,0.00352122,0.04552867,0.04904989,863415796.88,131.1039
209,0.5722,2.1325,10.9997,169.85,35818506.62,3558580.40,166631820.53,249207156.59,415838977.11,65168.73,4.52560659,0.00017657,0.00565015,0.00353134,0.04545000,0.04898135,863562298.94,131.6647
210,0.5749,2.1323,10.9647,170.17,35824647.66,3558815.52,166683513.75,249220612.18,415904125.93,65148.82,4.52422331,0.00017708,0.00566644,0.00354153,0.04537147,0.04891300,863708781.09,132.2289
211,0.5777,2.1321,10.9297,170.49,35830788.18,3559050.59,166735190.61,249234064.22,415969254.83,65128.90,4.52284049,0.00017759,0.00568284,0.00355177,0.04529307,0.04884485,863855243.33,132.7966
212,0.5804,2.1319,10.8947,170.82,35836928.19,3559285.61,166786851.13,249247512.70,416034363.83,65109.00,4.52145814,0.00017810,0.00569934,0.00356209,0.04521481,0.04877689,864001685.66,133.3677
213,0.5832,2.1318,10.8598,171.14,35843067.68,3559520.57,166838495.29,249260957.63,416099452.93,65089.10,4.52007625,0.00017862,0.00571594,0.00357246,0.04513668,0.04870914,864148108.09,133.9422
214,0.5859,2.1316,10.8248,171.47,35849206.67,3559755.47,166890123.12,249274399.01,416164522.13,65069.21,4.51869483,0.00017915,0.00573265,0.00358290,0.04505868,0.04864158,864294510.63,134.5203
215,0.5886,2.1314,10.7899,171.79,35855345.14,3559990.31,166941734.61,249287836.84,416229571.45,65049.32,4.51731387,0.00017967,0.00574946,0.00359341,0.04498081,0.04857422,864440893.28,135.1019
216,0.5914,2.1312,10.7549,172.12,35861483.10,3560225.10,166993329.77,249301271.13,416294600.89,65029.44,4.51593338,0.00018020,0.00576638,0.00360399,0.04490307,0.04850706,864587256.06,135.6871
217,0.5941,2.1311,10.7200,172.45,35867620.54,3560459.84,167044908.60,249314701.86,416359610.46,65009.57,4.51455335,0.00018073,0.00578341,0.00361463,0.04482547,0.04844010,864733598.96,136.2759
218,0.5969,2.1309,10.6850,172.77,35873757.48,3560694.52,167096471.11,249328129.05,416424600.17,64989.70,4.51317378,0.00018127,0.00580054,0.00362534,0.04474800,0.04837334,864879921.99,136.8683
219,0.5996,2.1307,10.6501,173.10,35879893.90,3560929.14,167148017.31,249341552.70,416489570.01,64969.84,4.51179468,0.00018181,0.00581779,0.00363612,0.04467066,0.04830678,865026225.17,137.4644
220,0.6023,2.1305,10.6152,173.43,35886029.81,3561163.71,167199547.20,249354972.80,416554520.00,64949.99,4.51041604,0.00018235,0.00583515,0.00364697,0.04459345,0.04824042,865172508.50,138.0642
221,0.6051,2.1303,10.5803,173.76,35892165.21,3561398.22,167251060.78,249368389.37,416619450.14,64930.15,4.50903787,0.00018289,0.00585262,0.00365789,0.04451637,0.04817426,865318771.97,138.6677
222,0.6078,2.1302,10.5453,174.09,35898300.10,3561632.67,167302558.06,249381802.39,416684360.45,64910.31,4.50766015,0.00018344,0.00587020,0.00366888,0.04443943,0.04810830,865465015.61,139.2750
223,0.6105,2.1300,10.5104,174.42,35904434.47,3561867.07,167354039.04,249395211.88,416749250.92,64890.47,4.50628290,0.00018400,0.00588790,0.00367994,0.04436261,0.04804255,865611239.42,139.8861
224,0.6133,2.1298,10.4755,174.75,35910568.33,3562101.41,167405503.74,249408617.83,416814121.57,64870.65,4.50490612,0.00018455,0.00590571,0.00369107,0.04428593,0.04797699,865757443.40,140.5009
225,0.6160,2.1296,10.4406,175.09,35916701.68,3562335.70,167456952.15,249422020.25,416878972.40,64850.83,4.50352979,0.00018511,0.00592364,0.00370227,0.04420937,0.04791164,865903627.56,141.1197
226,0.6188,2.1295,10.4058,175.42,35922834.52,3562569.93,167508384.29,249435419.13,416943803.42,64831.02,4.50215393,0.00018568,0.00594168,0.00371355,0.04413295,0.04784650,866049791.91,141.7423
227,0.6215,2.1293,10.3709,175.75,35928966.85,3562804.11,167559800.14,249448814.49,417008614.63,64811.21,4.50077853,0.00018625,0.00595985,0.00372490,0.04405665,0.04778156,866195936.46,142.3689
228,0.6242,2.1291,10.3360,176.09,35935098.67,3563038.23,167611199.73,249462206.31,417073406.04,64791.41,4.49940360,0.00018682,0.00597813,0.00373633,0.04398049,0.04771682,866342061.20,142.9994
229,0.6270,2.1289,10.3011,176.42,35941229.97,3563272.30,167662583.06,249475594.60,417138177.66,64771.62,4.49802912,0.00018739,0.00599654,0.00374784,0.04390445,0.04765229,866488166.16,143.6339
230,0.6297,2.1287,10.2662,176.76,35947360.76,3563506.31,167713950.12,249488979.37,417202929.49,64751.83,4.49665511,0.00018797,0.00601507,0.00375942,0.04382854,0.04758796,866634251.32,144.2725
231,0.6324,2.1286,10.2314,177.09,35953491.04,3563740.26,167765300.94,249502360.61,417267661.55,64732.05,4.49528156,0.00018855,0.00603372,0.00377107,0.04375277,0.04752384,866780316.71,144.9151
232,0.6352,2.1284,10.1965,177.43,35959620.81,3563974.16,167816635.50,249515738.33,417332373.83,64712.28,4.49390847,0.00018914,0.00605249,0.00378281,0.04367712,0.04745993,866926362.33,145.5618
233,0.6379,2.1282,10.1617,177.77,35965750.07,3564208.00,167867953.82,249529112.52,417397066.35,64692.52,4.49253584,0.00018973,0.00607140,0.00379462,0.04360160,0.04739622,867072388.18,146.2127
234,0.6407,2.1280,10.1268,178.10,35971878.82,3564441.79,167919255.91,249542483.20,417461739.10,64672.76,4.49116367,0.00019033,0.00609043,0.00380652,0.04352621,0.04733272,867218394.27,146.8677
235,0.6434,2.1279,10.0920,178.44,35978007.05,3564675.52,167970541.76,249555850.35,417526392.11,64653.00,4.48979196,0.00019092,0.00610958,0.00381849,0.04345094,0.04726943,867364380.60,147.5270
236,0.6461,2.1277,10.0572,178.78,35984134.77,3564909.19,168021811.38,249569213.99,417591025.37,64633.26,4.48842072,0.00019153,0.00612887,0.00383054,0.04337581,0.04720635,867510347.20,148.1905
237,0.6489,2.1275,10.0223,179.12,35990261.99,3565142.81,168073064.78,249582574.11,417655638.88,64613.52,4.48704993,0.00019213,0.00614829,0.00384268,0.04330080,0.04714348,867656294.05,148.8583
238,0.6516,2.1273,9.9875,179.46,35996388.69,3565376.38,168124301.96,249595930.71,417720232.67,64593.79,4.48567960,0.00019275,0.00616784,0.00385490,0.04322592,0.04708082,867802221.17,149.5304
239,0.6543,2.1271,9.9527,179.80,36002514.88,3565609.89,168175522.93,249609283.81,417784806.73,64574.06,4.48430974,0.00019336,0.00618753,0.00386720,0.04315116,0.04701837,867948128.56,150.2069
240,0.6571,2.1270,9.9179,180.15,36008640.55,3565843.34,168226727.69,249622633.38,417849361.07,64554.34,4.48294033,0.00019398,0.00620735,0.00387959,0.04307654,0.04695613,868094016.23,150.8878
241,0.6598,2.1268,9.8831,180.49,36014765.72,3566076.74,168277916.25,249635979.45,417913895.70,64534.63,4.48157139,0.00019460,0.00622731,0.00389207,0.04300204,0.04689410,868156550.86,151.5731
242,0.6626,2.1266,9.8483,180.83,36020890.38,3566310.08,168329088.61,249649322.01,417978410.62,64514.92,4.48020290,0.00019523,0.00624740,0.00390463,0.04292354,0.04682817,868219065.78,152.2763
243,0.6653,2.1264,9.8135,181.18,36027014.52,3566543.37,168380244.78,249662661.07,418042905.84,64495.22,4.47883487,0.00019586,0.00626764,0.00391727,0.04284519,0.04676247,868281561.01,152.9842
244,0.6680,2.1263,9.7787,181.52,36033138.16,3566776.60,168431384.76,249675996.61,418107381.37,64475.53,4.47746731,0.00019650,0.00628801,0.00393001,0.04276698,0.04669699,868344036.54,153.6967
245,0.6708,2.1261,9.7439,181.86,36039261.28,3567009.78,168482508.56,249689328.65,418171837.22,64455.84,4.47610020,0.00019714,0.00630853,0.00394283,0.04268892,0.04663175,868406492.38,154.4140
246,0.6735,2.1259,9.7092,182.21,36045383.89,3567242.90,168533616.19,249702657.19,418236273.38,64436.16,4.47473355,0.00019779,0.00632919,0.00395574,0.04261099,0.04656674,868468928.54,155.1360
247,0.6762,2.1257,9.6744,182.56,36051505.99,3567475.97,168584707.64,249715982.23,418300689.87,64416.49,4.47336736,0.00019844,0.00635000,0.00396875,0.04253321,0.04650196,868531345.03,155.8629
248,0.6790,2.1256,9.6396,182.90,36057627.58,3567708.98,168635782.93,249729303.77,418365086.69,64396.82,4.47200163,0.00019909,0.00637095,0.00398185,0.04245556,0.04643741,868593741.86,156.5946
249,0.6817,2.1254,9.6049,183.25,36063748.66,3567941.94,168686842.05,249742621.81,418429463.86,64377.16,4.47063635,0.00019975,0.00639206,0.00399504,0.04237806,0.04637309,868656119.02,157.3312
250,0.6845,2.1252,9.5701,183.60,36069869.23,3568174.84,168737885.02,249755936.35,418493821.37,64357.51,4.46927154,0.00020042,0.00641331,0.00400832,0.04230069,0.04630901,868718476.53,158.0727
251,0.6872,2.1250,9.5354,183.95,36075989.29,3568407.68,168788911.84,249769247.39,418558159.23,64337.86,4.46790718,0.00020108,0.00643472,0.00402170,0.04222347,0.04624517,868780814.39,158.8193
252,0.6899,2.1248,9.5006,184.30,36082108.84,3568640.47,168839922.51,249782554.94,418622477.45,64318.22,4.46654328,0.00020176,0.00645627,0.00403517,0.04214639,0.04618156,868843132.62,159.5709
253,0.6927,2.1247,9.4659,184.65,36088227.87,3568873.21,168890917.04,249795859.00,418686776.04,64298.59,4.46517984,0.00020244,0.00647799,0.00404874,0.04206944,0.04611818,868905431.21,160.3275
254,0.6954,2.1245,9.4312,185.00,36094346.40,3569105.89,168941895.43,249809159.57,418751055.01,64278.96,4.46381685,0.00020312,0.00649986,0.00406241,0.04199264,0.04605505,868967710.17,161.0893
255,0.6982,2.1243,9.3964,185.35,36100464.41,3569338.51,168992857.70,249822456.65,418815314.35,64259.34,4.46245432,0.00020381,0.00652188,0.00407618,0.04191597,0.04599215,869029969.51,161.8563
256,0.7009,2.1241,9.3617,185.70,36106581.92,3569571.08,169043803.84,249835750.24,418879554.08,64239.73,4.46109225,0.00020450,0.00654407,0.00409005,0.04183945,0.04592949,869092209.24,162.6285
257,0.7036,2.1240,9.3270,186.06,36112698.91,3569803.60,169094733.86,249849040.34,418943774.20,64220.12,4.45973064,0.00020520,0.00656642,0.00410401,0.04176306,0.04586707,869154429.36,163.4060
258,0.7064,2.1238,9.2923,186.41,36118815.40,3570036.06,169145647.76,249862326.96,419007974.72,64200.52,4.45836949,0.00020590,0.00658894,0.00411809,0.04168681,0.04580489,869216629.88,164.1889
259,0.7091,2.1236,9.2576,186.76,36124931.37,3570268.46,169196545.55,249875610.09,419072155.64,64180.93,4.45700879,0.00020661,0.00661162,0.00413226,0.04161070,0.04574296,869278810.81,164.9771
260,0.7118,2.1234,9.2229,187.12,36131046.83,3570500.81,169247427.24,249888889.74,419136316.98,64161.34,4.45564854,0.00020733,0.00663446,0.00414654,0.04153472,0.04568126,869340972.15,165.7707
261,0.7146,2.1232,9.1882,187.48,36137161.79,3570733.11,169298292.83,249902165.91,419200458.74,64141.76,4.45428876,0.00020805,0.00665748,0.00416092,0.04145889,0.04561981,869403113.90,166.5699
262,0.7173,2.1231,9.1535,187.83,36143276.23,3570965.35,169349142.32,249915438.60,419264580.93,64122.18,4.45292942,0.00020877,0.00668066,0.00417541,0.04138319,0.04555860,869465236.09,167.3746
263,0.7201,2.1229,9.1189,188.19,36149390.16,3571197.53,169399975.72,249928707.82,419328683.54,64102.62,4.45157055,0.00020950,0.00670402,0.00419001,0.04130762,0.04549764,869527338.70,168.1849
264,0.7228,2.1227,9.0842,188.55,36155503.58,3571429.67,169450793.04,249941973.55,419392766.60,64083.05,4.45021213,0.00021024,0.00672756,0.00420472,0.04123220,0.04543692,869589421.76,169.0008
265,0.7255,2.1225,9.0495,188.90,36161616.49,3571661.74,169501594.28,249955235.82,419456830.10,64063.50,4.44885417,0.00021098,0.00675127,0.00421954,0.04115691,0.04537645,869651485.26,169.8224
266,0.7283,2.1224,9.0149,189.26,36167728.90,3571893.76,169552379.44,249968494.60,419520874.05,64043.95,4.44749666,0.00021172,0.00677516,0.00423447,0.04108176,0.04531623,869713529.21,170.6498
267,0.7310,2.1222,8.9802,189.62,36173840.79,3572125.73,169603148.54,249981749.92,419584898.46,64024.41,4.44613961,0.00021248,0.00679923,0.00424952,0.04100674,0.04525626,869775553.62,171.4830
268,0.7337,2.1220,8.9456,189.98,36179952.17,3572357.64,169653901.57,249995001.77,419648903.33,64004.88,4.44478301,0.00021323,0.00682348,0.00426468,0.04093186,0.04519654,869837558.50,172.3221
269,0.7365,2.1218,8.9109,190.35,36186063.04,3572589.49,169704638.54,250008250.14,419712888.68,63985.35,4.44342687,0.00021400,0.00684792,0.00427995,0.04085712,0.04513707,869899543.84,173.1672
270,0.7392,2.1217,8.8763,190.71,36192173.40,3572821.29,169755359.45,250021495.05,419776854.51,63965.82,4.44207118,0.00021477,0.00687254,0.00429534,0.04078251,0.04507785,869961509.67,174.0182
271,0.7420,2.1215,8.8416,191.07,36198283.25,3573053.04,169806064.32,250034736.49,419840800.81,63946.31,4.44071594,0.00021554,0.00689736,0.00431085,0.04070803,0.04501888,870023455.98,174.8752
272,0.7447,2.1213,8.8070,191.43,36204392.60,3573284.73,169856753.14,250047974.47,419904727.62,63926.80,4.43936116,0.00021632,0.00692236,0.00432648,0.04063369,0.04496017,870085382.78,175.7384
273,0.7474,2.1211,8.7724,191.80,36210501.43,3573516.37,169907425.93,250061208.99,419968634.91,63907.30,4.43800684,0.00021711,0.00694756,0.00434223,0.04055949,0.04490172,870147290.08,176.6078
274,0.7502,2.1209,8.7378,192.16,36216609.75,3573747.95,169958082.68,250074440.04,420032522.72,63887.80,4.43665297,0.00021790,0.00697296,0.00435810,0.04048542,0.04484352,870209177.88,177.4834
275,0.7529,2.1208,8.7032,192.53,36222717.56,3573979.48,170008723.40,250087667.63,420096391.03,63868.31,4.43529955,0.00021870,0.00699855,0.00437409,0.04041148,0.04478558,870271046.19,178.3652
276,0.7556,2.1206,8.6686,192.89,36228824.87,3574210.95,170059348.09,250100891.77,420160239.86,63848.83,4.43394659,0.00021951,0.00702434,0.00439022,0.04033768,0.04472790,870332895.02,179.2535
277,0.7584,2.1204,8.6340,193.26,36234931.66,3574442.37,170109956.77,250114112.44,420224069.22,63829.35,4.43259408,0.00022032,0.00705034,0.00440646,0.04026401,0.04467047,870394724.38,180.1482
278,0.7611,2.1202,8.5994,193.63,36241037.95,3574673.73,170160549.44,250127329.66,420287879.10,63809.89,4.43124202,0.00022114,0.00707654,0.00442284,0.04019048,0.04461332,870456534.26,181.0493
279,0.7639,2.1201,8.5648,193.99,36247143.72,3574905.04,170211126.09,250140543.43,420351669.52,63790.42,4.42989042,0.00022197,0.00710295,0.00443935,0.04011707,0.04455642,870518324.69,181.9570
280,0.7666,2.1199,8.5302,194.36,36253248.98,3575136.30,170261686.75,250153753.74,420415440.49,63770.97,4.42853927,0.00022280,0.00712957,0.00445598,0.04004381,0.04449979,870580095.65,182.8714
281,0.7693,2.1197,8.4956,194.73,36259353.74,3575367.50,170312231.40,250166960.60,420479192.00,63751.52,4.42718857,0.00022364,0.00715640,0.00447275,0.03997067,0.04444342,870641847.17,183.7924
282,0.7721,2.1195,8.4611,195.10,36265457.99,3575598.64,170362760.06,250180164.02,420542924.08,63732.07,4.42583832,0.00022448,0.00718345,0.00448966,0.03989766,0.04438732,870703579.24,184.7202
283,0.7748,2.1194,8.4265,195.47,36271561.72,3575829.73,170413272.73,250193363.98,420606636.71,63712.63,4.42448853,0.00022533,0.00721072,0.00450670,0.03982479,0.04433149,870765291.87,185.6548
284,0.7775,2.1192,8.3919,195.85,36277664.95,3576060.77,170463769.42,250206560.49,420670329.91,63693.20,4.42313919,0.00022619,0.00723820,0.00452388,0.03975205,0.04427593,870826985.08,186.5964
285,0.7803,2.1190,8.3574,196.22,36283767.67,3576291.75,170514250.13,250219753.56,420734003.70,63673.78,4.42179030,0.00022706,0.00726591,0.00454119,0.03967945,0.04422064,870888658.86,187.5449
286,0.7830,2.1188,8.3228,196.59,36289869.88,3576522.68,170564714.87,250232943.19,420797658.06,63654.36,4.42044187,0.00022793,0.00729384,0.00455865,0.03960697,0.04416562,870950313.22,188.5004
287,0.7858,2.1186,8.2883,196.96,36295971.58,3576753.55,170615163.64,250246129.37,420861293.01,63634.95,4.41909388,0.00022881,0.00732201,0.00457625,0.03953462,0.04411088,871011948.17,189.4631
288,0.7885,2.1185,8.2538,197.34,36302072.77,3576984.37,170665596.44,250259312.11,420924908.56,63615.55,4.41774635,0.00022970,0.00735040,0.00459400,0.03946241,0.04405641,871073563.72,190.4330
289,0.7912,2.1183,8.2192,197.71,36308173.45,3577215.14,170716013.29,250272491.41,420988504.71,63596.15,4.41639927,0.00023059,0.00737903,0.00461189,0.03939033,0.04400222,871135159.87,191.4101
290,0.7940,2.1181,8.1847,198.09,36314273.62,3577445.85,170766414.19,250285667.28,421052081.46,63576.76,4.41505264,0.00023150,0.00740789,0.00462993,0.03931838,0.04394831,871196736.63,192.3946
291,0.7967,2.1179,8.1502,198.47,36320373.28,3577676.50,170816799.14,250298839.70,421115638.84,63557.37,4.41370646,0.00023241,0.00743700,0.00464813,0.03924655,0.04389468,871258294.00,193.3865
292,0.7995,2.1178,8.1157,198.84,36326472.44,3577907.10,170867168.14,250312008.69,421179176.83,63537.99,4.41236073,0.00023332,0.00746635,0.00466647,0.03917486,0.04384133,871319831.99,194.3859
293,0.8022,2.1176,8.0812,199.22,36332571.08,3578137.65,170917521.21,250325174.25,421242695.45,63518.62,4.41101545,0.00023425,0.00749594,0.00468497,0.03910330,0.04378826,871381350.62,195.3929
294,0.8049,2.1174,8.0467,199.60,36338669.22,3578368.14,170967858.34,250338336.37,421306194.71,63499.26,4.40967062,0.00023518,0.00752579,0.00470362,0.03903187,0.04373548,871442849.87,196.4076
295,0.8077,2.1172,8.0122,199.98,36344766.85,3578598.58,171018179.55,250351495.06,421369674.61,63479.90,4.40832625,0.00023612,0.00755589,0.00472243,0.03896056,0.04368299,871504329.77,197.4300
296,0.8104,2.1171,7.9777,200.36,36350863.96,3578828.97,171068484.83,250364650.33,421433135.15,63460.55,4.40698232,0.00023707,0.00758624,0.00474140,0.03888939,0.04363079,871565790.32,198.4603
297,0.8131,2.1169,7.9432,200.74,36356960.57,3579059.30,171118774.19,250377802.16,421496576.35,63441.20,4.40563885,0.00023803,0.00761685,0.00476053,0.03881835,0.04357888,871627231.52,199.4985
298,0.8159,2.1167,7.9087,201.12,36363056.68,3579289.57,171169047.65,250390950.57,421559998.21,63421.86,4.40429582,0.00023899,0.00764772,0.00477983,0.03874743,0.04352726,871688653.38,200.5446
299,0.8186,2.1165,7.8743,201.50,36369152.27,3579519.80,171219305.19,250404095.55,421623400.74,63402.53,4.40295324,0.00023996,0.00767886,0.00479929,0.03867664,0.04347593,871750055.90,201.5989
300,0.8214,2.1163,7.8398,201.89,36375247.35,3579749.96,171269546.84,250417237.10,421686783.94,63383.20,4.40161111,0.00024095,0.00771027,0.00481892,0.03860598,0.04342490,871811439.10,202.6613
301,0.8241,2.1162,7.8053,202.27,36381341.93,3579980.08,171319772.58,250430375.24,421750147.82,63363.88,4.40026944,0.00024194,0.00774195,0.00483872,0.03853545,0.04337417,871872802.98,203.7321
302,0.8268,2.1160,7.7709,202.66,36387435.99,3580210.14,171369982.43,250443509.95,421813492.39,63344.57,4.39892821,0.00024293,0.00777391,0.00485869,0.03846505,0.04332374,871934147.55,204.8111
303,0.8296,2.1158,7.7364,203.04,36393529.55,3580440.14,171420176.40,250456641.25,421876817.65,63325.26,4.39758743,0.00024394,0.00780614,0.00487884,0.03839477,0.04327361,871995472.81,205.8987
304,0.8323,2.1156,7.7020,203.43,36399622.60,3580670.09,171470354.48,250469769.12,421940123.60,63305.96,4.39624710,0.00024496,0.00783866,0.00489916,0.03832462,0.04322379,872056778.77,206.9948
305,0.8350,2.1155,7.6675,203.81,36405715.14,3580899.99,171520516.69,250482893.58,422003410.27,63286.66,4.39490722,0.00024598,0.00787147,0.00491967,0.03825460,0.04317427,872118065.43,208.0995
306,0.8378,2.1153,7.6331,204.20,36411807.17,3581129.83,171570663.02,250496014.62,422066677.64,63267.38,4.39356778,0.00024702,0.00790457,0.00494035,0.03818471,0.04312506,872179332.81,209.2129
307,0.8405,2.1151,7.5987,204.59,36417898.70,3581359.62,171620793.49,250509132.25,422129925.74,63248.09,4.39222880,0.00024806,0.00793796,0.00496122,0.03811494,0.04307616,872240580.90,210.3352
308,0.8433,2.1149,7.5643,204.98,36423989.71,3581589.36,171670908.09,250522246.47,422193154.56,63228.82,4.39089026,0.00024911,0.00797165,0.00498228,0.03804530,0.04302758,872301809.72,211.4665
309,0.8460,2.1148,7.5299,205.37,36430080.22,3581819.04,171721006.83,250535357.27,422256364.11,63209.55,4.38955217,0.00025018,0.00800564,0.00500353,0.03797578,0.04297931,872363019.27,212.6068
310,0.8487,2.1146,7.4954,205.76,36436170.22,3582048.67,171771089.73,250548464.67,422319554.40,63190.29,4.38821453,0.00025125,0.00803994,0.00502497,0.03790639,0.04293136,872424209.56,213.7562
311,0.8515,2.1144,7.4610,206.15,36442259.71,3582278.24,171821156.77,250561568.66,422382725.43,63171.03,4.38687734,0.00025233,0.00807456,0.00504660,0.03783713,0.04288373,872485380.60,214.9148
312,0.8542,2.1142,7.4266,206.54,36448348.70,3582507.76,171871207.98,250574669.24,422445877.22,63151.78,4.38554059,0.00025342,0.00810948,0.00506843,0.03776799,0.04283642,872546532.38,216.0828
313,0.8569,2.1141,7.3922,206.93,36454437.17,3582737.22,171921243.35,250587766.41,422509009.76,63132.54,4.38420429,0.00025452,0.00814473,0.00509046,0.03769898,0.04278944,872607664.92,217.2603
314,0.8597,2.1139,7.3579,207.33,36460525.14,3582966.64,171971262.88,250600860.18,422572123.06,63113.31,4.38286844,0.00025563,0.00818030,0.00511269,0.03763009,0.04274278,872668778.23,218.4474
315,0.8624,2.1137,7.3235,207.72,36466612.60,3583195.99,172021266.59,250613950.55,422635217.14,63094.08,4.38153304,0.00025676,0.00821620,0.00513513,0.03756133,0.04269646,872729872.30,219.6441
316,0.8652,2.1135,7.2891,208.12,36472699.55,3583425.30,172071254.47,250627037.52,422698291.99,63074.85,4.38019808,0.00025789,0.00825243,0.00515777,0.03749269,0.04265046,872790947.16,220.8506
317,0.8679,2.1133,7.2547,208.51,36478785.99,3583654.55,172121226.54,250640121.09,422761347.63,63055.64,4.37886357,0.00025903,0.00828900,0.00518063,0.03742418,0.04260481,872852002.79,222.0670
318,0.8706,2.1132,7.2204,208.91,36484871.93,3583883.74,172171182.79,250653201.26,422824384.05,63036.42,4.37752950,0.00026018,0.00832592,0.00520370,0.03735579,0.04255949,872913039.22,223.2934
319,0.8734,2.1130,7.1860,209.30,36490957.35,3584112.89,172221123.24,250666278.03,422887401.27,63017.22,4.37619588,0.00026135,0.00836318,0.00522699,0.03728752,0.04251451,872974056.44,224.5300
320,0.8761,2.1128,7.1517,209.70,36497042.27,3584341.98,172271047.89,250679351.41,422950399.30,62998.02,4.37486271,0.00026252,0.00840079,0.00525049,0.03721938,0.04246988,873035054.46,225.7768
321,0.8789,2.1126,7.1173,210.10,36503126.69,3584571.01,172320956.74,250692421.39,423013378.13,62978.83,4.37352999,0.00026371,0.00843876,0.00527422,0.03715136,0.04242559,873096033.29,227.0340
322,0.8816,2.1125,7.0830,210.50,36509210.59,3584799.99,172370849.79,250705487.98,423076337.78,62959.65,4.37219771,0.00026491,0.00847709,0.00529818,0.03708347,0.04238165,873156992.94,228.3017
323,0.8843,2.1123,7.0486,210.90,36515293.99,3585028.92,172420727.06,250718551.18,423139278.24,62940.47,4.37086587,0.00026612,0.00851579,0.00532237,0.03701570,0.04233807,873217933.41,229.5800
324,0.8871,2.1121,7.0143,211.30,36521376.87,3585257.80,172470588.55,250731610.99,423202199.54,62921.30,4.36953448,0.00026734,0.00855486,0.00534679,0.03694805,0.04229484,873278854.70,230.8691
325,0.8898,2.1119,6.9800,211.70,36527459.26,3585486.62,172520434.26,250744667.41,423265101.67,62902.13,4.36820354,0.00026857,0.00859431,0.00537144,0.03688052,0.04225197,873339756.83,232.1691
326,0.8925,2.1118,6.9457,212.11,36533541.13,3585715.38,172570264.20,250757720.45,423327984.64,62882.97,4.36687304,0.00026982,0.00863414,0.00539634,0.03681312,0.04220946,873400639.81,233.4800
327,0.8953,2.1116,6.9114,212.51,36539622.49,3585944.10,172620078.37,250770770.09,423390848.46,62863.82,4.36554299,0.00027107,0.00867437,0.00542148,0.03674584,0.04216732,873461503.62,234.8022
328,0.8980,2.1114,6.8770,212.91,36545703.35,3586172.76,172669876.78,250783816.36,423453693.13,62844.67,4.36421338,0.00027234,0.00871499,0.00544687,0.03667868,0.04212555,873522348.30,236.1356
329,0.9008,2.1112,6.8427,213.32,36551783.70,3586401.36,172719659.43,250796859.24,423516518.67,62825.53,4.36288421,0.00027363,0.00875601,0.00547250,0.03661164,0.04208414,873583173.83,237.4804
330,0.9035,2.1111,6.8084,213.72,36557863.55,3586629.92,172769426.32,250809898.74,423579325.07,62806.40,4.36155549,0.00027492,0.00879743,0.00549839,0.03654472,0.04204312,873643980.23,238.8368
331,0.9062,2.1109,6.7742,214.13,36563942.88,3586858.42,172819177.48,250822934.86,423642112.34,62787.27,4.36022722,0.00027623,0.00883927,0.00552454,0.03647793,0.04200247,873704767.50,240.2049
332,0.9090,2.1107,6.7399,214.54,36570021.71,3587086.86,172868912.88,250835967.61,423704880.49,62768.15,4.35889938,0.00027755,0.00888153,0.00555096,0.03641126,0.04196221,873765535.65,241.5848
333,0.9117,2.1105,6.7056,214.94,36576100.04,3587315.25,172918632.56,250848996.97,423767629.53,62749.04,4.35757200,0.00027888,0.00892421,0.00557763,0.03634470,0.04192234,873826284.69,242.9767
334,0.9144,2.1104,6.6713,215.35,36582177.85,3587543.59,172968336.49,250862022.96,423830359.46,62729.93,4.35624505,0.00028023,0.00896733,0.00560458,0.03627827,0.04188285,873887014.62,244.3808
335,0.9172,2.1102,6.6371,215.76,36588255.16,3587771.88,173018024.71,250875045.58,423893070.28,62710.83,4.35491855,0.00028159,0.00901088,0.00563180,0.03621196,0.04184376,873947725.44,245.7971
336,0.9199,2.1100,6.6028,216.17,36594331.96,3588000.11,173067697.19,250888064.82,423955762.01,62691.73,4.35359249,0.00028297,0.00905488,0.00565930,0.03614577,0.04180507,874008417.18,247.2260
337,0.9227,2.1098,6.5685,216.58,36600408.25,3588228.29,173117353.97,250901080.69,424018434.66,62672.64,4.35226688,0.00028435,0.00909933,0.00568708,0.03607970,0.04176678,874069089.82,248.6674
338,0.9254,2.1096,6.5343,216.99,36606484.04,3588456.42,173166995.03,250914093.19,424081088.22,62653.56,4.35094171,0.00028576,0.00914424,0.00571515,0.03601374,0.04172890,874129743.38,250.1216
339,0.9281,2.1095,6.5000,217.41,36612559.32,3588684.49,173216620.38,250927102.33,424143722.70,62634.48,4.34961698,0.00028718,0.00918962,0.00574351,0.03594791,0.04169142,874190377.87,251.5887
340,0.9309,2.1093,6.4658,217.82,36618634.09,3588912.51,173266230.03,250940108.09,424206338.12,62615.41,4.34829270,0.00028861,0.00923547,0.00577217,0.03588220,0.04165437,874250993.28,253.0689
341,0.9336,2.1091,6.4316,218.23,36624708.35,3589140.47,173315823.98,250953110.49,424268934.47,62596.35,4.34696886,0.00029006,0.00928180,0.00580113,0.03581661,0.04161773,874311589.63,254.5623
342,0.9363,2.1089,6.3973,218.65,36630782.11,3589368.38,173365402.24,250966109.53,424331511.76,62577.29,4.34564546,0.00029152,0.00932862,0.00583039,0.03575113,0.04158152,874372166.93,256.0692
343,0.9391,2.1088,6.3631,219.06,36636855.36,3589596.24,173414964.81,250979105.20,424394070.01,62558.24,4.34432250,0.00029300,0.00937594,0.00585996,0.03568578,0.04154574,874432725.17,257.5897
344,0.9418,2.1086,6.3289,219.48,36642928.11,3589824.05,173464511.70,250992097.51,424456609.21,62539.20,4.34299998,0.00029449,0.00942376,0.00588985,0.03562054,0.04151039,874493264.37,259.1239
345,0.9446,2.1084,6.2947,219.90,36649000.35,3590051.80,173514042.91,251005086.46,424519129.37,62520.16,4.34167791,0.00029600,0.00947209,0.00592006,0.03555542,0.04147548,874553784.53,260.6722
346,0.9473,2.1082,6.2605,220.32,36655072.08,3590279.50,173563558.45,251018072.05,424581630.50,62501.13,4.34035628,0.00029753,0.00952094,0.00595059,0.03549042,0.04144101,874614285.66,262.2345
347,0.9500,2.1081,6.2263,220.74,36661143.30,3590507.15,173613058.32,251031054.29,424644112.60,62482.11,4.33903509,0.00029907,0.00957032,0.00598145,0.03542554,0.04140699,874674767.77,263.8112
348,0.9528,2.1079,6.1921,221.15,36667214.02,3590734.74,173662542.52,251044033.17,424706575.69,62463.09,4.33771434,0.00030063,0.00962024,0.00601265,0.03536077,0.04137342,874735230.85,265.4024
349,0.9555,2.1077,6.1579,221.58,36673284.23,3590962.28,173712011.07,251057008.69,424769019.76,62444.07,4.33639403,0.00030221,0.00967071,0.00604419,0.03529612,0.04134032,874795674.93,267.0084
350,0.9582,2.1075,6.1237,222.00,36679353.94,3591189.77,173761463.97,251069980.86,424831444.83,62425.07,4.33507416,0.00030380,0.00972173,0.00607608,0.03523159,0.04130768,874856100.00,268.6292
351,0.9610,2.1074,6.0895,222.42,36685423.14,3591417.20,173810901.22,251082949.68,424893850.90,62406.07,4.33375474,0.00030542,0.00977332,0.00610832,0.03516718,0.04127550,874916506.06,270.2651
352,0.9637,2.1072,6.0554,222.84,36691491.83,3591644.58,173860322.82,251095915.15,424956237.98,62387.07,4.33243575,0.00030705,0.00982548,0.00614092,0.03510288,0.04124381,874976893.14,271.9163
353,0.9665,2.1070,6.0212,223.26,36697560.01,3591871.91,173909728.79,251108877.27,425018606.06,62368.09,4.33111721,0.00030869,0.00987822,0.00617389,0.03503870,0.04121259,875037261.23,273.5831
354,0.9692,2.1068,5.9870,223.69,36703627.69,3592099.18,173959119.13,251121836.04,425080955.17,62349.11,4.32979910,0.00031036,0.00993156,0.00620723,0.03497464,0.04118186,875097610.33,275.2655
355,0.9719,2.1067,5.9529,224.11,36709694.87,3592326.40,174008493.83,251134791.47,425143285.30,62330.13,4.32848144,0.00031205,0.00998550,0.00624094,0.03491069,0.04115163,875157940.47,276.9639
356,0.9747,2.1065,5.9187,224.54,36715761.53,3592553.57,174057852.92,251147743.55,425205596.47,62311.16,4.32716422,0.00031375,0.01004006,0.00627504,0.03484686,0.04112190,875218251.63,278.6785
357,0.9774,2.1063,5.8846,224.97,36721827.69,3592780.69,174107196.38,251160692.29,425267888.67,62292.20,4.32584743,0.00031548,0.01009524,0.00630952,0.03478314,0.04109267,875278543.83,280.4094
358,0.9802,2.1061,5.8505,225.39,36727893.35,3593007.75,174156524.23,251173637.69,425330161.92,62273.25,4.32453109,0.00031722,0.01015106,0.00634441,0.03471954,0.04106395,875338817.08,282.1569
359,0.9829,2.1060,5.8163,225.82,36733958.50,3593234.76,174205836.48,251186579.74,425392416.22,62254.30,4.32321518,0.00031898,0.01020752,0.00637970,0.03465606,0.04103576,875399071.38,283.9213
360,0.9856,2.1058,5.7822,226.25,36740023.14,3593461.72,174255133.12,251199518.46,425454651.57,62235.36,4.32189972,0.00032077,0.01026464,0.00641540,0.03459269,0.04100809,875459306.74,285.7027
361,0.9884,2.1056,5.7481,226.68,36746087.27,3593688.62,174304414.16,251212453.84,425516867.99,62216.42,4.32058469,0.00032258,0.01032242,0.00645152,0.03452943,0.04098095,875519523.16,287.5014
362,0.9911,2.1054,5.7140,227.11,36752150.90,3593915.47,174353679.61,251225385.88,425579065.48,62197.49,4.31927011,0.00032440,0.01038089,0.00648806,0.03446629,0.04095435,875579720.65,289.3176
363,0.9938,2.1053,5.6799,227.55,36758214.03,3594142.27,174402929.46,251238314.58,425641244.05,62178.57,4.31795596,0.00032625,0.01044006,0.00652504,0.03440327,0.04092830,875639899.21,291.1517
364,0.9966,2.1051,5.6458,227.98,36764276.65,3594369.02,174452163.74,251251239.96,425703403.70,62159.65,4.31664225,0.00032812,0.01049992,0.00656245,0.03434036,0.04090281,875700058.86,293.0038
365,0.9993,2.1049,5.6117,228.41,36770338.76,3594595.71,174501382.44,251264162.00,425765544.43,62140.74,4.31532898,0.00033002,0.01056051,0.00660032,0.03427756,0.04087788,875760199.60,294.8742
366,1.0021,2.1047,5.6112,228.85,36776400.36,3594822.35,174550585.56,251277080.71,425827666.27,62121.83,4.31401615,0.00032994,0.01055818,0.00659886,0.03421488,0.04081374,875820321.43,295.2724
367,1.0048,2.1045,5.6107,229.28,36782461.46,3595048.93,174599773.11,251289996.09,425889769.20,62102.93,4.31270376,0.00032987,0.01055585,0.00659740,0.03415231,0.04074971,875880424.36,295.6710
368,1.0075,2.1044,5.6103,229.72,36788522.06,3595275.47,174648945.10,251302908.14,425951853.24,62084.04,4.31139180,0.00032980,0.01055352,0.00659595,0.03408985,0.04068580,875940508.41,296.0701
369,1.0103,2.1042,5.6098,230.15,36794582.15,3595501.95,174698101.53,251315816.87,426013918.40,62065.16,4.31008028,0.00032972,0.01055119,0.00659449,0.03402751,0.04062200,876000573.56,296.4696
370,1.0130,2.1040,5.6093,230.59,36800641.73,3595728.38,174747242.41,251328722.27,426075964.68,62046.28,4.30876920,0.00032965,0.01054886,0.00659304,0.03396528,0.04055832,876060619.84,296.8696
371,1.0157,2.1038,5.6089,231.03,36806700.81,3595954.75,174796367.74,251341624.34,426137992.08,62027.40,4.30745856,0.00032958,0.01054653,0.00659158,0.03390317,0.04049475,876120647.24,297.2700
372,1.0185,2.1037,5.6084,231.47,36812759.38,3596181.08,174845477.52,251354523.10,426200000.61,62008.54,4.30614835,0.00032951,0.01054420,0.00659013,0.03384116,0.04043129,876180655.78,297.6709
373,1.0212,2.1035,5.6079,231.91,36818817.45,3596407.35,174894571.76,251367418.53,426261990.29,61989.68,4.30483859,0.00032943,0.01054187,0.00658867,0.03377927,0.04036794,876240645.45,298.0722
374,1.0240,2.1033,5.6075,232.35,36824875.01,3596633.57,174943650.47,251380310.64,426323961.11,61970.82,4.30352926,0.00032936,0.01053955,0.00658722,0.03371749,0.04030471,876300616.27,298.4739
375,1.0267,2.1031,5.6070,232.79,36830932.06,3596859.73,174992713.65,251393199.43,426385913.09,61951.97,4.30222036,0.00032929,0.01053722,0.00658576,0.03365583,0.04024159,876360568.25,298.8761
376,1.0294,2.1030,5.6065,233.23,36836988.61,3597085.84,175041761.31,251406084.91,426447846.22,61933.13,4.30091191,0.00032922,0.01053489,0.00658431,0.03359427,0.04017858,876420501.38,299.2787
377,1.0322,2.1028,5.6060,233.68,36843044.66,3597311.91,175090793.44,251418967.07,426509760.51,61914.30,4.29960389,0.00032914,0.01053257,0.00658286,0.03353283,0.04011568,876480415.68,299.6818
378,1.0349,2.1026,5.6056,234.12,36849100.20,3597537.91,175139810.06,251431845.92,426571655.98,61895.47,4.29829630,0.00032907,0.01053024,0.00658140,0.03347150,0.04005290,876540311.14,300.0853
379,1.0376,2.1024,5.6051,234.56,36855155.23,3597763.87,175188811.17,251444721.45,426633532.62,61876.64,4.29698915,0.00032900,0.01052792,0.00657995,0.03341028,0.03999023,876600187.79,300.4893
380,1.0404,2.1023,5.6046,235.01,36861209.76,3597989.77,175237796.78,251457593.67,426695390.45,61857.83,4.29568244,0.00032892,0.01052560,0.00657850,0.03334917,0.03992767,876660045.61,300.8937
381,1.0431,2.1021,5.6042,235.46,36867263.78,3598215.62,175286766.88,251470462.58,426757229.47,61839.02,4.29437617,0.00032885,0.01052327,0.00657705,0.03328817,0.03986522,876719884.63,301.2985
382,1.0459,2.1019,5.6037,235.91,36873317.30,3598441.42,175335721.49,251483328.19,426819049.68,61820.21,4.29307033,0.00032878,0.01052095,0.00657560,0.03322728,0.03980288,876779704.84,301.7038
383,1.0486,2.1017,5.6032,236.35,36879370.31,3598667.16,175384660.61,251496190.48,426880851.09,61801.41,4.29176492,0.00032871,0.01051863,0.00657414,0.03316651,0.03974065,876839506.26,302.1096
384,1.0513,2.1016,5.6028,236.80,36885422.82,3598892.86,175433584.25,251509049.47,426942633.72,61782.62,4.29045996,0.00032863,0.01051631,0.00657269,0.03310584,0.03967853,876899288.88,302.5158
385,1.0541,2.1014,5.6023,237.25,36891474.82,3599118.50,175482492.40,251521905.16,427004397.56,61763.84,4.28915542,0.00032856,0.01051399,0.00657124,0.03304528,0.03961653,876959052.72,302.9224
386,1.0568,2.1012,5.6018,237.70,36897526.32,3599344.09,175531385.08,251534757.54,427066142.62,61745.06,4.28785132,0.00032849,0.01051167,0.00656979,0.03298484,0.03955463,877018797.78,303.3295
387,1.0595,2.1010,5.6014,238.16,36903577.31,3599569.62,175580262.29,251547606.62,427127868.90,61726.29,4.28654766,0.00032842,0.01050935,0.00656835,0.03292450,0.03949284,877078524.06,303.7371
388,1.0623,2.1009,5.6009,238.61,36909627.80,3599795.10,175629124.03,251560452.39,427189576.42,61707.52,4.28524443,0.00032834,0.01050703,0.00656690,0.03286427,0.03943117,877138231.58,304.1450
389,1.0650,2.1007,5.6004,239.06,36915677.78,3600020.54,175677970.31,251573294.87,427251265.18,61688.76,4.28394164,0.00032827,0.01050472,0.00656545,0.03280415,0.03936960,877197920.34,304.5535
390,1.0678,2.1005,5.6000,239.52,36921727.26,3600245.91,175726801.13,251586134.05,427312935.19,61670.01,4.28263928,0.00032820,0.01050240,0.00656400,0.03274414,0.03930814,877257590.35,304.9623
391,1.0705,2.1003,5.5995,239.97,36927776.24,3600471.24,175775616.51,251598969.94,427374586.44,61651.26,4.28133735,0.00032813,0.01050008,0.00656255,0.03268424,0.03924680,877317241.61,305.3717
392,1.0732,2.1002,5.5990,240.43,36933824.70,3600696.52,175824416.43,251611802.53,427436218.96,61632.52,4.28003586,0.00032806,0.01049777,0.00656110,0.03262445,0.03918556,877376874.12,305.7814
393,1.0760,2.1000,5.5986,240.88,36939872.67,3600921.74,175873200.92,251624631.82,427497832.74,61613.78,4.27873481,0.00032798,0.01049545,0.00655966,0.03256477,0.03912443,877436487.90,306.1917
394,1.0787,2.0998,5.5981,241.34,36945920.13,3601146.91,175921969.97,251637457.82,427559427.79,61595.05,4.27743418,0.00032791,0.01049314,0.00655821,0.03250520,0.03906341,877496082.96,306.6023
395,1.0815,2.0996,5.5976,241.80,36951967.08,3601372.02,175970723.59,251650280.54,427621004.12,61576.33,4.27613399,0.00032784,0.01049082,0.00655676,0.03244573,0.03900249,877555659.29,307.0135
396,1.0842,2.0995,5.5972,242.26,36958013.53,3601597.09,176019461.78,251663099.96,427682561.74,61557.61,4.27483424,0.00032777,0.01048851,0.00655532,0.03238637,0.03894169,877615216.90,307.4250
397,1.0869,2.0993,5.5967,242.72,36964059.48,3601822.10,176068184.55,251675916.09,427744100.64,61538.90,4.27353491,0.00032769,0.01048620,0.00655387,0.03232712,0.03888099,877674755.80,307.8370
398,1.0897,2.0991,5.5962,243.18,36970104.92,3602047.06,176116891.90,251688728.94,427805620.84,61520.20,4.27223602,0.00032762,0.01048388,0.00655243,0.03226798,0.03882040,877734276.00,308.2495
399,1.0924,2.0989,5.5958,243.65,36976149.85,3602271.97,176165583.84,251701538.50,427867122.34,61501.50,4.27093757,0.00032755,0.01048157,0.00655098,0.03220894,0.03875992,877793777.50,308.6624
400,1.0951,2.0988,5.5953,244.11,36982194.29,3602496.83,176214260.38,251714344.77,427928605.15,61482.81,4.26963954,0.00032748,0.01047926,0.00654954,0.03215001,0.03869955,877853260.31,309.0758
401,1.0979,2.0986,5.5948,244.57,36988238.21,3602721.63,176262921.51,251727147.77,427990069.27,61464.12,4.26834195,0.00032740,0.01047695,0.00654809,0.03209119,0.03863929,877912724.44,309.4896
402,1.1006,2.0984,5.5944,245.04,36994281.64,3602946.39,176311567.24,251739947.48,428051514.72,61445.45,4.26704479,0.00032733,0.01047464,0.00654665,0.03203248,0.03857913,877972169.88,309.9038
403,1.1034,2.0982,5.5939,245.50,37000324.56,3603171.09,176360197.58,251752743.91,428112941.49,61426.77,4.26574807,0.00032726,0.01047233,0.00654521,0.03197387,0.03851908,878031596.65,310.3186
404,1.1061,2.0981,5.5934,245.97,37006366.97,3603395.74,176408812.53,251765537.06,428174349.60,61408.11,4.26445177,0.00032719,0.01047002,0.00654376,0.03191537,0.03845913,878091004.76,310.7337
405,1.1088,2.0979,5.5930,246.44,37012408.88,3603620.33,176457412.10,251778326.94,428235739.04,61389.45,4.26315591,0.00032712,0.01046771,0.00654232,0.03185697,0.03839929,878150394.20,311.1493
406,1.1116,2.0977,5.5925,246.91,37018450.29,3603844.88,176505996.30,251791113.53,428297109.83,61370.79,4.26186048,0.00032704,0.01046541,0.00654088,0.03179868,0.03833956,878209764.99,311.5654
407,1.1143,2.0975,5.5920,247.38,37024491.19,3604069.37,176554565.12,251803896.86,428358461.97,61352.14,4.26056548,0.00032697,0.01046310,0.00653944,0.03174050,0.03827994,878269117.14,311.9819
408,1.1170,2.0974,5.5916,247.85,37030531.59,3604293.81,176603118.57,251816676.91,428419795.48,61333.50,4.25927092,0.00032690,0.01046079,0.00653800,0.03168242,0.03822042,878328450.64,312.3989
409,1.1198,2.0972,5.5911,248.32,37036571.48,3604518.20,176651656.66,251829453.69,428481110.34,61314.87,4.25797678,0.00032683,0.01045849,0.00653655,0.03162445,0.03816100,878387765.50,312.8163
410,1.1225,2.0970,5.5906,248.79,37042610.87,3604742.54,176700179.39,251842227.19,428542406.58,61296.24,4.25668308,0.00032676,0.01045618,0.00653511,0.03156658,0.03810169,878447061.74,313.2342
411,1.1253,2.0968,5.5902,249.26,37048649.76,3604966.82,176748686.76,251854997.43,428603684.19,61277.61,4.25538980,0.00032668,0.01045388,0.00653367,0.03150882,0.03804249,878506339.35,313.6525
412,1.1280,2.0967,5.5897,249.74,37054688.14,3605191.05,176797178.79,251867764.40,428664943.19,61259.00,4.25409696,0.00032661,0.01045157,0.00653223,0.03145116,0.03798339,878565598.35,314.0713
413,1.1307,2.0965,5.5892,250.21,37060726.02,3605415.23,176845655.47,251880528.10,428726183.57,61240.39,4.25280455,0.00032654,0.01044927,0.00653079,0.03139361,0.03792440,878624838.74,314.4905
414,1.1335,2.0963,5.5888,250.69,37066763.39,3605639.36,176894116.82,251893288.54,428787405.35,61221.78,4.25151257,0.00032647,0.01044697,0.00652936,0.03133616,0.03786552,878684060.52,314.9101
415,1.1362,2.0961,5.5883,251.16,37072800.26,3605863.44,176942562.83,251906045.71,428848608.54,61203.18,4.25022102,0.00032640,0.01044467,0.00652792,0.03127882,0.03780673,878743263.70,315.3303
416,1.1389,2.0960,5.5878,251.64,37078836.63,3606087.47,176990993.51,251918799.62,428909793.13,61184.59,4.24892990,0.00032632,0.01044236,0.00652648,0.03122158,0.03774805,878802448.29,315.7509
417,1.1417,2.0958,5.5874,252.12,37084872.49,3606311.44,177039408.86,251931550.27,428970959.13,61166.00,4.24763921,0.00032625,0.01044006,0.00652504,0.03116444,0.03768948,878861614.29,316.1719
418,1.1444,2.0956,5.5869,252.60,37090907.85,3606535.36,177087808.90,251944297.66,429032106.56,61147.42,4.24634894,0.00032618,0.01043776,0.00652360,0.03110741,0.03763101,878920761.72,316.5934
419,1.1472,2.0954,5.5864,253.08,37096942.71,3606759.23,177136193.62,251957041.79,429093235.41,61128.85,4.24505911,0.00032611,0.01043546,0.00652217,0.03105048,0.03757265,878979890.57,317.0153
420,1.1499,2.0953,5.5860,253.56,37102977.06,3606983.05,177184563.03,251969782.66,429154345.69,61110.28,4.24376971,0.00032604,0.01043316,0.00652073,0.03099366,0.03751438,879039000.85,317.4377
421,1.1526,2.0951,5.5855,254.04,37109010.91,3607206.82,177232917.14,251982520.28,429215437.41,61091.72,4.24248074,0.00032596,0.01043087,0.00651929,0.03093693,0.03745623,879098092.58,317.8605
422,1.1554,2.0949,5.5850,254.52,37115044.25,3607430.53,177281255.94,251995254.64,429276510.58,61073.17,4.24119220,0.00032589,0.01042857,0.00651786,0.03088031,0.03739817,879157165.74,318.2838
423,1.1581,2.0947,5.5846,255.01,37121077.10,3607654.20,177329579.45,252007985.75,429337565.20,61054.62,4.23990408,0.00032582,0.01042627,0.00651642,0.03082380,0.03734022,879216220.36,318.7076
424,1.1608,2.0946,5.5841,255.49,37127109.43,3607877.81,177377887.67,252020713.60,429398601.28,61036.08,4.23861640,0.00032575,0.01042397,0.00651498,0.03076739,0.03728237,879275256.44,319.1318
425,1.1636,2.0944,5.5836,255.98,37133141.27,3608101.37,177426180.61,252033438.21,429459618.82,61017.54,4.23732914,0.00032568,0.01042168,0.00651355,0.03071107,0.03722462,879334273.98,319.5565
426,1.1663,2.0942,5.5832,256.46,37139172.60,3608324.88,177474458.26,252046159.56,429520617.83,60999.01,4.23604232,0.00032561,0.01041938,0.00651211,0.03065487,0.03716698,879393272.99,319.9816
427,1.1691,2.0940,5.5827,256.95,37145203.43,3608548.34,177522720.64,252058877.67,429581598.31,60980.49,4.23475592,0.00032553,0.01041709,0.00651068,0.03059876,0.03710944,879452253.47,320.4071
428,1.1718,2.0939,5.5822,257.44,37151233.75,3608771.74,177570967.74,252071592.53,429642560.28,60961.97,4.23346995,0.00032546,0.01041479,0.00650925,0.03054276,0.03705200,879511215.44,320.8332
429,1.1745,2.0937,5.5818,257.93,37157263.58,3608995.10,177619199.58,252084304.15,429703503.73,60943.46,4.23218440,0.00032539,0.01041250,0.00650781,0.03048685,0.03699466,879570158.90,321.2596
430,1.1773,2.0935,5.5813,258.42,37163292.89,3609218.40,177667416.16,252097012.52,429764428.68,60924.95,4.23089929,0.00032532,0.01041021,0.00650638,0.03043105,0.03693743,879629083.85,321.6866
431,1.1800,2.0933,5.5808,258.91,37169321.71,3609441.65,177715617.48,252109717.65,429825335.13,60906.45,4.22961460,0.00032525,0.01040791,0.00650495,0.03037535,0.03688030,879687990.30,322.1140
432,1.1828,2.0932,5.5804,259.40,37175350.02,3609664.85,177763803.55,252122419.54,429886223.09,60887.96,4.22833034,0.00032518,0.01040562,0.00650351,0.03031975,0.03682327,879746878.25,322.5418
433,1.1855,2.0930,5.5799,259.90,37181377.83,3609888.00,177811974.37,252135118.19,429947092.56,60869.47,4.22704651,0.00032510,0.01040333,0.00650208,0.03026425,0.03676634,879805747.72,322.9701
434,1.1882,2.0928,5.5794,260.39,37187405.14,3610111.09,177860129.95,252147813.60,430007943.55,60850.99,4.22576311,0.00032503,0.01040104,0.00650065,0.03020886,0.03670951,879864598.71,323.3989
435,1.1910,2.0926,5.5790,260.88,37193431.94,3610334.14,177908270.30,252160505.77,430068776.06,60832.51,4.22448013,0.00032496,0.01039875,0.00649922,0.03015356,0.03665278,879923431.23,323.8281
436,1.1937,2.0925,5.5785,261.38,37199458.24,3610557.13,177956395.41,252173194.70,430129590.11,60814.05,4.22319758,0.00032489,0.01039646,0.00649779,0.03009837,0.03659615,879982245.27,324.2577
437,1.1964,2.0923,5.5780,261.88,37205484.04,3610780.08,178004505.29,252185880.40,430190385.69,60795.58,4.22191546,0.00032482,0.01039417,0.00649636,0.03004327,0.03653963,880041040.85,324.6879
438,1.1992,2.0921,5.5776,262.38,37211509.33,3611002.97,178052599.95,252198562.87,430251162.82,60777.13,4.22063376,0.00032475,0.01039188,0.00649493,0.02998827,0.03648320,880099817.98,325.1184
439,1.2019,2.0919,5.5771,262.87,37217534.13,3611225.81,178100679.39,252211242.11,430311921.49,60758.68,4.21935249,0.00032467,0.01038960,0.00649350,0.02993338,0.03642688,880158576.66,325.5495
440,1.2047,2.0918,5.5767,263.37,37223558.42,3611448.60,178148743.61,252223918.11,430372661.72,60740.23,4.21807165,0.00032460,0.01038731,0.00649207,0.02987858,0.03637065,880217316.89,325.9810
441,1.2074,2.0916,5.5762,263.87,37229582.20,3611671.33,178196792.63,252236590.89,430433383.52,60721.79,4.21679123,0.00032453,0.01038502,0.00649064,0.02982389,0.03631453,880276038.68,326.4129
442,1.2101,2.0914,5.5757,264.38,37235605.49,3611894.02,178244826.45,252249260.43,430494086.88,60703.36,4.21551124,0.00032446,0.01038274,0.00648921,0.02976929,0.03625850,880334742.04,326.8453
443,1.2129,2.0912,5.5753,264.88,37241628.27,3612116.65,178292845.06,252261926.75,430554771.82,60684.94,4.21423167,0.00032439,0.01038045,0.00648778,0.02971479,0.03620257,880393426.98,327.2782
444,1.2156,2.0911,5.5748,265.38,37247650.55,3612339.24,178340848.49,252274589.85,430615438.33,60666.52,4.21295253,0.00032432,0.01037817,0.00648635,0.02966039,0.03614675,880452093.50,327.7115
445,1.2183,2.0909,5.5743,265.89,37253672.32,3612561.77,178388836.72,252287249.72,430676086.44,60648.10,4.21167382,0.00032425,0.01037588,0.00648493,0.02960609,0.03609102,880510741.60,328.1453
446,1.2211,2.0907,5.5739,266.39,37259693.60,3612784.25,178436809.77,252299906.36,430736716.13,60629.70,4.21039553,0.00032417,0.01037360,0.00648350,0.02955189,0.03603539,880569371.29,328.5795
447,1.2238,2.0905,5.5734,266.90,37265714.37,3613006.68,178484767.64,252312559.79,430797327.43,60611.29,4.20911767,0.00032410,0.01037132,0.00648207,0.02949779,0.03597986,880627982.59,329.0142
448,1.2266,2.0904,5.5729,267.41,37271734.64,3613229.06,178532710.33,252325210.00,430857920.33,60592.90,4.20784023,0.00032403,0.01036903,0.00648065,0.02944378,0.03592443,880686575.49,329.4493
449,1.2293,2.0902,5.5725,267.91,37277754.40,3613451.39,178580637.85,252337856.98,430918494.84,60574.51,4.20656322,0.00032396,0.01036675,0.00647922,0.02938988,0.03586910,880745150.00,329.8849
450,1.2320,2.0900,5.5720,268.42,37283773.67,3613673.66,178628550.21,252350500.75,430979050.96,60556.13,4.20528663,0.00032389,0.01036447,0.00647779,0.02933607,0.03581386,880803706.13,330.3210
451,1.2348,2.0898,5.5715,268.93,37289792.43,3613895.89,178676447.41,252363141.31,431039588.71,60537.75,4.20401046,0.00032382,0.01036219,0.00647637,0.02928236,0.03575873,880862243.88,330.7575
452,1.2375,2.0897,5.5711,269.44,37295810.69,3614118.06,178724329.45,252375778.64,431100108.09,60519.38,4.20273472,0.00032375,0.01035991,0.00647494,0.02922875,0.03570369,880920763.26,331.1945
453,1.2402,2.0895,5.5706,269.96,37301828.45,3614340.18,178772196.34,252388412.77,431160609.11,60501.02,4.20145941,0.00032368,0.01035763,0.00647352,0.02917523,0.03564875,880979264.27,331.6319
454,1.2430,2.0893,5.5701,270.47,37307845.70,3614562.26,178820048.09,252401043.68,431221091.77,60482.66,4.20018452,0.00032360,0.01035535,0.00647209,0.02912181,0.03559391,881037746.93,332.0698
455,1.2457,2.0892,5.5697,270.98,37313862.45,3614784.28,178867884.69,252413671.38,431281556.07,60464.30,4.19891005,0.00032353,0.01035307,0.00647067,0.02906849,0.03553916,881096211.23,332.5082
456,1.2485,2.0890,5.5692,271.50,37319878.70,3615006.25,178915706.16,252426295.87,431342002.03,60445.96,4.19763601,0.00032346,0.01035080,0.00646925,0.02901527,0.03548451,881154657.19,332.9470
457,1.2512,2.0888,5.5687,272.02,37325894.45,3615228.17,178963512.49,252438917.16,431402429.65,60427.62,4.19636239,0.00032339,0.01034852,0.00646782,0.02896214,0.03542996,881213084.81,333.3863
458,1.2539,2.0886,5.5683,272.53,37331909.70,3615450.03,179011303.70,252451535.23,431462838.93,60409.28,4.19508919,0.00032332,0.01034624,0.00646640,0.02890911,0.03537551,881271494.09,333.8260
459,1.2567,2.0885,5.5678,273.05,37337924.45,3615671.85,179059079.79,252464150.10,431523229.89,60390.96,4.19381642,0.00032325,0.01034397,0.00646498,0.02885617,0.03532115,881329885.05,334.2662
460,1.2594,2.0883,5.5674,273.57,37343938.69,3615893.62,179106840.75,252476761.77,431583602.52,60372.63,4.19254407,0.00032318,0.01034169,0.00646356,0.02880333,0.03526689,881388257.69,334.7069
461,1.2621,2.0881,5.5669,274.09,37349952.43,3616115.33,179154586.61,252489370.23,431643956.84,60354.32,4.19127214,0.00032311,0.01033942,0.00646214,0.02875059,0.03521273,881446612.00,335.1480
462,1.2649,2.0879,5.5664,274.61,37355965.67,3616337.00,179202317.36,252501975.49,431704292.85,60336.01,4.19000064,0.00032304,0.01033714,0.00646071,0.02869795,0.03515866,881504948.01,335.5896
463,1.2676,2.0878,5.5660,275.13,37361978.41,3616558.61,179250033.00,252514577.55,431764610.56,60317.71,4.18872955,0.00032296,0.01033487,0.00645929,0.02864539,0.03510469,881563265.72,336.0316
464,1.2704,2.0876,5.5655,275.66,37367990.64,3616780.17,179297733.55,252527176.41,431824909.96,60299.41,4.18745890,0.00032289,0.01033260,0.00645787,0.02859294,0.03505081,881621565.13,336.4741
465,1.2731,2.0874,5.5650,276.18,37374002.38,3617001.68,179345419.00,252539772.08,431885191.08,60281.12,4.18618866,0.00032282,0.01033032,0.00645645,0.02854058,0.03499703,881679846.24,336.9170
466,1.2758,2.0872,5.5646,276.70,37380013.61,3617223.14,179393089.37,252552364.54,431945453.91,60262.83,4.18491884,0.00032275,0.01032805,0.00645503,0.02848831,0.03494335,881738109.08,337.3605
467,1.2786,2.0871,5.5641,277.23,37386024.34,3617444.55,179440744.65,252564953.82,432005698.46,60244.55,4.18364945,0.00032268,0.01032578,0.00645361,0.02843614,0.03488976,881796353.63,337.8043
468,1.2813,2.0869,5.5636,277.76,37392034.57,3617665.91,179488384.85,252577539.89,432065924.74,60226.28,4.18238048,0.00032261,0.01032351,0.00645219,0.02838407,0.03483626,881854579.91,338.2487
469,1.2841,2.0867,5.5632,278.28,37398044.30,3617887.22,179536009.98,252590122.78,432126132.76,60208.01,4.18111193,0.00032254,0.01032124,0.00645078,0.02833209,0.03478286,881912787.92,338.6935
470,1.2868,2.0865,5.5627,278.81,37404053.52,3618108.48,179583620.04,252602702.47,432186322.51,60189.75,4.17984381,0.00032247,0.01031897,0.00644936,0.02828020,0.03472956,881970977.67,339.1387
471,1.2895,2.0864,5.5622,279.34,37410062.25,3618329.69,179631215.03,252615278.97,432246494.00,60171.50,4.17857610,0.00032240,0.01031670,0.00644794,0.02822841,0.03467635,882029149.17,339.5844
472,1.2923,2.0862,5.5618,279.87,37416070.47,3618550.84,179678794.96,252627852.29,432306647.25,60153.25,4.17730882,0.00032233,0.01031443,0.00644652,0.02817671,0.03462323,882087302.41,340.0306
473,1.2950,2.0860,5.5613,280.41,37422078.20,3618771.95,179726359.84,252640422.41,432366782.25,60135.00,4.17604195,0.00032226,0.01031217,0.00644510,0.02812511,0.03457021,882145437.42,340.4773
474,1.2977,2.0858,5.5609,280.94,37428085.42,3618993.00,179773909.67,252652989.35,432426899.02,60116.77,4.17477551,0.00032218,0.01030990,0.00644369,0.02807360,0.03451729,882203554.18,340.9244
475,1.3005,2.0857,5.5604,281.47,37434092.14,3619214.01,179821444.45,252665553.11,432486997.56,60098.54,4.17350949,0.00032211,0.01030763,0.00644227,0.02802218,0.03446445,882261652.72,341.3719
476,1.3032,2.0855,5.5599,282.01,37440098.35,3619434.96,179868964.19,252678113.68,432547077.87,60080.31,4.17224389,0.00032204,0.01030537,0.00644085,0.02797086,0.03441172,882319733.03,341.8200
477,1.3060,2.0853,5.5595,282.55,37446104.07,3619655.86,179916468.89,252690671.07,432607139.96,60062.09,4.17097871,0.00032197,0.01030310,0.00643944,0.02791963,0.03435907,882377795.13,342.2684
478,1.3087,2.0851,5.5590,283.08,37452109.29,3619876.71,179963958.56,252703225.28,432667183.84,60043.88,4.16971395,0.00032190,0.01030084,0.00643802,0.02786850,0.03430652,882435839.01,342.7174
479,1.3114,2.0850,5.5585,283.62,37458114.00,3620097.52,180011433.21,252715776.31,432727209.52,60025.67,4.16844961,0.00032183,0.01029857,0.00643661,0.02781745,0.03425406,882493864.68,343.1668
480,1.3142,2.0848,5.5581,284.16,37464118.22,3620318.27,180058892.83,252728324.16,432787216.99,60007.47,4.16718569,0.00032176,0.01029631,0.00643519,0.02776650,0.03420170,882551872.16,343.6167
481,1.3169,2.0846,5.5576,284.70,37470121.93,3620538.97,180106337.44,252740868.83,432847206.27,59989.28,4.16592219,0.00032169,0.01029405,0.00643378,0.02771564,0.03414942,882609861.43,344.0670
482,1.3196,2.0844,5.5571,285.24,37476125.14,3620759.62,180153767.03,252753410.33,432907177.36,59971.09,4.16465911,0.00032162,0.01029179,0.00643237,0.02766488,0.03409724,882667832.53,344.5178
483,1.3224,2.0843,5.5567,285.78,37482127.85,3620980.22,180201181.62,252765948.65,432967130.27,59952.91,4.16339645,0.00032155,0.01028952,0.00643095,0.02761421,0.03404516,882725785.43,344.9691
484,1.3251,2.0841,5.5562,286.33,37488130.06,3621200.77,180248581.20,252778483.80,433027065.00,59934.73,4.16213421,0.00032148,0.01028726,0.00642954,0.02756362,0.03399316,882783720.17,345.4208
485,1.3279,2.0839,5.5557,286.87,37494131.77,3621421.27,180295965.79,252791015.78,433086981.57,59916.56,4.16087239,0.00032141,0.01028500,0.00642813,0.02751314,0.03394126,882841636.73,345.8730
486,1.3306,2.0838,5.5553,287.42,37500132.98,3621641.71,180343335.38,252803544.59,433146879.97,59898.40,4.15961099,0.00032134,0.01028274,0.00642671,0.02746274,0.03388945,882899535.13,346.3256
487,1.3333,2.0836,5.5548,287.96,37506133.69,3621862.11,180390689.98,252816070.23,433206760.21,59880.24,4.15835000,0.00032127,0.01028048,0.00642530,0.02741243,0.03383774,882957415.37,346.7787
488,1.3361,2.0834,5.5544,288.51,37512133.89,3622082.46,180438029.60,252828592.69,433266622.29,59862.09,4.15708944,0.00032119,0.01027822,0.00642389,0.02736222,0.03378611,883015277.46,347.2323
489,1.3388,2.0832,5.5539,289.06,37518133.60,3622302.76,180485354.24,252841112.00,433326466.23,59843.94,4.15582929,0.00032112,0.01027597,0.00642248,0.02731210,0.03373458,883073121.40,347.6864
490,1.3415,2.0831,5.5534,289.61,37524132.80,3622523.00,180532663.90,252853628.13,433386292.04,59825.80,4.15456956,0.00032105,0.01027371,0.00642107,0.02726206,0.03368313,883130947.20,348.1409
491,1.3443,2.0829,5.5530,290.16,37530131.51,3622743.20,180579958.60,252866141.11,433446099.70,59807.67,4.15331025,0.00032098,0.01027145,0.00641966,0.02721212,0.03363178,883188754.87,348.5958
492,1.3470,2.0827,5.5525,290.71,37536129.71,3622963.34,180627238.33,252878650.92,433505889.24,59789.54,4.15205136,0.00032091,0.01026919,0.00641825,0.02716227,0.03358052,883246544.41,349.0513
493,1.3498,2.0825,5.5520,291.26,37542127.42,3623183.44,180674503.10,252891157.56,433565660.66,59771.42,4.15079289,0.00032084,0.01026694,0.00641684,0.02711252,0.03352935,883304315.82,349.5072
494,1.3525,2.0824,5.5516,291.82,37548124.62,3623403.49,180721752.91,252903661.05,433625413.96,59753.30,4.14953483,0.00032077,0.01026468,0.00641543,0.02706285,0.03347827,883362069.13,349.9635
495,1.3552,2.0822,5.5511,292.37,37554121.32,3623623.48,180768987.77,252916161.38,433685149.15,59735.19,4.14827719,0.00032070,0.01026243,0.00641402,0.02701327,0.03342729,883419804.32,350.4203
496,1.3580,2.0820,5.5507,292.93,37560117.52,3623843.43,180816207.69,252928658.55,433744866.24,59717.09,4.14701997,0.00032063,0.01026018,0.00641261,0.02696378,0.03337639,883477521.41,350.8776
497,1.3607,2.0818,5.5502,293.48,37566113.23,3624063.32,180863412.67,252941152.57,433804565.23,59698.99,4.14576317,0.00032056,0.01025792,0.00641120,0.02691438,0.03332558,883535220.39,351.3354
498,1.3634,2.0817,5.5497,294.04,37572108.43,3624283.16,180910602.70,252953643.42,433864246.13,59680.90,4.14450678,0.00032049,0.01025567,0.00640979,0.02686507,0.03327487,883592901.29,351.7936
499,1.3662,2.0815,5.5493,294.60,37578103.13,3624502.96,180957777.81,252966131.13,433923908.94,59662.81,4.14325081,0.00032042,0.01025342,0.00640839,0.02681585,0.03322424,883650564.10,352.2523
500,1.3689,2.0813,5.5488,295.16,37584097.33,3624722.70,181004937.99,252978615.68,433983553.67,59644.73,4.14199526,0.00032035,0.01025116,0.00640698,0.02676673,0.03317370,883708208.84,352.7114
501,1.3717,2.0811,5.5483,295.72,37590091.03,3624942.40,181052083.25,252991097.08,434043180.33,59626.66,4.14074013,0.00032028,0.01024891,0.00640557,0.02671769,0.03312326,883765835.49,353.1710
502,1.3744,2.0810,5.5479,296.28,37596084.23,3625162.04,181099213.59,253003575.33,434102788.92,59608.59,4.13948541,0.00032021,0.01024666,0.00640416,0.02666873,0.03307290,883823444.08,353.6311
503,1.3771,2.0808,5.5474,296.85,37602076.93,3625381.63,181146329.01,253016050.43,434162379.45,59590.53,4.13823111,0.00032014,0.01024441,0.00640276,0.02661987,0.03302263,883881034.61,354.0916
504,1.3799,2.0806,5.5469,297.41,37608069.13,3625601.18,181193429.53,253028522.39,434221951.92,59572.47,4.13697722,0.00032007,0.01024216,0.00640135,0.02657110,0.03297245,883938607.08,354.5526
505,1.3826,2.0805,5.5465,297.98,37614060.83,3625820.67,181240515.15,253040991.20,434281506.34,59554.42,4.13572375,0.00032000,0.01023991,0.00639995,0.02652242,0.03292236,883996161.51,355.0141
506,1.3854,2.0803,5.5460,298.54,37620052.03,3626040.11,181287585.86,253053456.86,434341042.72,59536.38,4.13447070,0.00031993,0.01023767,0.00639854,0.02647382,0.03287236,884053697.88,355.4760
507,1.3881,2.0801,5.5456,299.11,37626042.74,3626259.51,181334641.68,253065919.38,434400561.06,59518.34,4.13321806,0.00031986,0.01023542,0.00639714,0.02642531,0.03282245,884111216.22,355.9384
508,1.3908,2.0799,5.5451,299.68,37632032.94,3626478.85,181381682.61,253078378.75,434460061.37,59500.31,4.13196583,0.00031979,0.01023317,0.00639573,0.02637689,0.03277263,884168716.53,356.4013
509,1.3936,2.0798,5.5446,300.25,37638022.64,3626698.14,181428708.66,253090834.99,434519543.65,59482.28,4.13071403,0.00031972,0.01023093,0.00639433,0.02632856,0.03272289,884226198.81,356.8646
510,1.3963,2.0796,5.5442,300.82,37644011.84,3626917.39,181475719.83,253103288.08,434579007.91,59464.26,4.12946264,0.00031965,0.01022868,0.00639292,0.02628032,0.03267325,884283663.08,357.3284
511,1.3990,2.0794,5.5437,301.39,37650000.54,3627136.58,181522716.12,253115738.04,434638454.16,59446.25,4.12821166,0.00031958,0.01022643,0.00639152,0.02623217,0.03262369,884341109.32,357.7927
512,1.4018,2.0792,5.5432,301.96,37655988.74,3627355.72,181569697.54,253128184.86,434697882.40,59428.24,4.12696110,0.00031951,0.01022419,0.00639012,0.02618410,0.03257422,884398537.56,358.2574
513,1.4045,2.0791,5.5428,302.54,37661976.44,3627574.82,181616664.10,253140628.54,434757292.64,59410.24,4.12571095,0.00031944,0.01022195,0.00638872,0.02613612,0.03252483,884455947.80,358.7226
514,1.4073,2.0789,5.5423,303.11,37667963.64,3627793.86,181663615.79,253153069.09,434816684.88,59392.24,4.12446122,0.00031937,0.01021970,0.00638731,0.02608823,0.03247554,884513340.04,359.1882
515,1.4100,2.0787,5.5419,303.69,37673950.35,3628012.85,181710552.63,253165506.50,434876059.13,59374.25,4.12321190,0.00031930,0.01021746,0.00638591,0.02604042,0.03242633,884570714.29,359.6544
516,1.4127,2.0785,5.5414,304.27,37679936.55,3628231.80,181757474.61,253177940.79,434935415.40,59356.27,4.12196300,0.00031923,0.01021522,0.00638451,0.02599270,0.03237721,884628070.56,360.1209
517,1.4155,2.0784,5.5409,304.84,37685922.25,3628450.69,181804381.75,253190371.94,434994753.69,59338.29,4.12071451,0.00031916,0.01021297,0.00638311,0.02594507,0.03232818,884685408.85,360.5880
518,1.4182,2.0782,5.5405,305.42,37691907.46,3628669.53,181851274.05,253202799.96,435054074.00,59320.32,4.11946644,0.00031909,0.01021073,0.00638171,0.02589752,0.03227923,884742729.17,361.0555
519,1.4209,2.0780,5.5400,306.00,37697892.16,3628888.33,181898151.50,253215224.85,435113376.35,59302.35,4.11821877,0.00031902,0.01020849,0.00638031,0.02585006,0.03223037,884800031.52,361.5235
520,1.4237,2.0778,5.5395,306.59,37703876.37,3629107.07,181945014.13,253227646.61,435172660.74,59284.39,4.11697153,0.00031895,0.01020625,0.00637891,0.02580269,0.03218160,884857315.91,361.9920
521,1.4264,2.0777,5.5391,307.17,37709860.07,3629325.77,181991861.93,253240065.25,435231927.18,59266.44,4.11572469,0.00031888,0.01020401,0.00637751,0.02575541,0.03213291,884914582.34,362.4609
522,1.4292,2.0775,5.5386,307.75,37715843.28,3629544.41,182038694.90,253252480.77,435291175.67,59248.49,4.11447827,0.00031881,0.01020177,0.00637611,0.02570821,0.03208431,884971830.83,362.9303
523,1.4319,2.0773,5.5382,308.34,37721825.99,3629763.00,182085513.05,253264893.16,435350406.21,59230.54,4.11323227,0.00031874,0.01019954,0.00637471,0.02566109,0.03203580,885029061.37,363.4001
524,1.4346,2.0772,5.5377,308.92,37727808.19,3629981.55,182132316.39,253277302.43,435409618.82,59212.61,4.11198667,0.00031867,0.01019730,0.00637331,0.02561406,0.03198737,885086273.98,363.8704
525,1.4374,2.0770,5.5372,309.51,37733789.90,3630200.05,182179104.92,253289708.57,435468813.50,59194.68,4.11074149,0.00031860,0.01019506,0.00637191,0.02556712,0.03193903,885143468.66,364.3412
526,1.4401,2.0768,5.5368,310.10,37739771.11,3630418.49,182225878.65,253302111.60,435527990.25,59176.75,4.10949673,0.00031853,0.01019282,0.00637052,0.02552026,0.03189078,885200645.41,364.8125
527,1.4428,2.0766,5.5363,310.69,37745751.82,3630636.89,182272637.57,253314511.51,435587149.08,59158.83,4.10825237,0.00031846,0.01019059,0.00636912,0.02547349,0.03184261,885257804.25,365.2842
528,1.4456,2.0765,5.5358,311.28,37751732.03,3630855.23,182319381.70,253326908.30,435646290.01,59140.92,4.10700843,0.00031839,0.01018835,0.00636772,0.02542680,0.03179452,885314945.17,365.7564
529,1.4483,2.0763,5.5354,311.87,37757711.75,3631073.53,182366111.04,253339301.98,435705413.02,59123.01,4.10576490,0.00031832,0.01018612,0.00636632,0.02538020,0.03174652,885372068.18,366.2290
530,1.4511,2.0761,5.5349,312.46,37763690.96,3631291.78,182412825.59,253351692.54,435764518.13,59105.11,4.10452178,0.00031825,0.01018388,0.00636493,0.02533368,0.03169861,885429173.30,366.7022
531,1.4538,2.0759,5.5345,313.06,37769669.68,3631509.97,182459525.37,253364079.99,435823605.35,59087.22,4.10327908,0.00031818,0.01018165,0.00636353,0.02528725,0.03165078,885486260.52,367.1758
532,1.4565,2.0758,5.5340,313.65,37775647.89,3631728.12,182506210.36,253376464.32,435882674.68,59069.33,4.10203678,0.00031811,0.01017942,0.00636214,0.02524090,0.03160304,885543329.85,367.6498
533,1.4593,2.0756,5.5335,314.25,37781625.61,3631946.22,182552880.58,253388845.55,435941726.13,59051.45,4.10079490,0.00031804,0.01017718,0.00636074,0.02519464,0.03155538,885600381.29,368.1243
534,1.4620,2.0754,5.5331,314.85,37787602.83,3632164.27,182599536.04,253401223.66,436000759.70,59033.57,4.09955343,0.00031797,0.01017495,0.00635935,0.02514846,0.03150780,885657414.86,368.5993
535,1.4648,2.0752,5.5326,315.44,37793579.54,3632382.27,182646176.73,253413598.67,436059775.40,59015.70,4.09831237,0.00031790,0.01017272,0.00635795,0.02510236,0.03146031,885714430.56,369.0748
536,1.4675,2.0751,5.5322,316.04,37799555.76,3632600.22,182692802.66,253425970.57,436118773.23,58997.83,4.09707173,0.00031783,0.01017049,0.00635656,0.02505635,0.03141290,885771428.39,369.5507
537,1.4702,2.0749,5.5317,316.64,37805531.49,3632818.12,182739413.84,253438339.36,436177753.20,58979.97,4.09583149,0.00031776,0.01016826,0.00635516,0.02501042,0.03136558,885828408.37,370.0271
538,1.4730,2.0747,5.5312,317.25,37811506.71,3633035.97,182786010.27,253450705.05,436236715.32,58962.12,4.09459167,0.00031769,0.01016603,0.00635377,0.02496458,0.03131834,885885370.49,370.5040
539,1.4757,2.0746,5.5308,317.85,37817481.43,3633253.77,182832591.96,253463067.63,436295659.60,58944.27,4.09335225,0.00031762,0.01016380,0.00635238,0.02491881,0.03127119,885942314.76,370.9813
540,1.4784,2.0744,5.5303,318.45,37823455.66,3633471.52,182879158.91,253475427.12,436354586.03,58926.43,4.09211325,0.00031755,0.01016157,0.00635098,0.02487314,0.03122412,885999241.19,371.4591
541,1.4812,2.0742,5.5298,319.06,37829429.39,3633689.22,182925711.12,253487783.50,436413494.62,58908.60,4.09087466,0.00031748,0.01015934,0.00634959,0.02482754,0.03117713,886056149.78,371.9374
542,1.4839,2.0740,5.5294,319.67,37835402.62,3633906.88,182972248.61,253500136.78,436472385.39,58890.77,4.08963647,0.00031741,0.01015712,0.00634820,0.02478203,0.03113023,886113040.55,372.4161
543,1.4867,2.0739,5.5289,320.27,37841375.35,3634124.48,183018771.36,253512486.96,436531258.33,58872.94,4.08839870,0.00031734,0.01015489,0.00634681,0.02473660,0.03108341,886169913.49,372.8953
544,1.4894,2.0737,5.5285,320.88,37847347.58,3634342.04,183065279.40,253524834.05,436590113.45,58855.12,4.08716134,0.00031727,0.01015266,0.00634542,0.02469125,0.03103667,886226768.61,373.3750
545,1.4921,2.0735,5.5280,321.49,37853319.31,3634559.54,183111772.72,253537178.04,436648950.76,58837.31,4.08592439,0.00031720,0.01015044,0.00634402,0.02464599,0.03099001,886283605.92,373.8551
546,1.4949,2.0733,5.5275,322.10,37859290.55,3634777.00,183158251.33,253549518.94,436707770.27,58819.50,4.08468784,0.00031713,0.01014821,0.00634263,0.02460081,0.03094344,886340425.43,374.3357
547,1.4976,2.0732,5.5271,322.72,37865261.28,3634994.40,183204715.23,253561856.74,436766571.97,58801.70,4.08345171,0.00031706,0.01014599,0.00634124,0.02455571,0.03089695,886397227.13,374.8168
548,1.5003,2.0730,5.5266,323.33,37871231.52,3635211.76,183251164.43,253574191.45,436825355.88,58783.91,4.08221599,0.00031699,0.01014377,0.00633985,0.02451069,0.03085055,886454011.04,375.2983
549,1.5031,2.0728,5.5262,323.94,37877201.26,3635429.07,183297598.93,253586523.07,436884122.00,58766.12,4.08098068,0.00031692,0.01014154,0.00633846,0.02446576,0.03080422,886510777.17,375.7803
550,1.5058,2.0727,5.5257,324.56,37883170.51,3635646.32,183344018.74,253598851.60,436942870.34,58748.34,4.07974577,0.00031685,0.01013932,0.00633707,0.02442090,0.03075798,886567525.51,376.2628
551,1.5086,2.0725,5.5252,325.18,37889139.25,3635863.53,183390423.87,253611177.04,437001600.91,58730.56,4.07851128,0.00031678,0.01013710,0.00633569,0.02437613,0.03071182,886624256.07,376.7457
552,1.5113,2.0723,5.5248,325.79,37895107.50,3636080.69,183436814.30,253623499.39,437060313.70,58712.79,4.07727719,0.00031671,0.01013488,0.00633430,0.02433144,0.03066574,886680968.86,377.2292
553,1.5140,2.0721,5.5243,326.41,37901075.25,3636297.80,183483190.06,253635818.66,437119008.72,58695.03,4.07604351,0.00031665,0.01013265,0.00633291,0.02428683,0.03061974,886737663.89,377.7130
554,1.5168,2.0720,5.5239,327.03,37907042.50,3636514.87,183529551.15,253648134.84,437177685.99,58677.27,4.07481024,0.00031658,0.01013043,0.00633152,0.02424230,0.03057383,886794341.15,378.1974
555,1.5195,2.0718,5.5234,327.66,37913009.25,3636731.88,183575897.56,253660447.94,437236345.50,58659.51,4.07357738,0.00031651,0.01012821,0.00633013,0.02419786,0.03052799,886851000.67,378.6822
556,1.5222,2.0716,5.5229,328.28,37918975.50,3636948.84,183622229.31,253672757.96,437294987.27,58641.77,4.07234493,0.00031644,0.01012600,0.00632875,0.02415349,0.03048224,886907642.43,379.1675
557,1.5250,2.0714,5.5225,328.90,37924941.26,3637165.76,183668546.40,253685064.90,437353611.30,58624.03,4.07111288,0.00031637,0.01012378,0.00632736,0.02410921,0.03043657,886964266.46,379.6533
558,1.5277,2.0713,5.5220,329.53,37930906.52,3637382.62,183714848.84,253697368.75,437412217.59,58606.29,4.06988125,0.00031630,0.01012156,0.00632597,0.02406500,0.03039098,887020872.75,380.1395
559,1.5305,2.0711,5.5215,330.15,37936871.28,3637599.44,183761136.62,253709669.53,437470806.15,58588.56,4.06865002,0.00031623,0.01011934,0.00632459,0.02402088,0.03034547,887077461.31,380.6262
560,1.5332,2.0709,5.5211,330.78,37942835.54,3637816.20,183807409.75,253721967.23,437529376.98,58570.84,4.06741920,0.00031616,0.01011712,0.00632320,0.02397683,0.03030004,887134032.15,381.1133
561,1.5359,2.0708,5.5206,331.41,37948799.31,3638032.92,183853668.25,253734261.85,437587930.10,58553.12,4.06618878,0.00031609,0.01011491,0.00632182,0.02393287,0.03025469,887190585.27,381.6010
562,1.5387,2.0706,5.5202,332.04,37954762.57,3638249.59,183899912.11,253746553.40,437646465.51,58535.41,4.06495878,0.00031602,0.01011269,0.00632043,0.02388899,0.03020942,887247120.67,382.0891
563,1.5414,2.0704,5.5197,332.67,37960725.34,3638466.21,183946141.33,253758841.88,437704983.21,58517.70,4.06372918,0.00031595,0.01011048,0.00631905,0.02384518,0.03016423,887303638.37,382.5776
564,1.5441,2.0702,5.5192,333.30,37966687.62,3638682.78,183992355.93,253771127.28,437763483.21,58500.00,4.06249999,0.00031588,0.01010826,0.00631766,0.02380146,0.03011912,887360138.37,383.0667
565,1.5469,2.0701,5.5188,333.94,37972649.39,3638899.30,184038555.90,253783409.61,437821965.51,58482.31,4.06127120,0.00031581,0.01010605,0.00631628,0.02375782,0.03007410,887416620.68,383.5562
566,1.5496,2.0699,5.5183,334.57,37978610.67,3639115.77,184084741.26,253795688.87,437880430.13,58464.62,4.06004282,0.00031574,0.01010383,0.00631490,0.02371425,0.03002915,887473085.29,384.0462
567,1.5524,2.0697,5.5179,335.21,37984571.45,3639332.20,184130912.00,253807965.07,437938877.06,58446.93,4.05881485,0.00031568,0.01010162,0.00631351,0.02367077,0.02998428,887529532.23,384.5366
568,1.5551,2.0695,5.5174,335.85,37990531.73,3639548.57,184177068.13,253820238.19,437997306.32,58429.26,4.05758729,0.00031561,0.01009941,0.00631213,0.02362736,0.02993949,887585961.48,385.0275
569,1.5578,2.0694,5.5169,336.48,37996491.52,3639764.90,184223209.66,253832508.25,438055717.91,58411.59,4.05636013,0.00031554,0.01009720,0.00631075,0.02358403,0.02989478,887642373.07,385.5189
570,1.5606,2.0692,5.5165,337.12,38002450.81,3639981.18,184269336.58,253844775.25,438114111.83,58393.92,4.05513338,0.00031547,0.01009499,0.00630937,0.02354078,0.02985015,887698766.99,386.0108
571,1.5633,2.0690,5.5160,337.76,38008409.60,3640197.40,184315448.91,253857039.18,438172488.09,58376.26,4.05390703,0.00031540,0.01009277,0.00630798,0.02349761,0.02980560,887755143.25,386.5031
572,1.5661,2.0689,5.5156,338.41,38014367.89,3640413.58,184361546.65,253869300.04,438230846.70,58358.61,4.05268109,0.00031533,0.01009056,0.00630660,0.02345452,0.02976113,887811501.86,386.9959
573,1.5688,2.0687,5.5151,339.05,38020325.69,3640629.71,184407629.81,253881557.85,438289187.66,58340.96,4.05145556,0.00031526,0.01008835,0.00630522,0.02341151,0.02971673,887867842.82,387.4891
574,1.5715,2.0685,5.5146,339.69,38026282.99,3640845.79,184453698.38,253893812.60,438347510.98,58323.32,4.05023043,0.00031519,0.01008615,0.00630384,0.02336858,0.02967242,887924166.14,387.9829
575,1.5743,2.0683,5.5142,340.34,38032239.79,3641061.83,184499752.37,253906064.28,438405816.66,58305.68,4.04900570,0.00031512,0.01008394,0.00630246,0.02332572,0.02962818,887980471.82,388.4771
576,1.5770,2.0682,5.5137,340.99,38038196.09,3641277.81,184545791.79,253918312.91,438464104.71,58288.05,4.04778138,0.00031505,0.01008173,0.00630108,0.02328294,0.02958402,888036759.87,388.9717
577,1.5797,2.0680,5.5133,341.63,38044151.90,3641493.75,184591816.65,253930558.49,438522375.14,58270.43,4.04655747,0.00031499,0.01007952,0.00629970,0.02324024,0.02953994,888093030.30,389.4669
578,1.5825,2.0678,5.5128,342.28,38050107.21,3641709.63,184637826.94,253942801.01,438580627.95,58252.81,4.04533396,0.00031492,0.01007732,0.00629832,0.02319762,0.02949594,888149283.11,389.9625
579,1.5852,2.0676,5.5123,342.93,38056062.03,3641925.47,184683822.67,253955040.47,438638863.14,58235.20,4.04411086,0.00031485,0.01007511,0.00629694,0.02315508,0.02945202,888205518.31,390.4585
580,1.5880,2.0675,5.5119,343.59,38062016.34,3642141.26,184729803.85,253967276.88,438697080.73,58217.59,4.04288816,0.00031478,0.01007290,0.00629556,0.02311261,0.02940817,888261735.89,390.9551
581,1.5907,2.0673,5.5114,344.24,38067970.16,3642357.00,184775770.48,253979510.24,438755280.72,58199.99,4.04166586,0.00031471,0.01007070,0.00629419,0.02307022,0.02936441,888317935.88,391.4521
582,1.5934,2.0671,5.5110,344.89,38073923.49,3642572.69,184821722.57,253991740.55,438813463.11,58182.39,4.04044397,0.00031464,0.01006849,0.00629281,0.02302791,0.02932072,888374118.28,391.9496
583,1.5962,2.0670,5.5105,345.55,38079876.31,3642788.33,184867660.11,254003967.81,438871627.92,58164.80,4.03922249,0.00031457,0.01006629,0.00629143,0.02298567,0.02927710,888430283.08,392.4475
584,1.5989,2.0668,5.5100,346.21,38085828.64,3643003.93,184913583.12,254016192.02,438929775.14,58147.22,4.03800141,0.00031450,0.01006409,0.00629005,0.02294351,0.02923357,888486430.30,392.9460
585,1.6016,2.0666,5.5096,346.86,38091780.48,3643219.47,184959491.59,254028413.19,438987904.78,58129.64,4.03678073,0.00031443,0.01006188,0.00628868,0.02290143,0.02919011,888542559.94,393.4449
586,1.6044,2.0664,5.5091,347.52,38097731.81,3643434.97,185005385.55,254040631.30,439046016.85,58112.07,4.03556045,0.00031437,0.01005968,0.00628730,0.02285943,0.02914673,888598672.01,393.9442
587,1.6071,2.0663,5.5087,348.18,38103682.65,3643650.42,185051264.97,254052846.38,439104111.35,58094.50,4.03434058,0.00031430,0.01005748,0.00628593,0.02281750,0.02910342,888654766.52,394.4440
588,1.6099,2.0661,5.5082,348.85,38109633.00,3643865.82,185097129.89,254065058.41,439162188.30,58076.94,4.03312112,0.00031423,0.01005528,0.00628455,0.02277564,0.02906019,888710843.46,394.9443
589,1.6126,2.0659,5.5077,349.51,38115582.84,3644081.17,185142980.29,254077267.40,439220247.69,58059.39,4.03190205,0.00031416,0.01005308,0.00628317,0.02273387,0.02901704,888766902.85,395.4451
590,1.6153,2.0657,5.5073,350.17,38121532.20,3644296.47,185188816.18,254089473.35,439278289.53,58041.84,4.03068339,0.00031409,0.01005088,0.00628180,0.02269217,0.02897397,888822944.69,395.9463
591,1.6181,2.0656,5.5068,350.84,38127481.05,3644511.73,185234637.56,254101676.26,439336313.83,58024.30,4.02946513,0.00031402,0.01004868,0.00628043,0.02265054,0.02893097,888878968.99,396.4481
592,1.6208,2.0654,5.5064,351.51,38133429.41,3644726.93,185280444.45,254113876.13,439394320.59,58006.76,4.02824728,0.00031395,0.01004648,0.00627905,0.02260900,0.02888805,888934975.75,396.9502
593,1.6235,2.0652,5.5059,352.17,38139377.27,3644942.09,185326236.85,254126072.97,439452309.82,57989.23,4.02702983,0.00031388,0.01004428,0.00627768,0.02256752,0.02884520,888990964.98,397.4529
594,1.6263,2.0651,5.5054,352.84,38145324.63,3645157.20,185372014.75,254138266.77,439510281.52,57971.70,4.02581278,0.00031382,0.01004209,0.00627630,0.02252613,0.02880243,889046936.68,397.9560
595,1.6290,2.0649,5.5050,353.51,38151271.50,3645372.26,185417778.17,254150457.53,439568235.71,57954.18,4.02459613,0.00031375,0.01003989,0.00627493,0.02248480,0.02875973,889102890.87,398.4596
596,1.6318,2.0647,5.5045,354.19,38157217.87,3645587.27,185463527.11,254162645.26,439626172.38,57936.67,4.02337989,0.00031368,0.01003769,0.00627356,0.02244356,0.02871711,889158827.54,398.9636
597,1.6345,2.0645,5.5041,354.86,38163163.75,3645802.24,185509261.57,254174829.96,439684091.54,57919.16,4.02216404,0.00031361,0.01003550,0.00627219,0.02240239,0.02867457,889214746.70,399.4682
598,1.6372,2.0644,5.5036,355.53,38169109.13,3646017.15,185554981.57,254187011.63,439741993.20,57901.66,4.02094860,0.00031354,0.01003330,0.00627081,0.02236129,0.02863210,889270648.36,399.9731
599,1.6400,2.0642,5.5031,356.21,38175054.01,3646232.02,185600687.09,254199190.27,439799877.36,57884.16,4.01973356,0.00031347,0.01003111,0.00626944,0.02232027,0.02858971,889326532.52,400.4786
600,1.6427,2.0640,5.5027,356.89,38180998.40,3646446.84,185646378.15,254211365.88,439857744.03,57866.67,4.01851893,0.00031340,0.01002891,0.00626807,0.02227932,0.02854739,889382399.20,400.9845
601,1.6454,2.0639,5.5022,357.57,38186942.29,3646661.61,185692054.76,254223538.46,439915593.22,57849.19,4.01730469,0.00031333,0.01002672,0.00626670,0.02223845,0.02850515,889438248.38,401.4909
602,1.6482,2.0637,5.5018,358.24,38192885.69,3646876.33,185737716.91,254235708.02,439973424.93,57831.71,4.01609086,0.00031327,0.01002453,0.00626533,0.02219765,0.02846298,889494080.09,401.9978
603,1.6509,2.0635,5.5013,358.93,38198828.59,3647091.00,185783364.62,254247874.55,440031239.16,57814.23,4.01487742,0.00031320,0.01002233,0.00626396,0.02215693,0.02842089,889549894.33,402.5051
604,1.6537,2.0633,5.5009,359.61,38204770.99,3647305.63,185828997.87,254260038.06,440089035.93,57796.77,4.01366439,0.00031313,0.01002014,0.00626259,0.02211628,0.02837887,889605691.09,403.0130
605,1.6564,2.0632,5.5004,360.29,38210712.90,3647520.20,185874616.70,254272198.54,440146815.24,57779.31,4.01245176,0.00031306,0.01001795,0.00626122,0.02207570,0.02833692,889661470.40,403.5212
606,1.6591,2.0630,5.4999,360.98,38216654.31,3647734.73,185920221.08,254284356.01,440204577.09,57761.85,4.01123953,0.00031299,0.01001576,0.00625985,0.02203520,0.02829505,889717232.25,404.0300
607,1.6619,2.0628,5.4995,361.66,38222595.23,3647949.21,185965811.04,254296510.45,440262321.49,57744.40,4.01002770,0.00031292,0.01001357,0.00625848,0.02199478,0.02825326,889772976.65,404.5392
608,1.6646,2.0626,5.4990,362.35,38228535.65,3648163.64,186011386.57,254308661.87,440320048.44,57726.95,4.00881627,0.00031286,0.01001138,0.00625711,0.02195442,0.02821153,889828703.60,405.0489
609,1.6674,2.0625,5.4986,363.04,38234475.57,3648378.03,186056947.67,254320810.28,440377757.96,57709.52,4.00760524,0.00031279,0.01000919,0.00625574,0.02191414,0.02816989,889884413.12,405.5590
610,1.6701,2.0623,5.4981,363.73,38240415.00,3648592.36,186102494.37,254332955.67,440435450.04,57692.08,4.00639461,0.00031272,0.01000700,0.00625438,0.02187393,0.02812831,889940105.20,406.0697
611,1.6728,2.0621,5.4976,364.42,38246353.94,3648806.65,186148026.65,254345098.05,440493124.69,57674.66,4.00518439,0.00031265,0.01000481,0.00625301,0.02183380,0.02808681,889995779.86,406.5807
612,1.6756,2.0620,5.4972,365.11,38252292.37,3649020.89,186193544.52,254357237.41,440550781.93,57657.23,4.00397456,0.00031258,0.01000263,0.00625164,0.02179374,0.02804538,890051437.09,407.0923
613,1.6783,2.0618,5.4967,365.81,38258230.32,3649235.08,186239047.99,254369373.76,440608421.74,57639.82,4.00276513,0.00031251,0.01000044,0.00625027,0.02175375,0.02800403,890107076.91,407.6043
614,1.6810,2.0616,5.4963,366.50,38264167.76,3649449.23,186284537.06,254381507.09,440666044.15,57622.41,4.00155610,0.00031245,0.00999825,0.00624891,0.02171384,0.02796275,890162699.32,408.1168
615,1.6838,2.0614,5.4958,367.20,38270104.71,3649663.32,186330011.74,254393637.42,440723649.16,57605.00,4.00034747,0.00031238,0.00999607,0.00624754,0.02167400,0.02792154,890218304.32,408.6298
616,1.6865,2.0613,5.4953,367.90,38276041.17,3649877.37,186375472.03,254405764.73,440781236.76,57587.61,3.99913924,0.00031231,0.00999388,0.00624618,0.02163423,0.02788040,890273891.92,409.1432
617,1.6893,2.0611,5.4949,368.60,38281977.13,3650091.37,186420917.93,254417889.04,440838806.97,57570.21,3.99793141,0.00031224,0.00999170,0.00624481,0.02159453,0.02783934,890329462.14,409.6571
618,1.6920,2.0609,5.4944,369.30,38287912.60,3650305.32,186466349.46,254430010.34,440896359.80,57552.83,3.99672397,0.00031217,0.00998951,0.00624345,0.02155491,0.02779835,890385014.96,410.1715
619,1.6947,2.0608,5.4940,370.00,38293847.57,3650519.22,186511766.60,254442128.64,440953895.24,57535.44,3.99551694,0.00031210,0.00998733,0.00624208,0.02151535,0.02775743,890440550.41,410.6864
620,1.6975,2.0606,5.4935,370.70,38299782.04,3650733.08,186557169.38,254454243.93,441011413.31,57518.07,3.99431031,0.00031204,0.00998515,0.00624072,0.02147587,0.02771659,890496068.47,411.2017
621,1.7002,2.0604,5.4931,371.41,38305716.02,3650946.88,186602557.79,254466356.22,441068914.01,57500.70,3.99310407,0.00031197,0.00998296,0.00623935,0.02143647,0.02767582,890551569.17,411.7175
622,1.7029,2.0602,5.4926,372.11,38311649.51,3651160.64,186647931.84,254478465.50,441126397.34,57483.33,3.99189823,0.00031190,0.00998078,0.00623799,0.02139713,0.02763512,890607052.51,412.2337
623,1.7057,2.0601,5.4921,372.82,38317582.50,3651374.35,186693291.53,254490571.79,441183863.32,57465.98,3.99069279,0.00031183,0.00997860,0.00623663,0.02135786,0.02759449,890662518.48,412.7504
624,1.7084,2.0599,5.4917,373.53,38323514.99,3651588.02,186738636.87,254502675.07,441241311.94,57448.62,3.98948775,0.00031176,0.00997642,0.00623526,0.02131867,0.02755393,890717967.11,413.2676
625,1.7112,2.0597,5.4912,374.24,38329446.99,3651801.63,186783967.86,254514775.36,441298743.22,57431.28,3.98828311,0.00031170,0.00997424,0.00623390,0.02127955,0.02751345,890773398.38,413.7853
626,1.7139,2.0596,5.4908,374.95,38335378.49,3652015.20,186829284.51,254526872.64,441356157.16,57413.94,3.98707886,0.00031163,0.00997206,0.00623254,0.02124050,0.02747304,890828812.32,414.3034
627,1.7166,2.0594,5.4903,375.66,38341309.50,3652228.72,186874586.82,254538966.94,441413553.76,57396.60,3.98587502,0.00031156,0.00996988,0.00623118,0.02120152,0.02743270,890884208.92,414.8220
628,1.7194,2.0592,5.4898,376.38,38347240.02,3652442.19,186919874.79,254551058.23,441470933.03,57379.27,3.98467157,0.00031149,0.00996770,0.00622981,0.02116261,0.02739243,890939588.19,415.3410
629,1.7221,2.0590,5.4894,377.09,38353170.04,3652655.61,186965148.44,254563146.54,441528294.97,57361.95,3.98346851,0.00031142,0.00996553,0.00622845,0.02112377,0.02735223,890994950.14,415.8606
630,1.7248,2.0589,5.4889,377.81,38359099.56,3652868.99,187010407.75,254575231.85,441585639.60,57344.63,3.98226586,0.00031135,0.00996335,0.00622709,0.02108501,0.02731210,891050294.76,416.3806
631,1.7276,2.0587,5.4885,378.53,38365028.59,3653082.32,187055652.75,254587314.17,441642966.92,57327.32,3.98106360,0.00031129,0.00996117,0.00622573,0.02104631,0.02727204,891105622.08,416.9010
632,1.7303,2.0585,5.4880,379.25,38370957.12,3653295.60,187100883.43,254599393.50,441700276.93,57310.01,3.97986174,0.00031122,0.00995900,0.00622437,0.02100769,0.02723206,891160932.09,417.4220
633,1.7331,2.0583,5.4876,379.97,38376885.17,3653508.83,187146099.80,254611469.84,441757569.63,57292.71,3.97866027,0.00031115,0.00995682,0.00622301,0.02096913,0.02719214,891216224.80,417.9434
634,1.7358,2.0582,5.4871,380.69,38382812.71,3653722.01,187191301.86,254623543.19,441814845.05,57275.41,3.97745920,0.00031108,0.00995464,0.00622165,0.02093065,0.02715230,891271500.21,418.4652
635,1.7385,2.0580,5.4866,381.41,38388739.76,3653935.15,187236489.62,254635613.55,441872103.17,57258.12,3.97625853,0.00031101,0.00995247,0.00622029,0.02089223,0.02711253,891326758.33,418.9876
636,1.7413,2.0578,5.4862,382.14,38394666.32,3654148.24,187281663.08,254647680.93,441929344.01,57240.84,3.97505826,0.00031095,0.00995030,0.00621893,0.02085389,0.02707282,891381999.17,419.5104
637,1.7440,2.0577,5.4857,382.87,38400592.38,3654361.28,187326822.24,254659745.33,441986567.57,57223.56,3.97385838,0.00031088,0.00994812,0.00621758,0.02081561,0.02703319,891437222.73,420.0337
638,1.7467,2.0575,5.4853,383.59,38406517.95,3654574.27,187371967.12,254671806.74,442043773.86,57206.29,3.97265890,0.00031081,0.00994595,0.00621622,0.02077741,0.02699363,891492429.02,420.5574
639,1.7495,2.0573,5.4848,384.32,38412443.02,3654787.22,187417097.71,254683865.17,442100962.88,57189.02,3.97145981,0.00031074,0.00994378,0.00621486,0.02073927,0.02695413,891547618.04,421.0816
640,1.7522,2.0571,5.4843,385.05,38418367.60,3655000.12,187462214.02,254695920.62,442158134.64,57171.76,3.97026112,0.00031068,0.00994161,0.00621350,0.02070121,0.02691471,891602789.80,421.6063
641,1.7550,2.0570,5.4839,385.78,38424291.68,3655212.97,187507316.06,254707973.09,442215289.14,57154.50,3.96906282,0.00031061,0.00993943,0.00621215,0.02066321,0.02687536,891657944.31,422.1314
642,1.7577,2.0568,5.4834,386.52,38430215.27,3655425.77,187552403.82,254720022.58,442272426.40,57137.25,3.96786492,0.00031054,0.00993726,0.00621079,0.02062528,0.02683607,891713081.56,422.6570
643,1.7604,2.0566,5.4830,387.25,38436138.37,3655638.53,187597477.32,254732069.09,442329546.41,57120.01,3.96666742,0.00031047,0.00993509,0.00620943,0.02058743,0.02679686,891768201.57,423.1831
644,1.7632,2.0565,5.4825,387.99,38442060.97,3655851.24,187642536.55,254744112.63,442386649.18,57102.77,3.96547031,0.00031040,0.00993292,0.00620808,0.02054964,0.02675771,891823304.34,423.7097
645,1.7659,2.0563,5.4821,388.73,38447983.08,3656063.90,187687581.53,254756153.19,442443734.72,57085.54,3.96427359,0.00031034,0.00993076,0.00620672,0.02051192,0.02671864,891878389.88,424.2367
646,1.7687,2.0561,5.4816,389.47,38453904.69,3656276.51,187732612.26,254768190.78,442500803.03,57068.31,3.96307727,0.00031027,0.00992859,0.00620537,0.02047427,0.02667963,891933458.20,424.7642
647,1.7714,2.0559,5.4811,390.21,38459825.81,3656489.07,187777628.73,254780225.39,442557854.13,57051.09,3.96188135,0.00031020,0.00992642,0.00620401,0.02043668,0.02664069,891988509.29,425.2921
648,1.7741,2.0558,5.4807,390.95,38465746.43,3656701.59,187822630.96,254792257.04,442614888.00,57033.88,3.96068582,0.00031013,0.00992425,0.00620266,0.02039917,0.02660183,892043543.16,425.8205
649,1.7769,2.0556,5.4802,391.69,38471666.56,3656914.06,187867618.95,254804285.71,442671904.67,57016.67,3.95949068,0.00031007,0.00992209,0.00620130,0.02036172,0.02656303,892098559.83,426.3494
650,1.7796,2.0554,5.4798,392.43,38477586.20,3657126.48,187912592.71,254816311.42,442728904.13,56999.46,3.95829594,0.00031000,0.00991992,0.00619995,0.02032435,0.02652429,892153559.29,426.8788
651,1.7823,2.0553,5.4793,393.18,38483505.34,3657338.86,187957552.24,254828334.15,442785886.39,56982.26,3.95710159,0.00030993,0.00991775,0.00619860,0.02028704,0.02648563,892208541.55,427.4086
652,1.7851,2.0551,5.4789,393.93,38489423.99,3657551.19,188002497.54,254840353.92,442842851.46,56965.07,3.95590764,0.00030986,0.00991559,0.00619724,0.02024979,0.02644704,892263506.62,427.9389
653,1.7878,2.0549,5.4784,394.68,38495342.14,3657763.47,188047428.62,254852370.73,442899799.34,56947.88,3.95471408,0.00030979,0.00991342,0.00619589,0.02021262,0.02640851,892318454.51,428.4696
654,1.7906,2.0547,5.4779,395.43,38501259.81,3657975.70,188092345.48,254864384.57,442956730.05,56930.70,3.95352092,0.00030973,0.00991126,0.00619454,0.02017552,0.02637005,892373385.21,429.0008
655,1.7933,2.0546,5.4775,396.18,38507176.97,3658187.89,188137248.12,254876395.45,443013643.57,56913.53,3.95232814,0.00030966,0.00990910,0.00619319,0.02013848,0.02633166,892428298.73,429.5325
656,1.7960,2.0544,5.4770,396.93,38513093.65,3658400.03,188182136.56,254888403.36,443070539.93,56896.36,3.95113577,0.00030959,0.00990693,0.00619183,0.02010151,0.02629334,892483195.09,430.0647
657,1.7988,2.0542,5.4766,397.69,38519009.83,3658612.12,188227010.80,254900408.32,443127419.12,56879.19,3.94994378,0.00030952,0.00990477,0.00619048,0.02006460,0.02625509,892538074.28,430.5973
658,1.8015,2.0541,5.4761,398.44,38524925.51,3658824.16,188271870.84,254912410.31,443184281.15,56862.03,3.94875219,0.00030946,0.00990261,0.00618913,0.02002777,0.02621690,892592936.31,431.1304
659,1.8042,2.0539,5.4757,399.20,38530840.70,3659036.16,188316716.68,254924409.35,443241126.03,56844.88,3.94756099,0.00030939,0.00990045,0.00618778,0.01999100,0.02617878,892647781.19,431.6639
660,1.8070,2.0537,5.4752,399.96,38536755.40,3659248.10,188361548.33,254936405.42,443297953.76,56827.73,3.94637018,0.00030932,0.00989829,0.00618643,0.01995430,0.02614073,892702608.92,432.1979
661,1.8097,2.0535,5.4747,400.72,38542669.61,3659460.01,188406365.80,254948398.55,443354764.35,56810.59,3.94517977,0.00030925,0.00989613,0.00618508,0.01991766,0.02610274,892757419.51,432.7324
662,1.8125,2.0534,5.4743,401.48,38548583.32,3659671.86,188451169.09,254960388.71,443411557.80,56793.45,3.94398975,0.00030919,0.00989397,0.00618373,0.01988110,0.02606483,892812212.96,433.2674
663,1.8152,2.0532,5.4738,402.24,38554496.54,3659883.67,188495958.19,254972375.93,443468334.12,56776.32,3.94280012,0.00030912,0.00989181,0.00618238,0.01984459,0.02602698,892866989.28,433.8028
664,1.8179,2.0530,5.4734,403.01,38560409.26,3660095.43,188540733.13,254984360.19,443525093.32,56759.20,3.94161089,0.00030905,0.00988965,0.00618103,0.01980816,0.02598919,892921748.48,434.3386
665,1.8207,2.0529,5.4729,403.77,38566321.49,3660307.14,188585493.90,254996341.50,443581835.39,56742.08,3.94042204,0.00030898,0.00988749,0.00617968,0.01977179,0.02595148,892976490.56,434.8750
666,1.8234,2.0527,5.4725,404.54,38572233.23,3660518.80,188630240.50,255008319.85,443638560.36,56724.96,3.93923359,0.00030892,0.00988534,0.00617834,0.01973549,0.02591383,893031215.52,435.4118
667,1.8261,2.0525,5.4720,405.31,38578144.47,3660730.42,188674972.95,255020295.26,443695268.21,56707.86,3.93804553,0.00030885,0.00988318,0.00617699,0.01969925,0.02587624,893085923.38,435.9491
668,1.8289,2.0523,5.4715,406.08,38584055.23,3660941.99,188719691.24,255032267.72,443751958.97,56690.75,3.93685786,0.00030878,0.00988102,0.00617564,0.01966308,0.02583873,893140614.13,436.4868
669,1.8316,2.0522,5.4711,406.85,38589965.48,3661153.52,188764395.39,255044237.24,443808632.62,56673.66,3.93567059,0.00030871,0.00987887,0.00617429,0.01962698,0.02580127,893195287.79,437.0250
670,1.8344,2.0520,5.4706,407.63,38595875.25,3661364.99,188809085.38,255056203.81,443865289.19,56656.57,3.93448370,0.00030865,0.00987671,0.00617295,0.01959094,0.02576389,893249944.35,437.5637
671,1.8371,2.0518,5.4702,408.40,38601784.52,3661576.42,188853761.24,255068167.43,443921928.67,56639.48,3.93329721,0.00030858,0.00987456,0.00617160,0.01955497,0.02572657,893304583.83,438.1028
672,1.8398,2.0517,5.4697,409.18,38607693.30,3661787.81,188898422.96,255080128.11,443978551.07,56622.40,3.93211111,0.00030851,0.00987241,0.00617025,0.01951907,0.02568932,893359206.23,438.6424
673,1.8426,2.0515,5.4693,409.96,38613601.58,3661999.14,188943070.55,255092085.85,444035156.39,56605.33,3.93092539,0.00030845,0.00987025,0.00616891,0.01948322,0.02565213,893413811.56,439.1825
674,1.8453,2.0513,5.4688,410.73,38619509.38,3662210.43,188987704.01,255104040.64,444091744.65,56588.26,3.92974007,0.00030838,0.00986810,0.00616756,0.01944745,0.02561501,893468399.81,439.7230
675,1.8480,2.0511,5.4684,411.52,38625416.68,3662421.67,189032323.34,255115992.50,444148315.84,56571.19,3.92855514,0.00030831,0.00986595,0.00616622,0.01941174,0.02557796,893522971.01,440.2640
676,1.8508,2.0510,5.4679,412.30,38631323.48,3662632.86,189076928.56,255127941.42,444204869.98,56554.14,3.92737060,0.00030824,0.00986380,0.00616487,0.01937609,0.02554097,893577525.14,440.8055
677,1.8535,2.0508,5.4674,413.08,38637229.80,3662844.01,189121519.67,255139887.40,444261407.07,56537.08,3.92618645,0.00030818,0.00986164,0.00616353,0.01934051,0.02550404,893632062.23,441.3474
678,1.8563,2.0506,5.4670,413.87,38643135.62,3663055.11,189166096.66,255151830.44,444317927.11,56520.04,3.92500270,0.00030811,0.00985949,0.00616218,0.01930500,0.02546718,893686582.27,441.8898
679,1.8590,2.0505,5.4665,414.65,38649040.95,3663266.17,189210659.55,255163770.55,444374430.10,56503.00,3.92381933,0.00030804,0.00985734,0.00616084,0.01926955,0.02543039,893741085.27,442.4327
680,1.8617,2.0503,5.4661,415.44,38654945.78,3663477.17,189255208.34,255175707.72,444430916.07,56485.96,3.92263635,0.00030797,0.00985519,0.00615950,0.01923416,0.02539366,893795571.23,442.9760
681,1.8645,2.0501,5.4656,416.23,38660850.12,3663688.13,189299743.04,255187641.96,444487385.00,56468.93,3.92145376,0.00030791,0.00985305,0.00615815,0.01919884,0.02535699,893850040.16,443.5198
682,1.8672,2.0499,5.4652,417.02,38666753.97,3663899.04,189344263.64,255199573.27,444543836.91,56451.91,3.92027156,0.00030784,0.00985090,0.00615681,0.01916358,0.02532039,893904492.07,444.0640
683,1.8700,2.0498,5.4647,417.82,38672657.33,3664109.91,189388770.15,255211501.65,444600271.80,56434.89,3.91908975,0.00030777,0.00984875,0.00615547,0.01912839,0.02528386,893958926.97,444.6087
684,1.8727,2.0496,5.4642,418.61,38678560.19,3664320.73,189433262.58,255223427.10,444656689.68,56417.88,3.91790833,0.00030771,0.00984660,0.00615413,0.01909326,0.02524739,894013344.85,445.1539
685,1.8754,2.0494,5.4638,419.40,38684462.57,3664531.50,189477740.94,255235349.62,444713090.56,56400.87,3.91672730,0.00030764,0.00984446,0.00615278,0.01905820,0.02521098,894067745.72,445.6995
686,1.8782,2.0493,5.4633,420.20,38690364.45,3664742.22,189522205.22,255247269.21,444769474.43,56383.87,3.91554666,0.00030757,0.00984231,0.00615144,0.01902320,0.02517464,894122129.59,446.2456
687,1.8809,2.0491,5.4629,421.00,38696265.83,3664952.90,189566655.43,255259185.88,444825841.31,56366.88,3.91436641,0.00030751,0.00984016,0.00615010,0.01898826,0.02513836,894176496.47,446.7922
688,1.8836,2.0489,5.4624,421.80,38702166.73,3665163.53,189611091.57,255271099.62,444882191.19,56349.89,3.91318654,0.00030744,0.00983802,0.00614876,0.01895339,0.02510215,894230846.35,447.3392
689,1.8864,2.0488,5.4620,422.60,38708067.13,3665374.12,189655513.66,255283010.44,444938524.09,56332.90,3.91200707,0.00030737,0.00983587,0.00614742,0.01891858,0.02506600,894285179.26,447.8867
690,1.8891,2.0486,5.4615,423.41,38713967.04,3665584.65,189699921.68,255294918.33,444994840.02,56315.92,3.91082798,0.00030730,0.00983373,0.00614608,0.01888383,0.02502992,894339495.18,448.4346
691,1.8919,2.0484,5.4611,424.21,38719866.46,3665795.14,189744315.66,255306823.31,445051138.97,56298.95,3.90964928,0.00030724,0.00983159,0.00614474,0.01884915,0.02499389,894393794.13,448.9830
692,1.8946,2.0482,5.4606,425.02,38725765.38,3666005.59,189788695.59,255318725.36,445107420.95,56281.98,3.90847097,0.00030717,0.00982944,0.00614340,0.01881453,0.02495793,894448076.11,449.5319
693,1.8973,2.0481,5.4601,425.83,38731663.81,3666215.98,189833061.48,255330624.49,445163685.97,56265.02,3.90729305,0.00030710,0.00982730,0.00614206,0.01877998,0.02492204,894502341.13,450.0813
694,1.9001,2.0479,5.4597,426.63,38737561.75,3666426.33,189877413.32,255342520.71,445219934.03,56248.06,3.90611552,0.00030704,0.00982516,0.00614072,0.01874548,0.02488621,894556589.19,450.6311
695,1.9028,2.0477,5.4592,427.45,38743459.20,3666636.64,189921751.14,255354414.01,445276165.14,56231.11,3.90493837,0.00030697,0.00982302,0.00613939,0.01871105,0.02485044,894610820.31,451.1813
696,1.9055,2.0476,5.4588,428.26,38749356.16,3666846.90,189966074.92,255366304.39,445332379.31,56214.17,3.90376161,0.00030690,0.00982088,0.00613805,0.01867669,0.02481474,894665034.47,451.7320
697,1.9083,2.0474,5.4583,429.07,38755252.62,3667057.11,190010384.68,255378191.86,445388576.54,56197.23,3.90258524,0.00030684,0.00981874,0.00613671,0.01864238,0.02477909,894719231.70,452.2832
698,1.9110,2.0472,5.4579,429.89,38761148.60,3667267.27,190054680.42,255390076.41,445444756.83,56180.29,3.90140926,0.00030677,0.00981660,0.00613537,0.01860814,0.02474351,894773411.99,452.8349
699,1.9138,2.0470,5.4574,430.70,38767044.08,3667477.39,190098962.14,255401958.05,445500920.20,56163.36,3.90023366,0.00030670,0.00981446,0.00613404,0.01857396,0.02470800,894827575.36,453.3870
700,1.9165,2.0469,5.4570,431.52,38772939.06,3667687.46,190143229.86,255413836.78,445557066.64,56146.44,3.89905845,0.00030664,0.00981232,0.00613270,0.01853985,0.02467255,894881721.80,453.9395
701,1.9192,2.0467,5.4565,432.34,38778833.56,3667897.48,190187483.56,255425712.60,445613196.16,56129.52,3.89788363,0.00030657,0.00981018,0.00613136,0.01850579,0.02463715,894935851.33,454.4926
702,1.9220,2.0465,5.4560,433.17,38784727.57,3668107.46,190231723.26,255437585.51,445669308.78,56112.61,3.89670920,0.00030650,0.00980805,0.00613003,0.01847180,0.02460183,894989963.94,455.0461
703,1.9247,2.0464,5.4556,433.99,38790621.08,3668317.39,190275948.96,255449455.52,445725404.48,56095.71,3.89553515,0.00030643,0.00980591,0.00612869,0.01843787,0.02456656,895044059.64,455.6000
704,1.9274,2.0462,5.4551,434.81,38796514.10,3668527.27,190320160.67,255461322.61,445781483.29,56078.81,3.89436149,0.00030637,0.00980377,0.00612736,0.01840400,0.02453136,895098138.45,456.1544
705,1.9302,2.0460,5.4547,435.64,38802406.63,3668737.11,190364358.39,255473186.80,445837545.20,56061.91,3.89318821,0.00030630,0.00980164,0.00612602,0.01837019,0.02449621,895152200.36,456.7093
706,1.9329,2.0458,5.4542,436.47,38808298.67,3668946.90,190408542.13,255485048.09,445893590.22,56045.02,3.89201533,0.00030623,0.00979950,0.00612469,0.01833645,0.02446114,895206245.38,457.2646
707,1.9357,2.0457,5.4538,437.30,38814190.21,3669156.64,190452711.88,255496906.47,445949618.35,56028.14,3.89084282,0.00030617,0.00979737,0.00612335,0.01830276,0.02442612,895260273.52,457.8204
708,1.9384,2.0455,5.4533,438.13,38820081.27,3669366.34,190496867.66,255508761.95,446005629.61,56011.26,3.88967071,0.00030610,0.00979523,0.00612202,0.01826914,0.02439116,895314284.78,458.3767
709,1.9411,2.0453,5.4529,438.96,38825971.83,3669575.99,190541009.46,255520614.53,446061624.00,55994.39,3.88849898,0.00030603,0.00979310,0.00612069,0.01823558,0.02435627,895368279.16,458.9334
710,1.9439,2.0452,5.4524,439.80,38831861.90,3669785.60,190585137.30,255532464.21,446117601.52,55977.52,3.88732763,0.00030597,0.00979097,0.00611935,0.01820208,0.02432143,895422256.68,459.4906
711,1.9466,2.0450,5.4520,440.63,38837751.48,3669995.16,190629251.18,255544311.00,446173562.17,55960.66,3.88615667,0.00030590,0.00978883,0.00611802,0.01816864,0.02428666,895476217.33,460.0482
712,1.9493,2.0448,5.4515,441.47,38843640.57,3670204.67,190673351.09,255556154.88,446229505.97,55943.80,3.88498610,0.00030583,0.00978670,0.00611669,0.01813527,0.02425195,895530161.13,460.6063
713,1.9521,2.0447,5.4510,442.31,38849529.16,3670414.13,190717437.05,255567995.87,446285432.92,55926.95,3.88381591,0.00030577,0.00978457,0.00611536,0.01810195,0.02421731,895584088.08,461.1648
714,1.9548,2.0445,5.4506,443.15,38855417.27,3670623.55,190761509.07,255579833.96,446341343.02,55910.10,3.88264610,0.00030570,0.00978244,0.00611402,0.01806869,0.02418272,895637998.19,461.7238
715,1.9576,2.0443,5.4501,443.99,38861304.88,3670832.92,190805567.13,255591669.15,446397236.29,55893.26,3.88147669,0.00030563,0.00978031,0.00611269,0.01803550,0.02414819,895691891.45,462.2833
716,1.9603,2.0441,5.4497,444.84,38867192.00,3671042.25,190849611.26,255603501.46,446453112.72,55876.43,3.88030765,0.00030557,0.00977818,0.00611136,0.01800236,0.02411373,895745767.88,462.8432
717,1.9630,2.0440,5.4492,445.68,38873078.64,3671251.53,190893641.45,255615330.87,446508972.32,55859.60,3.87913900,0.00030550,0.00977605,0.00611003,0.01796929,0.02407932,895799627.48,463.4036
718,1.9658,2.0438,5.4488,446.53,38878964.78,3671460.77,190937657.71,255627157.39,446564815.10,55842.78,3.87797074,0.00030544,0.00977392,0.00610870,0.01793628,0.02404498,895853470.26,463.9645
719,1.9685,2.0436,5.4483,447.38,38884850.42,3671669.95,190981660.04,255638981.02,446620641.06,55825.96,3.87680286,0.00030537,0.00977179,0.00610737,0.01790332,0.02401069,895907296.22,464.5258
720,1.9713,2.0435,5.4479,448.23,38890735.58,3671879.09,191025648.45,255650801.76,446676450.21,55809.15,3.87563536,0.00030530,0.00976967,0.00610604,0.01787043,0.02397647,895961105.37,465.0875
721,1.9740,2.0433,5.4474,449.08,38896620.25,3672088.19,191069622.93,255662619.62,446732242.55,55792.34,3.87446825,0.00030524,0.00976754,0.00610471,0.01783760,0.02394231,896014897.72,465.6497
722,1.9767,2.0431,5.4469,449.93,38902504.42,3672297.24,191113583.51,255674434.59,446788018.09,55775.54,3.87330153,0.00030517,0.00976541,0.00610338,0.01780482,0.02390821,896068673.26,466.2124
723,1.9795,2.0429,5.4465,450.79,38908388.11,3672506.24,191157530.17,255686246.67,446843776.84,55758.75,3.87213518,0.00030510,0.00976329,0.00610205,0.01777211,0.02387417,896122432.00,466.7755
724,1.9822,2.0428,5.4460,451.65,38914271.30,3672715.20,191201462.93,255698055.87,446899518.80,55741.96,3.87096922,0.00030504,0.00976116,0.00610073,0.01773946,0.02384018,896176173.96,467.3391
725,1.9849,2.0426,5.4456,452.50,38920154.01,3672924.10,191245381.78,255709862.19,446955243.97,55725.17,3.86980365,0.00030497,0.00975904,0.00609940,0.01770686,0.02380626,896229899.13,467.9032
726,1.9877,2.0424,5.4451,453.36,38926036.22,3673132.97,191289286.74,255721665.62,447010952.36,55708.39,3.86863846,0.00030490,0.00975691,0.00609807,0.01767433,0.02377240,896283607.53,468.4677
727,1.9904,2.0423,5.4447,454.23,38931917.94,3673341.79,191333177.81,255733466.17,447066643.98,55691.62,3.86747365,0.00030484,0.00975479,0.00609674,0.01764185,0.02373860,896337299.15,469.0326
728,1.9932,2.0421,5.4442,455.09,38937799.17,3673550.56,191377054.99,255745263.85,447122318.84,55674.85,3.86630922,0.00030477,0.00975267,0.00609542,0.01760944,0.02370485,896390974.00,469.5981
729,1.9959,2.0419,5.4438,455.96,38943679.91,3673759.28,191420918.28,255757058.64,447177976.93,55658.09,3.86514518,0.00030470,0.00975054,0.00609409,0.01757708,0.02367117,896444632.09,470.1639
730,1.9986,2.0418,5.4433,456.82,38949560.16,3673967.96,191464767.70,255768850.56,447233618.26,55641.33,3.86398152,0.00030464,0.00974842,0.00609276,0.01754478,0.02363755,896498273.42,470.7303
731,2.0014,2.0416,5.4429,457.69,38955439.91,3674176.59,191508603.24,255780639.60,447289242.84,55624.58,3.86281824,0.00030457,0.00974630,0.00609144,0.01751255,0.02360398,896551898.01,471.2970
732,2.0041,2.0414,5.4424,458.56,38961319.18,3674385.18,191552424.91,255792425.77,447344850.68,55607.84,3.86165535,0.00030451,0.00974418,0.00609011,0.01748037,0.02357048,896605505.84,471.8643
733,2.0068,2.0412,5.4420,459.43,38967197.96,3674593.72,191596232.72,255804209.06,447400441.78,55591.10,3.86049283,0.00030444,0.00974206,0.00608879,0.01744824,0.02353703,896659096.94,472.4320
734,2.0096,2.0411,5.4415,460.31,38973076.24,3674802.22,191640026.66,255815989.48,447456016.14,55574.36,3.85933070,0.00030437,0.00973994,0.00608746,0.01741618,0.02350364,896712671.30,473.0001
735,2.0123,2.0409,5.4410,461.18,38978954.04,3675010.66,191683806.74,255827767.03,447511573.77,55557.63,3.85816896,0.00030431,0.00973782,0.00608614,0.01738418,0.02347031,896766228.94,473.5687
736,2.0151,2.0407,5.4406,462.06,38984831.34,3675219.07,191727572.98,255839541.71,447567114.68,55540.91,3.85700759,0.00030424,0.00973570,0.00608481,0.01735223,0.02343704,896819769.85,474.1378
737,2.0178,2.0406,5.4401,462.93,38990708.16,3675427.42,191771325.36,255851313.51,447622638.87,55524.19,3.85584661,0.00030417,0.00973358,0.00608349,0.01732035,0.02340383,896873294.04,474.7073
738,2.0205,2.0404,5.4397,463.81,38996584.48,3675635.73,191815063.90,255863082.45,447678146.35,55507.48,3.85468601,0.00030411,0.00973146,0.00608216,0.01728852,0.02337068,896926801.52,475.2773
739,2.0233,2.0402,5.4392,464.70,39002460.32,3675844.00,191858788.60,255874848.52,447733637.12,55490.77,3.85352579,0.00030404,0.00972935,0.00608084,0.01725675,0.02333759,896980292.29,475.8477
740,2.0260,2.0400,5.4388,465.58,39008335.66,3676052.22,191902499.46,255886611.73,447789111.19,55474.07,3.85236595,0.00030398,0.00972723,0.00607952,0.01722503,0.02330455,897033766.36,476.4186
741,2.0287,2.0399,5.4383,466.46,39014210.51,3676260.39,191946196.50,255898372.07,447844568.57,55457.37,3.85120649,0.00030391,0.00972511,0.00607820,0.01719338,0.02327157,897087223.73,476.9899
742,2.0315,2.0397,5.4379,467.35,39020084.88,3676468.52,191989879.70,255910129.55,447900009.25,55440.68,3.85004741,0.00030384,0.00972300,0.00607687,0.01716178,0.02323865,897140664.41,477.5617
743,2.0342,2.0395,5.4374,468.24,39025958.75,3676676.60,192033549.09,255921884.16,447955433.25,55424.00,3.84888872,0.00030378,0.00972088,0.00607555,0.01713024,0.02320579,897194088.41,478.1339
744,2.0370,2.0394,5.4370,469.13,39031832.13,3676884.63,192077204.65,255933635.91,448010840.56,55407.32,3.84773041,0.00030371,0.00971877,0.00607423,0.01709876,0.02317299,897247495.73,478.7066
745,2.0397,2.0392,5.4365,470.02,39037705.03,3677092.62,192120846.41,255945384.80,448066231.21,55390.64,3.84657247,0.00030365,0.00971665,0.00607291,0.01706733,0.02314024,897300886.37,479.2798
746,2.0424,2.0390,5.4361,470.92,39043577.43,3677300.56,192164474.35,255957130.83,448121605.18,55373.97,3.84541492,0.00030358,0.00971454,0.00607159,0.01703597,0.02310756,897354260.35,479.8534
747,2.0452,2.0389,5.4356,471.81,39049449.34,3677508.46,192208088.49,255968874.01,448176962.49,55357.31,3.84425775,0.00030351,0.00971243,0.00607027,0.01700466,0.02307493,897407617.66,480.4274
748,2.0479,2.0387,5.4351,472.71,39055320.76,3677716.31,192251688.83,255980614.32,448232303.15,55340.65,3.84310096,0.00030345,0.00971032,0.00606895,0.01697341,0.02304235,897460958.31,481.0019
749,2.0507,2.0385,5.4347,473.61,39061191.70,3677924.12,192295275.37,255992351.78,448287627.15,55324.00,3.84194455,0.00030338,0.00970820,0.00606763,0.01694221,0.02300984,897514282.31,481.5769
750,2.0534,2.0383,5.4342,474.51,39067062.14,3678131.88,192338848.12,256004086.39,448342934.50,55307.35,3.84078851,0.00030332,0.00970609,0.00606631,0.01691107,0.02297738,897567589.67,482.1523
751,2.0561,2.0382,5.4338,475.41,39072932.09,3678339.59,192382407.08,256015818.14,448398225.22,55290.71,3.83963286,0.00030325,0.00970398,0.00606499,0.01687999,0.02294498,897620880.38,482.7281
752,2.0589,2.0380,5.4333,476.31,39078801.56,3678547.26,192425952.26,256027547.03,448453499.30,55274.08,3.83847759,0.00030318,0.00970187,0.00606367,0.01684896,0.02291264,897674154.46,483.3044
753,2.0616,2.0378,5.4329,477.22,39084670.53,3678754.88,192469483.66,256039273.08,448508756.74,55257.45,3.83732270,0.00030312,0.00969976,0.00606235,0.01681800,0.02288035,897727411.90,483.8812
754,2.0643,2.0377,5.4324,478.12,39090539.01,3678962.46,192513001.29,256050996.27,448563997.56,55240.82,3.83616819,0.00030305,0.00969765,0.00606103,0.01678708,0.02284812,897780652.73,484.4584
755,2.0671,2.0375,5.4320,479.03,39096407.01,3679169.99,192556505.15,256062716.62,448619221.77,55224.20,3.83501406,0.00030299,0.00969555,0.00605972,0.01675623,0.02281595,897833876.93,485.0360
756,2.0698,2.0373,5.4315,479.94,39102274.51,3679377.48,192599995.24,256074434.12,448674429.35,55207.59,3.83386030,0.00030292,0.00969344,0.00605840,0.01672543,0.02278383,897887084.52,485.6142
757,2.0726,2.0372,5.4311,480.86,39108141.52,3679584.92,192643471.57,256086148.76,448729620.33,55190.98,3.83270693,0.00030285,0.00969133,0.00605708,0.01669469,0.02275177,897940275.50,486.1927
758,2.0753,2.0370,5.4306,481.77,39114008.05,3679792.31,192686934.14,256097860.57,448784794.71,55174.38,3.83155393,0.00030279,0.00968922,0.00605576,0.01666400,0.02271977,897993449.87,486.7717
759,2.0780,2.0368,5.4302,482.69,39119874.08,3679999.66,192730382.96,256109569.53,448839952.49,55157.78,3.83040132,0.00030272,0.00968712,0.00605445,0.01663337,0.02268782,898046607.65,487.3512
760,2.0808,2.0366,5.4297,483.60,39125739.63,3680206.96,192773818.04,256121275.64,448895093.68,55141.19,3.82924908,0.00030266,0.00968501,0.00605313,0.01660280,0.02265593,898099748.84,487.9311
761,2.0835,2.0365,5.4293,484.52,39131604.69,3680414.22,192817239.37,256132978.91,448950218.28,55124.60,3.82809722,0.00030259,0.00968291,0.00605182,0.01657228,0.02262409,898152873.44,488.5115
762,2.0862,2.0363,5.4288,485.44,39137469.25,3680621.43,192860646.96,256144679.34,449005326.30,55108.02,3.82694574,0.00030253,0.00968080,0.00605050,0.01654181,0.02259231,898205981.46,489.0923
763,2.0890,2.0361,5.4283,486.37,39143333.33,3680828.59,192904040.81,256156376.93,449060417.74,55091.44,3.82579464,0.00030246,0.00967870,0.00604919,0.01651141,0.02256059,898259072.90,489.6735
764,2.0917,2.0360,5.4279,487.29,39149196.92,3681035.71,192947420.93,256168071.68,449115492.61,55074.87,3.82464392,0.00030239,0.00967659,0.00604787,0.01648106,0.02252893,898312147.77,490.2552
765,2.0945,2.0358,5.4274,488.22,39155060.02,3681242.79,192990787.33,256179763.59,449170550.92,55058.31,3.82349357,0.00030233,0.00967449,0.00604656,0.01645076,0.02249731,898365206.08,490.8374
766,2.0972,2.0356,5.4270,489.14,39160922.63,3681449.82,193034140.01,256191452.66,449225592.67,55041.75,3.82234360,0.00030226,0.00967239,0.00604524,0.01642052,0.02246576,898418247.83,491.4200
767,2.0999,2.0355,5.4265,490.07,39166784.75,3681656.80,193077478.97,256203138.89,449280617.86,55025.19,3.82119401,0.00030220,0.00967028,0.00604393,0.01639033,0.02243426,898471273.02,492.0030
768,2.1027,2.0353,5.4261,491.01,39172646.38,3681863.74,193120804.21,256214822.30,449335626.51,55008.65,3.82004480,0.00030213,0.00966818,0.00604261,0.01636020,0.02240282,898524281.67,492.5865
769,2.1054,2.0351,5.4256,491.94,39178507.52,3682070.63,193164115.74,256226502.86,449390618.61,54992.10,3.81889596,0.00030207,0.00966608,0.00604130,0.01633013,0.02237143,898577273.77,493.1705
770,2.1081,2.0349,5.4252,492.87,39184368.18,3682277.48,193207413.58,256238180.60,449445594.17,54975.56,3.81774751,0.00030200,0.00966398,0.00603999,0.01630010,0.02234009,898630249.33,493.7548
771,2.1109,2.0348,5.4247,493.81,39190228.34,3682484.28,193250697.71,256249855.50,449500553.20,54959.03,3.81659943,0.00030193,0.00966188,0.00603868,0.01627014,0.02230881,898683208.37,494.3397
772,2.1136,2.0346,5.4243,494.75,39196088.01,3682691.04,193293968.14,256261527.57,449555495.71,54942.50,3.81545172,0.00030187,0.00965978,0.00603736,0.01624023,0.02227759,898736150.87,494.9250
773,2.1164,2.0344,5.4238,495.69,39201947.20,3682897.75,193337224.88,256273196.81,449610421.69,54925.98,3.81430440,0.00030180,0.00965768,0.00603605,0.01621037,0.02224642,898789076.85,495.5107
774,2.1191,2.0343,5.4234,496.63,39207805.90,3683104.41,193380467.94,256284863.22,449665331.16,54909.47,3.81315745,0.00030174,0.00965559,0.00603474,0.01618057,0.02221531,898841986.32,496.0969
775,2.1218,2.0341,5.4229,497.58,39213664.11,3683311.03,193423697.31,256296526.81,449720224.11,54892.96,3.81201087,0.00030167,0.00965349,0.00603343,0.01615082,0.02218425,898894879.28,496.6835
776,2.1246,2.0339,5.4225,498.52,39219521.83,3683517.61,193466913.00,256308187.56,449775100.57,54876.45,3.81086468,0.00030161,0.00965139,0.00603212,0.01612113,0.02215325,898947755.73,497.2705
777,2.1273,2.0338,5.4220,499.47,39225379.06,3683724.14,193510115.02,256319845.50,449829960.52,54859.95,3.80971886,0.00030154,0.00964929,0.00603081,0.01609149,0.02212230,899000615.68,497.8581
778,2.1300,2.0336,5.4216,500.42,39231235.80,3683930.62,193553303.37,256331500.60,449884803.97,54843.46,3.80857341,0.00030147,0.00964720,0.00602950,0.01606190,0.02209140,899053459.14,498.4460
779,2.1328,2.0334,5.4211,501.37,39237092.05,3684137.06,193596478.05,256343152.89,449939630.94,54826.97,3.80742835,0.00030141,0.00964510,0.00602819,0.01603237,0.02206056,899106286.11,499.0344
780,2.1355,2.0333,5.4206,502.32,39242947.82,3684343.45,193639639.08,256354802.35,449994441.43,54810.48,3.80628365,0.00030134,0.00964301,0.00602688,0.01600290,0.02202978,899159096.59,499.6233
781,2.1383,2.0331,5.4202,503.28,39248803.09,3684549.80,193682786.44,256366448.99,450049235.43,54794.01,3.80513934,0.00030128,0.00964091,0.00602557,0.01597347,0.02199904,899211890.60,500.2125
782,2.1410,2.0329,5.4197,504.24,39254657.88,3684756.10,193725920.15,256378092.82,450104012.97,54777.53,3.80399540,0.00030121,0.00963882,0.00602426,0.01594410,0.02196837,899264668.13,500.8023
783,2.1437,2.0327,5.4193,505.19,39260512.18,3684962.36,193769040.22,256389733.82,450158774.03,54761.07,3.80285183,0.00030115,0.00963672,0.00602295,0.01591479,0.02193774,899317429.20,501.3924
784,2.1465,2.0326,5.4188,506.15,39266365.99,3685168.57,193812146.63,256401372.00,450213518.64,54744.60,3.80170865,0.00030108,0.00963463,0.00602164,0.01588553,0.02190717,899370173.80,501.9831
785,2.1492,2.0324,5.4184,507.12,39272219.31,3685374.74,193855239.41,256413007.37,450268246.79,54728.15,3.80056583,0.00030102,0.00963254,0.00602034,0.01585632,0.02187666,899422901.95,502.5741
786,2.1520,2.0322,5.4179,508.08,39278072.14,3685580.86,193898318.56,256424639.93,450322958.48,54711.70,3.79942339,0.00030095,0.00963045,0.00601903,0.01582716,0.02184619,899475613.65,503.1656
787,2.1547,2.0321,5.4175,509.05,39283924.49,3685786.94,193941384.07,256436269.66,450377653.73,54695.25,3.79828133,0.00030089,0.00962836,0.00601772,0.01579806,0.02181578,899528308.90,503.7576
788,2.1574,2.0319,5.4170,510.01,39289776.34,3685992.97,193984435.96,256447896.59,450432332.55,54678.81,3.79713964,0.00030082,0.00962627,0.00601642,0.01576901,0.02178543,899580987.71,504.3499
789,2.1602,2.0317,5.4166,510.98,39295627.71,3686198.96,194027474.22,256459520.70,450486994.92,54662.38,3.79599833,0.00030076,0.00962417,0.00601511,0.01574002,0.02175513,899633650.08,504.9428
790,2.1629,2.0316,5.4161,511.95,39301478.59,3686404.90,194070498.87,256471142.00,450541640.87,54645.95,3.79485739,0.00030069,0.00962209,0.00601380,0.01571107,0.02172488,899686296.03,505.5360
791,2.1656,2.0314,5.4157,512.93,39307328.98,3686610.79,194113509.90,256482760.49,450596270.39,54629.52,3.79371682,0.00030062,0.00962000,0.00601250,0.01568218,0.02169468,899738925.55,506.1298
792,2.1684,2.0312,5.4152,513.90,39313178.89,3686816.64,194156507.32,256494376.17,450650883.49,54613.10,3.79257663,0.00030056,0.00961791,0.00601119,0.01565335,0.02166454,899791538.66,506.7239
793,2.1711,2.0310,5.4148,514.88,39319028.30,3687022.45,194199491.14,256505989.05,450705480.18,54596.69,3.79143682,0.00030049,0.00961582,0.00600989,0.01562456,0.02163445,899844135.35,507.3185
794,2.1739,2.0309,5.4143,515.86,39324877.23,3687228.21,194242461.35,256517599.11,450760060.47,54580.28,3.79029737,0.00030043,0.00961373,0.00600858,0.01559583,0.02160441,899896715.63,507.9135
795,2.1766,2.0307,5.4139,516.84,39330725.67,3687433.92,194285417.97,256529206.38,450814624.35,54563.88,3.78915831,0.00030036,0.00961164,0.00600728,0.01556715,0.02157443,899949279.51,508.5090
796,2.1793,2.0305,5.4134,517.82,39336573.62,3687639.59,194328361.00,256540810.83,450869171.83,54547.48,3.78801961,0.00030030,0.00960956,0.00600597,0.01553852,0.02154450,900001826.99,509.1049
797,2.1821,2.0304,5.4130,518.81,39342421.08,3687845.22,194371290.43,256552412.48,450923702.92,54531.09,3.78688129,0.00030023,0.00960747,0.00600467,0.01550995,0.02151462,900054358.08,509.7013
798,2.1848,2.0302,5.4125,519.79,39348268.06,3688050.80,194414206.29,256564011.33,450978217.62,54514.70,3.78574334,0.00030017,0.00960539,0.00600337,0.01548143,0.02148479,900106872.79,510.2980
799,2.1875,2.0300,5.4121,520.78,39354114.54,3688256.33,194457108.56,256575607.38,451032715.95,54498.32,3.78460577,0.00030010,0.00960330,0.00600206,0.01545296,0.02145502,900159371.11,510.8953
800,2.1903,2.0299,5.4116,521.77,39359960.54,3688461.83,194499997.26,256587200.63,451087197.89,54481.95,3.78346857,0.00030004,0.00960122,0.00600076,0.01542454,0.02142530,900211853.06,511.4929
801,2.1930,2.0297,5.4112,522.76,39365806.06,3688667.27,194542872.39,256598791.08,451141663.47,54465.58,3.78233174,0.00029997,0.00959913,0.00599946,0.01539617,0.02139563,900264318.63,512.0910
802,2.1958,2.0295,5.4107,523.75,39371651.08,3688872.67,194585733.95,256610378.73,451196112.68,54449.21,3.78119529,0.00029991,0.00959705,0.00599816,0.01536786,0.02136601,900316767.85,512.6896
803,2.1985,2.0294,5.4103,524.75,39377495.62,3689078.03,194628581.95,256621963.58,451250545.54,54432.85,3.78005921,0.00029984,0.00959497,0.00599685,0.01533959,0.02133645,900369200.70,513.2886
804,2.2012,2.0292,5.4098,525.75,39383339.66,3689283.34,194671416.40,256633545.64,451304962.03,54416.50,3.77892350,0.00029978,0.00959288,0.00599555,0.01531138,0.02130694,900421617.20,513.8880
805,2.2040,2.0290,5.4094,526.75,39389183.22,3689488.60,194714237.28,256645124.90,451359362.18,54400.15,3.77778816,0.00029971,0.00959080,0.00599425,0.01528322,0.02127748,900474017.35,514.4878
806,2.2067,2.0288,5.4089,527.75,39395026.30,3689693.82,194757044.62,256656701.37,451413745.99,54383.81,3.77665320,0.00029965,0.00958872,0.00599295,0.01525512,0.02124807,900526401.15,515.0881
807,2.2094,2.0287,5.4084,528.75,39400868.88,3689899.00,194799838.42,256668275.04,451468113.46,54367.47,3.77551860,0.00029958,0.00958664,0.00599165,0.01522706,0.02121871,900578768.62,515.6888
808,2.2122,2.0285,5.4080,529.76,39406710.98,3690104.13,194842618.67,256679845.92,451522464.59,54351.14,3.77438438,0.00029952,0.00958456,0.00599035,0.01519905,0.02118940,900631119.75,516.2900
809,2.2149,2.0283,5.4075,530.76,39412552.59,3690309.21,194885385.38,256691414.02,451576799.40,54334.81,3.77325054,0.00029945,0.00958248,0.00598905,0.01517110,0.02116015,900683454.56,516.8916
810,2.2177,2.0282,5.4071,531.77,39418393.71,3690514.26,194928138.57,256702979.32,451631117.89,54318.49,3.77211706,0.00029939,0.00958040,0.00598775,0.01514320,0.02113095,900735773.05,517.4936
811,2.2204,2.0280,5.4066,532.78,39424234.35,3690719.25,194970878.22,256714541.83,451685420.05,54302.17,3.77098396,0.00029932,0.00957832,0.00598645,0.01511534,0.02110180,900788075.22,518.0961
812,2.2231,2.0278,5.4062,533.80,39430074.50,3690924.20,195013604.36,256726101.56,451739705.91,54285.86,3.76985123,0.00029926,0.00957625,0.00598515,0.01508754,0.02107270,900840361.07,518.6990
813,2.2259,2.0277,5.4057,534.81,39435914.16,3691129.11,195056316.97,256737658.50,451793975.46,54269.55,3.76871887,0.00029919,0.00957417,0.00598386,0.01505979,0.02104365,900892630.63,519.3023
814,2.2286,2.0275,5.4053,535.83,39441753.33,3691333.97,195099016.07,256749212.65,451848228.71,54253.25,3.76758688,0.00029913,0.00957209,0.00598256,0.01503209,0.02101465,900944883.88,519.9061
815,2.2313,2.0273,5.4048,536.85,39447592.02,3691538.79,195141701.65,256760764.02,451902465.67,54236.96,3.76645526,0.00029906,0.00957001,0.00598126,0.01500444,0.02098570,900997120.83,520.5103
816,2.2341,2.0272,5.4044,537.87,39453430.22,3691743.56,195184373.73,256772312.61,451956686.34,54220.67,3.76532401,0.00029900,0.00956794,0.00597996,0.01497685,0.02095681,901049341.50,521.1149
817,2.2368,2.0270,5.4039,538.89,39459267.93,3691948.29,195227032.31,256783858.41,452010890.72,54204.38,3.76419313,0.00029893,0.00956586,0.00597866,0.01494930,0.02092796,901101545.88,521.7200
818,2.2396,2.0268,5.4035,539.91,39465105.15,3692152.97,195269677.39,256795401.43,452065078.82,54188.10,3.76306263,0.00029887,0.00956379,0.00597737,0.01492180,0.02089917,901153733.98,522.3255
819,2.2423,2.0266,5.4030,540.94,39470941.89,3692357.61,195312308.97,256806941.67,452119250.65,54171.83,3.76193249,0.00029880,0.00956171,0.00597607,0.01489435,0.02087042,901205905.81,522.9314
820,2.2450,2.0265,5.4026,541.97,39476778.14,3692562.20,195354927.07,256818479.14,452173406.21,54155.56,3.76080273,0.00029874,0.00955964,0.00597478,0.01486695,0.02084173,901258061.37,523.5378
821,2.2478,2.0263,5.4021,543.00,39482613.90,3692766.75,195397531.68,256830013.82,452227545.50,54139.30,3.75967334,0.00029867,0.00955757,0.00597348,0.01483961,0.02081309,901310200.67,524.1446
822,2.2505,2.0261,5.4017,544.03,39488449.18,3692971.26,195440122.81,256841545.73,452281668.54,54123.04,3.75854431,0.00029861,0.00955549,0.00597218,0.01481231,0.02078449,901362323.70,524.7518
823,2.2533,2.0260,5.4012,545.06,39494283.97,3693175.72,195482700.46,256853074.86,452335775.33,54106.79,3.75741566,0.00029854,0.00955342,0.00597089,0.01478506,0.02075595,901414430.49,525.3595
824,2.2560,2.0258,5.4008,546.10,39500118.27,3693380.13,195525264.64,256864601.22,452389865.86,54090.54,3.75628738,0.00029848,0.00955135,0.00596959,0.01475786,0.02072746,901466521.03,525.9676
825,2.2587,2.0256,5.4003,547.14,39505952.09,3693584.50,195567815.35,256876124.81,452443940.16,54074.30,3.75515946,0.00029841,0.00954928,0.00596830,0.01473072,0.02069902,901518595.32,526.5761
826,2.2615,2.0255,5.3999,548.18,39511785.42,3693788.83,195610352.60,256887645.62,452497998.22,54058.06,3.75403192,0.00029835,0.00954721,0.00596701,0.01470362,0.02067062,901570653.38,527.1850
827,2.2642,2.0253,5.3994,549.22,39517618.26,3693993.11,195652876.39,256899163.66,452552040.05,54041.83,3.75290475,0.00029829,0.00954514,0.00596571,0.01467657,0.02064228,901622695.21,527.7944
828,2.2669,2.0251,5.3990,550.26,39523450.62,3694197.35,195695386.72,256910678.93,452606065.65,54025.60,3.75177794,0.00029822,0.00954307,0.00596442,0.01464957,0.02061399,901674720.81,528.4042
829,2.2697,2.0250,5.3985,551.31,39529282.49,3694401.54,195737883.60,256922191.43,452660075.03,54009.38,3.75065151,0.00029816,0.00954100,0.00596312,0.01462262,0.02058575,901726730.20,529.0144
830,2.2724,2.0248,5.3981,552.36,39535113.87,3694605.69,195780367.04,256933701.16,452714068.20,53993.17,3.74952544,0.00029809,0.00953893,0.00596183,0.01459572,0.02055755,901778723.36,529.6251
831,2.2752,2.0246,5.3976,553.41,39540944.76,3694809.79,195822837.03,256945208.12,452768045.16,53976.96,3.74839975,0.00029803,0.00953686,0.00596054,0.01456887,0.02052941,901830700.32,530.2362
832,2.2779,2.0244,5.3972,554.46,39546775.17,3695013.85,195865293.59,256956712.32,452822005.91,53960.75,3.74727442,0.00029796,0.00953480,0.00595925,0.01454207,0.02050131,901882661.07,530.8477
833,2.2806,2.0243,5.3967,555.51,39552605.09,3695217.86,195907736.70,256968213.75,452875950.46,53944.55,3.74614946,0.00029790,0.00953273,0.00595796,0.01451531,0.02047327,901934605.62,531.4597
834,2.2834,2.0241,5.3963,556.57,39558434.53,3695421.83,195950166.39,256979712.42,452929878.82,53928.36,3.74502487,0.00029783,0.00953066,0.00595666,0.01448861,0.02044527,901986533.98,532.0720
835,2.2861,2.0239,5.3958,557.63,39564263.48,3695625.76,195992582.66,256991208.33,452983790.99,53912.17,3.74390065,0.00029777,0.00952860,0.00595537,0.01446195,0.02041733,902038446.15,532.6848
836,2.2888,2.0238,5.3954,558.69,39570091.94,3695829.64,196034985.50,257002701.47,453037686.97,53895.99,3.74277679,0.00029770,0.00952653,0.00595408,0.01443535,0.02038943,902090342.14,533.2981
837,2.2916,2.0236,5.3949,559.75,39575919.92,3696033.48,196077374.93,257014191.85,453091566.78,53879.81,3.74165331,0.00029764,0.00952447,0.00595279,0.01440879,0.02036158,902142221.94,533.9117
838,2.2943,2.0234,5.3945,560.81,39581747.41,3696237.27,196119750.94,257025679.48,453145430.41,53863.63,3.74053019,0.00029758,0.00952240,0.00595150,0.01438228,0.02033378,902194085.58,534.5258
839,2.2971,2.0233,5.3940,561.88,39587574.41,3696441.02,196162113.54,257037164.34,453199277.88,53847.47,3.73940744,0.00029751,0.00952034,0.00595021,0.01435582,0.02030603,902245933.04,535.1403
840,2.2998,2.0231,5.3936,562.95,39593400.93,3696644.72,196204462.74,257048646.45,453253109.19,53831.30,3.73828506,0.00029745,0.00951827,0.00594892,0.01432940,0.02027833,902297764.35,535.7552
841,2.3025,2.0229,5.3931,564.02,39599226.96,3696848.38,196246798.54,257060125.79,453306924.33,53815.15,3.73716305,0.00029738,0.00951621,0.00594763,0.01430304,0.02025067,902349579.50,536.3706
842,2.3053,2.0228,5.3927,565.09,39605052.51,3697051.99,196289120.94,257071602.39,453360723.33,53799.00,3.73604140,0.00029732,0.00951415,0.00594634,0.01427672,0.02022307,902401378.49,536.9863
843,2.3080,2.0226,5.3922,566.16,39610877.57,3697255.56,196331429.95,257083076.23,453414506.18,53782.85,3.73492012,0.00029725,0.00951209,0.00594506,0.01425045,0.02019551,902453161.34,537.6025
844,2.3107,2.0224,5.3918,567.24,39616702.14,3697459.09,196373725.58,257094547.31,453468272.89,53766.71,3.73379921,0.00029719,0.00951003,0.00594377,0.01422423,0.02016800,902504928.05,538.2192
845,2.3135,2.0223,5.3913,568.32,39622526.23,3697662.57,196416007.82,257106015.64,453522023.46,53750.57,3.73267867,0.00029712,0.00950797,0.00594248,0.01419806,0.02014054,902556678.62,538.8362
846,2.3162,2.0221,5.3909,569.40,39628349.83,3697866.01,196458276.68,257117481.22,453575757.90,53734.44,3.73155849,0.00029706,0.00950591,0.00594119,0.01417194,0.02011313,902608413.07,539.4537
847,2.3190,2.0219,5.3904,570.48,39634172.95,3698069.40,196500532.17,257128944.05,453629476.22,53718.32,3.73043868,0.00029700,0.00950385,0.00593990,0.01414586,0.02008577,902660131.38,540.0715
848,2.3217,2.0217,5.3900,571.57,39639995.58,3698272.75,196542774.28,257140404.13,453683178.42,53702.20,3.72931924,0.00029693,0.00950179,0.00593862,0.01411983,0.02005845,902711833.58,540.6899
849,2.3244,2.0216,5.3895,572.65,39645817.72,3698476.05,196585003.03,257151861.47,453736864.50,53686.08,3.72820016,0.00029687,0.00949973,0.00593733,0.01409385,0.02003118,902763519.66,541.3086
850,2.3272,2.0214,5.3891,573.74,39651639.38,3698679.32,196627218.42,257163316.05,453790534.47,53669.97,3.72708145,0.00029680,0.00949767,0.00593604,0.01406792,0.02000396,902815189.64,541.9277
851,2.3299,2.0212,5.3886,574.83,39657460.55,3698882.53,196669420.45,257174767.89,453844188.34,53653.87,3.72596311,0.00029674,0.00949561,0.00593476,0.01404203,0.01997679,902866843.51,542.5473
852,2.3326,2.0211,5.3882,575.92,39663281.24,3699085.70,196711609.13,257186216.98,453897826.11,53637.77,3.72484513,0.00029667,0.00949356,0.00593347,0.01401619,0.01994966,902918481.27,543.1673
853,2.3354,2.0209,5.3877,577.02,39669101.44,3699288.83,196753784.46,257197663.33,453951447.79,53621.68,3.72372752,0.00029661,0.00949150,0.00593219,0.01399040,0.01992259,902970102.95,543.7877
854,2.3381,2.0207,5.3873,578.12,39674921.15,3699491.92,196795946.44,257209106.94,454005053.38,53605.59,3.72261027,0.00029655,0.00948944,0.00593090,0.01396465,0.01989556,903021708.54,544.4085
855,2.3409,2.0206,5.3868,579.21,39680740.38,3699694.96,196838095.08,257220547.80,454058642.88,53589.50,3.72149340,0.00029648,0.00948739,0.00592962,0.01393896,0.01986858,903073298.04,545.0298
856,2.3436,2.0204,5.3864,580.32,39686559.12,3699897.95,196880230.38,257231985.93,454112216.31,53573.43,3.72037688,0.00029642,0.00948533,0.00592833,0.01391331,0.01984164,903124871.47,545.6515
857,2.3463,2.0202,5.3859,581.42,39692377.38,3700100.90,196922352.35,257243421.31,454165773.66,53557.35,3.71926073,0.00029635,0.00948328,0.00592705,0.01388770,0.01981475,903176428.83,546.2735
858,2.3491,2.0201,5.3855,582.52,39698195.15,3700303.81,196964461.00,257254853.95,454219314.95,53541.29,3.71814495,0.00029629,0.00948123,0.00592577,0.01386215,0.01978791,903227970.11,546.8960
859,2.3518,2.0199,5.3850,583.63,39704012.44,3700506.67,197006556.32,257266283.86,454272840.18,53525.23,3.71702954,0.00029622,0.00947917,0.00592448,0.01383664,0.01976112,903279495.34,547.5190
860,2.3546,2.0197,5.3846,584.74,39709829.24,3700709.49,197048638.32,257277711.03,454326349.34,53509.17,3.71591448,0.00029616,0.00947712,0.00592320,0.01381117,0.01973437,903331004.51,548.1423
861,2.3573,2.0196,5.3841,585.85,39715645.56,3700912.27,197090707.00,257289135.46,454379842.46,53493.12,3.71479980,0.00029610,0.00947507,0.00592192,0.01378576,0.01970767,903382497.62,548.7660
862,2.3600,2.0194,5.3837,586.97,39721461.39,3701115.00,197132762.37,257300557.16,454433319.53,53477.07,3.71368547,0.00029603,0.00947302,0.00592064,0.01376038,0.01968102,903433974.69,549.3902
863,2.3628,2.0192,5.3832,588.08,39727276.74,3701317.69,197174804.44,257311976.13,454486780.56,53461.03,3.71257152,0.00029597,0.00947096,0.00591935,0.01373506,0.01965441,903485435.72,550.0148
864,2.3655,2.0190,5.3828,589.20,39733091.60,3701520.33,197216833.20,257323392.36,454540225.56,53444.99,3.71145793,0.00029590,0.00946891,0.00591807,0.01370978,0.01962785,903536880.72,550.6398
865,2.3682,2.0189,5.3823,590.32,39738905.97,3701722.93,197258848.66,257334805.86,454593654.52,53428.96,3.71034470,0.00029584,0.00946686,0.00591679,0.01368455,0.01960134,903588309.68,551.2652
866,2.3710,2.0187,5.3819,591.44,39744719.86,3701925.48,197300850.83,257346216.63,454647067.46,53412.94,3.70923183,0.00029578,0.00946481,0.00591551,0.01365937,0.01957488,903639722.62,551.8910
867,2.3737,2.0185,5.3814,592.57,39750533.27,3702128.00,197342839.71,257357624.67,454700464.38,53396.92,3.70811934,0.00029571,0.00946277,0.00591423,0.01363423,0.01954846,903691119.54,552.5173
868,2.3765,2.0184,5.3810,593.69,39756346.19,3702330.46,197384815.30,257369029.98,454753845.28,53380.90,3.70700720,0.00029565,0.00946072,0.00591295,0.01360913,0.01952208,903742500.44,553.1439
869,2.3792,2.0182,5.3805,594.82,39762158.62,3702532.89,197426777.61,257380432.56,454807210.17,53364.89,3.70589543,0.00029558,0.00945867,0.00591167,0.01358409,0.01949575,903793865.34,553.7710
870,2.3819,2.0180,5.3801,595.95,39767970.57,3702735.27,197468726.64,257391832.42,454860559.06,53348.89,3.70478402,0.00029552,0.00945662,0.00591039,0.01355908,0.01946947,903845214.23,554.3985
871,2.3847,2.0179,5.3796,597.08,39773782.03,3702937.60,197510662.40,257403229.55,454913891.96,53332.89,3.70367298,0.00029546,0.00945457,0.00590911,0.01353413,0.01944324,903896547.12,555.0264
872,2.3874,2.0177,5.3792,598.22,39779593.01,3703139.89,197552584.89,257414623.96,454967208.85,53316.90,3.70256230,0.00029539,0.00945253,0.00590783,0.01350922,0.01941705,903947864.02,555.6547
873,2.3901,2.0175,5.3787,599.36,39785403.51,3703342.14,197594494.11,257426015.65,455020509.76,53300.91,3.70145198,0.00029533,0.00945048,0.00590655,0.01348435,0.01939091,903999164.92,556.2834
874,2.3929,2.0174,5.3783,600.49,39791213.52,3703544.35,197636390.08,257437404.61,455073794.69,53284.93,3.70034203,0.00029526,0.00944844,0.00590527,0.01345954,0.01936481,904050449.85,556.9125
875,2.3956,2.0172,5.3778,601.64,39797023.04,3703746.51,197678272.78,257448790.85,455127063.63,53268.95,3.69923244,0.00029520,0.00944639,0.00590399,0.01343476,0.01933876,904101718.80,557.5421
876,2.3984,2.0170,5.3774,602.78,39802832.08,3703948.62,197720142.24,257460174.37,455180316.61,53252.97,3.69812322,0.00029514,0.00944435,0.00590272,0.01341003,0.01931275,904152971.77,558.1720
877,2.4011,2.0169,5.3769,603.93,39808640.64,3704150.70,197761998.44,257471555.17,455233553.61,53237.01,3.69701435,0.00029507,0.00944230,0.00590144,0.01338535,0.01928679,904204208.78,558.8024
878,2.4038,2.0167,5.3765,605.07,39814448.71,3704352.72,197803841.40,257482933.25,455286774.66,53221.04,3.69590585,0.00029501,0.00944026,0.00590016,0.01336071,0.01926087,904255429.82,559.4331
879,2.4066,2.0165,5.3761,606.22,39820256.30,3704554.71,197845671.13,257494308.62,455339979.75,53205.09,3.69479771,0.00029494,0.00943822,0.00589889,0.01333612,0.01923500,904306634.91,560.0643
880,2.4093,2.0164,5.3756,607.38,39826063.40,3704756.65,197887487.61,257505681.27,455393168.88,53189.14,3.69368994,0.00029488,0.00943617,0.00589761,0.01331157,0.01920918,904357824.04,560.6959
881,2.4120,2.0162,5.3752,608.53,39831870.01,3704958.55,197929290.86,257517051.21,455446342.07,53173.19,3.69258253,0.00029482,0.00943413,0.00589633,0.01328707,0.01918340,904408997.23,561.3279
882,2.4148,2.0160,5.3747,609.69,39837676.15,3705160.40,197971080.89,257528418.43,455499499.32,53157.25,3.69147547,0.00029475,0.00943209,0.00589506,0.01326261,0.01915767,904460154.48,561.9603
883,2.4175,2.0158,5.3743,610.85,39843481.80,3705362.21,198012857.69,257539782.93,455552640.63,53141.31,3.69036879,0.00029469,0.00943005,0.00589378,0.01323820,0.01913198,904511295.79,562.5931
884,2.4203,2.0157,5.3738,612.01,39849286.96,3705563.98,198054621.28,257551144.73,455605766.01,53125.38,3.68926246,0.00029463,0.00942801,0.00589251,0.01321383,0.01910633,904562421.17,563.2263
885,2.4230,2.0155,5.3734,613.17,39855091.64,3705765.70,198096371.65,257562503.81,455658875.46,53109.45,3.68815650,0.00029456,0.00942597,0.00589123,0.01318950,0.01908073,904613530.62,563.8599
886,2.4257,2.0153,5.3729,614.34,39860895.83,3705967.38,198138108.80,257573860.19,455711968.99,53093.53,3.68705089,0.00029450,0.00942393,0.00588996,0.01316522,0.01905518,904664624.16,564.4939
887,2.4285,2.0152,5.3725,615.50,39866699.54,3706169.02,198179832.76,257585213.85,455765046.61,53077.62,3.68594565,0.00029443,0.00942189,0.00588868,0.01314099,0.01902967,904715701.77,565.1284
888,2.4312,2.0150,5.3720,616.67,39872502.77,3706370.61,198221543.50,257596564.81,455818108.32,53061.71,3.68484077,0.00029437,0.00941985,0.00588741,0.01311680,0.01900421,904766763.48,565.7632
889,2.4339,2.0148,5.3716,617.85,39878305.51,3706572.16,198263241.06,257607913.06,455871154.12,53045.80,3.68373625,0.00029431,0.00941782,0.00588614,0.01309265,0.01897879,904817809.28,566.3984
890,2.4367,2.0147,5.3711,619.02,39884107.77,3706773.66,198304925.41,257619258.61,455924184.02,53029.90,3.68263210,0.00029424,0.00941578,0.00588486,0.01306855,0.01895341,904868839.18,567.0341
891,2.4394,2.0145,5.3707,620.20,39889909.54,3706975.12,198346596.58,257630601.45,455977198.03,53014.01,3.68152830,0.00029418,0.00941374,0.00588359,0.01304449,0.01892808,904919853.19,567.6701
892,2.4422,2.0143,5.3702,621.38,39895710.83,3707176.54,198388254.56,257641941.58,456030196.15,52998.12,3.68042487,0.00029412,0.00941171,0.00588232,0.01302048,0.01890279,904970851.31,568.3066
893,2.4449,2.0142,5.3698,622.56,39901511.64,3707377.92,198429899.36,257653279.02,456083178.38,52982.23,3.67932179,0.00029405,0.00940967,0.00588104,0.01299650,0.01887755,905021833.54,568.9434
894,2.4476,2.0140,5.3693,623.74,39907311.96,3707579.25,198471530.99,257664613.75,456136144.74,52966.35,3.67821908,0.00029399,0.00940764,0.00587977,0.01297258,0.01885235,905072799.90,569.5807
895,2.4504,2.0138,5.3689,624.93,39913111.79,3707780.53,198513149.43,257675945.78,456189095.22,52950.48,3.67711673,0.00029393,0.00940560,0.00587850,0.01294870,0.01882720,905123750.38,570.2183
896,2.4531,2.0137,5.3684,626.11,39918911.15,3707981.78,198554754.72,257687275.11,456242029.83,52934.61,3.67601474,0.00029386,0.00940357,0.00587723,0.01292486,0.01880209,905174684.99,570.8564
897,2.4559,2.0135,5.3680,627.30,39924710.02,3708182.98,198596346.83,257698601.75,456294948.58,52918.75,3.67491311,0.00029380,0.00940153,0.00587596,0.01290106,0.01877702,905225603.74,571.4948
898,2.4586,2.0133,5.3675,628.50,39930508.40,3708384.13,198637925.79,257709925.68,456347851.47,52902.89,3.67381183,0.00029373,0.00939950,0.00587469,0.01287731,0.01875200,905276506.63,572.1337
899,2.4613,2.0132,5.3671,629.69,39936306.30,3708585.25,198679491.59,257721246.92,456400738.50,52887.04,3.67271092,0.00029367,0.00939747,0.00587342,0.01285360,0.01872702,905327393.67,572.7729
900,2.4641,2.0130,5.3666,630.89,39942103.72,3708786.32,198721044.23,257732565.46,456453609.69,52871.19,3.67161037,0.00029361,0.00939544,0.00587215,0.01282994,0.01870208,905378264.86,573.4126
901,2.4668,2.0128,5.3662,632.09,39947900.65,3708987.34,198762583.73,257743881.31,456506465.04,52855.35,3.67051018,0.00029354,0.00939340,0.00587088,0.01280631,0.01867719,905429120.20,574.0526
902,2.4695,2.0127,5.3657,633.29,39953697.10,3709188.32,198804110.08,257755194.47,456559304.55,52839.51,3.66941035,0.00029348,0.00939137,0.00586961,0.01278273,0.01865234,905479959.71,574.6931
903,2.4723,2.0125,5.3653,634.49,39959493.07,3709389.26,198845623.30,257766504.93,456612128.23,52823.68,3.66831088,0.00029342,0.00938934,0.00586834,0.01275920,0.01862754,905530783.39,575.3339
904,2.4750,2.0123,5.3648,635.70,39965288.55,3709590.16,198887123.38,257777812.70,456664936.08,52807.85,3.66721176,0.00029335,0.00938731,0.00586707,0.01273571,0.01860278,905581591.24,575.9752
905,2.4778,2.0122,5.3644,636.91,39971083.55,3709791.01,198928610.32,257789117.78,456717728.10,52792.03,3.66611301,0.00029329,0.00938528,0.00586580,0.01271226,0.01857806,905632383.27,576.6168
906,2.4805,2.0120,5.3640,638.12,39976878.07,3709991.82,198970084.14,257800420.17,456770504.31,52776.21,3.66501462,0.00029323,0.00938325,0.00586453,0.01268885,0.01855339,905683159.48,577.2588
907,2.4832,2.0118,5.3635,639.33,39982672.10,3710192.59,199011544.84,257811719.87,456823264.71,52760.40,3.66391658,0.00029316,0.00938123,0.00586327,0.01266549,0.01852875,905733919.88,577.9013
908,2.4860,2.0116,5.3631,640.55,39988465.65,3710393.31,199052992.42,257823016.89,456876009.30,52744.59,3.66281890,0.00029310,0.00937920,0.00586200,0.01264217,0.01850417,905784664.47,578.5441
909,2.4887,2.0115,5.3626,641.76,39994258.71,3710593.99,199094426.88,257834311.21,456928738.10,52728.79,3.66172159,0.00029304,0.00937717,0.00586073,0.01261889,0.01847962,905835393.26,579.1873
910,2.4914,2.0113,5.3622,642.98,40000051.29,3710794.63,199135848.23,257845602.86,456981451.09,52712.99,3.66062463,0.00029297,0.00937514,0.00585947,0.01259565,0.01845512,905886106.25,579.8309
911,2.4942,2.0111,5.3617,644.21,40005843.39,3710995.22,199177256.48,257856891.81,457034148.29,52697.20,3.65952803,0.00029291,0.00937312,0.00585820,0.01257246,0.01843066,905936803.46,580.4749
912,2.4969,2.0110,5.3613,645.43,40011635.01,3711195.77,199218651.62,257868178.09,457086829.71,52681.42,3.65843179,0.00029285,0.00937109,0.00585693,0.01254931,0.01840624,905987484.87,581.1193
913,2.4997,2.0108,5.3608,646.66,40017426.14,3711396.28,199260033.67,257879461.68,457139495.35,52665.64,3.65733590,0.00029278,0.00936907,0.00585567,0.01252620,0.01838187,906038150.51,581.7641
914,2.5024,2.0106,5.3604,647.89,40023216.79,3711596.74,199301402.62,257890742.59,457192145.21,52649.86,3.65624038,0.00029272,0.00936704,0.00585440,0.01250314,0.01835754,906088800.37,582.4093
915,2.5051,2.0105,5.3599,649.12,40029006.95,3711797.16,199342758.48,257902020.82,457244779.30,52634.09,3.65514521,0.00029266,0.00936502,0.00585314,0.01248011,0.01833325,906139434.46,583.0549
916,2.5079,2.0103,5.3595,650.35,40034796.63,3711997.53,199384101.25,257913296.37,457297397.63,52618.33,3.65405040,0.00029259,0.00936299,0.00585187,0.01245713,0.01830900,906190052.79,583.7009
917,2.5106,2.0101,5.3590,651.59,40040585.83,3712197.87,199425430.94,257924569.25,457350000.19,52602.57,3.65295595,0.00029253,0.00936097,0.00585061,0.01243419,0.01828480,906240655.36,584.3472
918,2.5133,2.0100,5.3586,652.83,40046374.55,3712398.16,199466747.56,257935839.44,457402587.00,52586.81,3.65186185,0.00029247,0.00935895,0.00584934,0.01241129,0.01826064,906291242.17,584.9940
919,2.5161,2.0098,5.3581,654.07,40052162.78,3712598.41,199508051.10,257947106.96,457455158.06,52571.06,3.65076812,0.00029240,0.00935693,0.00584808,0.01238844,0.01823652,906341813.23,585.6411
920,2.5188,2.0096,5.3577,655.31,40057950.53,3712798.61,199549341.57,257958371.81,457507713.38,52555.32,3.64967474,0.00029234,0.00935490,0.00584682,0.01236562,0.01821244,906392368.54,586.2886
921,2.5216,2.0095,5.3572,656.56,40063737.80,3712998.77,199590618.98,257969633.98,457560252.96,52539.58,3.64858172,0.00029228,0.00935288,0.00584555,0.01234285,0.01818840,906442908.12,586.9366
922,2.5243,2.0093,5.3568,657.80,40069524.58,3713198.89,199631883.33,257980893.47,457612776.80,52523.84,3.64748905,0.00029221,0.00935086,0.00584429,0.01232012,0.01816441,906493431.96,587.5849
923,2.5270,2.0091,5.3563,659.05,40075310.88,3713398.96,199673134.62,257992150.30,457665284.91,52508.11,3.64639674,0.00029215,0.00934884,0.00584303,0.01229743,0.01814046,906543940.08,588.2336
924,2.5298,2.0090,5.3559,660.31,40081096.70,3713598.99,199714372.85,258003404.45,457717777.30,52492.39,3.64530479,0.00029209,0.00934682,0.00584176,0.01227479,0.01811655,906594432.46,588.8826
925,2.5325,2.0088,5.3555,661.56,40086882.04,3713798.98,199755598.04,258014655.93,457770253.97,52476.67,3.64421320,0.00029203,0.00934480,0.00584050,0.01225218,0.01809268,906644909.13,589.5321
926,2.5352,2.0086,5.3550,662.82,40092666.89,3713998.93,199796810.18,258025904.74,457822714.93,52460.96,3.64312196,0.00029196,0.00934278,0.00583924,0.01222962,0.01806886,906695370.09,590.1820
927,2.5380,2.0085,5.3546,664.08,40098451.26,3714198.83,199838009.29,258037150.89,457875160.18,52445.25,3.64203108,0.00029190,0.00934077,0.00583798,0.01220709,0.01804507,906745815.34,590.8322
928,2.5407,2.0083,5.3541,665.34,40104235.15,3714398.69,199879195.35,258048394.37,457927589.72,52429.54,3.64094055,0.00029184,0.00933875,0.00583672,0.01218461,0.01802133,906796244.88,591.4828
929,2.5435,2.0081,5.3537,666.61,40110018.55,3714598.51,199920368.39,258059635.18,457980003.56,52413.85,3.63985039,0.00029177,0.00933673,0.00583546,0.01216217,0.01799763,906846658.73,592.1338
930,2.5462,2.0080,5.3532,667.87,40115801.47,3714798.28,199961528.39,258070873.32,458032401.72,52398.15,3.63876057,0.00029171,0.00933472,0.00583420,0.01213977,0.01797397,906897056.88,592.7852
931,2.5489,2.0078,5.3528,669.14,40121583.91,3714998.01,200002675.37,258082108.81,458084784.18,52382.46,3.63767112,0.00029165,0.00933270,0.00583294,0.01211741,0.01795035,906947439.34,593.4370
932,2.5517,2.0076,5.3523,670.42,40127365.87,3715197.70,200043809.34,258093341.62,458137150.96,52366.78,3.63658202,0.00029158,0.00933068,0.00583168,0.01209509,0.01792677,906997806.12,594.0892
933,2.5544,2.0075,5.3519,671.69,40133147.34,3715397.34,200084930.28,258104571.78,458189502.07,52351.10,3.63549327,0.00029152,0.00932867,0.00583042,0.01207282,0.01790324,907048157.23,594.7417
934,2.5572,2.0073,5.3514,672.97,40138928.33,3715596.94,200126038.22,258115799.28,458241837.50,52335.43,3.63440488,0.00029146,0.00932665,0.00582916,0.01205058,0.01787974,907098492.66,595.3946
935,2.5599,2.0071,5.3510,674.25,40144708.84,3715796.50,200167133.15,258127024.11,458294157.26,52319.76,3.63331685,0.00029140,0.00932464,0.00582790,0.01202839,0.01785629,907148812.42,596.0479
936,2.5626,2.0070,5.3505,675.53,40150488.87,3715996.02,200208215.07,258138246.29,458346461.36,52304.10,3.63222917,0.00029133,0.00932263,0.00582664,0.01200623,0.01783287,907199116.52,596.7016
937,2.5654,2.0068,5.3501,676.81,40156268.42,3716195.49,200249284.00,258149465.80,458398749.80,52288.44,3.63114184,0.00029127,0.00932061,0.00582538,0.01198412,0.01780950,907249404.96,597.3557
938,2.5681,2.0066,5.3496,678.10,40162047.48,3716394.92,200290339.93,258160682.66,458451022.59,52272.79,3.63005488,0.00029121,0.00931860,0.00582413,0.01196204,0.01778617,907299677.75,598.0101
939,2.5708,2.0065,5.3492,679.39,40167826.06,3716594.31,200331382.87,258171896.87,458503279.73,52257.14,3.62896826,0.00029114,0.00931659,0.00582287,0.01194001,0.01776288,907349934.90,598.6650
940,2.5736,2.0063,5.3488,680.68,40173604.16,3716793.65,200372412.82,258183108.42,458555521.23,52241.50,3.62788200,0.00029108,0.00931458,0.00582161,0.01191802,0.01773963,907400176.40,599.3202
941,2.5763,2.0061,5.3483,681.97,40179381.77,3716992.95,200413429.79,258194317.31,458607747.10,52225.86,3.62679610,0.00029102,0.00931257,0.00582035,0.01189607,0.01771642,907450402.26,599.9757
942,2.5791,2.0059,5.3479,683.27,40185158.91,3717192.21,200454433.78,258205523.55,458659957.33,52210.23,3.62571055,0.00029095,0.00931056,0.00581910,0.01187415,0.01769325,907500612.49,600.6317
943,2.5818,2.0058,5.3474,684.57,40190935.56,3717391.43,200495424.80,258216727.14,458712151.94,52194.61,3.62462535,0.00029089,0.00930855,0.00581784,0.01185228,0.01767012,907550807.10,601.2880
944,2.5845,2.0056,5.3470,685.87,40196711.73,3717590.60,200536402.84,258227928.08,458764330.92,52178.98,3.62354051,0.00029083,0.00930654,0.00581659,0.01183045,0.01764703,907600986.08,601.9448
945,2.5873,2.0054,5.3465,687.17,40202487.42,3717789.73,200577367.92,258239126.36,458816494.29,52163.37,3.62245603,0.00029077,0.00930453,0.00581533,0.01180866,0.01762399,907651149.45,602.6018
946,2.5900,2.0053,5.3461,688.48,40208262.62,3717988.82,200618320.04,258250322.00,458868642.04,52147.76,3.62137189,0.00029070,0.00930252,0.00581407,0.01178690,0.01760098,907701297.20,603.2593
947,2.5927,2.0051,5.3456,689.79,40214037.34,3718187.87,200659259.20,258261514.99,458920774.19,52132.15,3.62028812,0.00029064,0.00930051,0.00581282,0.01176519,0.01757801,907751429.35,603.9171
948,2.5955,2.0049,5.3452,691.10,40219811.59,3718386.87,200700185.40,258272705.33,458972890.74,52116.55,3.61920469,0.00029058,0.00929850,0.00581157,0.01174352,0.01755508,907801545.90,604.5754
949,2.5982,2.0048,5.3447,692.41,40225585.35,3718585.83,200741098.66,258283893.03,459024991.69,52100.95,3.61812162,0.00029052,0.00929650,0.00581031,0.01172189,0.01753220,907851646.85,605.2339
950,2.6010,2.0046,5.3443,693.73,40231358.62,3718784.74,200781998.97,258295078.08,459077077.05,52085.36,3.61703890,0.00029045,0.00929449,0.00580906,0.01170029,0.01750935,907901732.21,605.8929
951,2.6037,2.0044,5.3438,695.05,40237131.42,3718983.62,200822886.34,258306260.49,459129146.82,52069.77,3.61595654,0.00029039,0.00929249,0.00580780,0.01167874,0.01748654,907951801.99,606.5522
952,2.6064,2.0043,5.3434,696.37,40242903.74,3719182.45,200863760.77,258317440.25,459181201.02,52054.19,3.61487453,0.00029033,0.00929048,0.00580655,0.01165722,0.01746377,908001856.18,607.2119
953,2.6092,2.0041,5.3430,697.69,40248675.57,3719381.24,200904622.26,258328617.37,459233239.63,52038.62,3.61379287,0.00029026,0.00928847,0.00580530,0.01163575,0.01744105,908051894.80,607.8720
954,2.6119,2.0039,5.3425,699.02,40254446.92,3719579.98,200945470.83,258339791.85,459285262.68,52023.05,3.61271156,0.00029020,0.00928647,0.00580404,0.01161431,0.01741836,908101917.84,608.5325
955,2.6146,2.0038,5.3421,700.35,40260217.79,3719778.69,200986306.47,258350963.69,459337270.16,52007.48,3.61163061,0.00029014,0.00928447,0.00580279,0.01159292,0.01739571,908151925.32,609.1933
956,2.6174,2.0036,5.3416,701.68,40265988.18,3719977.35,201027129.19,258362132.89,459389262.08,51991.92,3.61055001,0.00029008,0.00928246,0.00580154,0.01157156,0.01737310,908201917.24,609.8545
957,2.6201,2.0034,5.3412,703.01,40271758.09,3720175.97,201067938.99,258373299.45,459441238.45,51976.36,3.60946976,0.00029001,0.00928046,0.00580029,0.01155024,0.01735053,908251893.61,610.5160
958,2.6229,2.0033,5.3407,704.35,40277527.51,3720374.54,201108735.88,258384463.37,459493199.26,51960.81,3.60838987,0.00028995,0.00927846,0.00579904,0.01152896,0.01732800,908301854.42,611.1779
959,2.6256,2.0031,5.3403,705.69,40283296.45,3720573.07,201149519.87,258395624.66,459545144.53,51945.27,3.60731033,0.00028989,0.00927646,0.00579779,0.01150772,0.01730551,908351799.69,611.8402
960,2.6283,2.0029,5.3398,707.03,40289064.92,3720771.57,201190290.94,258406783.31,459597074.26,51929.73,3.60623114,0.00028983,0.00927446,0.00579653,0.01148652,0.01728306,908401729.42,612.5029
961,2.6311,2.0028,5.3394,708.37,40294832.90,3720970.01,201231049.12,258417939.33,459648988.45,51914.19,3.60515230,0.00028976,0.00927245,0.00579528,0.01146536,0.01726064,908451643.61,613.1659
962,2.6338,2.0026,5.3389,709.72,40300600.40,3721168.42,201271794.40,258429092.72,459700887.11,51898.66,3.60407382,0.00028970,0.00927045,0.00579403,0.01144423,0.01723827,908501542.28,613.8293
963,2.6366,2.0024,5.3385,711.07,40306367.42,3721366.78,201312526.78,258440243.47,459752770.25,51883.14,3.60299568,0.00028964,0.00926845,0.00579278,0.01142315,0.01721593,908551425.41,614.4931
964,2.6393,2.0023,5.3381,712.42,40312133.95,3721565.10,201353246.28,258451391.59,459804637.87,51867.62,3.60191790,0.00028958,0.00926646,0.00579153,0.01140210,0.01719364,908601293.03,615.1572
965,2.6420,2.0021,5.3376,713.77,40317900.01,3721763.38,201393952.89,258462537.08,459856489.97,51852.10,3.60084047,0.00028951,0.00926446,0.00579029,0.01138110,0.01717138,908651145.13,615.8217
966,2.6448,2.0019,5.3372,715.13,40323665.58,3721961.62,201434646.62,258473679.94,459908326.56,51836.59,3.59976339,0.00028945,0.00926246,0.00578904,0.01136013,0.01714916,908700981.73,616.4865
967,2.6475,2.0018,5.3367,716.49,40329430.68,3722159.81,201475327.48,258484820.17,459960147.65,51821.09,3.59868667,0.00028939,0.00926046,0.00578779,0.01133920,0.01712698,908750802.81,617.1517
968,2.6502,2.0016,5.3363,717.85,40335195.29,3722357.96,201515995.46,258495957.78,460011953.24,51805.59,3.59761029,0.00028933,0.00925846,0.00578654,0.01131830,0.01710484,908800608.40,617.8173
969,2.6530,2.0014,5.3358,719.22,40340959.42,3722556.07,201556650.58,258507092.76,460063743.33,51790.09,3.59653427,0.00028926,0.00925647,0.00578529,0.01129745,0.01708274,908850398.50,618.4833
970,2.6557,2.0013,5.3354,720.58,40346723.07,3722754.13,201597292.83,258518225.11,460115517.94,51774.60,3.59545859,0.00028920,0.00925447,0.00578404,0.01127663,0.01706068,908900173.10,619.1496
971,2.6585,2.0011,5.3349,721.95,40352486.24,3722952.16,201637922.22,258529354.84,460167277.06,51759.12,3.59438327,0.00028914,0.00925247,0.00578280,0.01125585,0.01703865,908949932.22,619.8162
972,2.6612,2.0009,5.3345,723.33,40358248.93,3723150.14,201678538.76,258540481.94,460219020.70,51743.64,3.59330830,0.00028908,0.00925048,0.00578155,0.01123511,0.01701666,908999675.86,620.4832
973,2.6639,2.0008,5.3340,724.70,40364011.14,3723348.08,201719142.44,258551606.42,460270748.86,51728.16,3.59223367,0.00028902,0.00924848,0.00578030,0.01121441,0.01699472,909049404.02,621.1506
974,2.6667,2.0006,5.3336,726.08,40369772.87,3723545.97,201759733.27,258562728.28,460322461.56,51712.70,3.59115940,0.00028895,0.00924649,0.00577906,0.01119375,0.01697280,909099116.72,621.8184
975,2.6694,2.0004,5.3332,727.46,40375534.11,3723743.83,201800311.27,258573847.52,460374158.79,51697.23,3.59008548,0.00028889,0.00924450,0.00577781,0.01117312,0.01695093,909148813.95,622.4865
976,2.6721,2.0003,5.3327,728.84,40381294.88,3723941.64,201840876.42,258584964.14,460425840.56,51681.77,3.58901191,0.00028883,0.00924250,0.00577656,0.01115253,0.01692910,909198495.72,623.1549
977,2.6749,2.0001,5.3323,730.23,40387055.16,3724139.41,201881428.73,258596078.14,460477506.88,51666.32,3.58793869,0.00028877,0.00924051,0.00577532,0.01113198,0.01690730,909248162.04,623.8237
978,2.6776,1.9999,5.3318,731.61,40392814.97,3724337.14,201921968.22,258607189.53,460529157.74,51650.87,3.58686582,0.00028870,0.00923852,0.00577407,0.01111147,0.01688554,909297812.91,624.4929
979,2.6804,1.9998,5.3314,733.01,40398574.29,3724534.82,201962494.87,258618298.29,460580793.17,51635.42,3.58579330,0.00028864,0.00923653,0.00577283,0.01109099,0.01686382,909347448.33,625.1624
980,2.6831,1.9996,5.3309,734.40,40404333.13,3724732.46,202003008.71,258629404.44,460632413.15,51619.98,3.58472113,0.00028858,0.00923454,0.00577158,0.01107056,0.01684214,909397068.31,625.8323
981,2.6858,1.9994,5.3305,735.79,40410091.50,3724930.06,202043509.72,258640507.98,460684017.70,51604.55,3.58364931,0.00028852,0.00923254,0.00577034,0.01105016,0.01682050,909446672.86,626.5026
982,2.6886,1.9993,5.3300,737.19,40415849.38,3725127.62,202083997.92,258651608.90,460735606.82,51589.12,3.58257784,0.00028845,0.00923055,0.00576910,0.01102979,0.01679889,909496261.99,627.1732
983,2.6913,1.9991,5.3296,738.59,40421606.78,3725325.14,202124473.31,258662707.21,460787180.52,51573.70,3.58150672,0.00028839,0.00922857,0.00576785,0.01100947,0.01677732,909545835.68,627.8441
984,2.6940,1.9989,5.3291,740.00,40427363.70,3725522.61,202164935.89,258673802.91,460838738.80,51558.28,3.58043594,0.00028833,0.00922658,0.00576661,0.01098918,0.01675579,909595393.96,628.5154
985,2.6968,1.9988,5.3287,741.40,40433120.14,3725720.04,202205385.66,258684896.00,460890281.66,51542.86,3.57936552,0.00028827,0.00922459,0.00576537,0.01096893,0.01673429,909644936.82,629.1871
986,2.6995,1.9986,5.3283,742.81,40438876.10,3725917.43,202245822.64,258695986.47,460941809.11,51527.45,3.57829544,0.00028821,0.00922260,0.00576412,0.01094871,0.01671284,909694464.28,629.8591
987,2.7023,1.9984,5.3278,744.23,40444631.58,3726114.78,202286246.82,258707074.34,460993321.16,51512.05,3.57722572,0.00028814,0.00922061,0.00576288,0.01092854,0.01669142,909743976.33,630.5314
988,2.7050,1.9983,5.3274,745.64,40450386.58,3726312.09,202326658.21,258718159.60,461044817.82,51496.65,3.57615634,0.00028808,0.00921862,0.00576164,0.01090840,0.01667004,909793472.98,631.2041
989,2.7077,1.9981,5.3269,747.06,40456141.10,3726509.35,202367056.82,258729242.26,461096299.07,51481.26,3.57508731,0.00028802,0.00921664,0.00576040,0.01088829,0.01664869,909842954.24,631.8772
990,2.7105,1.9979,5.3265,748.48,40461895.14,3726706.57,202407442.64,258740322.30,461147764.94,51465.87,3.57401863,0.00028796,0.00921465,0.00575916,0.01086823,0.01662738,909892420.10,632.5506
991,2.7132,1.9978,5.3260,749.90,40467648.70,3726903.75,202447815.68,258751399.74,461199215.43,51450.48,3.57295030,0.00028790,0.00921267,0.00575792,0.01084820,0.01660611,909941870.59,633.2243
992,2.7159,1.9976,5.3256,751.33,40473401.78,3727100.89,202488175.95,258762474.58,461250650.53,51435.11,3.57188231,0.00028783,0.00921068,0.00575668,0.01082820,0.01658488,909991305.69,633.8984
993,2.7187,1.9974,5.3251,752.75,40479154.38,3727297.98,202528523.45,258773546.82,461302070.26,51419.73,3.57081468,0.00028777,0.00920870,0.00575544,0.01080825,0.01656368,910040725.43,634.5729
994,2.7214,1.9973,5.3247,754.19,40484906.50,3727495.03,202568858.17,258784616.45,461353474.63,51404.36,3.56974739,0.00028771,0.00920671,0.00575419,0.01078833,0.01654252,910090129.79,635.2477
995,2.7242,1.9971,5.3243,755.62,40490658.13,3727692.04,202609180.14,258795683.48,461404863.62,51389.00,3.56868045,0.00028765,0.00920473,0.00575296,0.01076844,0.01652140,910139518.79,635.9228
996,2.7269,1.9969,5.3238,757.06,40496409.29,3727889.01,202649489.35,258806747.91,461456237.26,51373.64,3.56761386,0.00028759,0.00920275,0.00575172,0.01074860,0.01650031,910188892.43,636.5983
997,2.7296,1.9968,5.3234,758.49,40502159.97,3728085.94,202689785.80,258817809.75,461507595.55,51358.29,3.56654761,0.00028752,0.00920076,0.00575048,0.01072879,0.01647926,910238250.71,637.2741
998,2.7324,1.9966,5.3229,759.94,40507910.17,3728282.82,202730069.51,258828868.98,461558938.49,51342.94,3.56548172,0.00028746,0.00919878,0.00574924,0.01070901,0.01645825,910287593.65,637.9503
999,2.7351,1.9964,5.3225,761.38,40513659.89,3728479.67,202770340.46,258839925.62,461610266.08,51327.59,3.56441617,0.00028740,0.00919680,0.00574800,0.01068927,0.01643727,910336921.24,638.6268
1000,2.7379,1.9963,5.3220,762.83,40519409.13,3728676.47,202810598.68,258850979.66,461661578.33,51312.25,3.56335097,0.00028734,0.00919482,0.00574676,0.01066957,0.01641633,910386233.50,639.3037
1001,2.7406,1.9961,5.3216,764.28,40525157.89,3728873.23,202850844.15,258862031.10,461712875.25,51296.92,3.56228611,0.00028728,0.00919284,0.00574552,0.01064991,0.01639543,910435530.42,639.9809
1002,2.7433,1.9959,5.3212,765.73,40530906.17,3729069.94,202891076.89,258873079.95,461764156.84,51281.59,3.56122160,0.00028721,0.00919086,0.00574429,0.01063028,0.01637456,910484812.01,640.6585
1003,2.7461,1.9958,5.3207,767.19,40536653.97,3729266.62,202931296.90,258884126.21,461815423.11,51266.27,3.56015744,0.00028715,0.00918888,0.00574305,0.01061068,0.01635373,910534078.27,641.3364
1004,2.7488,1.9956,5.3203,768.64,40542401.29,3729463.25,202971504.18,258895169.88,461866674.06,51250.95,3.55909363,0.00028709,0.00918690,0.00574181,0.01059112,0.01633294,910583329.22,642.0146
1005,2.7515,1.9954,5.3198,770.11,40548148.13,3729659.84,203011698.74,258906210.95,461917909.69,51235.63,3.55803016,0.00028703,0.00918492,0.00574057,0.01057160,0.01631218,910632564.86,642.6932
1006,2.7543,1.9953,5.3194,771.57,40553894.49,3729856.39,203051880.59,258917249.43,461969130.02,51220.33,3.55696704,0.00028697,0.00918294,0.00573934,0.01055212,0.01629145,910681785.18,643.3721
1007,2.7570,1.9951,5.3189,773.04,40559640.38,3730052.90,203092049.72,258928285.32,462020335.04,51205.02,3.55590426,0.00028691,0.00918096,0.00573810,0.01053267,0.01627077,910730990.20,644.0513
1008,2.7598,1.9949,5.3185,774.51,40565385.78,3730249.36,203132206.13,258939318.63,462071524.76,51189.72,3.55484183,0.00028684,0.00917899,0.00573687,0.01051325,0.01625012,910780179.92,644.7309
1009,2.7625,1.9948,5.3180,775.98,40571130.70,3730445.79,203172349.84,258950349.35,462122699.19,51174.43,3.55377975,0.00028678,0.00917701,0.00573563,0.01049387,0.01622950,910829354.35,645.4108
1010,2.7652,1.9946,5.3176,777.45,40576875.15,3730642.17,203212480.85,258961377.48,462173858.33,51159.14,3.55271801,0.00028672,0.00917503,0.00573440,0.01047453,0.01620892,910878513.49,646.0911
1011,2.7680,1.9944,5.3172,778.93,40582619.11,3730838.51,203252599.16,258972403.02,462225002.19,51143.86,3.55165662,0.00028666,0.00917306,0.00573316,0.01045522,0.01618838,910927657.35,646.7717
1012,2.7707,1.9943,5.3167,780.41,40588362.59,3731034.81,203292704.78,258983425.98,462276130.76,51128.58,3.55059558,0.00028660,0.00917108,0.00573193,0.01043595,0.01616787,910976785.92,647.4526
1013,2.7734,1.9941,5.3163,781.89,40594105.60,3731231.06,203332797.71,258994446.36,462327244.06,51113.30,3.54953488,0.00028653,0.00916911,0.00573069,0.01041671,0.01614740,911025899.23,648.1339
1014,2.7762,1.9939,5.3158,783.38,40599848.13,3731427.28,203372877.95,259005464.15,462378342.10,51098.03,3.54847452,0.00028647,0.00916713,0.00572946,0.01039751,0.01612697,911074997.26,648.8155
1015,2.7789,1.9938,5.3154,784.87,40605590.17,3731623.45,203412945.50,259016479.36,462429424.87,51082.77,3.54741451,0.00028641,0.00916516,0.00572823,0.01037834,0.01610656,911124080.03,649.4974
1016,2.7817,1.9936,5.3149,786.36,40611331.74,3731819.58,203453000.38,259027491.99,462480492.38,51067.51,3.54635485,0.00028635,0.00916319,0.00572699,0.01035921,0.01608620,911173147.54,650.1797
1017,2.7844,1.9934,5.3145,787.86,40617072.83,3732015.67,203493042.59,259038502.04,462531544.63,51052.26,3.54529553,0.00028629,0.00916122,0.00572576,0.01034011,0.01606587,911222199.79,650.8623
1018,2.7871,1.9933,5.3141,789.35,40622813.44,3732211.72,203533072.12,259049509.51,462582581.64,51037.01,3.54423656,0.00028623,0.00915924,0.00572453,0.01032105,0.01604557,911271236.80,651.5452
1019,2.7899,1.9931,5.3136,790.85,40628553.57,3732407.72,203573088.99,259060514.41,462633603.40,51021.76,3.54317793,0.00028616,0.00915727,0.00572329,0.01030202,0.01602532,911320258.56,652.2284
1020,2.7926,1.9929,5.3132,792.36,40634293.22,3732603.69,203613093.20,259071516.72,462684609.92,51006.52,3.54211965,0.00028610,0.00915530,0.00572206,0.01028303,0.01600509,911369265.09,652.9120
1021,2.7953,1.9928,5.3127,793.86,40640032.40,3732799.61,203653084.75,259082516.46,462735601.21,50991.29,3.54106171,0.00028604,0.00915333,0.00572083,0.01026407,0.01598490,911418256.37,653.5959
1022,2.7981,1.9926,5.3123,795.37,40645771.09,3732995.49,203693063.64,259093513.63,462786577.27,50976.06,3.54000411,0.00028598,0.00915136,0.00571960,0.01024515,0.01596475,911467232.43,654.2802
1023,2.8008,1.9924,5.3118,796.88,40651509.31,3733191.33,203733029.88,259104508.22,462837538.11,50960.83,3.53894686,0.00028592,0.00914939,0.00571837,0.01022626,0.01594463,911516193.27,654.9648
1024,2.8036,1.9923,5.3114,798.40,40657247.04,3733387.13,203772983.48,259115500.24,462888483.72,50945.62,3.53788996,0.00028586,0.00914742,0.00571714,0.01020741,0.01592455,911565138.88,655.6497
1025,2.8063,1.9921,5.3109,799.92,40662984.30,3733582.89,203812924.44,259126489.68,462939414.12,50930.40,3.53683339,0.00028580,0.00914545,0.00571591,0.01018859,0.01590450,911614069.28,656.3349
1026,2.8090,1.9919,5.3105,801.44,40668721.08,3733778.60,203852852.76,259137476.56,462990329.31,50915.19,3.53577718,0.00028573,0.00914348,0.00571468,0.01016980,0.01588448,911662984.48,657.0204
1027,2.8118,1.9918,5.3101,802.96,40674457.38,3733974.27,203892768.44,259148460.86,463041229.30,50899.99,3.53472130,0.00028567,0.00914152,0.00571345,0.01015105,0.01586450,911711884.46,657.7063
1028,2.8145,1.9916,5.3096,804.49,40680193.20,3734169.90,203932671.49,259159442.60,463092114.09,50884.79,3.53366577,0.00028561,0.00913955,0.00571222,0.01013234,0.01584456,911760769.25,658.3925
1029,2.8172,1.9914,5.3092,806.02,40685928.54,3734365.49,203972561.92,259170421.76,463142983.68,50869.59,3.53261059,0.00028555,0.00913758,0.00571099,0.01011366,0.01582465,911809638.84,659.0791
1030,2.8200,1.9913,5.3087,807.55,40691663.41,3734561.04,204012439.72,259181398.36,463193838.08,50854.40,3.53155574,0.00028549,0.00913562,0.00570976,0.01009501,0.01580477,911858493.25,659.7659
1031,2.8227,1.9911,5.3083,809.08,40697397.79,3734756.55,204052304.91,259192372.39,463244677.30,50839.22,3.53050124,0.00028543,0.00913365,0.00570853,0.01007640,0.01578493,911907332.46,660.4531
1032,2.8255,1.9909,5.3078,810.62,40703131.70,3734952.01,204092157.48,259203343.86,463295501.34,50824.04,3.52944709,0.00028537,0.00913169,0.00570730,0.01005782,0.01576512,911956156.50,661.1406
1033,2.8282,1.9908,5.3074,812.16,40708865.13,3735147.44,204131997.44,259214312.76,463346310.20,50808.86,3.52839327,0.00028530,0.00912972,0.00570608,0.01003928,0.01574535,912004965.36,661.8284
1034,2.8309,1.9906,5.3070,813.71,40714598.08,3735342.82,204171824.80,259225279.10,463397103.89,50793.69,3.52733980,0.00028524,0.00912776,0.00570485,0.01002077,0.01572561,912053759.06,662.5165
1035,2.8337,1.9904,5.3065,815.25,40720330.55,3735538.16,204211639.55,259236242.87,463447882.42,50778.53,3.52628668,0.00028518,0.00912579,0.00570362,0.01000229,0.01570591,912102537.59,663.2050
1036,2.8364,1.9903,5.3061,816.80,40726062.55,3735733.46,204251441.71,259247204.08,463498645.79,50763.37,3.52523389,0.00028512,0.00912383,0.00570239,0.00998385,0.01568624,912151300.95,663.8937
1037,2.8392,1.9901,5.3056,818.36,40731794.06,3735928.72,204291231.27,259258162.73,463549394.00,50748.21,3.52418145,0.00028506,0.00912187,0.00570117,0.00996544,0.01566660,912200049.17,664.5828
1038,2.8419,1.9899,5.3052,819.91,40737525.10,3736123.93,204331008.24,259269118.83,463600127.07,50733.06,3.52312935,0.00028500,0.00911990,0.00569994,0.00994706,0.01564700,912248782.23,665.2722
1039,2.8446,1.9898,5.3047,821.47,40743255.66,3736319.11,204370772.62,259280072.36,463650844.98,50717.92,3.52207759,0.00028494,0.00911794,0.00569871,0.00992872,0.01562743,912297500.15,665.9620
1040,2.8474,1.9896,5.3043,823.03,40748985.74,3736514.24,204410524.43,259291023.33,463701547.76,50702.78,3.52102618,0.00028487,0.00911598,0.00569749,0.00991041,0.01560790,912346202.92,666.6520
1041,2.8501,1.9894,5.3039,824.60,40754715.34,3736709.34,204450263.65,259301971.75,463752235.40,50687.64,3.51997511,0.00028481,0.00911402,0.00569626,0.00989214,0.01558840,912394890.57,667.3424
1042,2.8528,1.9893,5.3034,826.16,40760444.46,3736904.39,204489990.30,259312917.61,463802907.91,50672.51,3.51892438,0.00028475,0.00911206,0.00569504,0.00987390,0.01556894,912443563.08,668.0330
1043,2.8556,1.9891,5.3030,827.73,40766173.11,3737099.40,204529704.38,259323860.92,463853565.30,50657.39,3.51787399,0.00028469,0.00911010,0.00569381,0.00985569,0.01554950,912492220.46,668.7240
1044,2.8583,1.9889,5.3025,829.31,40771901.28,3737294.36,204569405.89,259334801.67,463904207.56,50642.26,3.51682394,0.00028463,0.00910814,0.00569259,0.00983752,0.01553010,912540862.73,669.4153
1045,2.8611,1.9888,5.3021,830.88,40777628.97,3737489.29,204609094.84,259345739.87,463954834.71,50627.15,3.51577424,0.00028457,0.00910618,0.00569136,0.00981938,0.01551074,912589489.88,670.1069
1046,2.8638,1.9886,5.3016,832.46,40783356.18,3737684.18,204648771.23,259356675.52,464005446.75,50612.04,3.51472487,0.00028451,0.00910423,0.00569014,0.00980127,0.01549141,912638101.91,670.7989
1047,2.8665,1.9884,5.3012,834.04,40789082.91,3737879.02,204688435.07,259367608.61,464056043.68,50596.93,3.51367585,0.00028445,0.00910227,0.00568892,0.00978319,0.01547211,912686698.85,671.4911
1048,2.8693,1.9883,5.3008,835.63,40794809.17,3738073.82,204728086.36,259378539.16,464106625.51,50581.83,3.51262717,0.00028438,0.00910031,0.00568769,0.00976515,0.01545285,912735280.68,672.1836
1049,2.8720,1.9881,5.3003,837.22,40800534.95,3738268.59,204767725.10,259389467.15,464157192.25,50566.74,3.51157883,0.00028432,0.00909835,0.00568647,0.00974714,0.01543362,912783847.41,672.8765
1050,2.8747,1.9880,5.2999,838.81,40806260.25,3738463.31,204807351.30,259400392.60,464207743.89,50551.64,3.51053083,0.00028426,0.00909640,0.00568525,0.00972917,0.01541442,912832399.06,673.5697
1051,2.8775,1.9878,5.2994,840.40,40811985.07,3738657.99,204846964.96,259411315.50,464258280.45,50536.56,3.50948318,0.00028420,0.00909444,0.00568403,0.00971123,0.01539525,912880935.61,674.2631
1052,2.8802,1.9876,5.2990,842.00,40817709.42,3738852.62,204886566.08,259422235.85,464308801.93,50521.48,3.50843586,0.00028414,0.00909249,0.00568280,0.00969332,0.01537612,912929457.09,674.9569
1053,2.8830,1.9875,5.2986,843.60,40823433.29,3739047.22,204926154.67,259433153.65,464359308.33,50506.40,3.50738888,0.00028408,0.00909053,0.00568158,0.00967544,0.01535702,912977963.49,675.6510
1054,2.8857,1.9873,5.2981,845.21,40829156.68,3739241.78,204965730.74,259444068.91,464409799.66,50491.33,3.50634225,0.00028402,0.00908858,0.00568036,0.00965760,0.01533796,913026454.82,676.3454
1055,2.8884,1.9871,5.2977,846.81,40834879.59,3739436.29,205005294.29,259454981.63,464460275.92,50476.26,3.50529595,0.00028396,0.00908662,0.00567914,0.00963979,0.01531893,913074931.08,677.0401
1056,2.8912,1.9870,5.2972,848.42,40840602.02,3739630.76,205044845.31,259465891.81,464510737.12,50461.20,3.50425000,0.00028390,0.00908467,0.00567792,0.00962201,0.01529993,913123392.28,677.7351
1057,2.8939,1.9868,5.2968,850.03,40846323.98,3739825.20,205084383.82,259476799.44,464561183.26,50446.14,3.50320439,0.00028383,0.00908272,0.00567670,0.00960426,0.01528096,913171838.42,678.4304
1058,2.8966,1.9866,5.2963,851.65,40852045.46,3740019.59,205123909.82,259487704.53,464611614.35,50431.09,3.50215911,0.00028377,0.00908076,0.00567548,0.00958655,0.01526203,913220269.51,679.1260
1059,2.8994,1.9865,5.2959,853.27,40857766.46,3740213.94,205163423.32,259498607.08,464662030.40,50416.04,3.50111418,0.00028371,0.00907881,0.00567426,0.00956887,0.01524313,913268685.56,679.8219
1060,2.9021,1.9863,5.2955,854.89,40863486.99,3740408.25,205202924.31,259509507.09,464712431.40,50401.00,3.50006958,0.00028365,0.00907686,0.00567304,0.00955122,0.01522426,913317086.56,680.5181
1061,2.9049,1.9861,5.2950,856.52,40869207.04,3740602.51,205242412.80,259520404.56,464762817.36,50385.96,3.49902533,0.00028359,0.00907491,0.00567182,0.00953361,0.01520543,913365472.53,681.2147
1062,2.9076,1.9860,5.2946,858.14,40874926.61,3740796.74,205281888.79,259531299.50,464813188.30,50370.93,3.49798141,0.00028353,0.00907296,0.00567060,0.00951602,0.01518662,913413843.46,681.9115
1063,2.9103,1.9858,5.2941,859.78,40880645.70,3740990.93,205321352.30,259542191.90,464863544.20,50355.90,3.49693784,0.00028347,0.00907101,0.00566938,0.00949847,0.01516786,913462199.36,682.6086
1064,2.9131,1.9856,5.2937,861.41,40886364.32,3741185.07,205360803.32,259553081.76,464913885.08,50340.88,3.49589460,0.00028341,0.00906906,0.00566816,0.00948095,0.01514912,913510540.25,683.3060
1065,2.9158,1.9855,5.2932,863.05,40892082.45,3741379.17,205400241.85,259563969.09,464964210.95,50325.86,3.49485171,0.00028335,0.00906711,0.00566695,0.00946347,0.01513041,913558866.11,684.0037
1066,2.9185,1.9853,5.2928,864.69,40897800.12,3741573.24,205439667.91,259574853.89,465014521.80,50310.85,3.49380915,0.00028329,0.00906516,0.00566573,0.00944601,0.01511174,913607176.96,684.7017
1067,2.9213,1.9851,5.2924,866.33,40903517.30,3741767.26,205479081.49,259585736.15,465064817.64,50295.84,3.49276693,0.00028323,0.00906322,0.00566451,0.00942859,0.01509310,913655472.81,685.4000
1068,2.9240,1.9850,5.2919,867.98,40909234.01,3741961.24,205518482.60,259596615.88,465115098.48,50280.84,3.49172505,0.00028316,0.00906127,0.00566329,0.00941120,0.01507449,913703753.65,686.0986
1069,2.9268,1.9848,5.2915,869.63,40914950.24,3742155.18,205557871.24,259607493.09,465165364.33,50265.84,3.49068351,0.00028310,0.00905932,0.00566208,0.00939384,0.01505592,913752019.49,686.7975
1070,2.9295,1.9846,5.2910,871.28,40920665.99,3742349.07,205597247.42,259618367.76,465215615.17,50250.85,3.48964231,0.00028304,0.00905738,0.00566086,0.00937651,0.01503737,913800270.34,687.4967
1071,2.9322,1.9845,5.2906,872.94,40926381.27,3742542.93,205636611.14,259629239.90,465265851.04,50235.86,3.48860144,0.00028298,0.00905543,0.00565964,0.00935922,0.01501886,913848506.20,688.1962
1072,2.9350,1.9843,5.2902,874.60,40932096.07,3742736.75,205675962.40,259640109.51,465316071.91,50220.88,3.48756092,0.00028292,0.00905348,0.00565843,0.00934196,0.01500038,913896727.08,688.8960
1073,2.9377,1.9841,5.2897,876.26,40937810.39,3742930.52,205715301.21,259650976.60,465366277.81,50205.90,3.48652073,0.00028286,0.00905154,0.00565721,0.00932472,0.01498194,913944932.97,689.5960
1074,2.9405,1.9840,5.2893,877.92,40943524.23,3743124.26,205754627.58,259661841.16,465416468.74,50190.92,3.48548088,0.00028280,0.00904959,0.00565600,0.00930752,0.01496352,913993123.90,690.2964
1075,2.9432,1.9838,5.2888,879.59,40949237.60,3743317.95,205793941.50,259672703.19,465466644.69,50175.96,3.48444137,0.00028274,0.00904765,0.00565478,0.00929035,0.01494514,914041299.85,690.9971
1076,2.9459,1.9836,5.2884,881.27,40954950.49,3743511.61,205833242.98,259683562.70,465516805.68,50160.99,3.48340220,0.00028268,0.00904571,0.00565357,0.00927322,0.01492678,914089460.85,691.6980
1077,2.9487,1.9835,5.2880,882.94,40960662.91,3743705.22,205872532.02,259694419.69,465566951.72,50146.03,3.48236336,0.00028262,0.00904376,0.00565235,0.00925611,0.01490846,914137606.88,692.3992
1078,2.9514,1.9833,5.2875,884.62,40966374.85,3743898.79,205911808.64,259705274.16,465617082.79,50131.08,3.48132486,0.00028256,0.00904182,0.00565114,0.00923904,0.01489018,914185737.96,693.1007
1079,2.9541,1.9831,5.2871,886.30,40972086.31,3744092.32,205951072.82,259716126.10,465667198.92,50116.13,3.48028670,0.00028250,0.00903988,0.00564992,0.00922199,0.01487192,914233854.09,693.8026
1080,2.9569,1.9830,5.2866,887.99,40977797.30,3744285.81,205990324.58,259726975.52,465717300.11,50101.18,3.47924888,0.00028244,0.00903794,0.00564871,0.00920498,0.01485369,914281955.27,694.5046
1081,2.9596,1.9828,5.2862,889.67,40983507.81,3744479.26,206029563.92,259737822.43,465767386.35,50086.24,3.47821140,0.00028237,0.00903600,0.00564750,0.00918800,0.01483550,914330041.51,695.2070
1082,2.9624,1.9827,5.2857,891.36,40989217.84,3744672.66,206068790.85,259748666.81,465817457.66,50071.31,3.47717425,0.00028231,0.00903406,0.00564629,0.00917105,0.01481734,914378112.82,695.9097
1083,2.9651,1.9825,5.2853,893.06,40994927.39,3744866.03,206108005.36,259759508.68,465867514.04,50056.38,3.47613744,0.00028225,0.00903212,0.00564507,0.00915413,0.01479921,914426169.20,696.6126
1084,2.9678,1.9823,5.2849,894.76,41000636.47,3745059.36,206147207.47,259770348.03,465917555.49,50041.45,3.47510096,0.00028219,0.00903018,0.00564386,0.00913725,0.01478111,914474210.66,697.3159
1085,2.9706,1.9822,5.2844,896.46,41006345.08,3745252.64,206186397.17,259781184.86,465967582.03,50026.53,3.47406483,0.00028213,0.00902824,0.00564265,0.00912039,0.01476304,914522237.19,698.0194
1086,2.9733,1.9820,5.2840,898.16,41012053.20,3745445.89,206225574.46,259792019.18,466017593.64,50011.62,3.47302903,0.00028207,0.00902630,0.00564144,0.00910356,0.01474500,914570248.81,698.7232
1087,2.9760,1.9818,5.2835,899.87,41017760.85,3745639.09,206264739.37,259802850.98,466067590.35,49996.71,3.47199356,0.00028201,0.00902436,0.00564023,0.00908677,0.01472700,914618245.51,699.4273
1088,2.9788,1.9817,5.2831,901.58,41023468.03,3745832.25,206303891.88,259813680.28,466117572.15,49981.80,3.47095843,0.00028195,0.00902242,0.00563901,0.00907001,0.01470902,914666227.32,700.1316
1089,2.9815,1.9815,5.2827,903.29,41029174.72,3746025.38,206343032.00,259824507.05,466167539.05,49966.90,3.46992364,0.00028189,0.00902049,0.00563780,0.00905327,0.01469108,914714194.22,700.8363
1090,2.9843,1.9813,5.2822,905.01,41034880.95,3746218.46,206382159.74,259835331.32,466217491.06,49952.00,3.46888919,0.00028183,0.00901855,0.00563659,0.00903657,0.01467316,914762146.22,701.5412
1091,2.9870,1.9812,5.2818,906.73,41040586.69,3746411.50,206421275.09,259846153.08,466267428.17,49937.11,3.46785507,0.00028177,0.00901661,0.00563538,0.00901990,0.01465528,914810083.33,702.2464
1092,2.9897,1.9810,5.2813,908.45,41046291.96,3746604.50,206460378.07,259856972.33,466317350.40,49922.23,3.46682129,0.00028171,0.00901468,0.00563417,0.00900326,0.01463743,914858005.56,702.9518
1093,2.9925,1.9808,5.2809,910.18,41051996.75,3746797.46,206499468.68,259867789.07,466367257.74,49907.34,3.46578784,0.00028165,0.00901274,0.00563296,0.00898665,0.01461961,914905912.90,703.6576
1094,2.9952,1.9807,5.2805,911.91,41057701.07,3746990.38,206538546.91,259878603.30,466417150.21,49892.47,3.46475473,0.00028159,0.00901081,0.00563176,0.00897007,0.01460182,914953805.37,704.3636
1095,2.9979,1.9805,5.2800,913.64,41063404.91,3747183.26,206577612.78,259889415.02,466467027.81,49877.60,3.46372195,0.00028153,0.00900887,0.00563055,0.00895352,0.01458406,915001682.97,705.0699
1096,3.0007,1.9803,5.2796,915.38,41069108.28,3747376.09,206616666.29,259900224.24,466516890.54,49862.73,3.46268951,0.00028147,0.00900694,0.00562934,0.00893700,0.01456634,915049545.70,705.7765
1097,3.0034,1.9802,5.2791,917.12,41074811.17,3747568.89,206655707.45,259911030.95,466566738.40,49847.87,3.46165741,0.00028141,0.00900501,0.00562813,0.00892051,0.01454864,915097393.56,706.4833
1098,3.0062,1.9800,5.2787,918.86,41080513.58,3747761.65,206694736.25,259921835.16,466616571.41,49833.01,3.46062564,0.00028135,0.00900307,0.00562692,0.00890405,0.01453097,915145226.57,707.1905
1099,3.0089,1.9798,5.2783,920.61,41086215.52,3747954.36,206733752.70,259932636.87,466666389.57,49818.16,3.45959421,0.00028129,0.00900114,0.00562571,0.00888762,0.01451334,915193044.73,707.8979
1100,3.0116,1.9797,5.2778,922.36,41091916.98,3748147.04,206772756.80,259943436.08,466716192.88,49803.31,3.45856311,0.00028123,0.00899921,0.00562451,0.00887122,0.01449573,915240848.04,708.6055
1101,3.0144,1.9795,5.2774,924.11,41097617.97,3748339.67,206811748.56,259954232.78,466765981.34,49788.47,3.45753234,0.00028116,0.00899728,0.00562330,0.00885486,0.01447816,915288636.50,709.3135
1102,3.0171,1.9793,5.2769,925.87,41103318.48,3748532.27,206850727.99,259965026.98,466815754.97,49773.63,3.45650191,0.00028110,0.00899535,0.00562209,0.00883852,0.01446061,915336410.13,710.0217
1103,3.0198,1.9792,5.2765,927.63,41109018.51,3748724.82,206889695.08,259975818.69,466865513.76,49758.79,3.45547182,0.00028104,0.00899342,0.00562089,0.00882221,0.01444310,915384168.93,710.7301
1104,3.0226,1.9790,5.2761,929.39,41114718.07,3748917.34,206928649.84,259986607.89,466915257.73,49743.97,3.45444206,0.00028098,0.00899149,0.00561968,0.00880593,0.01442561,915431912.89,711.4389
1105,3.0253,1.9788,5.2756,931.16,41120417.15,3749109.81,206967592.27,259997394.60,466964986.87,49729.14,3.45341263,0.00028092,0.00898956,0.00561847,0.00878968,0.01440816,915479642.03,712.1479
1106,3.0281,1.9787,5.2752,932.93,41126115.76,3749302.24,207006522.39,260008178.81,467014701.19,49714.32,3.45238354,0.00028086,0.00898763,0.00561727,0.00877346,0.01439073,915527356.36,712.8572
1107,3.0308,1.9785,5.2747,934.70,41131813.89,3749494.63,207045440.18,260018960.52,467064400.70,49699.51,3.45135478,0.00028080,0.00898570,0.00561606,0.00875728,0.01437334,915575055.87,713.5667
1108,3.0335,1.9784,5.2743,936.48,41137511.55,3749686.99,207084345.66,260029739.74,467114085.40,49684.70,3.45032636,0.00028074,0.00898377,0.00561486,0.00874112,0.01435597,915622740.57,714.2765
1109,3.0363,1.9782,5.2738,938.26,41143208.73,3749879.30,207123238.83,260040516.47,467163755.30,49669.90,3.44929827,0.00028068,0.00898185,0.00561365,0.00872499,0.01433864,915670410.46,714.9866
1110,3.0390,1.9780,5.2734,940.04,41148905.44,3750071.57,207162119.69,260051290.70,467213410.39,49655.10,3.44827052,0.00028062,0.00897992,0.00561245,0.00870889,0.01432134,915718065.56,715.6969
1111,3.0418,1.9779,5.2730,941.83,41154601.67,3750263.80,207200988.25,260062062.44,467263050.69,49640.30,3.44724310,0.00028056,0.00897799,0.00561125,0.00869282,0.01430406,915765705.86,716.4075
1112,3.0445,1.9777,5.2725,943.62,41160297.42,3750455.99,207239844.51,260072831.69,467312676.20,49625.51,3.44621601,0.00028050,0.00897607,0.00561004,0.00867678,0.01428682,915813331.37,717.1184
1113,3.0472,1.9775,5.2721,945.41,41165992.70,3750648.14,207278688.48,260083598.45,467362286.93,49610.73,3.44518925,0.00028044,0.00897414,0.00560884,0.00866076,0.01426960,915860942.09,717.8295
1114,3.0500,1.9774,5.2716,947.21,41171687.51,3750840.25,207317520.15,260094362.72,467411882.87,49595.94,3.44416283,0.00028038,0.00897222,0.00560764,0.00864478,0.01425242,915908538.04,718.5409
1115,3.0527,1.9772,5.2712,949.01,41177381.84,3751032.31,207356339.54,260105124.50,467461464.04,49581.17,3.44313674,0.00028032,0.00897029,0.00560643,0.00862883,0.01423526,915956119.21,719.2525
1116,3.0554,1.9770,5.2708,950.82,41183075.69,3751224.34,207395146.64,260115883.80,467511030.44,49566.40,3.44211099,0.00028026,0.00896837,0.00560523,0.00861291,0.01421814,916003685.60,719.9644
1117,3.0582,1.9769,5.2703,952.62,41188769.07,3751416.33,207433941.47,260126640.61,467560582.07,49551.63,3.44108557,0.00028020,0.00896645,0.00560403,0.00859701,0.01420104,916051237.24,720.6766
1118,3.0609,1.9767,5.2699,954.43,41194461.97,3751608.28,207472724.02,260137394.93,467610118.95,49536.87,3.44006048,0.00028014,0.00896452,0.00560283,0.00858115,0.01418397,916098774.11,721.3890
1119,3.0637,1.9765,5.2694,956.25,41200154.40,3751800.19,207511494.30,260148146.76,467659641.06,49522.11,3.43903572,0.00028008,0.00896260,0.00560162,0.00856531,0.01416693,916146296.22,722.1016
1120,3.0664,1.9764,5.2690,958.07,41205846.36,3751992.05,207550252.31,260158896.12,467709148.42,49507.36,3.43801130,0.00028002,0.00896068,0.00560042,0.00854950,0.01414993,916193803.59,722.8146
1121,3.0691,1.9762,5.2686,959.89,41211537.84,3752183.88,207588998.05,260169642.99,467758641.04,49492.62,3.43698721,0.00027996,0.00895876,0.00559922,0.00853373,0.01413295,916241296.20,723.5277
1122,3.0719,1.9760,5.2681,961.71,41217228.84,3752375.67,207627731.54,260180387.37,467808118.91,49477.87,3.43596345,0.00027990,0.00895683,0.00559802,0.00851798,0.01411600,916288774.07,724.2412
1123,3.0746,1.9759,5.2677,963.54,41222919.37,3752567.41,207666452.77,260191129.28,467857582.05,49463.14,3.43494003,0.00027984,0.00895491,0.00559682,0.00850226,0.01409908,916336237.21,724.9549
1124,3.0773,1.9757,5.2673,965.37,41228609.42,3752759.12,207705161.75,260201868.71,467907030.45,49448.40,3.43391693,0.00027978,0.00895299,0.00559562,0.00848657,0.01408219,916383685.61,725.6688
1125,3.0801,1.9755,5.2668,967.21,41234299.00,3752950.78,207743858.47,260212605.65,467956464.13,49433.68,3.43289417,0.00027972,0.00895107,0.00559442,0.00847090,0.01406532,916431119.29,726.3830
1126,3.0828,1.9754,5.2664,969.04,41239988.11,3753142.41,207782542.96,260223340.12,468005883.08,49418.95,3.43187174,0.00027966,0.00894916,0.00559322,0.00845527,0.01404849,916478538.24,727.0974
1127,3.0856,1.9752,5.2659,970.89,41245676.74,3753334.00,207821215.20,260234072.11,468055287.32,49404.23,3.43084964,0.00027960,0.00894724,0.00559202,0.00843966,0.01403169,916525942.48,727.8121
1128,3.0883,1.9751,5.2655,972.73,41251364.89,3753525.54,207859875.21,260244801.63,468104676.84,49389.52,3.42982788,0.00027954,0.00894532,0.00559082,0.00842409,0.01401491,916573332.00,728.5270
1129,3.0910,1.9749,5.2651,974.58,41257052.57,3753717.05,207898522.99,260255528.66,468154051.65,49374.81,3.42880644,0.00027948,0.00894340,0.00558963,0.00840854,0.01399817,916620706.81,729.2422
1130,3.0938,1.9747,5.2646,976.43,41262739.78,3753908.51,207937158.53,260266253.23,468203411.76,49360.11,3.42778534,0.00027942,0.00894148,0.00558843,0.00839302,0.01398145,916668066.92,729.9576
1131,3.0965,1.9746,5.2642,978.29,41268426.51,3754099.94,207975781.85,260276975.32,468252757.17,49345.41,3.42676457,0.00027936,0.00893957,0.00558723,0.00837753,0.01396476,916715412.33,730.6733
1132,3.0992,1.9744,5.2637,980.15,41274112.77,3754291.32,208014392.95,260287694.93,468302087.88,49330.72,3.42574413,0.00027930,0.00893765,0.00558603,0.00836207,0.01394810,916762743.05,731.3892
1133,3.1020,1.9742,5.2633,982.01,41279798.55,3754482.66,208052991.83,260298412.08,468351403.91,49316.03,3.42472402,0.00027924,0.00893573,0.00558483,0.00834663,0.01393147,916810059.07,732.1054
1134,3.1047,1.9741,5.2629,983.88,41285483.86,3754673.97,208091578.50,260309126.75,468400705.25,49301.34,3.42370424,0.00027918,0.00893382,0.00558364,0.00833123,0.01391487,916857360.41,732.8218
1135,3.1075,1.9739,5.2624,985.75,41291168.69,3754865.23,208130152.96,260319838.95,468449991.91,49286.66,3.42268479,0.00027912,0.00893190,0.00558244,0.00831585,0.01389829,916904647.07,733.5385
1136,3.1102,1.9737,5.2620,987.62,41296853.05,3755056.46,208168715.21,260330548.68,468499263.90,49271.99,3.42166568,0.00027906,0.00892999,0.00558124,0.00830050,0.01388175,916951919.06,734.2553
1137,3.1129,1.9736,5.2615,989.50,41302536.94,3755247.64,208207265.27,260341255.95,468548521.21,49257.32,3.42064689,0.00027900,0.00892808,0.00558005,0.00828518,0.01386523,916999176.38,734.9725
1138,3.1157,1.9734,5.2611,991.38,41308220.35,3755438.79,208245803.12,260351960.74,468597763.86,49242.65,3.41962843,0.00027894,0.00892616,0.00557885,0.00826989,0.01384874,917046419.03,735.6899
1139,3.1184,1.9732,5.2607,993.27,41313903.28,3755629.89,208284328.78,260362663.07,468646991.85,49227.99,3.41861031,0.00027888,0.00892425,0.00557766,0.00825462,0.01383228,917093647.01,736.4075
1140,3.1211,1.9731,5.2602,995.15,41319585.74,3755820.95,208322842.25,260373362.94,468696205.18,49213.33,3.41759251,0.00027882,0.00892234,0.00557646,0.00823939,0.01381585,917140860.35,737.1253
1141,3.1239,1.9729,5.2598,997.05,41325267.73,3756011.98,208361343.53,260384060.34,468745403.86,49198.68,3.41657505,0.00027876,0.00892043,0.00557527,0.00822418,0.01379945,917188059.03,737.8434
1142,3.1266,1.9727,5.2593,998.94,41330949.25,3756202.96,208399832.63,260394755.27,468794587.90,49184.03,3.41555791,0.00027870,0.00891851,0.00557407,0.00820900,0.01378307,917235243.06,738.5617
1143,3.1294,1.9726,5.2589,1000.84,41336630.29,3756393.91,208438309.55,260405447.74,468843757.29,49169.39,3.41454111,0.00027864,0.00891660,0.00557288,0.00819385,0.01376672,917282412.45,739.2803
1144,3.1321,1.9724,5.2585,1002.74,41342310.85,3756584.81,208476774.29,260416137.75,468892912.04,49154.75,3.41352464,0.00027858,0.00891469,0.00557168,0.00817872,0.01375040,917329567.21,739.9991
1145,3.1348,1.9723,5.2580,1004.65,41347990.94,3756775.68,208515226.87,260426825.30,468942052.17,49140.12,3.41250849,0.00027852,0.00891278,0.00557049,0.00816362,0.01373411,917376707.33,740.7181
1146,3.1376,1.9721,5.2576,1006.56,41353670.56,3756966.50,208553667.27,260437510.39,468991177.66,49125.49,3.41149268,0.00027846,0.00891087,0.00556930,0.00814855,0.01371785,917423832.82,741.4374
1147,3.1403,1.9719,5.2572,1008.47,41359349.70,3757157.28,208592095.52,260448193.01,469040288.53,49110.87,3.41047719,0.00027841,0.00890896,0.00556810,0.00813351,0.01370161,917470943.70,742.1569
1148,3.1431,1.9718,5.2567,1010.39,41365028.37,3757348.03,208630511.60,260458873.18,469089384.79,49096.25,3.40946203,0.00027835,0.00890706,0.00556691,0.00811850,0.01368541,917518039.95,742.8766
1149,3.1458,1.9716,5.2563,1012.31,41370706.57,3757538.73,208668915.53,260469550.89,469138466.43,49081.64,3.40844721,0.00027829,0.00890515,0.00556572,0.00810351,0.01366923,917565121.59,743.5966
1150,3.1485,1.9714,5.2558,1014.23,41376384.29,3757729.40,208707307.31,260480226.15,469187533.46,49067.03,3.40743271,0.00027823,0.00890324,0.00556453,0.00808855,0.01365308,917612188.62,744.3168
1151,3.1513,1.9713,5.2554,1016.16,41382061.54,3757920.02,208745686.94,260490898.95,469236585.88,49052.43,3.40641854,0.00027817,0.00890133,0.00556333,0.00807362,0.01363695,917659241.05,745.0372
1152,3.1540,1.9711,5.2550,1018.09,41387738.31,3758110.61,208784054.42,260501569.29,469285623.71,49037.83,3.40540470,0.00027811,0.00889943,0.00556214,0.00805872,0.01362086,917706278.87,745.7578
1153,3.1567,1.9709,5.2545,1020.03,41393414.61,3758301.15,208822409.77,260512237.18,469334646.94,49023.23,3.40439119,0.00027805,0.00889752,0.00556095,0.00804384,0.01360479,917753302.11,746.4787
1154,3.1595,1.9708,5.2541,1021.97,41399090.44,3758491.66,208860752.97,260522902.61,469383655.59,49008.64,3.40337800,0.00027799,0.00889561,0.00555976,0.00802899,0.01358875,917800310.75,747.1998
1155,3.1622,1.9706,5.2536,1023.91,41404765.80,3758682.12,208899084.05,260533565.60,469432649.65,48994.06,3.40236515,0.00027793,0.00889371,0.00555857,0.00801417,0.01357273,917847304.81,747.9211
1156,3.1650,1.9704,5.2532,1025.85,41410440.68,3758872.55,208937403.00,260544226.13,469481629.12,48979.48,3.40135262,0.00027787,0.00889180,0.00555738,0.00799937,0.01355675,917894284.29,748.6427
1157,3.1677,1.9703,5.2528,1027.80,41416115.08,3759062.94,208975709.82,260554884.21,469530594.03,48964.90,3.40034043,0.00027781,0.00888990,0.00555619,0.00798460,0.01354079,917941249.19,749.3645
1158,3.1704,1.9701,5.2523,1029.76,41421789.01,3759253.28,209014004.52,260565539.84,469579544.36,48950.33,3.39932856,0.00027775,0.00888800,0.00555500,0.00796986,0.01352486,917988199.52,750.0865
1159,3.1732,1.9700,5.2519,1031.72,41427462.47,3759443.59,209052287.10,260576193.02,469628480.12,48935.77,3.39831702,0.00027769,0.00888609,0.00555381,0.00795515,0.01350896,918035135.28,750.8087
1160,3.1759,1.9698,5.2515,1033.68,41433135.46,3759633.85,209090557.57,260586843.75,469677401.33,48921.20,3.39730580,0.00027763,0.00888419,0.00555262,0.00794046,0.01349308,918082056.49,751.5311
1161,3.1786,1.9696,5.2510,1035.64,41438807.97,3759824.08,209128815.93,260597492.04,469726307.97,48906.65,3.39629492,0.00027757,0.00888229,0.00555143,0.00792580,0.01347723,918128963.14,752.2538
1162,3.1814,1.9695,5.2506,1037.61,41444480.01,3760014.27,209167062.19,260608137.88,469775200.07,48892.09,3.39528436,0.00027751,0.00888039,0.00555024,0.00791117,0.01346141,918175855.23,752.9767
1163,3.1841,1.9693,5.2501,1039.58,41450151.58,3760204.42,209205296.34,260618781.28,469824077.61,48877.55,3.39427413,0.00027745,0.00887848,0.00554905,0.00789656,0.01344562,918222732.78,753.6998
1164,3.1869,1.9691,5.2497,1041.56,41455822.67,3760394.52,209243518.39,260629422.23,469872940.62,48863.00,3.39326423,0.00027739,0.00887658,0.00554786,0.00788198,0.01342985,918269595.78,754.4231
1165,3.1896,1.9690,5.2493,1043.54,41461493.29,3760584.59,209281728.35,260640060.73,469921789.09,48848.47,3.39225465,0.00027733,0.00887468,0.00554668,0.00786743,0.01341411,918316444.25,755.1466
1166,3.1923,1.9688,5.2488,1045.52,41467163.44,3760774.62,209319926.22,260650696.80,469970623.02,48833.93,3.39124540,0.00027727,0.00887278,0.00554549,0.00785291,0.01339840,918363278.18,755.8704
1167,3.1951,1.9686,5.2484,1047.51,41472833.11,3760964.61,209358112.01,260661330.42,470019442.43,48819.41,3.39023648,0.00027722,0.00887088,0.00554430,0.00783841,0.01338271,918410097.59,756.5944
1168,3.1978,1.9685,5.2479,1049.50,41478502.31,3761154.56,209396285.71,260671961.60,470068247.31,48804.88,3.38922789,0.00027716,0.00886899,0.00554312,0.00782393,0.01336705,918456902.47,757.3185
1169,3.2005,1.9683,5.2475,1051.50,41484171.03,3761344.47,209434447.33,260682590.34,470117037.67,48790.36,3.38821962,0.00027710,0.00886709,0.00554193,0.00780949,0.01335142,918503692.83,758.0429
1170,3.2033,1.9681,5.2471,1053.49,41489839.29,3761534.34,209472596.87,260693216.64,470165813.52,48775.85,3.38721168,0.00027704,0.00886519,0.00554074,0.00779507,0.01333581,918550468.68,758.7676
1171,3.2060,1.9680,5.2466,1055.50,41495507.07,3761724.17,209510734.35,260703840.51,470214574.86,48761.34,3.38620407,0.00027698,0.00886329,0.00553956,0.00778068,0.01332023,918597230.02,759.4924
1172,3.2088,1.9678,5.2462,1057.50,41501174.38,3761913.96,209548859.76,260714461.94,470263321.69,48746.83,3.38519678,0.00027692,0.00886139,0.00553837,0.00776631,0.01330468,918643976.85,760.2174
1173,3.2115,1.9677,5.2458,1059.51,41506841.21,3762103.71,209586973.10,260725080.93,470312054.02,48732.33,3.38418982,0.00027686,0.00885950,0.00553719,0.00775197,0.01328916,918690709.19,760.9427
1174,3.2142,1.9675,5.2453,1061.53,41512507.57,3762293.42,209625074.38,260735697.48,470360771.86,48717.84,3.38318319,0.00027680,0.00885760,0.00553600,0.00773766,0.01327366,918737427.02,761.6681
1175,3.2170,1.9673,5.2449,1063.55,41518173.46,3762483.09,209663163.61,260746311.60,470409475.21,48703.35,3.38217688,0.00027674,0.00885571,0.00553482,0.00772337,0.01325818,918784130.37,762.3938
1176,3.2197,1.9672,5.2444,1065.57,41523838.88,3762672.72,209701240.79,260756923.28,470458164.07,48688.86,3.38117090,0.00027668,0.00885381,0.00553363,0.00770911,0.01324274,918830819.23,763.1196
1177,3.2225,1.9670,5.2440,1067.59,41529503.82,3762862.32,209739305.91,260767532.54,470506838.45,48674.38,3.38016524,0.00027662,0.00885192,0.00553245,0.00769487,0.01322732,918877493.61,763.8457
1178,3.2252,1.9668,5.2436,1069.62,41535168.29,3763051.87,209777358.99,260778139.36,470555498.35,48659.90,3.37915991,0.00027656,0.00885002,0.00553126,0.00768066,0.01321193,918924153.51,764.5720
1179,3.2279,1.9667,5.2431,1071.65,41540832.29,3763241.38,209815400.04,260788743.75,470604143.78,48645.43,3.37815491,0.00027650,0.00884813,0.00553008,0.00766648,0.01319656,918970798.95,765.2985
1180,3.2307,1.9665,5.2427,1073.69,41546495.82,3763430.86,209853429.04,260799345.71,470652774.75,48630.96,3.37715023,0.00027644,0.00884623,0.00552890,0.00765232,0.01318122,919017429.91,766.0252
1181,3.2334,1.9663,5.2423,1075.73,41552158.87,3763620.29,209891446.01,260809945.24,470701391.25,48616.50,3.37614588,0.00027639,0.00884434,0.00552771,0.00763819,0.01316591,919064046.41,766.7521
1182,3.2361,1.9662,5.2418,1077.78,41557821.45,3763809.69,209929450.95,260820542.34,470749993.29,48602.04,3.37514185,0.00027633,0.00884245,0.00552653,0.00762409,0.01315062,919110648.45,767.4791
1183,3.2389,1.9660,5.2414,1079.83,41563483.56,3763999.04,209967443.87,260831137.01,470798580.88,48587.59,3.37413815,0.00027627,0.00884056,0.00552535,0.00761001,0.01313536,919157236.04,768.2064
1184,3.2416,1.9658,5.2409,1081.88,41569145.20,3764188.36,210005424.76,260841729.26,470847154.02,48573.14,3.37313477,0.00027621,0.00883867,0.00552417,0.00759596,0.01312012,919203809.18,768.9339
1185,3.2444,1.9657,5.2405,1083.94,41574806.36,3764377.64,210043393.64,260852319.08,470895712.72,48558.70,3.37213172,0.00027615,0.00883677,0.00552298,0.00758193,0.01310491,919250367.88,769.6616
1186,3.2471,1.9655,5.2401,1086.00,41580467.05,3764566.87,210081350.50,260862906.47,470944256.97,48544.26,3.37112899,0.00027609,0.00883488,0.00552180,0.00756793,0.01308973,919296912.14,770.3895
1187,3.2498,1.9654,5.2396,1088.06,41586127.27,3764756.07,210119295.35,260873491.44,470992786.80,48529.82,3.37012659,0.00027603,0.00883299,0.00552062,0.00755395,0.01307457,919343441.96,771.1176
1188,3.2526,1.9652,5.2392,1090.13,41591787.01,3764945.23,210157228.20,260884073.99,471041302.19,48515.39,3.36912451,0.00027597,0.00883111,0.00551944,0.00754000,0.01305944,919389957.35,771.8459
1189,3.2553,1.9650,5.2388,1092.20,41597446.29,3765134.35,210195149.04,260894654.12,471089803.16,48500.97,3.36812276,0.00027591,0.00882922,0.00551826,0.00752608,0.01304434,919436458.32,772.5744
1190,3.2580,1.9649,5.2383,1094.28,41603105.09,3765323.43,210233057.89,260905231.82,471138289.70,48486.55,3.36712133,0.00027585,0.00882733,0.00551708,0.00751218,0.01302926,919482944.87,773.3031
1191,3.2608,1.9647,5.2379,1096.36,41608763.42,3765512.47,210270954.73,260915807.10,471186761.84,48472.13,3.36612023,0.00027579,0.00882544,0.00551590,0.00749831,0.01301421,919529417.00,774.0319
1192,3.2635,1.9645,5.2374,1098.44,41614421.27,3765701.47,210308839.59,260926379.96,471235219.56,48457.72,3.36511945,0.00027574,0.00882355,0.00551472,0.00748446,0.01299918,919575874.72,774.7610
1193,3.2663,1.9644,5.2370,1100.53,41620078.66,3765890.44,210346712.46,260936950.41,471283662.87,48443.31,3.36411900,0.00027568,0.00882166,0.00551354,0.00747064,0.01298418,919622318.03,775.4903
1194,3.2690,1.9642,5.2366,1102.62,41625735.57,3766079.36,210384573.35,260947518.43,471332091.78,48428.91,3.36311886,0.00027562,0.00881978,0.00551236,0.00745684,0.01296920,919668746.94,776.2197
1195,3.2717,1.9640,5.2361,1104.72,41631392.01,3766268.24,210422422.25,260958084.04,471380506.30,48414.51,3.36211906,0.00027556,0.00881789,0.00551118,0.00744307,0.01295425,919715161.46,776.9494
1196,3.2745,1.9639,5.2357,1106.82,41637047.98,3766457.09,210460259.18,260968647.24,471428906.42,48400.12,3.36111957,0.00027550,0.00881601,0.00551000,0.00742932,0.01293933,919761561.58,777.6792
1197,3.2772,1.9637,5.2353,1108.92,41642703.48,3766645.89,210498084.14,260979208.01,471477292.15,48385.73,3.36012041,0.00027544,0.00881412,0.00550883,0.00741560,0.01292443,919807947.31,778.4092
1198,3.2799,1.9636,5.2348,1111.03,41648358.50,3766834.66,210535897.13,260989766.38,471525663.50,48371.35,3.35912158,0.00027538,0.00881224,0.00550765,0.00740191,0.01290955,919854318.67,779.1394
1199,3.2827,1.9634,5.2344,1113.14,41654013.06,3767023.38,210573698.15,261000322.32,471574020.47,48356.97,3.35812306,0.00027532,0.00881035,0.00550647,0.00738823,0.01289470,919900675.64,779.8698
1200,3.2854,1.9632,5.2340,1115.26,41659667.14,3767212.07,210611487.21,261010875.86,471622363.07,48342.60,3.35712487,0.00027526,0.00880847,0.00550529,0.00737459,0.01287988,919947018.24,780.6004
1201,3.2882,1.9631,5.2335,1117.38,41665320.75,3767400.72,210649264.32,261021426.98,471670691.30,48328.23,3.35612701,0.00027521,0.00880658,0.00550412,0.00736097,0.01286508,919993346.46,781.3311
1202,3.2909,1.9629,5.2331,1119.50,41670973.88,3767589.33,210687029.47,261031975.70,471719005.17,48313.86,3.35512947,0.00027515,0.00880470,0.00550294,0.00734737,0.01285031,920039660.33,782.0621
1203,3.2936,1.9627,5.2326,1121.63,41676626.55,3767777.90,210724782.67,261042522.00,471767304.67,48299.50,3.35413225,0.00027509,0.00880282,0.00550176,0.00733380,0.01283556,920085959.83,782.7932
1204,3.2964,1.9626,5.2322,1123.76,41682278.74,3767966.43,210762523.93,261053065.89,471815589.82,48285.15,3.35313535,0.00027503,0.00880094,0.00550059,0.00732026,0.01282084,920132244.98,783.5245
1205,3.2991,1.9624,5.2318,1125.90,41687930.47,3768154.92,210800253.24,261063607.38,471863860.62,48270.80,3.35213877,0.00027497,0.00879906,0.00549941,0.00730674,0.01280615,920178515.78,784.2560
1206,3.3018,1.9622,5.2313,1128.04,41693581.72,3768343.37,210837970.62,261074146.45,471912117.07,48256.45,3.35114252,0.00027491,0.00879718,0.00549823,0.00729324,0.01279147,920224772.23,784.9877
1207,3.3046,1.9621,5.2309,1130.18,41699232.50,3768531.78,210875676.06,261084683.12,471960359.18,48242.11,3.35014659,0.00027485,0.00879529,0.00549706,0.00727977,0.01277683,920271014.34,785.7196
1208,3.3073,1.9619,5.2305,1132.33,41704882.80,3768720.16,210913369.57,261095217.39,472008586.95,48227.77,3.34915099,0.00027479,0.00879341,0.00549588,0.00726632,0.01276221,920317242.12,786.4516
1209,3.3101,1.9617,5.2300,1134.48,41710532.64,3768908.49,210951051.15,261105749.25,472056800.40,48213.44,3.34815570,0.00027474,0.00879154,0.00549471,0.00725290,0.01274761,920363455.56,787.1838
1210,3.3128,1.9616,5.2296,1136.64,41716182.00,3769096.79,210988720.81,261116278.70,472104999.51,48199.11,3.34716074,0.00027468,0.00878966,0.00549353,0.00723950,0.01273304,920409654.67,787.9162
1211,3.3155,1.9614,5.2291,1138.80,41721830.90,3769285.05,211026378.55,261126805.75,472153184.30,48184.79,3.34616610,0.00027462,0.00878778,0.00549236,0.00722613,0.01271849,920455839.47,788.6488
1212,3.3183,1.9613,5.2287,1140.96,41727479.32,3769473.26,211064024.38,261137330.40,472201354.78,48170.47,3.34517178,0.00027456,0.00878590,0.00549119,0.00721278,0.01270397,920502009.94,789.3815
1213,3.3210,1.9611,5.2283,1143.13,41733127.27,3769661.44,211101658.29,261147852.65,472249510.94,48156.16,3.34417778,0.00027450,0.00878402,0.00549001,0.00719946,0.01268947,920548166.10,790.1144
1214,3.3238,1.9609,5.2278,1145.30,41738774.75,3769849.58,211139280.29,261158372.49,472297652.79,48141.85,3.34318411,0.00027444,0.00878214,0.00548884,0.00718616,0.01267500,920594307.95,790.8475
1215,3.3265,1.9608,5.2274,1147.48,41744421.76,3770037.68,211176890.39,261168889.94,472345780.34,48127.55,3.34219076,0.00027438,0.00878027,0.00548767,0.00717289,0.01266056,920640435.50,791.5808
1216,3.3292,1.9606,5.2270,1149.66,41750068.29,3770225.74,211214488.59,261179404.99,472393893.58,48113.25,3.34119773,0.00027432,0.00877839,0.00548649,0.00715964,0.01264613,920686548.75,792.3142
1217,3.3320,1.9604,5.2265,1151.85,41755714.36,3770413.77,211252074.90,261189917.64,472441992.53,48098.95,3.34020502,0.00027427,0.00877652,0.00548532,0.00714641,0.01263174,920732647.70,793.0478
1218,3.3347,1.9603,5.2261,1154.04,41761359.95,3770601.75,211289649.31,261200427.89,472490077.20,48084.66,3.33921263,0.00027421,0.00877464,0.00548415,0.00713321,0.01261736,920778732.36,793.7816
1219,3.3374,1.9601,5.2257,1156.23,41767005.08,3770789.69,211327211.83,261210935.75,472538147.57,48070.38,3.33822056,0.00027415,0.00877277,0.00548298,0.00712003,0.01260301,920824802.74,794.5155
1220,3.3402,1.9599,5.2252,1158.43,41772649.73,3770977.60,211364762.46,261221441.21,472586203.67,48056.09,3.33722881,0.00027409,0.00877089,0.00548181,0.00710688,0.01258869,920870858.83,795.2496
1221,3.3429,1.9598,5.2248,1160.63,41778293.91,3771165.47,211402301.21,261231944.27,472634245.49,48041.82,3.33623739,0.00027403,0.00876902,0.00548064,0.00709375,0.01257439,920916900.65,795.9839
1222,3.3457,1.9596,5.2244,1162.84,41783937.62,3771353.29,211439828.09,261242444.95,472682273.03,48027.55,3.33524628,0.00027397,0.00876714,0.00547946,0.00708065,0.01256011,920962928.20,796.7183
1223,3.3484,1.9595,5.2239,1165.05,41789580.86,3771541.08,211477343.09,261252943.22,472730286.31,48013.28,3.33425550,0.00027391,0.00876527,0.00547829,0.00706757,0.01254586,921008941.47,797.4529
1224,3.3511,1.9593,5.2235,1167.26,41795223.63,3771728.83,211514846.22,261263439.11,472778285.33,47999.02,3.33326503,0.00027386,0.00876340,0.00547712,0.00705451,0.01253164,921054940.49,798.1877
1225,3.3539,1.9591,5.2230,1169.48,41800865.93,3771916.54,211552337.48,261273932.61,472826270.09,47984.76,3.33227489,0.00027380,0.00876153,0.00547595,0.00704148,0.01251743,921100925.25,798.9226
1226,3.3566,1.9590,5.2226,1171.70,41806507.75,3772104.21,211589816.88,261284423.71,472874240.59,47970.51,3.33128507,0.00027374,0.00875965,0.00547478,0.00702847,0.01250326,921146895.75,799.6577
1227,3.3593,1.9588,5.2222,1173.93,41812149.11,3772291.85,211627284.42,261294912.43,472922196.85,47956.26,3.33029557,0.00027368,0.00875778,0.00547361,0.00701549,0.01248910,921192852.01,800.3930
1228,3.3621,1.9586,5.2217,1176.16,41817790.00,3772479.44,211664740.11,261305398.75,472970138.86,47942.01,3.32930639,0.00027362,0.00875591,0.00547245,0.00700253,0.01247497,921238794.02,801.1284
1229,3.3648,1.9585,5.2213,1178.40,41823430.41,3772667.00,211702183.94,261315882.69,473018066.63,47927.77,3.32831752,0.00027356,0.00875404,0.00547128,0.00698959,0.01246087,921284721.79,801.8639
1230,3.3676,1.9583,5.2209,1180.64,41829070.35,3772854.51,211739615.92,261326364.25,473065980.17,47913.54,3.32732898,0.00027351,0.00875217,0.00547011,0.00697668,0.01244678,921330635.33,802.5997
1231,3.3703,1.9582,5.2204,1182.88,41834709.83,3773041.99,211777036.06,261336843.41,473113879.48,47899.31,3.32634076,0.00027345,0.00875030,0.00546894,0.00696379,0.01243273,921376534.64,803.3356
1232,3.3730,1.9580,5.2200,1185.13,41840348.83,3773229.43,211814444.36,261347320.19,473161764.56,47885.08,3.32535286,0.00027339,0.00874843,0.00546777,0.00695092,0.01241869,921422419.72,804.0716
1233,3.3758,1.9578,5.2196,1187.38,41845987.36,3773416.83,211851840.83,261357794.59,473209635.42,47870.86,3.32436527,0.00027333,0.00874657,0.00546660,0.00693808,0.01240468,921468290.58,804.8078
1234,3.3785,1.9577,5.2191,1189.64,41851625.42,3773604.19,211889225.46,261368266.60,473257492.06,47856.64,3.32337801,0.00027327,0.00874470,0.00546544,0.00692526,0.01239070,921514147.22,805.5441
1235,3.3812,1.9575,5.2187,1191.90,41857263.01,3773791.51,211926598.26,261378736.23,473305334.49,47842.43,3.32239107,0.00027321,0.00874283,0.00546427,0.00691247,0.01237674,921559989.65,806.2807
1236,3.3840,1.9573,5.2183,1194.17,41862900.13,3773978.80,211963959.24,261389203.48,473353162.72,47828.22,3.32140444,0.00027316,0.00874096,0.00546310,0.00689969,0.01236280,921605817.88,807.0173
1237,3.3867,1.9572,5.2178,1196.44,41868536.79,3774166.04,212001308.39,261399668.35,473400976.74,47814.02,3.32041814,0.00027310,0.00873910,0.00546194,0.00688695,0.01234888,921651631.90,807.7541
1238,3.3895,1.9570,5.2174,1198.71,41874172.96,3774353.25,212038645.73,261410130.83,473448776.56,47799.82,3.31943215,0.00027304,0.00873723,0.00546077,0.00687422,0.01233499,921697431.72,808.4911
1239,3.3922,1.9568,5.2169,1200.99,41879808.67,3774540.42,212075971.25,261420590.94,473496562.19,47785.63,3.31844648,0.00027298,0.00873537,0.00545960,0.00686152,0.01232113,921743217.35,809.2282
1240,3.3949,1.9567,5.2165,1203.27,41885443.91,3774727.55,212113284.96,261431048.67,473544333.63,47771.44,3.31746113,0.00027292,0.00873350,0.00545844,0.00684884,0.01230728,921788988.79,809.9655
1241,3.3977,1.9565,5.2161,1205.56,41891078.68,3774914.64,212150586.86,261441504.02,473592090.89,47757.26,3.31647610,0.00027286,0.00873164,0.00545727,0.00683619,0.01229346,921834746.05,810.7029
1242,3.4004,1.9564,5.2156,1207.85,41896712.98,3775101.69,212187876.96,261451957.00,473639833.96,47743.08,3.31549139,0.00027281,0.00872977,0.00545611,0.00682356,0.01227967,921880489.12,811.4404
1243,3.4031,1.9562,5.2152,1210.15,41902346.81,3775288.70,212225155.26,261462407.60,473687562.86,47728.90,3.31450700,0.00027275,0.00872791,0.00545494,0.00681095,0.01226589,921926218.03,812.1781
1244,3.4059,1.9560,5.2148,1212.45,41907980.17,3775475.67,212262421.77,261472855.82,473735277.59,47714.73,3.31352292,0.00027269,0.00872605,0.00545378,0.00679837,0.01225214,921971932.76,812.9160
1245,3.4086,1.9559,5.2143,1214.75,41913613.06,3775662.61,212299676.48,261483301.67,473782978.16,47700.56,3.31253917,0.00027263,0.00872418,0.00545261,0.00678580,0.01223842,922017633.32,813.6540
1246,3.4114,1.9557,5.2139,1217.06,41919245.48,3775849.51,212336919.41,261493745.15,473830664.56,47686.40,3.31155573,0.00027257,0.00872232,0.00545145,0.00677327,0.01222472,922063319.72,814.3921
1247,3.4141,1.9555,5.2135,1219.37,41924877.42,3776036.36,212374150.55,261504186.25,473878336.80,47672.25,3.31057261,0.00027251,0.00872046,0.00545029,0.00676075,0.01221104,922108991.97,815.1304
1248,3.4168,1.9554,5.2130,1221.69,41930508.90,3776223.18,212411369.91,261514624.99,473925994.90,47658.09,3.30958981,0.00027246,0.00871860,0.00544912,0.00674826,0.01219738,922154650.06,815.8688
1249,3.4196,1.9552,5.2126,1224.01,41936139.91,3776409.97,212448577.49,261525061.35,473973638.84,47643.95,3.30860732,0.00027240,0.00871674,0.00544796,0.00673579,0.01218375,922200294.01,816.6073
1250,3.4223,1.9550,5.2122,1226.34,41941770.45,3776596.71,212485773.30,261535495.34,474021268.65,47629.80,3.30762515,0.00027234,0.00871488,0.00544680,0.00672334,0.01217014,922245923.81,817.3460
1251,3.4251,1.9549,5.2117,1228.67,41947400.52,3776783.41,212522957.34,261545926.96,474068884.31,47615.66,3.30664330,0.00027228,0.00871302,0.00544564,0.00671092,0.01215655,922291539.47,818.0849
1252,3.4278,1.9547,5.2113,1231.01,41953030.12,3776970.08,212560129.62,261556356.22,474116485.84,47601.53,3.30566177,0.00027222,0.00871116,0.00544447,0.00669852,0.01214299,922337141.00,818.8238
1253,3.4305,1.9546,5.2109,1233.35,41958659.25,3777156.70,212597290.13,261566783.11,474164073.24,47587.40,3.30468056,0.00027217,0.00870930,0.00544331,0.00668614,0.01212945,922382728.40,819.5629
1254,3.4333,1.9544,5.2104,1235.69,41964287.91,3777343.29,212634438.89,261577207.63,474211646.51,47573.28,3.30369966,0.00027211,0.00870744,0.00544215,0.00667378,0.01211593,922428301.68,820.3022
1255,3.4360,1.9542,5.2100,1238.04,41969916.10,3777529.84,212671575.89,261587629.78,474259205.67,47559.15,3.30271908,0.00027205,0.00870558,0.00544099,0.00666145,0.01210244,922473860.83,821.0416
1256,3.4387,1.9541,5.2095,1240.39,41975543.82,3777716.35,212708701.13,261598049.57,474306750.71,47545.04,3.30173882,0.00027199,0.00870372,0.00543983,0.00664914,0.01208897,922519405.87,821.7811
1257,3.4415,1.9539,5.2091,1242.75,41981171.07,3777902.83,212745814.64,261608467.00,474354281.63,47530.93,3.30075887,0.00027193,0.00870187,0.00543867,0.00663685,0.01207552,922564936.80,822.5207
1258,3.4442,1.9537,5.2087,1245.11,41986797.85,3778089.26,212782916.39,261618882.06,474401798.46,47516.82,3.29977924,0.00027188,0.00870001,0.00543751,0.00662459,0.01206210,922610453.62,823.2605
1259,3.4470,1.9536,5.2082,1247.48,41992424.16,3778275.66,212820006.41,261629294.76,474449301.17,47502.72,3.29879993,0.00027182,0.00869815,0.00543635,0.00661235,0.01204869,922655956.34,824.0004
1260,3.4497,1.9534,5.2078,1249.85,41998050.00,3778462.01,212857084.69,261639705.10,474496789.80,47488.62,3.29782093,0.00027176,0.00869630,0.00543519,0.00660013,0.01203531,922701444.96,824.7404
1261,3.4524,1.9533,5.2074,1252.23,42003675.37,3778648.33,212894151.24,261650113.08,474544264.32,47474.53,3.29684225,0.00027170,0.00869444,0.00543403,0.00658793,0.01202196,922746919.49,825.4806
1262,3.4552,1.9531,5.2069,1254.61,42009300.28,3778834.61,212931206.06,261660518.70,474591724.76,47460.44,3.29586389,0.00027164,0.00869259,0.00543287,0.00657576,0.01200862,922792379.93,826.2209
1263,3.4579,1.9529,5.2065,1256.99,42014924.71,3779020.85,212968249.16,261670921.96,474639171.12,47446.36,3.29488584,0.00027159,0.00869073,0.00543171,0.00656360,0.01199531,922837826.28,826.9613
1264,3.4606,1.9528,5.2061,1259.38,42020548.67,3779207.06,213005280.54,261681322.86,474686603.40,47432.28,3.29390811,0.00027153,0.00868888,0.00543055,0.00655147,0.01198202,922883258.56,827.7019
1265,3.4634,1.9526,5.2056,1261.78,42026172.17,3779393.22,213042300.19,261691721.41,474734021.60,47418.20,3.29293069,0.00027147,0.00868703,0.00542939,0.00653936,0.01196876,922928676.76,828.4425
1266,3.4661,1.9524,5.2052,1264.18,42031795.19,3779579.35,213079308.14,261702117.60,474781425.73,47404.13,3.29195360,0.00027141,0.00868517,0.00542823,0.00652728,0.01195551,922974080.89,829.1833
1267,3.4689,1.9523,5.2048,1266.58,42037417.75,3779765.44,213116304.37,261712511.43,474828815.80,47390.07,3.29097681,0.00027135,0.00868332,0.00542708,0.00651522,0.01194229,923019470.96,829.9243
1268,3.4716,1.9521,5.2043,1268.99,42043039.84,3779951.49,213153288.90,261722902.91,474876191.80,47376.00,3.29000034,0.00027130,0.00868147,0.00542592,0.00650318,0.01192909,923064846.97,830.6653
1269,3.4743,1.9520,5.2039,1271.40,42048661.46,3780137.50,213190261.72,261733292.03,474923553.75,47361.95,3.28902419,0.00027124,0.00867962,0.00542476,0.00649116,0.01191592,923110208.91,831.4065
1270,3.4771,1.9518,5.2035,1273.81,42054282.61,3780323.47,213227222.85,261743678.80,474970901.65,47347.90,3.28804835,0.00027118,0.00867777,0.00542360,0.00647916,0.01190276,923155556.81,832.1477
1271,3.4798,1.9516,5.2030,1276.24,42059903.29,3780509.41,213264172.28,261754063.22,475018235.50,47333.85,3.28707283,0.00027112,0.00867592,0.00542245,0.00646718,0.01188963,923200890.66,832.8891
1272,3.4825,1.9515,5.2026,1278.66,42065523.50,3780695.31,213301110.01,261764445.29,475065555.30,47319.81,3.28609763,0.00027106,0.00867407,0.00542129,0.00645523,0.01187652,923246210.46,833.6307
1273,3.4853,1.9513,5.2022,1281.09,42071143.24,3780881.16,213338036.06,261774825.00,475112861.07,47305.77,3.28512274,0.00027101,0.00867222,0.00542014,0.00644330,0.01186344,923291516.23,834.3723
1274,3.4880,1.9511,5.2017,1283.53,42076762.51,3781066.98,213374950.43,261785202.37,475160152.80,47291.73,3.28414816,0.00027095,0.00867037,0.00541898,0.00643139,0.01185037,923336807.97,835.1140
1275,3.4908,1.9510,5.2013,1285.97,42082381.32,3781252.77,213411853.12,261795577.39,475207430.51,47277.70,3.28317390,0.00027089,0.00866852,0.00541782,0.00641951,0.01183733,923382085.67,835.8559
1276,3.4935,1.9508,5.2009,1288.41,42087999.65,3781438.51,213448744.13,261805950.06,475254694.19,47263.68,3.28219995,0.00027083,0.00866667,0.00541667,0.00640764,0.01182431,923427349.35,836.5979
1277,3.4962,1.9506,5.2004,1290.86,42093617.52,3781624.22,213485623.46,261816320.38,475301943.85,47249.66,3.28122632,0.00027078,0.00866482,0.00541551,0.00639580,0.01181131,923472599.01,837.3400
1278,3.4990,1.9505,5.2000,1293.31,42099234.92,3781809.88,213522491.13,261826688.36,475349179.49,47235.64,3.28025300,0.00027072,0.00866298,0.00541436,0.00638398,0.01179834,923517834.65,838.0822
1279,3.5017,1.9503,5.1996,1295.77,42104851.84,3781995.51,213559347.13,261837053.99,475396401.12,47221.63,3.27928000,0.00027066,0.00866113,0.00541321,0.00637218,0.01178538,923563056.28,838.8245
1280,3.5044,1.9502,5.1991,1298.24,42110468.30,3782181.10,213596191.47,261847417.28,475443608.75,47207.63,3.27830731,0.00027060,0.00865928,0.00541205,0.00636040,0.01177245,923608263.91,839.5669
1281,3.5072,1.9500,5.1987,1300.70,42116084.30,3782366.66,213633024.15,261857778.22,475490802.37,47193.62,3.27733494,0.00027054,0.00865744,0.00541090,0.00634864,0.01175954,923653457.53,840.3095
1282,3.5099,1.9498,5.1983,1303.18,42121699.82,3782552.17,213669845.17,261868136.82,475537981.99,47179.63,3.27636288,0.00027049,0.00865559,0.00540974,0.00633691,0.01174665,923698637.16,841.0521
1283,3.5127,1.9497,5.1978,1305.65,42127314.87,3782737.65,213706654.55,261878493.08,475585147.63,47165.63,3.27539113,0.00027043,0.00865375,0.00540859,0.00632519,0.01173378,923743802.79,841.7949
1284,3.5154,1.9495,5.1974,1308.14,42132929.46,3782923.08,213743452.28,261888847.00,475632299.27,47151.64,3.27441970,0.00027037,0.00865190,0.00540744,0.00631350,0.01172094,923788954.43,842.5377
1285,3.5181,1.9493,5.1970,1310.62,42138543.58,3783108.48,213780238.36,261899198.57,475679436.93,47137.66,3.27344858,0.00027031,0.00865006,0.00540629,0.00630183,0.01170812,923834092.09,843.2807
1286,3.5209,1.9492,5.1965,1313.11,42144157.23,3783293.85,213817012.80,261909547.81,475726560.61,47123.68,3.27247778,0.00027026,0.00864821,0.00540513,0.00629018,0.01169532,923879215.77,844.0238
1287,3.5236,1.9490,5.1961,1315.61,42149770.41,3783479.17,213853775.61,261919894.70,475773670.31,47109.70,3.27150729,0.00027020,0.00864637,0.00540398,0.00627856,0.01168254,923924325.48,844.7669
1288,3.5264,1.9489,5.1957,1318.11,42155383.12,3783664.46,213890526.79,261930239.26,475820766.05,47095.73,3.27053711,0.00027014,0.00864453,0.00540283,0.00626695,0.01166978,923969421.21,845.5102
1289,3.5291,1.9487,5.1952,1320.62,42160995.36,3783849.70,213927266.33,261940581.49,475867847.82,47081.77,3.26956724,0.00027008,0.00864269,0.00540168,0.00625536,0.01165704,924014502.98,846.2536
1290,3.5318,1.9485,5.1948,1323.13,42166607.14,3784034.91,213963994.25,261950921.37,475914915.62,47067.81,3.26859769,0.00027003,0.00864084,0.00540053,0.00624380,0.01164433,924059570.79,846.9971
1291,3.5346,1.9484,5.1944,1325.64,42172218.44,3784220.08,214000710.55,261961258.92,475961969.47,47053.85,3.26762845,0.00026997,0.00863900,0.00539938,0.00623226,0.01163164,924104624.64,847.7407
1292,3.5373,1.9482,5.1939,1328.16,42177829.28,3784405.22,214037415.23,261971594.14,476009009.37,47039.90,3.26665953,0.00026991,0.00863716,0.00539823,0.00622074,0.01161896,924149664.53,848.4843
1293,3.5400,1.9480,5.1935,1330.69,42183439.65,3784590.31,214074108.30,261981927.02,476056035.32,47025.95,3.26569092,0.00026985,0.00863532,0.00539708,0.00620924,0.01160631,924194690.48,849.2281
1294,3.5428,1.9479,5.1931,1333.21,42189049.55,3784775.37,214110789.76,261992257.57,476103047.33,47012.01,3.26472262,0.00026980,0.00863348,0.00539593,0.00619776,0.01159369,924239702.49,849.9720
1295,3.5455,1.9477,5.1926,1335.75,42194658.99,3784960.39,214147459.61,262002585.78,476150045.39,46998.07,3.26375463,0.00026974,0.00863164,0.00539478,0.00618630,0.01158108,924284700.56,850.7160
1296,3.5483,1.9476,5.1922,1338.29,42200267.96,3785145.37,214184117.86,262012911.67,476197029.52,46984.13,3.26278696,0.00026968,0.00862980,0.00539363,0.00617487,0.01156849,924329684.69,851.4600
1297,3.5510,1.9474,5.1918,1340.83,42205876.45,3785330.31,214220764.50,262023235.22,476243999.73,46970.20,3.26181960,0.00026962,0.00862796,0.00539248,0.00616345,0.01155593,924374654.89,852.2042
1298,3.5537,1.9472,5.1913,1343.38,42211484.48,3785515.22,214257399.56,262033556.45,476290956.00,46956.28,3.26085255,0.00026957,0.00862613,0.00539133,0.00615206,0.01154339,924419611.17,852.9484
1299,3.5565,1.9471,5.1909,1345.93,42217092.05,3785700.09,214294023.02,262043875.34,476337898.36,46942.36,3.25988581,0.00026951,0.00862429,0.00539018,0.00614068,0.01153086,924464553.52,853.6928
1300,3.5592,1.9469,5.1905,1348.49,42222699.14,3785884.92,214330634.89,262054191.91,476384826.80,46928.44,3.25891939,0.00026945,0.00862245,0.00538903,0.00612933,0.01151836,924509481.96,854.4372
1301,3.5619,1.9467,5.1900,1351.06,42228305.77,3786069.71,214367235.17,262064506.15,476431741.33,46914.53,3.25795327,0.00026939,0.00862061,0.00538788,0.00611800,0.01150588,924554396.49,855.1817
1302,3.5647,1.9466,5.1896,1353.62,42233911.92,3786254.46,214403823.88,262074818.07,476478641.95,46900.62,3.25698747,0.00026934,0.00861878,0.00538674,0.00610669,0.01149343,924599297.11,855.9263
1303,3.5674,1.9464,5.1892,1356.20,42239517.62,3786439.18,214440401.01,262085127.66,476525528.66,46886.72,3.25602198,0.00026928,0.00861694,0.00538559,0.00609540,0.01148099,924644183.82,856.6710
1304,3.5702,1.9463,5.1887,1358.77,42245122.84,3786623.86,214476966.56,262095434.92,476572401.48,46872.82,3.25505680,0.00026922,0.00861511,0.00538444,0.00608413,0.01146857,924689056.64,857.4158
1305,3.5729,1.9461,5.1883,1361.36,42250727.59,3786808.49,214513520.54,262105739.86,476619260.40,46858.92,3.25409194,0.00026916,0.00861327,0.00538329,0.00607288,0.01145618,924733915.57,858.1607
1306,3.5756,1.9459,5.1879,1363.95,42256331.88,3786993.10,214550062.96,262116042.48,476666105.44,46845.03,3.25312738,0.00026911,0.00861144,0.00538215,0.00606166,0.01144380,924778760.60,858.9056
1307,3.5784,1.9458,5.1874,1366.54,42261935.70,3787177.66,214586593.82,262126342.77,476712936.59,46831.15,3.25216314,0.00026905,0.00860960,0.00538100,0.00605045,0.01143145,924823591.75,859.6507
1308,3.5811,1.9456,5.1870,1369.14,42267539.05,3787362.19,214623113.11,262136640.74,476759753.86,46817.27,3.25119921,0.00026899,0.00860777,0.00537986,0.00603926,0.01141912,924868409.02,860.3958
1309,3.5838,1.9454,5.1866,1371.74,42273141.94,3787546.68,214659620.85,262146936.40,476806557.25,46803.39,3.25023559,0.00026894,0.00860594,0.00537871,0.00602810,0.01140681,924913212.41,861.1410
1310,3.5866,1.9453,5.1861,1374.35,42278744.35,3787731.13,214696117.04,262157229.73,476853346.77,46789.52,3.24927228,0.00026888,0.00860410,0.00537756,0.00601695,0.01139452,924958001.93,861.8863
1311,3.5893,1.9451,5.1857,1376.96,42284346.30,3787915.54,214732601.68,262167520.74,476900122.42,46775.65,3.24830928,0.00026882,0.00860227,0.00537642,0.00600583,0.01138225,925002777.59,862.6317
1312,3.5921,1.9450,5.1853,1379.58,42289947.79,3788099.91,214769074.78,262177809.44,476946884.21,46761.79,3.24734659,0.00026876,0.00860044,0.00537527,0.00599472,0.01137000,925047539.38,863.3771
1313,3.5948,1.9448,5.1848,1382.20,42295548.80,3788284.25,214805536.33,262188095.82,476993632.15,46747.93,3.24638422,0.00026871,0.00859861,0.00537413,0.00598364,0.01135777,925092287.31,864.1226
1314,3.5975,1.9446,5.1844,1384.82,42301149.35,3788468.55,214841986.35,262198379.88,477040366.23,46734.08,3.24542215,0.00026865,0.00859678,0.00537299,0.00597258,0.01134556,925137021.39,864.8682
1315,3.6003,1.9445,5.1840,1387.46,42306749.43,3788652.81,214878424.83,262208661.62,477087086.46,46720.23,3.24446039,0.00026859,0.00859495,0.00537184,0.00596153,0.01133337,925181741.62,865.6139
1316,3.6030,1.9443,5.1835,1390.09,42312349.04,3788837.04,214914851.79,262218941.05,477133792.84,46706.38,3.24349895,0.00026853,0.00859312,0.00537070,0.00595051,0.01132121,925226448.00,866.3596
1317,3.6057,1.9441,5.1831,1392.74,42317948.19,3789021.22,214951267.21,262229218.17,477180485.38,46692.54,3.24253781,0.00026848,0.00859129,0.00536955,0.00593951,0.01130906,925271140.55,867.1055
1318,3.6085,1.9440,5.1827,1395.38,42323546.86,3789205.37,214987671.12,262239492.97,477227164.09,46678.71,3.24157699,0.00026842,0.00858946,0.00536841,0.00592852,0.01129694,925315819.26,867.8514
1319,3.6112,1.9438,5.1822,1398.04,42329145.07,3789389.48,215024063.51,262249765.47,477273828.97,46664.88,3.24061647,0.00026836,0.00858763,0.00536727,0.00591756,0.01128483,925360484.13,868.5973
1320,3.6140,1.9437,5.1818,1400.69,42334742.82,3789573.55,215060444.38,262260035.64,477320480.02,46651.05,3.23965627,0.00026831,0.00858580,0.00536613,0.00590662,0.01127275,925405135.18,869.3434
1321,3.6167,1.9435,5.1814,1403.36,42340340.09,3789757.59,215096813.73,262270303.51,477367117.25,46637.23,3.23869637,0.00026825,0.00858397,0.00536498,0.00589570,0.01126068,925449772.41,870.0895
1322,3.6194,1.9433,5.1809,1406.02,42345936.90,3789941.59,215133171.59,262280569.07,477413740.66,46623.41,3.23773679,0.00026819,0.00858215,0.00536384,0.00588480,0.01124864,925494395.82,870.8357
1323,3.6222,1.9432,5.1805,1408.70,42351533.25,3790125.55,215169517.93,262290832.32,477460350.25,46609.60,3.23677751,0.00026813,0.00858032,0.00536270,0.00587392,0.01123662,925539005.42,871.5819
1324,3.6249,1.9430,5.1801,1411.37,42357129.12,3790309.47,215205852.78,262301093.26,477506946.04,46595.79,3.23581854,0.00026808,0.00857849,0.00536156,0.00586305,0.01122461,925583601.20,872.3282
1325,3.6277,1.9429,5.1796,1414.06,42362724.53,3790493.35,215242176.13,262311351.90,477553528.02,46581.98,3.23485989,0.00026802,0.00857667,0.00536042,0.00585221,0.01121263,925628183.19,873.0746
1326,3.6304,1.9427,5.1792,1416.74,42368319.47,3790677.20,215278487.98,262321608.22,477600096.21,46568.18,3.23390154,0.00026796,0.00857484,0.00535928,0.00584139,0.01120067,925672751.37,873.8211
1327,3.6331,1.9425,5.1788,1419.44,42373913.95,3790861.01,215314788.35,262331862.24,477646650.59,46554.39,3.23294350,0.00026791,0.00857302,0.00535814,0.00583059,0.01118872,925717305.76,874.5676
1328,3.6359,1.9424,5.1783,1422.14,42379507.96,3791044.78,215351077.23,262342113.96,477693191.19,46540.60,3.23198577,0.00026785,0.00857119,0.00535700,0.00581981,0.01117680,925761846.35,875.3141
1329,3.6386,1.9422,5.1779,1424.84,42385101.50,3791228.52,215387354.62,262352363.37,477739718.00,46526.81,3.23102835,0.00026779,0.00856937,0.00535586,0.00580904,0.01116490,925806373.16,876.0608
1330,3.6413,1.9420,5.1775,1427.55,42390694.57,3791412.21,215423620.54,262362610.48,477786231.02,46513.03,3.23007124,0.00026774,0.00856755,0.00535472,0.00579830,0.01115302,925850886.18,876.8075
1331,3.6441,1.9419,5.1770,1430.26,42396287.18,3791595.87,215459874.98,262372855.29,477832730.27,46499.25,3.22911444,0.00026768,0.00856572,0.00535358,0.00578758,0.01114116,925895385.43,877.5542
1332,3.6468,1.9417,5.1766,1432.98,42401879.32,3791779.49,215496117.95,262383097.79,477879215.74,46485.47,3.22815794,0.00026762,0.00856390,0.00535244,0.00577688,0.01112932,925939870.91,878.3010
1333,3.6496,1.9416,5.1762,1435.70,42407470.99,3791963.08,215532349.46,262393337.99,477925687.45,46471.71,3.22720176,0.00026756,0.00856208,0.00535130,0.00576619,0.01111749,925984342.61,879.0479
1334,3.6523,1.9414,5.1757,1438.43,42413062.20,3792146.62,215568569.49,262403575.90,477972145.39,46457.94,3.22624588,0.00026751,0.00856026,0.00535016,0.00575553,0.01110569,926028800.55,879.7948
1335,3.6550,1.9412,5.1753,1441.17,42418652.94,3792330.13,215604778.07,262413811.50,478018589.57,46444.18,3.22529031,0.00026745,0.00855843,0.00534902,0.00574489,0.01109391,926073244.73,880.5418
1336,3.6578,1.9411,5.1749,1443.91,42424243.22,3792513.60,215640975.19,262424044.80,478065020.00,46430.42,3.22433505,0.00026739,0.00855661,0.00534788,0.00573426,0.01108215,926117675.16,881.2889
1337,3.6605,1.9409,5.1745,1446.65,42429833.03,3792697.04,215677160.86,262434275.81,478111436.67,46416.67,3.22338010,0.00026734,0.00855479,0.00534675,0.00572366,0.01107040,926162091.83,882.0360
1338,3.6632,1.9407,5.1740,1449.40,42435422.37,3792880.43,215713335.07,262444504.52,478157839.59,46402.93,3.22242545,0.00026728,0.00855297,0.00534561,0.00571307,0.01105868,926206494.76,882.7831
1339,3.6660,1.9406,5.1736,1452.16,42441011.24,3793063.79,215749497.84,262454730.93,478204228.78,46389.18,3.22147112,0.00026722,0.00855115,0.00534447,0.00570251,0.01104698,926250883.94,883.5303
1340,3.6687,1.9404,5.1732,1454.92,42446599.65,3793247.11,215785649.17,262464955.05,478250604.23,46375.45,3.22051709,0.00026717,0.00854934,0.00534333,0.00569196,0.01103530,926295259.39,884.2776
1341,3.6715,1.9403,5.1727,1457.68,42452187.59,3793430.40,215821789.06,262475176.88,478296965.94,46361.71,3.21956337,0.00026711,0.00854752,0.00534220,0.00568143,0.01102363,926339621.10,885.0249
1342,3.6742,1.9401,5.1723,1460.45,42457775.07,3793613.64,215857917.51,262485396.41,478343313.92,46347.98,3.21860995,0.00026705,0.00854570,0.00534106,0.00567093,0.01101199,926383969.08,885.7722
1343,3.6769,1.9399,5.1719,1463.23,42463362.08,3793796.85,215894034.54,262495613.64,478389648.18,46334.26,3.21765684,0.00026700,0.00854388,0.00533993,0.00566044,0.01100036,926428303.34,886.5196
1344,3.6797,1.9398,5.1714,1466.01,42468948.62,3793980.02,215930140.13,262505828.59,478435968.72,46320.54,3.21670405,0.00026694,0.00854206,0.00533879,0.00564997,0.01098876,926472623.88,887.2671
1345,3.6824,1.9396,5.1710,1468.80,42474534.70,3794163.16,215966234.30,262516041.24,478482275.54,46306.82,3.21575155,0.00026688,0.00854025,0.00533765,0.00563952,0.01097718,926516930.70,888.0145
1346,3.6851,1.9394,5.1706,1471.59,42480120.31,3794346.25,216002317.04,262526251.61,478528568.65,46293.11,3.21479937,0.00026683,0.00853843,0.00533652,0.00562909,0.01096561,926561223.81,888.7621
1347,3.6879,1.9393,5.1701,1474.39,42485705.46,3794529.31,216038388.37,262536459.68,478574848.05,46279.40,3.21384749,0.00026677,0.00853662,0.00533538,0.00561868,0.01095406,926605503.22,889.5097
1348,3.6906,1.9391,5.1697,1477.19,42491290.14,3794712.34,216074448.29,262546665.47,478621113.76,46265.70,3.21289592,0.00026671,0.00853480,0.00533425,0.00560829,0.01094254,926649768.92,890.2573
1349,3.6934,1.9390,5.1693,1480.00,42496874.35,3794895.32,216110496.80,262556868.96,478667365.76,46252.00,3.21194466,0.00026666,0.00853298,0.00533312,0.00559791,0.01093103,926694020.92,891.0050
1350,3.6961,1.9388,5.1688,1482.81,42502458.10,3795078.27,216146533.90,262567070.17,478713604.07,46238.31,3.21099370,0.00026660,0.00853117,0.00533198,0.00558756,0.01091954,926738259.23,891.7527
1351,3.6988,1.9386,5.1684,1485.63,42508041.38,3795261.18,216182559.59,262577269.09,478759828.69,46224.62,3.21004305,0.00026654,0.00852936,0.00533085,0.00557723,0.01090807,926782483.85,892.5004
1352,3.7016,1.9385,5.1680,1488.45,42513624.20,3795444.05,216218573.89,262587465.73,478806039.62,46210.93,3.20909271,0.00026649,0.00852754,0.00532971,0.00556691,0.01089663,926826694.79,893.2482
1353,3.7043,1.9383,5.1676,1491.28,42519206.55,3795626.89,216254576.79,262597660.08,478852236.88,46197.25,3.20814267,0.00026643,0.00852573,0.00532858,0.00555661,0.01088520,926870892.04,893.9960
1354,3.7070,1.9382,5.1671,1494.12,42524788.43,3795809.69,216290568.30,262607852.15,478898420.46,46183.58,3.20719294,0.00026637,0.00852392,0.00532745,0.00554634,0.01087378,926915075.62,894.7439
1355,3.7098,1.9380,5.1667,1496.96,42530369.85,3795992.45,216326548.42,262618041.94,478944590.36,46169.91,3.20624351,0.00026632,0.00852210,0.00532632,0.00553608,0.01086239,926959245.53,895.4918
1356,3.7125,1.9378,5.1663,1499.80,42535950.80,3796175.17,216362517.16,262628229.44,478990746.60,46156.24,3.20529439,0.00026626,0.00852029,0.00532518,0.00552584,0.01085102,927003401.76,896.2397
1357,3.7153,1.9377,5.1658,1502.65,42541531.29,3796357.86,216398474.52,262638414.66,479036889.18,46142.58,3.20434558,0.00026620,0.00851848,0.00532405,0.00551562,0.01083967,927047544.34,896.9877
1358,3.7180,1.9375,5.1654,1505.51,42547111.31,3796540.51,216434420.49,262648597.60,479083018.10,46128.92,3.20339707,0.00026615,0.00851667,0.00532292,0.00550541,0.01082833,927091673.26,897.7357
1359,3.7207,1.9373,5.1650,1508.37,42552690.86,3796723.12,216470355.10,262658778.26,479129133.36,46115.26,3.20244887,0.00026609,0.00851486,0.00532179,0.00549523,0.01081702,927135788.52,898.4837
1360,3.7235,1.9372,5.1645,1511.24,42558269.95,3796905.69,216506278.33,262668956.64,479175234.97,46101.61,3.20150097,0.00026603,0.00851305,0.00532066,0.00548507,0.01080572,927179890.14,899.2318
1361,3.7262,1.9370,5.1641,1514.11,42563848.58,3797088.23,216542190.20,262679132.75,479221322.94,46087.97,3.20055338,0.00026598,0.00851124,0.00531953,0.00547492,0.01079445,927223978.11,899.9799
1362,3.7290,1.9369,5.1637,1516.99,42569426.73,3797270.73,216578090.70,262689306.57,479267397.27,46074.33,3.19960610,0.00026592,0.00850943,0.00531840,0.00546479,0.01078319,927268052.43,900.7280
1363,3.7317,1.9367,5.1632,1519.87,42575004.43,3797453.19,216613979.84,262699478.12,479313457.96,46060.69,3.19865912,0.00026586,0.00850762,0.00531726,0.00545468,0.01077195,927312113.12,901.4761
1364,3.7344,1.9365,5.1628,1522.76,42580581.66,3797635.62,216649857.63,262709647.39,479359505.02,46047.06,3.19771244,0.00026581,0.00850582,0.00531613,0.00544459,0.01076073,927356160.18,902.2243
1365,3.7372,1.9364,5.1624,1525.66,42586158.42,3797818.01,216685724.06,262719814.39,479405538.45,46033.43,3.19676607,0.00026575,0.00850401,0.00531500,0.00543452,0.01074953,927400193.61,902.9725
1366,3.7399,1.9362,5.1619,1528.56,42591734.71,3798000.36,216721579.15,262729979.11,479451558.26,46019.81,3.19582001,0.00026569,0.00850220,0.00531388,0.00542447,0.01073834,927444213.42,903.7207
1367,3.7426,1.9361,5.1615,1531.46,42597310.55,3798182.67,216757422.89,262740141.56,479497564.45,46006.19,3.19487425,0.00026564,0.00850039,0.00531275,0.00541444,0.01072718,927488219.61,904.4690
1368,3.7454,1.9359,5.1611,1534.37,42602885.91,3798364.95,216793255.29,262750301.74,479543557.02,45992.57,3.19392879,0.00026558,0.00849859,0.00531162,0.00540442,0.01071604,927532212.19,905.2172
1369,3.7481,1.9357,5.1607,1537.29,42608460.81,3798547.19,216829076.35,262760459.64,479589535.99,45978.96,3.19298364,0.00026552,0.00849678,0.00531049,0.00539442,0.01070491,927576191.15,905.9655
1370,3.7509,1.9356,5.1602,1540.21,42614035.25,3798729.39,216864886.07,262770615.28,479635501.35,45965.36,3.19203880,0.00026547,0.00849498,0.00530936,0.00538444,0.01069380,927620156.51,906.7139
1371,3.7536,1.9354,5.1598,1543.14,42619609.22,3798911.56,216900684.47,262780768.64,479681453.10,45951.76,3.19109426,0.00026541,0.00849317,0.00530823,0.00537448,0.01068271,927664108.27,907.4622
1372,3.7563,1.9352,5.1594,1546.07,42625182.73,3799093.69,216936471.53,262790919.73,479727391.26,45938.16,3.19015002,0.00026536,0.00849137,0.00530710,0.00536454,0.01067164,927708046.43,908.2106
1373,3.7591,1.9351,5.1589,1549.01,42630755.77,3799275.78,216972247.28,262801068.56,479773315.83,45924.57,3.18920609,0.00026530,0.00848956,0.00530598,0.00535461,0.01066059,927751970.99,908.9589
1374,3.7618,1.9349,5.1585,1551.96,42636328.34,3799457.84,217008011.70,262811215.11,479819226.81,45910.98,3.18826246,0.00026524,0.00848776,0.00530485,0.00534471,0.01064956,927795881.97,909.7073
1375,3.7645,1.9348,5.1581,1554.91,42641900.45,3799639.85,217043764.81,262821359.40,479865124.21,45897.40,3.18731913,0.00026519,0.00848596,0.00530372,0.00533482,0.01063854,927839779.37,910.4557
1376,3.7673,1.9346,5.1576,1557.86,42647472.10,3799821.83,217079506.60,262831501.42,479911008.02,45883.82,3.18637611,0.00026513,0.00848415,0.00530260,0.00532495,0.01062755,927883663.19,911.2041
1377,3.7700,1.9344,5.1572,1560.82,42653043.28,3800003.78,217115237.08,262841641.18,479956878.26,45870.24,3.18543339,0.00026507,0.00848235,0.00530147,0.00531510,0.01061657,927927533.43,911.9526
1378,3.7728,1.9343,5.1568,1563.79,42658613.99,3800185.69,217150956.26,262851778.67,480002734.93,45856.67,3.18449098,0.00026502,0.00848055,0.00530034,0.00530527,0.01060561,927971390.10,912.7010
1379,3.7755,1.9341,5.1564,1566.76,42664184.24,3800367.56,217186664.14,262861913.90,480048578.04,45843.10,3.18354887,0.00026496,0.00847875,0.00529922,0.00529545,0.01059467,928015233.20,913.4495
1380,3.7782,1.9340,5.1559,1569.74,42669754.03,3800549.39,217222360.72,262872046.86,480094407.58,45829.54,3.18260707,0.00026490,0.00847695,0.00529809,0.00528566,0.01058375,928059062.74,914.1979
1381,3.7810,1.9338,5.1555,1572.72,42675323.35,3800731.18,217258046.00,262882177.57,480140223.56,45815.98,3.18166556,0.00026485,0.00847515,0.00529697,0.00527588,0.01057284,928102878.73,914.9464
1382,3.7837,1.9336,5.1551,1575.71,42680892.21,3800912.94,217293719.99,262892306.01,480186025.99,45802.43,3.18072436,0.00026479,0.00847335,0.00529584,0.00526612,0.01056196,928146681.16,915.6949
1383,3.7864,1.9335,5.1546,1578.71,42686460.60,3801094.66,217329382.69,262902432.19,480231814.88,45788.88,3.17978347,0.00026474,0.00847155,0.00529472,0.00525637,0.01055109,928190470.04,916.4434
1384,3.7892,1.9333,5.1542,1581.71,42692028.53,3801276.35,217365034.11,262912556.11,480277590.21,45775.34,3.17884287,0.00026468,0.00846975,0.00529359,0.00524665,0.01054024,928234245.38,917.1919
1385,3.7919,1.9331,5.1538,1584.72,42697595.99,3801458.00,217400674.25,262922677.77,480323352.01,45761.80,3.17790258,0.00026462,0.00846795,0.00529247,0.00523694,0.01052941,928278007.17,917.9404
1386,3.7947,1.9330,5.1533,1587.73,42703162.99,3801639.61,217436303.11,262932797.17,480369100.27,45748.26,3.17696260,0.00026457,0.00846615,0.00529134,0.00522725,0.01051859,928321755.44,918.6889
1387,3.7974,1.9328,5.1529,1590.75,42708729.52,3801821.18,217471920.69,262942914.31,480414835.00,45734.73,3.17602291,0.00026451,0.00846435,0.00529022,0.00521758,0.01050780,928365490.17,919.4375
1388,3.8001,1.9327,5.1525,1593.77,42714295.59,3802002.72,217507527.01,262953029.20,480460556.21,45721.20,3.17508353,0.00026445,0.00846256,0.00528910,0.00520793,0.01049702,928409211.37,920.1860
1389,3.8029,1.9325,5.1520,1596.80,42719861.19,3802184.22,217543122.06,262963141.83,480506263.89,45707.68,3.17414445,0.00026440,0.00846076,0.00528797,0.00519829,0.01048626,928452919.05,920.9345
1390,3.8056,1.9323,5.1516,1599.83,42725426.33,3802365.68,217578705.84,262973252.20,480551958.05,45694.16,3.17320567,0.00026434,0.00845896,0.00528685,0.00518867,0.01047552,928496613.21,921.6830
1391,3.8084,1.9322,5.1512,1602.88,42730991.01,3802547.11,217614278.37,262983360.33,480597638.69,45680.65,3.17226720,0.00026429,0.00845717,0.00528573,0.00517907,0.01046480,928540293.86,922.4315
1392,3.8111,1.9320,5.1508,1605.92,42736555.22,3802728.50,217649839.64,262993466.19,480643305.83,45667.14,3.17132902,0.00026423,0.00845537,0.00528461,0.00516949,0.01045410,928583961.00,923.1801
1393,3.8138,1.9319,5.1503,1608.97,42742118.97,3802909.85,217685389.66,263003569.81,480688959.47,45653.63,3.17039115,0.00026417,0.00845357,0.00528348,0.00515992,0.01044341,928627614.63,923.9286
1394,3.8166,1.9317,5.1499,1612.03,42747682.25,3803091.17,217720928.43,263013671.17,480734599.60,45640.13,3.16945359,0.00026412,0.00845178,0.00528236,0.00515038,0.01043274,928671254.76,924.6771
1395,3.8193,1.9315,5.1495,1615.10,42753245.07,3803272.45,217756455.95,263023770.28,480780226.23,45626.63,3.16851632,0.00026406,0.00844999,0.00528124,0.00514085,0.01042209,928714881.39,925.4256
1396,3.8220,1.9314,5.1490,1618.17,42758807.42,3803453.69,217791972.24,263033867.14,480825839.37,45613.14,3.16757935,0.00026401,0.00844819,0.00528012,0.00513133,0.01041145,928758494.54,926.1741
1397,3.8248,1.9312,5.1486,1621.24,42764369.31,3803634.90,217827477.28,263043961.75,480871439.03,45599.65,3.16664269,0.00026395,0.00844640,0.00527900,0.00512184,0.01040084,928802094.19,926.9226
1398,3.8275,1.9311,5.1482,1624.33,42769930.74,3803816.07,217862971.09,263054054.11,480917025.20,45586.17,3.16570633,0.00026389,0.00844461,0.00527788,0.00511236,0.01039024,928845680.36,927.6711
1399,3.8303,1.9309,5.1478,1627.41,42775491.70,3803997.20,217898453.67,263064144.22,480962597.89,45572.69,3.16477027,0.00026384,0.00844281,0.00527676,0.00510290,0.01037966,928889253.05,928.4196
1400,3.8330,1.9307,5.1473,1630.51,42781052.20,3804178.30,217933925.02,263074232.09,481008157.11,45559.22,3.16383451,0.00026378,0.00844102,0.00527564,0.00509346,0.01036910,928932812.27,929.1681
1401,3.8357,1.9306,5.1469,1633.61,42786612.23,3804359.36,217969385.15,263084317.71,481053702.86,45545.75,3.16289905,0.00026373,0.00843923,0.00527452,0.00508403,0.01035855,928976358.02,929.9165
1402,3.8385,1.9304,5.1465,1636.71,42792171.80,3804540.38,218004834.06,263094401.08,481099235.14,45532.28,3.16196390,0.00026367,0.00843744,0.00527340,0.00507463,0.01034803,929019890.30,930.6650
1403,3.8412,1.9302,5.1460,1639.82,42797730.91,3804721.36,218040271.75,263104482.21,481144753.95,45518.82,3.16102904,0.00026361,0.00843565,0.00527228,0.00506524,0.01033752,929063409.12,931.4134
1404,3.8439,1.9301,5.1456,1642.94,42803289.55,3804902.31,218075698.22,263114561.09,481190259.31,45505.36,3.16009449,0.00026356,0.00843386,0.00527116,0.00505586,0.01032702,929106914.48,932.1618
1405,3.8467,1.9299,5.1452,1646.06,42808847.73,3805083.23,218111113.49,263124637.73,481235751.22,45491.91,3.15916023,0.00026350,0.00843207,0.00527004,0.00504651,0.01031655,929150406.38,932.9102
1406,3.8494,1.9298,5.1447,1649.19,42814405.44,3805264.10,218146517.55,263134712.13,481281229.68,45478.46,3.15822628,0.00026345,0.00843028,0.00526892,0.00503717,0.01030609,929193884.84,933.6586
1407,3.8522,1.9296,5.1443,1652.33,42819962.69,3805444.94,218181910.41,263144784.28,481326694.69,45465.01,3.15729263,0.00026339,0.00842849,0.00526781,0.00502785,0.01029565,929237349.86,934.4070
1408,3.8549,1.9294,5.1439,1655.47,42825519.48,3805625.74,218217292.07,263154854.20,481372146.27,45451.57,3.15635928,0.00026333,0.00842670,0.00526669,0.00501854,0.01028523,929280801.43,935.1554
1409,3.8576,1.9293,5.1435,1658.61,42831075.80,3805806.51,218252662.53,263164921.87,481417584.41,45438.14,3.15542623,0.00026328,0.00842491,0.00526557,0.00500926,0.01027483,929324239.57,935.9037
1410,3.8604,1.9291,5.1430,1661.77,42836631.66,3805987.24,218288021.81,263174987.30,481463009.11,45424.71,3.15449348,0.00026322,0.00842313,0.00526445,0.00499999,0.01026444,929367664.27,936.6520
1411,3.8631,1.9290,5.1426,1664.92,42842187.06,3806167.93,218323369.89,263185050.50,481508420.39,45411.28,3.15356103,0.00026317,0.00842134,0.00526334,0.00499073,0.01025407,929411075.55,937.4004
1412,3.8658,1.9288,5.1422,1668.09,42847741.99,3806348.58,218358706.79,263195111.46,481553818.25,45397.86,3.15262888,0.00026311,0.00841955,0.00526222,0.00498150,0.01024372,929454473.41,938.1486
1413,3.8686,1.9286,5.1417,1671.26,42853296.46,3806529.20,218394032.51,263205170.18,481599202.68,45384.44,3.15169702,0.00026306,0.00841777,0.00526110,0.00497228,0.01023338,929497857.85,938.8969
1414,3.8713,1.9285,5.1413,1674.44,42858850.46,3806709.79,218429347.05,263215226.66,481644573.71,45371.02,3.15076547,0.00026300,0.00841598,0.00525999,0.00496308,0.01022306,929541228.87,939.6451
1415,3.8741,1.9283,5.1409,1677.62,42864404.00,3806890.33,218464650.41,263225280.91,481689931.32,45357.61,3.14983422,0.00026294,0.00841420,0.00525887,0.00495389,0.01021276,929584586.48,940.3933
1416,3.8768,1.9282,5.1405,1680.81,42869957.08,3807070.84,218499942.61,263235332.92,481735275.53,45344.21,3.14890327,0.00026289,0.00841241,0.00525776,0.00494472,0.01020248,929627930.69,941.1415
1417,3.8795,1.9280,5.1400,1684.00,42875509.70,3807251.31,218535223.63,263245382.70,481780606.33,45330.81,3.14797262,0.00026283,0.00841063,0.00525664,0.00493557,0.01019221,929671261.49,941.8897
1418,3.8823,1.9278,5.1396,1687.20,42881061.85,3807431.75,218570493.50,263255430.24,481825923.74,45317.41,3.14704227,0.00026278,0.00840884,0.00525553,0.00492644,0.01018196,929714578.90,942.6378
1419,3.8850,1.9277,5.1392,1690.41,42886613.54,3807612.15,218605752.20,263265475.55,481871227.76,45304.02,3.14611222,0.00026272,0.00840706,0.00525441,0.00491732,0.01017173,929757882.92,943.3859
1420,3.8877,1.9275,5.1387,1693.62,42892164.76,3807792.51,218640999.75,263275518.63,481916518.38,45290.63,3.14518246,0.00026266,0.00840528,0.00525330,0.00490822,0.01016152,929801173.55,944.1340
1421,3.8905,1.9273,5.1383,1696.84,42897715.52,3807972.84,218676236.14,263285559.48,481961795.63,45277.24,3.14425301,0.00026261,0.00840349,0.00525218,0.00489914,0.01015132,929844450.79,944.8820
1422,3.8932,1.9272,5.1379,1700.07,42903265.82,3808153.13,218711461.39,263295598.10,482007059.49,45263.86,3.14332385,0.00026255,0.00840171,0.00525107,0.00489007,0.01014114,929887714.65,945.6301
1423,3.8960,1.9270,5.1375,1703.30,42908815.66,3808333.39,218746675.49,263305634.49,482052309.98,45250.49,3.14239500,0.00026250,0.00839993,0.00524996,0.00488102,0.01013097,929930965.14,946.3780
1424,3.8987,1.9269,5.1370,1706.54,42914365.03,3808513.60,218781878.44,263315668.65,482097547.10,45237.12,3.14146644,0.00026244,0.00839815,0.00524884,0.00487198,0.01012083,929974202.26,947.1260
1425,3.9014,1.9267,5.1366,1709.78,42919913.94,3808693.78,218817070.26,263325700.59,482142770.85,45223.75,3.14053818,0.00026239,0.00839637,0.00524773,0.00486297,0.01011070,930017426.01,947.8739
1426,3.9042,1.9265,5.1362,1713.03,42925462.39,3808873.93,218852250.94,263335730.29,482187981.23,45210.39,3.13961022,0.00026233,0.00839459,0.00524662,0.00485397,0.01010058,930060636.40,948.6218
1427,3.9069,1.9264,5.1357,1716.29,42931010.37,3809054.04,218887420.49,263345757.77,482233178.26,45197.03,3.13868256,0.00026228,0.00839281,0.00524550,0.00484498,0.01009049,930103833.42,949.3696
1428,3.9097,1.9262,5.1353,1719.55,42936557.89,3809234.11,218922578.91,263355783.03,482278361.94,45183.67,3.13775520,0.00026222,0.00839103,0.00524439,0.00483602,0.01008041,930147017.10,950.1174
1429,3.9124,1.9261,5.1349,1722.82,42942104.95,3809414.14,218957726.21,263365806.05,482323532.26,45170.33,3.13682813,0.00026216,0.00838925,0.00524328,0.00482706,0.01007034,930190187.42,950.8652
1430,3.9151,1.9259,5.1345,1726.09,42947651.54,3809594.14,218992862.38,263375826.86,482368689.24,45156.98,3.13590137,0.00026211,0.00838747,0.00524217,0.00481813,0.01006030,930233344.40,951.6129
1431,3.9179,1.9257,5.1340,1729.38,42953197.67,3809774.11,219027987.44,263385845.44,482413832.88,45143.64,3.13497490,0.00026205,0.00838569,0.00524106,0.00480921,0.01005027,930276488.04,952.3606
1432,3.9206,1.9256,5.1336,1732.66,42958743.34,3809954.03,219063101.38,263395861.80,482458963.18,45130.30,3.13404873,0.00026200,0.00838391,0.00523995,0.00480031,0.01004026,930319618.34,953.1082
1433,3.9233,1.9254,5.1332,1735.96,42964288.55,3810133.92,219098204.21,263405875.94,482504080.15,45116.97,3.13312285,0.00026194,0.00838214,0.00523883,0.00479143,0.01003026,930362735.31,953.8558
1434,3.9261,1.9253,5.1327,1739.26,42969833.29,3810313.78,219133295.94,263415887.85,482549183.79,45103.64,3.13219728,0.00026189,0.00838036,0.00523772,0.00478256,0.01002028,930405838.95,954.6034
1435,3.9288,1.9251,5.1323,1742.56,42975377.57,3810493.59,219168376.56,263425897.55,482594274.11,45090.32,3.13127200,0.00026183,0.00837858,0.00523661,0.00477370,0.01001032,930448929.27,955.3509
1436,3.9316,1.9249,5.1319,1745.87,42980921.39,3810673.37,219203446.08,263435905.03,482639351.10,45077.00,3.13034702,0.00026178,0.00837681,0.00523550,0.00476487,0.01000037,930492006.27,956.0983
1437,3.9343,1.9248,5.1315,1749.19,42986464.75,3810853.12,219238504.50,263445910.28,482684414.79,45063.68,3.12942234,0.00026172,0.00837503,0.00523439,0.00475605,0.00999044,930535069.95,956.8458
1438,3.9370,1.9246,5.1310,1752.52,42992007.64,3811032.83,219273551.83,263455913.32,482729465.16,45050.37,3.12849796,0.00026166,0.00837326,0.00523328,0.00474724,0.00998053,930578120.32,957.5931
1439,3.9398,1.9245,5.1306,1755.85,42997550.07,3811212.50,219308588.07,263465914.15,482774502.22,45037.06,3.12757387,0.00026161,0.00837148,0.00523218,0.00473846,0.00997063,930621157.38,958.3404
1440,3.9425,1.9243,5.1302,1759.19,43003092.04,3811392.13,219343613.23,263475912.75,482819525.98,45023.76,3.12665008,0.00026155,0.00836971,0.00523107,0.00472969,0.00996075,930664181.14,959.0877
1441,3.9452,1.9241,5.1297,1762.53,43008633.54,3811571.73,219378627.30,263485909.14,482864536.44,45010.46,3.12572659,0.00026150,0.00836793,0.00522996,0.00472093,0.00995089,930707191.61,959.8349
1442,3.9480,1.9240,5.1293,1765.88,43014174.58,3811751.30,219413630.29,263495903.32,482909533.61,44997.17,3.12480339,0.00026144,0.00836616,0.00522885,0.00471219,0.00994104,930750188.78,960.5821
1443,3.9507,1.9238,5.1289,1769.24,43019715.16,3811930.82,219448622.21,263505895.28,482954517.49,44983.88,3.12388049,0.00026139,0.00836439,0.00522774,0.00470347,0.00993121,930793172.66,961.3292
1444,3.9535,1.9237,5.1285,1772.60,43025255.28,3812110.31,219483603.05,263515885.03,482999488.09,44970.59,3.12295789,0.00026133,0.00836261,0.00522663,0.00469476,0.00992140,930836143.25,962.0763
1445,3.9562,1.9235,5.1280,1775.97,43030794.94,3812289.77,219518572.83,263525872.57,483044445.40,44957.31,3.12203559,0.00026128,0.00836084,0.00522553,0.00468607,0.00991160,930879100.56,962.8233
1446,3.9589,1.9233,5.1276,1779.35,43036334.13,3812469.19,219553531.54,263535857.89,483089389.43,44944.04,3.12111358,0.00026122,0.00835907,0.00522442,0.00467740,0.00990182,930922044.60,963.5702
1447,3.9617,1.9232,5.1272,1782.73,43041872.86,3812648.57,219588479.19,263545841.01,483134320.20,44930.76,3.12019186,0.00026117,0.00835730,0.00522331,0.00466874,0.00989205,930964975.36,964.3171
1448,3.9644,1.9230,5.1267,1786.12,43047411.13,3812827.92,219623415.78,263555821.91,483179237.69,44917.49,3.11927045,0.00026111,0.00835553,0.00522220,0.00466010,0.00988230,931007892.85,965.0640
1449,3.9671,1.9228,5.1263,1789.51,43052948.94,3813007.23,219658341.32,263565800.60,483224141.92,44904.23,3.11834933,0.00026105,0.00835376,0.00522110,0.00465147,0.00987257,931050797.08,965.8108
1450,3.9699,1.9227,5.1259,1792.91,43058486.28,3813186.50,219693255.80,263575777.09,483269032.89,44890.97,3.11742850,0.00026100,0.00835199,0.00521999,0.00464286,0.00986285,931093688.06,966.5575
1451,3.9726,1.9225,5.1255,1796.32,43064023.17,3813365.74,219728159.24,263585751.37,483313910.61,44877.71,3.11650798,0.00026094,0.00835022,0.00521889,0.00463426,0.00985315,931136565.77,967.3041
1452,3.9754,1.9224,5.1250,1799.74,43069559.59,3813544.94,219763051.63,263595723.44,483358775.07,44864.46,3.11558774,0.00026089,0.00834845,0.00521778,0.00462568,0.00984346,931179430.23,968.0507
1453,3.9781,1.9222,5.1246,1803.16,43075095.55,3813724.10,219797932.99,263605693.30,483403626.29,44851.22,3.11466781,0.00026083,0.00834668,0.00521668,0.00461712,0.00983379,931222281.45,968.7973
1454,3.9808,1.9220,5.1242,1806.58,43080631.04,3813903.23,219832803.30,263615660.96,483448464.26,44837.97,3.11374817,0.00026078,0.00834491,0.00521557,0.00460857,0.00982414,931265119.42,969.5437
1455,3.9836,1.9219,5.1238,1810.02,43086166.08,3814082.33,219867662.58,263625626.41,483493289.00,44824.74,3.11282882,0.00026072,0.00834315,0.00521447,0.00460004,0.00981451,931307944.16,970.2901
1456,3.9863,1.9217,5.1233,1813.46,43091700.65,3814261.38,219902510.83,263635589.66,483538100.50,44811.50,3.11190977,0.00026067,0.00834138,0.00521336,0.00459152,0.00980488,931350755.66,971.0365
1457,3.9890,1.9216,5.1229,1816.91,43097234.76,3814440.40,219937348.06,263645550.71,483582898.77,44798.27,3.11099102,0.00026061,0.00833961,0.00521226,0.00458302,0.00979528,931393553.93,971.7827
1458,3.9918,1.9214,5.1225,1820.36,43102768.41,3814619.39,219972174.26,263655509.55,483627683.81,44785.04,3.11007256,0.00026056,0.00833784,0.00521115,0.00457454,0.00978569,931436338.98,972.5290
1459,3.9945,1.9212,5.1220,1823.82,43108301.60,3814798.34,220006989.44,263665466.19,483672455.64,44771.82,3.10915440,0.00026050,0.00833608,0.00521005,0.00456607,0.00977612,931479110.80,973.2751
1460,3.9973,1.9211,5.1216,1827.29,43113834.33,3814977.25,220041793.61,263675420.64,483717214.24,44758.61,3.10823653,0.00026045,0.00833431,0.00520895,0.00455762,0.00976656,931521869.40,974.0212
1461,4.0000,1.9209,5.1212,1830.76,43119366.59,3815156.13,220076586.76,263685372.88,483761959.63,44745.39,3.10731896,0.00026039,0.00833255,0.00520784,0.00454918,0.00975702,931564614.80,974.7672
1462,4.0027,1.9208,5.1208,1834.24,43124898.39,3815334.97,220111368.90,263695322.92,483806691.82,44732.18,3.10640168,0.00026034,0.00833078,0.00520674,0.00454075,0.00974749,931607346.98,975.5131
1463,4.0055,1.9206,5.1203,1837.73,43130429.73,3815513.77,220146140.04,263705270.76,483851410.80,44718.98,3.10548470,0.00026028,0.00832902,0.00520564,0.00453235,0.00973799,931650065.96,976.2589
1464,4.0082,1.9204,5.1199,1841.22,43135960.61,3815692.54,220180900.17,263715216.40,483896116.58,44705.78,3.10456801,0.00026023,0.00832726,0.00520453,0.00452396,0.00972849,931692771.74,977.0047
1465,4.0110,1.9203,5.1195,1844.72,43141491.03,3815871.27,220215649.31,263725159.85,483940809.16,44692.58,3.10365162,0.00026017,0.00832549,0.00520343,0.00451558,0.00971901,931735464.32,977.7504
1466,4.0137,1.9201,5.1190,1848.23,43147020.99,3816049.97,220250387.45,263735101.10,483985488.55,44679.39,3.10273552,0.00026012,0.00832373,0.00520233,0.00450722,0.00970955,931778143.72,978.4960
1467,4.0164,1.9200,5.1186,1851.74,43152550.48,3816228.63,220285114.60,263745040.16,484030154.76,44666.20,3.10181971,0.00026006,0.00832197,0.00520123,0.00449887,0.00970010,931820809.92,979.2416
1468,4.0192,1.9198,5.1182,1855.26,43158079.52,3816407.25,220319830.76,263754977.02,484074807.78,44653.02,3.10090420,0.00026001,0.00832021,0.00520013,0.00449054,0.00969067,931863462.94,979.9871
1469,4.0219,1.9196,5.1178,1858.79,43163608.09,3816585.84,220354535.94,263764911.68,484119447.62,44639.84,3.09998898,0.00025995,0.00831844,0.00519903,0.00448223,0.00968126,931906102.78,980.7325
1470,4.0246,1.9195,5.1173,1862.32,43169136.20,3816764.40,220389230.13,263774844.15,484164074.28,44626.67,3.09907406,0.00025990,0.00831668,0.00519793,0.00447393,0.00967186,931948729.45,981.4778
1471,4.0274,1.9193,5.1169,1865.86,43174663.85,3816942.91,220423913.35,263784774.43,484208687.78,44613.50,3.09815943,0.00025984,0.00831492,0.00519683,0.00446565,0.00966247,931991342.94,982.2230
1472,4.0301,1.9192,5.1165,1869.41,43180191.04,3817121.39,220458585.59,263794702.52,484253288.11,44600.33,3.09724510,0.00025979,0.00831316,0.00519573,0.00445738,0.00965311,932033943.27,982.9682
1473,4.0329,1.9190,5.1161,1872.96,43185717.76,3817299.84,220493246.86,263804628.42,484297875.28,44587.17,3.09633106,0.00025973,0.00831140,0.00519463,0.00444913,0.00964375,932076530.44,983.7132
1474,4.0356,1.9188,5.1156,1876.52,43191244.03,3817478.25,220527897.16,263814552.12,484342449.29,44574.01,3.09541731,0.00025968,0.00830964,0.00519353,0.00444089,0.00963441,932119104.45,984.4582
1475,4.0383,1.9187,5.1152,1880.09,43196769.83,3817656.62,220562536.50,263824473.64,484387010.14,44560.86,3.09450386,0.00025962,0.00830788,0.00519243,0.00443266,0.00962509,932161665.30,985.2031
1476,4.0411,1.9185,5.1148,1883.66,43202295.18,3817834.96,220597164.88,263834392.97,484431557.85,44547.71,3.09359070,0.00025957,0.00830613,0.00519133,0.00442446,0.00961579,932204213.01,985.9479
1477,4.0438,1.9184,5.1144,1887.24,43207820.06,3818013.26,220631782.30,263844310.11,484476092.41,44534.56,3.09267783,0.00025951,0.00830437,0.00519023,0.00441626,0.00960649,932246747.57,986.6927
1478,4.0465,1.9182,5.1139,1890.83,43213344.48,3818191.53,220666388.77,263854225.06,484520613.83,44521.42,3.09176526,0.00025946,0.00830261,0.00518913,0.00440809,0.00959722,932289268.99,987.4373
1479,4.0493,1.9180,5.1135,1894.42,43218868.44,3818369.76,220700984.28,263864137.83,484565122.11,44508.28,3.09085298,0.00025940,0.00830085,0.00518803,0.00439992,0.00958796,932331777.27,988.1818
1480,4.0520,1.9179,5.1131,1898.02,43224391.94,3818547.95,220735568.85,263874048.41,484609617.26,44495.15,3.08994099,0.00025935,0.00829910,0.00518693,0.00439178,0.00957871,932374272.42,988.9263
1481,4.0548,1.9177,5.1126,1901.63,43229914.98,3818726.11,220770142.48,263883956.80,484654099.28,44482.02,3.08902930,0.00025929,0.00829734,0.00518584,0.00438364,0.00956948,932416754.45,989.6707
1482,4.0575,1.9176,5.1122,1905.25,43235437.56,3818904.23,220804705.17,263893863.01,484698568.18,44468.90,3.08811789,0.00025924,0.00829558,0.00518474,0.00437553,0.00956027,932459223.34,990.4150
1483,4.0602,1.9174,5.1118,1908.87,43240959.68,3819082.32,220839256.92,263903767.04,484743023.96,44455.78,3.08720679,0.00025918,0.00829383,0.00518364,0.00436742,0.00955107,932501679.12,991.1591
1484,4.0630,1.9172,5.1114,1912.50,43246481.33,3819260.37,220873797.74,263913668.88,484787466.62,44442.66,3.08629597,0.00025913,0.00829207,0.00518255,0.00435934,0.00954188,932544121.78,991.9032
1485,4.0657,1.9171,5.1109,1916.13,43252002.53,3819438.39,220908327.63,263923568.55,484831896.17,44429.55,3.08538545,0.00025907,0.00829032,0.00518145,0.00435126,0.00953271,932586551.33,992.6472
1486,4.0684,1.9169,5.1105,1919.77,43257523.26,3819616.37,220942846.59,263933466.03,484876312.61,44416.44,3.08447521,0.00025902,0.00828856,0.00518035,0.00434321,0.00952356,932628967.78,993.3911
1487,4.0712,1.9168,5.1101,1923.42,43263043.54,3819794.31,220977354.63,263943361.33,484920715.95,44403.34,3.08356528,0.00025896,0.00828681,0.00517926,0.00433516,0.00951442,932671371.12,994.1350
1488,4.0739,1.9166,5.1097,1927.08,43268563.35,3819972.22,221011851.75,263953254.45,484965106.20,44390.24,3.08265563,0.00025891,0.00828506,0.00517816,0.00432714,0.00950530,932713761.36,994.8787
1489,4.0767,1.9164,5.1092,1930.74,43274082.70,3820150.09,221046337.95,263963145.39,485009483.34,44377.15,3.08174628,0.00025885,0.00828331,0.00517707,0.00431912,0.00949619,932756138.50,995.6223
1490,4.0794,1.9163,5.1088,1934.41,43279601.59,3820327.93,221080813.25,263973034.15,485053847.40,44364.06,3.08083721,0.00025880,0.00828155,0.00517597,0.00431112,0.00948709,932798502.56,996.3658
1491,4.0821,1.9161,5.1084,1938.09,43285120.03,3820505.73,221115277.63,263982920.74,485098198.37,44350.97,3.07992844,0.00025874,0.00827980,0.00517488,0.00430314,0.00947802,932840853.53,997.1092
1492,4.0849,1.9160,5.1080,1941.77,43290638.00,3820683.50,221149731.11,263992805.14,485142536.25,44337.89,3.07901997,0.00025869,0.00827805,0.00517378,0.00429517,0.00946895,932883191.42,997.8525
1493,4.0876,1.9158,5.1075,1945.46,43296155.51,3820861.23,221184173.69,264002687.38,485186861.06,44324.81,3.07811178,0.00025863,0.00827630,0.00517269,0.00428722,0.00945990,932925516.23,998.5957
1494,4.0903,1.9156,5.1071,1949.16,43301672.56,3821038.92,221218605.37,264012567.43,485231172.80,44311.74,3.07720388,0.00025858,0.00827455,0.00517159,0.00427928,0.00945087,932967827.96,999.3388
1495,4.0931,1.9155,5.1067,1952.87,43307189.15,3821216.58,221253026.15,264022445.32,485275471.47,44298.67,3.07629628,0.00025852,0.00827280,0.00517050,0.00427135,0.00944185,933010126.63,1000.0818
1496,4.0958,1.9153,5.1063,1956.58,43312705.28,3821394.20,221287436.04,264032321.03,485319757.07,44285.60,3.07538897,0.00025847,0.00827105,0.00516940,0.00426344,0.00943285,933052412.23,1000.8247
1497,4.0986,1.9152,5.1058,1960.30,43318220.95,3821571.79,221321835.05,264042194.56,485364029.61,44272.54,3.07448195,0.00025842,0.00826930,0.00516831,0.00425555,0.00942386,933094684.77,1001.5675
1498,4.1013,1.9150,5.1054,1964.02,43323736.15,3821749.34,221356223.17,264052065.92,485408289.09,44259.48,3.07357522,0.00025836,0.00826755,0.00516722,0.00424766,0.00941488,933136944.25,1002.3102
1499,4.1040,1.9148,5.1050,1967.76,43329250.90,3821926.86,221390600.40,264061935.12,485452535.52,44246.43,3.07266878,0.00025831,0.00826580,0.00516613,0.00423980,0.00940592,933179190.68,1003.0528
1500,4.1068,1.9147,5.1045,1971.50,43334765.19,3822104.34,221424966.77,264071802.14,485496768.90,44233.38,3.07176263,0.00025825,0.00826405,0.00516503,0.00423195,0.00939698,933221424.07,1003.7952
1501,4.1095,1.9145,5.1041,1975.25,43340279.02,3822281.78,221459322.25,264081666.99,485540989.24,44220.34,3.07085678,0.00025820,0.00826231,0.00516394,0.00422411,0.00938805,933263644.40,1004.5376
1502,4.1123,1.9144,5.1037,1979.00,43345792.39,3822459.19,221493666.87,264091529.67,485585196.54,44207.30,3.06995121,0.00025814,0.00826056,0.00516285,0.00421628,0.00937913,933305851.70,1005.2798
1503,4.1150,1.9142,5.1033,1982.76,43351305.30,3822636.56,221528000.62,264101390.18,485629390.80,44194.26,3.06904594,0.00025809,0.00825881,0.00516176,0.00420847,0.00937023,933348045.96,1006.0219
1504,4.1177,1.9140,5.1028,1986.53,43356817.75,3822813.90,221562323.50,264111248.53,485673572.03,44181.23,3.06814095,0.00025803,0.00825707,0.00516067,0.00420068,0.00936135,933390227.19,1006.7640
1505,4.1205,1.9139,5.1024,1990.31,43362329.73,3822991.21,221596635.52,264121104.71,485717740.23,44168.20,3.06723626,0.00025798,0.00825532,0.00515957,0.00419290,0.00935247,933432395.39,1007.5059
1506,4.1232,1.9137,5.1020,1994.09,43367841.26,3823168.47,221630936.69,264130958.72,485761895.41,44155.18,3.06633186,0.00025792,0.00825357,0.00515848,0.00418513,0.00934362,933474550.57,1008.2476
1507,4.1259,1.9136,5.1016,1997.88,43373352.33,3823345.70,221665227.01,264140810.56,485806037.57,44142.16,3.06542774,0.00025787,0.00825183,0.00515739,0.00417738,0.00933478,933516692.73,1008.9893
1508,4.1287,1.9134,5.1011,2001.68,43378862.94,3823522.90,221699506.47,264150660.25,485850166.71,44129.14,3.06452392,0.00025782,0.00825008,0.00515630,0.00416965,0.00932595,933558821.88,1009.7309
1509,4.1314,1.9132,5.1007,2005.48,43384373.09,3823700.06,221733775.08,264160507.76,485894282.85,44116.13,3.06362039,0.00025776,0.00824834,0.00515521,0.00416192,0.00931714,933600938.01,1010.4723
1510,4.1342,1.9131,5.1003,2009.30,43389882.78,3823877.19,221768032.86,264170353.12,485938385.97,44103.13,3.06271715,0.00025771,0.00824660,0.00515412,0.00415421,0.00930834,933643041.14,1011.2136
1511,4.1369,1.9129,5.0999,2013.11,43395392.00,3824054.28,221802279.79,264180196.31,485982476.10,44090.12,3.06181419,0.00025765,0.00824485,0.00515303,0.00414652,0.00929955,933685131.26,1011.9548
1512,4.1396,1.9128,5.0994,2016.94,43400900.77,3824231.33,221836515.89,264190037.34,486026553.23,44077.13,3.06091153,0.00025760,0.00824311,0.00515194,0.00413884,0.00929078,933727208.39,1012.6959
1513,4.1424,1.9126,5.0990,2020.78,43406409.08,3824408.35,221870741.15,264199876.21,486070617.36,44064.13,3.06000916,0.00025754,0.00824137,0.00515085,0.00413117,0.00928203,933769272.52,1013.4368
1514,4.1451,1.9124,5.0986,2024.62,43411916.93,3824585.33,221904955.58,264209712.91,486114668.50,44051.14,3.05910707,0.00025749,0.00823963,0.00514977,0.00412352,0.00927329,933811323.66,1014.1777
1515,4.1478,1.9123,5.0982,2028.46,43417424.32,3824762.28,221939159.19,264219547.46,486158706.66,44038.16,3.05820528,0.00025743,0.00823788,0.00514868,0.00411588,0.00926456,933853361.82,1014.9184
1516,4.1506,1.9121,5.0977,2032.32,43422931.25,3824939.19,221973351.98,264229379.85,486202731.83,44025.17,3.05730378,0.00025738,0.00823614,0.00514759,0.00410826,0.00925585,933895386.99,1015.6589
1517,4.1533,1.9120,5.0973,2036.18,43428437.73,3825116.07,222007533.94,264239210.08,486246744.03,44012.20,3.05640256,0.00025733,0.00823440,0.00514650,0.00410065,0.00924715,933937399.19,1016.3994
1518,4.1561,1.9118,5.0969,2040.05,43433943.74,3825292.91,222041705.09,264249038.16,486290743.25,43999.22,3.05550163,0.00025727,0.00823266,0.00514541,0.00409305,0.00923847,933979398.41,1017.1397
1519,4.1588,1.9117,5.0965,2043.93,43439449.29,3825469.72,222075865.43,264258864.07,486334729.50,43986.25,3.05460100,0.00025722,0.00823092,0.00514433,0.00408547,0.00922980,934021384.67,1017.8799
1520,4.1615,1.9115,5.0960,2047.82,43444954.38,3825646.49,222110014.96,264268687.84,486378702.79,43973.29,3.05370065,0.00025716,0.00822918,0.00514324,0.00407790,0.00922114,934063357.96,1018.6200
1521,4.1643,1.9113,5.0956,2051.71,43450459.02,3825823.23,222144153.68,264278509.44,486422663.12,43960.33,3.05280059,0.00025711,0.00822744,0.00514215,0.00407035,0.00921250,934105318.28,1019.3599
1522,4.1670,1.9112,5.0952,2055.61,43455963.19,3825999.93,222178281.60,264288328.89,486466610.49,43947.37,3.05190082,0.00025705,0.00822571,0.00514107,0.00406281,0.00920388,934147265.66,1020.0998
1523,4.1697,1.9110,5.0948,2059.52,43461466.90,3826176.59,222212398.72,264298146.19,486510544.91,43934.42,3.05100134,0.00025700,0.00822397,0.00513998,0.00405528,0.00919526,934189200.08,1020.8394
1524,4.1725,1.9109,5.0943,2063.43,43466970.16,3826353.22,222246505.05,264307961.34,486554466.38,43921.47,3.05010215,0.00025694,0.00822223,0.00513889,0.00404777,0.00918667,934231121.55,1021.5790
1525,4.1752,1.9107,5.0939,2067.35,43472472.96,3826529.82,222280600.58,264317774.33,486598374.91,43908.53,3.04920324,0.00025689,0.00822049,0.00513781,0.00404027,0.00917808,934273030.07,1022.3184
1526,4.1780,1.9105,5.0935,2071.28,43477975.29,3826706.38,222314685.33,264327585.17,486642270.50,43895.59,3.04830463,0.00025684,0.00821876,0.00513672,0.00403279,0.00916951,934314925.66,1023.0577
1527,4.1807,1.9104,5.0931,2075.22,43483477.17,3826882.90,222348759.29,264337393.86,486686153.15,43882.65,3.04740630,0.00025678,0.00821702,0.00513564,0.00402532,0.00916096,934356808.31,1023.7968
1528,4.1834,1.9102,5.0926,2079.17,43488978.59,3827059.39,222382822.47,264347200.40,486730022.87,43869.72,3.04650826,0.00025673,0.00821528,0.00513455,0.00401786,0.00915241,934398678.03,1024.5358
1529,4.1862,1.9101,5.0922,2083.12,43494479.55,3827235.84,222416874.87,264357004.79,486773879.66,43856.79,3.04561051,0.00025667,0.00821355,0.00513347,0.00401042,0.00914389,934440534.82,1025.2747
1530,4.1889,1.9099,5.0918,2087.08,43499980.05,3827412.26,222450916.49,264366807.03,486817723.53,43843.87,3.04471305,0.00025662,0.00821181,0.00513238,0.00400299,0.00913537,934482378.69,1026.0134
1531,4.1916,1.9097,5.0914,2091.04,43505480.09,3827588.64,222484947.35,264376607.13,486861554.47,43830.95,3.04381587,0.00025656,0.00821008,0.00513130,0.00399557,0.00912687,934524209.64,1026.7520
1532,4.1944,1.9096,5.0909,2095.02,43510979.68,3827764.99,222518967.43,264386405.07,486905372.51,43818.03,3.04291898,0.00025651,0.00820834,0.00513022,0.00398817,0.00911839,934566027.67,1027.4904
1533,4.1971,1.9094,5.0905,2099.00,43516478.80,3827941.30,222552976.75,264396200.88,486949177.63,43805.12,3.04202238,0.00025646,0.00820661,0.00512913,0.00398078,0.00910991,934607832.79,1028.2288
1534,4.1999,1.9093,5.0901,2102.99,43521977.47,3828117.58,222586975.31,264405994.53,486992969.85,43792.22,3.04112607,0.00025640,0.00820488,0.00512805,0.00397341,0.00910146,934649625.01,1028.9669
1535,4.2026,1.9091,5.0897,2106.99,43527475.67,3828293.82,222620963.12,264415786.04,487036749.16,43779.31,3.04023005,0.00025635,0.00820314,0.00512697,0.00396605,0.00909301,934691404.32,1029.7049
1536,4.2053,1.9089,5.0892,2110.99,43532973.42,3828470.03,222654940.16,264425575.41,487080515.57,43766.41,3.03933431,0.00025629,0.00820141,0.00512588,0.00395870,0.00908458,934733170.74,1030.4428
1537,4.2081,1.9088,5.0888,2115.01,43538470.71,3828646.20,222688906.46,264435362.63,487124269.09,43753.52,3.03843886,0.00025624,0.00819968,0.00512480,0.00395137,0.00907617,934774924.26,1031.1806
1538,4.2108,1.9086,5.0884,2119.03,43543967.54,3828822.34,222722862.01,264445147.71,487168009.72,43740.63,3.03754370,0.00025619,0.00819795,0.00512372,0.00394405,0.00906776,934816664.88,1031.9181
1539,4.2136,1.9085,5.0880,2123.05,43549463.91,3828998.44,222756806.81,264454930.65,487211737.46,43727.74,3.03664882,0.00025613,0.00819622,0.00512264,0.00393674,0.00905937,934858392.63,1032.6556
1540,4.2163,1.9083,5.0875,2127.09,43554959.82,3829174.50,222790740.88,264464711.45,487255452.33,43714.86,3.03575423,0.00025608,0.00819449,0.00512155,0.00392944,0.00905100,934900107.49,1033.3929
1541,4.2190,1.9081,5.0871,2131.13,43560455.27,3829350.54,222824664.20,264474490.10,487299154.31,43701.98,3.03485993,0.00025602,0.00819276,0.00512047,0.00392216,0.00904264,934941809.47,1034.1300
1542,4.2218,1.9080,5.0867,2135.18,43565950.27,3829526.53,222858576.80,264484266.62,487342843.42,43689.11,3.03396592,0.00025597,0.00819103,0.00511939,0.00391490,0.00903429,934983498.58,1034.8670
1543,4.2245,1.9078,5.0863,2139.24,43571444.81,3829702.49,222892478.66,264494041.00,487386519.66,43676.24,3.03307219,0.00025592,0.00818930,0.00511831,0.00390765,0.00902596,935025174.82,1035.6038
1544,4.2272,1.9077,5.0858,2143.31,43576938.89,3829878.42,222926369.79,264503813.24,487430183.03,43663.37,3.03217875,0.00025586,0.00818757,0.00511723,0.00390041,0.00901763,935066838.19,1036.3405
1545,4.2300,1.9075,5.0854,2147.38,43582432.51,3830054.31,222960250.20,264513583.34,487473833.54,43650.51,3.03128559,0.00025581,0.00818584,0.00511615,0.00389318,0.00900933,935108488.71,1037.0771
1546,4.2327,1.9073,5.0850,2151.47,43587925.67,3830230.17,222994119.89,264523351.31,487517471.20,43637.66,3.03039272,0.00025575,0.00818411,0.00511507,0.00388597,0.00900103,935150126.36,1037.8135
1547,4.2355,1.9072,5.0846,2155.56,43593418.37,3830405.99,223027978.86,264533117.14,487561096.00,43624.80,3.02950014,0.00025570,0.00818238,0.00511399,0.00387877,0.00899275,935191751.16,1038.5497
1548,4.2382,1.9070,5.0841,2159.65,43598910.61,3830581.77,223061827.12,264542880.83,487604707.95,43611.95,3.02860784,0.00025565,0.00818066,0.00511291,0.00387158,0.00898449,935233363.12,1039.2858
1549,4.2409,1.9069,5.0837,2163.76,43604402.40,3830757.52,223095664.67,264552642.39,487648307.06,43599.11,3.02771583,0.00025559,0.00817893,0.00511183,0.00386441,0.00897624,935274962.22,1040.0217
1550,4.2437,1.9067,5.0833,2167.87,43609893.73,3830933.24,223129491.51,264562401.82,487691893.33,43586.27,3.02682411,0.00025554,0.00817720,0.00511075,0.00385725,0.00896800,935316548.49,1040.7574
1551,4.2464,1.9066,5.0829,2171.99,43615384.60,3831108.92,223163307.65,264572159.11,487735466.76,43573.43,3.02593267,0.00025548,0.00817548,0.00510967,0.00385010,0.00895977,935358121.92,1041.4930
1552,4.2491,1.9064,5.0824,2176.12,43620875.01,3831284.56,223197113.09,264581914.27,487779027.36,43560.60,3.02504152,0.00025543,0.00817375,0.00510859,0.00384296,0.00895156,935399682.52,1042.2285
1553,4.2519,1.9062,5.0820,2180.26,43626364.96,3831460.17,223230907.83,264591667.30,487822575.13,43547.77,3.02415065,0.00025538,0.00817202,0.00510752,0.00383584,0.00894336,935441230.29,1042.9637
1554,4.2546,1.9061,5.0816,2184.40,43631854.46,3831635.75,223264691.88,264601418.19,487866110.07,43534.95,3.02326007,0.00025532,0.00817030,0.00510644,0.00382874,0.00893517,935482765.23,1043.6989
1555,4.2574,1.9059,5.0812,2188.55,43637343.50,3831811.29,223298465.24,264611166.96,487909632.20,43522.12,3.02236978,0.00025527,0.00816858,0.00510536,0.00382164,0.00892700,935524287.36,1044.4338
1556,4.2601,1.9058,5.0807,2192.71,43642832.08,3831986.80,223332227.91,264620913.60,487953141.51,43509.31,3.02147977,0.00025521,0.00816685,0.00510428,0.00381456,0.00891884,935565796.67,1045.1686
1557,4.2628,1.9056,5.0803,2196.88,43648320.20,3832162.27,223365979.90,264630658.11,487996638.00,43496.50,3.02059004,0.00025516,0.00816513,0.00510321,0.00380749,0.00891070,935607293.16,1045.9032
1558,4.2656,1.9054,5.0799,2201.06,43653807.86,3832337.70,223399721.20,264640400.49,488040121.69,43483.69,3.01970060,0.00025511,0.00816341,0.00510213,0.00380044,0.00890257,935648776.85,1046.6377
1559,4.2683,1.9053,5.0795,2205.24,43659295.07,3832513.10,223433451.84,264650140.74,488083592.58,43470.88,3.01881145,0.00025505,0.00816168,0.00510105,0.00379340,0.00889445,935690247.74,1047.3720
1560,4.2710,1.9051,5.0791,2209.43,43664781.81,3832688.47,223467171.79,264659878.87,488127050.66,43458.09,3.01792258,0.00025500,0.00815996,0.00509998,0.00378637,0.00888634,935731705.82,1048.1061
1561,4.2738,1.9050,5.0786,2213.63,43670268.10,3832863.80,223500881.08,264669614.87,488170495.95,43445.29,3.01703400,0.00025494,0.00815824,0.00509890,0.00377935,0.00887825,935773151.11,1048.8401
1562,4.2765,1.9048,5.0782,2217.84,43675753.94,3833039.10,223534579.71,264679348.74,488213928.45,43432.50,3.01614570,0.00025489,0.00815652,0.00509782,0.00377235,0.00887017,935814583.61,1049.5739
1563,4.2793,1.9046,5.0778,2222.06,43681239.31,3833214.36,223568267.66,264689080.49,488257348.16,43419.71,3.01525768,0.00025484,0.00815480,0.00509675,0.00376536,0.00886210,935856003.32,1050.3075
1564,4.2820,1.9045,5.0774,2226.28,43686724.23,3833389.58,223601944.96,264698810.12,488300755.09,43406.93,3.01436995,0.00025478,0.00815308,0.00509567,0.00375838,0.00885405,935897410.25,1051.0410
1565,4.2847,1.9043,5.0769,2230.51,43692208.68,3833564.77,223635611.61,264708537.63,488344149.23,43394.15,3.01348251,0.00025473,0.00815136,0.00509460,0.00375142,0.00884601,935938804.40,1051.7743
1566,4.2875,1.9042,5.0765,2234.75,43697692.69,3833739.93,223669267.60,264718263.01,488387530.61,43381.37,3.01259535,0.00025468,0.00814964,0.00509352,0.00374446,0.00883799,935980185.77,1052.5074
1567,4.2902,1.9040,5.0761,2239.00,43703176.23,3833915.05,223702912.94,264727986.27,488430899.21,43368.60,3.01170847,0.00025462,0.00814792,0.00509245,0.00373752,0.00882997,936021554.37,1053.2403
1568,4.2930,1.9038,5.0757,2243.26,43708659.31,3834090.14,223736547.64,264737707.41,488474255.04,43355.84,3.01082188,0.00025457,0.00814620,0.00509137,0.00373060,0.00882197,936062910.21,1053.9731
1569,4.2957,1.9037,5.0752,2247.52,43714141.94,3834265.19,223770171.69,264747426.43,488517598.12,43343.07,3.00993557,0.00025451,0.00814448,0.00509030,0.00372369,0.00881398,936104253.28,1054.7056
1570,4.2984,1.9035,5.0748,2251.79,43719624.11,3834440.21,223803785.10,264757143.33,488560928.43,43330.31,3.00904954,0.00025446,0.00814276,0.00508923,0.00371678,0.00880601,936145583.59,1055.4381
1571,4.3012,1.9034,5.0744,2256.07,43725105.83,3834615.19,223837387.88,264766858.11,488604245.99,43317.56,3.00816380,0.00025441,0.00814104,0.00508815,0.00370990,0.00879805,936186901.15,1056.1703
1572,4.3039,1.9032,5.0740,2260.36,43730587.08,3834790.14,223870980.02,264776570.77,488647550.80,43304.81,3.00727835,0.00025435,0.00813933,0.00508708,0.00370302,0.00879010,936228205.96,1056.9023
1573,4.3066,1.9031,5.0735,2264.66,43736067.88,3834965.05,223904561.54,264786281.32,488690842.86,43292.06,3.00639317,0.00025430,0.00813761,0.00508601,0.00369616,0.00878217,936269498.02,1057.6342
1574,4.3094,1.9029,5.0731,2268.96,43741548.22,3835139.93,223938132.43,264795989.75,488734122.18,43279.32,3.00550829,0.00025425,0.00813589,0.00508493,0.00368931,0.00877424,936310777.34,1058.3659
1575,4.3121,1.9027,5.0727,2273.27,43747028.11,3835314.77,223971692.69,264805696.06,488777388.76,43266.58,3.00462368,0.00025419,0.00813418,0.00508386,0.00368247,0.00876633,936352043.92,1059.0974
1576,4.3149,1.9026,5.0723,2277.60,43752507.53,3835489.58,224005242.34,264815400.26,488820642.61,43253.85,3.00373936,0.00025414,0.00813246,0.00508279,0.00367565,0.00875844,936393297.77,1059.8288
1577,4.3176,1.9024,5.0719,2281.92,43757986.50,3835664.36,224038781.37,264825102.35,488863883.72,43241.12,3.00285532,0.00025409,0.00813075,0.00508172,0.00366884,0.00875055,936434538.89,1060.5599
1578,4.3203,1.9023,5.0714,2286.26,43763465.01,3835839.10,224072309.79,264834802.32,488907112.11,43228.39,3.00197156,0.00025403,0.00812903,0.00508065,0.00366204,0.00874268,936475767.28,1061.2909
1579,4.3231,1.9021,5.0710,2290.61,43768943.07,3836013.80,224105827.60,264844500.18,488950327.78,43215.67,3.00108809,0.00025398,0.00812732,0.00507957,0.00365525,0.00873482,936516982.94,1062.0216
1580,4.3258,1.9019,5.0706,2294.96,43774420.67,3836188.47,224139334.81,264854195.93,488993530.73,43202.95,3.00020490,0.00025393,0.00812560,0.00507850,0.00364848,0.00872698,936558185.89,1062.7522
1581,4.3285,1.9018,5.0702,2299.32,43779897.81,3836363.11,224172831.41,264863889.56,489036720.97,43190.24,2.99932199,0.00025387,0.00812389,0.00507743,0.00364171,0.00871915,936599376.13,1063.4827
1582,4.3313,1.9016,5.0697,2303.70,43785374.49,3836537.71,224206317.41,264873581.08,489079898.50,43177.53,2.99843937,0.00025382,0.00812218,0.00507636,0.00363496,0.00871133,936640553.66,1064.2129
1583,4.3340,1.9015,5.0693,2308.07,43790850.72,3836712.27,224239792.82,264883270.50,489123063.32,43164.82,2.99755703,0.00025376,0.00812047,0.00507529,0.00362823,0.00870352,936681718.48,1064.9429
1584,4.3368,1.9013,5.0689,2312.46,43796326.49,3836886.80,224273257.63,264892957.80,489166215.44,43152.12,2.99667497,0.00025371,0.00811875,0.00507422,0.00362150,0.00869572,936722870.60,1065.6727
1585,4.3395,1.9012,5.0685,2316.86,43801801.80,3837061.30,224306711.86,264902643.00,489209354.86,43139.42,2.99579320,0.00025366,0.00811704,0.00507315,0.00361479,0.00868794,936764010.02,1066.4024
1586,4.3422,1.9010,5.0680,2321.26,43807276.66,3837235.76,224340155.50,264912326.09,489252481.59,43126.73,2.99491170,0.00025360,0.00811533,0.00507208,0.00360809,0.00868017,936805136.75,1067.1319
1587,4.3450,1.9008,5.0676,2325.67,43812751.05,3837410.19,224373588.56,264922007.07,489295595.63,43114.04,2.99403049,0.00025355,0.00811362,0.00507101,0.00360140,0.00867242,936846250.79,1067.8611
1588,4.3477,1.9007,5.0672,2330.09,43818225.00,3837584.58,224407011.04,264931685.94,489338696.98,43101.35,2.99314956,0.00025350,0.00811191,0.00506994,0.00359473,0.00866467,936887352.14,1068.5902
1589,4.3504,1.9005,5.0668,2334.52,43823698.48,3837758.94,224440422.94,264941362.71,489381785.65,43088.67,2.99226892,0.00025344,0.00811020,0.00506888,0.00358807,0.00865694,936928440.82,1069.3191
1590,4.3532,1.9004,5.0664,2338.96,43829171.51,3837933.26,224473824.27,264951037.38,489424861.65,43076.00,2.99138855,0.00025339,0.00810849,0.00506781,0.00358142,0.00864922,936969516.81,1070.0478
1591,4.3559,1.9002,5.0659,2343.41,43834644.08,3838107.55,224507215.03,264960709.94,489467924.97,43063.32,2.99050847,0.00025334,0.00810678,0.00506674,0.00357478,0.00864152,937010580.13,1070.7763
1592,4.3587,1.9000,5.0655,2347.86,43840116.20,3838281.81,224540595.23,264970380.39,489510975.62,43050.65,2.98962867,0.00025328,0.00810507,0.00506567,0.00356815,0.00863382,937051630.79,1071.5046
1593,4.3614,1.8999,5.0651,2352.32,43845587.86,3838456.03,224573964.86,264980048.75,489554013.61,43037.99,2.98874915,0.00025323,0.00810336,0.00506460,0.00356154,0.00862614,937092668.77,1072.2327
1594,4.3641,1.8997,5.0647,2356.80,43851059.06,3838630.21,224607323.94,264989715.00,489597038.94,43025.33,2.98786992,0.00025318,0.00810166,0.00506354,0.00355494,0.00861847,937133694.10,1072.9606
1595,4.3669,1.8996,5.0642,2361.28,43856529.80,3838804.36,224640672.46,264999379.15,489640051.61,43012.67,2.98699096,0.00025312,0.00809995,0.00506247,0.00354835,0.00861082,937174706.77,1073.6883
1596,4.3696,1.8994,5.0638,2365.76,43862000.09,3838978.48,224674010.43,265009041.20,489683051.62,43000.02,2.98611229,0.00025307,0.00809824,0.00506140,0.00354177,0.00860317,937215706.79,1074.4158
1597,4.3723,1.8992,5.0634,2370.26,43867469.93,3839152.56,224707337.85,265018701.14,489726038.99,42987.37,2.98523389,0.00025302,0.00809654,0.00506034,0.00353521,0.00859554,937256694.15,1075.1431
1598,4.3751,1.8991,5.0630,2374.77,43872939.30,3839326.61,224740654.72,265028358.99,489769013.72,42974.72,2.98435578,0.00025296,0.00809483,0.00505927,0.00352865,0.00858792,937297668.88,1075.8702
1599,4.3778,1.8989,5.0625,2379.28,43878408.22,3839500.62,224773961.05,265038014.75,489811975.80,42962.08,2.98347795,0.00025291,0.00809312,0.00505820,0.00352211,0.00858032,937338630.96,1076.5971
1600,4.3806,1.8988,5.0621,2383.80,43883876.68,3839674.60,224807256.84,265047668.40,489854925.24,42949.45,2.98260041,0.00025286,0.00809142,0.00505714,0.00351558,0.00857272,937379580.41,1077.3238
1601,4.3833,1.8986,5.0617,2388.33,43889344.69,3839848.54,224840542.10,265057319.96,489897862.06,42936.81,2.98172314,0.00025280,0.00808971,0.00505607,0.00350907,0.00856514,937420517.22,1078.0502
1602,4.3860,1.8985,5.0613,2392.87,43894812.24,3840022.45,224873816.83,265066969.42,489940786.24,42924.18,2.98084615,0.00025275,0.00808801,0.00505501,0.00350256,0.00855757,937461441.40,1078.7765
1603,4.3888,1.8983,5.0609,2397.42,43900279.34,3840196.33,224907081.02,265076616.78,489983697.80,42911.56,2.97996944,0.00025270,0.00808631,0.00505394,0.00349607,0.00855001,937502352.96,1079.5026
1604,4.3915,1.8981,5.0604,2401.98,43905745.98,3840370.17,224940334.69,265086262.05,490026596.74,42898.94,2.97909302,0.00025264,0.00808460,0.00505288,0.00348959,0.00854247,937543251.90,1080.2285
1605,4.3943,1.8980,5.0600,2406.55,43911212.16,3840543.97,224973577.84,265095905.22,490069483.06,42886.32,2.97821687,0.00025259,0.00808290,0.00505181,0.00348312,0.00853493,937584138.23,1080.9541
1606,4.3970,1.8978,5.0596,2411.12,43916677.88,3840717.74,225006810.47,265105546.30,490112356.77,42873.71,2.97734101,0.00025254,0.00808120,0.00505075,0.00347666,0.00852741,937625011.94,1081.6796
1607,4.3997,1.8977,5.0592,2415.70,43922143.15,3840891.48,225040032.58,265115185.29,490155217.88,42861.10,2.97646543,0.00025248,0.00807949,0.00504968,0.00347022,0.00851990,937665873.04,1082.4048
1608,4.4025,1.8975,5.0587,2420.29,43927607.97,3841065.18,225073244.19,265124822.19,490198066.37,42848.50,2.97559012,0.00025243,0.00807779,0.00504862,0.00346379,0.00851241,937706721.54,1083.1299
1609,4.4052,1.8973,5.0583,2424.90,43933072.32,3841238.85,225106445.28,265134456.99,490240902.27,42835.90,2.97471510,0.00025238,0.00807609,0.00504756,0.00345737,0.00850492,937747557.43,1083.8547
1610,4.4079,1.8972,5.0579,2429.50,43938536.23,3841412.49,225139635.87,265144089.71,490283725.57,42823.30,2.97384036,0.00025232,0.00807439,0.00504649,0.00345096,0.00849745,937788380.74,1084.5793
1611,4.4107,1.8970,5.0575,2434.12,43943999.67,3841586.09,225172815.95,265153720.33,490326536.28,42810.71,2.97296589,0.00025227,0.00807269,0.00504543,0.00344456,0.00848999,937829191.44,1085.3037
1612,4.4134,1.8969,5.0571,2438.75,43949462.66,3841759.65,225205985.54,265163348.87,490369334.40,42798.12,2.97209171,0.00025222,0.00807099,0.00504437,0.00343817,0.00848254,937869989.56,1086.0278
1613,4.4162,1.8967,5.0566,2443.39,43954925.20,3841933.18,225239144.63,265172975.31,490412119.94,42785.54,2.97121781,0.00025217,0.00806929,0.00504331,0.00343180,0.00847511,937910775.10,1086.7518
1614,4.4189,1.8966,5.0562,2448.03,43960387.27,3842106.68,225272293.23,265182599.67,490454892.89,42772.96,2.97034418,0.00025211,0.00806759,0.00504224,0.00342544,0.00846768,937951548.06,1087.4755
1615,4.4216,1.8964,5.0558,2452.68,43965848.90,3842280.14,225305431.33,265192221.94,490497653.27,42760.38,2.96947084,0.00025206,0.00806589,0.00504118,0.00341909,0.00846027,937992308.44,1088.1991
1616,4.4244,1.8962,5.0554,2457.35,43971310.06,3842453.57,225338558.96,265201842.12,490540401.08,42747.81,2.96859777,0.00025201,0.00806419,0.00504012,0.00341275,0.00845287,938033056.25,1088.9224
1617,4.4271,1.8961,5.0549,2462.02,43976770.77,3842626.96,225371676.10,265211460.22,490583136.32,42735.24,2.96772499,0.00025195,0.00806249,0.00503906,0.00340642,0.00844548,938073791.49,1089.6455
1618,4.4298,1.8959,5.0545,2466.70,43982231.03,3842800.32,225404782.76,265221076.24,490625859.00,42722.68,2.96685248,0.00025190,0.00806080,0.00503800,0.00340011,0.00843811,938114514.16,1090.3683
1619,4.4326,1.8958,5.0541,2471.39,43987690.83,3842973.65,225437878.95,265230690.16,490668569.11,42710.12,2.96598026,0.00025185,0.00805910,0.00503694,0.00339380,0.00843074,938155224.28,1091.0910
1620,4.4353,1.8956,5.0537,2476.08,43993150.17,3843146.94,225470964.66,265240302.01,490711266.67,42697.56,2.96510831,0.00025179,0.00805740,0.00503588,0.00338751,0.00842339,938195921.84,1091.8134
1621,4.4381,1.8954,5.0533,2480.79,43998609.06,3843320.19,225504039.91,265249911.77,490753951.68,42685.01,2.96423664,0.00025174,0.00805571,0.00503482,0.00338123,0.00841605,938236606.84,1092.5356
1622,4.4408,1.8953,5.0528,2485.50,44004067.50,3843493.42,225537104.69,265259519.45,490796624.14,42672.46,2.96336525,0.00025169,0.00805401,0.00503376,0.00337496,0.00840872,938277279.30,1093.2576
1623,4.4435,1.8951,5.0524,2490.23,44009525.47,3843666.60,225570159.01,265269125.05,490839284.06,42659.92,2.96249414,0.00025163,0.00805231,0.00503270,0.00336871,0.00840140,938317939.22,1093.9794
1624,4.4463,1.8950,5.0520,2494.96,44014983.00,3843839.76,225603202.86,265278728.57,490881931.43,42647.38,2.96162331,0.00025158,0.00805062,0.00503164,0.00336246,0.00839410,938358586.60,1094.7009
1625,4.4490,1.8948,5.0516,2499.71,44020440.06,3844012.88,225636236.27,265288330.01,490924566.27,42634.84,2.96075276,0.00025153,0.00804892,0.00503058,0.00335623,0.00838680,938399221.44,1095.4222
1626,4.4517,1.8947,5.0512,2504.46,44025896.67,3844185.96,225669259.22,265297929.36,490967188.58,42622.31,2.95988248,0.00025148,0.00804723,0.00502952,0.00335000,0.00837952,938439843.74,1096.1433
1627,4.4545,1.8945,5.0507,2509.22,44031352.83,3844359.01,225702271.72,265307526.64,491009798.36,42609.78,2.95901249,0.00025142,0.00804554,0.00502846,0.00334379,0.00837225,938480453.52,1096.8641
1628,4.4572,1.8943,5.0503,2513.99,44036808.53,3844532.03,225735273.77,265317121.84,491052395.62,42597.26,2.95814277,0.00025137,0.00804384,0.00502740,0.00333759,0.00836500,938521050.78,1097.5848
1629,4.4600,1.8942,5.0499,2518.77,44042263.77,3844705.01,225768265.39,265326714.97,491094980.35,42584.74,2.95727333,0.00025132,0.00804215,0.00502634,0.00333141,0.00835775,938561635.51,1098.3052
1630,4.4627,1.8940,5.0495,2523.55,44047718.57,3844877.96,225801246.56,265336306.01,491137552.57,42572.22,2.95640417,0.00025126,0.00804046,0.00502528,0.00332523,0.00835051,938602207.73,1099.0253
1631,4.4654,1.8939,5.0490,2528.35,44053172.90,3845050.88,225834217.30,265345894.98,491180112.28,42559.71,2.95553529,0.00025121,0.00803876,0.00502423,0.00331906,0.00834329,938642767.44,1099.7453
1632,4.4682,1.8937,5.0486,2533.16,44058626.78,3845223.76,225867177.60,265355481.88,491222659.48,42547.20,2.95466668,0.00025116,0.00803707,0.00502317,0.00331291,0.00833608,938683314.64,1100.4650
1633,4.4709,1.8936,5.0482,2537.97,44064080.20,3845396.61,225900127.47,265365066.70,491265194.18,42534.70,2.95379836,0.00025111,0.00803538,0.00502211,0.00330677,0.00832888,938723849.34,1101.1844
1634,4.4736,1.8934,5.0478,2542.80,44069533.17,3845569.42,225933066.92,265374649.45,491307716.37,42522.20,2.95293031,0.00025105,0.00803369,0.00502106,0.00330064,0.00832169,938764371.54,1101.9037
1635,4.4764,1.8932,5.0474,2547.63,44074985.69,3845742.20,225965995.95,265384230.12,491350226.07,42509.70,2.95206254,0.00025100,0.00803200,0.00502000,0.00329452,0.00831452,938804881.24,1102.6227
1636,4.4791,1.8931,5.0469,2552.47,44080437.75,3845914.94,225998914.56,265393808.73,491392723.28,42497.21,2.95119504,0.00025095,0.00803031,0.00501894,0.00328841,0.00830735,938845378.45,1103.3414
1637,4.4819,1.8929,5.0465,2557.32,44085889.35,3846087.65,226031822.75,265403385.26,491435208.00,42484.72,2.95032783,0.00025089,0.00802862,0.00501789,0.00328231,0.00830020,938885863.17,1104.0600
1638,4.4846,1.8928,5.0461,2562.18,44091340.50,3846260.33,226064720.53,265412959.71,491477680.24,42472.24,2.94946089,0.00025084,0.00802693,0.00501683,0.00327622,0.00829306,938926335.40,1104.7782
1639,4.4873,1.8926,5.0457,2567.06,44096791.20,3846432.97,226097607.89,265422532.10,491520140.00,42459.76,2.94859423,0.00025079,0.00802524,0.00501578,0.00327015,0.00828593,938966795.16,1105.4963
1640,4.4901,1.8924,5.0453,2571.93,44102241.44,3846605.57,226130484.86,265432102.42,491562587.28,42447.28,2.94772784,0.00025074,0.00802355,0.00501472,0.00326409,0.00827881,939007242.44,1106.2141
1641,4.4928,1.8923,5.0448,2576.82,44107691.22,3846778.15,226163351.42,265441670.67,491605022.09,42434.81,2.94686174,0.00025068,0.00802186,0.00501366,0.00325803,0.00827170,939047677.25,1106.9317
1642,4.4956,1.8921,5.0444,2581.72,44113140.55,3846950.69,226196207.57,265451236.85,491647444.43,42422.34,2.94599591,0.00025063,0.00802018,0.00501261,0.00325199,0.00826460,939088099.59,1107.6490
1643,4.4983,1.8920,5.0440,2586.63,44118589.43,3847123.19,226229053.34,265460800.97,491689854.30,42409.88,2.94513035,0.00025058,0.00801849,0.00501156,0.00324596,0.00825752,939128509.47,1108.3661
1644,4.5010,1.8918,5.0436,2591.55,44124037.85,3847295.67,226261888.71,265470363.01,491732251.72,42397.42,2.94426508,0.00025053,0.00801680,0.00501050,0.00323994,0.00825045,939168906.88,1109.0830
1645,4.5038,1.8917,5.0432,2596.47,44129485.82,3847468.10,226294713.69,265479923.00,491774636.68,42384.96,2.94340008,0.00025047,0.00801512,0.00500945,0.00323394,0.00824338,939209291.85,1109.7996
1646,4.5065,1.8915,5.0427,2601.41,44134933.33,3847640.51,226327528.28,265489480.91,491817009.19,42372.51,2.94253535,0.00025042,0.00801343,0.00500839,0.00322794,0.00823633,939249664.35,1110.5159
1647,4.5092,1.8913,5.0423,2606.35,44140380.39,3847812.88,226360332.49,265499036.76,491859369.25,42360.06,2.94167091,0.00025037,0.00801174,0.00500734,0.00322195,0.00822929,939290024.42,1111.2320
1648,4.5120,1.8912,5.0419,2611.31,44145826.99,3847985.21,226393126.32,265508590.55,491901716.87,42347.62,2.94080674,0.00025031,0.00801006,0.00500629,0.00321598,0.00822227,939330372.03,1111.9479
1649,4.5147,1.8910,5.0415,2616.27,44151273.14,3848157.51,226425909.77,265518142.27,491944052.05,42335.18,2.93994285,0.00025026,0.00800837,0.00500523,0.00321002,0.00821525,939370707.21,1112.6635
1650,4.5175,1.8909,5.0410,2621.24,44156718.83,3848329.78,226458682.85,265527691.93,491986374.79,42322.74,2.93907923,0.00025021,0.00800669,0.00500418,0.00320406,0.00820824,939411029.95,1113.3789
1651,4.5202,1.8907,5.0406,2626.23,44162164.07,3848502.02,226491445.56,265537239.53,492028685.10,42310.31,2.93821589,0.00025016,0.00800501,0.00500313,0.00319812,0.00820125,939451340.26,1114.0940
1652,4.5229,1.8906,5.0402,2631.22,44167608.85,3848674.22,226524197.91,265546785.07,492070982.98,42297.88,2.93735282,0.00025010,0.00800332,0.00500208,0.00319219,0.00819427,939491638.14,1114.8089
1653,4.5257,1.8904,5.0398,2636.22,44173053.19,3848846.38,226556939.89,265556328.55,492113268.43,42285.46,2.93649003,0.00025005,0.00800164,0.00500102,0.00318627,0.00818730,939531923.60,1115.5236
1654,4.5284,1.8902,5.0394,2641.23,44178497.06,3849018.51,226589671.51,265565869.96,492155541.47,42273.04,2.93562752,0.00025000,0.00799996,0.00499997,0.00318036,0.00818034,939572196.63,1116.2379
1655,4.5311,1.8901,5.0389,2646.25,44183940.48,3849190.61,226622392.77,265575409.32,492197802.09,42260.62,2.93476528,0.00024995,0.00799827,0.00499892,0.00317446,0.00817339,939612457.25,1116.9521
1656,4.5339,1.8899,5.0385,2651.28,44189383.45,3849362.68,226655103.68,265584946.62,492240050.30,42248.21,2.93390332,0.00024989,0.00799659,0.00499787,0.00316858,0.00816645,939652705.46,1117.6659
1657,4.5366,1.8898,5.0381,2656.32,44194825.96,3849534.71,226687804.24,265594481.86,492282286.10,42235.80,2.93304164,0.00024984,0.00799491,0.00499682,0.00316270,0.00815952,939692941.26,1118.3796
1658,4.5394,1.8896,5.0377,2661.37,44200268.02,3849706.70,226720494.45,265604015.05,492324509.49,42223.40,2.93218023,0.00024979,0.00799323,0.00499577,0.00315684,0.00815260,939733164.66,1119.0929
1659,4.5421,1.8894,5.0373,2666.43,44205709.63,3849878.67,226753174.32,265613546.17,492366720.49,42210.99,2.93131909,0.00024974,0.00799155,0.00499472,0.00315098,0.00814570,939773375.65,1119.8060
1660,4.5448,1.8893,5.0368,2671.50,44211150.78,3850050.60,226785843.84,265623075.24,492408919.09,42198.60,2.93045823,0.00024968,0.00798987,0.00499367,0.00314514,0.00813881,939813574.25,1120.5189
1661,4.5476,1.8891,5.0364,2676.58,44216591.48,3850222.49,226818503.03,265632602.26,492451105.29,42186.21,2.92959765,0.00024963,0.00798819,0.00499262,0.00313931,0.00813192,939853760.46,1121.2315
1662,4.5503,1.8890,5.0360,2681.66,44222031.72,3850394.35,226851151.89,265642127.22,492493279.11,42173.82,2.92873734,0.00024958,0.00798651,0.00499157,0.00313348,0.00812505,939893934.27,1121.9438
1663,4.5530,1.8888,5.0356,2686.76,44227471.51,3850566.18,226883790.41,265651650.13,492535440.54,42161.43,2.92787731,0.00024953,0.00798483,0.00499052,0.00312767,0.00811819,939934095.71,1122.6559
1664,4.5558,1.8887,5.0352,2691.87,44232910.85,3850737.97,226916418.61,265661170.99,492577589.60,42149.05,2.92701755,0.00024947,0.00798315,0.00498947,0.00312187,0.00811134,939974244.76,1123.3678
1665,4.5585,1.8885,5.0347,2696.98,44238349.73,3850909.73,226949036.48,265670689.79,492619726.27,42136.68,2.92615806,0.00024942,0.00798147,0.00498842,0.00311608,0.00810450,940014381.44,1124.0793
1666,4.5613,1.8883,5.0343,2702.11,44243788.15,3851081.46,226981644.03,265680206.54,492661850.58,42124.30,2.92529885,0.00024937,0.00797980,0.00498737,0.00311030,0.00809768,940054505.74,1124.7906
1667,4.5640,1.8882,5.0339,2707.25,44249226.13,3851253.15,227014241.27,265689721.25,492703962.51,42111.93,2.92443992,0.00024932,0.00797812,0.00498632,0.00310453,0.00809086,940094617.67,1125.5017
1668,4.5667,1.8880,5.0335,2712.39,44254663.65,3851424.81,227046828.18,265699233.90,492746062.08,42099.57,2.92358126,0.00024926,0.00797644,0.00498528,0.00309878,0.00808405,940134717.24,1126.2124
1669,4.5695,1.8879,5.0331,2717.55,44260100.71,3851596.43,227079404.79,265708744.50,492788149.29,42087.21,2.92272287,0.00024921,0.00797477,0.00498423,0.00309303,0.00807726,940174804.45,1126.9230
1670,4.5722,1.8877,5.0326,2722.71,44265537.33,3851768.03,227111971.09,265718253.05,492830224.14,42074.85,2.92186476,0.00024916,0.00797309,0.00498318,0.00308729,0.00807047,940214879.31,1127.6332
1671,4.5749,1.8876,5.0322,2727.89,44270973.49,3851939.58,227144527.09,265727759.55,492872286.64,42062.50,2.92100692,0.00024911,0.00797141,0.00498213,0.00308157,0.00806370,940254941.81,1128.3432
1672,4.5777,1.8874,5.0318,2733.08,44276409.19,3852111.11,227177072.78,265737264.01,492914336.79,42050.15,2.92014936,0.00024905,0.00796974,0.00498109,0.00307585,0.00805694,940294991.96,1129.0529
1673,4.5804,1.8872,5.0314,2738.27,44281844.44,3852282.60,227209608.18,265746766.42,492956374.60,42037.81,2.91929207,0.00024900,0.00796806,0.00498004,0.00307015,0.00805019,940335029.76,1129.7624
1674,4.5832,1.8871,5.0310,2743.48,44287279.24,3852454.05,227242133.28,265756266.78,492998400.06,42025.46,2.91843506,0.00024895,0.00796639,0.00497899,0.00306445,0.00804345,940375055.23,1130.4716
1675,4.5859,1.8869,5.0305,2748.69,44292713.58,3852625.48,227274648.09,265765765.10,493040413.19,42013.13,2.91757832,0.00024890,0.00796472,0.00497795,0.00305877,0.00803672,940415068.35,1131.1805
1676,4.5886,1.8868,5.0301,2753.92,44298147.48,3852796.86,227307152.61,265775261.38,493082413.99,42000.79,2.91672185,0.00024885,0.00796304,0.00497690,0.00305310,0.00803000,940455069.15,1131.8891
1677,4.5914,1.8866,5.0297,2759.15,44303580.91,3852968.22,227339646.85,265784755.61,493124402.45,41988.47,2.91586566,0.00024879,0.00796137,0.00497586,0.00304743,0.00802329,940495057.61,1132.5975
1678,4.5941,1.8865,5.0293,2764.39,44309013.90,3853139.54,227372130.80,265794247.79,493166378.59,41976.14,2.91500974,0.00024874,0.00795970,0.00497481,0.00304178,0.00801659,940535033.75,1133.3056
1679,4.5969,1.8863,5.0289,2769.65,44314446.43,3853310.83,227404604.48,265803737.93,493208342.41,41963.82,2.91415409,0.00024869,0.00795802,0.00497376,0.00303614,0.00800990,940574997.57,1134.0135
1680,4.5996,1.8861,5.0284,2774.91,44319878.51,3853482.08,227437067.88,265813226.04,493250293.91,41951.50,2.91329872,0.00024864,0.00795635,0.00497272,0.00303051,0.00800323,940614949.08,1134.7211
1681,4.6023,1.8860,5.0280,2780.19,44325310.13,3853653.30,227469521.00,265822712.10,493292233.10,41939.19,2.91244362,0.00024858,0.00795468,0.00497168,0.00302489,0.00799656,940654888.26,1135.4283
1682,4.6051,1.8858,5.0276,2785.47,44330741.30,3853824.49,227501963.86,265832196.12,493334159.98,41926.88,2.91158879,0.00024853,0.00795301,0.00497063,0.00301927,0.00798991,940694815.14,1136.1354
1683,4.6078,1.8857,5.0272,2790.77,44336172.02,3853995.64,227534396.46,265841678.10,493376074.55,41914.57,2.91073424,0.00024848,0.00795134,0.00496959,0.00301367,0.00798326,940734729.71,1136.8421
1684,4.6105,1.8855,5.0268,2796.07,44341602.28,3854166.76,227566818.79,265851158.04,493417976.82,41902.27,2.90987996,0.00024843,0.00794967,0.00496854,0.00300808,0.00797663,940774631.99,1137.5486
1685,4.6133,1.8854,5.0263,2801.39,44347032.09,3854337.85,227599230.86,265860635.94,493459866.80,41889.97,2.90902595,0.00024837,0.00794800,0.00496750,0.00300250,0.00797000,940814521.96,1138.2548
1686,4.6160,1.8852,5.0259,2806.71,44352461.45,3854508.90,227631632.68,265870111.80,493501744.48,41877.68,2.90817222,0.00024832,0.00794633,0.00496646,0.00299694,0.00796339,940854399.64,1138.9607
1687,4.6188,1.8850,5.0255,2812.05,44357890.36,3854679.92,227664024.24,265879585.63,493543609.87,41865.39,2.90731876,0.00024827,0.00794466,0.00496541,0.00299138,0.00795679,940894265.03,1139.6663
1688,4.6215,1.8849,5.0251,2817.39,44363318.81,3854850.91,227696405.55,265889057.42,493585462.97,41853.10,2.90646557,0.00024822,0.00794299,0.00496437,0.00298583,0.00795020,940934118.13,1140.3717
1689,4.6242,1.8847,5.0247,2822.75,44368746.81,3855021.86,227728776.62,265898527.17,493627303.79,41840.82,2.90561265,0.00024817,0.00794132,0.00496333,0.00298029,0.00794362,940973958.96,1141.0768
1690,4.6270,1.8846,5.0242,2828.11,44374174.36,3855192.78,227761137.45,265907994.89,493669132.34,41828.54,2.90476001,0.00024811,0.00793966,0.00496228,0.00297476,0.00793705,941013787.50,1141.7816
1691,4.6297,1.8844,5.0238,2833.49,44379601.45,3855363.66,227793488.03,265917460.58,493710948.61,41816.27,2.90390764,0.00024806,0.00793799,0.00496124,0.00296924,0.00793048,941053603.77,1142.4861
1692,4.6324,1.8843,5.0234,2838.88,44385028.09,3855534.51,227825828.38,265926924.23,493752752.61,41804.00,2.90305554,0.00024801,0.00793632,0.00496020,0.00296373,0.00792394,941093407.77,1143.1904
1693,4.6352,1.8841,5.0230,2844.27,44390454.28,3855705.33,227858158.50,265936385.85,493794544.34,41791.73,2.90220371,0.00024796,0.00793465,0.00495916,0.00295824,0.00791740,941133199.50,1143.8943
1694,4.6379,1.8839,5.0226,2849.68,44395880.01,3855876.12,227890478.38,265945845.43,493836323.81,41779.47,2.90135216,0.00024791,0.00793299,0.00495812,0.00295275,0.00791087,941172978.97,1144.5980
1695,4.6407,1.8838,5.0222,2855.10,44401305.29,3856046.87,227922788.04,265955302.98,493878091.02,41767.21,2.90050087,0.00024785,0.00793132,0.00495708,0.00294727,0.00790435,941212746.19,1145.3014
1696,4.6434,1.8836,5.0217,2860.52,44406730.12,3856217.59,227955087.48,265964758.51,493919845.98,41754.96,2.89964986,0.00024780,0.00792966,0.00495604,0.00294180,0.00789784,941252501.14,1146.0045
1697,4.6461,1.8835,5.0213,2865.96,44412154.50,3856388.27,227987376.69,265974212.00,493961588.69,41742.71,2.89879912,0.00024775,0.00792799,0.00495499,0.00293635,0.00789134,941292243.85,1146.7073
1698,4.6489,1.8833,5.0209,2871.41,44417578.43,3856558.92,228019655.69,265983663.46,494003319.15,41730.46,2.89794866,0.00024770,0.00792633,0.00495395,0.00293090,0.00788485,941331974.31,1147.4098
1699,4.6516,1.8831,5.0205,2876.87,44423001.90,3856729.54,228051924.47,265993112.89,494045037.37,41718.22,2.89709846,0.00024765,0.00792466,0.00495291,0.00292546,0.00787838,941371692.53,1148.1121
1700,4.6543,1.8830,5.0201,2882.33,44428424.92,3856900.12,228084183.05,266002560.30,494086743.35,41705.98,2.89624854,0.00024759,0.00792300,0.00495187,0.00292004,0.00787191,941411398.51,1148.8140
1701,4.6571,1.8828,5.0196,2887.81,44433847.48,3857070.67,228116431.41,266012005.68,494128437.09,41693.74,2.89539888,0.00024754,0.00792134,0.00495084,0.00291462,0.00786545,941451092.25,1149.5157
1702,4.6598,1.8827,5.0192,2893.30,44439269.60,3857241.19,228148669.58,266021449.03,494170118.60,41681.51,2.89454950,0.00024749,0.00791967,0.00494980,0.00290921,0.00785901,941490773.77,1150.2171
1703,4.6626,1.8825,5.0188,2898.80,44444691.26,3857411.67,228180897.54,266030890.35,494211787.89,41669.29,2.89370039,0.00024744,0.00791801,0.00494876,0.00290381,0.00785257,941530443.05,1150.9182
1704,4.6653,1.8824,5.0184,2904.31,44450112.47,3857582.12,228213115.30,266040329.65,494253444.95,41657.06,2.89285156,0.00024739,0.00791635,0.00494772,0.00289843,0.00784615,941570100.11,1151.6190
1705,4.6680,1.8822,5.0180,2909.83,44455533.22,3857752.54,228245322.87,266049766.92,494295089.79,41644.84,2.89200299,0.00024733,0.00791469,0.00494668,0.00289305,0.00783973,941609744.96,1152.3195
1706,4.6708,1.8821,5.0175,2915.36,44460953.53,3857922.92,228277520.25,266059202.17,494336722.42,41632.63,2.89115469,0.00024728,0.00791303,0.00494564,0.00288768,0.00783332,941649377.59,1153.0197
1707,4.6735,1.8819,5.0171,2920.91,44466373.38,3858093.27,228309707.44,266068635.40,494378342.84,41620.42,2.89030667,0.00024723,0.00791136,0.00494460,0.00288233,0.00782693,941688998.00,1153.7196
1708,4.6762,1.8817,5.0167,2926.46,44471792.78,3858263.59,228341884.45,266078066.60,494419951.05,41608.21,2.88945891,0.00024718,0.00790970,0.00494357,0.00287698,0.00782054,941728606.21,1154.4192
1709,4.6790,1.8816,5.0163,2932.02,44477211.73,3858433.87,228374051.27,266087495.78,494461547.05,41596.00,2.88861143,0.00024713,0.00790804,0.00494253,0.00287164,0.00781417,941768202.21,1155.1186
1710,4.6817,1.8814,5.0159,2937.59,44482630.22,3858604.12,228406207.92,266096922.94,494503130.86,41583.80,2.88776421,0.00024707,0.00790638,0.00494149,0.00286631,0.00780780,941807786.02,1155.8176
1711,4.6845,1.8813,5.0155,2943.18,44488048.27,3858774.34,228438354.39,266106348.07,494544702.46,41571.61,2.88691727,0.00024702,0.00790473,0.00494045,0.00286100,0.00780145,941847357.63,1156.5163
1712,4.6872,1.8811,5.0150,2948.77,44493465.86,3858944.52,228470490.69,266115771.19,494586261.88,41559.42,2.88607060,0.00024697,0.00790307,0.00493942,0.00285569,0.00779510,941886917.04,1157.2148
1713,4.6899,1.8810,5.0146,2954.38,44498883.00,3859114.67,228502616.82,266125192.29,494627809.11,41547.23,2.88522420,0.00024692,0.00790141,0.00493838,0.00285039,0.00778877,941926464.27,1157.9129
1714,4.6927,1.8808,5.0142,2959.99,44504299.68,3859284.79,228534732.78,266134611.37,494669344.15,41535.04,2.88437806,0.00024687,0.00789975,0.00493734,0.00284510,0.00778244,941965999.32,1158.6108
1715,4.6954,1.8806,5.0138,2965.62,44509715.92,3859454.87,228566838.59,266144028.43,494710867.02,41522.86,2.88353220,0.00024682,0.00789809,0.00493631,0.00283982,0.00777613,942005522.18,1159.3083
1716,4.6982,1.8805,5.0134,2971.26,44515131.70,3859624.92,228598934.23,266153443.47,494752377.70,41510.69,2.88268661,0.00024676,0.00789644,0.00493527,0.00283455,0.00776983,942045032.87,1160.0056
1717,4.7009,1.8803,5.0129,2976.90,44520547.03,3859794.94,228631019.72,266162856.50,494793876.22,41498.51,2.88184129,0.00024671,0.00789478,0.00493424,0.00282929,0.00776353,942084531.38,1160.7025
1718,4.7036,1.8802,5.0125,2982.56,44525961.91,3859964.93,228663095.06,266172267.51,494835362.56,41486.35,2.88099624,0.00024666,0.00789312,0.00493320,0.00282404,0.00775725,942124017.73,1161.3992
1719,4.7064,1.8800,5.0121,2988.23,44531376.34,3860134.88,228695160.24,266181676.50,494876836.75,41474.18,2.88015145,0.00024661,0.00789147,0.00493217,0.00281881,0.00775097,942163491.91,1162.0955
1720,4.7091,1.8799,5.0117,2993.91,44536790.31,3860304.79,228727215.28,266191083.48,494918298.77,41462.02,2.87930694,0.00024656,0.00788981,0.00493113,0.00281358,0.00774471,942202953.93,1162.7915
1721,4.7118,1.8797,5.0113,2999.60,44542203.84,3860474.68,228759260.18,266200488.45,494959748.63,41449.86,2.87846270,0.00024650,0.00788816,0.00493010,0.00280835,0.00773845,942242403.79,1163.4873
1722,4.7146,1.8795,5.0109,3005.31,44547616.91,3860644.53,228791294.94,266209891.40,495001186.34,41437.71,2.87761873,0.00024645,0.00788650,0.00492906,0.00280314,0.00773221,942281841.50,1164.1827
1723,4.7173,1.8794,5.0104,3011.02,44553029.53,3860814.35,228823319.56,266219292.34,495042611.90,41425.56,2.87677502,0.00024640,0.00788485,0.00492803,0.00279794,0.00772597,942321267.06,1164.8778
1724,4.7201,1.8792,5.0100,3016.74,44558441.70,3860984.13,228855334.05,266228691.27,495084025.31,41413.41,2.87593159,0.00024635,0.00788319,0.00492700,0.00279275,0.00771975,942360680.48,1165.5726
1725,4.7228,1.8791,5.0096,3022.48,44563853.41,3861153.88,228887338.40,266238088.18,495125426.59,41401.27,2.87508842,0.00024630,0.00788154,0.00492596,0.00278757,0.00771353,942400081.75,1166.2671
1726,4.7255,1.8789,5.0092,3028.22,44569264.68,3861323.60,228919332.64,266247483.09,495166815.72,41389.14,2.87424553,0.00024625,0.00787989,0.00492493,0.00278240,0.00770733,942439470.89,1166.9613
1727,4.7283,1.8788,5.0088,3033.98,44574675.49,3861493.29,228951316.74,266256875.98,495208192.72,41377.00,2.87340290,0.00024619,0.00787823,0.00492390,0.00277723,0.00770113,942478847.89,1167.6552
1728,4.7310,1.8786,5.0083,3039.74,44580085.86,3861662.94,228983290.73,266266266.87,495249557.60,41364.87,2.87256054,0.00024614,0.00787658,0.00492286,0.00277208,0.00769494,942518212.76,1168.3488
1729,4.7337,1.8784,5.0079,3045.52,44585495.77,3861832.56,229015254.60,266275655.74,495290910.34,41352.75,2.87171845,0.00024609,0.00787493,0.00492183,0.00276694,0.00768877,942557565.50,1169.0421
1730,4.7365,1.8783,5.0075,3051.31,44590905.23,3862002.14,229047208.35,266285042.61,495332250.97,41340.62,2.87087663,0.00024604,0.00787328,0.00492080,0.00276180,0.00768260,942596906.13,1169.7351
1731,4.7392,1.8781,5.0071,3057.11,44596314.23,3862171.70,229079152.00,266294427.47,495373579.47,41328.51,2.87003508,0.00024599,0.00787163,0.00491977,0.00275668,0.00767645,942636234.63,1170.4277
1732,4.7420,1.8780,5.0067,3062.92,44601722.79,3862341.22,229111085.54,266303810.32,495414895.86,41316.39,2.86919380,0.00024594,0.00786998,0.00491874,0.00275156,0.00767030,942675551.02,1171.1200
1733,4.7447,1.8778,5.0063,3068.74,44607130.90,3862510.70,229143008.97,266313191.17,495456200.14,41304.28,2.86835278,0.00024589,0.00786833,0.00491770,0.00274646,0.00766416,942714855.30,1171.8121
1734,4.7474,1.8777,5.0058,3074.58,44612538.55,3862680.16,229174922.30,266322570.01,495497492.31,41292.17,2.86751203,0.00024583,0.00786668,0.00491667,0.00274136,0.00765803,942754147.48,1172.5038
1735,4.7502,1.8775,5.0054,3080.42,44617945.75,3862849.58,229206825.53,266331946.85,495538772.38,41280.07,2.86667156,0.00024578,0.00786503,0.00491564,0.00273627,0.00765192,942793427.55,1173.1952
1736,4.7529,1.8773,5.0050,3086.28,44623352.50,3863018.96,229238718.67,266341321.68,495580040.36,41267.97,2.86583135,0.00024573,0.00786338,0.00491461,0.00273120,0.00764581,942832695.52,1173.8863
1737,4.7556,1.8772,5.0046,3092.14,44628758.81,3863188.32,229270601.72,266350694.51,495621296.23,41255.88,2.86499141,0.00024568,0.00786173,0.00491358,0.00272613,0.00763971,942871951.40,1174.5770
1738,4.7584,1.8770,5.0042,3098.02,44634164.65,3863357.64,229302474.68,266360065.34,495662540.02,41243.78,2.86415173,0.00024563,0.00786008,0.00491255,0.00272107,0.00763362,942911195.18,1175.2675
1739,4.7611,1.8769,5.0037,3103.91,44639570.05,3863526.93,229334337.55,266369434.16,495703771.71,41231.70,2.86331233,0.00024558,0.00785843,0.00491152,0.00271602,0.00762754,942950426.88,1175.9576
1740,4.7639,1.8767,5.0033,3109.81,44644975.00,3863696.18,229366190.34,266378800.99,495744991.33,41219.61,2.86247319,0.00024552,0.00785679,0.00491049,0.00271098,0.00762147,942989646.49,1176.6474
1741,4.7666,1.8766,5.0029,3115.72,44650379.50,3863865.40,229398033.05,266388165.81,495786198.86,41207.53,2.86163432,0.00024547,0.00785514,0.00490946,0.00270595,0.00761541,943028854.03,1177.3369
1742,4.7693,1.8764,5.0025,3121.64,44655783.54,3864034.59,229429865.69,266397528.63,495827394.32,41195.46,2.86079571,0.00024542,0.00785349,0.00490843,0.00270093,0.00760936,943068049.48,1178.0261
1743,4.7721,1.8762,5.0021,3127.58,44661187.13,3864203.75,229461688.25,266406889.46,495868577.71,41183.39,2.85995738,0.00024537,0.00785185,0.00490740,0.00269592,0.00760332,943107232.87,1178.7150
1744,4.7748,1.8761,5.0017,3133.52,44666590.28,3864372.87,229493500.75,266416248.28,495909749.03,41171.32,2.85911931,0.00024532,0.00785020,0.00490637,0.00269091,0.00759729,943146404.19,1179.4035
1745,4.7775,1.8759,5.0012,3139.48,44671992.97,3864541.96,229525303.17,266425605.10,495950908.28,41159.25,2.85828151,0.00024527,0.00784855,0.00490535,0.00268592,0.00759127,943185563.44,1180.0917
1746,4.7803,1.8758,5.0008,3145.45,44677395.21,3864711.02,229557095.54,266434959.93,495992055.47,41147.19,2.85744398,0.00024522,0.00784691,0.00490432,0.00268093,0.00758525,943224710.64,1180.7796
1747,4.7830,1.8756,5.0004,3151.43,44682797.00,3864880.04,229588877.85,266444312.76,496033190.61,41135.14,2.85660671,0.00024516,0.00784527,0.00490329,0.00267596,0.00757925,943263845.77,1181.4672
1748,4.7858,1.8755,5.0000,3157.42,44688198.34,3865049.04,229620650.09,266453663.60,496074313.69,41123.08,2.85576971,0.00024511,0.00784362,0.00490226,0.00267099,0.00757326,943302968.86,1182.1544
1749,4.7885,1.8753,4.9996,3163.42,44693599.23,3865217.99,229652412.29,266463012.44,496115424.73,41111.03,2.85493298,0.00024506,0.00784198,0.00490124,0.00266604,0.00756727,943342079.89,1182.8414
1750,4.7912,1.8752,4.9992,3169.43,44698999.67,3865386.92,229684164.43,266472359.28,496156523.72,41098.99,2.85409652,0.00024501,0.00784033,0.00490021,0.00266109,0.00756130,943381178.88,1183.5279
1751,4.7940,1.8750,4.9987,3175.46,44704399.66,3865555.81,229715906.53,266481704.13,496197610.67,41086.95,2.85326032,0.00024496,0.00783869,0.00489918,0.00265615,0.00755533,943420265.83,1184.2142
1752,4.7967,1.8748,4.9983,3181.49,44709799.20,3865724.67,229747638.59,266491046.99,496238685.58,41074.91,2.85242439,0.00024491,0.00783705,0.00489816,0.00265122,0.00754938,943459340.74,1184.9002
1753,4.7995,1.8747,4.9979,3187.54,44715198.28,3865893.50,229779360.60,266500387.86,496279748.46,41062.88,2.85158873,0.00024486,0.00783541,0.00489713,0.00264630,0.00754343,943498403.62,1185.5858
1754,4.8022,1.8745,4.9975,3193.60,44720596.92,3866062.29,229811072.58,266509726.73,496320799.30,41050.85,2.85075333,0.00024481,0.00783376,0.00489610,0.00264139,0.00753749,943537454.47,1186.2711
1755,4.8049,1.8744,4.9971,3199.67,44725995.10,3866231.05,229842774.52,266519063.61,496361838.13,41038.82,2.84991820,0.00024475,0.00783212,0.00489508,0.00263649,0.00753156,943576493.29,1186.9560
1756,4.8077,1.8742,4.9967,3205.75,44731392.84,3866399.78,229874466.43,266528398.50,496402864.93,41026.80,2.84908333,0.00024470,0.00783048,0.00489405,0.00263159,0.00752564,943615520.09,1187.6407
1757,4.8104,1.8741,4.9962,3211.84,44736790.12,3866568.48,229906148.31,266537731.40,496443879.71,41014.78,2.84824873,0.00024465,0.00782884,0.00489303,0.00262671,0.00751973,943654534.87,1188.3250
1758,4.8131,1.8739,4.9958,3217.95,44742186.96,3866737.14,229937820.17,266547062.31,496484882.47,41002.77,2.84741440,0.00024460,0.00782720,0.00489200,0.00262183,0.00751383,943693537.64,1189.0089
1759,4.8159,1.8737,4.9954,3224.07,44747583.34,3866905.77,229969482.00,266556391.23,496525873.23,40990.76,2.84658033,0.00024455,0.00782556,0.00489098,0.00261697,0.00750794,943732528.39,1189.6926
1760,4.8186,1.8736,4.9950,3230.19,44752979.28,3867074.37,230001133.82,266565718.16,496566851.98,40978.75,2.84574653,0.00024450,0.00782392,0.00488995,0.00261211,0.00750206,943771507.14,1190.3759
1761,4.8214,1.8734,4.9946,3236.33,44758374.76,3867242.93,230032775.62,266575043.11,496607818.73,40966.75,2.84491300,0.00024445,0.00782228,0.00488893,0.00260726,0.00749619,943810473.89,1191.0589
1762,4.8241,1.8733,4.9942,3242.49,44763769.79,3867411.46,230064407.41,266584366.06,496648773.48,40954.75,2.84407973,0.00024440,0.00782064,0.00488790,0.00260242,0.00749033,943849428.64,1191.7415
1763,4.8268,1.8731,4.9937,3248.65,44769164.38,3867579.96,230096029.19,266593687.04,496689716.23,40942.75,2.84324673,0.00024434,0.00781901,0.00488688,0.00259759,0.00748447,943888371.39,1192.4238
1764,4.8296,1.8730,4.9933,3254.83,44774558.51,3867748.43,230127640.97,266603006.02,496730646.99,40930.76,2.84241399,0.00024429,0.00781737,0.00488586,0.00259277,0.00747863,943927302.15,1193.1058
1765,4.8323,1.8728,4.9929,3261.01,44779952.19,3867916.86,230159242.74,266612323.02,496771565.76,40918.77,2.84158152,0.00024424,0.00781573,0.00488483,0.00258796,0.00747279,943966220.93,1193.7874
1766,4.8350,1.8727,4.9925,3267.21,44785345.43,3868085.26,230190834.51,266621638.04,496812472.55,40906.79,2.84074931,0.00024419,0.00781409,0.00488381,0.00258316,0.00746697,944005127.72,1194.4687
1767,4.8378,1.8725,4.9921,3273.42,44790738.21,3868253.63,230222416.29,266630951.07,496853367.36,40894.81,2.83991737,0.00024414,0.00781246,0.00488279,0.00257836,0.00746115,944044022.53,1195.1497
1768,4.8405,1.8723,4.9917,3279.64,44796130.54,3868421.96,230253988.07,266640262.12,496894250.20,40882.83,2.83908569,0.00024409,0.00781082,0.00488176,0.00257358,0.00745534,944082905.36,1195.8303
1769,4.8433,1.8722,4.9912,3285.88,44801522.42,3868590.26,230285549.87,266649571.19,496935121.06,40870.86,2.83825428,0.00024404,0.00780919,0.00488074,0.00256880,0.00744954,944121776.22,1196.5106
1770,4.8460,1.8720,4.9908,3292.12,44806913.86,3868758.53,230317101.67,266658878.28,496975979.95,40858.89,2.83742314,0.00024399,0.00780755,0.00487972,0.00256403,0.00744375,944160635.12,1197.1906
1771,4.8487,1.8719,4.9904,3298.38,44812304.84,3868926.77,230348643.50,266668183.38,497016826.88,40846.93,2.83659226,0.00024393,0.00780592,0.00487870,0.00255927,0.00743797,944199482.05,1197.8702
1772,4.8515,1.8717,4.9900,3304.65,44817695.37,3869094.97,230380175.34,266677486.51,497057661.85,40834.97,2.83576164,0.00024388,0.00780428,0.00487768,0.00255452,0.00743220,944238317.01,1198.5494
1773,4.8542,1.8716,4.9896,3310.93,44823085.45,3869263.15,230411697.20,266686787.66,497098484.86,40823.01,2.83493129,0.00024383,0.00780265,0.00487665,0.00254978,0.00742643,944277140.02,1199.2284
1774,4.8569,1.8714,4.9892,3317.23,44828475.09,3869431.28,230443209.10,266696086.82,497139295.92,40811.06,2.83410121,0.00024378,0.00780101,0.00487563,0.00254505,0.00742068,944315951.08,1199.9069
1775,4.8597,1.8712,4.9887,3323.53,44833864.27,3869599.39,230474711.02,266705384.01,497180095.03,40799.11,2.83327138,0.00024373,0.00779938,0.00487461,0.00254032,0.00741494,944354750.19,1200.5852
1776,4.8624,1.8711,4.9883,3329.85,44839253.01,3869767.46,230506202.97,266714679.22,497220882.19,40787.16,2.83244183,0.00024368,0.00779775,0.00487359,0.00253561,0.00740920,944393537.35,1201.2631
1777,4.8652,1.8709,4.9879,3336.18,44844641.29,3869935.50,230537684.96,266723972.45,497261657.41,40775.22,2.83161253,0.00024363,0.00779612,0.00487257,0.00253090,0.00740347,944432312.57,1201.9407
1778,4.8679,1.8708,4.9875,3342.52,44850029.12,3870103.51,230569156.98,266733263.71,497302420.69,40763.28,2.83078351,0.00024358,0.00779448,0.00487155,0.00252620,0.00739775,944471075.85,1202.6179
1779,4.8706,1.8706,4.9871,3348.87,44855416.51,3870271.49,230600619.05,266742552.99,497343172.04,40751.35,2.82995474,0.00024353,0.00779285,0.00487053,0.00252151,0.00739205,944509827.20,1203.2947
1780,4.8734,1.8705,4.9867,3355.24,44860803.45,3870439.43,230632071.16,266751840.30,497383911.46,40739.42,2.82912624,0.00024348,0.00779122,0.00486951,0.00251683,0.00738635,944548566.62,1203.9713
1781,4.8761,1.8703,4.9862,3361.62,44866189.93,3870607.34,230663513.32,266761125.63,497424638.95,40727.49,2.82829801,0.00024342,0.00778959,0.00486849,0.00251216,0.00738065,944587294.11,1204.6474
1782,4.8789,1.8702,4.9858,3368.01,44871575.97,3870775.22,230694945.53,266770408.99,497465354.52,40715.57,2.82747004,0.00024337,0.00778796,0.00486747,0.00250750,0.00737497,944626009.68,1205.3233
1783,4.8816,1.8700,4.9854,3374.41,44876961.55,3870943.06,230726367.80,266779690.37,497506058.17,40703.65,2.82664233,0.00024332,0.00778633,0.00486646,0.00250284,0.00736930,944664713.33,1205.9988
1784,4.8843,1.8698,4.9850,3380.82,44882346.69,3871110.87,230757780.12,266788969.78,497546749.90,40691.73,2.82581489,0.00024327,0.00778470,0.00486544,0.00249820,0.00736363,944703405.06,1206.6739
1785,4.8871,1.8697,4.9846,3387.25,44887731.38,3871278.65,230789182.50,266798247.22,497587429.72,40679.82,2.82498771,0.00024322,0.00778307,0.00486442,0.00249356,0.00735798,944742084.89,1207.3487
1786,4.8898,1.8695,4.9842,3393.69,44893115.62,3871446.40,230820574.95,266807522.69,497628097.64,40667.92,2.82416079,0.00024317,0.00778144,0.00486340,0.00248893,0.00735233,944780752.80,1208.0231
1787,4.8925,1.8694,4.9837,3400.14,44898499.41,3871614.12,230851957.46,266816796.19,497668753.65,40656.01,2.82333414,0.00024312,0.00777981,0.00486238,0.00248431,0.00734669,944819408.81,1208.6972
1788,4.8953,1.8692,4.9833,3406.60,44903882.75,3871781.80,230883330.04,266826067.72,497709397.76,40644.11,2.82250775,0.00024307,0.00777818,0.00486137,0.00247970,0.00734106,944858052.93,1209.3709
1789,4.8980,1.8691,4.9829,3413.08,44909265.64,3871949.45,230914692.70,266835337.28,497750029.98,40632.22,2.82168162,0.00024302,0.00777656,0.00486035,0.00247509,0.00733544,944896685.14,1210.0443
1790,4.9008,1.8689,4.9825,3419.57,44914648.08,3872117.07,230946045.43,266844604.87,497790650.30,40620.32,2.82085576,0.00024297,0.00777493,0.00485933,0.00247050,0.00732983,944935305.46,1210.7174
1791,4.9035,1.8687,4.9821,3426.07,44920030.08,3872284.65,230977388.24,266853870.49,497831258.74,40608.43,2.82003016,0.00024292,0.00777330,0.00485831,0.00246591,0.00732423,944973913.90,1211.3900
1792,4.9062,1.8686,4.9817,3432.58,44925411.62,3872452.20,231008721.14,266863134.15,497871855.28,40596.55,2.81920482,0.00024286,0.00777168,0.00485730,0.00246134,0.00731863,945012510.45,1212.0624
1793,4.9090,1.8684,4.9812,3439.10,44930792.71,3872619.72,231040044.12,266872395.84,497912439.95,40584.67,2.81837975,0.00024281,0.00777005,0.00485628,0.00245677,0.00731305,945051095.12,1212.7343
1794,4.9117,1.8683,4.9808,3445.64,44936173.36,3872787.21,231071357.19,266881655.56,497953012.74,40572.79,2.81755494,0.00024276,0.00776842,0.00485527,0.00245221,0.00730747,945089667.91,1213.4060
1795,4.9144,1.8681,4.9804,3452.19,44941553.56,3872954.66,231102660.35,266890913.32,497993573.66,40560.92,2.81673039,0.00024271,0.00776680,0.00485425,0.00244765,0.00730190,945128228.82,1214.0772
1796,4.9172,1.8680,4.9800,3458.75,44946933.30,3873122.09,231133953.60,266900169.11,498034122.71,40549.05,2.81590611,0.00024266,0.00776517,0.00485323,0.00244311,0.00729634,945166777.87,1214.7481
1797,4.9199,1.8678,4.9796,3465.33,44952312.60,3873289.48,231165236.95,266909422.94,498074659.89,40537.18,2.81508208,0.00024261,0.00776355,0.00485222,0.00243857,0.00729079,945205315.05,1215.4187
1798,4.9227,1.8677,4.9792,3471.91,44957691.45,3873456.83,231196510.41,266918674.80,498115185.21,40525.32,2.81425832,0.00024256,0.00776193,0.00485120,0.00243405,0.00728525,945243840.37,1216.0889
1799,4.9254,1.8675,4.9788,3478.51,44963069.85,3873624.16,231227773.97,266927924.70,498155698.67,40513.46,2.81343483,0.00024251,0.00776030,0.00485019,0.00242953,0.00727972,945282353.84,1216.7587
1800,4.9281,1.8673,4.9783,3485.12,44968447.81,3873791.45,231259027.63,266937172.65,498196200.28,40501.61,2.81261159,0.00024246,0.00775868,0.00484917,0.00242502,0.00727419,945320855.44,1217.4282
1801,4.9309,1.8672,4.9779,3491.75,44973825.31,3873958.71,231290271.41,266946418.62,498236690.04,40489.76,2.81178862,0.00024241,0.00775706,0.00484816,0.00242051,0.00726867,945359345.20,1218.0973
1802,4.9336,1.8670,4.9775,3498.39,44979202.36,3874125.94,231321505.30,266955662.64,498277167.95,40477.91,2.81096591,0.00024236,0.00775543,0.00484715,0.00241602,0.00726317,945397823.11,1218.7661
1803,4.9363,1.8669,4.9771,3505.04,44984578.97,3874293.13,231352729.31,266964904.70,498317634.01,40466.07,2.81014346,0.00024231,0.00775381,0.00484613,0.00241153,0.00725767,945436289.17,1219.4345
1804,4.9391,1.8667,4.9767,3511.70,44989955.13,3874460.30,231383943.44,266974144.80,498358088.24,40454.23,2.80932127,0.00024226,0.00775219,0.00484512,0.00240706,0.00725218,945474743.40,1220.1025
1805,4.9418,1.8666,4.9763,3518.37,44995330.84,3874627.43,231415147.69,266983382.94,498398530.63,40442.39,2.80849935,0.00024221,0.00775057,0.00484410,0.00240259,0.00724669,945513185.79,1220.7702
1806,4.9446,1.8664,4.9758,3525.06,45000706.10,3874794.52,231446342.07,266992619.12,498438961.19,40430.56,2.80767769,0.00024215,0.00774895,0.00484309,0.00239813,0.00724122,945551616.35,1221.4375
1807,4.9473,1.8663,4.9754,3531.76,45006080.91,3874961.59,231477526.57,267001853.34,498479379.92,40418.73,2.80685629,0.00024210,0.00774733,0.00484208,0.00239367,0.00723575,945590035.08,1222.1045
1808,4.9500,1.8661,4.9750,3538.48,45011455.27,3875128.62,231508701.21,267011085.61,498519786.82,40406.91,2.80603515,0.00024205,0.00774571,0.00484107,0.00238923,0.00723030,945628441.99,1222.7710
1809,4.9528,1.8659,4.9746,3545.20,45016829.19,3875295.63,231539865.99,267020315.92,498560181.91,40395.09,2.80521427,0.00024200,0.00774409,0.00484005,0.00238479,0.00722485,945666837.07,1223.4373
1810,4.9555,1.8658,4.9742,3551.94,45022202.65,3875462.59,231571020.90,267029544.27,498600565.18,40383.27,2.80439365,0.00024195,0.00774247,0.00483904,0.00238037,0.00721941,945705220.34,1224.1031
1811,4.9582,1.8656,4.9738,3558.69,45027575.67,3875629.53,231602165.96,267038770.67,498640936.63,40371.46,2.80357330,0.00024190,0.00774085,0.00483803,0.00237595,0.00721398,945743591.80,1224.7686
1812,4.9610,1.8655,4.9734,3565.46,45032948.24,3875796.43,231633301.16,267047995.12,498681296.28,40359.65,2.80275321,0.00024185,0.00773923,0.00483702,0.00237154,0.00720855,945781951.44,1225.4338
1813,4.9637,1.8653,4.9729,3572.23,45038320.36,3875963.31,231664426.51,267057217.61,498721644.12,40347.84,2.80193337,0.00024180,0.00773761,0.00483601,0.00236713,0.00720314,945820299.28,1226.0985
1814,4.9665,1.8652,4.9725,3579.02,45043692.03,3876130.15,231695542.01,267066438.15,498761980.16,40336.04,2.80111380,0.00024175,0.00773599,0.00483500,0.00236274,0.00719773,945858635.32,1226.7629
1815,4.9692,1.8650,4.9721,3585.83,45049063.26,3876296.95,231726647.66,267075656.74,498802304.40,40324.24,2.80029449,0.00024170,0.00773438,0.00483399,0.00235835,0.00719234,945896959.56,1227.4269
1816,4.9719,1.8649,4.9717,3592.64,45054434.03,3876463.73,231757743.48,267084873.37,498842616.85,40312.45,2.79947544,0.00024165,0.00773276,0.00483297,0.00235397,0.00718695,945935272.01,1228.0906
1817,4.9747,1.8647,4.9713,3599.47,45059804.36,3876630.47,231788829.45,267094088.05,498882917.50,40300.66,2.79865666,0.00024160,0.00773114,0.00483196,0.00234960,0.00718156,945973572.66,1228.7539
1818,4.9774,1.8645,4.9709,3606.31,45065174.24,3876797.18,231819905.59,267103300.79,498923206.37,40288.87,2.79783813,0.00024155,0.00772953,0.00483095,0.00234524,0.00717619,946011861.53,1229.4168
1819,4.9802,1.8644,4.9705,3613.17,45070543.67,3876963.86,231850971.89,267112511.57,498963483.46,40277.09,2.79701986,0.00024150,0.00772791,0.00482994,0.00234088,0.00717083,946050138.62,1230.0794
1820,4.9829,1.8642,4.9700,3620.04,45075912.66,3877130.51,231882028.36,267121720.40,499003748.76,40265.31,2.79620186,0.00024145,0.00772630,0.00482893,0.00233654,0.00716547,946088403.93,1230.7416
1821,4.9856,1.8641,4.9696,3626.92,45081281.19,3877297.12,231913075.01,267130927.29,499044002.29,40253.53,2.79538411,0.00024140,0.00772468,0.00482793,0.00233220,0.00716012,946126657.46,1231.4034
1822,4.9884,1.8639,4.9692,3633.81,45086649.28,3877463.70,231944111.83,267140132.22,499084244.05,40241.76,2.79456663,0.00024135,0.00772307,0.00482692,0.00232787,0.00715478,946164899.22,1232.0648
1823,4.9911,1.8638,4.9688,3640.72,45092016.92,3877630.25,231975138.83,267149335.21,499124474.05,40229.99,2.79374940,0.00024130,0.00772145,0.00482591,0.00232354,0.00714945,946203129.21,1232.7259
1824,4.9938,1.8636,4.9684,3647.64,45097384.11,3877796.77,232006156.02,267158536.26,499164692.27,40218.23,2.79293244,0.00024124,0.00771984,0.00482490,0.00231923,0.00714413,946241347.44,1233.3866
1825,4.9966,1.8635,4.9680,3654.57,45102750.86,3877963.26,232037163.39,267167735.35,499204898.74,40206.47,2.79211573,0.00024119,0.00771823,0.00482389,0.00231492,0.00713881,946279553.90,1234.0469
1826,4.9993,1.8633,4.9676,3661.52,45108117.15,3878129.71,232068160.95,267176932.50,499245093.45,40194.71,2.79129929,0.00024114,0.00771661,0.00482288,0.00231062,0.00713351,946317748.61,1234.7068
1827,5.0021,1.8631,4.9671,3668.48,45113483.00,3878296.13,232099148.70,267186127.71,499285276.41,40182.96,2.79048310,0.00024109,0.00771500,0.00482187,0.00230633,0.00712821,946355931.57,1235.3664
1828,5.0048,1.8630,4.9667,3675.45,45118848.40,3878462.52,232130126.64,267195320.97,499325447.61,40171.21,2.78966718,0.00024104,0.00771339,0.00482087,0.00230205,0.00712292,946394102.78,1236.0256
1829,5.0075,1.8628,4.9663,3682.44,45124213.36,3878628.87,232161094.78,267204512.29,499365607.07,40159.46,2.78885151,0.00024099,0.00771178,0.00481986,0.00229778,0.00711764,946432262.24,1236.6844
1830,5.0103,1.8627,4.9659,3689.44,45129577.86,3878795.20,232192053.13,267213701.67,499405754.79,40147.72,2.78803611,0.00024094,0.00771016,0.00481885,0.00229351,0.00711236,946470409.96,1237.3429
1831,5.0130,1.8625,4.9655,3696.45,45134941.92,3878961.49,232223001.67,267222889.10,499445890.78,40135.98,2.78722096,0.00024089,0.00770855,0.00481785,0.00228925,0.00710710,946508545.94,1238.0009
1832,5.0157,1.8624,4.9651,3703.48,45140305.53,3879127.75,232253940.43,267232074.59,499486015.02,40124.25,2.78640608,0.00024084,0.00770694,0.00481684,0.00228500,0.00710184,946546670.19,1238.6586
1833,5.0185,1.8622,4.9646,3710.52,45145668.69,3879293.98,232284869.39,267241258.15,499526127.54,40112.52,2.78559145,0.00024079,0.00770533,0.00481583,0.00228076,0.00709659,946584782.70,1239.3159
1834,5.0212,1.8621,4.9642,3717.57,45151031.41,3879460.18,232315788.57,267250439.76,499566228.33,40100.79,2.78477708,0.00024074,0.00770372,0.00481483,0.00227652,0.00709135,946622883.49,1239.9729
1835,5.0240,1.8619,4.9638,3724.64,45156393.67,3879626.34,232346697.97,267259619.43,499606317.40,40089.07,2.78396297,0.00024069,0.00770211,0.00481382,0.00227229,0.00708611,946660972.56,1240.6294
1836,5.0267,1.8617,4.9634,3731.72,45161755.49,3879792.47,232377597.58,267268797.16,499646394.74,40077.35,2.78314912,0.00024064,0.00770050,0.00481282,0.00226807,0.00708089,946699049.91,1241.2856
1837,5.0294,1.8616,4.9630,3738.81,45167116.87,3879958.57,232408487.42,267277972.96,499686460.38,40065.63,2.78233553,0.00024059,0.00769890,0.00481181,0.00226386,0.00707567,946737115.54,1241.9414
1838,5.0322,1.8614,4.9626,3745.92,45172477.79,3880124.64,232439367.48,267287146.81,499726514.30,40053.92,2.78152220,0.00024054,0.00769729,0.00481080,0.00225966,0.00707046,946775169.46,1242.5968
1839,5.0349,1.8613,4.9622,3753.04,45177838.27,3880290.68,232470237.78,267296318.73,499766556.51,40042.21,2.78070913,0.00024049,0.00769568,0.00480980,0.00225546,0.00706526,946813211.67,1243.2518
1840,5.0376,1.8611,4.9618,3760.17,45183198.30,3880456.68,232501098.30,267305488.71,499806587.01,40030.51,2.77989632,0.00024044,0.00769407,0.00480880,0.00225127,0.00706007,946851242.18,1243.9065
1841,5.0404,1.8610,4.9613,3767.32,45188557.88,3880622.65,232531949.06,267314656.76,499846605.82,40018.81,2.77908376,0.00024039,0.00769247,0.00480779,0.00224709,0.00705488,946889260.98,1244.5608
1842,5.0431,1.8608,4.9609,3774.48,45193917.02,3880788.59,232562790.06,267323822.87,499886612.93,40007.11,2.77827147,0.00024034,0.00769086,0.00480679,0.00224292,0.00704970,946927268.09,1245.2146
1843,5.0459,1.8607,4.9605,3781.66,45199275.71,3880954.50,232593621.30,267332987.05,499926608.35,39995.42,2.77745943,0.00024029,0.00768925,0.00480578,0.00223875,0.00704453,946965263.51,1245.8681
1844,5.0486,1.8605,4.9601,3788.85,45204633.95,3881120.37,232624442.78,267342149.29,499966592.07,39983.73,2.77664765,0.00024024,0.00768765,0.00480478,0.00223459,0.00703937,947003247.23,1246.5213
1845,5.0513,1.8603,4.9597,3796.05,45209991.75,3881286.22,232655254.51,267351309.60,500006564.11,39972.04,2.77583613,0.00024019,0.00768604,0.00480378,0.00223044,0.00703422,947041219.27,1247.1740
1846,5.0541,1.8602,4.9593,3803.26,45215349.09,3881452.03,232686056.49,267360467.98,500046524.47,39960.36,2.77502487,0.00024014,0.00768444,0.00480277,0.00222630,0.00702907,947079179.63,1247.8263
1847,5.0568,1.8600,4.9589,3810.49,45220705.99,3881617.81,232716848.72,267369624.42,500086473.15,39948.68,2.77421386,0.00024009,0.00768283,0.00480177,0.00222217,0.00702394,947117128.31,1248.4783
1848,5.0595,1.8599,4.9584,3817.74,45226062.45,3881783.56,232747631.22,267378778.94,500126410.15,39937.00,2.77340312,0.00024004,0.00768123,0.00480077,0.00221804,0.00701881,947155065.32,1249.1299
1849,5.0623,1.8597,4.9580,3824.99,45231418.45,3881949.27,232778403.97,267387931.52,500166335.49,39925.33,2.77259263,0.00023999,0.00767962,0.00479976,0.00221392,0.00701368,947192990.65,1249.7811
1850,5.0650,1.8596,4.9576,3832.26,45236774.01,3882114.96,232809166.98,267397082.17,500206249.16,39913.67,2.77178240,0.00023994,0.00767802,0.00479876,0.00220981,0.00700857,947230904.32,1250.4319
1851,5.0678,1.8594,4.9572,3839.55,45242129.13,3882280.61,232839920.26,267406230.90,500246151.16,39902.00,2.77097243,0.00023989,0.00767642,0.00479776,0.00220570,0.00700346,947268806.32,1251.0823
1852,5.0705,1.8593,4.9568,3846.85,45247483.79,3882446.23,232870663.81,267415377.69,500286041.50,39890.34,2.77016271,0.00023984,0.00767481,0.00479676,0.00220161,0.00699837,947306696.66,1251.7323
1853,5.0732,1.8591,4.9564,3854.16,45252838.01,3882611.82,232901397.63,267424522.56,500325920.19,39878.69,2.76935326,0.00023979,0.00767321,0.00479576,0.00219752,0.00699328,947344575.35,1252.3819
1854,5.0760,1.8589,4.9560,3861.48,45258191.78,3882777.38,232932121.73,267433665.50,500365787.22,39867.03,2.76854406,0.00023974,0.00767161,0.00479476,0.00219344,0.00698819,947382442.39,1253.0312
1855,5.0787,1.8588,4.9555,3868.82,45263545.11,3882942.90,232962836.10,267442806.51,500405642.61,39855.39,2.76773512,0.00023969,0.00767001,0.00479375,0.00218936,0.00698312,947420297.77,1253.6800
1856,5.0815,1.8586,4.9551,3876.18,45268897.99,3883108.39,232993540.76,267451945.59,500445486.35,39843.74,2.76692643,0.00023964,0.00766841,0.00479275,0.00218530,0.00697805,947458141.51,1254.3285
1857,5.0842,1.8585,4.9547,3883.55,45274250.42,3883273.85,233024235.70,267461082.75,500485318.45,39832.10,2.76611800,0.00023959,0.00766681,0.00479175,0.00218124,0.00697299,947495973.61,1254.9765
1858,5.0869,1.8583,4.9543,3890.93,45279602.40,3883439.28,233054920.92,267470217.99,500525138.91,39820.46,2.76530983,0.00023954,0.00766521,0.00479075,0.00217719,0.00696794,947533794.07,1255.6242
1859,5.0897,1.8582,4.9539,3898.32,45284953.94,3883604.68,233085596.44,267479351.30,500564947.74,39808.83,2.76450192,0.00023949,0.00766361,0.00478975,0.00217314,0.00696290,947571602.90,1256.2715
1860,5.0924,1.8580,4.9535,3905.73,45290305.03,3883770.04,233116262.25,267488482.68,500604744.93,39797.20,2.76369427,0.00023944,0.00766201,0.00478875,0.00216911,0.00695786,947609400.10,1256.9184
1861,5.0951,1.8579,4.9531,3913.16,45295655.68,3883935.38,233146918.36,267497612.15,500644530.51,39785.57,2.76288687,0.00023939,0.00766041,0.00478775,0.00216508,0.00695283,947647185.67,1257.5649
1862,5.0979,1.8577,4.9526,3920.60,45301005.88,3884100.68,233177564.77,267506739.69,500684304.45,39773.95,2.76207973,0.00023934,0.00765881,0.00478676,0.00216106,0.00694781,947684959.62,1258.2110
1863,5.1006,1.8576,4.9522,3928.05,45306355.63,3884265.95,233208201.48,267515865.30,500724066.78,39762.33,2.76127284,0.00023929,0.00765721,0.00478576,0.00215704,0.00694280,947722721.95,1258.8567
1864,5.1034,1.8574,4.9518,3935.52,45311704.94,3884431.19,233238828.49,267524989.00,500763817.50,39750.71,2.76046621,0.00023924,0.00765561,0.00478476,0.00215303,0.00693779,947760472.66,1259.5020
1865,5.1061,1.8572,4.9514,3943.00,45317053.80,3884596.39,233269445.82,267534110.78,500803556.60,39739.10,2.75965984,0.00023919,0.00765401,0.00478376,0.00214904,0.00693279,947798211.76,1260.1470
1866,5.1088,1.8571,4.9510,3950.49,45322402.21,3884761.57,233300053.46,267543230.63,500843284.09,39727.49,2.75885372,0.00023914,0.00765242,0.00478276,0.00214504,0.00692780,947835939.25,1260.7915
1867,5.1116,1.8569,4.9506,3958.00,45327750.18,3884926.71,233330651.41,267552348.57,500882999.98,39715.89,2.75804787,0.00023909,0.00765082,0.00478176,0.00214106,0.00692282,947873655.14,1261.4356
1868,5.1143,1.8568,4.9502,3965.52,45333097.70,3885091.82,233361239.68,267561464.59,500922704.27,39704.29,2.75724226,0.00023904,0.00764922,0.00478076,0.00213708,0.00691785,947911359.43,1262.0793
1869,5.1170,1.8566,4.9498,3973.06,45338444.77,3885256.90,233391818.27,267570578.69,500962396.96,39692.69,2.75643692,0.00023899,0.00764763,0.00477977,0.00213311,0.00691288,947949052.12,1262.7227
1870,5.1198,1.8565,4.9493,3980.61,45343791.40,3885421.95,233422387.19,267579690.87,501002078.06,39681.10,2.75563183,0.00023894,0.00764603,0.00477877,0.00212915,0.00690792,947986733.22,1263.3656
1871,5.1225,1.8563,4.9489,3988.18,45349137.58,3885586.96,233452946.43,267588801.13,501041747.57,39669.51,2.75482699,0.00023889,0.00764444,0.00477777,0.00212520,0.00690297,948024402.73,1264.0081
1872,5.1253,1.8562,4.9485,3995.76,45354483.32,3885751.95,233483496.01,267597909.48,501081405.49,39657.92,2.75402241,0.00023884,0.00764284,0.00477678,0.00212125,0.00689802,948062060.65,1264.6503
1873,5.1280,1.8560,4.9481,4003.36,45359828.61,3885916.90,233514035.91,267607015.92,501121051.83,39646.34,2.75321809,0.00023879,0.00764125,0.00477578,0.00211731,0.00689309,948099706.99,1265.2920
1874,5.1307,1.8558,4.9477,4010.97,45365173.46,3886081.82,233544566.16,267616120.43,501160686.59,39634.76,2.75241403,0.00023874,0.00763965,0.00477478,0.00211337,0.00688816,948137341.76,1265.9334
1875,5.1335,1.8557,4.9473,4018.59,45370517.85,3886246.71,233575086.74,267625223.04,501200309.78,39623.19,2.75161021,0.00023869,0.00763806,0.00477379,0.00210945,0.00688324,948174964.94,1266.5743
1876,5.1362,1.8555,4.9469,4026.23,45375861.81,3886411.57,233605597.67,267634323.73,501239921.40,39611.62,2.75080666,0.00023864,0.00763647,0.00477279,0.00210553,0.00687832,948212576.56,1267.2148
1877,5.1389,1.8554,4.9465,4033.88,45381205.31,3886576.39,233636098.94,267643422.50,501279521.44,39600.05,2.75000336,0.00023859,0.00763487,0.00477180,0.00210162,0.00687341,948250176.61,1267.8550
1878,5.1417,1.8552,4.9460,4041.55,45386548.37,3886741.19,233666590.56,267652519.37,501319109.93,39588.48,2.74920032,0.00023854,0.00763328,0.00477080,0.00209771,0.00686851,948287765.09,1268.4947
1879,5.1444,1.8551,4.9456,4049.23,45391890.99,3886905.95,233697072.53,267661614.32,501358686.85,39576.92,2.74839753,0.00023849,0.00763169,0.00476981,0.00209382,0.00686362,948325342.02,1269.1340
1880,5.1472,1.8549,4.9452,4056.93,45397233.16,3887070.68,233727544.86,267670707.36,501398252.22,39565.37,2.74759499,0.00023844,0.00763010,0.00476881,0.00208993,0.00685874,948362907.38,1269.7730
1881,5.1499,1.8548,4.9448,4064.64,45402574.88,3887235.38,233758007.54,267679798.49,501437806.04,39553.82,2.74679272,0.00023839,0.00762851,0.00476782,0.00208605,0.00685386,948400461.20,1270.4115
1882,5.1526,1.8546,4.9444,4072.37,45407916.16,3887400.05,233788460.59,267688887.71,501477348.30,39542.27,2.74599069,0.00023834,0.00762691,0.00476682,0.00208217,0.00684899,948438003.47,1271.0496
1883,5.1554,1.8545,4.9440,4080.11,45413256.99,3887564.68,233818904.00,267697975.02,501516879.02,39530.72,2.74518892,0.00023829,0.00762532,0.00476583,0.00207830,0.00684413,948475534.19,1271.6873
1884,5.1581,1.8543,4.9436,4087.86,45418597.37,3887729.29,233849337.78,267707060.42,501556398.20,39519.18,2.74438741,0.00023824,0.00762373,0.00476483,0.00207444,0.00683927,948513053.36,1272.3246
1885,5.1608,1.8541,4.9432,4095.63,45423937.31,3887893.86,233879761.93,267716143.92,501595905.84,39507.64,2.74358615,0.00023819,0.00762214,0.00476384,0.00207059,0.00683443,948550561.01,1272.9615
1886,5.1636,1.8540,4.9427,4103.42,45429276.81,3888058.40,233910176.45,267725225.50,501635401.95,39496.11,2.74278515,0.00023814,0.00762055,0.00476285,0.00206674,0.00682959,948588057.11,1273.5980
1887,5.1663,1.8538,4.9423,4111.22,45434615.86,3888222.91,233940581.34,267734305.18,501674886.52,39484.58,2.74198440,0.00023809,0.00761897,0.00476185,0.00206290,0.00682475,948625541.69,1274.2341
1888,5.1691,1.8537,4.9419,4119.03,45439954.46,3888387.39,233970976.62,267743382.95,501714359.57,39473.05,2.74118391,0.00023804,0.00761738,0.00476086,0.00205907,0.00681993,948663014.73,1274.8698
1889,5.1718,1.8535,4.9415,4126.86,45445292.62,3888551.83,234001362.28,267752458.82,501753821.10,39461.52,2.74038367,0.00023799,0.00761579,0.00475987,0.00205524,0.00681511,948700476.26,1275.5051
1890,5.1745,1.8534,4.9411,4134.71,45450630.33,3888716.25,234031738.32,267761532.78,501793271.10,39450.01,2.73958368,0.00023794,0.00761420,0.00475888,0.00205142,0.00681030,948737926.26,1276.1400
1891,5.1773,1.8532,4.9407,4142.57,45455967.60,3888880.63,234062104.75,267770604.84,501832709.59,39438.49,2.73878395,0.00023789,0.00761261,0.00475788,0.00204761,0.00680550,948775364.75,1276.7744
1892,5.1800,1.8531,4.9403,4150.44,45461304.42,3889044.98,234092461.57,267779674.99,501872136.57,39426.98,2.73798447,0.00023784,0.00761103,0.00475689,0.00204381,0.00680070,948812791.73,1277.4085
1893,5.1828,1.8529,4.9399,4158.33,45466640.79,3889209.30,234122808.79,267788743.24,501911552.03,39415.47,2.73718525,0.00023779,0.00760944,0.00475590,0.00204001,0.00679591,948850207.20,1278.0421
1894,5.1855,1.8528,4.9394,4166.24,45471976.73,3889373.59,234153146.41,267797809.59,501950956.00,39403.96,2.73638628,0.00023775,0.00760785,0.00475491,0.00203622,0.00679113,948887611.16,1278.6753
1895,5.1882,1.8526,4.9390,4174.16,45477312.21,3889537.85,234183474.42,267806874.04,501990348.46,39392.46,2.73558757,0.00023770,0.00760627,0.00475392,0.00203244,0.00678636,948925003.62,1279.3082
1896,5.1910,1.8524,4.9386,4182.09,45482647.25,3889702.07,234213792.84,267815936.58,502029729.42,39380.96,2.73478911,0.00023765,0.00760468,0.00475293,0.00202866,0.00678159,948962384.58,1279.9406
1897,5.1937,1.8523,4.9382,4190.04,45487981.85,3889866.27,234244101.67,267824997.22,502069098.89,39369.47,2.73399090,0.00023760,0.00760310,0.00475194,0.00202489,0.00677683,948999754.05,1280.5726
1898,5.1964,1.8521,4.9378,4198.00,45493316.00,3890030.43,234274400.90,267834055.97,502108456.87,39357.98,2.73319295,0.00023755,0.00760151,0.00475094,0.00202113,0.00677208,949037112.03,1281.2042
1899,5.1992,1.8520,4.9374,4205.98,45498649.70,3890194.56,234304690.55,267843112.81,502147803.36,39346.49,2.73239525,0.00023750,0.00759993,0.00474995,0.00201738,0.00676733,949074458.52,1281.8354
1900,5.2019,1.8518,4.9370,4213.98,45503982.96,3890358.66,234334970.61,267852167.76,502187138.37,39335.01,2.73159780,0.00023745,0.00759834,0.00474896,0.00201363,0.00676259,949111793.53,1282.4661
1901,5.2047,1.8517,4.9366,4221.99,45509315.78,3890522.73,234365241.10,267861220.80,502226461.90,39323.53,2.73080061,0.00023740,0.00759676,0.00474797,0.00200989,0.00675786,949149117.06,1283.0965
1902,5.2074,1.8515,4.9361,4230.01,45514648.15,3890686.77,234395502.00,267870271.95,502265773.95,39312.05,2.73000367,0.00023735,0.00759518,0.00474699,0.00200615,0.00675314,949186429.11,1283.7264
1903,5.2101,1.8514,4.9357,4238.05,45519980.07,3890850.77,234425753.33,267879321.20,502305074.53,39300.58,2.72920698,0.00023730,0.00759359,0.00474600,0.00200243,0.00674842,949223729.69,1284.3559
1904,5.2129,1.8512,4.9353,4246.11,45525311.55,3891014.75,234455995.09,267888368.56,502344363.64,39289.11,2.72841055,0.00023725,0.00759201,0.00474501,0.00199871,0.00674371,949261018.81,1284.9850
1905,5.2156,1.8511,4.9349,4254.18,45530642.59,3891178.69,234486227.27,267897414.02,502383641.29,39277.65,2.72761437,0.00023720,0.00759043,0.00474402,0.00199499,0.00673901,949298296.45,1285.6137
1906,5.2183,1.8509,4.9345,4262.27,45535973.18,3891342.60,234516449.90,267906457.58,502422907.48,39266.19,2.72681845,0.00023715,0.00758885,0.00474303,0.00199128,0.00673431,949335562.64,1286.2420
1907,5.2211,1.8507,4.9341,4270.37,45541303.32,3891506.48,234546662.95,267915499.25,502462162.20,39254.73,2.72602277,0.00023710,0.00758727,0.00474204,0.00198758,0.00672963,949372817.37,1286.8699
1908,5.2238,1.8506,4.9337,4278.49,45546633.02,3891670.33,234576866.45,267924539.03,502501405.48,39243.27,2.72522735,0.00023705,0.00758569,0.00474105,0.00198389,0.00672495,949410060.64,1287.4973
1909,5.2266,1.8504,4.9333,4286.62,45551962.28,3891834.15,234607060.39,267933576.91,502540637.30,39231.82,2.72443218,0.00023700,0.00758411,0.00474007,0.00198021,0.00672027,949447292.46,1288.1244
1910,5.2293,1.8503,4.9329,4294.77,45557291.09,3891997.93,234637244.78,267942612.90,502579857.68,39220.38,2.72363727,0.00023695,0.00758253,0.00473908,0.00197653,0.00671560,949484512.84,1288.7510
1911,5.2320,1.8501,4.9324,4302.93,45562619.46,3892161.69,234667419.62,267951646.99,502619066.61,39208.93,2.72284261,0.00023690,0.00758095,0.00473809,0.00197285,0.00671094,949521721.77,1289.3772
1912,5.2348,1.8500,4.9320,4311.11,45567947.38,3892325.41,234697584.91,267960679.20,502658264.11,39197.49,2.72204820,0.00023686,0.00757937,0.00473710,0.00196919,0.00670629,949558919.27,1290.0029
1913,5.2375,1.8498,4.9316,4319.31,45573274.86,3892489.10,234727740.65,267969709.51,502697450.16,39186.06,2.72125404,0.00023681,0.00757779,0.00473612,0.00196553,0.00670165,949596105.33,1290.6283
1914,5.2402,1.8497,4.9312,4327.52,45578601.89,3892652.76,234757886.85,267978737.94,502736624.79,39174.63,2.72046013,0.00023676,0.00757621,0.00473513,0.00196188,0.00669701,949633279.95,1291.2532
1915,5.2430,1.8495,4.9308,4335.74,45583928.48,3892816.39,234788023.51,267987764.47,502775787.99,39163.20,2.71966648,0.00023671,0.00757463,0.00473414,0.00195823,0.00669237,949670443.15,1291.8778
1916,5.2457,1.8494,4.9304,4343.98,45589254.62,3892979.99,234818150.64,267996789.12,502814939.76,39151.77,2.71887308,0.00023666,0.00757305,0.00473316,0.00195459,0.00668775,949707594.92,1292.5019
1917,5.2485,1.8492,4.9300,4352.24,45594580.32,3893143.55,234848268.23,268005811.88,502854080.11,39140.35,2.71807993,0.00023661,0.00757148,0.00473217,0.00195096,0.00668313,949744735.27,1293.1256
1918,5.2512,1.8490,4.9296,4360.51,45599905.58,3893307.09,234878376.30,268014832.75,502893209.04,39128.93,2.71728703,0.00023656,0.00756990,0.00473119,0.00194733,0.00667852,949781864.21,1293.7488
1919,5.2539,1.8489,4.9291,4368.80,45605230.39,3893470.59,234908474.83,268023851.73,502932326.56,39117.52,2.71649439,0.00023651,0.00756832,0.00473020,0.00194372,0.00667392,949818981.73,1294.3717
1920,5.2567,1.8487,4.9287,4377.11,45610554.75,3893634.07,234938563.85,268032868.82,502971432.67,39106.11,2.71570199,0.00023646,0.00756675,0.00472922,0.00194010,0.00666932,949856087.83,1294.9941
1921,5.2594,1.8486,4.9283,4385.43,45615878.67,3893797.51,234968643.34,268041884.03,503010527.37,39094.70,2.71490985,0.00023641,0.00756517,0.00472823,0.00193650,0.00666473,949893182.54,1295.6161
1922,5.2621,1.8484,4.9279,4393.76,45621202.15,3893960.92,234998713.32,268050897.36,503049610.67,39083.30,2.71411796,0.00023636,0.00756359,0.00472725,0.00193290,0.00666015,949930265.83,1296.2376
1923,5.2649,1.8483,4.9275,4402.11,45626525.19,3894124.30,235028773.78,268059908.80,503088682.57,39071.90,2.71332633,0.00023631,0.00756202,0.00472626,0.00192931,0.00665557,949967337.73,1296.8588
1924,5.2676,1.8481,4.9271,4410.48,45631847.78,3894287.64,235058824.72,268068918.35,503127743.07,39060.50,2.71253494,0.00023626,0.00756044,0.00472528,0.00192572,0.00665100,950004398.24,1297.4795
1925,5.2704,1.8480,4.9267,4418.87,45637169.92,3894450.96,235088866.16,268077926.02,503166792.18,39049.11,2.71174380,0.00023621,0.00755887,0.00472429,0.00192215,0.00664644,950041447.35,1298.0998
1926,5.2731,1.8478,4.9263,4427.26,45642491.62,3894614.25,235118898.10,268086931.81,503205829.91,39037.72,2.71095292,0.00023617,0.00755730,0.00472331,0.00191857,0.00664188,950078485.07,1298.7197
1927,5.2758,1.8477,4.9259,4435.68,45647812.88,3894777.50,235148920.53,268095935.72,503244856.24,39026.34,2.71016229,0.00023612,0.00755572,0.00472233,0.00191501,0.00663733,950115511.41,1299.3392
1928,5.2786,1.8475,4.9254,4444.11,45653133.69,3894940.72,235178933.46,268104937.74,503283871.20,39014.96,2.70937190,0.00023607,0.00755415,0.00472134,0.00191145,0.00663279,950152526.36,1299.9582
1929,5.2813,1.8474,4.9250,4452.56,45658454.06,3895103.92,235208936.89,268113937.88,503322874.78,39003.58,2.70858177,0.00023602,0.00755258,0.00472036,0.00190790,0.00662826,950189529.94,1300.5768
1930,5.2841,1.8472,4.9246,4461.02,45663773.98,3895267.08,235238930.83,268122936.15,503361866.98,38992.20,2.70779189,0.00023597,0.00755100,0.00471938,0.00190435,0.00662373,950226522.14,1301.1950
1931,5.2868,1.8470,4.9242,4469.50,45669093.47,3895430.20,235268915.28,268131932.53,503400847.81,38980.83,2.70700227,0.00023592,0.00754943,0.00471840,0.00190081,0.00661921,950263502.98,1301.8128
1932,5.2895,1.8469,4.9238,4478.00,45674412.50,3895593.30,235298890.25,268140927.03,503439817.28,38969.47,2.70621289,0.00023587,0.00754786,0.00471741,0.00189728,0.00661469,950300472.44,1302.4301
1933,5.2923,1.8467,4.9234,4486.51,45679731.10,3895756.37,235328855.72,268149919.66,503478775.38,38958.10,2.70542376,0.00023582,0.00754629,0.00471643,0.00189375,0.00661018,950337430.54,1303.0470
1934,5.2950,1.8466,4.9230,4495.04,45685049.25,3895919.41,235358811.72,268158910.40,503517722.12,38946.74,2.70463488,0.00023577,0.00754472,0.00471545,0.00189023,0.00660568,950374377.29,1303.6635
1935,5.2977,1.8464,4.9226,4503.58,45690366.95,3896082.41,235388758.24,268167899.27,503556657.51,38935.39,2.70384626,0.00023572,0.00754315,0.00471447,0.00188672,0.00660119,950411312.67,1304.2795
1936,5.3005,1.8463,4.9222,4512.14,45695684.21,3896245.38,235418695.28,268176886.27,503595581.54,38924.03,2.70305788,0.00023567,0.00754158,0.00471349,0.00188322,0.00659670,950448236.70,1304.8951
1937,5.3032,1.8461,4.9217,4520.72,45701001.03,3896408.33,235448622.85,268185871.38,503634494.23,38912.68,2.70226976,0.00023563,0.00754001,0.00471251,0.00187972,0.00659222,950485149.39,1305.5103
1938,5.3060,1.8460,4.9213,4529.31,45706317.41,3896571.24,235478540.94,268194854.62,503673395.57,38901.34,2.70148188,0.00023558,0.00753844,0.00471152,0.00187622,0.00658775,950522050.73,1306.1251
1939,5.3087,1.8458,4.9209,4537.92,45711633.34,3896734.12,235508449.58,268203835.99,503712285.56,38890.00,2.70069426,0.00023553,0.00753687,0.00471054,0.00187274,0.00658328,950558940.73,1306.7394
1940,5.3114,1.8457,4.9205,4546.55,45716948.82,3896896.97,235538348.74,268212815.48,503751164.22,38878.66,2.69990688,0.00023548,0.00753530,0.00470956,0.00186925,0.00657882,950595819.38,1307.3533
1941,5.3142,1.8455,4.9201,4555.19,45722263.87,3897059.79,235568238.45,268221793.09,503790031.55,38867.32,2.69911976,0.00023543,0.00753373,0.00470858,0.00186578,0.00657436,950632686.71,1307.9668
1942,5.3169,1.8453,4.9197,4563.85,45727578.47,3897222.57,235598118.70,268230768.84,503828887.54,38855.99,2.69833288,0.00023538,0.00753217,0.00470760,0.00186231,0.00656992,950669542.70,1308.5799
1943,5.3196,1.8452,4.9193,4572.52,45732892.62,3897385.33,235627989.50,268239742.71,503867732.21,38844.67,2.69754626,0.00023533,0.00753060,0.00470662,0.00185885,0.00656548,950706387.37,1309.1925
1944,5.3224,1.8450,4.9189,4581.22,45738206.34,3897548.05,235657850.84,268248714.71,503906565.55,38833.34,2.69675988,0.00023528,0.00752903,0.00470564,0.00185540,0.00656104,950743220.71,1309.8046
1945,5.3251,1.8449,4.9185,4589.92,45743519.61,3897710.75,235687702.74,268257684.84,503945387.57,38822.02,2.69597376,0.00023523,0.00752746,0.00470467,0.00185195,0.00655661,950780042.73,1310.4164
1946,5.3279,1.8447,4.9181,4598.65,45748832.43,3897873.41,235717545.18,268266653.09,503984198.28,38810.71,2.69518788,0.00023518,0.00752590,0.00470369,0.00184851,0.00655219,950816853.44,1311.0277
1947,5.3306,1.8446,4.9176,4607.39,45754144.82,3898036.04,235747378.19,268275619.48,504022997.67,38799.39,2.69440225,0.00023514,0.00752433,0.00470271,0.00184507,0.00654778,950853652.83,1311.6386
1948,5.3333,1.8444,4.9172,4616.15,45759456.76,3898198.64,235777201.76,268284584.00,504061785.75,38788.08,2.69361688,0.00023509,0.00752277,0.00470173,0.00184164,0.00654337,950890440.91,1312.2491
1949,5.3361,1.8443,4.9168,4624.92,45764768.25,3898361.21,235807015.89,268293546.64,504100562.53,38776.78,2.69283175,0.00023504,0.00752120,0.00470075,0.00183822,0.00653897,950927217.69,1312.8591
1950,5.3388,1.8441,4.9164,4633.71,45770079.31,3898523.75,235836820.58,268302507.42,504139328.00,38765.47,2.69204687,0.00023499,0.00751964,0.00469977,0.00183480,0.00653458,950963983.17,1313.4687
1951,5.3415,1.8440,4.9160,4642.52,45775389.92,3898686.26,235866615.85,268311466.33,504178082.18,38754.18,2.69126224,0.00023494,0.00751807,0.00469880,0.00183139,0.00653019,951000737.34,1314.0778
1952,5.3443,1.8438,4.9156,4651.35,45780700.08,3898848.74,235896401.68,268320423.38,504216825.06,38742.88,2.69047786,0.00023489,0.00751651,0.00469782,0.00182799,0.00652581,951037480.22,1314.6865
1953,5.3470,1.8437,4.9152,4660.19,45786009.81,3899011.19,235926178.09,268329378.56,504255556.65,38731.59,2.68969373,0.00023484,0.00751495,0.00469684,0.00182459,0.00652143,951074211.81,1315.2948
1954,5.3498,1.8435,4.9148,4669.05,45791319.09,3899173.60,235955945.08,268338331.87,504294276.95,38720.30,2.68890985,0.00023479,0.00751338,0.00469586,0.00182120,0.00651706,951110932.12,1315.9027
1955,5.3525,1.8433,4.9144,4677.92,45796627.93,3899335.98,235985702.66,268347283.31,504332985.97,38709.02,2.68812622,0.00023474,0.00751182,0.00469489,0.00181781,0.00651270,951147641.13,1316.5101
1956,5.3552,1.8432,4.9140,4686.81,45801936.32,3899498.34,236015450.81,268356232.90,504371683.71,38697.74,2.68734283,0.00023470,0.00751026,0.00469391,0.00181444,0.00650835,951184338.87,1317.1171
1957,5.3580,1.8430,4.9135,4695.72,45807244.27,3899660.66,236045189.55,268365180.61,504410370.17,38686.46,2.68655969,0.00023465,0.00750869,0.00469293,0.00181106,0.00650400,951221025.33,1317.7236
1958,5.3607,1.8429,4.9131,4704.65,45812551.78,3899822.95,236074918.88,268374126.47,504449045.35,38675.19,2.68577681,0.00023460,0.00750713,0.00469196,0.00180770,0.00649966,951257700.52,1318.3297
1959,5.3634,1.8427,4.9127,4713.59,45817858.85,3899985.21,236104638.81,268383070.46,504487709.27,38663.92,2.68499417,0.00023455,0.00750557,0.00469098,0.00180434,0.00649532,951294364.43,1318.9354
1960,5.3662,1.8426,4.9123,4722.55,45823165.47,3900147.44,236134349.33,268392012.59,504526361.92,38652.65,2.68421178,0.00023450,0.00750401,0.00469001,0.00180098,0.00649099,951331017.08,1319.5406
1961,5.3689,1.8424,4.9119,4731.53,45828471.65,3900309.64,236164050.45,268400952.85,504565003.30,38641.39,2.68342964,0.00023445,0.00750245,0.00468903,0.00179764,0.00648667,951367658.47,1320.1454
1962,5.3717,1.8423,4.9115,4740.52,45833777.39,3900471.81,236193742.17,268409891.26,504603633.43,38630.13,2.68264774,0.00023440,0.00750089,0.00468806,0.00179429,0.00648235,951404288.59,1320.7498
1963,5.3744,1.8421,4.9111,4749.53,45839082.68,3900633.95,236223424.50,268418827.80,504642252.30,38618.87,2.68186610,0.00023435,0.00749933,0.00468708,0.00179096,0.00647804,951440907.47,1321.3537
1964,5.3771,1.8420,4.9107,4758.56,45844387.54,3900796.05,236253097.44,268427762.49,504680859.92,38607.62,2.68108470,0.00023431,0.00749777,0.00468611,0.00178763,0.00647374,951477515.09,1321.9572
1965,5.3799,1.8418,4.9103,4767.61,45849691.95,3900958.13,236282760.98,268436695.31,504719456.29,38596.37,2.68030355,0.00023426,0.00749621,0.00468513,0.00178431,0.00646944,951514111.46,1322.5602
1966,5.3826,1.8417,4.9099,4776.67,45854995.91,3901120.17,236312415.14,268445626.28,504758041.42,38585.13,2.67952265,0.00023421,0.00749465,0.00468416,0.00178099,0.00646515,951550696.58,1323.1629
1967,5.3854,1.8415,4.9094,4785.75,45860299.44,3901282.19,236342059.92,268454555.39,504796615.31,38573.88,2.67874199,0.00023416,0.00749310,0.00468318,0.00177768,0.00646086,951587270.47,1323.7650
1968,5.3881,1.8413,4.9090,4794.85,45865602.52,3901444.17,236371695.31,268463482.64,504835177.95,38562.65,2.67796159,0.00023411,0.00749154,0.00468221,0.00177437,0.00645659,951623833.12,1324.3667
1969,5.3908,1.8412,4.9086,4803.96,45870905.16,3901606.12,236401321.33,268472408.03,504873729.37,38551.41,2.67718143,0.00023406,0.00748998,0.00468124,0.00177108,0.00645231,951660384.53,1324.9680
1970,5.3936,1.8410,4.9082,4813.09,45876207.35,3901768.04,236430937.98,268481331.57,504912269.55,38540.18,2.67640152,0.00023401,0.00748842,0.00468026,0.00176778,0.00644805,951696924.71,1325.5689
1971,5.3963,1.8409,4.9078,4822.24,45881509.11,3901929.93,236460545.25,268490253.25,504950798.50,38528.95,2.67562185,0.00023396,0.00748687,0.00467929,0.00176450,0.00644379,951733453.66,1326.1693
1972,5.3990,1.8407,4.9074,4831.41,45886810.42,3902091.79,236490143.15,268499173.08,504989316.23,38517.73,2.67484244,0.00023392,0.00748531,0.00467832,0.00176122,0.00643954,951769971.40,1326.7692
1973,5.4018,1.8406,4.9070,4840.59,45892111.29,3902253.62,236519731.69,268508091.05,505027822.74,38506.51,2.67406327,0.00023387,0.00748375,0.00467735,0.00175794,0.00643529,951806477.91,1327.3688
1974,5.4045,1.8404,4.9066,4849.79,45897411.72,3902415.42,236549310.87,268517007.17,505066318.04,38495.29,2.67328435,0.00023382,0.00748220,0.00467637,0.00175468,0.00643105,951842973.20,1327.9679
1975,5.4073,1.8403,4.9062,4859.01,45902711.70,3902577.19,236578880.69,268525921.43,505104802.12,38484.08,2.67250567,0.00023377,0.00748064,0.00467540,0.00175141,0.00642682,951879457.28,1328.5665
1976,5.4100,1.8401,4.9058,4868.25,45908011.24,3902738.92,236608441.15,268534833.84,505143274.99,38472.87,2.67172725,0.00023372,0.00747909,0.00467443,0.00174816,0.00642259,951915930.16,1329.1647
1977,5.4127,1.8400,4.9053,4877.50,45913310.34,3902900.63,236637992.25,268543744.40,505181736.66,38461.67,2.67094906,0.00023367,0.00747753,0.00467346,0.00174491,0.00641837,951952391.82,1329.7624
1978,5.4155,1.8398,4.9049,4886.77,45918609.00,3903062.30,236667534.01,268552653.11,505220187.12,38450.46,2.67017113,0.00023362,0.00747598,0.00467249,0.00174166,0.00641415,951988842.29,1330.3597
1979,5.4182,1.8397,4.9045,4896.06,45923907.22,3903223.95,236697066.42,268561559.97,505258626.39,38439.27,2.66939344,0.00023358,0.00747443,0.00467152,0.00173843,0.00640994,952025281.55,1330.9566
1980,5.4209,1.8395,4.9041,4905.37,45929204.99,3903385.56,236726589.48,268570464.97,505297054.46,38428.07,2.66861600,0.00023353,0.00747287,0.00467055,0.00173520,0.00640574,952061709.62,1331.5530
1981,5.4237,1.8394,4.9037,4914.69,45934502.32,3903547.14,236756103.21,268579368.13,505335471.34,38416.88,2.66783881,0.00023348,0.00747132,0.00466958,0.00173197,0.00640154,952098126.50,1332.1490
1982,5.4264,1.8392,4.9033,4924.03,45939799.21,3903708.70,236785607.59,268588269.44,505373877.03,38405.69,2.66706186,0.00023343,0.00746977,0.00466860,0.00172875,0.00639735,952134532.19,1332.7446
1983,5.4292,1.8390,4.9029,4933.39,45945095.66,3903870.22,236815102.64,268597168.90,505412271.54,38394.51,2.66628516,0.00023338,0.00746822,0.00466763,0.00172554,0.00639317,952170926.70,1333.3396
1984,5.4319,1.8389,4.9025,4942.77,45950391.67,3904031.71,236844588.35,268606066.51,505450654.86,38383.33,2.66550871,0.00023333,0.00746666,0.00466666,0.00172233,0.00638899,952207310.02,1333.9343
1985,5.4346,1.8387,4.9021,4952.17,45955687.23,3904193.17,236874064.74,268614962.27,505489027.01,38372.15,2.66473250,0.00023328,0.00746511,0.00466570,0.00171913,0.00638482,952243682.17,1334.5285
1986,5.4374,1.8386,4.9017,4961.58,45960982.35,3904354.60,236903531.80,268623856.19,505527387.98,38360.97,2.66395654,0.00023324,0.00746356,0.00466473,0.00171593,0.00638066,952280043.15,1335.1222
1987,5.4401,1.8384,4.9013,4971.01,45966277.03,3904516.00,236932989.53,268632748.26,505565737.79,38349.80,2.66318083,0.00023319,0.00746201,0.00466376,0.00171274,0.00637650,952316392.95,1335.7155
1988,5.4428,1.8383,4.9008,4980.46,45971571.27,3904677.37,236962437.94,268641638.48,505604076.42,38338.64,2.66240536,0.00023314,0.00746046,0.00466279,0.00170956,0.00637234,952352731.59,1336.3084
1989,5.4456,1.8381,4.9004,4989.93,45976865.07,3904838.70,236991877.04,268650526.86,505642403.90,38327.47,2.66163013,0.00023309,0.00745891,0.00466182,0.00170638,0.00636820,952389059.06,1336.9008
1990,5.4483,1.8380,4.9000,4999.41,45982158.42,3905000.01,237021306.82,268659413.39,505680720.21,38316.31,2.66085516,0.00023304,0.00745736,0.00466085,0.00170320,0.00636406,952425375.37,1337.4928
1991,5.4511,1.8378,4.8996,5008.91,45987451.33,3905161.29,237050727.29,268668298.08,505719025.37,38305.16,2.66008042,0.00023299,0.00745581,0.00465988,0.00170004,0.00635992,952461680.53,1338.0843
1992,5.4538,1.8377,4.8992,5018.44,45992743.81,3905322.53,237080138.45,268677180.93,505757319.38,38294.01,2.65930594,0.00023295,0.00745426,0.00465891,0.00169688,0.00635579,952497974.54,1338.6754
1993,5.4565,1.8375,4.8988,5027.97,45998035.83,3905483.75,237109540.30,268686061.93,505795602.23,38282.86,2.65853170,0.00023290,0.00745271,0.00465795,0.00169372,0.00635167,952534257.40,1339.2660
1994,5.4593,1.8374,4.8984,5037.53,46003327.42,3905644.93,237138932.85,268694941.10,505833873.94,38271.71,2.65775770,0.00023285,0.00745117,0.00465698,0.00169057,0.00634755,952570529.11,1339.8562
1995,5.4620,1.8372,4.8980,5047.11,46008618.57,3905806.09,237168316.09,268703818.42,505872134.51,38260.57,2.65698395,0.00023280,0.00744962,0.00465601,0.00168743,0.00634344,952606789.67,1340.4459
1996,5.4648,1.8371,4.8976,5056.70,46013909.27,3905967.21,237197690.05,268712693.90,505910383.94,38249.43,2.65621045,0.00023275,0.00744807,0.00465504,0.00168429,0.00633934,952643039.11,1341.0352
1997,5.4675,1.8369,4.8972,5066.31,46019199.54,3906128.30,237227054.70,268721567.54,505948622.24,38238.30,2.65543719,0.00023270,0.00744653,0.00465408,0.00168116,0.00633524,952679277.40,1341.6240
1998,5.4702,1.8367,4.8968,5075.94,46024489.36,3906289.37,237256410.07,268730439.34,505986849.40,38227.16,2.65466418,0.00023266,0.00744498,0.00465311,0.00167804,0.00633115,952715504.57,1342.2124
1999,5.4730,1.8366,4.8964,5085.59,46029778.74,3906450.40,237285756.14,268739309.30,506025065.44,38216.04,2.65389141,0.00023261,0.00744343,0.00465215,0.00167492,0.00632706,952751720.60,1342.8003
2000,5.4757,1.8364,4.8959,5095.26,46035067.68,3906611.40,237315092.93,268748177.42,506063270.35,38204.91,2.65311889,0.00023256,0.00744189,0.00465118,0.00167180,0.00632298,952787925.51,1343.3878
2001,5.4784,1.8363,4.8955,5104.94,46040356.18,3906772.37,237344420.44,268757043.70,506101464.14,38193.79,2.65234661,0.00023251,0.00744034,0.00465021,0.00166869,0.00631891,952824119.30,1343.9749
2002,5.4812,1.8361,4.8951,5114.65,46045644.23,3906933.31,237373738.67,268765908.15,506139646.82,38182.67,2.65157458,0.00023246,0.00743880,0.00464925,0.00166559,0.00631484,952860301.98,1344.5614
2003,5.4839,1.8360,4.8947,5124.37,46050931.85,3907094.22,237403047.62,268774770.76,506177818.38,38171.56,2.65080279,0.00023241,0.00743725,0.00464828,0.00166249,0.00631078,952896473.54,1345.1476
2004,5.4867,1.8358,4.8943,5134.11,46056219.02,3907255.10,237432347.29,268783631.53,506215978.83,38160.45,2.65003124,0.00023237,0.00743571,0.00464732,0.00165940,0.00630672,952932633.99,1345.7333
2005,5.4894,1.8357,4.8939,5143.87,46061505.76,3907415.95,237461637.70,268792490.47,506254128.17,38149.34,2.64925994,0.00023232,0.00743416,0.00464635,0.00165632,0.00630267,952968783.33,1346.3185
2006,5.4921,1.8355,4.8935,5153.65,46066792.05,3907576.77,237490918.84,268801347.57,506292266.41,38138.24,2.64848889,0.00023227,0.00743262,0.00464539,0.00165324,0.00629863,953004921.57,1346.9033
2007,5.4949,1.8354,4.8931,5163.44,46072077.90,3907737.55,237520190.71,268810202.84,506330393.55,38127.14,2.64771808,0.00023222,0.00743108,0.00464442,0.00165016,0.00629459,953041048.71,1347.4876
2008,5.4976,1.8352,4.8927,5173.26,46077363.31,3907898.31,237549453.32,268819056.27,506368509.59,38116.04,2.64694751,0.00023217,0.00742953,0.00464346,0.00164710,0.00629055,953077164.76,1348.0715
2009,5.5003,1.8351,4.8923,5183.09,46082648.28,3908059.04,237578706.67,268827907.88,506406614.55,38104.95,2.64617719,0.00023212,0.00742799,0.00464250,0.00164403,0.00628653,953113269.71,1348.6549
2010,5.5031,1.8349,4.8919,5192.94,46087932.80,3908219.73,237607950.76,268836757.64,506444708.41,38093.86,2.64540712,0.00023208,0.00742645,0.00464153,0.00164098,0.00628251,953149363.57,1349.2378
2011,5.5058,1.8348,4.8914,5202.82,46093216.89,3908380.40,237637185.60,268845605.58,506482791.18,38082.78,2.64463728,0.00023203,0.00742491,0.00464057,0.00163792,0.00627849,953185446.35,1349.8204
2012,5.5086,1.8346,4.8910,5212.70,46098500.54,3908541.04,237666411.20,268854451.68,506520862.88,38071.69,2.64386769,0.00023198,0.00742337,0.00463960,0.00163488,0.00627448,953221518.04,1350.4024
2013,5.5113,1.8344,4.8906,5222.61,46103783.74,3908701.64,237695627.54,268863295.96,506558923.50,38060.62,2.64309835,0.00023193,0.00742183,0.00463864,0.00163184,0.00627048,953257578.66,1350.9840
2014,5.5140,1.8343,4.8902,5232.54,46109066.50,3908862.22,237724834.64,268872138.40,506596973.04,38049.54,2.64232925,0.00023188,0.00742029,0.00463768,0.00162880,0.00626648,953293628.20,1351.5652
2015,5.5168,1.8341,4.8898,5242.49,46114348.83,3909022.76,237754032.49,268880979.01,506635011.51,38038.47,2.64156039,0.00023184,0.00741875,0.00463672,0.00162578,0.00626249,953329666.67,1352.1459
2016,5.5195,1.8340,4.8894,5252.45,46119630.71,3909183.28,237783221.11,268889817.80,506673038.91,38027.40,2.64079178,0.00023179,0.00741721,0.00463575,0.00162275,0.00625851,953365694.07,1352.7261
2017,5.5222,1.8338,4.8890,5262.44,46124912.15,3909343.76,237812400.49,268898654.75,506711055.24,38016.34,2.64002341,0.00023174,0.00741567,0.00463479,0.00161974,0.00625453,953401710.41,1353.3059
2018,5.5250,1.8337,4.8886,5272.44,46130193.15,3909504.21,237841570.64,268907489.88,506749060.52,38005.28,2.63925528,0.00023169,0.00741413,0.00463383,0.00161672,0.00625055,953437715.68,1353.8853
2019,5.5277,1.8335,4.8882,5282.46,46135473.71,3909664.64,237870731.56,268916323.18,506787054.74,37994.22,2.63848740,0.00023164,0.00741259,0.00463287,0.00161372,0.00624659,953473709.90,1354.4641
2020,5.5305,1.8334,4.8878,5292.50,46140753.83,3909825.03,237899883.25,268925154.65,506825037.90,37983.16,2.63771976,0.00023160,0.00741105,0.00463191,0.00161072,0.00624262,953509693.07,1355.0426
2021,5.5332,1.8332,4.8874,5302.56,46146033.51,3909985.39,237929025.72,268933984.30,506863010.02,37972.11,2.63695236,0.00023155,0.00740951,0.00463095,0.00160772,0.00623867,953545665.18,1355.6205
2022,5.5359,1.8331,4.8870,5312.64,46151312.75,3910145.72,237958158.96,268942812.12,506900971.08,37961.07,2.63618521,0.00023150,0.00740798,0.00462999,0.00160473,0.00623472,953581626.25,1356.1981
2023,5.5387,1.8329,4.8866,5322.74,46156591.54,3910306.02,237987282.99,268951638.12,506938921.11,37950.02,2.63541830,0.00023145,0.00740644,0.00462902,0.00160175,0.00623077,953617576.27,1356.7751
2024,5.5414,1.8328,4.8861,5332.86,46161869.90,3910466.30,238016397.80,268960462.29,506976860.09,37938.98,2.63465163,0.00023140,0.00740490,0.00462806,0.00159877,0.00622683,953653515.25,1357.3517
2025,5.5441,1.8326,4.8857,5342.99,46167147.82,3910626.54,238045503.40,268969284.64,507014788.04,37927.95,2.63388521,0.00023136,0.00740337,0.00462710,0.00159580,0.00622290,953689443.20,1357.9279
2026,5.5469,1.8325,4.8853,5353.15,46172425.29,3910786.75,238074599.79,268978105.16,507052704.95,37916.91,2.63311903,0.00023131,0.00740183,0.00462614,0.00159283,0.00621897,953725360.12,1358.5036
2027,5.5496,1.8323,4.8849,5363.33,46177702.33,3910946.93,238103686.97,268986923.86,507090610.84,37905.88,2.63235309,0.00023126,0.00740029,0.00462518,0.00158987,0.00621505,953761266.00,1359.0788
2028,5.5524,1.8322,4.8845,5373.52,46182978.93,3911107.08,238132764.95,268995740.74,507128505.70,37894.86,2.63158739,0.00023121,0.00739876,0.00462422,0.00158691,0.00621113,953797160.86,1359.6536
2029,5.5551,1.8320,4.8841,5383.74,46188255.08,3911267.20,238161833.73,269004555.80,507166389.53,37883.84,2.63082194,0.00023116,0.00739722,0.00462327,0.00158396,0.00620722,953833044.69,1360.2279
2030,5.5578,1.8318,4.8837,5393.97,46193530.80,3911427.29,238190893.31,269013369.04,507204262.35,37872.82,2.63005673,0.00023112,0.00739569,0.00462231,0.00158101,0.00620332,953868917.51,1360.8017
2031,5.5606,1.8317,4.8833,5404.22,46198806.07,3911587.35,238219943.70,269022180.45,507242124.15,37861.80,2.62929176,0.00023107,0.00739416,0.00462135,0.00157807,0.00619942,953904779.31,1361.3751
2032,5.5633,1.8315,4.8829,5414.49,46204080.91,3911747.38,238248984.89,269030990.05,507279974.94,37850.79,2.62852704,0.00023102,0.00739262,0.00462039,0.00157514,0.00619553,953940630.10,1361.9481
2033,5.5661,1.8314,4.8825,5424.79,46209355.30,3911907.37,238278016.89,269039797.83,507317814.72,37839.78,2.62776255,0.00023097,0.00739109,0.00461943,0.00157221,0.00619164,953976469.88,1362.5206
2034,5.5688,1.8312,4.8821,5435.10,46214629.25,3912067.34,238307039.71,269048603.79,507355643.50,37828.78,2.62699831,0.00023092,0.00738956,0.00461847,0.00156928,0.00618776,954012298.66,1363.0926
2035,5.5715,1.8311,4.8817,5445.43,46219902.77,3912227.28,238336053.34,269057407.93,507393461.27,37817.77,2.62623431,0.00023088,0.00738802,0.00461751,0.00156637,0.00618388,954048116.43,1363.6642
2036,5.5743,1.8309,4.8813,5455.78,46225175.84,3912387.19,238365057.80,269066210.25,507431268.05,37806.78,2.62547056,0.00023083,0.00738649,0.00461656,0.00156345,0.00618001,954083923.21,1364.2353
2037,5.5770,1.8308,4.8808,5466.15,46230448.48,3912547.07,238394053.07,269075010.75,507469063.83,37795.78,2.62470704,0.00023078,0.00738496,0.00461560,0.00156055,0.00617614,954119718.99,1364.8059
2038,5.5797,1.8306,4.8804,5476.54,46235720.67,3912706.92,238423039.17,269083809.44,507506848.62,37784.79,2.62394377,0.00023073,0.00738343,0.00461464,0.00155764,0.00617229,954155503.78,1365.3761
2039,5.5825,1.8305,4.8800,5486.95,46240992.42,3912866.73,238452016.10,269092606.32,507544622.42,37773.80,2.62318074,0.00023068,0.00738190,0.00461369,0.00155475,0.00616843,954191277.58,1365.9458
2040,5.5852,1.8303,4.8796,5497.38,46246263.74,3913026.52,238480983.86,269101401.37,507582385.24,37762.82,2.62241795,0.00023064,0.00738037,0.00461273,0.00155185,0.00616458,954227040.40,1366.5151
2041,5.5880,1.8302,4.8792,5507.83,46251534.61,3913186.28,238509942.46,269110194.62,507620137.08,37751.84,2.62165540,0.00023059,0.00737884,0.00461177,0.00154897,0.00616074,954262792.24,1367.0839
2042,5.5907,1.8300,4.8788,5518.30,46256805.05,3913346.00,238538891.89,269118986.05,507657877.94,37740.86,2.62089310,0.00023054,0.00737731,0.00461082,0.00154609,0.00615690,954298533.10,1367.6523
2043,5.5934,1.8299,4.8784,5528.79,46262075.04,3913505.70,238567832.16,269127775.66,507695607.82,37729.89,2.62013103,0.00023049,0.00737578,0.00460986,0.00154321,0.00615307,954334262.99,1368.2202
2044,5.5962,1.8297,4.8780,5539.30,46267344.60,3913665.37,238596763.27,269136563.47,507733326.74,37718.92,2.61936921,0.00023045,0.00737425,0.00460890,0.00154034,0.00614925,954369981.90,1368.7876
2045,5.5989,1.8296,4.8776,5549.83,46272613.71,3913825.01,238625685.23,269145349.46,507771034.69,37707.95,2.61860763,0.00023040,0.00737272,0.00460795,0.00153748,0.00614543,954405689.85,1369.3546
2046,5.6016,1.8294,4.8772,5560.38,46277882.39,3913984.61,238654598.04,269154133.64,507808731.68,37696.99,2.61784629,0.00023035,0.00737119,0.00460699,0.00153462,0.00614161,954441386.84,1369.9211
2047,5.6044,1.8292,4.8768,5570.95,46283150.62,3914144.19,238683501.70,269162916.00,507846417.70,37686.03,2.61708519,0.00023030,0.00736966,0.00460604,0.00153176,0.00613780,954477072.87,1370.4871
2048,5.6071,1.8291,4.8764,5581.54,46288418.42,3914303.73,238712396.21,269171696.56,507884092.77,37675.07,2.61632433,0.00023025,0.00736813,0.00460508,0.00152891,0.00613400,954512747.94,1371.0527
2049,5.6099,1.8289,4.8760,5592.15,46293685.78,3914463.25,238741281.58,269180475.31,507921756.89,37664.12,2.61556371,0.00023021,0.00736661,0.00460413,0.00152607,0.00613020,954548412.05,1371.6178
2050,5.6126,1.8288,4.8756,5602.78,46298952.69,3914622.74,238770157.81,269189252.25,507959410.06,37653.17,2.61480333,0.00023016,0.00736508,0.00460318,0.00152323,0.00612641,954584065.22,1372.1825
2051,5.6153,1.8286,4.8751,5613.43,46304219.17,3914782.19,238799024.91,269198027.37,507997052.28,37642.22,2.61404320,0.00023011,0.00736355,0.00460222,0.00152040,0.00612262,954619707.44,1372.7466
2052,5.6181,1.8285,4.8747,5624.10,46309485.21,3914941.62,238827882.87,269206800.69,508034683.56,37631.28,2.61328330,0.00023006,0.00736203,0.00460127,0.00151757,0.00611884,954655338.72,1373.3104
2053,5.6208,1.8283,4.8743,5634.79,46314750.81,3915101.02,238856731.69,269215572.21,508072303.90,37620.34,2.61252365,0.00023002,0.00736050,0.00460031,0.00151475,0.00611506,954690959.06,1373.8736
2054,5.6235,1.8282,4.8739,5645.50,46320015.97,3915260.38,238885571.39,269224341.91,508109913.31,37609.41,2.61176424,0.00022997,0.00735898,0.00459936,0.00151193,0.00611129,954726568.47,1374.4365
2055,5.6263,1.8280,4.8735,5656.23,46325280.69,3915419.72,238914401.97,269233109.81,508147511.78,37598.47,2.61100506,0.00022992,0.00735745,0.00459841,0.00150912,0.00610753,954762166.94,1374.9988
2056,5.6290,1.8279,4.8731,5666.98,46330544.97,3915579.02,238943223.42,269241875.90,508185099.32,37587.54,2.61024613,0.00022987,0.00735593,0.00459745,0.00150631,0.00610377,954797754.49,1375.5607
2057,5.6318,1.8277,4.8727,5677.75,46335808.81,3915738.30,238972035.75,269250640.19,508222675.94,37576.62,2.60948744,0.00022983,0.00735440,0.00459650,0.00150351,0.00610001,954833331.11,1376.1221
2058,5.6345,1.8276,4.8723,5688.54,46341072.21,3915897.55,239000838.97,269259402.67,508260241.64,37565.70,2.60872899,0.00022978,0.00735288,0.00459555,0.00150071,0.00609626,954868896.80,1376.6830
2059,5.6372,1.8274,4.8719,5699.36,46346335.17,3916056.76,239029633.07,269268163.35,508297796.42,37554.78,2.60797078,0.00022973,0.00735135,0.00459460,0.00149792,0.00609252,954904451.58,1377.2435
2060,5.6400,1.8273,4.8715,5710.19,46351597.70,3916215.95,239058418.06,269276922.23,508335340.28,37543.86,2.60721280,0.00022968,0.00734983,0.00459364,0.00149514,0.00608878,954939995.45,1377.8035
2061,5.6427,1.8271,4.8711,5721.05,46356859.78,3916375.10,239087193.94,269285679.30,508372873.24,37532.95,2.60645507,0.00022963,0.00734831,0.00459269,0.00149235,0.00608505,954975528.40,1378.3631
2062,5.6454,1.8270,4.8707,5731.92,46362121.43,3916534.23,239115960.71,269294434.57,508410395.28,37522.05,2.60569758,0.00022959,0.00734679,0.00459174,0.00148958,0.00608132,955011050.44,1378.9222
2063,5.6482,1.8268,4.8703,5742.82,46367382.63,3916693.32,239144718.39,269303188.03,508447906.42,37511.14,2.60494033,0.00022954,0.00734526,0.00459079,0.00148681,0.00607760,955046561.59,1379.4808
2064,5.6509,1.8267,4.8699,5753.73,46372643.40,3916852.39,239173466.96,269311939.70,508485406.66,37500.24,2.60418332,0.00022949,0.00734374,0.00458984,0.00148404,0.00607388,955082061.83,1380.0390
2065,5.6537,1.8265,4.8695,5764.67,46377903.73,3917011.43,239202206.44,269320689.56,508522896.00,37489.34,2.60342655,0.00022944,0.00734222,0.00458889,0.00148128,0.00607017,955117551.17,1380.5967
2066,5.6564,1.8264,4.8691,5775.63,46383163.62,3917170.43,239230936.82,269329437.63,508560374.45,37478.45,2.60267001,0.00022940,0.00734070,0.00458794,0.00147853,0.00606646,955153029.62,1381.1539
2067,5.6591,1.8262,4.8686,5786.60,46388423.07,3917329.41,239259658.12,269338183.89,508597842.01,37467.56,2.60191372,0.00022935,0.00733918,0.00458699,0.00147578,0.00606276,955188497.17,1381.7107
2068,5.6619,1.8260,4.8682,5797.60,46393682.08,3917488.36,239288370.32,269346928.36,508635298.68,37456.67,2.60115767,0.00022930,0.00733766,0.00458604,0.00147303,0.00605907,955223953.84,1382.2670
2069,5.6646,1.8259,4.8678,5808.62,46398940.65,3917647.27,239317073.44,269355671.03,508672744.47,37445.79,2.60040185,0.00022925,0.00733614,0.00458509,0.00147029,0.00605538,955259399.63,1382.8228
2070,5.6674,1.8257,4.8674,5819.67,46404198.79,3917806.16,239345767.48,269364411.90,508710179.37,37434.91,2.59964628,0.00022921,0.00733462,0.00458414,0.00146756,0.00605169,955294834.54,1383.3782
2071,5.6701,1.8256,4.8670,5830.73,46409456.48,3917965.01,239374452.44,269373150.97,508747603.40,37424.03,2.59889094,0.00022916,0.00733310,0.00458319,0.00146483,0.00604801,955330258.57,1383.9331
2072,5.6728,1.8254,4.8666,5841.81,46414713.74,3918123.84,239403128.32,269381888.24,508785016.56,37413.16,2.59813584,0.00022911,0.00733158,0.00458224,0.00146210,0.00604434,955365671.72,1384.4875
2073,5.6756,1.8253,4.8662,5852.92,46419970.56,3918282.64,239431795.13,269390623.72,508822418.85,37402.29,2.59738099,0.00022906,0.00733006,0.00458129,0.00145938,0.00604067,955401074.01,1385.0415
2074,5.6783,1.8251,4.8658,5864.04,46425226.94,3918441.40,239460452.86,269399357.40,508859810.27,37391.42,2.59662637,0.00022902,0.00732854,0.00458034,0.00145667,0.00603701,955436465.43,1385.5950
2075,5.6810,1.8250,4.8654,5875.19,46430482.88,3918600.14,239489101.53,269408089.29,508897190.82,37380.56,2.59587199,0.00022897,0.00732703,0.00457939,0.00145396,0.00603335,955471845.98,1386.1481
2076,5.6838,1.8248,4.8650,5886.36,46435738.38,3918758.85,239517741.14,269416819.38,508934560.52,37369.70,2.59511785,0.00022892,0.00732551,0.00457844,0.00145125,0.00602970,955507215.68,1386.7006
2077,5.6865,1.8247,4.8646,5897.54,46440993.44,3918917.53,239546371.68,269425547.68,508971919.36,37358.84,2.59436394,0.00022887,0.00732399,0.00457750,0.00144855,0.00602605,955542574.52,1387.2527
2078,5.6893,1.8245,4.8642,5908.75,46446248.07,3919076.17,239574993.16,269434274.19,509009267.35,37347.99,2.59361028,0.00022883,0.00732248,0.00457655,0.00144586,0.00602240,955577922.51,1387.8044
2079,5.6920,1.8244,4.8638,5919.99,46451502.25,3919234.79,239603605.59,269442998.90,509046604.49,37337.14,2.59285686,0.00022878,0.00732096,0.00457560,0.00144317,0.00601877,955613259.65,1388.3555
2080,5.6947,1.8242,4.8634,5931.24,46456756.00,3919393.38,239632208.96,269451721.82,509083930.78,37326.29,2.59210367,0.00022873,0.00731944,0.00457465,0.00144048,0.00601514,955648585.94,1388.9062
2081,5.6975,1.8241,4.8630,5942.51,46462009.31,3919551.94,239660803.28,269460442.95,509121246.23,37315.45,2.59135072,0.00022869,0.00731793,0.00457370,0.00143780,0.00601151,955683901.39,1389.4565
2082,5.7002,1.8239,4.8626,5953.81,46467262.18,3919710.47,239689388.55,269469162.29,509158550.84,37304.61,2.59059801,0.00022864,0.00731641,0.00457276,0.00143513,0.00600789,955719206.00,1390.0062
2083,5.7029,1.8238,4.8621,5965.13,46472514.61,3919868.96,239717964.78,269477879.83,509195844.62,37293.78,2.58984554,0.00022859,0.00731490,0.00457181,0.00143246,0.00600427,955754499.78,1390.5555
2084,5.7057,1.8236,4.8617,5976.47,46477766.61,3920027.43,239746531.97,269486595.59,509233127.56,37282.94,2.58909331,0.00022854,0.00731338,0.00457086,0.00142979,0.00600066,955789782.72,1391.1043
2085,5.7084,1.8235,4.8613,5987.83,46483018.16,3920185.87,239775090.12,269495309.56,509270399.68,37272.11,2.58834131,0.00022850,0.00731187,0.00456992,0.00142713,0.00599705,955825054.84,1391.6527
2086,5.7112,1.8233,4.8609,5999.21,46488269.28,3920344.28,239803639.23,269504021.74,509307660.96,37261.29,2.58758955,0.00022845,0.00731036,0.00456897,0.00142448,0.00599345,955860316.13,1392.2006
2087,5.7139,1.8232,4.8605,6010.61,46493519.96,3920502.66,239832179.31,269512732.13,509344911.43,37250.47,2.58683803,0.00022840,0.00730884,0.00456803,0.00142183,0.00598986,955895566.60,1392.7480
2088,5.7166,1.8230,4.8601,6022.04,46498770.20,3920661.01,239860710.35,269521440.73,509382151.08,37239.65,2.58608675,0.00022835,0.00730733,0.00456708,0.00141918,0.00598626,955930806.24,1393.2950
2089,5.7194,1.8228,4.8597,6033.48,46504020.01,3920819.33,239889232.37,269530147.54,509419379.92,37228.83,2.58533571,0.00022831,0.00730582,0.00456614,0.00141654,0.00598268,955966035.08,1393.8414
2090,5.7221,1.8227,4.8593,6044.95,46509269.37,3920977.62,239917745.37,269538852.57,509456597.94,37218.02,2.58458490,0.00022826,0.00730431,0.00456519,0.00141391,0.00597910,956001253.10,1394.3875
2091,5.7248,1.8225,4.8589,6056.44,46514518.30,3921135.88,239946249.34,269547555.82,509493805.15,37207.21,2.58383433,0.00022821,0.00730279,0.00456425,0.00141128,0.00597552,956036460.32,1394.9330
2092,5.7276,1.8224,4.8585,6067.95,46519766.79,3921294.11,239974744.29,269556257.27,509531001.56,37196.41,2.58308400,0.00022817,0.00730128,0.00456330,0.00140865,0.00597195,956071656.73,1395.4781
2093,5.7303,1.8222,4.8581,6079.49,46525014.84,3921452.31,240003230.23,269564956.94,509568187.17,37185.61,2.58233391,0.00022812,0.00729977,0.00456236,0.00140603,0.00596839,956106842.33,1396.0227
2094,5.7331,1.8221,4.8577,6091.04,46530262.46,3921610.48,240031707.15,269573654.83,509605361.98,37174.81,2.58158405,0.00022807,0.00729826,0.00456141,0.00140341,0.00596483,956142017.14,1396.5668
2095,5.7358,1.8219,4.8573,6102.62,46535509.63,3921768.62,240060175.06,269582350.94,509642526.00,37164.02,2.58083443,0.00022802,0.00729675,0.00456047,0.00140080,0.00596127,956177181.16,1397.1105
2096,5.7385,1.8218,4.8569,6114.22,46540756.37,3921926.74,240088633.97,269591045.26,509679679.22,37153.22,2.58008505,0.00022798,0.00729524,0.00455953,0.00139820,0.00595772,956212334.38,1397.6537
2097,5.7413,1.8216,4.8565,6125.84,46546002.67,3922084.82,240117083.86,269599737.79,509716821.66,37142.44,2.57933591,0.00022793,0.00729373,0.00455858,0.00139560,0.00595418,956247476.82,1398.1964
2098,5.7440,1.8215,4.8561,6137.49,46551248.53,3922242.87,240145524.76,269608428.55,509753953.31,37131.65,2.57858700,0.00022788,0.00729222,0.00455764,0.00139300,0.00595064,956282608.47,1398.7387
2099,5.7467,1.8213,4.8557,6149.16,46556493.95,3922400.89,240173956.66,269617117.52,509791074.18,37120.87,2.57783833,0.00022783,0.00729071,0.00455670,0.00139041,0.00594710,956317729.35,1399.2804
2100,5.7495,1.8212,4.8553,6160.84,46561738.94,3922558.89,240202379.56,269625804.72,509828184.28,37110.09,2.57708990,0.00022779,0.00728920,0.00455575,0.00138782,0.00594357,956352839.44,1399.8217
2101,5.7522,1.8210,4.8548,6172.55,46566983.49,3922716.85,240230793.47,269634490.13,509865283.60,37099.32,2.57634170,0.00022774,0.00728770,0.00455481,0.00138524,0.00594005,956387938.76,1400.3626
2102,5.7550,1.8209,4.8544,6184.29,46572227.60,3922874.78,240259198.38,269643173.76,509902372.15,37088.55,2.57559374,0.00022769,0.00728619,0.00455387,0.00138266,0.00593653,956423027.31,1400.9030
2103,5.7577,1.8207,4.8540,6196.04,46577471.28,3923032.69,240287594.31,269651855.62,509939449.93,37077.78,2.57484601,0.00022765,0.00728468,0.00455293,0.00138009,0.00593301,956458105.09,1401.4429
2104,5.7604,1.8206,4.8536,6207.82,46582714.51,3923190.56,240315981.26,269660535.69,509976516.95,37067.02,2.57409853,0.00022760,0.00728317,0.00455198,0.00137752,0.00592950,956493172.11,1401.9823
2105,5.7632,1.8204,4.8532,6219.62,46587957.31,3923348.41,240344359.22,269669213.99,510013573.21,37056.26,2.57335128,0.00022755,0.00728167,0.00455104,0.00137496,0.00592600,956528228.37,1402.5212
2106,5.7659,1.8203,4.8528,6231.44,46593199.67,3923506.22,240372728.20,269677890.51,510050618.71,37045.50,2.57260426,0.00022751,0.00728016,0.00455010,0.00137240,0.00592250,956563273.87,1403.0597
2107,5.7687,1.8201,4.8524,6243.29,46598441.60,3923664.01,240401088.21,269686565.25,510087653.46,37034.75,2.57185748,0.00022746,0.00727865,0.00454916,0.00136985,0.00591900,956598308.62,1403.5977
2108,5.7714,1.8200,4.8520,6255.16,46603683.08,3923821.77,240429439.24,269695238.22,510124677.46,37024.00,2.57111094,0.00022741,0.00727715,0.00454822,0.00136730,0.00591552,956633332.62,1404.1353
2109,5.7741,1.8198,4.8516,6267.05,46608924.13,3923979.49,240457781.30,269703909.41,510161690.71,37013.25,2.57036464,0.00022736,0.00727564,0.00454728,0.00136475,0.00591203,956668345.87,1404.6724
2110,5.7769,1.8197,4.8512,6278.96,46614164.74,3924137.19,240486114.39,269712578.82,510198693.21,37002.51,2.56961857,0.00022732,0.00727414,0.00454634,0.00136221,0.00590855,956703348.38,1405.2090
2111,5.7796,1.8195,4.8508,6290.89,46619404.92,3924294.86,240514438.52,269721246.46,510235684.98,36991.77,2.56887273,0.00022727,0.00727263,0.00454540,0.00135968,0.00590508,956738340.14,1405.7451
2112,5.7823,1.8194,4.8504,6302.85,46624644.65,3924452.50,240542753.68,269729912.33,510272666.01,36981.03,2.56812714,0.00022722,0.00727113,0.00454446,0.00135715,0.00590161,956773321.17,1406.2807
2113,5.7851,1.8192,4.8500,6314.83,46629883.95,3924610.10,240571059.89,269738576.42,510309636.31,36970.30,2.56738177,0.00022718,0.00726963,0.00454352,0.00135462,0.00589814,956808291.47,1406.8159
2114,5.7878,1.8190,4.8496,6326.84,46635122.82,3924767.68,240599357.14,269747238.74,510346595.88,36959.57,2.56663665,0.00022713,0.00726812,0.00454258,0.00135210,0.00589468,956843251.04,1407.3506
2115,5.7906,1.8189,4.8492,6338.86,46640361.24,3924925.23,240627645.43,269755899.28,510383544.72,36948.84,2.56589176,0.00022708,0.00726662,0.00454164,0.00134959,0.00589122,956878199.88,1407.8849
2116,5.7933,1.8187,4.8488,6350.91,46645599.23,3925082.75,240655924.78,269764558.06,510420482.84,36938.12,2.56514710,0.00022703,0.00726512,0.00454070,0.00134708,0.00588777,956913138.00,1408.4186
2117,5.7960,1.8186,4.8484,6362.98,46650836.78,3925240.24,240684195.17,269773215.06,510457410.23,36927.40,2.56440268,0.00022699,0.00726362,0.00453976,0.00134457,0.00588433,956948065.40,1408.9519
2118,5.7988,1.8184,4.8480,6375.08,46656073.90,3925397.70,240712456.62,269781870.29,510494326.92,36916.68,2.56365850,0.00022694,0.00726211,0.00453882,0.00134207,0.00588089,956982982.08,1409.4847
2119,5.8015,1.8183,4.8476,6387.20,46661310.57,3925555.14,240740709.13,269790523.75,510531232.89,36905.97,2.56291455,0.00022689,0.00726061,0.00453788,0.00133957,0.00587745,957017888.05,1410.0171
2120,5.8042,1.8181,4.8472,6399.34,46666546.81,3925712.54,240768952.70,269799175.45,510568128.15,36895.26,2.56217084,0.00022685,0.00725911,0.00453694,0.00133708,0.00587402,957052783.31,1410.5490
2121,5.8070,1.8180,4.8468,6411.50,46671782.62,3925869.91,240797187.33,269807825.37,510605012.70,36884.55,2.56142736,0.00022680,0.00725761,0.00453601,0.00133459,0.00587060,957087667.86,1411.0804
2122,5.8097,1.8178,4.8463,6423.69,46677017.98,3926027.25,240825413.03,269816473.52,510641886.55,36873.85,2.56068412,0.00022675,0.00725611,0.00453507,0.00133211,0.00586717,957122541.71,1411.6113
2123,5.8125,1.8177,4.8459,6435.90,46682252.91,3926184.57,240853629.80,269825119.91,510678749.70,36863.15,2.55994111,0.00022671,0.00725461,0.00453413,0.00132963,0.00586376,957157404.87,1412.1418
2124,5.8152,1.8175,4.8455,6448.13,46687487.40,3926341.85,240881837.63,269833764.53,510715602.16,36852.46,2.55919833,0.00022666,0.00725311,0.00453319,0.00132715,0.00586035,957192257.32,1412.6717
2125,5.8179,1.8174,4.8451,6460.39,46692721.46,3926499.11,240910036.55,269842407.38,510752443.92,36841.76,2.55845580,0.00022661,0.00725161,0.00453226,0.00132468,0.00585694,957227099.09,1413.2012
2126,5.8207,1.8172,4.8447,6472.67,46697955.08,3926656.33,240938226.54,269851048.46,510789275.00,36831.07,2.55771349,0.00022657,0.00725011,0.00453132,0.00132222,0.00585354,957261930.16,1413.7303
2127,5.8234,1.8171,4.8443,6484.97,46703188.26,3926813.53,240966407.61,269859687.78,510826095.39,36820.39,2.55697142,0.00022652,0.00724861,0.00453038,0.00131976,0.00585014,957296750.55,1414.2588
2128,5.8261,1.8169,4.8439,6497.30,46708421.01,3926970.69,240994579.76,269868325.33,510862905.09,36809.71,2.55622959,0.00022647,0.00724712,0.00452945,0.00131730,0.00584675,957331560.25,1414.7869
2129,5.8289,1.8168,4.8435,6509.65,46713653.32,3927127.83,241022743.00,269876961.12,510899704.12,36799.03,2.55548799,0.00022643,0.00724562,0.00452851,0.00131485,0.00584336,957366359.28,1415.3145
2130,5.8316,1.8166,4.8431,6522.02,46718885.19,3927284.94,241050897.32,269885595.15,510936492.47,36788.35,2.55474663,0.00022638,0.00724412,0.00452757,0.00131240,0.00583998,957401147.63,1415.8417
2131,5.8344,1.8165,4.8427,6534.42,46724116.62,3927442.02,241079042.74,269894227.41,510973270.15,36777.68,2.55400550,0.00022633,0.00724262,0.00452664,0.00130996,0.00583660,957435925.31,1416.3683
2132,5.8371,1.8163,4.8423,6546.84,46729347.62,3927599.07,241107179.25,269902857.91,511010037.16,36767.01,2.55326460,0.00022629,0.00724113,0.00452570,0.00130752,0.00583323,957470692.32,1416.8945
2133,5.8398,1.8162,4.8419,6559.29,46734578.19,3927756.09,241135306.86,269911486.64,511046793.50,36756.34,2.55252394,0.00022624,0.00723963,0.00452477,0.00130509,0.00582986,957505448.67,1417.4202
2134,5.8426,1.8160,4.8415,6571.76,46739808.31,3927913.08,241163425.57,269920113.62,511083539.19,36745.68,2.55178351,0.00022619,0.00723813,0.00452383,0.00130266,0.00582649,957540194.35,1417.9455
2135,5.8453,1.8159,4.8411,6584.25,46745038.00,3928070.04,241191535.38,269928738.83,511120274.21,36735.02,2.55104332,0.00022614,0.00723664,0.00452290,0.00130024,0.00582313,957574929.37,1418.4703
2136,5.8480,1.8157,4.8407,6596.76,46750267.25,3928226.97,241219636.30,269937362.28,511156998.58,36724.37,2.55030336,0.00022610,0.00723514,0.00452196,0.00129782,0.00581978,957609653.74,1418.9945
2137,5.8508,1.8156,4.8403,6609.30,46755496.07,3928383.87,241247728.33,269945983.97,511193712.30,36713.72,2.54956363,0.00022605,0.00723365,0.00452103,0.00129540,0.00581643,957644367.46,1419.5184
2138,5.8535,1.8154,4.8399,6621.87,46760724.45,3928540.75,241275811.46,269954603.90,511230415.36,36703.07,2.54882414,0.00022600,0.00723215,0.00452010,0.00129299,0.00581309,957679070.53,1420.0417
2139,5.8563,1.8153,4.8395,6634.45,46765952.40,3928697.59,241303885.71,269963222.07,511267107.79,36692.42,2.54808488,0.00022596,0.00723066,0.00451916,0.00129058,0.00580975,957713762.95,1420.5646
2140,5.8590,1.8151,4.8391,6647.06,46771179.90,3928854.40,241331951.08,269971838.49,511303789.57,36681.78,2.54734585,0.00022591,0.00722916,0.00451823,0.00128818,0.00580641,957748444.73,1421.0870
2141,5.8617,1.8150,4.8387,6659.70,46776406.98,3929011.19,241360007.57,269980453.14,511340460.71,36671.14,2.54660706,0.00022586,0.00722767,0.00451729,0.00128578,0.00580308,957783115.87,1421.6089
2142,5.8645,1.8148,4.8383,6672.36,46781633.61,3929167.94,241388055.18,269989066.04,511377121.21,36660.51,2.54586851,0.00022582,0.00722618,0.00451636,0.00128339,0.00579975,957817776.38,1422.1303
2143,5.8672,1.8147,4.8379,6685.04,46786859.81,3929324.67,241416093.91,269997677.18,511413771.09,36649.87,2.54513018,0.00022577,0.00722469,0.00451543,0.00128100,0.00579643,957852426.25,1422.6513
2144,5.8700,1.8145,4.8375,6697.75,46792085.58,3929481.37,241444123.77,270006286.56,511450410.33,36639.25,2.54439209,0.00022572,0.00722319,0.00451450,0.00127862,0.00579311,957887065.50,1423.1718
2145,5.8727,1.8143,4.8371,6710.48,46797310.90,3929638.04,241472144.76,270014894.19,511487038.96,36628.62,2.54365423,0.00022568,0.00722170,0.00451356,0.00127624,0.00578980,957921694.12,1423.6918
2146,5.8754,1.8142,4.8367,6723.23,46802535.79,3929794.68,241500156.89,270023500.06,511523656.95,36618.00,2.54291661,0.00022563,0.00722021,0.00451263,0.00127386,0.00578649,957956312.12,1424.2114
2147,5.8782,1.8140,4.8362,6736.01,46807760.25,3929951.28,241528160.15,270032104.18,511560264.34,36607.38,2.54217922,0.00022558,0.00721872,0.00451170,0.00127149,0.00578319,957990919.50,1424.7304
2148,5.8809,1.8139,4.8358,6748.82,46812984.27,3930107.86,241556154.56,270040706.55,511596861.10,36596.77,2.54144206,0.00022554,0.00721723,0.00451077,0.00126913,0.00577989,958025516.26,1425.2490
2149,5.8836,1.8137,4.8354,6761.65,46818207.85,3930264.42,241584140.10,270049307.16,511633447.26,36586.15,2.54070514,0.00022549,0.00721574,0.00450984,0.00126676,0.00577660,958060102.42,1425.7672
2150,5.8864,1.8136,4.8350,6774.50,46823431.00,3930420.94,241612116.79,270057906.01,511670022.80,36575.55,2.53996844,0.00022545,0.00721425,0.00450890,0.00126441,0.00577331,958094677.96,1426.2848
2151,5.8891,1.8134,4.8346,6787.38,46828653.71,3930577.43,241640084.62,270066503.12,511706587.74,36564.94,2.53923198,0.00022540,0.00721276,0.00450797,0.00126205,0.00577003,958129242.90,1426.8020
2152,5.8919,1.8133,4.8342,6800.28,46833875.99,3930733.89,241668043.61,270075098.47,511743142.08,36554.34,2.53849576,0.00022535,0.00721127,0.00450704,0.00125970,0.00576675,958163797.24,1427.3187
2153,5.8946,1.8131,4.8338,6813.20,46839097.83,3930890.33,241695993.75,270083692.07,511779685.82,36543.74,2.53775976,0.00022531,0.00720978,0.00450611,0.00125736,0.00576347,958198340.98,1427.8349
2154,5.8973,1.8130,4.8334,6826.16,46844319.23,3931046.73,241723935.05,270092283.92,511816218.97,36533.15,2.53702400,0.00022526,0.00720829,0.00450518,0.00125502,0.00576020,958232874.13,1428.3506
2155,5.9001,1.8128,4.8330,6839.13,46849540.20,3931203.11,241751867.50,270100874.02,511852741.52,36522.55,2.53628847,0.00022521,0.00720680,0.00450425,0.00125268,0.00575693,958267396.68,1428.8659
2156,5.9028,1.8127,4.8326,6852.13,46854760.73,3931359.46,241779791.12,270109462.37,511889253.49,36511.97,2.53555318,0.00022517,0.00720531,0.00450332,0.00125035,0.00575367,958301908.65,1429.3807
2157,5.9055,1.8125,4.8322,6865.16,46859980.83,3931515.77,241807705.90,270118048.97,511925754.87,36501.38,2.53481811,0.00022512,0.00720382,0.00450239,0.00124803,0.00575042,958336410.03,1429.8950
2158,5.9083,1.8124,4.8318,6878.21,46865200.49,3931672.06,241835611.84,270126633.82,511962245.67,36490.80,2.53408328,0.00022507,0.00720234,0.00450146,0.00124570,0.00574716,958370900.83,1430.4088
2159,5.9110,1.8122,4.8314,6891.28,46870419.72,3931828.32,241863508.96,270135216.93,511998725.89,36480.22,2.53334868,0.00022503,0.00720085,0.00450053,0.00124338,0.00574391,958405381.05,1430.9222
2160,5.9138,1.8121,4.8310,6904.38,46875638.51,3931984.55,241891397.25,270143798.28,512035195.53,36469.65,2.53261431,0.00022498,0.00719936,0.00449960,0.00124107,0.00574067,958439850.70,1431.4351
2161,5.9165,1.8119,4.8306,6917.50,46880856.87,3932140.75,241919276.72,270152377.89,512071654.61,36459.07,2.53188018,0.00022493,0.00719788,0.00449867,0.00123876,0.00573743,958474309.77,1431.9475
2162,5.9192,1.8118,4.8302,6930.65,46886074.79,3932296.92,241947147.36,270160955.75,512108103.11,36448.51,2.53114628,0.00022489,0.00719639,0.00449774,0.00123645,0.00573420,958508758.28,1432.4594
2163,5.9220,1.8116,4.8298,6943.83,46891292.27,3932453.07,241975009.19,270169531.87,512144541.06,36437.94,2.53041260,0.00022484,0.00719491,0.00449682,0.00123415,0.00573097,958543196.22,1432.9709
2164,5.9247,1.8115,4.8294,6957.02,46896509.32,3932609.18,242002862.20,270178106.24,512180968.44,36427.38,2.52967916,0.00022479,0.00719342,0.00449589,0.00123185,0.00572774,958577623.60,1433.4819
2165,5.9274,1.8113,4.8290,6970.25,46901725.93,3932765.26,242030706.39,270186678.87,512217385.26,36416.82,2.52894596,0.00022475,0.00719194,0.00449496,0.00122956,0.00572452,958612040.42,1433.9924
2166,5.9302,1.8112,4.8286,6983.50,46906942.11,3932921.32,242058541.78,270195249.75,512253791.52,36406.27,2.52821298,0.00022470,0.00719045,0.00449403,0.00122727,0.00572131,958646446.69,1434.5024
2167,5.9329,1.8110,4.8282,6996.77,46912157.85,3933077.35,242086368.35,270203818.89,512290187.24,36395.72,2.52748023,0.00022466,0.00718897,0.00449310,0.00122499,0.00571809,958680842.40,1435.0120
2168,5.9357,1.8109,4.8278,7010.07,46917373.16,3933233.34,242114186.13,270212386.28,512326572.41,36385.17,2.52674772,0.00022461,0.00718748,0.00449218,0.00122271,0.00571489,958715227.57,1435.5211
2169,5.9384,1.8107,4.8274,7023.40,46922588.03,3933389.31,242141995.10,270220951.93,512362947.03,36374.62,2.52601544,0.00022456,0.00718600,0.00449125,0.00122043,0.00571168,958749602.19,1436.0297
2170,5.9411,1.8106,4.8270,7036.75,46927802.47,3933545.25,242169795.27,270229515.84,512399311.11,36364.08,2.52528339,0.00022452,0.00718452,0.00449032,0.00121816,0.00570848,958783966.27,1436.5378
2171,5.9439,1.8104,4.8266,7050.12,46933016.47,3933701.16,242197586.64,270238078.01,512435664.65,36353.54,2.52455157,0.00022447,0.00718303,0.00448940,0.00121589,0.00570529,958818319.82,1437.0454
2172,5.9466,1.8103,4.8262,7063.52,46938230.04,3933857.04,242225369.22,270246638.44,512472007.66,36343.01,2.52381998,0.00022442,0.00718155,0.00448847,0.00121363,0.00570210,958852662.82,1437.5526
2173,5.9493,1.8101,4.8258,7076.95,46943443.17,3934012.89,242253143.01,270255197.12,512508340.14,36332.48,2.52308862,0.00022438,0.00718007,0.00448754,0.00121137,0.00569891,958886995.30,1438.0593
2174,5.9521,1.8100,4.8254,7090.40,46948655.87,3934168.72,242280908.02,270263754.07,512544662.08,36321.95,2.52235750,0.00022433,0.00717859,0.00448662,0.00120912,0.00569573,958921317.25,1438.5655
2175,5.9548,1.8098,4.8250,7103.88,46953868.13,3934324.51,242308664.23,270272309.28,512580973.51,36311.42,2.52162660,0.00022428,0.00717711,0.00448569,0.00120686,0.00569256,958955628.67,1439.0713
2176,5.9576,1.8097,4.8246,7117.38,46959079.96,3934480.28,242336411.67,270280862.74,512617274.41,36300.90,2.52089594,0.00022424,0.00717563,0.00448477,0.00120462,0.00568938,958989929.57,1439.5765
2177,5.9603,1.8095,4.8242,7130.91,46964291.35,3934636.01,242364150.32,270289414.47,512653564.79,36290.38,2.52016550,0.00022419,0.00717415,0.00448384,0.00120238,0.00568622,959024219.96,1440.0813
2178,5.9630,1.8094,4.8238,7144.47,46969502.31,3934791.72,242391880.20,270297964.47,512689844.66,36279.87,2.51943530,0.00022415,0.00717267,0.00448292,0.00120014,0.00568305,959058499.82,1440.5857
2179,5.9658,1.8092,4.8234,7158.05,46974712.83,3934947.40,242419601.30,270306512.72,512726114.02,36269.36,2.51870533,0.00022410,0.00717119,0.00448199,0.00119790,0.00567989,959092769.18,1441.0895
2180,5.9685,1.8091,4.8229,7171.66,46979922.92,3935103.05,242447313.63,270315059.24,512762372.87,36258.85,2.51797559,0.00022405,0.00716971,0.00448107,0.00119567,0.00567674,959127028.03,1441.5929
2181,5.9713,1.8089,4.8225,7185.29,46985132.57,3935258.67,242475017.19,270323604.02,512798621.21,36248.34,2.51724608,0.00022401,0.00716823,0.00448014,0.00119345,0.00567359,959161276.37,1442.0957
2182,5.9740,1.8088,4.8221,7198.95,46990341.79,3935414.26,242502711.99,270332147.07,512834859.05,36237.84,2.51651680,0.00022396,0.00716675,0.00447922,0.00119123,0.00567044,959195514.21,1442.5982
2183,5.9767,1.8086,4.8217,7212.63,46995550.58,3935569.82,242530398.02,270340688.38,512871086.40,36227.34,2.51578774,0.00022391,0.00716527,0.00447829,0.00118901,0.00566730,959229741.56,1443.1001
2184,5.9795,1.8085,4.8213,7226.34,47000758.92,3935725.36,242558075.29,270349227.95,512907303.24,36216.85,2.51505892,0.00022387,0.00716379,0.00447737,0.00118679,0.00566417,959263958.41,1443.6016
2185,5.9822,1.8083,4.8209,7240.08,47005966.84,3935880.86,242585743.81,270357765.80,512943509.60,36206.36,2.51433033,0.00022382,0.00716232,0.00447645,0.00118459,0.00566103,959298164.76,1444.1025
2186,5.9849,1.8082,4.8205,7253.84,47011174.32,3936036.34,242613403.56,270366301.90,512979705.47,36195.87,2.51360197,0.00022378,0.00716084,0.00447552,0.00118238,0.00565790,959332360.63,1444.6030
2187,5.9877,1.8080,4.8201,7267.63,47016381.36,3936191.78,242641054.57,270374836.28,513015890.85,36185.38,2.51287384,0.00022373,0.00715936,0.00447460,0.00118018,0.00565478,959366546.02,1445.1031
2188,5.9904,1.8079,4.8197,7281.44,47021587.98,3936347.20,242668696.83,270383368.92,513052065.75,36174.90,2.51214594,0.00022368,0.00715788,0.00447368,0.00117798,0.00565166,959400720.92,1445.6026
2189,5.9932,1.8077,4.8193,7295.28,47026794.15,3936502.59,242696330.34,270391899.84,513088230.18,36164.42,2.51141827,0.00022364,0.00715641,0.00447276,0.00117579,0.00564854,959434885.34,1446.1017
2190,5.9959,1.8075,4.8189,7309.15,47031999.89,3936657.95,242723955.11,270400429.02,513124384.12,36153.95,2.51069083,0.00022359,0.00715493,0.00447183,0.00117360,0.00564543,959469039.29,1446.6003
2191,5.9986,1.8074,4.8185,7323.04,47037205.20,3936813.28,242751571.14,270408956.47,513160527.60,36143.48,2.50996362,0.00022355,0.00715346,0.00447091,0.00117142,0.00564233,959503182.76,1447.0984
2192,6.0014,1.8072,4.8181,7336.96,47042410.07,3936968.58,242779178.42,270417482.19,513196660.61,36133.01,2.50923664,0.00022350,0.00715198,0.00446999,0.00116923,0.00563922,959537315.77,1447.5961
2193,6.0041,1.8071,4.8177,7350.91,47047614.51,3937123.86,242806776.98,270426006.17,513232783.15,36122.54,2.50850989,0.00022345,0.00715051,0.00446907,0.00116706,0.00563612,959571438.31,1448.0932
2194,6.0068,1.8069,4.8173,7364.88,47052818.52,3937279.10,242834366.80,270434528.44,513268895.23,36112.08,2.50778337,0.00022341,0.00714903,0.00446815,0.00116488,0.00563303,959605550.39,1448.5899
2195,6.0096,1.8068,4.8169,7378.88,47058022.09,3937434.32,242861947.89,270443048.97,513304996.85,36101.62,2.50705707,0.00022336,0.00714756,0.00446722,0.00116272,0.00562994,959639652.02,1449.0861
2196,6.0123,1.8066,4.8165,7392.91,47063225.22,3937589.50,242889520.25,270451567.77,513341088.02,36091.17,2.50633101,0.00022332,0.00714608,0.00446630,0.00116055,0.00562685,959673743.18,1449.5819
2197,6.0151,1.8065,4.8161,7406.96,47068427.93,3937744.66,242917083.89,270460084.85,513377168.73,36080.71,2.50560518,0.00022327,0.00714461,0.00446538,0.00115839,0.00562377,959707823.90,1450.0771
2198,6.0178,1.8063,4.8157,7421.04,47073630.19,3937899.79,242944638.80,270468600.20,513413239.00,36070.27,2.50487957,0.00022322,0.00714314,0.00446446,0.00115623,0.00562070,959741894.16,1450.5719
2199,6.0205,1.8062,4.8153,7435.15,47078832.03,3938054.89,242972185.00,270477113.82,513449298.82,36059.82,2.50415419,0.00022318,0.00714167,0.00446354,0.00115408,0.00561762,959775953.98,1451.0662
2200,6.0233,1.8060,4.8149,7449.28,47084033.43,3938209.96,242999722.48,270485625.72,513485348.20,36049.38,2.50342905,0.00022313,0.00714019,0.00446262,0.00115193,0.00561455,959810003.36,1451.5601
2201,6.0260,1.8059,4.8145,7463.44,47089234.39,3938365.00,243027251.25,270494135.89,513521387.14,36038.94,2.50270413,0.00022309,0.00713872,0.00446170,0.00114979,0.00561149,959844042.30,1452.0534
2202,6.0287,1.8057,4.8141,7477.62,47094434.92,3938520.02,243054771.31,270502644.34,513557415.64,36028.50,2.50197944,0.00022304,0.00713725,0.00446078,0.00114765,0.00560843,959878070.81,1452.5463
2203,6.0315,1.8056,4.8137,7491.84,47099635.02,3938675.00,243082282.66,270511151.06,513593433.71,36018.07,2.50125498,0.00022299,0.00713578,0.00445986,0.00114551,0.00560537,959912088.88,1453.0387
2204,6.0342,1.8054,4.8133,7506.08,47104834.68,3938829.96,243109785.30,270519656.06,513629441.36,36007.64,2.50053075,0.00022295,0.00713431,0.00445894,0.00114338,0.00560232,959946096.52,1453.5306
2205,6.0370,1.8053,4.8129,7520.35,47110033.91,3938984.89,243137279.24,270528159.33,513665438.57,35997.22,2.49980674,0.00022290,0.00713284,0.00445802,0.00114125,0.00559927,959980093.74,1454.0221
2206,6.0397,1.8051,4.8125,7534.64,47115232.71,3939139.79,243164764.48,270536660.89,513701425.37,35986.79,2.49908297,0.00022286,0.00713137,0.00445710,0.00113912,0.00559623,960014080.53,1454.5131
2207,6.0424,1.8050,4.8121,7548.96,47120431.07,3939294.66,243192241.03,270545160.72,513737401.74,35976.38,2.49835942,0.00022281,0.00712990,0.00445619,0.00113700,0.00559319,960048056.91,1455.0036
2208,6.0452,1.8048,4.8117,7563.31,47125629.00,3939449.50,243219708.88,270553658.83,513773367.70,35965.96,2.49763610,0.00022276,0.00712843,0.00445527,0.00113489,0.00559015,960082022.87,1455.4936
2209,6.0479,1.8047,4.8113,7577.69,47130826.49,3939604.31,243247168.04,270562155.21,513809323.25,35955.55,2.49691301,0.00022272,0.00712696,0.00445435,0.00113277,0.00558712,960115978.41,1455.9831
2210,6.0507,1.8045,4.8109,7592.09,47136023.55,3939759.10,243274618.51,270570649.88,513845268.39,35945.14,2.49619015,0.00022267,0.00712549,0.00445343,0.00113066,0.00558410,960149923.55,1456.4722
2211,6.0534,1.8044,4.8105,7606.53,47141220.18,3939913.85,243302060.29,270579142.83,513881203.12,35934.73,2.49546752,0.00022263,0.00712402,0.00445251,0.00112856,0.00558107,960183858.28,1456.9608
2212,6.0561,1.8042,4.8101,7620.98,47146416.37,3940068.58,243329493.39,270587634.06,513917127.45,35924.33,2.49474511,0.00022258,0.00712255,0.00445160,0.00112646,0.00557805,960217782.61,1457.4489
2213,6.0589,1.8041,4.8097,7635.47,47151612.13,3940223.28,243356917.82,270596123.57,513953041.38,35913.93,2.49402294,0.00022253,0.00712109,0.00445068,0.00112436,0.00557504,960251696.54,1457.9365
2214,6.0616,1.8039,4.8093,7649.98,47156807.46,3940377.94,243384333.56,270604611.36,513988944.92,35903.53,2.49330099,0.00022249,0.00711962,0.00444976,0.00112227,0.00557203,960285600.08,1458.4237
2215,6.0643,1.8038,4.8089,7664.53,47162002.35,3940532.59,243411740.63,270613097.43,514024838.06,35893.14,2.49257927,0.00022244,0.00711815,0.00444885,0.00112018,0.00556902,960319493.22,1458.9104
2216,6.0671,1.8036,4.8085,7679.09,47167196.81,3940687.20,243439139.02,270621581.79,514060720.81,35882.75,2.49185777,0.00022240,0.00711669,0.00444793,0.00111809,0.00556602,960353375.97,1459.3966
2217,6.0698,1.8035,4.8081,7693.69,47172390.84,3940841.78,243466528.75,270630064.42,514096593.18,35872.37,2.49113651,0.00022235,0.00711522,0.00444701,0.00111601,0.00556302,960387248.34,1459.8823
2218,6.0726,1.8033,4.8077,7708.32,47177584.43,3940996.34,243493909.81,270638545.35,514132455.16,35861.98,2.49041547,0.00022230,0.00711375,0.00444610,0.00111393,0.00556003,960421110.32,1460.3676
2219,6.0753,1.8032,4.8073,7722.97,47182777.59,3941150.86,243521282.21,270647024.55,514168306.76,35851.60,2.48969466,0.00022226,0.00711229,0.00444518,0.00111186,0.00555704,960454961.92,1460.8524
2220,6.0780,1.8030,4.8069,7737.65,47187970.32,3941305.36,243548645.94,270655502.05,514204147.99,35841.23,2.48897407,0.00022221,0.00711082,0.00444426,0.00110979,0.00555405,960488803.15,1461.3367
2221,6.0808,1.8029,4.8065,7752.36,47193162.61,3941459.83,243576001.02,270663977.82,514239978.84,35830.85,2.48825372,0.00022217,0.00710936,0.00444335,0.00110772,0.00555107,960522634.00,1461.8205
2222,6.0835,1.8027,4.8061,7767.09,47198354.47,3941614.27,243603347.44,270672451.89,514275799.32,35820.48,2.48753359,0.00022212,0.00710789,0.00444243,0.00110566,0.00554809,960556454.49,1462.3039
2223,6.0862,1.8026,4.8057,7781.86,47203545.89,3941768.68,243630685.21,270680924.24,514311609.44,35810.12,2.48681369,0.00022208,0.00710643,0.00444152,0.00110360,0.00554512,960590264.60,1462.7867
2224,6.0890,1.8024,4.8053,7796.65,47208736.88,3941923.06,243658014.32,270689394.87,514347409.20,35799.75,2.48609401,0.00022203,0.00710497,0.00444060,0.00110154,0.00554215,960624064.36,1463.2691
2225,6.0917,1.8023,4.8049,7811.47,47213927.44,3942077.42,243685334.79,270697863.80,514383198.59,35789.39,2.48537456,0.00022198,0.00710350,0.00443969,0.00109949,0.00553918,960657853.75,1463.7511
2226,6.0945,1.8021,4.8045,7826.32,47219117.57,3942231.74,243712646.62,270706331.01,514418977.63,35779.04,2.48465534,0.00022194,0.00710204,0.00443878,0.00109744,0.00553622,960691632.79,1464.2325
2227,6.0972,1.8020,4.8041,7841.19,47224307.26,3942386.04,243739949.80,270714796.51,514454746.31,35768.68,2.48393635,0.00022189,0.00710058,0.00443786,0.00109540,0.00553326,960725401.47,1464.7135
2228,6.0999,1.8018,4.8037,7856.10,47229496.52,3942540.31,243767244.35,270723260.30,514490504.64,35758.33,2.48321758,0.00022185,0.00709912,0.00443695,0.00109336,0.00553031,960759159.81,1465.1940
2229,6.1027,1.8017,4.8033,7871.03,47234685.35,3942694.55,243794530.25,270731722.38,514526252.63,35747.99,2.48249904,0.00022180,0.00709765,0.00443603,0.00109133,0.00552736,960792907.79,1465.6740
2230,6.1054,1.8015,4.8029,7885.99,47239873.74,3942848.76,243821807.53,270740182.75,514561990.27,35737.64,2.48178073,0.00022176,0.00709619,0.00443512,0.00108929,0.00552441,960826645.43,1466.1536
2231,6.1081,1.8014,4.8025,7900.98,47245061.71,3943002.94,243849076.17,270748641.40,514597717.57,35727.30,2.48106264,0.00022171,0.00709473,0.00443421,0.00108726,0.00552147,960860372.74,1466.6326
2232,6.1109,1.8012,4.8021,7916.00,47250249.23,3943157.10,243876336.18,270757098.36,514633434.54,35716.96,2.48034478,0.00022166,0.00709327,0.00443329,0.00108524,0.00551853,960894089.70,1467.1112
2233,6.1136,1.8011,4.8017,7931.05,47255436.33,3943311.22,243903587.57,270765553.60,514669141.17,35706.63,2.47962715,0.00022162,0.00709181,0.00443238,0.00108322,0.00551560,960927796.33,1467.5893
2234,6.1164,1.8009,4.8013,7946.12,47260622.99,3943465.32,243930830.34,270774007.13,514704837.47,35696.30,2.47890974,0.00022157,0.00709035,0.00443147,0.00108120,0.00551267,960961492.63,1468.0670
2235,6.1191,1.8008,4.8009,7961.23,47265809.22,3943619.39,243958064.48,270782458.96,514740523.44,35685.97,2.47819256,0.00022153,0.00708889,0.00443056,0.00107919,0.00550974,960995178.61,1468.5442
2236,6.1218,1.8006,4.8005,7976.36,47270995.02,3943773.43,243985290.01,270790909.08,514776199.09,35675.65,2.47747561,0.00022148,0.00708743,0.00442964,0.00107718,0.00550682,961028854.25,1469.0209
2237,6.1246,1.8005,4.8001,7991.52,47276180.38,3943927.44,244012506.92,270799357.50,514811864.42,35665.33,2.47675888,0.00022144,0.00708597,0.00442873,0.00107517,0.00550390,961062519.58,1469.4971
2238,6.1273,1.8003,4.7997,8006.71,47281365.31,3944081.42,244039715.22,270807804.21,514847519.43,35655.01,2.47604238,0.00022139,0.00708451,0.00442782,0.00107317,0.00550099,961096174.59,1469.9728
2239,6.1300,1.8002,4.7993,8021.93,47286549.81,3944235.38,244066914.91,270816249.21,514883164.13,35644.70,2.47532610,0.00022135,0.00708305,0.00442691,0.00107117,0.00549808,961129819.29,1470.4481
2240,6.1328,1.8000,4.7989,8037.18,47291733.88,3944389.31,244094106.00,270824692.51,514918798.51,35634.38,2.47461005,0.00022130,0.00708160,0.00442600,0.00106918,0.00549517,961163453.67,1470.9229
2241,6.1355,1.7999,4.7985,8052.46,47296917.51,3944543.20,244121288.48,270833134.11,514954422.59,35624.08,2.47389422,0.00022125,0.00708014,0.00442509,0.00106719,0.00549227,961197077.75,1471.3972
2242,6.1383,1.7997,4.7981,8067.77,47302100.71,3944697.07,244148462.36,270841574.00,514990036.36,35613.77,2.47317862,0.00022121,0.00707868,0.00442418,0.00106520,0.00548937,961230691.52,1471.8710
2243,6.1410,1.7996,4.7977,8083.10,47307283.48,3944850.91,244175627.64,270850012.19,515025639.83,35603.47,2.47246325,0.00022116,0.00707722,0.00442327,0.00106321,0.00548648,961264294.99,1472.3444
2244,6.1437,1.7994,4.7973,8098.47,47312465.82,3945004.73,244202784.33,270858448.67,515061233.00,35593.17,2.47174810,0.00022112,0.00707577,0.00442235,0.00106123,0.00548359,961297888.17,1472.8173
2245,6.1465,1.7993,4.7969,8113.86,47317647.72,3945158.51,244229932.42,270866883.46,515096815.88,35582.88,2.47103318,0.00022107,0.00707431,0.00442144,0.00105926,0.00548070,961331471.04,1473.2897
2246,6.1492,1.7991,4.7965,8129.28,47322829.19,3945312.27,244257071.92,270875316.54,515132388.47,35572.59,2.47031848,0.00022103,0.00707286,0.00442053,0.00105729,0.00547782,961365043.63,1473.7617
2247,6.1520,1.7990,4.7961,8144.74,47328010.23,3945465.99,244284202.84,270883747.93,515167950.76,35562.30,2.46960401,0.00022098,0.00707140,0.00441962,0.00105532,0.00547494,961398605.93,1474.2331
2248,6.1547,1.7988,4.7957,8160.22,47333190.84,3945619.69,244311325.17,270892177.61,515203502.78,35552.01,2.46888977,0.00022094,0.00706994,0.00441872,0.00105335,0.00547207,961432157.94,1474.7041
2249,6.1574,1.7987,4.7953,8175.73,47338371.01,3945773.36,244338438.92,270900605.59,515239044.51,35541.73,2.46817575,0.00022089,0.00706849,0.00441781,0.00105139,0.00546920,961465699.67,1475.1746
2250,6.1602,1.7985,4.7949,8191.27,47343550.75,3945927.00,244365544.09,270909031.87,515274575.96,35531.45,2.46746195,0.00022084,0.00706704,0.00441690,0.00104943,0.00546633,961499231.12,1475.6447
2251,6.1629,1.7984,4.7945,8206.84,47348730.06,3946080.62,244392640.68,270917456.46,515310097.14,35521.18,2.46674838,0.00022080,0.00706558,0.00441599,0.00104748,0.00546347,961532752.30,1476.1143
2252,6.1656,1.7982,4.7941,8222.44,47353908.94,3946234.20,244419728.70,270925879.34,515345608.04,35510.90,2.46603504,0.00022075,0.00706413,0.00441508,0.00104553,0.00546061,961566263.20,1476.5834
2253,6.1684,1.7981,4.7937,8238.07,47359087.39,3946387.76,244446808.14,270934300.53,515381108.68,35500.64,2.46532192,0.00022071,0.00706267,0.00441417,0.00104358,0.00545775,961599763.84,1477.0520
2254,6.1711,1.7979,4.7933,8253.73,47364265.40,3946541.29,244473879.02,270942720.02,515416599.05,35490.37,2.46460902,0.00022066,0.00706122,0.00441326,0.00104164,0.00545490,961633254.21,1477.5201
2255,6.1739,1.7978,4.7929,8269.42,47369442.98,3946694.79,244500941.33,270951137.82,515452079.15,35480.11,2.46389635,0.00022062,0.00705977,0.00441236,0.00103970,0.00545205,961666734.32,1477.9878
2256,6.1766,1.7976,4.7925,8285.14,47374620.13,3946848.26,244527995.08,270959553.92,515487549.00,35469.85,2.46318390,0.00022057,0.00705832,0.00441145,0.00103776,0.00544921,961700204.16,1478.4550
2257,6.1793,1.7975,4.7921,8300.88,47379796.85,3947001.71,244555040.27,270967968.32,515523008.59,35459.59,2.46247168,0.00022053,0.00705686,0.00441054,0.00103583,0.00544637,961733663.76,1478.9217
2258,6.1821,1.7973,4.7917,8316.66,47384973.13,3947155.12,244582076.91,270976381.03,515558457.93,35449.34,2.46175968,0.00022048,0.00705541,0.00440963,0.00103390,0.00544353,961767113.10,1479.3880
2259,6.1848,1.7972,4.7913,8332.47,47390148.98,3947308.51,244609104.98,270984792.04,515593897.02,35439.09,2.46104791,0.00022044,0.00705396,0.00440873,0.00103197,0.00544070,961800552.19,1479.8538
2260,6.1875,1.7970,4.7909,8348.31,47395324.41,3947461.87,244636124.51,270993201.36,515629325.87,35428.84,2.46033636,0.00022039,0.00705251,0.00440782,0.00103005,0.00543787,961833981.03,1480.3191
2261,6.1903,1.7969,4.7905,8364.18,47400499.40,3947615.20,244663135.48,271001608.99,515664744.47,35418.60,2.45962504,0.00022035,0.00705106,0.00440691,0.00102813,0.00543504,961867399.63,1480.7839
2262,6.1930,1.7967,4.7901,8380.08,47405673.95,3947768.50,244690137.91,271010014.92,515700152.83,35408.36,2.45891394,0.00022030,0.00704961,0.00440601,0.00102622,0.00543222,961900807.99,1481.2482
2263,6.1958,1.7966,4.7897,8396.01,47410848.08,3947921.77,244717131.79,271018419.16,515735550.95,35398.12,2.45820307,0.00022025,0.00704816,0.00440510,0.00102430,0.00542940,961934206.12,1481.7121
2264,6.1985,1.7964,4.7893,8411.97,47416021.77,3948075.02,244744117.14,271026821.71,515770938.84,35387.89,2.45749241,0.00022021,0.00704671,0.00440419,0.00102240,0.00542659,961967594.01,1482.1755
2265,6.2012,1.7963,4.7889,8427.96,47421195.03,3948228.24,244771093.94,271035222.57,515806316.50,35377.66,2.45678199,0.00022016,0.00704526,0.00440329,0.00102049,0.00542378,962000971.67,1482.6385
2266,6.2040,1.7961,4.7885,8443.98,47426367.87,3948381.42,244798062.21,271043621.73,515841683.94,35367.43,2.45607178,0.00022012,0.00704381,0.00440238,0.00101859,0.00542097,962034339.10,1483.1009
2267,6.2067,1.7960,4.7881,8460.03,47431540.26,3948534.59,244825021.94,271052019.21,515877041.15,35357.21,2.45536180,0.00022007,0.00704236,0.00440148,0.00101669,0.00541817,962067696.31,1483.5629
2268,6.2094,1.7958,4.7877,8476.11,47436712.23,3948687.72,244851973.14,271060414.99,515912388.14,35346.99,2.45465205,0.00022003,0.00704091,0.00440057,0.00101480,0.00541537,962101043.30,1484.0244
2269,6.2122,1.7957,4.7873,8492.22,47441883.77,3948840.82,244878915.82,271068809.09,515947724.91,35336.77,2.45394252,0.00021998,0.00703947,0.00439967,0.00101291,0.00541258,962134380.07,1484.4855
2270,6.2149,1.7955,4.7869,8508.36,47447054.87,3948993.90,244905849.97,271077201.50,515983051.47,35326.56,2.45323321,0.00021994,0.00703802,0.00439876,0.00101102,0.00540979,962167706.63,1484.9461
2271,6.2177,1.7954,4.7865,8524.54,47452225.54,3949146.95,244932775.60,271085592.22,516018367.82,35316.35,2.45252412,0.00021989,0.00703657,0.00439786,0.00100914,0.00540700,962201022.98,1485.4062
2272,6.2204,1.7952,4.7861,8540.74,47457395.78,3949299.97,244959692.71,271093981.25,516053673.95,35306.14,2.45181526,0.00021985,0.00703513,0.00439695,0.00100726,0.00540421,962234329.12,1485.8658
2273,6.2231,1.7951,4.7857,8556.97,47462565.59,3949452.96,244986601.30,271102368.59,516088969.89,35295.94,2.45110663,0.00021980,0.00703368,0.00439605,0.00100538,0.00540143,962267625.05,1486.3249
2274,6.2259,1.7949,4.7853,8573.24,47467734.97,3949605.92,245013501.37,271110754.25,516124255.62,35285.73,2.45039821,0.00021976,0.00703223,0.00439515,0.00100351,0.00539866,962300910.79,1486.7836
2275,6.2286,1.7948,4.7849,8589.54,47472903.92,3949758.86,245040392.94,271119138.22,516159531.16,35275.54,2.44969002,0.00021971,0.00703079,0.00439424,0.00100164,0.00539588,962334186.32,1487.2418
2276,6.2313,1.7946,4.7845,8605.86,47478072.44,3949911.76,245067275.99,271127520.51,516194796.50,35265.34,2.44898205,0.00021967,0.00702934,0.00439334,0.00099978,0.00539312,962367451.67,1487.6996
2277,6.2341,1.7945,4.7841,8622.22,47483240.52,3950064.64,245094150.54,271135901.11,516230051.65,35255.15,2.44827431,0.00021962,0.00702790,0.00439244,0.00099791,0.00539035,962400706.82,1488.1568
2278,6.2368,1.7943,4.7837,8638.61,47488408.17,3950217.49,245121016.59,271144280.03,516265296.61,35244.96,2.44756679,0.00021958,0.00702645,0.00439153,0.00099606,0.00538759,962433951.78,1488.6136
2279,6.2396,1.7942,4.7833,8655.03,47493575.39,3950370.31,245147874.13,271152657.26,516300531.39,35234.78,2.44685949,0.00021953,0.00702501,0.00439063,0.00099420,0.00538483,962467186.55,1489.0699
2280,6.2423,1.7940,4.7829,8671.48,47498742.19,3950523.11,245174723.18,271161032.81,516335755.99,35224.59,2.44615241,0.00021949,0.00702356,0.00438973,0.00099235,0.00538208,962500411.15,1489.5258
2281,6.2450,1.7939,4.7825,8687.97,47503908.54,3950675.87,245201563.73,271169406.67,516370970.40,35214.42,2.44544556,0.00021944,0.00702212,0.00438883,0.00099050,0.00537932,962533625.56,1489.9812
2282,6.2478,1.7937,4.7821,8704.48,47509074.47,3950828.61,245228395.79,271177778.86,516406174.64,35204.24,2.44473893,0.00021940,0.00702068,0.00438792,0.00098865,0.00537658,962566829.80,1490.4361
2283,6.2505,1.7936,4.7817,8721.03,47514239.97,3950981.32,245255219.35,271186149.36,516441368.71,35194.07,2.44403252,0.00021935,0.00701923,0.00438702,0.00098681,0.00537383,962600023.87,1490.8905
2284,6.2533,1.7934,4.7813,8737.60,47519405.04,3951134.00,245282034.43,271194518.18,516476552.61,35183.90,2.44332634,0.00021931,0.00701779,0.00438612,0.00098497,0.00537109,962633207.77,1491.3444
2285,6.2560,1.7933,4.7809,8754.21,47524569.67,3951286.66,245308841.03,271202885.32,516511726.34,35173.73,2.44262037,0.00021926,0.00701635,0.00438522,0.00098314,0.00536836,962666381.51,1491.7979
2286,6.2587,1.7931,4.7805,8770.85,47529733.88,3951439.28,245335639.14,271211250.77,516546889.91,35163.57,2.44191463,0.00021922,0.00701491,0.00438432,0.00098131,0.00536563,962699545.08,1492.2510
2287,6.2615,1.7930,4.7801,8787.52,47534897.65,3951591.88,245362428.77,271219614.55,516582043.33,35153.41,2.44120912,0.00021917,0.00701347,0.00438342,0.00097948,0.00536290,962732698.49,1492.7035
2288,6.2642,1.7928,4.7797,8804.23,47540060.99,3951744.45,245389209.93,271227976.65,516617186.58,35143.26,2.44050382,0.00021913,0.00701203,0.00438252,0.00097766,0.00536017,962765841.74,1493.1556
2289,6.2669,1.7927,4.7793,8820.96,47545223.90,3951896.99,245415982.61,271236337.07,516652319.68,35133.10,2.43979875,0.00021908,0.00701058,0.00438162,0.00097583,0.00535745,962798974.84,1493.6072
2290,6.2697,1.7925,4.7789,8837.73,47550386.38,3952049.50,245442746.82,271244695.81,516687442.63,35122.95,2.43909390,0.00021904,0.00700914,0.00438072,0.00097402,0.00535473,962832097.80,1494.0583
2291,6.2724,1.7924,4.7785,8854.53,47555548.43,3952201.99,245469502.57,271253052.87,516722555.44,35112.81,2.43838927,0.00021899,0.00700770,0.00437982,0.00097220,0.00535202,962865210.60,1494.5090
2292,6.2752,1.7922,4.7781,8871.36,47560710.05,3952354.45,245496249.84,271261408.26,516757658.10,35102.66,2.43768486,0.00021895,0.00700626,0.00437892,0.00097039,0.00534931,962898313.26,1494.9592
2293,6.2779,1.7921,4.7777,8888.22,47565871.24,3952506.87,245522988.65,271269761.97,516792750.62,35092.52,2.43698068,0.00021890,0.00700482,0.00437802,0.00096858,0.00534660,962931405.79,1495.4089
2294,6.2806,1.7919,4.7773,8905.12,47571032.00,3952659.28,245549719.01,271278114.00,516827833.01,35082.38,2.43627671,0.00021886,0.00700339,0.00437712,0.00096678,0.00534389,962964488.17,1495.8582
2295,6.2834,1.7918,4.7769,8922.05,47576192.33,3952811.65,245576440.90,271286464.36,516862905.26,35072.25,2.43557297,0.00021881,0.00700195,0.00437622,0.00096498,0.00534119,962997560.42,1496.3069
2296,6.2861,1.7916,4.7765,8939.01,47581352.22,3952963.99,245603154.34,271294813.04,516897967.38,35062.12,2.43486945,0.00021877,0.00700051,0.00437532,0.00096318,0.00533850,963030622.54,1496.7552
2297,6.2888,1.7915,4.7761,8956.00,47586511.69,3953116.31,245629859.32,271303160.05,516933019.37,35051.99,2.43416615,0.00021872,0.00699907,0.00437442,0.00096139,0.00533580,963063674.53,1497.2031
2298,6.2916,1.7913,4.7757,8973.02,47591670.72,3953268.60,245656555.86,271311505.38,516968061.24,35041.87,2.43346308,0.00021868,0.00699763,0.00437352,0.00095959,0.00533312,963096716.40,1497.6505
2299,6.2943,1.7912,4.7753,8990.08,47596829.33,3953420.86,245683243.95,271319849.04,517003092.99,35031.75,2.43276022,0.00021863,0.00699620,0.00437262,0.00095781,0.00533043,963129748.15,1498.0974
2300,6.2971,1.7910,4.7749,9007.17,47601987.50,3953573.09,245709923.59,271328191.03,517038114.62,35021.63,2.43205759,0.00021859,0.00699476,0.00437172,0.00095602,0.00532775,963162769.78,1498.5438
2301,6.2998,1.7909,4.7745,9024.29,47607145.25,3953725.30,245736594.79,271336531.34,517073126.13,35011.51,2.43135518,0.00021854,0.00699332,0.00437083,0.00095424,0.00532507,963195781.29,1498.9898
2302,6.3025,1.7907,4.7741,9041.44,47612302.56,3953877.48,245763257.55,271344869.98,517108127.53,35001.40,2.43065299,0.00021850,0.00699189,0.00436993,0.00095246,0.00532239,963228782.70,1499.4352
2303,6.3053,1.7906,4.7737,9058.63,47617459.44,3954029.62,245789911.88,271353206.95,517143118.83,34991.29,2.42995102,0.00021845,0.00699045,0.00436903,0.00095069,0.00531972,963261773.99,1499.8803
2304,6.3080,1.7904,4.7733,9075.85,47622615.90,3954181.75,245816557.77,271361542.25,517178100.02,34981.19,2.42924927,0.00021841,0.00698901,0.00436813,0.00094892,0.00531705,963294755.18,1500.3248
2305,6.3107,1.7903,4.7729,9093.10,47627771.92,3954333.84,245843195.23,271369875.87,517213071.11,34971.09,2.42854774,0.00021836,0.00698758,0.00436724,0.00094715,0.00531439,963327726.27,1500.7689
2306,6.3135,1.7901,4.7725,9110.38,47632927.51,3954485.90,245869824.26,271378207.83,517248032.09,34960.99,2.42784643,0.00021832,0.00698614,0.00436634,0.00094539,0.00531173,963360687.26,1501.2125
2307,6.3162,1.7900,4.7721,9127.70,47638082.68,3954637.94,245896444.87,271386538.12,517282982.99,34950.89,2.42714535,0.00021827,0.00698471,0.00436544,0.00094362,0.00530907,963393638.15,1501.6557
2308,6.3190,1.7898,4.7717,9145.05,47643237.41,3954789.95,245923057.05,271394866.74,517317923.79,34940.80,2.42644448,0.00021823,0.00698328,0.00436455,0.00094187,0.00530641,963426578.95,1502.0984
2309,6.3217,1.7897,4.7713,9162.43,47648391.71,3954941.93,245949660.81,271403193.69,517352854.50,34930.71,2.42574384,0.00021818,0.00698184,0.00436365,0.00094011,0.00530376,963459509.66,1502.5406
2310,6.3244,1.7895,4.7709,9179.85,47653545.58,3955093.89,245976256.16,271411518.97,517387775.12,34920.63,2.42504342,0.00021814,0.00698041,0.00436276,0.00093836,0.00530111,963492430.29,1502.9823
2311,6.3272,1.7894,4.7705,9197.30,47658699.02,3955245.81,246002843.08,271419842.58,517422685.67,34910.54,2.42434321,0.00021809,0.00697898,0.00436186,0.00093661,0.00529847,963525340.83,1503.4236
2312,6.3299,1.7892,4.7701,9214.78,47663852.03,3955397.71,246029421.60,271428164.53,517457586.13,34900.46,2.42364323,0.00021805,0.00697754,0.00436096,0.00093487,0.00529583,963558241.29,1503.8644
2313,6.3326,1.7891,4.7697,9232.30,47669004.62,3955549.58,246055991.70,271436484.81,517492476.52,34890.39,2.42294347,0.00021800,0.00697611,0.00436007,0.00093312,0.00529319,963591131.68,1504.3047
2314,6.3354,1.7889,4.7693,9249.85,47674156.77,3955701.42,246082553.40,271444803.43,517527356.83,34880.31,2.42224393,0.00021796,0.00697468,0.00435917,0.00093139,0.00529056,963624011.99,1504.7446
2315,6.3381,1.7888,4.7689,9267.43,47679308.49,3955853.23,246109106.70,271453120.37,517562227.07,34870.24,2.42154461,0.00021791,0.00697325,0.00435828,0.00092965,0.00528793,963656882.23,1505.1840
2316,6.3409,1.7886,4.7685,9285.04,47684459.78,3956005.02,246135651.59,271461435.66,517597087.25,34860.18,2.42084550,0.00021787,0.00697181,0.00435738,0.00092792,0.00528530,963689742.41,1505.6229
2317,6.3436,1.7885,4.7681,9302.69,47689610.64,3956156.78,246162188.08,271469749.28,517631937.36,34850.11,2.42014662,0.00021782,0.00697038,0.00435649,0.00092619,0.00528268,963722592.52,1506.0614
2318,6.3463,1.7883,4.7677,9320.38,47694761.08,3956308.51,246188716.17,271478061.23,517666777.41,34840.05,2.41944796,0.00021778,0.00696895,0.00435560,0.00092446,0.00528006,963755432.57,1506.4994
2319,6.3491,1.7882,4.7673,9338.09,47699911.08,3956460.21,246215235.88,271486371.52,517701607.40,34829.99,2.41874952,0.00021774,0.00696752,0.00435470,0.00092274,0.00527744,963788262.56,1506.9370
2320,6.3518,1.7880,4.7669,9355.84,47705060.65,3956611.89,246241747.19,271494680.15,517736427.34,34819.94,2.41805130,0.00021769,0.00696609,0.00435381,0.00092102,0.00527483,963821082.50,1507.3740
2321,6.3546,1.7879,4.7665,9373.63,47710209.79,3956763.53,246268250.11,271502987.12,517771237.23,34809.89,2.41735330,0.00021765,0.00696466,0.00435291,0.00091931,0.00527222,963853892.39,1507.8106
2322,6.3573,1.7877,4.7661,9391.45,47715358.51,3956915.15,246294744.64,271511292.42,517806037.07,34799.84,2.41665552,0.00021760,0.00696323,0.00435202,0.00091759,0.00526961,963886692.23,1508.2468
2323,6.3600,1.7876,4.7657,9409.30,47720506.79,3957066.74,246321230.79,271519596.07,517840826.86,34789.79,2.41595796,0.00021756,0.00696180,0.00435113,0.00091588,0.00526701,963919482.02,1508.6824
2324,6.3628,1.7874,4.7653,9427.18,47725654.64,3957218.31,246347708.56,271527898.05,517875606.61,34779.75,2.41526062,0.00021751,0.00696038,0.00435023,0.00091418,0.00526441,963952261.78,1509.1176
2325,6.3655,1.7873,4.7649,9445.10,47730802.07,3957369.84,246374177.96,271536198.37,517910376.33,34769.71,2.41456349,0.00021747,0.00695895,0.00434934,0.00091247,0.00526182,963985031.49,1509.5524
2326,6.3682,1.7872,4.7645,9463.06,47735949.06,3957521.35,246400638.97,271544497.03,517945136.01,34759.68,2.41386659,0.00021742,0.00695752,0.00434845,0.00091077,0.00525922,964017791.17,1509.9866
2327,6.3710,1.7870,4.7641,9481.04,47741095.63,3957672.83,246427091.62,271552794.04,517979885.65,34749.65,2.41316991,0.00021738,0.00695609,0.00434756,0.00090908,0.00525663,964050540.82,1510.4204
2328,6.3737,1.7869,4.7637,9499.07,47746241.76,3957824.28,246453535.89,271561089.38,518014625.27,34739.62,2.41247344,0.00021733,0.00695466,0.00434667,0.00090738,0.00525405,964083280.43,1510.8538
2329,6.3765,1.7867,4.7634,9517.12,47751387.47,3957975.71,246479971.80,271569383.06,518049354.86,34729.59,2.41177720,0.00021729,0.00695324,0.00434577,0.00090569,0.00525147,964116010.03,1511.2866
2330,6.3792,1.7866,4.7630,9535.21,47756532.75,3958127.11,246506399.34,271577675.09,518084074.43,34719.57,2.41108117,0.00021724,0.00695181,0.00434488,0.00090400,0.00524889,964148729.59,1511.7190
2331,6.3819,1.7864,4.7626,9553.34,47761677.60,3958278.48,246532818.52,271585965.46,518118783.98,34709.55,2.41038536,0.00021720,0.00695039,0.00434399,0.00090232,0.00524631,964181439.14,1512.1510
2332,6.3847,1.7863,4.7622,9571.50,47766822.01,3958429.82,246559229.34,271594254.17,518153483.51,34699.53,2.40968978,0.00021715,0.00694896,0.00434310,0.00090064,0.00524374,964214138.68,1512.5825
2333,6.3874,1.7861,4.7618,9589.69,47771966.00,3958581.13,246585631.80,271602541.23,518188173.03,34689.52,2.40899441,0.00021711,0.00694753,0.00434221,0.00089896,0.00524117,964246828.20,1513.0135
2334,6.3901,1.7860,4.7614,9607.92,47777109.56,3958732.42,246612025.91,271610826.63,518222852.54,34679.51,2.40829926,0.00021707,0.00694611,0.00434132,0.00089728,0.00523860,964279507.71,1513.4440
2335,6.3929,1.7858,4.7610,9626.18,47782252.69,3958883.68,246638411.67,271619110.38,518257522.04,34669.50,2.40760433,0.00021702,0.00694468,0.00434043,0.00089561,0.00523604,964312177.21,1513.8741
2336,6.3956,1.7857,4.7606,9644.48,47787395.40,3959034.91,246664789.08,271627392.47,518292181.54,34659.50,2.40690961,0.00021698,0.00694326,0.00433954,0.00089394,0.00523348,964344836.71,1514.3037
2337,6.3984,1.7855,4.7602,9662.81,47792537.67,3959186.11,246691158.14,271635672.90,518326831.04,34649.50,2.40621512,0.00021693,0.00694184,0.00433865,0.00089228,0.00523092,964377486.20,1514.7329
2338,6.4011,1.7854,4.7598,9681.18,47797679.51,3959337.28,246717518.85,271643951.69,518361470.54,34639.50,2.40552085,0.00021689,0.00694041,0.00433776,0.00089062,0.00522837,964410125.70,1515.1616
2339,6.4038,1.7852,4.7594,9699.58,47802820.93,3959488.43,246743871.23,271652228.82,518396100.05,34629.51,2.40482679,0.00021684,0.00693899,0.00433687,0.00088896,0.00522582,964442755.21,1515.5898
2340,6.4066,1.7851,4.7590,9718.02,47807961.91,3959639.55,246770215.27,271660504.29,518430719.56,34619.51,2.40413295,0.00021680,0.00693756,0.00433598,0.00088730,0.00522328,964475374.72,1516.0175
2341,6.4093,1.7849,4.7586,9736.49,47813102.47,3959790.64,246796550.97,271668778.12,518465329.09,34609.53,2.40343933,0.00021675,0.00693614,0.00433509,0.00088565,0.00522073,964507984.25,1516.4448
2342,6.4120,1.7848,4.7582,9755.00,47818242.59,3959941.71,246822878.34,271677050.29,518499928.63,34599.54,2.40274593,0.00021671,0.00693472,0.00433420,0.00088400,0.00521820,964540583.79,1516.8717
2343,6.4148,1.7846,4.7578,9773.54,47823382.29,3960092.75,246849197.38,271685320.81,518534518.19,34589.56,2.40205275,0.00021667,0.00693330,0.00433331,0.00088235,0.00521566,964573173.35,1517.2980
2344,6.4175,1.7845,4.7574,9792.12,47828521.56,3960243.76,246875508.09,271693589.68,518569097.77,34579.58,2.40135978,0.00021662,0.00693188,0.00433242,0.00088070,0.00521313,964605752.93,1517.7240
2345,6.4203,1.7843,4.7570,9810.73,47833660.40,3960394.74,246901810.48,271701856.90,518603667.37,34569.61,2.40066704,0.00021658,0.00693045,0.00433153,0.00087906,0.00521060,964638322.54,1518.1494
2346,6.4230,1.7842,4.7566,9829.38,47838798.81,3960545.69,246928104.54,271710122.47,518638227.01,34559.63,2.39997451,0.00021653,0.00692903,0.00433065,0.00087742,0.00520807,964670882.17,1518.5744
2347,6.4257,1.7840,4.7562,9848.07,47843936.80,3960696.62,246954390.28,271718386.39,518672776.67,34549.66,2.39928220,0.00021649,0.00692761,0.00432976,0.00087579,0.00520555,964703431.83,1518.9989
2348,6.4285,1.7839,4.7558,9866.79,47849074.35,3960847.52,246980667.71,271726648.66,518707316.37,34539.70,2.39859010,0.00021644,0.00692619,0.00432887,0.00087416,0.00520303,964735971.53,1519.4230
2349,6.4312,1.7837,4.7554,9885.54,47854211.48,3960998.39,247006936.82,271734909.29,518741846.10,34529.73,2.39789823,0.00021640,0.00692477,0.00432798,0.00087253,0.00520051,964768501.27,1519.8465
2350,6.4339,1.7836,4.7550,9904.33,47859348.17,3961149.23,247033197.62,271743168.26,518776365.88,34519.77,2.39720657,0.00021635,0.00692335,0.00432710,0.00087090,0.00519800,964801021.04,1520.2697
2351,6.4367,1.7834,4.7546,9923.16,47864484.44,3961300.05,247059450.10,271751425.59,518810875.70,34509.82,2.39651513,0.00021631,0.00692193,0.00432621,0.00086928,0.00519549,964833530.86,1520.6923
2352,6.4394,1.7833,4.7542,9942.02,47869620.28,3961450.84,247085694.29,271759681.27,518845375.56,34499.86,2.39582391,0.00021627,0.00692051,0.00432532,0.00086766,0.00519298,964866030.72,1521.1146
2353,6.4422,1.7831,4.7538,9960.92,47874755.69,3961601.60,247111930.16,271767935.31,518879865.47,34489.91,2.39513290,0.00021622,0.00691910,0.00432443,0.00086604,0.00519048,964898520.64,1521.5363
2354,6.4449,1.7830,4.7534,9979.85,47879890.68,3961752.33,247138157.74,271776187.70,518914345.44,34479.97,2.39444211,0.00021618,0.00691768,0.00432355,0.00086443,0.00518798,964931000.60,1521.9576
2355,6.4476,1.7828,4.7530,9998.82,47885025.23,3961903.04,247164377.02,271784438.44,518948815.46,34470.02,2.39375154,0.00021613,0.00691626,0.00432266,0.00086282,0.00518548,964963470.63,1522.3784
2356,6.4504,1.7827,4.7526,10017.83,47890159.36,3962053.71,247190588.00,271792687.54,518983275.54,34460.08,2.39306119,0.00021609,0.00691484,0.00432178,0.00086121,0.00518299,964995930.71,1522.7988
2357,6.4531,1.7825,4.7522,10036.87,47895293.05,3962204.36,247216790.69,271800935.00,519017725.69,34450.14,2.39237106,0.00021604,0.00691342,0.00432089,0.00085960,0.00518049,965028380.85,1523.2187
2358,6.4559,1.7824,4.7518,10055.95,47900426.32,3962354.99,247242985.08,271809180.81,519052165.90,34440.21,2.39168114,0.00021600,0.00691201,0.00432000,0.00085800,0.00517801,965060821.06,1523.6381
2359,6.4586,1.7822,4.7514,10075.06,47905559.16,3962505.58,247269171.19,271817424.98,519086596.17,34430.28,2.39099144,0.00021596,0.00691059,0.00431912,0.00085640,0.00517552,965093251.33,1524.0571
2360,6.4613,1.7821,4.7510,10094.21,47910691.57,3962656.15,247295349.01,271825667.51,519121016.52,34420.35,2.39030195,0.00021591,0.00690917,0.00431823,0.00085481,0.00517304,965125671.68,1524.4756
2361,6.4641,1.7819,4.7506,10113.40,47915823.56,3962806.69,247321518.55,271833908.39,519155426.94,34410.42,2.38961268,0.00021587,0.00690776,0.00431735,0.00085321,0.00517056,965158082.11,1524.8937
2362,6.4668,1.7818,4.7503,10132.63,47920955.11,3962957.20,247347679.81,271842147.63,519189827.44,34400.50,2.38892363,0.00021582,0.00690634,0.00431646,0.00085162,0.00516809,965190482.61,1525.3113
2363,6.4695,1.7816,4.7499,10151.89,47926086.24,3963107.69,247373832.79,271850385.23,519224218.02,34390.58,2.38823480,0.00021578,0.00690493,0.00431558,0.00085004,0.00516562,965222873.19,1525.7284
2364,6.4723,1.7815,4.7495,10171.18,47931216.94,3963258.15,247399977.49,271858621.20,519258598.69,34380.67,2.38754618,0.00021573,0.00690351,0.00431470,0.00084845,0.00516315,965255253.85,1526.1451
2365,6.4750,1.7813,4.7491,10190.52,47936347.21,3963408.58,247426113.93,271866855.52,519292969.44,34370.75,2.38685778,0.00021569,0.00690210,0.00431381,0.00084687,0.00516068,965287624.60,1526.5613
2366,6.4778,1.7812,4.7487,10209.89,47941477.05,3963558.98,247452242.09,271875088.20,519327330.28,34360.84,2.38616960,0.00021565,0.00690068,0.00431293,0.00084529,0.00515822,965319985.45,1526.9771
2367,6.4805,1.7810,4.7483,10229.30,47946606.47,3963709.36,247478361.98,271883319.24,519361681.22,34350.94,2.38548163,0.00021560,0.00689927,0.00431204,0.00084372,0.00515576,965352336.38,1527.3924
2368,6.4832,1.7809,4.7479,10248.74,47951735.45,3963859.71,247504473.61,271891548.64,519396022.25,34341.03,2.38479388,0.00021556,0.00689786,0.00431116,0.00084214,0.00515331,965384677.41,1527.8072
2369,6.4860,1.7807,4.7475,10268.22,47956864.01,3964010.03,247530576.98,271899776.40,519430353.38,34331.13,2.38410634,0.00021551,0.00689644,0.00431028,0.00084058,0.00515085,965417008.54,1528.2216
2370,6.4887,1.7806,4.7471,10287.74,47961992.14,3964160.32,247556672.09,271908002.53,519464674.62,34321.23,2.38341903,0.00021547,0.00689503,0.00430939,0.00083901,0.00514840,965449329.78,1528.6355
2371,6.4914,1.7805,4.7467,10307.29,47967119.85,3964310.59,247582758.94,271916227.02,519498985.96,34311.34,2.38273192,0.00021543,0.00689362,0.00430851,0.00083744,0.00514596,965481641.12,1529.0490
2372,6.4942,1.7803,4.7463,10326.89,47972247.12,3964460.83,247608837.53,271924449.87,519533287.40,34301.45,2.38204504,0.00021538,0.00689221,0.00430763,0.00083588,0.00514351,965513942.57,1529.4620
2373,6.4969,1.7802,4.7459,10346.52,47977373.97,3964611.04,247634907.88,271932671.09,519567578.96,34291.56,2.38135837,0.00021534,0.00689079,0.00430675,0.00083433,0.00514107,965546234.13,1529.8745
2374,6.4997,1.7800,4.7455,10366.18,47982500.39,3964761.22,247660969.97,271940890.67,519601860.64,34281.68,2.38067191,0.00021529,0.00688938,0.00430586,0.00083277,0.00513864,965578515.80,1530.2866
2375,6.5024,1.7799,4.7451,10385.89,47987626.38,3964911.38,247687023.82,271949108.61,519636132.43,34271.79,2.37998567,0.00021525,0.00688797,0.00430498,0.00083122,0.00513620,965610787.60,1530.6983
2376,6.5051,1.7797,4.7447,10405.63,47992751.94,3965061.51,247713069.42,271957324.92,519670394.35,34261.91,2.37929965,0.00021521,0.00688656,0.00430410,0.00082967,0.00513377,965643049.51,1531.1094
2377,6.5079,1.7796,4.7443,10425.41,47997877.08,3965211.61,247739106.79,271965539.60,519704646.39,34252.04,2.37861384,0.00021516,0.00688515,0.00430322,0.00082812,0.00513134,965675301.55,1531.5202
2378,6.5106,1.7794,4.7439,10445.23,48003001.79,3965361.68,247765135.91,271973752.64,519738888.56,34242.17,2.37792825,0.00021512,0.00688374,0.00430234,0.00082658,0.00512892,965707543.72,1531.9304
2379,6.5133,1.7793,4.7435,10465.08,48008126.07,3965511.73,247791156.80,271981964.05,519773120.85,34232.30,2.37724288,0.00021507,0.00688233,0.00430146,0.00082504,0.00512650,965739776.02,1532.3402
2380,6.5161,1.7791,4.7431,10484.97,48013249.92,3965661.75,247817169.45,271990173.83,519807343.28,34222.43,2.37655772,0.00021503,0.00688092,0.00430058,0.00082350,0.00512408,965771998.45,1532.7496
2381,6.5188,1.7790,4.7427,10504.90,48018373.35,3965811.74,247843173.88,271998381.97,519841555.85,34212.57,2.37587277,0.00021498,0.00687951,0.00429970,0.00082197,0.00512166,965804211.01,1533.1585
2382,6.5216,1.7788,4.7423,10524.87,48023496.35,3965961.70,247869170.07,272006588.49,519875758.56,34202.71,2.37518804,0.00021494,0.00687810,0.00429881,0.00082043,0.00511925,965836413.72,1533.5669
2383,6.5243,1.7787,4.7419,10544.88,48028618.92,3966111.64,247895158.04,272014793.37,519909951.41,34192.85,2.37450353,0.00021490,0.00687670,0.00429793,0.00081890,0.00511684,965868606.57,1533.9749
2384,6.5270,1.7785,4.7415,10564.92,48033741.06,3966261.55,247921137.79,272022996.62,519944134.41,34183.00,2.37381923,0.00021485,0.00687529,0.00429705,0.00081738,0.00511443,965900789.57,1534.3824
2385,6.5298,1.7784,4.7411,10585.00,48038862.78,3966411.43,247947109.31,272031198.24,519978307.55,34173.15,2.37313515,0.00021481,0.00687388,0.00429617,0.00081585,0.00511203,965932962.72,1534.7895
2386,6.5325,1.7782,4.7407,10605.12,48043984.06,3966561.29,247973072.62,272039398.23,520012470.85,34163.30,2.37245128,0.00021476,0.00687247,0.00429530,0.00081433,0.00510963,965965126.01,1535.1961
2387,6.5352,1.7781,4.7404,10625.28,48049104.93,3966711.12,247999027.71,272047596.59,520046624.31,34153.45,2.37176763,0.00021472,0.00687107,0.00429442,0.00081282,0.00510723,965997279.47,1535.6023
2388,6.5380,1.7779,4.7400,10645.48,48054225.36,3966860.92,248024974.59,272055793.33,520080767.92,34143.61,2.37108419,0.00021468,0.00686966,0.00429354,0.00081130,0.00510484,966029423.08,1536.0080
2389,6.5407,1.7778,4.7396,10665.72,48059345.37,3967010.69,248050913.26,272063988.43,520114901.69,34133.77,2.37040097,0.00021463,0.00686825,0.00429266,0.00080979,0.00510245,966061556.85,1536.4132
2390,6.5435,1.7776,4.7392,10685.99,48064464.95,3967160.44,248076843.72,272072181.91,520149025.63,34123.94,2.36971796,0.00021459,0.00686685,0.00429178,0.00080828,0.00510006,966093680.79,1536.8180
2391,6.5462,1.7775,4.7388,10706.30,48069584.10,3967310.16,248102765.98,272080373.76,520183139.74,34114.11,2.36903516,0.00021455,0.00686544,0.00429090,0.00080677,0.00509767,966125794.90,1537.2224
2392,6.5489,1.7773,4.7384,10726.65,48074702.82,3967459.85,248128680.03,272088563.98,520217244.01,34104.28,2.36835258,0.00021450,0.00686404,0.00429002,0.00080527,0.00509529,966157899.18,1537.6262
2393,6.5517,1.7772,4.7380,10747.04,48079821.12,3967609.51,248154585.89,272096752.58,520251338.47,34094.45,2.36767022,0.00021446,0.00686263,0.00428914,0.00080377,0.00509291,966189993.63,1538.0297
2394,6.5544,1.7770,4.7376,10767.47,48084938.99,3967759.15,248180483.55,272104939.55,520285423.09,34084.63,2.36698807,0.00021441,0.00686123,0.00428827,0.00080227,0.00509054,966222078.26,1538.4326
2395,6.5572,1.7769,4.7372,10787.94,48090056.43,3967908.76,248206373.01,272113124.89,520319497.90,34074.81,2.36630613,0.00021437,0.00685982,0.00428739,0.00080077,0.00508816,966254153.06,1538.8352
2396,6.5599,1.7767,4.7368,10808.44,48095173.45,3968058.34,248232254.28,272121308.61,520353562.89,34064.99,2.36562441,0.00021433,0.00685842,0.00428651,0.00079928,0.00508579,966286218.06,1539.2372
2397,6.5626,1.7766,4.7364,10828.99,48100290.04,3968207.90,248258127.36,272129490.71,520387618.07,34055.18,2.36494290,0.00021428,0.00685701,0.00428563,0.00079779,0.00508342,966318273.23,1539.6389
2398,6.5654,1.7764,4.7360,10849.57,48105406.20,3968357.43,248283992.26,272137671.18,520421663.44,34045.37,2.36426161,0.00021424,0.00685561,0.00428476,0.00079630,0.00508106,966350318.60,1540.0400
2399,6.5681,1.7763,4.7356,10870.20,48110521.94,3968506.93,248309848.97,272145850.03,520455699.00,34035.56,2.36358053,0.00021419,0.00685421,0.00428388,0.00079482,0.00507870,966382354.16,1540.4407
2400,6.5708,1.7761,4.7352,10890.86,48115637.25,3968656.40,248335697.50,272154027.26,520489724.75,34025.76,2.36289967,0.00021415,0.00685280,0.00428300,0.00079334,0.00507634,966414379.92,1540.8410
2401,6.5736,1.7760,4.7348,10911.56,48120752.13,3968805.85,248361537.85,272162202.86,520523740.71,34015.95,2.36221902,0.00021411,0.00685140,0.00428213,0.00079186,0.00507399,966446395.87,1541.2408
2402,6.5763,1.7759,4.7344,10932.30,48125866.58,3968955.27,248387370.02,272170376.84,520557746.86,34006.16,2.36153858,0.00021406,0.00685000,0.00428125,0.00079038,0.00507163,966478402.03,1541.6402
2403,6.5791,1.7757,4.7340,10953.08,48130980.61,3969104.66,248413194.02,272178549.20,520591743.22,33996.36,2.36085836,0.00021402,0.00684860,0.00428037,0.00078891,0.00506928,966510398.39,1542.0391
2404,6.5818,1.7756,4.7336,10973.90,48136094.21,3969254.02,248439009.85,272186719.94,520625729.79,33986.57,2.36017835,0.00021397,0.00684720,0.00427950,0.00078744,0.00506694,966542384.95,1542.4375
2405,6.5845,1.7754,4.7332,10994.76,48141207.39,3969403.36,248464817.51,272194889.06,520659706.57,33976.78,2.35949856,0.00021393,0.00684580,0.00427862,0.00078597,0.00506459,966574361.73,1542.8355
2406,6.5873,1.7753,4.7328,11015.66,48146320.14,3969552.67,248490617.00,272203056.56,520693673.56,33966.99,2.35881897,0.00021389,0.00684440,0.00427775,0.00078451,0.00506225,966606328.73,1543.2331
2407,6.5900,1.7751,4.7324,11036.60,48151432.46,3969701.96,248516408.33,272211222.44,520727630.77,33957.21,2.35813961,0.00021384,0.00684300,0.00427687,0.00078304,0.00505992,966638285.94,1543.6302
2408,6.5927,1.7750,4.7321,11057.58,48156544.35,3969851.21,248542191.50,272219386.70,520761578.20,33947.43,2.35746045,0.00021380,0.00684160,0.00427600,0.00078158,0.00505758,966670233.37,1544.0268
2409,6.5955,1.7748,4.7317,11078.60,48161655.82,3970000.44,248567966.51,272227549.35,520795515.86,33937.65,2.35678151,0.00021376,0.00684020,0.00427512,0.00078013,0.00505525,966702171.02,1544.4230
2410,6.5982,1.7747,4.7313,11099.66,48166766.86,3970149.64,248593733.37,272235710.37,520829443.74,33927.88,2.35610278,0.00021371,0.00683880,0.00427425,0.00077867,0.00505292,966734098.90,1544.8188
2411,6.6010,1.7745,4.7309,11120.76,48171877.48,3970298.82,248619492.07,272243869.78,520863361.85,33918.11,2.35542427,0.00021367,0.00683740,0.00427337,0.00077722,0.00505059,966766017.01,1545.2141
2412,6.6037,1.7744,4.7305,11141.89,48176987.67,3970447.97,248645242.62,272252027.57,520897270.19,33908.34,2.35474597,0.00021362,0.00683600,0.00427250,0.00077577,0.00504827,966797925.35,1545.6089
2413,6.6064,1.7742,4.7301,11163.07,48182097.43,3970597.09,248670985.02,272260183.74,520931168.77,33898.58,2.35406788,0.00021358,0.00683460,0.00427163,0.00077433,0.00504595,966829823.93,1546.0033
2414,6.6092,1.7741,4.7297,11184.29,48187206.76,3970746.18,248696719.28,272268338.30,520965057.58,33888.82,2.35339001,0.00021354,0.00683320,0.00427075,0.00077288,0.00504363,966861712.75,1546.3972
2415,6.6119,1.7739,4.7293,11205.55,48192315.67,3970895.25,248722445.40,272276491.25,520998936.64,33879.06,2.35271235,0.00021349,0.00683181,0.00426988,0.00077144,0.00504132,966893591.80,1546.7907
2416,6.6146,1.7738,4.7289,11226.85,48197424.16,3971044.29,248748163.37,272284642.57,521032805.94,33869.30,2.35203490,0.00021345,0.00683041,0.00426901,0.00077000,0.00503901,966925461.11,1547.1838
2417,6.6174,1.7736,4.7285,11248.19,48202532.21,3971193.30,248773873.21,272292792.29,521066665.49,33859.55,2.35135766,0.00021341,0.00682901,0.00426813,0.00076857,0.00503670,966957320.66,1547.5764
2418,6.6201,1.7735,4.7281,11269.57,48207639.84,3971342.29,248799574.91,272300940.39,521100515.30,33849.80,2.35068064,0.00021336,0.00682762,0.00426726,0.00076713,0.00503439,966989170.46,1547.9685
2419,6.6229,1.7733,4.7277,11290.99,48212747.05,3971491.24,248825268.48,272309086.87,521134355.35,33840.06,2.35000383,0.00021332,0.00682622,0.00426639,0.00076570,0.00503209,967021010.51,1548.3602
2420,6.6256,1.7732,4.7273,11312.46,48217853.83,3971640.18,248850953.92,272317231.75,521168185.66,33830.31,2.34932723,0.00021328,0.00682482,0.00426551,0.00076428,0.00502979,967052840.83,1548.7515
2421,6.6283,1.7730,4.7269,11333.96,48222960.18,3971789.08,248876631.23,272325375.01,521202006.23,33820.57,2.34865084,0.00021323,0.00682343,0.00426464,0.00076285,0.00502749,967084661.40,1549.1423
2422,6.6311,1.7729,4.7265,11355.50,48228066.11,3971937.96,248902300.41,272333516.66,521235817.07,33810.84,2.34797467,0.00021319,0.00682203,0.00426377,0.00076143,0.00502520,967116472.23,1549.5327
2423,6.6338,1.7727,4.7261,11377.09,48233171.61,3972086.81,248927961.48,272341656.69,521269618.17,33801.10,2.34729871,0.00021314,0.00682064,0.00426290,0.00076001,0.00502291,967148273.33,1549.9226
2424,6.6366,1.7726,4.7257,11398.71,48238276.68,3972235.63,248953614.42,272349795.12,521303409.54,33791.37,2.34662296,0.00021310,0.00681924,0.00426203,0.00075859,0.00502062,967180064.70,1550.3120
2425,6.6393,1.7724,4.7253,11420.38,48243381.33,3972384.43,248979259.25,272357931.93,521337191.18,33781.64,2.34594743,0.00021306,0.00681785,0.00426116,0.00075718,0.00501833,967211846.35,1550.7011
2426,6.6420,1.7723,4.7249,11442.09,48248485.55,3972533.20,249004895.96,272366067.14,521370963.10,33771.92,2.34527211,0.00021301,0.00681646,0.00426028,0.00075577,0.00501605,967243618.27,1551.0896
2427,6.6448,1.7722,4.7246,11463.84,48253589.35,3972681.94,249030524.57,272374200.73,521404725.30,33762.20,2.34459700,0.00021297,0.00681506,0.00425941,0.00075436,0.00501377,967275380.46,1551.4778
2428,6.6475,1.7720,4.7242,11485.63,48258692.72,3972830.65,249056145.06,272382332.72,521438477.78,33752.48,2.34392210,0.00021293,0.00681367,0.00425854,0.00075295,0.00501149,967307132.94,1551.8654
2429,6.6502,1.7719,4.7238,11507.46,48263795.66,3972979.34,249081757.44,272390463.10,521472220.54,33742.76,2.34324741,0.00021288,0.00681228,0.00425767,0.00075155,0.00500922,967338875.70,1552.2527
2430,6.6530,1.7717,4.7234,11529.34,48268898.18,3973128.00,249107361.72,272398591.87,521505953.59,33733.05,2.34257293,0.00021284,0.00681088,0.00425680,0.00075015,0.00500695,967370608.75,1552.6395
2431,6.6557,1.7716,4.7230,11551.25,48274000.27,3973276.64,249132957.90,272406719.03,521539676.93,33723.34,2.34189867,0.00021280,0.00680949,0.00425593,0.00074875,0.00500468,967402332.09,1553.0258
2432,6.6585,1.7714,4.7226,11573.21,48279101.94,3973425.24,249158545.98,272414844.59,521573390.57,33713.63,2.34122462,0.00021275,0.00680810,0.00425506,0.00074735,0.00500241,967434045.73,1553.4117
2433,6.6612,1.7713,4.7222,11595.21,48284203.18,3973573.82,249184125.96,272422968.53,521607094.50,33703.93,2.34055078,0.00021271,0.00680671,0.00425419,0.00074596,0.00500015,967465749.66,1553.7971
2434,6.6639,1.7711,4.7218,11617.25,48289304.00,3973722.38,249209697.85,272431090.88,521640788.73,33694.23,2.33987715,0.00021267,0.00680532,0.00425332,0.00074457,0.00499789,967497443.89,1554.1822
2435,6.6667,1.7710,4.7214,11639.33,48294404.39,3973870.90,249235261.65,272439211.61,521674473.26,33684.53,2.33920374,0.00021262,0.00680393,0.00425245,0.00074318,0.00499563,967529128.43,1554.5667
2436,6.6694,1.7708,4.7210,11661.46,48299504.35,3974019.40,249260817.36,272447330.74,521708148.10,33674.84,2.33853053,0.00021258,0.00680254,0.00425158,0.00074179,0.00499338,967560803.27,1554.9508
2437,6.6721,1.7707,4.7206,11683.62,48304603.89,3974167.87,249286364.98,272455448.27,521741813.25,33665.15,2.33785754,0.00021254,0.00680115,0.00425072,0.00074041,0.00499113,967592468.41,1555.3345
2438,6.6749,1.7705,4.7202,11705.83,48309703.00,3974316.32,249311904.52,272463564.19,521775468.71,33655.46,2.33718476,0.00021249,0.00679976,0.00424985,0.00073903,0.00498888,967624123.87,1555.7177
2439,6.6776,1.7704,4.7198,11728.08,48314801.69,3974464.74,249337435.98,272471678.51,521809114.49,33645.78,2.33651219,0.00021245,0.00679837,0.00424898,0.00073765,0.00498663,967655769.65,1556.1005
2440,6.6804,1.7702,4.7194,11750.37,48319899.95,3974613.13,249362959.35,272479791.23,521842750.58,33636.09,2.33583983,0.00021241,0.00679698,0.00424811,0.00073628,0.00498439,967687405.74,1556.4829
2441,6.6831,1.7701,4.7190,11772.71,48324997.79,3974761.49,249388474.66,272487902.34,521876376.99,33626.41,2.33516768,0.00021236,0.00679559,0.00424724,0.00073490,0.00498215,967719032.16,1556.8648
2442,6.6858,1.7699,4.7186,11795.09,48330095.20,3974909.83,249413981.88,272496011.85,521909993.73,33616.74,2.33449574,0.00021232,0.00679420,0.00424637,0.00073353,0.00497991,967750648.90,1557.2462
2443,6.6886,1.7698,4.7183,11817.51,48335192.19,3975058.14,249439481.04,272504119.76,521943600.80,33607.07,2.33382402,0.00021228,0.00679281,0.00424551,0.00073216,0.00497767,967782255.96,1557.6272
2444,6.6913,1.7696,4.7179,11839.97,48340288.75,3975206.43,249464972.13,272512226.06,521977198.20,33597.40,2.33315250,0.00021223,0.00679142,0.00424464,0.00073080,0.00497544,967813853.36,1558.0078
2445,6.6940,1.7695,4.7175,11862.48,48345384.88,3975354.69,249490455.15,272520330.77,522010785.92,33587.73,2.33248120,0.00021219,0.00679004,0.00424377,0.00072944,0.00497321,967845441.09,1558.3879
2446,6.6968,1.7693,4.7171,11885.03,48350480.59,3975502.92,249515930.11,272528433.88,522044363.99,33578.07,2.33181010,0.00021215,0.00678865,0.00424291,0.00072808,0.00497098,967877019.15,1558.7676
2447,6.6995,1.7692,4.7167,11907.62,48355575.88,3975651.12,249541397.01,272536535.38,522077932.40,33568.40,2.33113922,0.00021210,0.00678726,0.00424204,0.00072672,0.00496876,967908587.56,1559.1469
2448,6.7023,1.7690,4.7163,11930.25,48360670.74,3975799.30,249566855.85,272544635.29,522111491.14,33558.75,2.33046855,0.00021206,0.00678588,0.00424117,0.00072536,0.00496654,967940146.30,1559.5257
2449,6.7050,1.7689,4.7159,11952.93,48365765.17,3975947.45,249592306.64,272552733.60,522145040.23,33549.09,2.32979809,0.00021202,0.00678449,0.00424031,0.00072401,0.00496432,967971695.40,1559.9040
2450,6.7077,1.7688,4.7155,11975.65,48370859.18,3976095.57,249617749.37,272560830.31,522178579.68,33539.44,2.32912784,0.00021197,0.00678310,0.00423944,0.00072266,0.00496210,968003234.84,1560.2819
2451,6.7105,1.7686,4.7151,11998.41,48375952.77,3976243.67,249643184.05,272568925.42,522212109.47,33529.79,2.32845780,0.00021193,0.00678172,0.00423857,0.00072131,0.00495989,968034764.63,1560.6594
2452,6.7132,1.7685,4.7147,12021.22,48381045.92,3976391.73,249668610.68,272577018.93,522245629.61,33520.15,2.32778797,0.00021189,0.00678033,0.00423771,0.00071997,0.00495768,968066284.78,1561.0365
2453,6.7159,1.7683,4.7143,12044.07,48386138.66,3976539.78,249694029.27,272585110.85,522279140.12,33510.50,2.32711835,0.00021184,0.00677895,0.00423684,0.00071863,0.00495547,968097795.28,1561.4131
2454,6.7187,1.7682,4.7139,12066.97,48391230.97,3976687.79,249719439.81,272593201.17,522312640.98,33500.86,2.32644894,0.00021180,0.00677756,0.00423598,0.00071729,0.00495326,968129296.15,1561.7892
2455,6.7214,1.7680,4.7135,12089.90,48396322.85,3976835.78,249744842.32,272601289.89,522346132.21,33491.23,2.32577974,0.00021176,0.00677618,0.00423511,0.00071595,0.00495106,968160787.37,1562.1649
2456,6.7242,1.7679,4.7131,12112.88,48401414.31,3976983.74,249770236.78,272609377.02,522379613.81,33481.59,2.32511075,0.00021171,0.00677480,0.00423425,0.00071461,0.00494886,968192268.97,1562.5402
2457,6.7269,1.7677,4.7127,12135.91,48406505.35,3977131.68,249795623.22,272617462.56,522413085.77,33471.96,2.32444197,0.00021167,0.00677341,0.00423338,0.00071328,0.00494666,968223740.93,1562.9151
2458,6.7296,1.7676,4.7123,12158.98,48411595.96,3977279.59,249821001.61,272625546.49,522446548.11,33462.34,2.32377340,0.00021163,0.00677203,0.00423252,0.00071195,0.00494447,968255203.27,1563.2895
2459,6.7324,1.7674,4.7120,12182.09,48416686.14,3977427.47,249846371.98,272633628.84,522480000.82,33452.71,2.32310504,0.00021158,0.00677065,0.00423165,0.00071062,0.00494228,968286655.98,1563.6634
2460,6.7351,1.7673,4.7116,12205.25,48421775.90,3977575.33,249871734.32,272641709.59,522513443.91,33443.09,2.32243690,0.00021154,0.00676926,0.00423079,0.00070930,0.00494009,968318099.07,1564.0370
2461,6.7379,1.7671,4.7112,12228.45,48426865.24,3977723.15,249897088.64,272649788.75,522546877.38,33433.47,2.32176896,0.00021150,0.00676788,0.00422993,0.00070798,0.00493790,968349532.55,1564.4101
2462,6.7406,1.7670,4.7108,12251.69,48431954.15,3977870.96,249922434.93,272657866.32,522580301.24,33423.86,2.32110123,0.00021145,0.00676650,0.00422906,0.00070666,0.00493572,968380956.41,1564.7827
2463,6.7433,1.7668,4.7104,12274.98,48437042.64,3978018.73,249947773.20,272665942.29,522613715.49,33414.25,2.32043371,0.00021141,0.00676512,0.00422820,0.00070534,0.00493354,968412370.65,1565.1549
2464,6.7461,1.7667,4.7100,12298.31,48442130.70,3978166.48,249973103.45,272674016.67,522647120.12,33404.64,2.31976640,0.00021137,0.00676374,0.00422734,0.00070402,0.00493136,968443775.29,1565.5267
2465,6.7488,1.7665,4.7096,12321.69,48447218.33,3978314.20,249998425.69,272682089.46,522680515.15,33395.03,2.31909930,0.00021132,0.00676236,0.00422647,0.00070271,0.00492918,968475170.32,1565.8980
2466,6.7515,1.7664,4.7092,12345.11,48452305.55,3978461.90,250023739.92,272690160.66,522713900.58,33385.43,2.31843240,0.00021128,0.00676098,0.00422561,0.00070140,0.00492701,968506555.74,1566.2689
2467,6.7543,1.7662,4.7088,12368.58,48457392.34,3978609.56,250049046.14,272698230.27,522747276.41,33375.83,2.31776572,0.00021124,0.00675960,0.00422475,0.00070009,0.00492484,968537931.57,1566.6394
2468,6.7570,1.7661,4.7084,12392.09,48462478.70,3978757.20,250074344.35,272706298.29,522780642.64,33366.23,2.31709925,0.00021119,0.00675822,0.00422389,0.00069878,0.00492267,968569297.80,1567.0094
2469,6.7598,1.7660,4.7080,12415.64,48467564.64,3978904.82,250099634.55,272714364.72,522813999.27,33356.63,2.31643298,0.00021115,0.00675684,0.00422302,0.00069748,0.00492051,968600654.43,1567.3790
2470,6.7625,1.7658,4.7076,12439.24,48472650.15,3979052.41,250124916.75,272722429.56,522847346.31,33347.04,2.31576693,0.00021111,0.00675546,0.00422216,0.00069618,0.00491834,968632001.48,1567.7482
2471,6.7652,1.7657,4.7072,12462.89,48477735.24,3979199.97,250150190.96,272730492.82,522880683.77,33337.46,2.31510108,0.00021107,0.00675408,0.00422130,0.00069488,0.00491618,968663338.93,1568.1169
2472,6.7680,1.7655,4.7068,12486.58,48482819.91,3979347.50,250175457.16,272738554.48,522914011.64,33327.87,2.31443545,0.00021102,0.00675270,0.00422044,0.00069359,0.00491403,968694666.80,1568.4852
2473,6.7707,1.7654,4.7065,12510.31,48487904.15,3979495.01,250200715.37,272746614.56,522947329.93,33318.29,2.31377002,0.00021098,0.00675132,0.00421958,0.00069229,0.00491187,968725985.09,1568.8530
2474,6.7734,1.7652,4.7061,12534.09,48492987.97,3979642.49,250225965.59,272754673.05,522980638.64,33308.71,2.31310480,0.00021094,0.00674995,0.00421872,0.00069100,0.00490972,968757293.80,1569.2204
2475,6.7762,1.7651,4.7057,12557.92,48498071.36,3979789.95,250251207.82,272762729.95,523013937.77,33299.13,2.31243979,0.00021089,0.00674857,0.00421786,0.00068971,0.00490757,968788592.93,1569.5874
2476,6.7789,1.7649,4.7053,12581.79,48503154.33,3979937.38,250276442.06,272770785.27,523047227.33,33289.56,2.31177499,0.00021085,0.00674719,0.00421699,0.00068843,0.00490542,968819882.49,1569.9540
2477,6.7817,1.7648,4.7049,12605.70,48508236.88,3980084.78,250301668.31,272778839.01,523080507.32,33279.99,2.31111040,0.00021081,0.00674581,0.00421613,0.00068714,0.00490328,968851162.48,1570.3201
2478,6.7844,1.7646,4.7045,12629.67,48513319.00,3980232.15,250326886.59,272786891.16,523113777.74,33270.42,2.31044601,0.00021076,0.00674444,0.00421527,0.00068586,0.00490114,968882432.91,1570.6857
2479,6.7871,1.7645,4.7041,12653.67,48518400.69,3980379.50,250352096.88,272794941.72,523147038.60,33260.86,2.30978184,0.00021072,0.00674306,0.00421441,0.00068458,0.00489900,968913693.76,1571.0510
2480,6.7899,1.7643,4.7037,12677.72,48523481.97,3980526.82,250377299.20,272802990.70,523180289.90,33251.30,2.30911787,0.00021068,0.00674169,0.00421355,0.00068331,0.00489686,968944945.06,1571.4158
2481,6.7926,1.7642,4.7033,12701.82,48528562.81,3980674.12,250402493.54,272811038.09,523213531.64,33241.74,2.30845411,0.00021063,0.00674031,0.00421269,0.00068203,0.00489473,968976186.80,1571.7802
2482,6.7953,1.7640,4.7029,12725.97,48533643.24,3980821.38,250427679.91,272819083.91,523246763.82,33232.18,2.30779056,0.00021059,0.00673894,0.00421183,0.00068076,0.00489259,969007418.99,1572.1441
2483,6.7981,1.7639,4.7025,12750.16,48538723.24,3980968.63,250452858.32,272827128.14,523279986.45,33222.63,2.30712722,0.00021055,0.00673756,0.00421098,0.00067949,0.00489047,969038641.62,1572.5076
2484,6.8008,1.7637,4.7021,12774.39,48543802.82,3981115.84,250478028.75,272835170.79,523313199.54,33213.08,2.30646408,0.00021051,0.00673619,0.00421012,0.00067822,0.00488834,969069854.70,1572.8707
2485,6.8036,1.7636,4.7017,12798.68,48548881.97,3981263.03,250503191.22,272843211.85,523346403.07,33203.54,2.30580116,0.00021046,0.00673481,0.00420926,0.00067696,0.00488622,969101058.24,1573.2334
2486,6.8063,1.7634,4.7014,12823.00,48553960.70,3981410.19,250528345.73,272851251.34,523379597.07,33193.99,2.30513844,0.00021042,0.00673344,0.00420840,0.00067569,0.00488409,969132252.23,1573.5956
2487,6.8090,1.7633,4.7010,12847.38,48559039.00,3981557.33,250553492.28,272859289.24,523412781.52,33184.45,2.30447593,0.00021038,0.00673206,0.00420754,0.00067443,0.00488198,969163436.68,1573.9574
2488,6.8118,1.7632,4.7006,12871.80,48564116.89,3981704.44,250578630.87,272867325.57,523445956.44,33174.92,2.30381363,0.00021033,0.00673069,0.00420668,0.00067318,0.00487986,969194611.60,1574.3187
2489,6.8145,1.7630,4.7002,12896.27,48569194.34,3981851.52,250603761.51,272875360.31,523479121.82,33165.38,2.30315153,0.00021029,0.00672932,0.00420582,0.00067192,0.00487775,969225776.98,1574.6796
2490,6.8172,1.7629,4.6998,12920.78,48574271.38,3981998.58,250628884.19,272883393.48,523512277.67,33155.85,2.30248965,0.00021025,0.00672795,0.00420497,0.00067067,0.00487563,969256932.83,1575.0401
2491,6.8200,1.7627,4.6994,12945.34,48579347.99,3982145.61,250653998.93,272891425.07,523545423.99,33146.32,2.30182797,0.00021021,0.00672657,0.00420411,0.00066942,0.00487353,969288079.16,1575.4002
2492,6.8227,1.7626,4.6990,12969.95,48584424.17,3982292.61,250679105.72,272899455.07,523578560.79,33136.80,2.30116650,0.00021016,0.00672520,0.00420325,0.00066817,0.00487142,969319215.95,1575.7598
2493,6.8255,1.7624,4.6986,12994.60,48589499.94,3982439.58,250704204.56,272907483.50,523611688.07,33127.28,2.30050523,0.00021012,0.00672383,0.00420239,0.00066692,0.00486932,969350343.23,1576.1190
2494,6.8282,1.7623,4.6982,13019.30,48594575.28,3982586.53,250729295.47,272915510.36,523644805.82,33117.76,2.29984418,0.00021008,0.00672246,0.00420154,0.00066568,0.00486722,969381460.98,1576.4778
2495,6.8309,1.7621,4.6978,13044.05,48599650.19,3982733.46,250754378.43,272923535.63,523677914.06,33108.24,2.29918333,0.00021003,0.00672109,0.00420068,0.00066444,0.00486512,969412569.22,1576.8362
2496,6.8337,1.7620,4.6974,13068.84,48604724.69,3982880.35,250779453.46,272931559.33,523711012.79,33098.73,2.29852269,0.00020999,0.00671972,0.00419982,0.00066320,0.00486302,969443667.95,1577.1941
2497,6.8364,1.7618,4.6970,13093.68,48609798.76,3983027.23,250804520.55,272939581.46,523744102.01,33089.22,2.29786225,0.00020995,0.00671835,0.00419897,0.00066196,0.00486093,969474757.17,1577.5516
2498,6.8392,1.7617,4.6966,13118.57,48614872.40,3983174.07,250829579.71,272947602.00,523777181.71,33079.71,2.29720202,0.00020991,0.00671698,0.00419811,0.00066073,0.00485884,969505836.88,1577.9086
2499,6.8419,1.7615,4.6963,13143.51,48619945.62,3983320.89,250854630.94,272955620.98,523810251.92,33070.20,2.29654200,0.00020986,0.00671561,0.00419726,0.00065949,0.00485675,969536907.08,1578.2652
2500,6.8446,1.7614,4.6959,13168.49,48625018.42,3983467.68,250879674.25,272963638.38,523843312.62,33060.70,2.29588219,0.00020982,0.00671424,0.00419640,0.00065826,0.00485466,969567967.79,1578.6214
2501,6.8474,1.7612,4.6955,13193.53,48630090.80,3983614.44,250904709.63,272971654.20,523876363.83,33051.21,2.29522259,0.00020978,0.00671287,0.00419554,0.00065704,0.00485258,969599018.99,1578.9772
2502,6.8501,1.7611,4.6951,13218.60,48635162.75,3983761.18,250929737.09,272979668.45,523909405.54,33041.71,2.29456319,0.00020973,0.00671150,0.00419469,0.00065581,0.00485050,969630060.70,1579.3326
2503,6.8528,1.7609,4.6947,13243.73,48640234.28,3983907.89,250954756.63,272987681.13,523942437.76,33032.22,2.29390399,0.00020969,0.00671013,0.00419383,0.00065459,0.00484842,969661092.92,1579.6875
2504,6.8556,1.7608,4.6943,13268.90,48645305.39,3984054.58,250979768.25,272995692.23,523975460.48,33022.73,2.29324501,0.00020965,0.00670877,0.00419298,0.00065337,0.00484634,969692115.65,1580.0420
2505,6.8583,1.7607,4.6939,13294.13,48650376.07,3984201.24,251004771.96,273003701.77,524008473.73,33013.24,2.29258623,0.00020961,0.00670740,0.00419212,0.00065215,0.00484427,969723128.89,1580.3960
2506,6.8611,1.7605,4.6935,13319.40,48655446.33,3984347.87,251029767.75,273011709.73,524041477.48,33003.76,2.29192766,0.00020956,0.00670603,0.00419127,0.00065093,0.00484220,969754132.65,1580.7497
2507,6.8638,1.7604,4.6931,13344.71,48660516.17,3984494.47,251054755.64,273019716.12,524074471.76,32994.28,2.29126929,0.00020952,0.00670467,0.00419042,0.00064972,0.00484013,969785126.92,1581.1029
2508,6.8665,1.7602,4.6927,13370.08,48665585.58,3984641.05,251079735.62,273027720.94,524107456.56,32984.80,2.29061113,0.00020948,0.00670330,0.00418956,0.00064850,0.00483807,969816111.72,1581.4557
2509,6.8693,1.7601,4.6923,13395.49,48670654.57,3984787.61,251104707.70,273035724.19,524140431.89,32975.33,2.28995318,0.00020944,0.00670193,0.00418871,0.00064729,0.00483600,969847087.05,1581.8081
2510,6.8720,1.7599,4.6919,13420.96,48675723.14,3984934.13,251129671.88,273043725.87,524173397.74,32965.85,2.28929543,0.00020939,0.00670057,0.00418785,0.00064609,0.00483394,969878052.90,1582.1600
2511,6.8747,1.7598,4.6916,13446.47,48680791.28,3985080.63,251154628.15,273051725.98,524206354.13,32956.39,2.28863789,0.00020935,0.00669920,0.00418700,0.00064488,0.00483188,969909009.29,1582.5115
2512,6.8775,1.7596,4.6912,13472.03,48685859.00,3985227.11,251179576.53,273059724.52,524239301.05,32946.92,2.28798056,0.00020931,0.00669784,0.00418615,0.00064368,0.00482983,969939956.21,1582.8626
2513,6.8802,1.7595,4.6908,13497.64,48690926.30,3985373.56,251204517.02,273067721.49,524272238.50,32937.46,2.28732343,0.00020926,0.00669647,0.00418529,0.00064248,0.00482777,969970893.67,1583.2133
2514,6.8830,1.7593,4.6904,13523.29,48695993.18,3985519.98,251229449.61,273075716.89,524305166.50,32928.00,2.28666651,0.00020922,0.00669511,0.00418444,0.00064128,0.00482572,970001821.67,1583.5635
2515,6.8857,1.7592,4.6900,13549.00,48701059.63,3985666.37,251254374.31,273083710.73,524338085.04,32918.54,2.28600979,0.00020918,0.00669374,0.00418359,0.00064008,0.00482367,970032740.21,1583.9133
2516,6.8884,1.7590,4.6896,13574.75,48706125.66,3985812.74,251279291.13,273091703.00,524370994.13,32909.09,2.28535329,0.00020914,0.00669238,0.00418274,0.00063889,0.00482163,970063649.29,1584.2627
2517,6.8912,1.7589,4.6892,13600.56,48711191.27,3985959.08,251304200.06,273099693.70,524403893.77,32899.64,2.28469698,0.00020909,0.00669101,0.00418188,0.00063770,0.00481958,970094548.93,1584.6117
2518,6.8939,1.7587,4.6888,13626.41,48716256.45,3986105.40,251329101.12,273107682.84,524436783.96,32890.19,2.28404088,0.00020905,0.00668965,0.00418103,0.00063651,0.00481754,970125439.12,1584.9602
2519,6.8966,1.7586,4.6884,13652.31,48721321.22,3986251.69,251353994.29,273115670.41,524469664.70,32880.74,2.28338499,0.00020901,0.00668829,0.00418018,0.00063532,0.00481550,970156319.86,1585.3084
2520,6.8994,1.7585,4.6880,13678.26,48726385.56,3986397.95,251378879.58,273123656.42,524502536.00,32871.30,2.28272930,0.00020897,0.00668693,0.00417933,0.00063414,0.00481346,970187191.16,1585.6561
2521,6.9021,1.7583,4.6876,13704.26,48731449.47,3986544.19,251403757.01,273131640.86,524535397.86,32861.86,2.28207382,0.00020892,0.00668556,0.00417848,0.00063295,0.00481143,970218053.03,1586.0034
2522,6.9049,1.7582,4.6872,13730.31,48736512.97,3986690.40,251428626.56,273139623.74,524568250.29,32852.43,2.28141855,0.00020888,0.00668420,0.00417763,0.00063177,0.00480940,970248905.45,1586.3502
2523,6.9076,1.7580,4.6869,13756.41,48741576.04,3986836.58,251453488.24,273147605.05,524601093.29,32842.99,2.28076348,0.00020884,0.00668284,0.00417678,0.00063059,0.00480737,970279748.45,1586.6967
2524,6.9103,1.7579,4.6865,13782.56,48746638.69,3986982.74,251478342.05,273155584.80,524633926.85,32833.56,2.28010861,0.00020880,0.00668148,0.00417592,0.00062942,0.00480534,970310582.01,1587.0427
2525,6.9131,1.7577,4.6861,13808.76,48751700.92,3987128.87,251503188.00,273163562.99,524666750.99,32824.14,2.27945395,0.00020875,0.00668012,0.00417507,0.00062824,0.00480332,970341406.15,1587.3883
2526,6.9158,1.7576,4.6857,13835.01,48756762.72,3987274.98,251528026.09,273171539.61,524699565.70,32814.71,2.27879950,0.00020871,0.00667876,0.00417422,0.00062707,0.00480129,970372220.86,1587.7335
2527,6.9185,1.7574,4.6853,13861.30,48761824.10,3987421.06,251552856.31,273179514.68,524732370.99,32805.29,2.27814525,0.00020867,0.00667740,0.00417337,0.00062590,0.00479927,970403026.15,1588.0782
2528,6.9213,1.7573,4.6849,13887.65,48766885.06,3987567.11,251577678.69,273187488.18,524765166.86,32795.87,2.27749121,0.00020863,0.00667604,0.00417252,0.00062473,0.00479726,970433822.03,1588.4226
2529,6.9240,1.7571,4.6845,13914.05,48771945.60,3987713.14,251602493.20,273195460.12,524797953.32,32786.46,2.27683737,0.00020858,0.00667468,0.00417167,0.00062357,0.00479524,970464608.49,1588.7665
2530,6.9268,1.7570,4.6841,13940.50,48777005.72,3987859.14,251627299.87,273203430.50,524830730.37,32777.05,2.27618374,0.00020854,0.00667332,0.00417082,0.00062240,0.00479323,970495385.53,1589.1100
2531,6.9295,1.7568,4.6837,13967.00,48782065.41,3988005.11,251652098.68,273211399.32,524863498.01,32767.64,2.27553031,0.00020850,0.00667196,0.00416997,0.00062124,0.00479122,970526153.17,1589.4530
2532,6.9322,1.7567,4.6833,13993.55,48787124.68,3988151.06,251676889.65,273219366.58,524896256.24,32758.23,2.27487708,0.00020846,0.00667060,0.00416913,0.00062008,0.00478921,970556911.40,1589.7957
2533,6.9350,1.7565,4.6829,14020.15,48792183.53,3988296.98,251701672.78,273227332.28,524929005.06,32748.83,2.27422406,0.00020841,0.00666924,0.00416828,0.00061893,0.00478720,970587660.22,1590.1380
2534,6.9377,1.7564,4.6826,14046.80,48797241.95,3988442.88,251726448.06,273235296.43,524961744.49,32739.43,2.27357125,0.00020837,0.00666788,0.00416743,0.00061777,0.00478520,970618399.65,1590.4798
2535,6.9405,1.7563,4.6822,14073.50,48802299.96,3988588.75,251751215.50,273243259.01,524994474.52,32730.03,2.27291864,0.00020833,0.00666653,0.00416658,0.00061662,0.00478320,970649129.68,1590.8212
2536,6.9432,1.7561,4.6818,14100.25,48807357.54,3988734.59,251775975.11,273251220.04,525027195.15,32720.63,2.27226623,0.00020829,0.00666517,0.00416573,0.00061547,0.00478120,970679850.31,1591.1622
2537,6.9459,1.7560,4.6814,14127.05,48812414.70,3988880.41,251800726.88,273259179.51,525059906.39,32711.24,2.27161403,0.00020824,0.00666381,0.00416488,0.00061432,0.00477920,970710561.55,1591.5027
2538,6.9487,1.7558,4.6810,14153.90,48817471.44,3989026.20,251825470.82,273267137.42,525092608.25,32701.85,2.27096204,0.00020820,0.00666246,0.00416403,0.00061318,0.00477721,970741263.41,1591.8429
2539,6.9514,1.7557,4.6806,14180.81,48822527.76,3989171.97,251850206.93,273275093.78,525125300.71,32692.47,2.27031025,0.00020816,0.00666110,0.00416319,0.00061203,0.00477522,970771955.88,1592.1826
2540,6.9541,1.7555,4.6802,14207.76,48827583.65,3989317.70,251874935.21,273283048.58,525157983.80,32683.08,2.26965866,0.00020812,0.00665974,0.00416234,0.00061089,0.00477323,970802638.96,1592.5220
2541,6.9569,1.7554,4.6798,14234.77,48832639.12,3989463.42,251899655.67,273291001.83,525190657.50,32673.70,2.26900728,0.00020807,0.00665839,0.00416149,0.00060975,0.00477124,970833312.67,1592.8609
2542,6.9596,1.7552,4.6794,14261.83,48837694.17,3989609.10,251924368.31,273298953.52,525223321.83,32664.33,2.26835610,0.00020803,0.00665703,0.00416065,0.00060861,0.00476926,970863976.99,1593.1994
2543,6.9624,1.7551,4.6790,14288.94,48842748.80,3989754.76,251949073.13,273306903.66,525255976.78,32654.95,2.26770512,0.00020799,0.00665568,0.00415980,0.00060748,0.00476728,970894631.95,1593.5374
2544,6.9651,1.7549,4.6787,14316.10,48847803.01,3989900.40,251973770.13,273314852.24,525288622.37,32645.58,2.26705435,0.00020795,0.00665432,0.00415895,0.00060634,0.00476530,970925277.53,1593.8751
2545,6.9678,1.7548,4.6783,14343.31,48852856.79,3990046.00,251998459.31,273322799.27,525321258.58,32636.21,2.26640378,0.00020791,0.00665297,0.00415810,0.00060521,0.00476332,970955913.74,1594.2123
2546,6.9706,1.7546,4.6779,14370.57,48857910.16,3990191.59,252023140.68,273330744.75,525353885.43,32626.85,2.26575342,0.00020786,0.00665161,0.00415726,0.00060408,0.00476134,970986540.59,1594.5492
2547,6.9733,1.7545,4.6775,14397.89,48862963.10,3990337.14,252047814.25,273338688.67,525386502.92,32617.49,2.26510326,0.00020782,0.00665026,0.00415641,0.00060296,0.00475937,971017158.08,1594.8856
2548,6.9760,1.7543,4.6771,14425.26,48868015.62,3990482.67,252072480.00,273346631.04,525419111.04,32608.13,2.26445330,0.00020778,0.00664891,0.00415557,0.00060183,0.00475740,971047766.21,1595.2216
2549,6.9788,1.7542,4.6767,14452.68,48873067.72,3990628.17,252097137.95,273354571.86,525451709.82,32598.77,2.26380355,0.00020774,0.00664755,0.00415472,0.00060071,0.00475543,971078364.98,1595.5572
2550,6.9815,1.7541,4.6763,14480.15,48878119.40,3990773.65,252121788.10,273362511.13,525484299.23,32589.42,2.26315400,0.00020769,0.00664620,0.00415388,0.00059959,0.00475346,971108954.40,1595.8923
2551,6.9843,1.7539,4.6759,14507.68,48883170.65,3990919.10,252146430.45,273370448.85,525516879.30,32580.07,2.26250466,0.00020765,0.00664485,0.00415303,0.00059847,0.00475150,971139534.46,1596.2271
2552,6.9870,1.7538,4.6755,14535.25,48888221.48,3991064.53,252171065.00,273378385.02,525549450.02,32570.72,2.26185552,0.00020761,0.00664350,0.00415219,0.00059735,0.00474954,971170105.18,1596.5614
2553,6.9897,1.7536,4.6751,14562.88,48893271.90,3991209.93,252195691.76,273386319.63,525582011.39,32561.37,2.26120658,0.00020757,0.00664214,0.00415134,0.00059624,0.00474758,971200666.56,1596.8954
2554,6.9925,1.7535,4.6747,14590.56,48898321.89,3991355.30,252220310.73,273394252.70,525614563.43,32552.03,2.26055785,0.00020752,0.00664079,0.00415050,0.00059513,0.00474562,971231218.59,1597.2289
2555,6.9952,1.7533,4.6744,14618.30,48903371.46,3991500.65,252244921.90,273402184.22,525647106.12,32542.69,2.25990931,0.00020748,0.00663944,0.00414965,0.00059401,0.00474367,971261761.28,1597.5620
2556,6.9979,1.7532,4.6740,14646.08,48908420.61,3991645.97,252269525.29,273410114.19,525679639.48,32533.36,2.25926099,0.00020744,0.00663809,0.00414881,0.00059291,0.00474171,971292294.64,1597.8947
2557,7.0007,1.7530,4.6736,14673.92,48913469.33,3991791.26,252294120.89,273418042.62,525712163.51,32524.03,2.25861286,0.00020740,0.00663674,0.00414796,0.00059180,0.00473976,971322818.67,1598.2270
2558,7.0034,1.7529,4.6732,14701.82,48918517.64,3991936.53,252318708.71,273425969.49,525744678.20,32514.70,2.25796494,0.00020736,0.00663539,0.00414712,0.00059070,0.00473781,971353333.36,1598.5589
2559,7.0062,1.7527,4.6728,14729.76,48923565.52,3992081.77,252343288.75,273433894.82,525777183.57,32505.37,2.25731722,0.00020731,0.00663404,0.00414628,0.00058959,0.00473587,971383838.73,1598.8904
2560,7.0089,1.7526,4.6724,14757.76,48928612.99,3992226.99,252367861.01,273441818.60,525809679.61,32496.04,2.25666971,0.00020727,0.00663269,0.00414543,0.00058849,0.00473393,971414334.78,1599.2214
2561,7.0116,1.7524,4.6720,14785.81,48933660.03,3992372.18,252392425.49,273449740.84,525842166.33,32486.72,2.25602239,0.00020723,0.00663134,0.00414459,0.00058740,0.00473198,971444821.50,1599.5521
2562,7.0144,1.7523,4.6716,14813.92,48938706.65,3992517.35,252416982.21,273457661.53,525874643.74,32477.40,2.25537528,0.00020719,0.00662999,0.00414375,0.00058630,0.00473005,971475298.90,1599.8823
2563,7.0171,1.7522,4.6712,14842.08,48943752.85,3992662.49,252441531.15,273465580.68,525907111.83,32468.09,2.25472838,0.00020715,0.00662864,0.00414290,0.00058521,0.00472811,971505766.99,1600.2121
2564,7.0198,1.7520,4.6708,14870.29,48948798.63,3992807.60,252466072.33,273473498.28,525939570.60,32458.78,2.25408167,0.00020710,0.00662730,0.00414206,0.00058411,0.00472617,971536225.77,1600.5415
2565,7.0226,1.7519,4.6705,14898.56,48953843.98,3992952.68,252490605.74,273481414.33,525972020.07,32449.47,2.25343517,0.00020706,0.00662595,0.00414122,0.00058302,0.00472424,971566675.23,1600.8705
2566,7.0253,1.7517,4.6701,14926.88,48958888.92,3993097.75,252515131.38,273489328.85,526004460.23,32440.16,2.25278887,0.00020702,0.00662460,0.00414038,0.00058194,0.00472231,971597115.39,1601.1991
2567,7.0281,1.7516,4.6697,14955.25,48963933.44,3993242.78,252539649.27,273497241.82,526036891.09,32430.86,2.25214277,0.00020698,0.00662325,0.00413953,0.00058085,0.00472038,971627546.25,1601.5273
2568,7.0308,1.7514,4.6693,14983.68,48968977.53,3993387.79,252564159.40,273505153.24,526069312.64,32421.56,2.25149688,0.00020693,0.00662191,0.00413869,0.00057977,0.00471846,971657967.80,1601.8551
2569,7.0335,1.7513,4.6689,15012.16,48974021.20,3993532.77,252588661.77,273513063.13,526101724.90,32412.26,2.25085118,0.00020689,0.00662056,0.00413785,0.00057868,0.00471653,971688380.06,1602.1825
2570,7.0363,1.7511,4.6685,15040.69,48979064.46,3993677.73,252613156.39,273520971.47,526134127.86,32402.96,2.25020569,0.00020685,0.00661921,0.00413701,0.00057760,0.00471461,971718783.02,1602.5095
2571,7.0390,1.7510,4.6681,15069.28,48984107.29,3993822.66,252637643.26,273528878.27,526166521.53,32393.67,2.24956041,0.00020681,0.00661787,0.00413617,0.00057653,0.00471269,971749176.69,1602.8360
2572,7.0418,1.7508,4.6677,15097.93,48989149.70,3993967.56,252662122.38,273536783.53,526198905.91,32384.38,2.24891532,0.00020677,0.00661652,0.00413533,0.00057545,0.00471078,971779561.07,1603.1622
2573,7.0445,1.7507,4.6673,15126.63,48994191.69,3994112.44,252686593.76,273544687.25,526231281.00,32375.09,2.24827044,0.00020672,0.00661518,0.00413449,0.00057438,0.00470886,971809936.17,1603.4879
2574,7.0472,1.7505,4.6670,15155.38,48999233.26,3994257.30,252711057.39,273552589.42,526263646.82,32365.81,2.24762576,0.00020668,0.00661383,0.00413364,0.00057331,0.00470695,971840301.98,1603.8133
2575,7.0500,1.7504,4.6666,15184.19,49004274.41,3994402.12,252735513.28,273560490.06,526296003.35,32356.53,2.24698128,0.00020664,0.00661249,0.00413280,0.00057224,0.00470504,971870658.51,1604.1382
2576,7.0527,1.7503,4.6662,15213.05,49009315.14,3994546.92,252759961.44,273568389.16,526328350.60,32347.25,2.24633700,0.00020660,0.00661114,0.00413196,0.00057117,0.00470313,971901005.76,1604.4627
2577,7.0554,1.7501,4.6658,15241.97,49014355.44,3994691.70,252784401.85,273576286.72,526360688.58,32337.98,2.24569292,0.00020656,0.00660980,0.00413112,0.00057010,0.00470123,971931343.74,1604.7869
2578,7.0582,1.7500,4.6654,15270.94,49019395.33,3994836.45,252808834.54,273584182.75,526393017.28,32328.71,2.24504905,0.00020651,0.00660846,0.00413028,0.00056904,0.00469932,971961672.45,1605.1106
2579,7.0609,1.7498,4.6650,15299.97,49024434.80,3994981.17,252833259.49,273592077.23,526425336.72,32319.44,2.24440537,0.00020647,0.00660711,0.00412944,0.00056798,0.00469742,971991991.88,1605.4339
2580,7.0637,1.7497,4.6646,15329.05,49029473.84,3995125.87,252857676.71,273599970.18,526457646.89,32310.17,2.24376190,0.00020643,0.00660577,0.00412861,0.00056692,0.00469552,972022302.05,1605.7568
2581,7.0664,1.7495,4.6642,15358.19,49034512.47,3995270.54,252882086.21,273607861.59,526489947.80,32300.91,2.24311863,0.00020639,0.00660443,0.00412777,0.00056586,0.00469362,972052602.96,1606.0793
2582,7.0691,1.7494,4.6638,15387.38,49039550.67,3995415.19,252906487.99,273615751.46,526522239.45,32291.65,2.24247557,0.00020635,0.00660308,0.00412693,0.00056480,0.00469173,972082894.61,1606.4014
2583,7.0719,1.7492,4.6634,15416.63,49044588.46,3995559.81,252930882.04,273623639.80,526554521.84,32282.39,2.24183270,0.00020630,0.00660174,0.00412609,0.00056375,0.00468984,972113177.00,1606.7231
2584,7.0746,1.7491,4.6631,15445.94,49049625.82,3995704.40,252955268.37,273631526.60,526586794.98,32273.14,2.24119003,0.00020626,0.00660040,0.00412525,0.00056270,0.00468795,972143450.14,1607.0444
2585,7.0773,1.7489,4.6627,15475.30,49054662.77,3995848.97,252979646.99,273639411.87,526619058.86,32263.88,2.24054757,0.00020622,0.00659906,0.00412441,0.00056165,0.00468606,972173714.02,1607.3653
2586,7.0801,1.7488,4.6623,15504.71,49059699.29,3995993.51,253004017.90,273647295.60,526651313.50,32254.64,2.23990531,0.00020618,0.00659772,0.00412357,0.00056060,0.00468417,972203968.66,1607.6858
2587,7.0828,1.7486,4.6619,15534.18,49064735.39,3996138.03,253028381.09,273655177.80,526683558.89,32245.39,2.23926324,0.00020614,0.00659638,0.00412274,0.00055955,0.00468229,972234214.05,1608.0059
2588,7.0856,1.7485,4.6615,15563.71,49069771.08,3996282.52,253052736.57,273663058.46,526715795.04,32236.15,2.23862138,0.00020609,0.00659504,0.00412190,0.00055851,0.00468041,972264450.20,1608.3256
2589,7.0883,1.7484,4.6611,15593.30,49074806.34,3996426.99,253077084.35,273670937.60,526748021.94,32226.91,2.23797972,0.00020605,0.00659370,0.00412106,0.00055747,0.00467853,972294677.11,1608.6449
2590,7.0910,1.7482,4.6607,15622.94,49079841.18,3996571.43,253101424.42,273678815.19,526780239.61,32217.67,2.23733826,0.00020601,0.00659236,0.00412022,0.00055642,0.00467665,972324894.78,1608.9638
2591,7.0938,1.7481,4.6603,15652.63,49084875.60,3996715.84,253125756.79,273686691.26,526812448.05,32208.44,2.23669701,0.00020597,0.00659102,0.00411939,0.00055539,0.00467477,972355103.21,1609.2823
2592,7.0965,1.7479,4.6599,15682.39,49089909.61,3996860.23,253150081.46,273694565.79,526844647.26,32199.21,2.23605595,0.00020593,0.00658968,0.00411855,0.00055435,0.00467290,972385302.42,1609.6004
2593,7.0992,1.7478,4.6596,15712.20,49094943.19,3997004.59,253174398.44,273702438.80,526876837.23,32189.98,2.23541509,0.00020589,0.00658834,0.00411771,0.00055332,0.00467103,972415492.40,1609.9180
2594,7.1020,1.7476,4.6592,15742.06,49099976.35,3997148.92,253198707.72,273710310.27,526909017.99,32180.75,2.23477444,0.00020584,0.00658700,0.00411688,0.00055228,0.00466916,972445673.15,1610.2353
2595,7.1047,1.7475,4.6588,15771.99,49105009.09,3997293.23,253223009.31,273718180.21,526941189.52,32171.53,2.23413398,0.00020580,0.00658566,0.00411604,0.00055125,0.00466729,972475844.68,1610.5522
2596,7.1075,1.7473,4.6584,15801.97,49110041.42,3997437.52,253247303.21,273726048.62,526973351.83,32162.31,2.23349373,0.00020576,0.00658432,0.00411520,0.00055022,0.00466543,972506006.99,1610.8687
2597,7.1102,1.7472,4.6580,15832.00,49115073.32,3997581.78,253271589.42,273733915.50,527005504.92,32153.09,2.23285367,0.00020572,0.00658299,0.00411437,0.00054920,0.00466356,972536160.08,1611.1848
2598,7.1129,1.7470,4.6576,15862.10,49120104.80,3997726.01,253295867.94,273741780.85,527037648.80,32143.88,2.23221382,0.00020568,0.00658165,0.00411353,0.00054817,0.00466170,972566303.96,1611.5005
2599,7.1157,1.7469,4.6572,15892.25,49125135.86,3997870.22,253320138.79,273749644.68,527069783.46,32134.67,2.23157416,0.00020563,0.00658031,0.00411270,0.00054715,0.00465984,972596438.63,1611.8158
2600,7.1184,1.7468,4.6568,15922.46,49130166.51,3998014.40,253344401.95,273757506.97,527101908.92,32125.46,2.23093471,0.00020559,0.00657898,0.00411186,0.00054613,0.00465799,972626564.09,1612.1307
2601,7.1211,1.7466,4.6564,15952.72,49135196.73,3998158.56,253368657.44,273765367.74,527134025.18,32116.25,2.23029546,0.00020555,0.00657764,0.00411102,0.00054511,0.00465613,972656680.34,1612.4452
2602,7.1239,1.7465,4.6561,15983.05,49140226.53,3998302.69,253392905.25,273773226.98,527166132.23,32107.05,2.22965641,0.00020551,0.00657630,0.00411019,0.00054409,0.00465428,972686787.39,1612.7593
2603,7.1266,1.7463,4.6557,16013.43,49145255.92,3998446.79,253417145.39,273781084.69,527198230.08,32097.85,2.22901755,0.00020547,0.00657497,0.00410936,0.00054308,0.00465243,972716885.25,1613.0730
2604,7.1294,1.7462,4.6553,16043.87,49150284.88,3998590.87,253441377.86,273788940.88,527230318.74,32088.66,2.22837890,0.00020543,0.00657363,0.00410852,0.00054206,0.00465058,972746973.90,1613.3863
2605,7.1321,1.7460,4.6549,16074.36,49155313.42,3998734.92,253465602.67,273796795.54,527262398.20,32079.46,2.22774045,0.00020538,0.00657230,0.00410769,0.00054105,0.00464874,972777053.37,1613.6992
2606,7.1348,1.7459,4.6545,16104.92,49160341.55,3998878.95,253489819.80,273804648.67,527294468.47,32070.27,2.22710219,0.00020534,0.00657096,0.00410685,0.00054004,0.00464689,972807123.64,1614.0117
2607,7.1376,1.7457,4.6541,16135.53,49165369.25,3999022.95,253514029.28,273812500.28,527326529.56,32061.08,2.22646414,0.00020530,0.00656963,0.00410602,0.00053903,0.00464505,972837184.72,1614.3238
2608,7.1403,1.7456,4.6537,16166.20,49170396.54,3999166.93,253538231.09,273820350.36,527358581.46,32051.90,2.22582629,0.00020526,0.00656829,0.00410518,0.00053803,0.00464321,972867236.62,1614.6355
2609,7.1431,1.7454,4.6533,16196.93,49175423.40,3999310.88,253562425.25,273828198.92,527390624.17,32042.72,2.22518863,0.00020522,0.00656696,0.00410435,0.00053702,0.00464137,972897279.34,1614.9469
2610,7.1458,1.7453,4.6530,16227.72,49180449.85,3999454.80,253586611.75,273836045.96,527422657.71,32033.54,2.22455118,0.00020518,0.00656563,0.00410352,0.00053602,0.00463954,972927312.87,1615.2578
2611,7.1485,1.7451,4.6526,16258.57,49185475.88,3999598.70,253610790.60,273843891.47,527454682.07,32024.36,2.22391392,0.00020513,0.00656429,0.00410268,0.00053502,0.00463770,972957337.23,1615.5683
2612,7.1513,1.7450,4.6522,16289.47,49190501.49,3999742.57,253634961.79,273851735.47,527486697.26,32015.19,2.22327687,0.00020509,0.00656296,0.00410185,0.00053402,0.00463587,972987352.42,1615.8785
2613,7.1540,1.7449,4.6518,16320.43,49195526.67,3999886.42,253659125.34,273859577.93,527518703.27,32006.02,2.22264001,0.00020505,0.00656163,0.00410102,0.00053302,0.00463404,973017358.44,1616.1882
2614,7.1567,1.7447,4.6514,16351.46,49200551.44,4000030.24,253683281.24,273867418.88,527550700.12,31996.85,2.22200335,0.00020501,0.00656030,0.00410019,0.00053203,0.00463222,973047355.28,1616.4976
2615,7.1595,1.7446,4.6510,16382.54,49205575.79,4000174.04,253707429.50,273875258.30,527582687.80,31987.68,2.22136690,0.00020497,0.00655897,0.00409935,0.00053104,0.00463039,973077342.97,1616.8065
2616,7.1622,1.7444,4.6506,16413.68,49210599.72,4000317.81,253731570.12,273883096.21,527614666.33,31978.52,2.22073064,0.00020493,0.00655763,0.00409852,0.00053005,0.00462857,973107321.49,1617.1151
2617,7.1650,1.7443,4.6502,16444.88,49215623.23,4000461.55,253755703.10,273890932.59,527646635.69,31969.36,2.22009458,0.00020488,0.00655630,0.00409769,0.00052906,0.00462675,973137290.85,1617.4233
2618,7.1677,1.7441,4.6498,16476.14,49220646.33,4000605.27,253779828.44,273898767.45,527678595.89,31960.21,2.21945872,0.00020484,0.00655497,0.00409686,0.00052807,0.00462493,973167251.06,1617.7311
2619,7.1704,1.7440,4.6495,16507.46,49225669.00,4000748.97,253803946.15,273906600.79,527710546.95,31951.05,2.21882306,0.00020480,0.00655364,0.00409603,0.00052708,0.00462311,973197202.11,1618.0384
2620,7.1732,1.7438,4.6491,16538.83,49230691.25,4000892.64,253828056.23,273914432.62,527742488.85,31941.90,2.21818760,0.00020476,0.00655231,0.00409519,0.00052610,0.00462129,973227144.01,1618.3454
2621,7.1759,1.7437,4.6487,16570.27,49235713.09,4001036.28,253852158.68,273922262.92,527774421.60,31932.75,2.21755233,0.00020472,0.00655098,0.00409436,0.00052512,0.00461948,973257076.76,1618.6521
2622,7.1786,1.7435,4.6483,16601.77,49240734.50,4001179.89,253876253.50,273930091.71,527806345.21,31923.61,2.21691727,0.00020468,0.00654965,0.00409353,0.00052414,0.00461767,973287000.37,1618.9583
2623,7.1814,1.7434,4.6479,16633.33,49245755.50,4001323.49,253900340.70,273937918.98,527838259.68,31914.47,2.21628240,0.00020464,0.00654832,0.00409270,0.00052316,0.00461586,973316914.84,1619.2641
2624,7.1841,1.7433,4.6475,16664.94,49250776.08,4001467.05,253924420.27,273945744.73,527870165.00,31905.33,2.21564773,0.00020459,0.00654699,0.00409187,0.00052218,0.00461405,973346820.17,1619.5695
2625,7.1869,1.7431,4.6471,16696.62,49255796.24,4001610.59,253948492.23,273953568.96,527902061.19,31896.19,2.21501327,0.00020455,0.00654567,0.00409104,0.00052121,0.00461225,973376716.36,1619.8746
2626,7.1896,1.7430,4.6467,16728.36,49260815.97,4001754.11,253972556.57,273961391.68,527933948.25,31887.06,2.21437900,0.00020451,0.00654434,0.00409021,0.00052023,0.00461045,973406603.41,1620.1792
2627,7.1923,1.7428,4.6464,16760.16,49265835.30,4001897.60,253996613.30,273969212.88,527965826.18,31877.93,2.21374492,0.00020447,0.00654301,0.00408938,0.00051926,0.00460864,973436481.34,1620.4835
2628,7.1951,1.7427,4.6460,16792.01,49270854.20,4002041.06,254020662.41,273977032.57,527997694.98,31868.80,2.21311105,0.00020443,0.00654168,0.00408855,0.00051829,0.00460685,973466350.14,1620.7874
2629,7.1978,1.7425,4.6456,16823.93,49275872.68,4002184.50,254044703.92,273984850.74,528029554.65,31859.67,2.21247738,0.00020439,0.00654035,0.00408772,0.00051733,0.00460505,973496209.81,1621.0909
2630,7.2005,1.7424,4.6452,16855.91,49280890.74,4002327.91,254068737.81,273992667.39,528061405.20,31850.55,2.21184390,0.00020434,0.00653903,0.00408689,0.00051636,0.00460325,973526060.37,1621.3940
2631,7.2033,1.7422,4.6448,16887.95,49285908.39,4002471.30,254092764.11,274000482.53,528093246.64,31841.43,2.21121062,0.00020430,0.00653770,0.00408606,0.00051540,0.00460146,973555901.80,1621.6967
2632,7.2060,1.7421,4.6444,16920.05,49290925.62,4002614.66,254116782.80,274008296.16,528125078.95,31832.32,2.21057754,0.00020426,0.00653637,0.00408523,0.00051443,0.00459967,973585734.12,1621.9990
2633,7.2088,1.7419,4.6440,16952.22,49295942.43,4002757.99,254140793.88,274016108.27,528156902.16,31823.20,2.20994466,0.00020422,0.00653505,0.00408441,0.00051347,0.00459788,973615557.32,1622.3010
2634,7.2115,1.7418,4.6436,16984.44,49300958.82,4002901.31,254164797.38,274023918.87,528188716.25,31814.09,2.20931197,0.00020418,0.00653372,0.00408358,0.00051252,0.00459609,973645371.41,1622.6025
2635,7.2142,1.7417,4.6433,17016.72,49305974.79,4003044.59,254188793.27,274031727.96,528220521.23,31804.98,2.20867949,0.00020414,0.00653240,0.00408275,0.00051156,0.00459431,973675176.40,1622.9037
2636,7.2170,1.7415,4.6429,17049.07,49310990.34,4003187.85,254212781.58,274039535.54,528252317.11,31795.88,2.20804720,0.00020410,0.00653107,0.00408192,0.00051060,0.00459252,973704972.28,1623.2045
2637,7.2197,1.7414,4.6425,17081.48,49316005.47,4003331.08,254236762.29,274047341.60,528284103.89,31786.78,2.20741511,0.00020405,0.00652975,0.00408109,0.00050965,0.00459074,973734759.05,1623.5048
2638,7.2225,1.7412,4.6421,17113.95,49321020.19,4003474.29,254260735.42,274055146.15,528315881.57,31777.68,2.20678322,0.00020401,0.00652842,0.00408026,0.00050870,0.00458896,973764536.73,1623.8049
2639,7.2252,1.7411,4.6417,17146.48,49326034.48,4003617.48,254284700.96,274062949.19,528347650.15,31768.58,2.20615152,0.00020397,0.00652710,0.00407944,0.00050775,0.00458719,973794305.31,1624.1045
2640,7.2279,1.7409,4.6413,17179.07,49331048.36,4003760.63,254308658.91,274070750.73,528379409.64,31759.49,2.20552002,0.00020393,0.00652578,0.00407861,0.00050680,0.00458541,973824064.80,1624.4037
2641,7.2307,1.7408,4.6409,17211.73,49336061.82,4003903.76,254332609.29,274078550.75,528411160.04,31750.40,2.20488872,0.00020389,0.00652445,0.00407778,0.00050586,0.00458364,973853815.20,1624.7026
2642,7.2334,1.7406,4.6405,17244.44,49341074.87,4004046.87,254356552.09,274086349.26,528442901.35,31741.31,2.20425762,0.00020385,0.00652313,0.00407696,0.00050491,0.00458187,973883556.51,1625.0010
2643,7.2361,1.7405,4.6402,17277.22,49346087.49,4004189.95,254380487.31,274094146.26,528474633.57,31732.22,2.20362672,0.00020381,0.00652181,0.00407613,0.00050397,0.00458010,973913288.73,1625.2991
2644,7.2389,1.7403,4.6398,17310.06,49351099.69,4004333.01,254404414.96,274101941.76,528506356.71,31723.14,2.20299601,0.00020377,0.00652048,0.00407530,0.00050303,0.00457833,973943011.88,1625.5968
2645,7.2416,1.7402,4.6394,17342.97,49356111.48,4004476.04,254428335.03,274109735.75,528538070.78,31714.06,2.20236550,0.00020372,0.00651916,0.00407448,0.00050209,0.00457657,973972725.94,1625.8941
2646,7.2444,1.7401,4.6390,17375.93,49361122.85,4004619.04,254452247.54,274117528.22,528569775.76,31704.99,2.20173518,0.00020368,0.00651784,0.00407365,0.00050115,0.00457480,974002430.93,1626.1911
2647,7.2471,1.7399,4.6386,17408.96,49366133.80,4004762.02,254476152.48,274125319.20,528601471.68,31695.91,2.20110507,0.00020364,0.00651652,0.00407282,0.00050022,0.00457304,974032126.84,1626.4876
2648,7.2498,1.7398,4.6382,17442.05,49371144.33,4004904.98,254500049.86,274133108.66,528633158.52,31686.84,2.20047515,0.00020360,0.00651520,0.00407200,0.00049928,0.00457128,974061813.68,1626.7838
2649,7.2526,1.7396,4.6378,17475.21,49376154.45,4005047.91,254523939.67,274140896.62,528664836.29,31677.77,2.19984543,0.00020356,0.00651388,0.00407117,0.00049835,0.00456952,974091491.46,1627.0796
2650,7.2553,1.7395,4.6374,17508.42,49381164.14,4005190.81,254547821.93,274148683.07,528696505.00,31668.71,2.19921590,0.00020352,0.00651255,0.00407035,0.00049742,0.00456777,974121160.17,1627.3750
2651,7.2580,1.7393,4.6371,17541.71,49386173.42,4005333.69,254571696.63,274156468.02,528728164.65,31659.65,2.19858657,0.00020348,0.00651123,0.00406952,0.00049649,0.00456601,974150819.81,1627.6700
2652,7.2608,1.7392,4.6367,17575.05,49391182.28,4005476.54,254595563.78,274164251.46,528759815.24,31650.59,2.19795744,0.00020343,0.00650991,0.00406870,0.00049557,0.00456426,974180470.40,1627.9646
2653,7.2635,1.7390,4.6363,17608.46,49396190.72,4005619.37,254619423.37,274172033.40,528791456.77,31641.53,2.19732851,0.00020339,0.00650860,0.00406787,0.00049464,0.00456251,974210111.93,1628.2589
2654,7.2663,1.7389,4.6359,17641.93,49401198.75,4005762.17,254643275.41,274179813.83,528823089.24,31632.48,2.19669977,0.00020335,0.00650728,0.00406705,0.00049372,0.00456076,974239744.41,1628.5528
2655,7.2690,1.7388,4.6355,17675.46,49406206.35,4005904.95,254667119.91,274187592.76,528854712.67,31623.43,2.19607123,0.00020331,0.00650596,0.00406622,0.00049280,0.00455902,974269367.83,1628.8463
2656,7.2717,1.7386,4.6351,17709.06,49411213.54,4006047.70,254690956.86,274195370.19,528886327.05,31614.38,2.19544288,0.00020327,0.00650464,0.00406540,0.00049188,0.00455727,974298982.21,1629.1394
2657,7.2745,1.7385,4.6347,17742.72,49416220.31,4006190.42,254714786.27,274203146.11,528917932.38,31605.33,2.19481473,0.00020323,0.00650332,0.00406457,0.00049096,0.00455553,974328587.54,1629.4321
2658,7.2772,1.7383,4.6344,17776.45,49421226.67,4006333.12,254738608.14,274210920.53,528949528.67,31596.29,2.19418678,0.00020319,0.00650200,0.00406375,0.00049004,0.00455379,974358183.83,1629.7245
2659,7.2799,1.7382,4.6340,17810.24,49426232.60,4006475.80,254762422.47,274218693.45,528981115.92,31587.25,2.19355903,0.00020315,0.00650068,0.00406293,0.00048913,0.00455205,974387771.08,1630.0165
2660,7.2827,1.7380,4.6336,17844.09,49431238.12,4006618.45,254786229.26,274226464.87,529012694.13,31578.21,2.19293147,0.00020311,0.00649937,0.00406210,0.00048821,0.00455032,974417349.29,1630.3081
2661,7.2854,1.7379,4.6332,17878.01,49436243.22,4006761.07,254810028.52,274234234.79,529044263.31,31569.18,2.19230411,0.00020306,0.00649805,0.00406128,0.00048730,0.00454858,974446918.47,1630.5993
2662,7.2882,1.7377,4.6328,17911.99,49441247.90,4006903.67,254833820.26,274242003.20,529075823.46,31560.15,2.19167694,0.00020302,0.00649673,0.00406046,0.00048639,0.00454685,974476478.62,1630.8901
2663,7.2909,1.7376,4.6324,17946.04,49446252.16,4007046.25,254857604.46,274249770.12,529107374.58,31551.12,2.19104997,0.00020298,0.00649542,0.00405963,0.00048548,0.00454512,974506029.74,1631.1806
2664,7.2936,1.7374,4.6320,17980.15,49451256.01,4007188.79,254881381.14,274257535.54,529138916.67,31542.09,2.19042319,0.00020294,0.00649410,0.00405881,0.00048458,0.00454339,974535571.83,1631.4707
2665,7.2964,1.7373,4.6316,18014.33,49456259.44,4007331.32,254905150.29,274265299.45,529170449.74,31533.07,2.18979661,0.00020290,0.00649278,0.00405799,0.00048367,0.00454166,974565104.91,1631.7604
2666,7.2991,1.7372,4.6313,18048.57,49461262.45,4007473.82,254928911.92,274273061.87,529201973.79,31524.05,2.18917023,0.00020286,0.00649147,0.00405717,0.00048277,0.00453994,974594628.96,1632.0498
2667,7.3018,1.7370,4.6309,18082.88,49466265.05,4007616.29,254952666.04,274280822.79,529233488.83,31515.03,2.18854404,0.00020282,0.00649015,0.00405635,0.00048187,0.00453821,974624143.99,1632.3387
2668,7.3046,1.7369,4.6305,18117.25,49471267.22,4007758.74,254976412.64,274288582.21,529264994.85,31506.02,2.18791805,0.00020278,0.00648884,0.00405552,0.00048097,0.00453649,974653650.01,1632.6273
2669,7.3073,1.7367,4.6301,18151.69,49476268.98,4007901.16,255000151.72,274296340.14,529296491.86,31497.01,2.18729226,0.00020274,0.00648752,0.00405470,0.00048007,0.00453477,974683147.02,1632.9155
2670,7.3101,1.7366,4.6297,18186.20,49481270.32,4008043.55,255023883.29,274304096.56,529327979.86,31488.00,2.18666666,0.00020269,0.00648621,0.00405388,0.00047917,0.00453305,974712635.02,1633.2034
2671,7.3128,1.7364,4.6293,18220.76,49486271.25,4008185.93,255047607.36,274311851.49,529359458.85,31478.99,2.18604125,0.00020265,0.00648490,0.00405306,0.00047828,0.00453134,974742114.01,1633.4908
2672,7.3155,1.7363,4.6289,18255.40,49491271.76,4008328.27,255071323.91,274319604.93,529390928.84,31469.99,2.18541604,0.00020261,0.00648358,0.00405224,0.00047739,0.00452962,974771584.00,1633.7779
2673,7.3183,1.7361,4.6286,18290.10,49496271.85,4008470.59,255095032.97,274327356.87,529422389.83,31460.99,2.18479103,0.00020257,0.00648227,0.00405142,0.00047649,0.00452791,974801045.00,1634.0646
2674,7.3210,1.7360,4.6282,18324.87,49501271.52,4008612.89,255118734.52,274335107.31,529453841.83,31451.99,2.18416621,0.00020253,0.00648096,0.00405060,0.00047561,0.00452620,974830496.99,1634.3510
2675,7.3238,1.7359,4.6278,18359.70,49506270.77,4008755.16,255142428.57,274342856.26,529485284.83,31443.00,2.18354159,0.00020249,0.00647964,0.00404978,0.00047472,0.00452449,974859939.99,1634.6369
2676,7.3265,1.7357,4.6274,18394.60,49511269.61,4008897.41,255166115.12,274350603.71,529516718.83,31434.01,2.18291716,0.00020245,0.00647833,0.00404896,0.00047383,0.00452279,974889374.00,1634.9225
2677,7.3292,1.7356,4.6270,18429.56,49516268.03,4009039.63,255189794.18,274358349.67,529548143.85,31425.02,2.18229293,0.00020241,0.00647702,0.00404814,0.00047295,0.00452108,974918799.01,1635.2077
2678,7.3320,1.7354,4.6266,18464.59,49521266.04,4009181.82,255213465.74,274366094.14,529579559.88,31416.03,2.18166889,0.00020237,0.00647571,0.00404732,0.00047206,0.00451938,974948215.05,1635.4926
2679,7.3347,1.7353,4.6262,18499.69,49526263.63,4009323.99,255237129.82,274373837.11,529610966.93,31407.05,2.18104505,0.00020232,0.00647439,0.00404650,0.00047118,0.00451768,974977622.09,1635.7771
2680,7.3374,1.7351,4.6259,18534.86,49531260.80,4009466.14,255260786.41,274381578.59,529642365.00,31398.07,2.18042141,0.00020228,0.00647308,0.00404568,0.00047030,0.00451598,975007020.16,1636.0612
2681,7.3402,1.7350,4.6255,18570.09,49536257.55,4009608.26,255284435.51,274389318.58,529673754.09,31389.09,2.17979795,0.00020224,0.00647177,0.00404486,0.00046942,0.00451428,975036409.25,1636.3449
2682,7.3429,1.7348,4.6251,18605.39,49541253.88,4009750.35,255308077.13,274397057.08,529705134.21,31380.12,2.17917470,0.00020220,0.00647046,0.00404404,0.00046855,0.00451259,975065789.37,1636.6282
2683,7.3457,1.7347,4.6247,18640.75,49546249.80,4009892.42,255331711.27,274404794.08,529736505.35,31371.14,2.17855163,0.00020216,0.00646915,0.00404322,0.00046767,0.00451089,975095160.51,1636.9112
2684,7.3484,1.7345,4.6243,18676.19,49551245.31,4010034.46,255355337.93,274412529.60,529767867.52,31362.17,2.17792877,0.00020212,0.00646784,0.00404240,0.00046680,0.00450920,975124522.69,1637.1938
2685,7.3511,1.7344,4.6239,18711.69,49556240.39,4010176.48,255378957.11,274420263.62,529799220.73,31353.21,2.17730609,0.00020208,0.00646653,0.00404158,0.00046593,0.00450751,975153875.89,1637.4761
2686,7.3539,1.7343,4.6235,18747.26,49561235.06,4010318.48,255402568.82,274427996.16,529830564.98,31344.24,2.17668361,0.00020204,0.00646522,0.00404076,0.00046506,0.00450582,975183220.14,1637.7580
2687,7.3566,1.7341,4.6232,18782.89,49566229.31,4010460.45,255426173.06,274435727.20,529861900.26,31335.28,2.17606133,0.00020200,0.00646391,0.00403995,0.00046419,0.00450414,975212555.42,1638.0395
2688,7.3593,1.7340,4.6228,18818.59,49571223.15,4010602.39,255449769.83,274443456.75,529893226.58,31326.33,2.17543924,0.00020196,0.00646261,0.00403913,0.00046332,0.00450245,975241881.75,1638.3206
2689,7.3621,1.7338,4.6224,18854.37,49576216.57,4010744.31,255473359.13,274451184.82,529924543.95,31317.37,2.17481735,0.00020192,0.00646130,0.00403831,0.00046246,0.00450077,975271199.12,1638.6014
2690,7.3648,1.7337,4.6220,18890.20,49581209.57,4010886.20,255496940.97,274458911.40,529955852.37,31308.42,2.17419565,0.00020187,0.00645999,0.00403749,0.00046159,0.00449909,975300507.53,1638.8818
2691,7.3676,1.7335,4.6216,18926.11,49586202.15,4011028.07,255520515.35,274466636.49,529987151.84,31299.47,2.17357414,0.00020183,0.00645868,0.00403668,0.00046073,0.00449741,975329807.00,1639.1618
2692,7.3703,1.7334,4.6212,18962.09,49591194.32,4011169.91,255544082.27,274474360.09,530018442.36,31290.52,2.17295283,0.00020179,0.00645737,0.00403586,0.00045987,0.00449573,975359097.52,1639.4415
2693,7.3730,1.7332,4.6208,18998.13,49596186.07,4011311.73,255567641.73,274482082.21,530049723.94,31281.58,2.17233171,0.00020175,0.00645607,0.00403504,0.00045901,0.00449406,975388379.10,1639.7208
2694,7.3758,1.7331,4.6205,19034.24,49601177.41,4011453.52,255591193.74,274489802.84,530080996.57,31272.64,2.17171079,0.00020171,0.00645476,0.00403423,0.00045816,0.00449238,975417651.73,1639.9997
2695,7.3785,1.7330,4.6201,19070.42,49606168.33,4011595.29,255614738.29,274497521.98,530112260.27,31263.70,2.17109006,0.00020167,0.00645345,0.00403341,0.00045730,0.00449071,975446915.43,1640.2783
2696,7.3812,1.7328,4.6197,19106.67,49611158.83,4011737.03,255638275.39,274505239.63,530143515.03,31254.76,2.17046952,0.00020163,0.00645215,0.00403259,0.00045645,0.00448904,975476170.19,1640.5565
2697,7.3840,1.7327,4.6193,19142.99,49616148.92,4011878.75,255661805.05,274512955.81,530174760.86,31245.83,2.16984918,0.00020159,0.00645084,0.00403178,0.00045559,0.00448737,975505416.02,1640.8343
2698,7.3867,1.7325,4.6189,19179.38,49621138.59,4012020.44,255685327.26,274520670.49,530205997.76,31236.90,2.16922903,0.00020155,0.00644954,0.00403096,0.00045474,0.00448570,975534652.92,1641.1118
2699,7.3895,1.7324,4.6185,19215.84,49626127.84,4012162.11,255708842.03,274528383.70,530237225.73,31227.97,2.16860908,0.00020151,0.00644823,0.00403014,0.00045389,0.00448404,975563880.89,1641.3889
2700,7.3922,1.7322,4.6181,19252.36,49631116.67,4012303.75,255732349.36,274536095.41,530268444.77,31219.05,2.16798932,0.00020147,0.00644693,0.00402933,0.00045305,0.00448238,975593099.93,1641.6656
2701,7.3949,1.7321,4.6178,19288.96,49636105.10,4012445.37,255755849.25,274543805.65,530299654.90,31210.12,2.16736975,0.00020143,0.00644562,0.00402851,0.00045220,0.00448071,975622310.06,1641.9420
2702,7.3977,1.7319,4.6174,19325.62,49641093.10,4012586.96,255779341.70,274551514.40,530330856.10,31201.21,2.16675038,0.00020138,0.00644432,0.00402770,0.00045136,0.00447906,975651511.26,1642.2180
2703,7.4004,1.7318,4.6170,19362.36,49646080.69,4012728.53,255802826.72,274559221.67,530362048.39,31192.29,2.16613120,0.00020134,0.00644301,0.00402688,0.00045051,0.00447740,975680703.55,1642.4936
2704,7.4031,1.7317,4.6166,19399.16,49651067.86,4012870.07,255826304.31,274566927.46,530393231.77,31183.38,2.16551221,0.00020130,0.00644171,0.00402607,0.00044967,0.00447574,975709886.93,1642.7689
2705,7.4059,1.7315,4.6162,19436.04,49656054.62,4013011.59,255849774.47,274574631.76,530424406.23,31174.47,2.16489342,0.00020126,0.00644041,0.00402525,0.00044883,0.00447409,975739061.39,1643.0438
2706,7.4086,1.7314,4.6158,19472.98,49661040.95,4013153.08,255873237.20,274582334.59,530455571.79,31165.56,2.16427482,0.00020122,0.00643910,0.00402444,0.00044799,0.00447243,975768226.95,1643.3184
2707,7.4114,1.7312,4.6154,19510.00,49666026.88,4013294.55,255896692.51,274590035.93,530486728.44,31156.65,2.16365641,0.00020118,0.00643780,0.00402363,0.00044716,0.00447078,975797383.60,1643.5926
2708,7.4141,1.7311,4.6151,19547.08,49671012.39,4013435.99,255920140.40,274597735.79,530517876.19,31147.75,2.16303820,0.00020114,0.00643650,0.00402281,0.00044632,0.00446914,975826531.35,1643.8664
2709,7.4168,1.7309,4.6147,19584.24,49675997.48,4013577.41,255943580.87,274605434.17,530549015.04,31138.85,2.16242018,0.00020110,0.00643520,0.00402200,0.00044549,0.00446749,975855670.21,1644.1399
2710,7.4196,1.7308,4.6143,19621.47,49680982.15,4013718.80,255967013.92,274613131.08,530580145.00,31129.95,2.16180235,0.00020106,0.00643390,0.00402118,0.00044466,0.00446584,975884800.16,1644.4130
2711,7.4223,1.7306,4.6139,19658.76,49685966.41,4013860.17,255990439.56,274620826.50,530611266.06,31121.06,2.16118471,0.00020102,0.00643259,0.00402037,0.00044383,0.00446420,975913921.22,1644.6857
2712,7.4251,1.7305,4.6135,19696.13,49690950.26,4014001.51,256013857.78,274628520.44,530642378.22,31112.17,2.16056727,0.00020098,0.00643129,0.00401956,0.00044300,0.00446256,975943033.39,1644.9581
2713,7.4278,1.7304,4.6131,19733.57,49695933.68,4014142.83,256037268.60,274636212.91,530673481.51,31103.28,2.15995003,0.00020094,0.00642999,0.00401875,0.00044217,0.00446092,975972136.67,1645.2301
2714,7.4305,1.7302,4.6127,19771.08,49700916.69,4014284.12,256060672.00,274643903.90,530704575.90,31094.39,2.15933297,0.00020090,0.00642869,0.00401793,0.00044135,0.00445928,976001231.06,1645.5018
2715,7.4333,1.7301,4.6124,19808.66,49705899.29,4014425.39,256084068.00,274651593.41,530735661.41,31085.51,2.15871611,0.00020086,0.00642739,0.00401712,0.00044052,0.00445764,976030316.57,1645.7731
2716,7.4360,1.7299,4.6120,19846.32,49710881.47,4014566.63,256107456.60,274659281.44,530766738.04,31076.63,2.15809944,0.00020082,0.00642609,0.00401631,0.00043970,0.00445601,976059393.21,1646.0440
2717,7.4387,1.7298,4.6116,19884.04,49715863.23,4014707.85,256130837.80,274666968.00,530797805.80,31067.75,2.15748296,0.00020077,0.00642479,0.00401550,0.00043888,0.00445437,976088460.96,1646.3146
2718,7.4415,1.7296,4.6112,19921.84,49720844.58,4014849.04,256154211.60,274674653.08,530828864.68,31058.88,2.15686667,0.00020073,0.00642349,0.00401468,0.00043806,0.00445274,976117519.84,1646.5848
2719,7.4442,1.7295,4.6108,19959.70,49725825.52,4014990.21,256177578.00,274682336.69,530859914.69,31050.01,2.15625058,0.00020069,0.00642219,0.00401387,0.00043724,0.00445111,976146569.85,1646.8547
2720,7.4470,1.7293,4.6104,19997.64,49730806.03,4015131.35,256200937.01,274690018.82,530890955.83,31041.14,2.15563468,0.00020065,0.00642090,0.00401306,0.00043642,0.00444948,976175610.99,1647.1242
2721,7.4497,1.7292,4.6101,20035.66,49735786.14,4015272.47,256224288.63,274697699.47,530921988.10,31032.27,2.15501897,0.00020061,0.00641960,0.00401225,0.00043561,0.00444786,976204643.26,1647.3933
2722,7.4524,1.7291,4.6097,20073.74,49740765.82,4015413.56,256247632.86,274705378.65,530953011.51,31023.41,2.15440346,0.00020057,0.00641830,0.00401144,0.00043479,0.00444623,976233666.67,1647.6621
2723,7.4552,1.7289,4.6093,20111.90,49745745.09,4015554.63,256270969.70,274713056.36,530984026.06,31014.55,2.15378814,0.00020053,0.00641700,0.00401063,0.00043398,0.00444461,976262681.22,1647.9305
2724,7.4579,1.7288,4.6089,20150.13,49750723.95,4015695.67,256294299.16,274720732.59,531015031.75,31005.69,2.15317301,0.00020049,0.00641570,0.00400982,0.00043317,0.00444299,976291686.91,1648.1986
2725,7.4606,1.7286,4.6085,20188.43,49755702.39,4015836.69,256317621.23,274728407.35,531046028.59,30996.84,2.15255807,0.00020045,0.00641441,0.00400900,0.00043236,0.00444137,976320683.75,1648.4663
2726,7.4634,1.7285,4.6081,20226.80,49760680.41,4015977.69,256340935.93,274736080.64,531077016.57,30987.98,2.15194332,0.00020041,0.00641311,0.00400819,0.00043156,0.00443975,976349671.73,1648.7337
2727,7.4661,1.7283,4.6077,20265.25,49765658.02,4016118.65,256364243.25,274743752.45,531107995.70,30979.13,2.15132876,0.00020037,0.00641181,0.00400738,0.00043075,0.00443813,976378650.87,1649.0007
2728,7.4689,1.7282,4.6074,20303.77,49770635.21,4016259.60,256387543.20,274751422.80,531138965.99,30970.29,2.15071440,0.00020033,0.00641052,0.00400657,0.00042994,0.00443652,976407621.15,1649.2673
2729,7.4716,1.7280,4.6070,20342.37,49775611.99,4016400.52,256410835.77,274759091.67,531169927.43,30961.44,2.15010023,0.00020029,0.00640922,0.00400576,0.00042914,0.00443491,976436582.60,1649.5336
2730,7.4743,1.7279,4.6066,20381.04,49780588.36,4016541.41,256434120.97,274766759.07,531200880.04,30952.60,2.14948625,0.00020025,0.00640793,0.00400495,0.00042834,0.00443329,976465535.20,1649.7995
2731,7.4771,1.7278,4.6062,20419.78,49785564.30,4016682.28,256457398.80,274774425.00,531231823.80,30943.76,2.14887246,0.00020021,0.00640663,0.00400414,0.00042754,0.00443169,976494478.96,1650.0651
2732,7.4798,1.7276,4.6058,20458.59,49790539.84,4016823.12,256480669.27,274782089.46,531262758.73,30934.93,2.14825887,0.00020017,0.00640534,0.00400334,0.00042674,0.00443008,976523413.89,1650.3304
2733,7.4825,1.7275,4.6054,20497.48,49795514.95,4016963.94,256503932.38,274789752.45,531293684.82,30926.09,2.14764546,0.00020013,0.00640404,0.00400253,0.00042595,0.00442847,976552339.99,1650.5952
2734,7.4853,1.7273,4.6051,20536.44,49800489.65,4017104.74,256527188.12,274797413.97,531324602.09,30917.26,2.14703225,0.00020009,0.00640275,0.00400172,0.00042515,0.00442687,976581257.25,1650.8598
2735,7.4880,1.7272,4.6047,20575.48,49805463.94,4017245.51,256550436.50,274805074.02,531355510.52,30908.44,2.14641923,0.00020005,0.00640145,0.00400091,0.00042436,0.00442526,976610165.69,1651.1239
2736,7.4908,1.7270,4.6043,20614.59,49810437.81,4017386.25,256573677.53,274812732.60,531386410.14,30899.61,2.14580640,0.00020001,0.00640016,0.00400010,0.00042356,0.00442366,976639065.30,1651.3877
2737,7.4935,1.7269,4.6039,20653.77,49815411.27,4017526.97,256596911.21,274820389.72,531417300.93,30890.79,2.14519376,0.00019996,0.00639887,0.00399929,0.00042277,0.00442206,976667956.09,1651.6512
2738,7.4962,1.7268,4.6035,20693.03,49820384.31,4017667.67,256620137.53,274828045.36,531448182.90,30881.97,2.14458131,0.00019992,0.00639757,0.00399848,0.00042198,0.00442047,976696838.06,1651.9143
2739,7.4990,1.7266,4.6031,20732.37,49825356.94,4017808.34,256643356.51,274835699.55,531479056.05,30873.15,2.14396906,0.00019988,0.00639628,0.00399768,0.00042119,0.00441887,976725711.21,1652.1771
2740,7.5017,1.7265,4.6027,20771.78,49830329.15,4017948.99,256666568.13,274843352.26,531509920.39,30864.34,2.14335699,0.00019984,0.00639499,0.00399687,0.00042041,0.00441728,976754575.56,1652.4395
2741,7.5044,1.7263,4.6024,20811.26,49835300.95,4018089.61,256689772.42,274851003.51,531540775.92,30855.53,2.14274512,0.00019980,0.00639370,0.00399606,0.00041962,0.00441568,976783431.08,1652.7015
2742,7.5072,1.7262,4.6020,20850.82,49840272.33,4018230.20,256712969.36,274858653.29,531571622.64,30846.72,2.14213344,0.00019976,0.00639241,0.00399525,0.00041884,0.00441409,976812277.81,1652.9632
2743,7.5099,1.7260,4.6016,20890.45,49845243.30,4018370.77,256736158.96,274866301.60,531602460.56,30837.92,2.14152194,0.00019972,0.00639111,0.00399445,0.00041806,0.00441250,976841115.72,1653.2246
2744,7.5127,1.7259,4.6012,20930.16,49850213.85,4018511.32,256759341.22,274873948.45,531633289.67,30829.11,2.14091064,0.00019968,0.00638982,0.00399364,0.00041728,0.00441091,976869944.84,1653.4856
2745,7.5154,1.7257,4.6008,20969.95,49855183.99,4018651.84,256782516.15,274881593.84,531664109.99,30820.31,2.14029953,0.00019964,0.00638853,0.00399283,0.00041650,0.00440933,976898765.15,1653.7462
2746,7.5181,1.7256,4.6004,21009.81,49860153.71,4018792.34,256805683.74,274889237.76,531694921.50,30811.52,2.13968861,0.00019960,0.00638724,0.00399203,0.00041572,0.00440774,976927576.66,1654.0065
2747,7.5209,1.7255,4.6001,21049.74,49865123.02,4018932.81,256828844.00,274896880.22,531725724.22,30802.72,2.13907788,0.00019956,0.00638595,0.00399122,0.00041494,0.00440616,976956379.39,1654.2665
2748,7.5236,1.7253,4.5997,21089.76,49870091.91,4019073.26,256851996.94,274904521.22,531756518.15,30793.93,2.13846735,0.00019952,0.00638466,0.00399041,0.00041417,0.00440458,976985173.32,1654.5261
2749,7.5264,1.7252,4.5993,21129.84,49875060.39,4019213.68,256875142.55,274912160.75,531787303.29,30785.14,2.13785700,0.00019948,0.00638337,0.00398961,0.00041339,0.00440300,977013958.46,1654.7854
2750,7.5291,1.7250,4.5989,21170.01,49880028.45,4019354.08,256898280.83,274919798.82,531818079.65,30776.35,2.13724684,0.00019944,0.00638208,0.00398880,0.00041262,0.00440142,977042734.81,1655.0443
2751,7.5318,1.7249,4.5985,21210.25,49884996.10,4019494.46,256921411.80,274927435.42,531848847.22,30767.57,2.13663688,0.00019940,0.00638079,0.00398800,0.00041185,0.00439985,977071502.38,1655.3028
2752,7.5346,1.7247,4.5981,21250.57,49889963.34,4019634.81,256944535.44,274935070.57,531879606.01,30758.79,2.13602710,0.00019936,0.00637950,0.00398719,0.00041108,0.00439827,977100261.17,1655.5610
2753,7.5373,1.7246,4.5978,21290.96,49894930.16,4019775.13,256967651.77,274942704.26,531910356.02,30750.01,2.13541751,0.00019932,0.00637822,0.00398639,0.00041031,0.00439670,977129011.18,1655.8189
2754,7.5400,1.7244,4.5974,21331.43,49899896.57,4019915.43,256990760.78,274950336.48,531941097.26,30741.24,2.13480812,0.00019928,0.00637693,0.00398558,0.00040955,0.00439513,977157752.42,1656.0764
2755,7.5428,1.7243,4.5970,21371.98,49904862.56,4020055.71,257013862.48,274957967.24,531971829.72,30732.46,2.13419891,0.00019924,0.00637564,0.00398478,0.00040878,0.00439356,977186484.89,1656.3336
2756,7.5455,1.7242,4.5966,21412.60,49909828.14,4020195.96,257036956.87,274965596.55,532002553.42,30723.69,2.13358990,0.00019920,0.00637435,0.00398397,0.00040802,0.00439199,977215208.58,1656.5904
2757,7.5483,1.7240,4.5962,21453.31,49914793.30,4020336.18,257060043.96,274973224.39,532033268.35,30714.93,2.13298107,0.00019916,0.00637307,0.00398317,0.00040726,0.00439042,977243923.51,1656.8469
2758,7.5510,1.7239,4.5958,21494.08,49919758.05,4020476.38,257083123.73,274980850.77,532063974.51,30706.16,2.13237244,0.00019912,0.00637178,0.00398236,0.00040650,0.00438886,977272629.67,1657.1030
2759,7.5537,1.7237,4.5955,21534.94,49924722.38,4020616.56,257106196.21,274988475.70,532094671.91,30697.40,2.13176399,0.00019908,0.00637049,0.00398156,0.00040574,0.00438729,977301327.07,1657.3588
2760,7.5565,1.7236,4.5951,21575.88,49929686.30,4020756.71,257129261.38,274996099.17,532125360.55,30688.64,2.13115574,0.00019904,0.00636921,0.00398075,0.00040498,0.00438573,977330015.72,1657.6143
2761,7.5592,1.7234,4.5947,21616.89,49934649.81,4020896.84,257152319.26,275003721.18,532156040.44,30679.89,2.13054767,0.00019900,0.00636792,0.00397995,0.00040422,0.00438417,977358695.60,1657.8694
2762,7.5619,1.7233,4.5943,21657.98,49939612.90,4021036.94,257175369.84,275011341.73,532186711.57,30671.13,2.12993980,0.00019896,0.00636663,0.00397915,0.00040347,0.00438261,977387366.73,1658.1241
2763,7.5647,1.7232,4.5939,21699.15,49944575.58,4021177.02,257198413.13,275018960.83,532217373.95,30662.38,2.12933211,0.00019892,0.00636535,0.00397834,0.00040271,0.00438106,977416029.12,1658.3786
2764,7.5674,1.7230,4.5935,21740.39,49949537.84,4021317.07,257221449.12,275026578.47,532248027.59,30653.63,2.12872461,0.00019888,0.00636406,0.00397754,0.00040196,0.00437950,977444682.75,1658.6326
2765,7.5702,1.7229,4.5932,21781.72,49954499.69,4021457.10,257244477.83,275034194.65,532278672.48,30644.89,2.12811731,0.00019884,0.00636278,0.00397674,0.00040121,0.00437795,977473327.64,1658.8864
2766,7.5729,1.7227,4.5928,21823.12,49959461.13,4021597.10,257267499.25,275041809.38,532309308.63,30636.15,2.12751019,0.00019880,0.00636150,0.00397593,0.00040046,0.00437640,977501963.79,1659.1397
2767,7.5756,1.7226,4.5924,21864.60,49964422.15,4021737.08,257290513.38,275049422.65,532339936.03,30627.41,2.12690326,0.00019876,0.00636021,0.00397513,0.00039971,0.00437484,977530591.19,1659.3928
2768,7.5784,1.7224,4.5920,21906.16,49969382.75,4021877.04,257313520.23,275057034.47,532370554.70,30618.67,2.12629652,0.00019872,0.00635893,0.00397433,0.00039897,0.00437330,977559209.86,1659.6455
2769,7.5811,1.7223,4.5916,21947.80,49974342.95,4022016.97,257336519.81,275064644.83,532401164.64,30609.94,2.12568998,0.00019868,0.00635764,0.00397353,0.00039822,0.00437175,977587819.80,1659.8978
2770,7.5838,1.7221,4.5912,21989.52,49979302.73,4022156.87,257359512.10,275072253.74,532431765.84,30601.20,2.12508362,0.00019864,0.00635636,0.00397273,0.00039748,0.00437020,977616421.00,1660.1499
2771,7.5866,1.7220,4.5909,22031.32,49984262.09,4022296.75,257382497.12,275079861.19,532462358.32,30592.48,2.12447745,0.00019860,0.00635508,0.00397192,0.00039673,0.00436866,977645013.48,1660.4015
2772,7.5893,1.7219,4.5905,22073.20,49989221.04,4022436.61,257405474.87,275087467.20,532492942.07,30583.75,2.12387146,0.00019856,0.00635380,0.00397112,0.00039599,0.00436712,977673597.23,1660.6529
2773,7.5921,1.7217,4.5901,22115.16,49994179.58,4022576.44,257428445.35,275095071.75,532523517.09,30575.03,2.12326567,0.00019852,0.00635251,0.00397032,0.00039525,0.00436557,977702172.25,1660.9039
2774,7.5948,1.7216,4.5897,22157.20,49999137.71,4022716.25,257451408.55,275102674.84,532554083.40,30566.30,2.12266007,0.00019848,0.00635123,0.00396952,0.00039451,0.00436403,977730738.56,1661.1545
2775,7.5975,1.7214,4.5893,22199.31,50004095.42,4022856.03,257474364.50,275110276.49,532584640.98,30557.59,2.12205465,0.00019844,0.00634995,0.00396872,0.00039378,0.00436250,977759296.15,1661.4048
2776,7.6003,1.7213,4.5889,22241.51,50009052.71,4022995.79,257497313.17,275117876.68,532615189.86,30548.87,2.12144943,0.00019840,0.00634867,0.00396792,0.00039304,0.00436096,977787845.02,1661.6548
2777,7.6030,1.7211,4.5886,22283.79,50014009.60,4023135.52,257520254.59,275125475.42,532645730.01,30540.16,2.12084439,0.00019836,0.00634739,0.00396712,0.00039231,0.00435943,977816385.18,1661.9044
2778,7.6057,1.7210,4.5882,22326.15,50018966.07,4023275.23,257543188.75,275133072.72,532676261.46,30531.45,2.12023954,0.00019832,0.00634611,0.00396632,0.00039157,0.00435789,977844916.63,1662.1537
2779,7.6085,1.7209,4.5878,22368.58,50023922.12,4023414.92,257566115.65,275140668.56,532706784.21,30522.74,2.11963488,0.00019828,0.00634483,0.00396552,0.00039084,0.00435636,977873439.37,1662.4027
2780,7.6112,1.7207,4.5874,22411.10,50028877.76,4023554.58,257589035.30,275148262.95,532737298.24,30514.04,2.11903041,0.00019824,0.00634355,0.00396472,0.00039011,0.00435483,977901953.41,1662.6513
2781,7.6140,1.7206,4.5870,22453.70,50033832.99,4023694.21,257611947.69,275155855.89,532767803.58,30505.34,2.11842613,0.00019820,0.00634227,0.00396392,0.00038938,0.00435330,977930458.74,1662.8996
2782,7.6167,1.7204,4.5866,22496.38,50038787.81,4023833.82,257634852.83,275163447.38,532798300.22,30496.64,2.11782204,0.00019816,0.00634099,0.00396312,0.00038866,0.00435177,977958955.38,1663.1476
2783,7.6194,1.7203,4.5863,22539.15,50043742.21,4023973.41,257657750.73,275171037.43,532828788.16,30487.94,2.11721813,0.00019812,0.00633971,0.00396232,0.00038793,0.00435025,977987443.32,1663.3952
2784,7.6222,1.7201,4.5859,22581.99,50048696.20,4024112.97,257680641.38,275178626.03,532859267.41,30479.25,2.11661442,0.00019808,0.00633843,0.00396152,0.00038721,0.00434872,978015922.57,1663.6424
2785,7.6249,1.7200,4.5855,22624.91,50053649.77,4024252.51,257703524.79,275186213.18,532889737.96,30470.56,2.11601089,0.00019804,0.00633715,0.00396072,0.00038648,0.00434720,978044393.13,1663.8894
2786,7.6277,1.7198,4.5851,22667.92,50058602.94,4024392.02,257726400.96,275193798.88,532920199.83,30461.87,2.11540755,0.00019800,0.00633587,0.00395992,0.00038576,0.00434568,978072854.99,1664.1360
2787,7.6304,1.7197,4.5847,22711.01,50063555.68,4024531.51,257749269.88,275201383.13,532950653.02,30453.18,2.11480440,0.00019796,0.00633460,0.00395912,0.00038504,0.00434416,978101308.18,1664.3822
2788,7.6331,1.7196,4.5843,22754.18,50068508.02,4024670.98,257772131.58,275208965.94,532981097.52,30444.50,2.11420143,0.00019792,0.00633332,0.00395832,0.00038432,0.00434264,978129752.68,1664.6282
2789,7.6359,1.7194,4.5840,22797.43,50073459.94,4024810.42,257794986.03,275216547.30,533011533.34,30435.82,2.11359866,0.00019788,0.00633204,0.00395753,0.00038360,0.00434113,978158188.50,1664.8738
2790,7.6386,1.7193,4.5836,22840.76,50078411.45,4024949.83,257817833.26,275224127.22,533041960.48,30427.14,2.11299607,0.00019784,0.00633076,0.00395673,0.00038289,0.00433961,978186615.64,1665.1190
2791,7.6413,1.7191,4.5832,22884.18,50083362.54,4025089.22,257840673.26,275231705.69,533072378.95,30418.47,2.11239367,0.00019780,0.00632949,0.00395593,0.00038217,0.00433810,978215034.11,1665.3640
2792,7.6441,1.7190,4.5828,22927.68,50088313.23,4025228.59,257863506.03,275239282.72,533102788.75,30409.80,2.11179146,0.00019776,0.00632821,0.00395513,0.00038146,0.00433659,978243443.91,1665.6085
2793,7.6468,1.7188,4.5824,22971.26,50093263.50,4025367.93,257886331.57,275246858.30,533133189.87,30401.13,2.11118943,0.00019772,0.00632693,0.00395433,0.00038074,0.00433508,978271845.04,1665.8528
2794,7.6496,1.7187,4.5821,23014.93,50098213.35,4025507.25,257909149.90,275254432.44,533163582.34,30392.46,2.11058760,0.00019768,0.00632566,0.00395354,0.00038003,0.00433357,978300237.50,1666.0967
2795,7.6523,1.7186,4.5817,23058.67,50103162.79,4025646.54,257931961.00,275262005.13,533193966.13,30383.80,2.10998595,0.00019764,0.00632438,0.00395274,0.00037932,0.00433206,978328621.30,1666.3403
2796,7.6550,1.7184,4.5813,23102.50,50108111.82,4025785.81,257954764.88,275269576.39,533224341.27,30375.14,2.10938449,0.00019760,0.00632311,0.00395194,0.00037861,0.00433056,978356996.43,1666.5836
2797,7.6578,1.7183,4.5809,23146.42,50113060.44,4025925.05,257977561.55,275277146.19,533254707.75,30366.48,2.10878321,0.00019756,0.00632183,0.00395115,0.00037791,0.00432905,978385362.91,1666.8265
2798,7.6605,1.7181,4.5805,23190.42,50118008.65,4026064.27,258000351.01,275284714.56,533285065.57,30357.82,2.10818213,0.00019752,0.00632056,0.00395035,0.00037720,0.00432755,978413720.73,1667.0691
2799,7.6632,1.7180,4.5801,23234.50,50122956.44,4026203.47,258023133.25,275292281.49,533315414.74,30349.17,2.10758123,0.00019748,0.00631928,0.00394955,0.00037650,0.00432605,978442069.90,1667.3114
2800,7.6660,1.7178,4.5798,23278.66,50127903.81,4026342.64,258045908.29,275299846.97,533345755.26,30340.52,2.10698052,0.00019744,0.00631801,0.00394876,0.00037579,0.00432455,978470410.42,1667.5533
2801,7.6687,1.7177,4.5794,23322.91,50132850.78,4026481.79,258068676.12,275307411.01,533376087.13,30331.87,2.10637999,0.00019740,0.00631674,0.00394796,0.00037509,0.00432305,978498742.29,1667.7949
2802,7.6715,1.7176,4.5790,23367.24,50137797.33,4026620.91,258091436.74,275314973.61,533406410.36,30323.23,2.10577966,0.00019736,0.00631546,0.00394716,0.00037439,0.00432155,978527065.52,1668.0362
2803,7.6742,1.7174,4.5786,23411.66,50142743.47,4026760.01,258114190.17,275322534.78,533436724.94,30314.58,2.10517951,0.00019732,0.00631419,0.00394637,0.00037369,0.00432006,978555380.11,1668.2771
2804,7.6769,1.7173,4.5782,23456.16,50147689.20,4026899.08,258136936.39,275330094.50,533467030.89,30305.95,2.10457955,0.00019728,0.00631292,0.00394557,0.00037299,0.00431857,978583686.05,1668.5178
2805,7.6797,1.7171,4.5779,23500.75,50152634.51,4027038.13,258159675.42,275337652.78,533497328.20,30297.31,2.10397977,0.00019724,0.00631165,0.00394478,0.00037230,0.00431707,978611983.36,1668.7580
2806,7.6824,1.7170,4.5775,23545.42,50157579.42,4027177.15,258182407.25,275345209.62,533527616.87,30288.67,2.10338018,0.00019720,0.00631037,0.00394398,0.00037160,0.00431558,978640272.03,1668.9980
2807,7.6851,1.7168,4.5771,23590.18,50162523.90,4027316.15,258205131.89,275352765.03,533557896.92,30280.04,2.10278078,0.00019716,0.00630910,0.00394319,0.00037091,0.00431409,978668552.08,1669.2376
2808,7.6879,1.7167,4.5767,23635.02,50167467.98,4027455.13,258227849.33,275360319.00,533588168.33,30271.41,2.10218157,0.00019712,0.00630783,0.00394239,0.00037021,0.00431261,978696823.49,1669.4769
2809,7.6906,1.7165,4.5763,23679.94,50172411.65,4027594.08,258250559.59,275367871.52,533618431.12,30262.79,2.10158254,0.00019708,0.00630656,0.00394160,0.00036952,0.00431112,978725086.28,1669.7159
2810,7.6934,1.7164,4.5759,23724.96,50177354.90,4027733.01,258273262.67,275375422.62,533648685.28,30254.17,2.10098370,0.00019704,0.00630529,0.00394080,0.00036883,0.00430964,978753340.45,1669.9545
2811,7.6961,1.7163,4.5756,23770.05,50182297.74,4027871.91,258295958.56,275382972.27,533678930.83,30245.54,2.10038504,0.00019700,0.00630402,0.00394001,0.00036814,0.00430815,978781585.99,1670.1928
2812,7.6988,1.7161,4.5752,23815.24,50187240.16,4028010.79,258318647.26,275390520.49,533709167.75,30236.93,2.09978658,0.00019696,0.00630275,0.00393922,0.00036745,0.00430667,978809822.92,1670.4308
2813,7.7016,1.7160,4.5748,23860.51,50192182.18,4028149.65,258341328.79,275398067.27,533739396.07,30228.31,2.09918830,0.00019692,0.00630148,0.00393842,0.00036677,0.00430519,978838051.23,1670.6685
2814,7.7043,1.7158,4.5744,23905.86,50197123.78,4028288.48,258364003.15,275405612.62,533769615.77,30219.70,2.09859020,0.00019688,0.00630021,0.00393763,0.00036608,0.00430371,978866270.93,1670.9058
2815,7.7070,1.7157,4.5740,23951.30,50202064.97,4028427.28,258386670.32,275413156.53,533799826.85,30211.09,2.09799229,0.00019684,0.00629894,0.00393684,0.00036540,0.00430223,978894482.02,1671.1428
2816,7.7098,1.7155,4.5736,23996.83,50207005.74,4028566.07,258409330.33,275420699.01,533830029.34,30202.48,2.09739457,0.00019680,0.00629767,0.00393604,0.00036471,0.00430076,978922684.50,1671.3795
2817,7.7125,1.7154,4.5733,24042.44,50211946.11,4028704.82,258431983.16,275428240.05,533860223.21,30193.88,2.09679704,0.00019676,0.00629640,0.00393525,0.00036403,0.00429928,978950878.38,1671.6159
2818,7.7153,1.7153,4.5729,24088.14,50216886.06,4028843.56,258454628.83,275435779.66,533890408.49,30185.28,2.09619969,0.00019672,0.00629513,0.00393446,0.00036335,0.00429781,978979063.65,1671.8519
2819,7.7180,1.7151,4.5725,24133.93,50221825.60,4028982.26,258477267.33,275443317.83,533920585.17,30176.68,2.09560253,0.00019668,0.00629386,0.00393366,0.00036267,0.00429634,979007240.33,1672.0876
2820,7.7207,1.7150,4.5721,24179.81,50226764.73,4029120.95,258499898.67,275450854.58,533950753.25,30168.08,2.09500555,0.00019664,0.00629260,0.00393287,0.00036200,0.00429487,979035408.41,1672.3230
2821,7.7235,1.7148,4.5717,24225.77,50231703.44,4029259.61,258522522.85,275458389.89,533980912.73,30159.49,2.09440876,0.00019660,0.00629133,0.00393208,0.00036132,0.00429340,979063567.89,1672.5581
2822,7.7262,1.7147,4.5714,24271.82,50236641.75,4029398.25,258545139.86,275465923.76,534011063.63,30150.90,2.09381216,0.00019656,0.00629006,0.00393129,0.00036065,0.00429193,979091718.79,1672.7928
2823,7.7290,1.7145,4.5710,24317.95,50241579.64,4029536.86,258567749.73,275473456.21,534041205.93,30142.31,2.09321574,0.00019652,0.00628879,0.00393050,0.00035997,0.00429047,979119861.10,1673.0272
2824,7.7317,1.7144,4.5706,24364.18,50246517.12,4029675.45,258590352.43,275480987.22,534071339.65,30133.72,2.09261951,0.00019649,0.00628753,0.00392970,0.00035930,0.00428900,979147994.82,1673.2613
2825,7.7344,1.7143,4.5702,24410.49,50251454.19,4029814.01,258612947.99,275488516.80,534101464.79,30125.14,2.09202346,0.00019645,0.00628626,0.00392891,0.00035863,0.00428754,979176119.95,1673.4951
2826,7.7372,1.7141,4.5698,24456.89,50256390.84,4029952.55,258635536.39,275496044.95,534131581.35,30116.56,2.09142760,0.00019641,0.00628499,0.00392812,0.00035796,0.00428608,979204236.51,1673.7285
2827,7.7399,1.7140,4.5695,24503.38,50261327.09,4030091.06,258658117.65,275503571.68,534161689.33,30107.98,2.09083192,0.00019637,0.00628373,0.00392733,0.00035729,0.00428462,979232344.49,1673.9617
2828,7.7426,1.7138,4.5691,24549.96,50266262.92,4030229.55,258680691.77,275511096.97,534191788.73,30099.40,2.09023643,0.00019633,0.00628246,0.00392654,0.00035662,0.00428316,979260443.90,1674.1945
2829,7.7454,1.7137,4.5687,24596.62,50271198.34,4030368.02,258703258.74,275518620.83,534221879.57,30090.83,2.08964113,0.00019629,0.00628120,0.00392575,0.00035595,0.00428170,979288534.73,1674.4269
2830,7.7481,1.7135,4.5683,24643.38,50276133.35,4030506.46,258725818.57,275526143.26,534251961.83,30082.26,2.08904601,0.00019625,0.00627993,0.00392496,0.00035529,0.00428025,979316616.99,1674.6591
2831,7.7509,1.7134,4.5679,24690.22,50281067.94,4030644.88,258748371.26,275533664.27,534282035.52,30073.70,2.08845108,0.00019621,0.00627867,0.00392417,0.00035463,0.00427879,979344690.69,1674.8909
2832,7.7536,1.7133,4.5675,24737.15,50286002.13,4030783.28,258770916.81,275541183.84,534312100.66,30065.13,2.08785633,0.00019617,0.00627741,0.00392338,0.00035396,0.00427734,979372755.82,1675.1225
2833,7.7563,1.7131,4.5672,24784.17,50290935.90,4030921.65,258793455.23,275548701.99,534342157.22,30056.57,2.08726177,0.00019613,0.00627614,0.00392259,0.00035330,0.00427589,979400812.39,1675.3537
2834,7.7591,1.7130,4.5668,24831.28,50295869.26,4031059.99,258815986.52,275556218.71,534372205.24,30048.01,2.08666739,0.00019609,0.00627488,0.00392180,0.00035264,0.00427444,979428860.40,1675.5845
2835,7.7618,1.7128,4.5664,24878.48,50300802.21,4031198.31,258838510.68,275563734.01,534402244.69,30039.45,2.08607320,0.00019605,0.00627361,0.00392101,0.00035198,0.00427299,979456899.85,1675.8151
2836,7.7645,1.7127,4.5660,24925.77,50305734.75,4031336.61,258861027.72,275571247.87,534432275.59,30030.90,2.08547919,0.00019601,0.00627235,0.00392022,0.00035132,0.00427154,979484930.75,1676.0453
2837,7.7673,1.7125,4.5656,24973.15,50310666.87,4031474.88,258883537.62,275578760.32,534462297.94,30022.35,2.08488537,0.00019597,0.00627109,0.00391943,0.00035067,0.00427010,979512953.10,1676.2753
2838,7.7700,1.7124,4.5653,25020.62,50315598.59,4031613.13,258906040.41,275586271.33,534492311.74,30013.80,2.08429174,0.00019593,0.00626983,0.00391864,0.00035001,0.00426865,979540966.90,1676.5049
2839,7.7728,1.7123,4.5649,25068.18,50320529.89,4031751.36,258928536.07,275593780.92,534522317.00,30005.26,2.08369829,0.00019589,0.00626856,0.00391785,0.00034936,0.00426721,979568972.16,1676.7342
2840,7.7755,1.7121,4.5645,25115.83,50325460.78,4031889.56,258951024.62,275601289.09,534552313.71,29996.71,2.08310502,0.00019585,0.00626730,0.00391706,0.00034871,0.00426577,979596968.87,1676.9631
2841,7.7782,1.7120,4.5641,25163.58,50330391.26,4032027.74,258973506.05,275608795.83,534582301.88,29988.17,2.08251194,0.00019581,0.00626604,0.00391628,0.00034805,0.00426433,979624957.04,1677.1918
2842,7.7810,1.7118,4.5637,25211.41,50335321.33,4032165.89,258995980.37,275616301.14,534612281.51,29979.63,2.08191904,0.00019577,0.00626478,0.00391549,0.00034740,0.00426289,979652936.68,1677.4201
2843,7.7837,1.7117,4.5634,25259.33,50340250.99,4032304.02,259018447.58,275623805.04,534642252.61,29971.10,2.08132633,0.00019573,0.00626352,0.00391470,0.00034675,0.00426145,979680907.78,1677.6481
2844,7.7864,1.7115,4.5630,25307.34,50345180.23,4032442.12,259040907.67,275631307.51,534672215.18,29962.57,2.08073380,0.00019570,0.00626226,0.00391391,0.00034611,0.00426002,979708870.34,1677.8758
2845,7.7892,1.7114,4.5626,25355.45,50350109.07,4032580.20,259063360.66,275638808.55,534702169.22,29954.04,2.08014146,0.00019566,0.00626100,0.00391312,0.00034546,0.00425858,979736824.38,1678.1032
2846,7.7919,1.7113,4.5622,25403.65,50355037.49,4032718.26,259085806.55,275646308.18,534732114.73,29945.51,2.07954930,0.00019562,0.00625974,0.00391234,0.00034481,0.00425715,979764769.89,1678.3303
2847,7.7947,1.7111,4.5618,25451.93,50359965.50,4032856.29,259108245.33,275653806.38,534762051.71,29936.99,2.07895733,0.00019558,0.00625848,0.00391155,0.00034417,0.00425572,979792706.87,1678.5571
2848,7.7974,1.7110,4.5615,25500.31,50364893.10,4032994.30,259130677.01,275661303.16,534791980.18,29928.46,2.07836554,0.00019554,0.00625722,0.00391076,0.00034353,0.00425429,979820635.34,1678.7835
2849,7.8001,1.7108,4.5611,25548.79,50369820.29,4033132.28,259153101.60,275668798.52,534821900.12,29919.94,2.07777394,0.00019550,0.00625596,0.00390997,0.00034288,0.00425286,979848555.28,1679.0096
2850,7.8029,1.7107,4.5607,25597.35,50374747.07,4033270.24,259175519.09,275676292.46,534851811.55,29911.43,2.07718251,0.00019546,0.00625470,0.00390919,0.00034224,0.00425143,979876466.71,1679.2354
2851,7.8056,1.7105,4.5603,25646.01,50379673.44,4033408.18,259197929.48,275683784.98,534881714.46,29902.91,2.07659128,0.00019542,0.00625344,0.00390840,0.00034160,0.00425001,979904369.63,1679.4609
2852,7.8084,1.7104,4.5599,25694.76,50384599.39,4033546.09,259220332.79,275691276.08,534911608.87,29894.40,2.07600023,0.00019538,0.00625218,0.00390762,0.00034097,0.00424858,979932264.03,1679.6861
2853,7.8111,1.7103,4.5595,25743.60,50389524.94,4033683.98,259242729.01,275698765.76,534941494.76,29885.89,2.07540936,0.00019534,0.00625093,0.00390683,0.00034033,0.00424716,979960149.92,1679.9110
2854,7.8138,1.7101,4.5592,25792.53,50394450.07,4033821.84,259265118.14,275706254.01,534971372.15,29877.39,2.07481868,0.00019530,0.00624967,0.00390604,0.00033969,0.00424574,979988027.31,1680.1356
2855,7.8166,1.7100,4.5588,25841.56,50399374.80,4033959.68,259287500.18,275713740.86,535001241.04,29868.89,2.07422818,0.00019526,0.00624841,0.00390526,0.00033906,0.00424431,980015896.20,1680.3598
2856,7.8193,1.7098,4.5584,25890.68,50404299.11,4034097.50,259309875.14,275721226.28,535031101.42,29860.39,2.07363786,0.00019522,0.00624715,0.00390447,0.00033842,0.00424290,980043756.58,1680.5838
2857,7.8220,1.7097,4.5580,25939.89,50409223.01,4034235.29,259332243.03,275728710.28,535060953.31,29851.89,2.07304773,0.00019518,0.00624590,0.00390369,0.00033779,0.00424148,980071608.47,1680.8074
2858,7.8248,1.7095,4.5576,25989.20,50414146.50,4034373.06,259354603.83,275736192.87,535090796.70,29843.39,2.07245778,0.00019515,0.00624464,0.00390290,0.00033716,0.00424006,980099451.86,1681.0307
2859,7.8275,1.7094,4.5573,26038.60,50419069.58,4034510.80,259376957.56,275743674.04,535120631.60,29834.90,2.07186802,0.00019511,0.00624339,0.00390212,0.00033653,0.00423865,980127286.76,1681.2537
2860,7.8303,1.7093,4.5569,26088.10,50423992.25,4034648.52,259399304.22,275751153.79,535150458.01,29826.41,2.07127843,0.00019507,0.00624213,0.00390133,0.00033590,0.00423723,980155113.17,1681.4764
2861,7.8330,1.7091,4.5565,26137.69,50428914.51,4034786.22,259421643.80,275758632.13,535180275.93,29817.92,2.07068904,0.00019503,0.00624087,0.00390055,0.00033527,0.00423582,980182931.09,1681.6988
2862,7.8357,1.7090,4.5561,26187.37,50433836.35,4034923.89,259443976.32,275766109.05,535210085.37,29809.44,2.07009982,0.00019499,0.00623962,0.00389976,0.00033465,0.00423441,980210740.53,1681.9208
2863,7.8385,1.7088,4.5557,26237.15,50438757.79,4035061.53,259466301.77,275773584.55,535239886.32,29800.96,2.06951079,0.00019495,0.00623836,0.00389898,0.00033402,0.00423300,980238541.49,1682.1426
2864,7.8412,1.7087,4.5554,26287.02,50443678.82,4035199.16,259488620.16,275781058.64,535269678.80,29792.48,2.06892195,0.00019491,0.00623711,0.00389819,0.00033340,0.00423159,980266333.96,1682.3641
2865,7.8439,1.7085,4.5550,26336.99,50448599.43,4035336.76,259510931.48,275788531.32,535299462.80,29784.00,2.06833328,0.00019487,0.00623586,0.00389741,0.00033277,0.00423018,980294117.96,1682.5852
2866,7.8467,1.7084,4.5546,26387.05,50453519.64,4035474.33,259533235.75,275796002.58,535329238.32,29775.53,2.06774481,0.00019483,0.00623460,0.00389663,0.00033215,0.00422878,980321893.49,1682.8060
2867,7.8494,1.7083,4.5542,26437.21,50458439.43,4035611.89,259555532.95,275803472.43,535359005.38,29767.05,2.06715651,0.00019479,0.00623335,0.00389584,0.00033153,0.00422737,980349660.54,1683.0266
2868,7.8522,1.7081,4.5538,26487.46,50463358.81,4035749.41,259577823.10,275810940.86,535388763.96,29758.58,2.06656840,0.00019475,0.00623209,0.00389506,0.00033091,0.00422597,980377419.13,1683.2468
2869,7.8549,1.7080,4.5535,26537.81,50468277.79,4035886.92,259600106.20,275818407.88,535418514.08,29750.12,2.06598047,0.00019471,0.00623084,0.00389428,0.00033029,0.00422457,980405169.24,1683.4667
2870,7.8576,1.7078,4.5531,26588.25,50473196.35,4036024.40,259622382.25,275825873.49,535448255.74,29741.66,2.06539272,0.00019467,0.00622959,0.00389349,0.00032968,0.00422317,980432910.90,1683.6863
2871,7.8604,1.7077,4.5527,26638.79,50478114.50,4036161.85,259644651.25,275833337.68,535477988.93,29733.19,2.06480515,0.00019464,0.00622834,0.00389271,0.00032906,0.00422177,980460644.09,1683.9056
2872,7.8631,1.7075,4.5523,26689.43,50483032.24,4036299.29,259666913.20,275840800.47,535507713.67,29724.74,2.06421777,0.00019460,0.00622708,0.00389193,0.00032844,0.00422037,980488368.83,1684.1246
2873,7.8658,1.7074,4.5519,26740.16,50487949.57,4036436.69,259689168.11,275848261.84,535537429.95,29716.28,2.06363058,0.00019456,0.00622583,0.00389115,0.00032783,0.00421898,980516085.11,1684.3433
2874,7.8686,1.7073,4.5516,26790.99,50492866.49,4036574.08,259711415.98,275855721.80,535567137.78,29707.83,2.06304356,0.00019452,0.00622458,0.00389036,0.00032722,0.00421758,980543792.94,1684.5617
2875,7.8713,1.7071,4.5512,26841.92,50497783.00,4036711.44,259733656.80,275863180.35,535596837.15,29699.38,2.06245673,0.00019448,0.00622333,0.00388958,0.00032661,0.00421619,980571492.31,1684.7797
2876,7.8741,1.7070,4.5508,26892.94,50502699.10,4036848.78,259755890.59,275870637.49,535626528.08,29690.93,2.06187008,0.00019444,0.00622208,0.00388880,0.00032600,0.00421480,980599183.24,1684.9975
2877,7.8768,1.7068,4.5504,26944.06,50507614.79,4036986.09,259778117.35,275878093.22,535656210.57,29682.48,2.06128361,0.00019440,0.00622083,0.00388802,0.00032539,0.00421340,980626865.73,1685.2150
2878,7.8795,1.7067,4.5500,26995.27,50512530.07,4037123.38,259800337.07,275885547.54,535685884.61,29674.04,2.06069733,0.00019436,0.00621958,0.00388724,0.00032478,0.00421201,980654539.77,1685.4321
2879,7.8823,1.7066,4.5497,27046.59,50517444.94,4037260.64,259822549.76,275893000.45,535715550.21,29665.60,2.06011123,0.00019432,0.00621833,0.00388645,0.00032417,0.00421063,980682205.37,1685.6490
2880,7.8850,1.7064,4.5493,27098.00,50522359.40,4037397.88,259844755.42,275900451.95,535745207.37,29657.16,2.05952531,0.00019428,0.00621708,0.00388567,0.00032357,0.00420924,980709862.54,1685.8655
2881,7.8877,1.7063,4.5489,27149.51,50527273.45,4037535.10,259866954.06,275907902.05,535774856.10,29648.73,2.05893957,0.00019424,0.00621583,0.00388489,0.00032296,0.00420785,980737511.27,1686.0818
2882,7.8905,1.7061,4.5485,27201.11,50532187.09,4037672.29,259889145.67,275915350.73,535804496.40,29640.30,2.05835402,0.00019421,0.00621458,0.00388411,0.00032236,0.00420647,980765151.56,1686.2977
2883,7.8932,1.7060,4.5481,27252.82,50537100.32,4037809.46,259911330.26,275922798.01,535834128.27,29631.87,2.05776864,0.00019417,0.00621333,0.00388333,0.00032175,0.00420509,980792783.43,1686.5134
2884,7.8960,1.7058,4.5478,27304.62,50542013.14,4037946.61,259933507.83,275930243.88,535863751.71,29623.44,2.05718345,0.00019413,0.00621208,0.00388255,0.00032115,0.00420370,980820406.87,1686.7287
2885,7.8987,1.7057,4.5474,27356.52,50546925.55,4038083.73,259955678.38,275937688.35,535893366.73,29615.02,2.05659845,0.00019409,0.00621083,0.00388177,0.00032055,0.00420232,980848021.89,1686.9437
2886,7.9014,1.7056,4.5470,27408.52,50551837.55,4038220.83,259977841.91,275945131.41,535922973.32,29606.60,2.05601362,0.00019405,0.00620959,0.00388099,0.00031995,0.00420094,980875628.49,1687.1585
2887,7.9042,1.7054,4.5466,27460.62,50556749.14,4038357.90,259999998.44,275952573.06,535952571.50,29598.18,2.05542898,0.00019401,0.00620834,0.00388021,0.00031936,0.00419957,980903226.66,1687.3729
2888,7.9069,1.7053,4.5463,27512.82,50561660.32,4038494.95,260022147.95,275960013.31,535982161.26,29589.76,2.05484451,0.00019397,0.00620709,0.00387943,0.00031876,0.00419819,980930816.43,1687.5870
2889,7.9097,1.7051,4.5459,27565.12,50566571.09,4038631.98,260044290.46,275967452.15,536011742.61,29581.35,2.05426024,0.00019393,0.00620584,0.00387865,0.00031816,0.00419682,980958397.77,1687.8009
2890,7.9124,1.7050,4.5455,27617.51,50571481.45,4038768.98,260066425.95,275974889.59,536041315.55,29572.94,2.05367614,0.00019389,0.00620460,0.00387787,0.00031757,0.00419544,980985970.71,1688.0144
2891,7.9151,1.7048,4.5451,27670.01,50576391.40,4038905.96,260088554.45,275982325.63,536070880.07,29564.53,2.05309222,0.00019385,0.00620335,0.00387709,0.00031697,0.00419407,981013535.24,1688.2276
2892,7.9179,1.7047,4.5447,27722.61,50581300.94,4039042.91,260110675.94,275989760.26,536100436.20,29556.12,2.05250849,0.00019382,0.00620210,0.00387631,0.00031638,0.00419270,981041091.36,1688.4405
2893,7.9206,1.7046,4.5444,27775.30,50586210.07,4039179.85,260132790.43,275997193.48,536129983.92,29547.72,2.05192494,0.00019378,0.00620086,0.00387554,0.00031579,0.00419133,981068639.08,1688.6532
2894,7.9233,1.7044,4.5440,27828.10,50591118.79,4039316.75,260154897.93,276004625.31,536159523.23,29539.32,2.05134156,0.00019374,0.00619961,0.00387476,0.00031520,0.00418996,981096178.40,1688.8655
2895,7.9261,1.7043,4.5436,27881.00,50596027.11,4039453.64,260176998.43,276012055.73,536189054.15,29530.92,2.05075838,0.00019370,0.00619837,0.00387398,0.00031461,0.00418859,981123709.32,1689.0775
2896,7.9288,1.7041,4.5432,27933.99,50600935.01,4039590.50,260199091.93,276019484.75,536218576.68,29522.53,2.05017537,0.00019366,0.00619712,0.00387320,0.00031402,0.00418722,981151231.84,1689.2893
2897,7.9316,1.7040,4.5428,27987.09,50605842.50,4039727.33,260221178.45,276026912.36,536248090.81,29514.13,2.04959254,0.00019362,0.00619588,0.00387242,0.00031344,0.00418586,981178745.98,1689.5007
2898,7.9343,1.7038,4.5425,28040.29,50610749.58,4039864.14,260243257.98,276034338.58,536277596.56,29505.74,2.04900990,0.00019358,0.00619463,0.00387165,0.00031285,0.00418450,981206251.72,1689.7118
2899,7.9370,1.7037,4.5421,28093.59,50615656.26,4040000.93,260265330.52,276041763.39,536307093.91,29497.36,2.04842743,0.00019354,0.00619339,0.00387087,0.00031227,0.00418313,981233749.07,1689.9227
2900,7.9398,1.7036,4.5417,28146.99,50620562.52,4040137.70,260287396.07,276049186.81,536336582.88,29488.97,2.04784515,0.00019350,0.00619214,0.00387009,0.00031168,0.00418177,981261238.04,1690.1332
2901,7.9425,1.7034,4.5413,28200.50,50625468.38,4040274.44,260309454.65,276056608.82,536366063.47,29480.59,2.04726305,0.00019347,0.00619090,0.00386931,0.00031110,0.00418041,981288718.63,1690.3435
2902,7.9452,1.7033,4.5409,28254.10,50630373.82,4040411.16,260331506.24,276064029.44,536395535.68,29472.21,2.04668113,0.00019343,0.00618966,0.00386854,0.00031052,0.00417905,981316190.84,1690.5534
2903,7.9480,1.7031,4.5406,28307.81,50635278.86,4040547.85,260353550.86,276071448.65,536424999.51,29463.83,2.04609939,0.00019339,0.00618842,0.00386776,0.00030994,0.00417770,981343654.67,1690.7631
2904,7.9507,1.7030,4.5402,28361.61,50640183.48,4040684.52,260375588.50,276078866.47,536454454.96,29455.46,2.04551784,0.00019335,0.00618717,0.00386698,0.00030936,0.00417634,981371110.13,1690.9724
2905,7.9535,1.7029,4.5398,28415.53,50645087.70,4040821.17,260397619.17,276086282.88,536483902.05,29447.09,2.04493646,0.00019331,0.00618593,0.00386621,0.00030878,0.00417499,981398557.21,1691.1815
2906,7.9562,1.7027,4.5394,28469.54,50649991.51,4040957.79,260419642.86,276093697.90,536513340.77,29438.72,2.04435526,0.00019327,0.00618469,0.00386543,0.00030820,0.00417363,981425995.93,1691.3903
2907,7.9589,1.7026,4.5390,28523.65,50654894.91,4041094.39,260441659.59,276101111.52,536542771.11,29430.35,2.04377425,0.00019323,0.00618345,0.00386465,0.00030763,0.00417228,981453426.28,1691.5987
2908,7.9617,1.7024,4.5387,28577.87,50659797.90,4041230.96,260463669.36,276108523.74,536572193.10,29421.99,2.04319342,0.00019319,0.00618221,0.00386388,0.00030705,0.00417093,981480848.26,1691.8069
2909,7.9644,1.7023,4.5383,28632.20,50664700.48,4041367.51,260485672.15,276115934.57,536601606.72,29413.62,2.04261276,0.00019316,0.00618096,0.00386310,0.00030648,0.00416958,981508261.89,1692.0148
2910,7.9671,1.7021,4.5379,28686.62,50669602.65,4041504.04,260507667.99,276123344.00,536631011.99,29405.26,2.04203229,0.00019312,0.00617972,0.00386233,0.00030590,0.00416823,981535667.15,1692.2224
2911,7.9699,1.7020,4.5375,28741.15,50674504.41,4041640.54,260529656.86,276130752.03,536660408.90,29396.91,2.04145200,0.00019308,0.00617848,0.00386155,0.00030533,0.00416688,981563064.06,1692.4297
2912,7.9726,1.7019,4.5372,28795.78,50679405.77,4041777.03,260551638.78,276138158.67,536689797.45,29388.56,2.04087189,0.00019304,0.00617724,0.00386078,0.00030476,0.00416554,981590452.62,1692.6367
2913,7.9754,1.7017,4.5368,28850.52,50684306.71,4041913.48,260573613.74,276145563.91,536719177.66,29380.20,2.04029196,0.00019300,0.00617600,0.00386000,0.00030419,0.00416419,981617832.82,1692.8434
2914,7.9781,1.7016,4.5364,28905.36,50689207.25,4042049.91,260595581.75,276152967.76,536748549.51,29371.86,2.03971221,0.00019296,0.00617476,0.00385923,0.00030362,0.00416285,981645204.68,1693.0498
2915,7.9808,1.7014,4.5360,28960.30,50694107.37,4042186.32,260617542.81,276160370.21,536777913.02,29363.51,2.03913264,0.00019292,0.00617352,0.00385845,0.00030306,0.00416151,981672568.19,1693.2559
2916,7.9836,1.7013,4.5356,29015.35,50699007.09,4042322.71,260639496.92,276167771.27,536807268.19,29355.17,2.03855325,0.00019288,0.00617228,0.00385768,0.00030249,0.00416017,981699923.35,1693.4618
2917,7.9863,1.7011,4.5353,29070.50,50703906.40,4042459.07,260661444.08,276175170.93,536836615.02,29346.83,2.03797404,0.00019285,0.00617105,0.00385690,0.00030192,0.00415883,981727270.18,1693.6673
2918,7.9890,1.7010,4.5349,29125.76,50708805.30,4042595.41,260683384.30,276182569.21,536865953.50,29338.49,2.03739501,0.00019281,0.00616981,0.00385613,0.00030136,0.00415749,981754608.67,1693.8725
2919,7.9918,1.7009,4.5345,29181.13,50713703.79,4042731.73,260705317.57,276189966.08,536895283.66,29330.15,2.03681616,0.00019277,0.00616857,0.00385536,0.00030080,0.00415615,981781938.82,1694.0775
2920,7.9945,1.7007,4.5341,29236.59,50718601.88,4042868.02,260727243.91,276197361.57,536924605.48,29321.82,2.03623749,0.00019273,0.00616733,0.00385458,0.00030023,0.00415482,981809260.64,1694.2822
2921,7.9973,1.7006,4.5337,29292.17,50723499.55,4043004.28,260749163.30,276204755.66,536953918.97,29313.49,2.03565900,0.00019269,0.00616609,0.00385381,0.00029967,0.00415348,981836574.13,1694.4865
2922,8.0000,1.7004,4.5334,29347.85,50728396.81,4043140.53,260771075.77,276212148.36,536983224.13,29305.16,2.03508069,0.00019265,0.00616486,0.00385304,0.00029911,0.00415215,981863879.29,1694.6906
2923,8.0027,1.7003,4.5330,29403.63,50733293.67,4043276.75,260792981.29,276219539.67,537012520.96,29296.84,2.03450256,0.00019261,0.00616362,0.00385226,0.00029855,0.00415082,981891176.13,1694.8944
2924,8.0055,1.7002,4.5326,29459.53,50738190.12,4043412.94,260814879.89,276226929.59,537041809.48,29288.51,2.03392462,0.00019257,0.00616238,0.00385149,0.00029799,0.00414948,981918464.64,1695.0979
2925,8.0082,1.7000,4.5322,29515.52,50743086.16,4043549.12,260836771.56,276234318.12,537071089.67,29280.19,2.03334685,0.00019254,0.00616115,0.00385072,0.00029744,0.00414815,981945744.84,1695.3012
2926,8.0110,1.6999,4.5319,29571.63,50747981.79,4043685.27,260858656.30,276241705.25,537100361.55,29271.88,2.03276926,0.00019250,0.00615991,0.00384994,0.00029688,0.00414683,981973016.71,1695.5041
2927,8.0137,1.6997,4.5315,29627.84,50752877.01,4043821.39,260880534.11,276249091.00,537129625.11,29263.56,2.03219185,0.00019246,0.00615867,0.00384917,0.00029633,0.00414550,982000280.28,1695.7067
2928,8.0164,1.6996,4.5311,29684.16,50757771.82,4043957.50,260902405.00,276256475.36,537158880.36,29255.25,2.03161462,0.00019242,0.00615744,0.00384840,0.00029577,0.00414417,982027535.53,1695.9091
2929,8.0192,1.6994,4.5307,29740.58,50762666.23,4044093.57,260924268.98,276263858.33,537188127.31,29246.94,2.03103757,0.00019238,0.00615620,0.00384763,0.00029522,0.00414285,982054782.47,1696.1112
2930,8.0219,1.6993,4.5303,29797.11,50767560.23,4044229.63,260946126.03,276271239.91,537217365.94,29238.63,2.03046070,0.00019234,0.00615497,0.00384686,0.00029467,0.00414152,982082021.10,1696.3129
2931,8.0246,1.6992,4.5300,29853.75,50772453.81,4044365.66,260967976.17,276278620.10,537246596.27,29230.33,2.02988400,0.00019230,0.00615373,0.00384608,0.00029412,0.00414020,982109251.43,1696.5144
2932,8.0274,1.6990,4.5296,29910.50,50777346.99,4044501.67,260989819.39,276285998.90,537275818.30,29222.03,2.02930749,0.00019227,0.00615250,0.00384531,0.00029357,0.00413888,982136473.46,1696.7156
2933,8.0301,1.6989,4.5292,29967.35,50782239.77,4044637.65,261011655.70,276293376.32,537305032.03,29213.73,2.02873116,0.00019223,0.00615127,0.00384454,0.00029302,0.00413756,982163687.19,1696.9166
2934,8.0329,1.6987,4.5288,30024.32,50787132.13,4044773.62,261033485.11,276300752.35,537334237.46,29205.43,2.02815501,0.00019219,0.00615003,0.00384377,0.00029247,0.00413624,982190892.62,1697.1172
2935,8.0356,1.6986,4.5285,30081.39,50792024.08,4044909.55,261055307.60,276308126.99,537363434.60,29197.14,2.02757903,0.00019215,0.00614880,0.00384300,0.00029192,0.00413492,982218089.76,1697.3176
2936,8.0383,1.6985,4.5281,30138.57,50796915.63,4045045.47,261077123.19,276315500.25,537392623.44,29188.85,2.02700324,0.00019211,0.00614757,0.00384223,0.00029138,0.00413361,982245278.60,1697.5176
2937,8.0411,1.6983,4.5277,30195.86,50801806.77,4045181.36,261098931.88,276322872.12,537421804.00,29180.56,2.02642762,0.00019207,0.00614633,0.00384146,0.00029083,0.00413229,982272459.16,1697.7174
2938,8.0438,1.6982,4.5273,30253.25,50806697.50,4045317.22,261120733.67,276330242.60,537450976.27,29172.27,2.02585218,0.00019203,0.00614510,0.00384069,0.00029029,0.00413098,982299631.43,1697.9169
2939,8.0465,1.6980,4.5269,30310.76,50811587.82,4045453.07,261142528.56,276337611.70,537480140.26,29163.99,2.02527692,0.00019200,0.00614387,0.00383992,0.00028975,0.00412966,982326795.42,1698.1161
2940,8.0493,1.6979,4.5266,30368.38,50816477.74,4045588.89,261164316.55,276344979.42,537509295.97,29155.71,2.02470185,0.00019196,0.00614264,0.00383915,0.00028920,0.00412835,982353951.13,1698.3150
2941,8.0520,1.6977,4.5262,30426.10,50821367.24,4045724.68,261186097.65,276352345.75,537538443.39,29147.43,2.02412695,0.00019192,0.00614140,0.00383838,0.00028866,0.00412704,982381098.56,1698.5137
2942,8.0548,1.6976,4.5258,30483.94,50826256.34,4045860.46,261207871.85,276359710.69,537567582.55,29139.15,2.02355222,0.00019188,0.00614017,0.00383761,0.00028812,0.00412573,982408237.71,1698.7120
2943,8.0575,1.6975,4.5254,30541.88,50831145.03,4045996.21,261229639.17,276367074.26,537596713.42,29130.88,2.02297768,0.00019184,0.00613894,0.00383684,0.00028759,0.00412442,982435368.59,1698.9101
2944,8.0602,1.6973,4.5251,30599.94,50836033.32,4046131.93,261251399.59,276374436.44,537625836.03,29122.61,2.02240332,0.00019180,0.00613771,0.00383607,0.00028705,0.00412312,982462491.19,1699.1079
2945,8.0630,1.6972,4.5247,30658.10,50840921.19,4046267.64,261273153.14,276381797.23,537654950.37,29114.34,2.02182913,0.00019176,0.00613648,0.00383530,0.00028651,0.00412181,982489605.53,1699.3054
2946,8.0657,1.6970,4.5243,30716.38,50845808.66,4046403.31,261294899.80,276389156.65,537684056.45,29106.07,2.02125512,0.00019173,0.00613525,0.00383453,0.00028598,0.00412051,982516711.61,1699.5026
2947,8.0684,1.6969,4.5239,30774.77,50850695.72,4046538.97,261316639.58,276396514.68,537713154.26,29097.81,2.02068130,0.00019169,0.00613402,0.00383376,0.00028544,0.00411920,982543809.42,1699.6996
2948,8.0712,1.6968,4.5235,30833.26,50855582.37,4046674.60,261338372.47,276403871.33,537742243.81,29089.55,2.02010765,0.00019165,0.00613279,0.00383299,0.00028491,0.00411790,982570898.97,1699.8963
2949,8.0739,1.6966,4.5232,30891.87,50860468.61,4046810.21,261360098.50,276411226.60,537771325.10,29081.29,2.01953417,0.00019161,0.00613156,0.00383223,0.00028437,0.00411660,982597980.26,1700.0927
2950,8.0767,1.6965,4.5228,30950.59,50865354.45,4046945.80,261381817.65,276418580.49,537800398.13,29073.04,2.01896088,0.00019157,0.00613033,0.00383146,0.00028384,0.00411530,982625053.30,1700.2888
2951,8.0794,1.6963,4.5224,31009.43,50870239.87,4047081.36,261403529.92,276425933.00,537829462.92,29064.78,2.01838777,0.00019153,0.00612910,0.00383069,0.00028331,0.00411400,982652118.08,1700.4846
2952,8.0821,1.6962,4.5220,31068.37,50875124.89,4047216.90,261425235.33,276433284.13,537858519.45,29056.53,2.01781483,0.00019150,0.00612787,0.00382992,0.00028278,0.00411270,982679174.61,1700.6801
2953,8.0849,1.6960,4.5217,31127.43,50880009.51,4047352.41,261446933.86,276440633.87,537887567.74,29048.29,2.01724207,0.00019146,0.00612665,0.00382915,0.00028225,0.00411141,982706222.90,1700.8754
2954,8.0876,1.6959,4.5213,31186.59,50884893.71,4047487.90,261468625.53,276447982.24,537916607.78,29040.04,2.01666949,0.00019142,0.00612542,0.00382839,0.00028173,0.00411011,982733262.94,1701.0704
2955,8.0903,1.6958,4.5209,31245.87,50889777.51,4047623.37,261490310.34,276455329.23,537945639.58,29031.80,2.01609709,0.00019138,0.00612419,0.00382762,0.00028120,0.00410882,982760294.74,1701.2651
2956,8.0931,1.6956,4.5205,31305.27,50894660.90,4047758.82,261511988.29,276462674.85,537974663.13,29023.56,2.01552486,0.00019134,0.00612296,0.00382685,0.00028067,0.00410753,982787318.30,1701.4595
2957,8.0958,1.6955,4.5201,31364.77,50899543.88,4047894.24,261533659.38,276470019.08,538003678.46,29015.32,2.01495282,0.00019130,0.00612174,0.00382609,0.00028015,0.00410623,982814333.62,1701.6537
2958,8.0986,1.6953,4.5198,31424.39,50904426.45,4048029.64,261555323.61,276477361.94,538032685.54,29007.09,2.01438095,0.00019127,0.00612051,0.00382532,0.00027962,0.00410494,982841340.70,1701.8475
2959,8.1013,1.6952,4.5194,31484.13,50909308.62,4048165.01,261576980.98,276484703.41,538061684.39,28998.85,2.01380926,0.00019123,0.00611928,0.00382455,0.00027910,0.00410365,982868339.56,1702.0411
2960,8.1040,1.6951,4.5190,31543.97,50914190.38,4048300.36,261598631.50,276492043.52,538090675.02,28990.62,2.01323774,0.00019119,0.00611806,0.00382379,0.00027858,0.00410237,982895330.18,1702.2345
2961,8.1068,1.6949,4.5186,31603.93,50919071.73,4048435.69,261620275.17,276499382.24,538119657.41,28982.40,2.01266641,0.00019115,0.00611683,0.00382302,0.00027806,0.00410108,982922312.58,1702.4275
2962,8.1095,1.6948,4.5183,31664.01,50923952.68,4048570.99,261641912.00,276506719.59,538148631.59,28974.17,2.01209525,0.00019111,0.00611561,0.00382225,0.00027754,0.00409979,982949286.75,1702.6203
2963,8.1123,1.6946,4.5179,31724.19,50928833.22,4048706.28,261663541.97,276514055.56,538177597.54,28965.95,2.01152427,0.00019107,0.00611438,0.00382149,0.00027702,0.00409851,982976252.70,1702.8127
2964,8.1150,1.6945,4.5175,31784.50,50933713.35,4048841.53,261685165.10,276521390.16,538206555.26,28957.73,2.01095347,0.00019104,0.00611316,0.00382072,0.00027650,0.00409723,983003210.43,1703.0050
2965,8.1177,1.6943,4.5171,31844.91,50938593.07,4048976.77,261706781.39,276528723.38,538235504.78,28949.51,2.01038284,0.00019100,0.00611193,0.00381996,0.00027599,0.00409594,983030159.94,1703.1969
2966,8.1205,1.6942,4.5168,31905.45,50943472.39,4049111.98,261728390.84,276536055.23,538264446.08,28941.30,2.00981239,0.00019096,0.00611071,0.00381919,0.00027547,0.00409466,983057101.24,1703.3886
2967,8.1232,1.6941,4.5164,31966.09,50948351.30,4049247.17,261749993.46,276543385.71,538293379.16,28933.09,2.00924212,0.00019092,0.00610948,0.00381843,0.00027495,0.00409338,983084034.33,1703.5799
2968,8.1259,1.6939,4.5160,32026.86,50953229.80,4049382.33,261771589.23,276550714.81,538322304.04,28924.88,2.00867203,0.00019088,0.00610826,0.00381766,0.00027444,0.00409210,983110959.20,1703.7710
2969,8.1287,1.6938,4.5156,32087.73,50958107.89,4049517.47,261793178.18,276558042.53,538351220.71,28916.67,2.00810211,0.00019084,0.00610704,0.00381690,0.00027393,0.00409082,983137875.87,1703.9619
2970,8.1314,1.6936,4.5152,32148.73,50962985.58,4049652.59,261814760.29,276565368.89,538380129.18,28908.47,2.00753237,0.00019081,0.00610581,0.00381613,0.00027341,0.00408955,983164784.34,1704.1524
2971,8.1342,1.6935,4.5149,32209.84,50967862.86,4049787.68,261836335.57,276572693.87,538409029.44,28900.26,2.00696281,0.00019077,0.00610459,0.00381537,0.00027290,0.00408827,983191684.60,1704.3427
2972,8.1369,1.6934,4.5145,32271.06,50972739.74,4049922.76,261857904.03,276580017.48,538437921.51,28892.07,2.00639343,0.00019073,0.00610337,0.00381460,0.00027239,0.00408700,983218576.67,1704.5327
2973,8.1396,1.6932,4.5141,32332.40,50977616.20,4050057.80,261879465.66,276587339.72,538466805.38,28883.87,2.00582422,0.00019069,0.00610214,0.00381384,0.00027188,0.00408572,983245460.54,1704.7225
2974,8.1424,1.6931,4.5137,32393.86,50982492.26,4050192.83,261901020.47,276594660.58,538495681.05,28875.67,2.00525519,0.00019065,0.00610092,0.00381308,0.00027138,0.00408445,983272336.21,1704.9120
2975,8.1451,1.6929,4.5134,32455.44,50987367.92,4050327.83,261922568.46,276601980.08,538524548.53,28867.48,2.00468633,0.00019062,0.00609970,0.00381231,0.00027087,0.00408318,983299203.70,1705.1012
2976,8.1478,1.6928,4.5130,32517.13,50992243.16,4050462.81,261944109.63,276609298.20,538553407.83,28859.29,2.00411766,0.00019058,0.00609848,0.00381155,0.00027036,0.00408191,983326062.99,1705.2901
2977,8.1506,1.6927,4.5126,32578.94,50997118.00,4050597.76,261965643.98,276616614.95,538582258.94,28851.11,2.00354915,0.00019054,0.00609726,0.00381079,0.00026986,0.00408064,983352914.10,1705.4787
2978,8.1533,1.6925,4.5122,32640.87,51001992.44,4050732.69,261987171.52,276623930.34,538611101.86,28842.92,2.00298083,0.00019050,0.00609604,0.00381002,0.00026935,0.00407937,983379757.02,1705.6671
2979,8.1561,1.6924,4.5119,32702.91,51006866.46,4050867.60,262008692.25,276631244.35,538639936.60,28834.74,2.00241268,0.00019046,0.00609482,0.00380926,0.00026885,0.00407811,983406591.76,1705.8552
2980,8.1588,1.6922,4.5115,32765.08,51011740.08,4051002.49,262030206.17,276638557.00,538668763.17,28826.56,2.00184471,0.00019042,0.00609360,0.00380850,0.00026834,0.00407684,983433418.33,1706.0431
2981,8.1615,1.6921,4.5111,32827.36,51016613.29,4051137.35,262051713.28,276645868.27,538697581.55,28818.39,2.00127692,0.00019039,0.00609238,0.00380774,0.00026784,0.00407558,983460236.72,1706.2306
2982,8.1643,1.6919,4.5107,32889.76,51021486.10,4051272.19,262073213.59,276653178.18,538726391.77,28810.21,2.00070930,0.00019035,0.00609116,0.00380697,0.00026734,0.00407432,983487046.93,1706.4179
2983,8.1670,1.6918,4.5104,32952.27,51026358.50,4051407.00,262094707.09,276660486.72,538755193.81,28802.04,2.00014186,0.00019031,0.00608994,0.00380621,0.00026684,0.00407305,983513848.97,1706.6049
2984,8.1697,1.6917,4.5100,33014.91,51031230.49,4051541.79,262116193.79,276667793.89,538783987.68,28793.87,1.99957459,0.00019027,0.00608872,0.00380545,0.00026634,0.00407179,983540642.85,1706.7917
2985,8.1725,1.6915,4.5096,33077.67,51036102.08,4051676.56,262137673.69,276675099.70,538812773.39,28785.71,1.99900751,0.00019023,0.00608750,0.00380469,0.00026585,0.00407053,983567428.56,1706.9782
2986,8.1752,1.6914,4.5092,33140.54,51040973.26,4051811.31,262159146.80,276682404.14,538841550.94,28777.54,1.99844059,0.00019020,0.00608628,0.00380393,0.00026535,0.00406927,983594206.10,1707.1644
2987,8.1780,1.6912,4.5088,33203.54,51045844.03,4051946.03,262180613.11,276689707.21,538870320.32,28769.38,1.99787386,0.00019016,0.00608506,0.00380316,0.00026485,0.00406802,983620975.48,1707.3504
2988,8.1807,1.6911,4.5085,33266.65,51050714.40,4052080.73,262202072.63,276697008.91,538899081.55,28761.23,1.99730730,0.00019012,0.00608385,0.00380240,0.00026436,0.00406676,983647736.71,1707.5360
2989,8.1834,1.6910,4.5081,33329.89,51055584.36,4052215.41,262223525.36,276704309.25,538927834.61,28753.07,1.99674091,0.00019008,0.00608263,0.00380164,0.00026386,0.00406550,983674489.78,1707.7215
2990,8.1862,1.6908,4.5077,33393.24,51060453.91,4052350.06,262244971.30,276711608.23,538956579.53,28744.92,1.99617470,0.00019004,0.00608141,0.00380088,0.00026337,0.00406425,983701234.69,1707.9066
2991,8.1889,1.6907,4.5073,33456.72,51065323.06,4052484.69,262266410.46,276718905.84,538985316.30,28736.76,1.99560867,0.00019001,0.00608019,0.00380012,0.00026288,0.00406300,983727971.46,1708.0915
2992,8.1916,1.6905,4.5070,33520.31,51070191.80,4052619.30,262287842.83,276726202.08,539014044.91,28728.62,1.99504281,0.00018997,0.00607898,0.00379936,0.00026238,0.00406174,983754700.07,1708.2761
2993,8.1944,1.6904,4.5066,33584.03,51075060.13,4052753.88,262309268.42,276733496.96,539042765.38,28720.47,1.99447713,0.00018993,0.00607776,0.00379860,0.00026189,0.00406049,983781420.55,1708.4604
2994,8.1971,1.6903,4.5062,33647.87,51079928.06,4052888.44,262330687.23,276740790.48,539071477.71,28712.33,1.99391163,0.00018989,0.00607654,0.00379784,0.00026140,0.00405924,983808132.87,1708.6445
2995,8.1999,1.6901,4.5058,33711.83,51084795.58,4053022.98,262352099.26,276748082.63,539100181.90,28704.19,1.99334630,0.00018985,0.00607533,0.00379708,0.00026092,0.00405800,983834837.06,1708.8283
2996,8.2026,1.6900,4.5055,33775.91,51089662.70,4053157.49,262373504.52,276755373.43,539128877.95,28696.05,1.99278115,0.00018982,0.00607411,0.00379632,0.00026043,0.00405675,983861533.11,1709.0119
2997,8.2053,1.6898,4.5051,33840.11,51094529.41,4053291.98,262394903.00,276762662.85,539157565.86,28687.91,1.99221617,0.00018978,0.00607290,0.00379556,0.00025994,0.00405550,983888221.02,1709.1952
2998,8.2081,1.6897,4.5047,33904.43,51099395.71,4053426.45,262416294.72,276769950.92,539186245.64,28679.78,1.99165137,0.00018974,0.00607168,0.00379480,0.00025945,0.00405426,983914900.80,1709.3782
2999,8.2108,1.6895,4.5043,33968.88,51104261.61,4053560.89,262437679.66,276777237.62,539214917.29,28671.65,1.99108674,0.00018970,0.00607047,0.00379404,0.00025897,0.00405301,983941572.45,1709.5609
3000,8.2136,1.6894,4.5040,34033.45,51109127.10,4053695.31,262459057.84,276784522.97,539243580.81,28663.52,1.99052229,0.00018966,0.00606925,0.00379328,0.00025848,0.00405177,983968235.97,1709.7434
3001,8.2163,1.6893,4.5036,34098.14,51113992.19,4053829.71,262480429.25,276791806.95,539272236.20,28655.40,1.98995801,0.00018963,0.00606804,0.00379252,0.00025800,0.00405053,983994891.37,1709.9257
3002,8.2190,1.6891,4.5032,34162.96,51118856.87,4053964.09,262501793.90,276799089.57,539300883.48,28647.27,1.98939391,0.00018959,0.00606682,0.00379177,0.00025752,0.00404928,984021538.64,1710.1076
3003,8.2218,1.6890,4.5028,34227.89,51123721.14,4054098.44,262523151.80,276806370.83,539329522.63,28639.15,1.98882998,0.00018955,0.00606561,0.00379101,0.00025704,0.00404804,984048177.79,1710.2893
3004,8.2245,1.6888,4.5025,34292.96,51128585.01,4054232.77,262544502.93,276813650.73,539358153.66,28631.03,1.98826623,0.00018951,0.00606440,0.00379025,0.00025656,0.00404680,984074808.82,1710.4707
3005,8.2272,1.6887,4.5021,34358.14,51133448.47,4054367.07,262565847.31,276820929.27,539386776.58,28622.92,1.98770266,0.00018947,0.00606318,0.00378949,0.00025608,0.00404557,984101431.74,1710.6519
3006,8.2300,1.6886,4.5017,34423.45,51138311.53,4054501.36,262587184.93,276828206.46,539415391.38,28614.81,1.98713926,0.00018944,0.00606197,0.00378873,0.00025560,0.00404433,984128046.55,1710.8328
3007,8.2327,1.6884,4.5013,34488.88,51143174.18,4054635.61,262608515.80,276835482.28,539443998.08,28606.69,1.98657603,0.00018940,0.00606076,0.00378797,0.00025512,0.00404309,984154653.24,1711.0135
3008,8.2355,1.6883,4.5010,34554.44,51148036.43,4054769.85,262629839.92,276842756.74,539472596.67,28598.59,1.98601298,0.00018936,0.00605955,0.00378722,0.00025464,0.00404186,984181251.83,1711.1939
3009,8.2382,1.6881,4.5006,34620.12,51152898.26,4054904.06,262651157.30,276850029.85,539501187.15,28590.48,1.98545011,0.00018932,0.00605834,0.00378646,0.00025417,0.00404063,984207842.31,1711.3740
3010,8.2409,1.6880,4.5002,34685.93,51157759.70,4055038.25,262672467.93,276857301.60,539529769.53,28582.38,1.98488741,0.00018929,0.00605712,0.00378570,0.00025369,0.00403939,984234424.69,1711.5538
3011,8.2437,1.6879,4.4998,34751.86,51162620.73,4055172.42,262693771.81,276864571.99,539558343.80,28574.28,1.98432488,0.00018925,0.00605591,0.00378495,0.00025322,0.00403816,984260998.97,1711.7334
3012,8.2464,1.6877,4.4995,34817.92,51167481.35,4055306.57,262715068.96,276871841.03,539586909.99,28566.18,1.98376253,0.00018921,0.00605470,0.00378419,0.00025274,0.00403693,984287565.15,1711.9128
3013,8.2491,1.6876,4.4991,34884.10,51172341.56,4055440.69,262736359.36,276879108.71,539615468.07,28558.09,1.98320035,0.00018917,0.00605349,0.00378343,0.00025227,0.00403570,984314123.23,1712.0919
3014,8.2519,1.6874,4.4987,34950.41,51177201.37,4055574.78,262757643.03,276886375.03,539644018.06,28549.99,1.98263835,0.00018913,0.00605228,0.00378268,0.00025180,0.00403447,984340673.23,1712.2707
3015,8.2546,1.6873,4.4983,35016.85,51182060.78,4055708.86,262778919.97,276893640.00,539672559.96,28541.90,1.98207652,0.00018910,0.00605107,0.00378192,0.00025133,0.00403325,984367215.13,1712.4492
3016,8.2574,1.6872,4.4979,35083.41,51186919.78,4055842.91,262800190.17,276900903.61,539701093.78,28533.81,1.98151487,0.00018906,0.00604986,0.00378116,0.00025086,0.00403202,984393748.94,1712.6275
3017,8.2601,1.6870,4.4976,35150.10,51191778.37,4055976.94,262821453.64,276908165.87,539729619.51,28525.73,1.98095339,0.00018902,0.00604865,0.00378041,0.00025039,0.00403080,984420274.67,1712.8056
3018,8.2628,1.6869,4.4972,35216.91,51196636.56,4056110.95,262842710.38,276915426.77,539758137.15,28517.65,1.98039209,0.00018898,0.00604744,0.00377965,0.00024992,0.00402957,984446792.32,1712.9834
3019,8.2656,1.6867,4.4968,35283.85,51201494.35,4056244.93,262863960.40,276922686.32,539786646.72,28509.57,1.97983096,0.00018894,0.00604623,0.00377890,0.00024945,0.00402835,984473301.88,1713.1609
3020,8.2683,1.6866,4.4964,35350.92,51206351.72,4056378.89,262885203.70,276929944.51,539815148.21,28501.49,1.97927000,0.00018891,0.00604502,0.00377814,0.00024899,0.00402713,984499803.37,1713.3381
3021,8.2710,1.6864,4.4961,35418.12,51211208.70,4056512.83,262906440.27,276937201.35,539843641.62,28493.41,1.97870922,0.00018887,0.00604382,0.00377738,0.00024852,0.00402591,984526296.78,1713.5151
3022,8.2738,1.6863,4.4957,35485.44,51216065.26,4056646.74,262927670.12,276944456.84,539872126.96,28485.34,1.97814862,0.00018883,0.00604261,0.00377663,0.00024806,0.00402469,984552782.12,1713.6919
3023,8.2765,1.6862,4.4953,35552.90,51220921.43,4056780.63,262948893.25,276951710.98,539900604.23,28477.27,1.97758818,0.00018879,0.00604140,0.00377588,0.00024759,0.00402347,984579259.39,1713.8684
3024,8.2793,1.6860,4.4949,35620.48,51225777.18,4056914.50,262970109.67,276958963.76,539929073.43,28469.20,1.97702792,0.00018876,0.00604019,0.00377512,0.00024713,0.00402225,984605728.59,1714.0446
3025,8.2820,1.6859,4.4946,35688.18,51230632.54,4057048.34,262991319.38,276966215.19,539957534.57,28461.14,1.97646784,0.00018872,0.00603899,0.00377437,0.00024667,0.00402103,984632189.73,1714.2206
3026,8.2847,1.6857,4.4942,35756.02,51235487.48,4057182.16,263012522.37,276973465.27,539985987.64,28453.07,1.97590793,0.00018868,0.00603778,0.00377361,0.00024620,0.00401982,984658642.81,1714.3963
3027,8.2875,1.6856,4.4938,35823.99,51240342.02,4057315.96,263033718.66,276980714.00,540014432.66,28445.01,1.97534819,0.00018864,0.00603657,0.00377286,0.00024574,0.00401860,984685087.82,1714.5718
3028,8.2902,1.6855,4.4934,35892.08,51245196.16,4057449.74,263054908.24,276987961.38,540042869.61,28436.96,1.97478863,0.00018861,0.00603537,0.00377210,0.00024528,0.00401739,984711524.78,1714.7470
3029,8.2930,1.6853,4.4931,35960.31,51250049.89,4057583.49,263076091.11,276995207.40,540071298.51,28428.90,1.97422924,0.00018857,0.00603416,0.00377135,0.00024483,0.00401618,984737953.68,1714.9220
3030,8.2957,1.6852,4.4927,36028.66,51254903.22,4057717.22,263097267.28,277002452.08,540099719.36,28420.85,1.97367002,0.00018853,0.00603295,0.00377060,0.00024437,0.00401496,984764374.53,1715.0967
3031,8.2984,1.6850,4.4923,36097.15,51259756.14,4057850.93,263118436.75,277009695.41,540128132.16,28412.80,1.97311098,0.00018849,0.00603175,0.00376984,0.00024391,0.00401375,984790787.32,1715.2711
3032,8.3012,1.6849,4.4919,36165.76,51264608.66,4057984.61,263139599.52,277016937.39,540156536.91,28404.75,1.97255211,0.00018845,0.00603054,0.00376909,0.00024345,0.00401254,984817192.07,1715.4453
3033,8.3039,1.6848,4.4916,36234.51,51269460.77,4058118.27,263160755.60,277024178.02,540184933.62,28396.71,1.97199341,0.00018842,0.00602934,0.00376834,0.00024300,0.00401134,984843588.78,1715.6192
3034,8.3066,1.6846,4.4912,36303.38,51274312.47,4058251.91,263181904.98,277031417.30,540213322.28,28388.66,1.97143489,0.00018838,0.00602813,0.00376758,0.00024254,0.00401013,984869977.44,1715.7929
3035,8.3094,1.6845,4.4908,36372.39,51279163.78,4058385.53,263203047.67,277038655.23,540241702.90,28380.62,1.97087654,0.00018834,0.00602693,0.00376683,0.00024209,0.00400892,984896358.06,1715.9664
3036,8.3121,1.6843,4.4904,36441.53,51284014.67,4058519.12,263224183.67,277045891.82,540270075.49,28372.58,1.97031837,0.00018830,0.00602572,0.00376608,0.00024164,0.00400772,984922730.65,1716.1395
3037,8.3149,1.6842,4.4901,36510.80,51288865.16,4058652.69,263245312.98,277053127.06,540298440.03,28364.55,1.96976037,0.00018827,0.00602452,0.00376533,0.00024119,0.00400651,984949095.20,1716.3125
3038,8.3176,1.6841,4.4897,36580.20,51293715.25,4058786.24,263266435.60,277060360.95,540326796.55,28356.52,1.96920254,0.00018823,0.00602332,0.00376457,0.00024073,0.00400531,984975451.71,1716.4851
3039,8.3203,1.6839,4.4893,36649.73,51298564.93,4058919.76,263287551.55,277067593.49,540355145.04,28348.49,1.96864488,0.00018819,0.00602211,0.00376382,0.00024028,0.00400411,985001800.20,1716.6576
3040,8.3231,1.6838,4.4889,36719.40,51303414.21,4059053.26,263308660.81,277074824.69,540383485.50,28340.46,1.96808740,0.00018815,0.00602091,0.00376307,0.00023984,0.00400290,985028140.66,1716.8297
3041,8.3258,1.6836,4.4886,36789.20,51308263.09,4059186.74,263329763.39,277082054.54,540411817.93,28332.43,1.96753009,0.00018812,0.00601971,0.00376232,0.00023939,0.00400170,985054473.09,1717.0016
3042,8.3285,1.6835,4.4882,36859.13,51313111.55,4059320.19,263350859.29,277089283.05,540440142.34,28324.41,1.96697296,0.00018808,0.00601851,0.00376157,0.00023894,0.00400051,985080797.50,1717.1733
3043,8.3313,1.6834,4.4878,36929.19,51317959.62,4059453.63,263371948.52,277096510.21,540468458.73,28316.39,1.96641599,0.00018804,0.00601730,0.00376082,0.00023849,0.00399931,985107113.89,1717.3447
3044,8.3340,1.6832,4.4875,36999.39,51322807.28,4059587.03,263393031.07,277103736.03,540496767.10,28308.37,1.96585920,0.00018800,0.00601610,0.00376006,0.00023805,0.00399811,985133422.27,1717.5159
3045,8.3368,1.6831,4.4871,37069.72,51327654.53,4059720.42,263414106.96,277110960.50,540525067.46,28300.36,1.96530259,0.00018797,0.00601490,0.00375931,0.00023760,0.00399691,985159722.62,1717.6868
3046,8.3395,1.6829,4.4867,37140.18,51332501.38,4059853.78,263435176.17,277118183.63,540553359.80,28292.34,1.96474614,0.00018793,0.00601370,0.00375856,0.00023716,0.00399572,985186014.97,1717.8575
3047,8.3422,1.6828,4.4863,37210.78,51337347.83,4059987.12,263456238.72,277125405.42,540581644.14,28284.33,1.96418987,0.00018789,0.00601250,0.00375781,0.00023671,0.00399452,985212299.30,1718.0279
3048,8.3450,1.6827,4.4860,37281.51,51342193.87,4060120.44,263477294.61,277132625.86,540609920.47,28276.33,1.96363377,0.00018785,0.00601130,0.00375706,0.00023627,0.00399333,985238575.63,1718.1980
3049,8.3477,1.6825,4.4856,37352.37,51347039.51,4060253.74,263498343.83,277139844.96,540638188.79,28268.32,1.96307784,0.00018782,0.00601010,0.00375631,0.00023583,0.00399214,985264843.95,1718.3680
3050,8.3504,1.6824,4.4852,37423.37,51351884.74,4060387.01,263519386.39,277147062.72,540666449.10,28260.32,1.96252209,0.00018778,0.00600890,0.00375556,0.00023539,0.00399095,985291104.27,1718.5376
3051,8.3532,1.6822,4.4848,37494.51,51356729.57,4060520.26,263540422.29,277154279.13,540694701.42,28252.32,1.96196651,0.00018774,0.00600770,0.00375481,0.00023495,0.00398976,985317356.58,1718.7070
3052,8.3559,1.6821,4.4845,37565.78,51361573.99,4060653.49,263561451.54,277161494.20,540722945.74,28244.32,1.96141110,0.00018770,0.00600650,0.00375406,0.00023451,0.00398857,985343600.90,1718.8762
3053,8.3587,1.6820,4.4841,37637.19,51366418.01,4060786.69,263582474.13,277168707.94,540751182.07,28236.32,1.96085586,0.00018767,0.00600530,0.00375331,0.00023407,0.00398738,985369837.23,1719.0451
3054,8.3614,1.6818,4.4837,37708.73,51371261.63,4060919.87,263603490.07,277175920.33,540779410.40,28228.33,1.96030080,0.00018763,0.00600410,0.00375256,0.00023363,0.00398619,985396065.56,1719.2138
3055,8.3641,1.6817,4.4833,37780.41,51376104.84,4061053.03,263624499.36,277183131.38,540807630.74,28220.34,1.95974590,0.00018759,0.00600290,0.00375181,0.00023319,0.00398501,985422285.90,1719.3822
3056,8.3669,1.6815,4.4830,37852.22,51380947.65,4061186.16,263645502.00,277190341.09,540835843.09,28212.35,1.95919118,0.00018755,0.00600170,0.00375106,0.00023276,0.00398382,985448498.25,1719.5504
3057,8.3696,1.6814,4.4826,37924.17,51385790.05,4061319.28,263666498.00,277197549.46,540864047.46,28204.37,1.95863664,0.00018752,0.00600051,0.00375032,0.00023232,0.00398264,985474702.62,1719.7184
3058,8.3723,1.6812,4.4822,37996.26,51390632.05,4061452.37,263687487.35,277204756.49,540892243.84,28196.38,1.95808226,0.00018748,0.00599931,0.00374957,0.00023189,0.00398145,985500899.01,1719.8860
3059,8.3751,1.6811,4.4818,38068.49,51395473.65,4061585.43,263708470.07,277211962.18,540920432.25,28188.40,1.95752806,0.00018744,0.00599811,0.00374882,0.00023145,0.00398027,985527087.41,1720.0535
3060,8.3778,1.6810,4.4815,38140.85,51400314.84,4061718.48,263729446.14,277219166.54,540948612.67,28180.43,1.95697402,0.00018740,0.00599691,0.00374807,0.00023102,0.00397909,985553267.84,1720.2207
3061,8.3806,1.6808,4.4811,38213.35,51405155.63,4061851.50,263750415.57,277226369.55,540976785.12,28172.45,1.95642016,0.00018737,0.00599572,0.00374732,0.00023059,0.00397791,985579440.29,1720.3876
3062,8.3833,1.6807,4.4807,38285.99,51409996.01,4061984.50,263771378.37,277233571.23,541004949.60,28164.48,1.95586648,0.00018733,0.00599452,0.00374657,0.00023016,0.00397673,985605604.76,1720.5543
3063,8.3860,1.6805,4.4803,38358.76,51414835.99,4062117.47,263792334.54,277240771.57,541033106.11,28156.51,1.95531296,0.00018729,0.00599332,0.00374583,0.00022973,0.00397555,985631761.27,1720.7208
3064,8.3888,1.6804,4.4800,38431.67,51419675.56,4062250.43,263813284.08,277247970.57,541061254.65,28148.54,1.95475961,0.00018725,0.00599213,0.00374508,0.00022930,0.00397438,985657909.81,1720.8870
3065,8.3915,1.6803,4.4796,38504.73,51424514.74,4062383.36,263834226.98,277255168.24,541089395.22,28140.57,1.95420644,0.00018722,0.00599093,0.00374433,0.00022887,0.00397320,985684050.38,1721.0530
3066,8.3943,1.6801,4.4792,38577.92,51429353.50,4062516.26,263855163.26,277262364.56,541117527.83,28132.61,1.95365344,0.00018718,0.00598974,0.00374358,0.00022844,0.00397202,985710182.99,1721.2187
3067,8.3970,1.6800,4.4788,38651.25,51434191.87,4062649.15,263876092.92,277269559.56,541145652.48,28124.65,1.95310061,0.00018714,0.00598854,0.00374284,0.00022801,0.00397085,985736307.64,1721.3842
3068,8.3997,1.6798,4.4785,38724.72,51439029.83,4062782.01,263897015.95,277276753.22,541173769.17,28116.69,1.95254795,0.00018710,0.00598735,0.00374209,0.00022759,0.00396968,985762424.33,1721.5494
3069,8.4025,1.6797,4.4781,38798.33,51443867.38,4062914.85,263917932.37,277283945.54,541201877.90,28108.73,1.95199547,0.00018707,0.00598615,0.00374134,0.00022716,0.00396850,985788533.07,1721.7144
3070,8.4052,1.6796,4.4777,38872.08,51448704.54,4063047.67,263938842.16,277291136.52,541229978.68,28100.78,1.95144315,0.00018703,0.00598496,0.00374060,0.00022673,0.00396733,985814633.85,1721.8792
3071,8.4079,1.6794,4.4774,38945.97,51453541.29,4063180.46,263959745.34,277298326.18,541258071.51,28092.83,1.95089101,0.00018699,0.00598376,0.00373985,0.00022631,0.00396616,985840726.68,1722.0437
3072,8.4107,1.6793,4.4770,39020.00,51458377.63,4063313.23,263980641.90,277305514.50,541286156.40,28084.88,1.95033904,0.00018696,0.00598257,0.00373911,0.00022589,0.00396499,985866811.56,1722.2080
3073,8.4134,1.6791,4.4766,39094.17,51463213.58,4063445.98,264001531.85,277312701.48,541314233.33,28076.94,1.94978723,0.00018692,0.00598138,0.00373836,0.00022546,0.00396382,985892888.50,1722.3720
3074,8.4162,1.6790,4.4762,39168.48,51468049.11,4063578.71,264022415.19,277319887.13,541342302.33,28068.99,1.94923560,0.00018688,0.00598018,0.00373761,0.00022504,0.00396266,985918957.49,1722.5358
3075,8.4189,1.6789,4.4759,39242.93,51472884.25,4063711.41,264043291.93,277327071.45,541370363.38,28061.05,1.94868415,0.00018684,0.00597899,0.00373687,0.00022462,0.00396149,985945018.54,1722.6993
3076,8.4216,1.6787,4.4755,39317.53,51477718.98,4063844.09,264064162.05,277334254.44,541398416.49,28053.11,1.94813286,0.00018681,0.00597780,0.00373612,0.00022420,0.00396032,985971071.65,1722.8627
3077,8.4244,1.6786,4.4751,39392.26,51482553.31,4063976.75,264085025.58,277341436.09,541426461.67,28045.18,1.94758174,0.00018677,0.00597660,0.00373538,0.00022378,0.00395916,985997116.83,1723.0257
3078,8.4271,1.6784,4.4747,39467.14,51487387.23,4064109.38,264105882.50,277348616.41,541454498.91,28037.24,1.94703079,0.00018673,0.00597541,0.00373463,0.00022336,0.00395800,986023154.07,1723.1885
3079,8.4298,1.6783,4.4744,39542.16,51492220.75,4064242.00,264126732.82,277355795.40,541482528.22,28029.31,1.94648002,0.00018669,0.00597422,0.00373389,0.00022295,0.00395683,986049183.39,1723.3511
3080,8.4326,1.6782,4.4740,39617.32,51497053.87,4064374.58,264147576.55,277362973.06,541510549.61,28021.38,1.94592942,0.00018666,0.00597303,0.00373314,0.00022253,0.00395567,986075204.77,1723.5135
3081,8.4353,1.6780,4.4736,39692.63,51501886.59,4064507.15,264168413.68,277370149.39,541538563.06,28013.46,1.94537898,0.00018662,0.00597184,0.00373240,0.00022211,0.00395451,986101218.23,1723.6756
3082,8.4381,1.6779,4.4732,39768.08,51506718.90,4064639.70,264189244.21,277377324.38,541566568.60,28005.53,1.94482872,0.00018658,0.00597065,0.00373165,0.00022170,0.00395335,986127223.76,1723.8375
3083,8.4408,1.6777,4.4729,39843.67,51511550.81,4064772.22,264210068.16,277384498.05,541594566.21,27997.61,1.94427863,0.00018655,0.00596946,0.00373091,0.00022128,0.00395219,986153221.37,1723.9991
3084,8.4435,1.6776,4.4725,39919.41,51516382.31,4064904.72,264230885.52,277391670.39,541622555.90,27989.69,1.94372871,0.00018651,0.00596827,0.00373017,0.00022087,0.00395103,986179211.07,1724.1605
3085,8.4463,1.6775,4.4721,39995.29,51521213.41,4065037.19,264251696.28,277398841.40,541650537.68,27981.78,1.94317896,0.00018647,0.00596708,0.00372942,0.00022045,0.00394988,986205192.84,1724.3216
3086,8.4490,1.6773,4.4718,40071.31,51526044.11,4065169.65,264272500.47,277406011.07,541678511.54,27973.86,1.94262938,0.00018643,0.00596589,0.00372868,0.00022004,0.00394872,986231166.71,1724.4825
3087,8.4517,1.6772,4.4714,40147.48,51530874.41,4065302.08,264293298.07,277413179.42,541706477.49,27965.95,1.94207997,0.00018640,0.00596470,0.00372794,0.00021963,0.00394757,986257132.66,1724.6432
3088,8.4545,1.6770,4.4710,40223.80,51535704.30,4065434.49,264314089.09,277420346.45,541734435.54,27958.04,1.94153073,0.00018636,0.00596351,0.00372719,0.00021922,0.00394641,986283090.70,1724.8037
3089,8.4572,1.6769,4.4706,40300.26,51540533.79,4065566.87,264334873.53,277427512.14,541762385.67,27950.14,1.94098166,0.00018632,0.00596232,0.00372645,0.00021881,0.00394526,986309040.84,1724.9639
3090,8.4600,1.6768,4.4703,40376.86,51545362.88,4065699.24,264355651.40,277434676.51,541790327.90,27942.23,1.94043276,0.00018629,0.00596113,0.00372571,0.00021840,0.00394411,986334983.07,1725.1238
3091,8.4627,1.6766,4.4699,40453.61,51550191.56,4065831.58,264376422.69,277441839.55,541818262.23,27934.33,1.93988403,0.00018625,0.00595994,0.00372496,0.00021799,0.00394295,986360917.40,1725.2836
3092,8.4654,1.6765,4.4695,40530.51,51555019.84,4065963.90,264397187.40,277449001.26,541846188.67,27926.43,1.93933547,0.00018621,0.00595875,0.00372422,0.00021758,0.00394180,986386843.83,1725.4431
3093,8.4682,1.6763,4.4691,40607.55,51559847.72,4066096.19,264417945.55,277456161.65,541874107.20,27918.53,1.93878708,0.00018617,0.00595756,0.00372348,0.00021718,0.00394065,986412762.36,1725.6023
3094,8.4709,1.6762,4.4688,40684.74,51564675.19,4066228.47,264438697.13,277463320.71,541902017.84,27910.64,1.93823887,0.00018614,0.00595638,0.00372274,0.00021677,0.00393951,986438673.00,1725.7613
3095,8.4736,1.6761,4.4684,40762.07,51569502.27,4066360.72,264459442.14,277470478.44,541929920.59,27902.75,1.93769082,0.00018610,0.00595519,0.00372199,0.00021636,0.00393836,986464575.75,1725.9201
3096,8.4764,1.6759,4.4680,40839.55,51574328.94,4066492.95,264480180.59,277477634.85,541957815.45,27894.86,1.93714294,0.00018606,0.00595400,0.00372125,0.00021596,0.00393721,986490470.61,1726.0787
3097,8.4791,1.6758,4.4676,40917.18,51579155.20,4066625.15,264500912.48,277484789.94,541985702.42,27886.97,1.93659523,0.00018603,0.00595282,0.00372051,0.00021556,0.00393607,986516357.58,1726.2370
3098,8.4819,1.6756,4.4673,40994.96,51583981.07,4066757.33,264521637.81,277491943.70,542013581.50,27879.09,1.93604769,0.00018599,0.00595163,0.00371977,0.00021515,0.00393492,986542236.67,1726.3951
3099,8.4846,1.6755,4.4669,41072.88,51588806.53,4066889.49,264542356.57,277499096.13,542041452.71,27871.20,1.93550033,0.00018595,0.00595044,0.00371903,0.00021475,0.00393378,986568107.87,1726.5529
3100,8.4873,1.6754,4.4665,41150.96,51593631.58,4067021.63,264563068.79,277506247.25,542069316.03,27863.33,1.93495313,0.00018591,0.00594926,0.00371829,0.00021435,0.00393263,986593971.20,1726.7106
3101,8.4901,1.6752,4.4662,41229.18,51598456.24,4067153.75,264583774.45,277513397.03,542097171.48,27855.45,1.93440610,0.00018588,0.00594807,0.00371755,0.00021395,0.00393149,986619826.64,1726.8679
3102,8.4928,1.6751,4.4658,41307.55,51603280.49,4067285.84,264604473.55,277520545.50,542125019.05,27847.57,1.93385924,0.00018584,0.00594689,0.00371680,0.00021355,0.00393035,986645674.22,1727.0251
3103,8.4956,1.6749,4.4654,41386.07,51608104.34,4067417.91,264625166.11,277527692.64,542152858.75,27839.70,1.93331255,0.00018580,0.00594570,0.00371606,0.00021315,0.00392921,986671513.92,1727.1820
3104,8.4983,1.6748,4.4650,41464.74,51612927.79,4067549.96,264645852.12,277534838.46,542180690.59,27831.83,1.93276603,0.00018577,0.00594452,0.00371532,0.00021275,0.00392807,986697345.75,1727.3387
3105,8.5010,1.6747,4.4647,41543.55,51617750.84,4067681.98,264666531.59,277541982.96,542208514.55,27823.96,1.93221968,0.00018573,0.00594333,0.00371458,0.00021235,0.00392693,986723169.71,1727.4951
3106,8.5038,1.6745,4.4643,41622.52,51622573.48,4067813.99,264687204.51,277549126.14,542236330.65,27816.10,1.93167350,0.00018569,0.00594215,0.00371384,0.00021195,0.00392580,986748985.81,1727.6514
3107,8.5065,1.6744,4.4639,41701.64,51627395.72,4067945.97,264707870.89,277556268.00,542264138.88,27808.24,1.93112748,0.00018566,0.00594096,0.00371310,0.00021156,0.00392466,986774794.05,1727.8074
3108,8.5092,1.6742,4.4635,41780.91,51632217.56,4068077.92,264728530.73,277563408.53,542291939.26,27800.38,1.93058164,0.00018562,0.00593978,0.00371236,0.00021116,0.00392352,986800594.42,1727.9631
3109,8.5120,1.6741,4.4632,41860.32,51637038.99,4068209.86,264749184.03,277570547.75,542319731.78,27792.52,1.93003597,0.00018558,0.00593860,0.00371162,0.00021076,0.00392239,986826386.94,1728.1186
3110,8.5147,1.6740,4.4628,41939.89,51641860.03,4068341.77,264769830.80,277577685.64,542347516.44,27784.66,1.92949046,0.00018554,0.00593742,0.00371088,0.00021037,0.00392125,986852171.60,1728.2739
3111,8.5175,1.6738,4.4624,42019.62,51646680.66,4068473.66,264790471.03,277584822.22,542375293.25,27776.81,1.92894513,0.00018551,0.00593623,0.00371015,0.00020998,0.00392012,986877948.41,1728.4290
3112,8.5202,1.6737,4.4621,42099.49,51651500.89,4068605.53,264811104.74,277591957.47,542403062.21,27768.96,1.92839996,0.00018547,0.00593505,0.00370941,0.00020958,0.00391899,986903717.37,1728.5839
3113,8.5229,1.6736,4.4617,42179.51,51656320.72,4068737.38,264831731.91,277599091.41,542430823.32,27761.11,1.92785496,0.00018543,0.00593387,0.00370867,0.00020919,0.00391786,986929478.48,1728.7385
3114,8.5257,1.6734,4.4613,42259.69,51661140.14,4068869.20,264852352.56,277606224.02,542458576.59,27753.27,1.92731014,0.00018540,0.00593269,0.00370793,0.00020880,0.00391673,986955231.75,1728.8928
3115,8.5284,1.6733,4.4609,42340.02,51665959.16,4069001.00,264872966.68,277613355.32,542486322.01,27745.42,1.92676548,0.00018536,0.00593150,0.00370719,0.00020841,0.00391560,986980977.17,1729.0470
3116,8.5311,1.6731,4.4606,42420.50,51670777.78,4069132.78,264893574.29,277620485.31,542514059.59,27737.58,1.92622099,0.00018532,0.00593032,0.00370645,0.00020802,0.00391447,987006714.75,1729.2009
3117,8.5339,1.6730,4.4602,42501.13,51675596.00,4069264.53,264914175.37,277627613.97,542541789.34,27729.74,1.92567666,0.00018529,0.00592914,0.00370571,0.00020763,0.00391334,987032444.50,1729.3546
3118,8.5366,1.6729,4.4598,42581.92,51680413.82,4069396.27,264934769.93,277634741.32,542569511.24,27721.91,1.92513251,0.00018525,0.00592796,0.00370498,0.00020724,0.00391222,987058166.41,1729.5081
3119,8.5394,1.6727,4.4595,42662.86,51685231.23,4069527.98,264955357.97,277641867.35,542597225.32,27714.07,1.92458853,0.00018521,0.00592678,0.00370424,0.00020685,0.00391109,987083880.48,1729.6613
3120,8.5421,1.6726,4.4591,42743.96,51690048.24,4069659.67,264975939.50,277648992.06,542624931.56,27706.24,1.92404471,0.00018518,0.00592560,0.00370350,0.00020647,0.00390997,987109586.72,1729.8143
3121,8.5448,1.6724,4.4587,42825.21,51694864.85,4069791.33,264996514.52,277656115.46,542652629.98,27698.42,1.92350106,0.00018514,0.00592442,0.00370276,0.00020608,0.00390884,987135285.14,1729.9671
3122,8.5476,1.6723,4.4583,42906.61,51699681.06,4069922.97,265017083.03,277663237.54,542680320.57,27690.59,1.92295759,0.00018510,0.00592324,0.00370203,0.00020570,0.00390772,987160975.73,1730.1196
3123,8.5503,1.6722,4.4580,42988.17,51704496.87,4070054.60,265037645.03,277670358.31,542708003.33,27682.77,1.92241428,0.00018506,0.00592206,0.00370129,0.00020531,0.00390660,987186658.49,1730.2720
3124,8.5530,1.6720,4.4576,43069.88,51709312.27,4070186.19,265058200.52,277677477.76,542735678.28,27674.94,1.92187113,0.00018503,0.00592088,0.00370055,0.00020493,0.00390548,987212333.44,1730.4241
3125,8.5558,1.6719,4.4572,43151.75,51714127.27,4070317.77,265078749.51,277684595.89,542763345.40,27667.13,1.92132816,0.00018499,0.00591970,0.00369981,0.00020454,0.00390436,987238000.56,1730.5759
3126,8.5585,1.6717,4.4568,43233.78,51718941.87,4070449.32,265099291.99,277691712.72,542791004.71,27659.31,1.92078536,0.00018495,0.00591852,0.00369908,0.00020416,0.00390324,987263659.87,1730.7276
3127,8.5613,1.6716,4.4565,43315.96,51723756.07,4070580.86,265119827.98,277698828.23,542818656.21,27651.50,1.92024272,0.00018492,0.00591735,0.00369834,0.00020378,0.00390212,987289311.37,1730.8790
3128,8.5640,1.6715,4.4561,43398.29,51728569.87,4070712.36,265140357.47,277705942.42,542846299.89,27643.68,1.91970025,0.00018488,0.00591617,0.00369761,0.00020340,0.00390100,987314955.05,1731.0302
3129,8.5667,1.6713,4.4557,43480.79,51733383.27,4070843.85,265160880.46,277713055.30,542873935.76,27635.87,1.91915795,0.00018484,0.00591499,0.00369687,0.00020302,0.00389989,987340590.93,1731.1812
3130,8.5695,1.6712,4.4554,43563.44,51738196.26,4070975.32,265181396.96,277720166.87,542901563.83,27628.07,1.91861582,0.00018481,0.00591381,0.00369613,0.00020264,0.00389877,987366218.99,1731.3319
3131,8.5722,1.6710,4.4550,43646.24,51743008.85,4071106.76,265201906.97,277727277.13,542929184.10,27620.26,1.91807385,0.00018477,0.00591264,0.00369540,0.00020226,0.00389765,987391839.26,1731.4824
3132,8.5749,1.6709,4.4546,43729.21,51747821.04,4071238.18,265222410.48,277734386.07,542956796.56,27612.46,1.91753206,0.00018473,0.00591146,0.00369466,0.00020188,0.00389654,987417451.72,1731.6327
3133,8.5777,1.6708,4.4542,43812.33,51752632.83,4071369.57,265242907.51,277741493.71,542984401.22,27604.66,1.91699043,0.00018470,0.00591028,0.00369393,0.00020150,0.00389543,987443056.38,1731.7828
3134,8.5804,1.6706,4.4539,43895.61,51757444.22,4071500.95,265263398.06,277748600.03,543011998.08,27596.87,1.91644897,0.00018466,0.00590911,0.00369319,0.00020112,0.00389431,987468653.25,1731.9327
3135,8.5832,1.6705,4.4535,43979.05,51762255.21,4071632.30,265283882.11,277755705.04,543039587.15,27589.07,1.91590767,0.00018462,0.00590793,0.00369246,0.00020075,0.00389320,987494242.32,1732.0823
3136,8.5859,1.6703,4.4531,44062.65,51767065.79,4071763.63,265304359.69,277762808.74,543067168.43,27581.28,1.91536655,0.00018459,0.00590676,0.00369172,0.00020037,0.00389209,987519823.60,1732.2317
3137,8.5886,1.6702,4.4528,44146.40,51771875.97,4071894.94,265324830.79,277769911.13,543094741.92,27573.49,1.91482559,0.00018455,0.00590558,0.00369099,0.00020000,0.00389098,987545397.08,1732.3809
3138,8.5914,1.6701,4.4524,44230.32,51776685.76,4072026.23,265345295.41,277777012.21,543122307.62,27565.70,1.91428480,0.00018451,0.00590440,0.00369025,0.00019962,0.00388987,987570962.79,1732.5298
3139,8.5941,1.6699,4.4520,44314.39,51781495.14,4072157.49,265365753.56,277784111.98,543149865.54,27557.92,1.91374418,0.00018448,0.00590323,0.00368952,0.00019925,0.00388877,987596520.70,1732.6786
3140,8.5969,1.6698,4.4516,44398.63,51786304.12,4072288.73,265386205.23,277791210.44,543177415.67,27550.13,1.91320372,0.00018444,0.00590205,0.00368878,0.00019888,0.00388766,987622070.84,1732.8271
3141,8.5996,1.6696,4.4513,44483.02,51791112.69,4072419.95,265406650.43,277798307.59,543204958.03,27542.35,1.91266344,0.00018440,0.00590088,0.00368805,0.00019850,0.00388655,987647613.19,1732.9754
3142,8.6023,1.6695,4.4509,44567.58,51795920.87,4072551.14,265427089.16,277805403.44,543232492.60,27534.58,1.91212332,0.00018437,0.00589971,0.00368732,0.00019813,0.00388545,987673147.76,1733.1235
3143,8.6051,1.6694,4.4505,44652.29,51800728.65,4072682.32,265447521.43,277812497.98,543260019.40,27526.80,1.91158336,0.00018433,0.00589853,0.00368658,0.00019776,0.00388434,987698674.56,1733.2713
3144,8.6078,1.6692,4.4502,44737.17,51805536.02,4072813.47,265467947.23,277819591.20,543287538.43,27519.03,1.91104358,0.00018429,0.00589736,0.00368585,0.00019739,0.00388324,987724193.59,1733.4189
3145,8.6105,1.6691,4.4498,44822.21,51810342.99,4072944.60,265488366.56,277826683.12,543315049.69,27511.26,1.91050396,0.00018426,0.00589619,0.00368512,0.00019702,0.00388214,987749704.85,1733.5664
3146,8.6133,1.6689,4.4494,44907.41,51815149.56,4073075.71,265508779.44,277833773.74,543342553.18,27503.49,1.90996451,0.00018422,0.00589501,0.00368438,0.00019665,0.00388104,987775208.34,1733.7135
3147,8.6160,1.6688,4.4490,44992.77,51819955.74,4073206.79,265529185.85,277840863.05,543370048.90,27495.72,1.90942523,0.00018418,0.00589384,0.00368365,0.00019628,0.00387994,987800704.06,1733.8605
3148,8.6188,1.6687,4.4487,45078.29,51824761.51,4073337.85,265549585.81,277847951.05,543397536.86,27487.96,1.90888611,0.00018415,0.00589267,0.00368292,0.00019592,0.00387884,987826192.02,1734.0073
3149,8.6215,1.6685,4.4483,45163.98,51829566.87,4073468.90,265569979.32,277855037.74,543425017.06,27480.20,1.90834716,0.00018411,0.00589150,0.00368218,0.00019555,0.00387774,987851672.22,1734.1538
3150,8.6242,1.6684,4.4479,45249.83,51834371.84,4073599.91,265590366.37,277862123.13,543452489.50,27472.44,1.90780838,0.00018407,0.00589032,0.00368145,0.00019518,0.00387664,987877144.66,1734.3001
3151,8.6270,1.6683,4.4476,45335.84,51839176.41,4073730.91,265610746.97,277869207.22,543479954.18,27464.68,1.90726976,0.00018404,0.00588915,0.00368072,0.00019482,0.00387554,987902609.35,1734.4462
3152,8.6297,1.6681,4.4472,45422.02,51843980.57,4073861.88,265631121.12,277876290.00,543507411.11,27456.93,1.90673131,0.00018400,0.00588798,0.00367999,0.00019445,0.00387444,987928066.28,1734.5921
3153,8.6324,1.6680,4.4468,45508.36,51848784.34,4073992.83,265651488.82,277883371.47,543534860.29,27449.18,1.90619303,0.00018396,0.00588681,0.00367926,0.00019409,0.00387335,987953515.46,1734.7377
3154,8.6352,1.6678,4.4464,45594.86,51853587.70,4074123.76,265671850.08,277890451.64,543562301.72,27441.43,1.90565491,0.00018393,0.00588564,0.00367852,0.00019373,0.00387225,987978956.89,1734.8832
3155,8.6379,1.6677,4.4461,45681.53,51858390.67,4074254.67,265692204.90,277897530.51,543589735.41,27433.68,1.90511697,0.00018389,0.00588447,0.00367779,0.00019337,0.00387116,988004390.57,1735.0284
3156,8.6407,1.6676,4.4457,45768.36,51863193.23,4074385.56,265712553.27,277904608.08,543617161.35,27425.94,1.90457918,0.00018385,0.00588330,0.00367706,0.00019300,0.00387007,988029816.51,1735.1734
3157,8.6434,1.6674,4.4453,45855.36,51867995.39,4074516.42,265732895.21,277911684.34,543644579.55,27418.20,1.90404157,0.00018382,0.00588213,0.00367633,0.00019264,0.00386897,988055234.71,1735.3182
3158,8.6461,1.6673,4.4450,45942.52,51872797.15,4074647.26,265753230.71,277918759.30,543671990.01,27410.46,1.90350412,0.00018378,0.00588096,0.00367560,0.00019228,0.00386788,988080645.17,1735.4628
3159,8.6489,1.6671,4.4446,46029.85,51877598.51,4074778.08,265773559.78,277925832.95,543699392.73,27402.72,1.90296684,0.00018374,0.00587979,0.00367487,0.00019192,0.00386679,988106047.89,1735.6071
3160,8.6516,1.6670,4.4442,46117.35,51882399.47,4074908.87,265793882.41,277932905.31,543726787.72,27394.99,1.90242972,0.00018371,0.00587862,0.00367414,0.00019156,0.00386570,988131442.88,1735.7512
3161,8.6543,1.6669,4.4439,46205.01,51887200.03,4075039.65,265814198.61,277939976.36,543754174.97,27387.26,1.90189277,0.00018367,0.00587745,0.00367341,0.00019120,0.00386461,988156830.14,1735.8952
3162,8.6571,1.6667,4.4435,46292.84,51892000.19,4075170.40,265834508.39,277947046.11,543781554.50,27379.53,1.90135599,0.00018363,0.00587628,0.00367268,0.00019085,0.00386352,988182209.66,1736.0389
3163,8.6598,1.6666,4.4431,46380.83,51896799.95,4075301.13,265854811.74,277954114.56,543808926.30,27371.80,1.90081937,0.00018360,0.00587512,0.00367195,0.00019049,0.00386244,988207581.46,1736.1824
3164,8.6626,1.6664,4.4427,46468.99,51901599.30,4075431.83,265875108.66,277961181.71,543836290.37,27364.07,1.90028292,0.00018356,0.00587395,0.00367122,0.00019013,0.00386135,988232945.54,1736.3256
3165,8.6653,1.6663,4.4424,46557.32,51906398.26,4075562.52,265895399.16,277968247.56,543863646.72,27356.35,1.89974664,0.00018352,0.00587278,0.00367049,0.00018978,0.00386026,988258301.89,1736.4687
3166,8.6680,1.6662,4.4420,46645.82,51911196.82,4075693.18,265915683.24,277975312.11,543890995.36,27348.63,1.89921052,0.00018349,0.00587161,0.00366976,0.00018942,0.00385918,988283650.52,1736.6116
3167,8.6708,1.6660,4.4416,46734.49,51915994.97,4075823.82,265935960.90,277982375.37,543918336.27,27340.91,1.89867457,0.00018345,0.00587045,0.00366903,0.00018907,0.00385810,988308991.43,1736.7542
3168,8.6735,1.6659,4.4413,46823.32,51920792.73,4075954.44,265956232.15,277989437.32,543945669.47,27333.20,1.89813878,0.00018341,0.00586928,0.00366830,0.00018871,0.00385701,988334324.63,1736.8966
3169,8.6762,1.6657,4.4409,46912.33,51925590.08,4076085.04,265976496.98,277996497.97,543972994.95,27325.49,1.89760316,0.00018338,0.00586811,0.00366757,0.00018836,0.00385593,988359650.12,1737.0388
3170,8.6790,1.6656,4.4405,47001.50,51930387.04,4076215.61,265996755.40,278003557.33,544000312.73,27317.77,1.89706770,0.00018334,0.00586695,0.00366684,0.00018801,0.00385485,988384967.89,1737.1808
3171,8.6817,1.6655,4.4401,47090.84,51935183.59,4076346.16,266017007.41,278010615.38,544027622.79,27310.07,1.89653241,0.00018331,0.00586578,0.00366611,0.00018766,0.00385377,988410277.96,1737.3226
3172,8.6845,1.6653,4.4398,47180.35,51939979.75,4076476.69,266037253.01,278017672.14,544054925.16,27302.36,1.89599729,0.00018327,0.00586461,0.00366538,0.00018730,0.00385269,988435580.32,1737.4641
3173,8.6872,1.6652,4.4394,47270.04,51944775.50,4076607.20,266057492.21,278024727.60,544082219.81,27294.66,1.89546233,0.00018323,0.00586345,0.00366466,0.00018695,0.00385161,988460874.98,1737.6055
3174,8.6899,1.6651,4.4390,47359.89,51949570.86,4076737.69,266077725.00,278031781.77,544109506.77,27286.96,1.89492754,0.00018320,0.00586228,0.00366393,0.00018660,0.00385053,988486161.93,1737.7466
3175,8.6927,1.6649,4.4387,47449.91,51954365.81,4076868.15,266097951.39,278038834.64,544136786.03,27279.26,1.89439292,0.00018316,0.00586112,0.00366320,0.00018625,0.00384945,988511441.19,1737.8876
3176,8.6954,1.6648,4.4383,47540.11,51959160.36,4076998.59,266118171.38,278045886.21,544164057.59,27271.56,1.89385846,0.00018312,0.00585995,0.00366247,0.00018591,0.00384838,988536712.75,1738.0283
3177,8.6982,1.6646,4.4379,47630.47,51963954.52,4077129.01,266138384.97,278052936.49,544191321.46,27263.87,1.89332416,0.00018309,0.00585879,0.00366174,0.00018556,0.00384730,988561976.62,1738.1688
3178,8.7009,1.6645,4.4376,47721.01,51968748.27,4077259.41,266158592.16,278059985.47,544218577.63,27256.18,1.89279003,0.00018305,0.00585763,0.00366102,0.00018521,0.00384623,988587232.80,1738.3091
3179,8.7036,1.6644,4.4372,47811.72,51973541.63,4077389.78,266178792.96,278067033.16,544245826.12,27248.49,1.89225607,0.00018301,0.00585646,0.00366029,0.00018486,0.00384515,988612481.28,1738.4492
3180,8.7064,1.6642,4.4368,47902.60,51978334.58,4077520.14,266198987.37,278074079.55,544273066.92,27240.80,1.89172227,0.00018298,0.00585530,0.00365956,0.00018452,0.00384408,988637722.08,1738.5890
3181,8.7091,1.6641,4.4364,47993.66,51983127.13,4077650.47,266219175.39,278081124.65,544300300.04,27233.12,1.89118863,0.00018294,0.00585414,0.00365883,0.00018417,0.00384301,988662955.20,1738.7287
3182,8.7118,1.6639,4.4361,48084.89,51987919.29,4077780.78,266239357.02,278088168.45,544327525.47,27225.43,1.89065517,0.00018291,0.00585297,0.00365811,0.00018383,0.00384194,988688180.64,1738.8682
3183,8.7146,1.6638,4.4357,48176.29,51992711.04,4077911.07,266259532.27,278095210.96,544354743.23,27217.75,1.89012186,0.00018287,0.00585181,0.00365738,0.00018348,0.00384087,988713398.39,1739.0074
3184,8.7173,1.6637,4.4353,48267.86,51997502.39,4078041.33,266279701.13,278102252.18,544381953.31,27210.08,1.88958872,0.00018283,0.00585065,0.00365665,0.00018314,0.00383980,988738608.47,1739.1464
3185,8.7201,1.6635,4.4350,48359.61,52002293.35,4078171.57,266299863.61,278109292.10,544409155.71,27202.40,1.88905575,0.00018280,0.00584949,0.00365593,0.00018280,0.00383873,988763810.87,1739.2853
3186,8.7228,1.6634,4.4346,48451.54,52007083.90,4078301.79,266320019.71,278116330.73,544436350.44,27194.73,1.88852294,0.00018276,0.00584832,0.00365520,0.00018246,0.00383766,988789005.60,1739.4239
3187,8.7255,1.6632,4.4342,48543.63,52011874.06,4078431.99,266340169.43,278123368.07,544463537.50,27187.06,1.88799030,0.00018272,0.00584716,0.00365448,0.00018211,0.00383659,988814192.66,1739.5623
3188,8.7283,1.6631,4.4338,48635.91,52016663.81,4078562.17,266360312.78,278130404.11,544490716.89,27179.39,1.88745782,0.00018269,0.00584600,0.00365375,0.00018177,0.00383552,988839372.05,1739.7005
3189,8.7310,1.6630,4.4335,48728.36,52021453.17,4078692.32,266380449.75,278137438.87,544517888.62,27171.73,1.88692551,0.00018265,0.00584484,0.00365303,0.00018143,0.00383446,988864543.78,1739.8385
3190,8.7337,1.6628,4.4331,48820.98,52026242.12,4078822.46,266400580.35,278144472.33,544545052.68,27164.06,1.88639336,0.00018261,0.00584368,0.00365230,0.00018109,0.00383339,988889707.85,1739.9763
3191,8.7365,1.6627,4.4327,48913.78,52031030.68,4078952.57,266420704.58,278151504.51,544572209.09,27156.40,1.88586138,0.00018258,0.00584252,0.00365157,0.00018075,0.00383233,988914864.25,1740.1138
3192,8.7392,1.6626,4.4324,49006.76,52035818.83,4079082.66,266440822.44,278158535.39,544599357.83,27148.75,1.88532956,0.00018254,0.00584136,0.00365085,0.00018042,0.00383126,988940013.00,1740.2512
3193,8.7420,1.6624,4.4320,49099.91,52040606.59,4079212.72,266460933.94,278165564.98,544626498.92,27141.09,1.88479790,0.00018251,0.00584020,0.00365012,0.00018008,0.00383020,988965154.09,1740.3884
3194,8.7447,1.6623,4.4316,49193.24,52045393.95,4079342.77,266481039.07,278172593.29,544653632.36,27133.44,1.88426641,0.00018247,0.00583904,0.00364940,0.00017974,0.00382914,988990287.52,1740.5253
3195,8.7474,1.6621,4.4313,49286.75,52050180.91,4079472.79,266501137.85,278179620.30,544680758.14,27125.79,1.88373509,0.00018243,0.00583788,0.00364867,0.00017940,0.00382808,989015413.31,1740.6621
3196,8.7502,1.6620,4.4309,49380.44,52054967.46,4079602.79,266521230.26,278186646.02,544707876.28,27118.14,1.88320393,0.00018240,0.00583672,0.00364795,0.00017907,0.00382702,989040531.44,1740.7986
3197,8.7529,1.6619,4.4305,49474.30,52059753.62,4079732.77,266541316.31,278193670.46,544734986.77,27110.49,1.88267293,0.00018236,0.00583556,0.00364723,0.00017873,0.00382596,989065641.93,1740.9350
3198,8.7556,1.6617,4.4302,49568.35,52064539.38,4079862.73,266561396.01,278200693.61,544762089.62,27102.85,1.88214210,0.00018233,0.00583440,0.00364650,0.00017840,0.00382490,989090744.78,1741.0711
3199,8.7584,1.6616,4.4298,49662.57,52069324.74,4079992.66,266581469.36,278207715.47,544789184.82,27095.20,1.88161143,0.00018229,0.00583325,0.00364578,0.00017806,0.00382384,989115839.98,1741.2070
3200,8.7611,1.6614,4.4294,49756.97,52074109.70,4080122.57,266601536.35,278214736.04,544816272.39,27087.57,1.88108093,0.00018225,0.00583209,0.00364505,0.00017773,0.00382279,989140927.55,1741.3427
3201,8.7639,1.6613,4.4290,49851.55,52078894.27,4080252.46,266621596.99,278221755.32,544843352.32,27079.93,1.88055059,0.00018222,0.00583093,0.00364433,0.00017740,0.00382173,989166007.48,1741.4783
3202,8.7666,1.6612,4.4287,49946.31,52083678.43,4080382.33,266641651.29,278228773.32,544870424.61,27072.29,1.88002041,0.00018218,0.00582977,0.00364361,0.00017707,0.00382067,989191079.77,1741.6136
3203,8.7693,1.6610,4.4283,50041.25,52088462.19,4080512.18,266661699.24,278235790.03,544897489.27,27064.66,1.87949040,0.00018214,0.00582862,0.00364288,0.00017674,0.00381962,989216144.43,1741.7487
3204,8.7721,1.6609,4.4279,50136.37,52093245.55,4080642.00,266681740.85,278242805.46,544924546.30,27057.03,1.87896056,0.00018211,0.00582746,0.00364216,0.00017640,0.00381857,989241201.47,1741.8836
3205,8.7748,1.6608,4.4276,50231.67,52098028.52,4080771.81,266701776.11,278249819.60,544951595.71,27049.40,1.87843087,0.00018207,0.00582630,0.00364144,0.00017607,0.00381751,989266250.87,1742.0183
3206,8.7775,1.6606,4.4272,50327.15,52102811.09,4080901.59,266721805.04,278256832.45,544978637.49,27041.78,1.87790135,0.00018204,0.00582515,0.00364072,0.00017574,0.00381646,989291292.65,1742.1528
3207,8.7803,1.6605,4.4268,50422.81,52107593.25,4081031.35,266741827.63,278263844.02,545005671.64,27034.16,1.87737200,0.00018200,0.00582399,0.00363999,0.00017542,0.00381541,989316326.81,1742.2871
3208,8.7830,1.6603,4.4265,50518.66,52112375.02,4081161.08,266761843.88,278270854.30,545032698.18,27026.54,1.87684281,0.00018196,0.00582283,0.00363927,0.00017509,0.00381436,989341353.34,1742.4212
3209,8.7858,1.6602,4.4261,50614.69,52117156.39,4081290.80,266781853.80,278277863.30,545059717.10,27018.92,1.87631378,0.00018193,0.00582168,0.00363855,0.00017476,0.00381331,989366372.26,1742.5550
3210,8.7885,1.6601,4.4257,50710.90,52121937.36,4081420.49,266801857.39,278284871.02,545086728.40,27011.30,1.87578492,0.00018189,0.00582052,0.00363783,0.00017443,0.00381226,989391383.56,1742.6887
3211,8.7912,1.6599,4.4253,50807.29,52126717.93,4081550.16,266821854.64,278291877.45,545113732.09,27003.69,1.87525622,0.00018186,0.00581937,0.00363710,0.00017411,0.00381121,989416387.25,1742.8222
3212,8.7940,1.6598,4.4250,50903.87,52131498.10,4081679.81,266841845.57,278298882.60,545140728.17,26996.08,1.87472768,0.00018182,0.00581821,0.00363638,0.00017378,0.00381016,989441383.33,1742.9555
3213,8.7967,1.6596,4.4246,51000.63,52136277.87,4081809.44,266861830.18,278305886.46,545167716.64,26988.47,1.87419931,0.00018178,0.00581706,0.00363566,0.00017345,0.00380912,989466371.80,1743.0886
3214,8.7995,1.6595,4.4242,51097.57,52141057.25,4081939.05,266881808.46,278312889.04,545194697.50,26980.86,1.87367110,0.00018175,0.00581590,0.00363494,0.00017313,0.00380807,989491352.67,1743.2215
3215,8.8022,1.6594,4.4239,51194.70,52145836.22,4082068.63,266901780.42,278319890.34,545221670.76,26973.26,1.87314305,0.00018171,0.00581475,0.00363422,0.00017281,0.00380703,989516325.93,1743.3541
3216,8.8049,1.6592,4.4235,51292.01,52150614.80,4082198.19,266921746.06,278326890.36,545248636.42,26965.66,1.87261517,0.00018167,0.00581360,0.00363350,0.00017248,0.00380598,989541291.58,1743.4866
3217,8.8077,1.6591,4.4231,51389.51,52155392.97,4082327.73,266941705.38,278333889.10,545275594.48,26958.06,1.87208745,0.00018164,0.00581244,0.00363278,0.00017216,0.00380494,989566249.64,1743.6189
3218,8.8104,1.6590,4.4228,51487.19,52160170.75,4082457.25,266961658.39,278340886.56,545302544.94,26950.46,1.87155989,0.00018160,0.00581129,0.00363206,0.00017184,0.00380389,989591200.11,1743.7510
3219,8.8131,1.6588,4.4224,51585.06,52164948.13,4082586.75,266981605.08,278347882.73,545329487.81,26942.87,1.87103250,0.00018157,0.00581014,0.00363134,0.00017152,0.00380285,989616142.97,1743.8828
3220,8.8159,1.6587,4.4220,51683.12,52169725.11,4082716.22,267001545.46,278354877.62,545356423.09,26935.28,1.87050527,0.00018153,0.00580899,0.00363062,0.00017119,0.00380181,989641078.25,1744.0145
3221,8.8186,1.6585,4.4217,51781.36,52174501.70,4082845.67,267021479.54,278361871.24,545383350.77,26927.69,1.86997820,0.00018149,0.00580783,0.00362990,0.00017087,0.00380077,989666005.94,1744.1460
3222,8.8214,1.6584,4.4213,51879.79,52179277.88,4082975.10,267041407.30,278368863.57,545410270.87,26920.10,1.86945130,0.00018146,0.00580668,0.00362918,0.00017055,0.00379973,989690926.04,1744.2773
3223,8.8241,1.6583,4.4209,51978.40,52184053.67,4083104.51,267061328.76,278375854.63,545437183.39,26912.51,1.86892456,0.00018142,0.00580553,0.00362846,0.00017023,0.00379869,989715838.55,1744.4084
3224,8.8268,1.6581,4.4205,52077.20,52188829.05,4083233.90,267081243.92,278382844.40,545464088.32,26904.93,1.86839798,0.00018139,0.00580438,0.00362774,0.00016992,0.00379765,989740743.48,1744.5392
3225,8.8296,1.6580,4.4202,52176.19,52193604.04,4083363.26,267101152.77,278389832.90,545490985.67,26897.35,1.86787157,0.00018135,0.00580323,0.00362702,0.00016960,0.00379662,989765640.83,1744.6699
3226,8.8323,1.6578,4.4198,52275.37,52198378.63,4083492.61,267121055.32,278396820.12,545517875.44,26889.77,1.86734532,0.00018131,0.00580208,0.00362630,0.00016928,0.00379558,989790530.60,1744.8004
3227,8.8350,1.6577,4.4194,52374.74,52203152.82,4083621.93,267140951.58,278403806.06,545544757.64,26882.20,1.86681923,0.00018128,0.00580093,0.00362558,0.00016896,0.00379454,989815412.80,1744.9307
3228,8.8378,1.6576,4.4191,52474.30,52207926.62,4083751.23,267160841.54,278410790.72,545571632.26,26874.62,1.86629330,0.00018124,0.00579978,0.00362486,0.00016865,0.00379351,989840287.42,1745.0608
3229,8.8405,1.6574,4.4187,52574.04,52212700.01,4083880.51,267180725.21,278417774.10,545598499.31,26867.05,1.86576754,0.00018121,0.00579863,0.00362414,0.00016833,0.00379247,989865154.48,1745.1907
3230,8.8433,1.6573,4.4183,52673.98,52217473.01,4084009.76,267200602.59,278424756.21,545625358.80,26859.48,1.86524194,0.00018117,0.00579748,0.00362342,0.00016802,0.00379144,989890013.96,1745.3204
3231,8.8460,1.6572,4.4180,52774.10,52222245.61,4084139.00,267220473.67,278431737.04,545652210.71,26851.92,1.86471650,0.00018114,0.00579633,0.00362270,0.00016770,0.00379041,989914865.88,1745.4499
3232,8.8487,1.6570,4.4176,52874.42,52227017.81,4084268.21,267240338.47,278438716.60,545679055.07,26844.35,1.86419122,0.00018110,0.00579518,0.00362199,0.00016739,0.00378937,989939710.23,1745.5792
3233,8.8515,1.6569,4.4172,52974.92,52231789.61,4084397.40,267260196.98,278445694.88,545705891.86,26836.79,1.86366611,0.00018106,0.00579403,0.00362127,0.00016707,0.00378834,989964547.02,1745.7083
3234,8.8542,1.6567,4.4169,53075.62,52236561.01,4084526.57,267280049.21,278452671.88,545732721.09,26829.23,1.86314116,0.00018103,0.00579288,0.00362055,0.00016676,0.00378731,989989376.26,1745.8372
3235,8.8569,1.6566,4.4165,53176.51,52241332.02,4084655.72,267299895.16,278459647.61,545759542.77,26821.68,1.86261637,0.00018099,0.00579173,0.00361983,0.00016645,0.00378628,990014197.93,1745.9659
3236,8.8597,1.6565,4.4161,53277.59,52246102.63,4084784.84,267319734.83,278466622.06,545786356.89,26814.12,1.86209175,0.00018096,0.00579058,0.00361911,0.00016614,0.00378525,990039012.05,1746.0944
3237,8.8624,1.6563,4.4158,53378.86,52250872.84,4084913.95,267339568.22,278473595.24,545813163.46,26806.57,1.86156728,0.00018092,0.00578944,0.00361840,0.00016583,0.00378422,990063818.62,1746.2228
3238,8.8652,1.6562,4.4154,53480.32,52255642.65,4085043.03,267359395.33,278480567.14,545839962.48,26799.02,1.86104298,0.00018088,0.00578829,0.00361768,0.00016552,0.00378320,990088617.64,1746.3509
3239,8.8679,1.6560,4.4150,53581.98,52260412.06,4085172.09,267379216.17,278487537.77,545866753.95,26791.47,1.86051884,0.00018085,0.00578714,0.00361696,0.00016521,0.00378217,990113409.11,1746.4788
3240,8.8706,1.6559,4.4147,53683.83,52265181.08,4085301.13,267399030.74,278494507.13,545893537.87,26783.93,1.85999486,0.00018081,0.00578599,0.00361625,0.00016490,0.00378114,990138193.04,1746.6066
3241,8.8734,1.6558,4.4143,53785.87,52269949.69,4085430.14,267418839.04,278501475.22,545920314.26,26776.38,1.85947105,0.00018078,0.00578485,0.00361553,0.00016459,0.00378012,990162969.42,1746.7341
3242,8.8761,1.6556,4.4139,53888.11,52274717.91,4085559.14,267438641.07,278508442.03,545947083.10,26768.84,1.85894740,0.00018074,0.00578370,0.00361481,0.00016428,0.00377909,990187738.26,1746.8615
3243,8.8789,1.6555,4.4135,53990.55,52279485.73,4085688.11,267458436.84,278515407.56,545973844.40,26761.30,1.85842390,0.00018070,0.00578255,0.00361410,0.00016397,0.00377807,990212499.57,1746.9886
3244,8.8816,1.6554,4.4132,54093.17,52284253.16,4085817.06,267478226.34,278522371.83,546000598.17,26753.77,1.85790058,0.00018067,0.00578141,0.00361338,0.00016367,0.00377705,990237253.34,1747.1156
3245,8.8843,1.6552,4.4128,54196.00,52289020.18,4085945.99,267498009.58,278529334.83,546027344.41,26746.23,1.85737741,0.00018063,0.00578026,0.00361266,0.00016336,0.00377602,990261999.57,1747.2424
3246,8.8871,1.6551,4.4124,54299.01,52293786.81,4086074.90,267517786.56,278536296.55,546054083.11,26738.70,1.85685440,0.00018060,0.00577912,0.00361195,0.00016305,0.00377500,990286738.27,1747.3690
3247,8.8898,1.6549,4.4121,54402.23,52298553.04,4086203.79,267537557.29,278543257.00,546080814.29,26731.17,1.85633156,0.00018056,0.00577797,0.00361123,0.00016275,0.00377398,990311469.45,1747.4953
3248,8.8925,1.6548,4.4117,54505.64,52303318.87,4086332.65,267557321.75,278550216.18,546107537.93,26723.65,1.85580888,0.00018053,0.00577683,0.00361052,0.00016244,0.00377296,990336193.10,1747.6215
3249,8.8953,1.6547,4.4113,54609.24,52308084.31,4086461.49,267577079.96,278557174.09,546134254.06,26716.12,1.85528636,0.00018049,0.00577568,0.00360980,0.00016214,0.00377194,990360909.22,1747.7476
3250,8.8980,1.6545,4.4110,54713.05,52312849.35,4086590.32,267596831.93,278564130.73,546160962.66,26708.60,1.85476400,0.00018045,0.00577454,0.00360909,0.00016184,0.00377092,990385617.82,1747.8734
3251,8.9008,1.6544,4.4106,54817.05,52317613.99,4086719.11,267616577.64,278571086.10,546187663.74,26701.08,1.85424180,0.00018042,0.00577339,0.00360837,0.00016153,0.00376990,990410318.90,1747.9990
3252,8.9035,1.6543,4.4102,54921.24,52322378.23,4086847.89,267636317.10,278578040.21,546214357.31,26693.56,1.85371976,0.00018038,0.00577225,0.00360766,0.00016123,0.00376889,990435012.47,1748.1244
3253,8.9062,1.6541,4.4099,55025.64,52327142.07,4086976.65,267656050.32,278584993.04,546241043.35,26686.05,1.85319789,0.00018035,0.00577111,0.00360694,0.00016093,0.00376787,990459698.52,1748.2497
3254,8.9090,1.6540,4.4095,55130.24,52331905.52,4087105.38,267675777.29,278591944.60,546267721.89,26678.54,1.85267618,0.00018031,0.00576996,0.00360623,0.00016063,0.00376685,990484377.05,1748.3747
3255,8.9117,1.6538,4.4091,55235.03,52336668.57,4087234.10,267695498.02,278598894.90,546294392.92,26671.03,1.85215463,0.00018028,0.00576882,0.00360551,0.00016033,0.00376584,990509048.08,1748.4996
3256,8.9144,1.6537,4.4088,55340.02,52341431.22,4087362.79,267715212.51,278605843.93,546321056.44,26663.52,1.85163323,0.00018024,0.00576768,0.00360480,0.00016003,0.00376483,990533711.60,1748.6242
3257,8.9172,1.6536,4.4084,55445.21,52346193.47,4087491.46,267734920.76,278612791.69,546347712.45,26656.01,1.85111201,0.00018020,0.00576654,0.00360409,0.00015973,0.00376381,990558367.61,1748.7487
3258,8.9199,1.6534,4.4080,55550.61,52350955.33,4087620.10,267754622.78,278619738.18,546374360.96,26648.51,1.85059094,0.00018017,0.00576539,0.00360337,0.00015943,0.00376280,990583016.12,1748.8730
3259,8.9227,1.6533,4.4077,55656.20,52355716.79,4087748.73,267774318.56,278626683.41,546401001.97,26641.01,1.85007003,0.00018013,0.00576425,0.00360266,0.00015913,0.00376179,990607657.13,1748.9971
3260,8.9254,1.6531,4.4073,55761.99,52360477.85,4087877.34,267794008.11,278633627.37,546427635.48,26633.51,1.84954928,0.00018010,0.00576311,0.00360194,0.00015883,0.00376077,990632290.64,1749.1210
3261,8.9281,1.6530,4.4069,55867.99,52365238.52,4088005.92,267813691.43,278640570.06,546454261.49,26626.01,1.84902870,0.00018006,0.00576197,0.00360123,0.00015853,0.00375976,990656916.65,1749.2447
3262,8.9309,1.6529,4.4066,55974.18,52369998.79,4088134.48,267833368.52,278647511.49,546480880.01,26618.52,1.84850828,0.00018003,0.00576083,0.00360052,0.00015824,0.00375875,990681535.17,1749.3683
3263,8.9336,1.6527,4.4062,56080.58,52374758.66,4088263.02,267853039.39,278654451.65,546507491.04,26611.03,1.84798801,0.00017999,0.00575969,0.00359980,0.00015794,0.00375774,990706146.20,1749.4916
3264,8.9363,1.6526,4.4058,56187.18,52379518.13,4088391.54,267872704.03,278661390.54,546534094.58,26603.54,1.84746791,0.00017995,0.00575855,0.00359909,0.00015764,0.00375674,990730749.74,1749.6148
3265,8.9391,1.6525,4.4055,56293.98,52384277.21,4088520.03,267892362.45,278668328.18,546560690.63,26596.05,1.84694797,0.00017992,0.00575741,0.00359838,0.00015735,0.00375573,990755345.79,1749.7377
3266,8.9418,1.6523,4.4051,56400.99,52389035.89,4088648.51,267912014.65,278675264.54,546587279.19,26588.57,1.84642819,0.00017988,0.00575627,0.00359767,0.00015705,0.00375472,990779934.35,1749.8605
3267,8.9446,1.6522,4.4047,56508.20,52393794.17,4088776.96,267931660.63,278682199.65,546613860.28,26581.08,1.84590857,0.00017985,0.00575513,0.00359695,0.00015676,0.00375372,990804515.44,1749.9831
3268,8.9473,1.6520,4.4043,56615.61,52398552.05,4088905.39,267951300.39,278689133.49,546640433.88,26573.60,1.84538911,0.00017981,0.00575399,0.00359624,0.00015647,0.00375271,990829089.04,1750.1055
3269,8.9500,1.6519,4.4040,56723.23,52403309.54,4089033.80,267970933.94,278696066.06,546667000.00,26566.13,1.84486981,0.00017978,0.00575285,0.00359553,0.00015617,0.00375170,990853655.17,1750.2277
3270,8.9528,1.6518,4.4036,56831.05,52408066.63,4089162.19,267990561.28,278702997.38,546693558.65,26558.65,1.84435067,0.00017974,0.00575171,0.00359482,0.00015588,0.00375070,990878213.82,1750.3498
3271,8.9555,1.6516,4.4032,56939.08,52412823.33,4089290.56,268010182.40,278709927.43,546720109.83,26551.18,1.84383170,0.00017971,0.00575057,0.00359411,0.00015559,0.00374970,990902764.99,1750.4716
3272,8.9582,1.6515,4.4029,57047.31,52417579.62,4089418.90,268029797.32,278716856.21,546746653.54,26543.71,1.84331288,0.00017967,0.00574943,0.00359340,0.00015530,0.00374869,990927308.70,1750.5933
3273,8.9610,1.6514,4.4025,57155.75,52422335.52,4089547.23,268049406.03,278723783.74,546773189.77,26536.24,1.84279422,0.00017963,0.00574829,0.00359268,0.00015501,0.00374769,990951844.93,1750.7148
3274,8.9637,1.6512,4.4021,57264.39,52427091.03,4089675.53,268069008.54,278730710.00,546799718.54,26528.77,1.84227572,0.00017960,0.00574716,0.00359197,0.00015472,0.00374669,990976373.71,1750.8361
3275,8.9665,1.6511,4.4018,57373.24,52431846.13,4089803.81,268088604.84,278737635.01,546826239.85,26521.31,1.84175739,0.00017956,0.00574602,0.00359126,0.00015443,0.00374569,991000895.01,1750.9572
3276,8.9692,1.6509,4.4014,57482.30,52436600.84,4089932.07,268108194.95,278744558.75,546852753.69,26513.84,1.84123921,0.00017953,0.00574488,0.00359055,0.00015414,0.00374469,991025408.86,1751.0781
3277,8.9719,1.6508,4.4010,57591.56,52441355.16,4090060.31,268127778.85,278751481.23,546879260.08,26506.39,1.84072120,0.00017949,0.00574375,0.00358984,0.00015385,0.00374369,991049915.24,1751.1988
3278,8.9747,1.6507,4.4007,57701.04,52446109.07,4090188.52,268147356.56,278758402.45,546905759.01,26498.93,1.84020334,0.00017946,0.00574261,0.00358913,0.00015356,0.00374269,991074414.17,1751.3194
3279,8.9774,1.6505,4.4003,57810.72,52450862.59,4090316.72,268166928.07,278765322.41,546932250.48,26491.47,1.83968564,0.00017942,0.00574147,0.00358842,0.00015327,0.00374169,991098905.64,1751.4397
3280,8.9802,1.6504,4.3999,57920.60,52455615.71,4090444.89,268186493.39,278772241.11,546958734.50,26484.02,1.83916811,0.00017939,0.00574034,0.00358771,0.00015299,0.00374070,991123389.66,1751.5599
3281,8.9829,1.6503,4.3996,58030.70,52460368.44,4090573.04,268206052.52,278779158.55,546985211.07,26476.57,1.83865073,0.00017935,0.00573920,0.00358700,0.00015270,0.00373970,991147866.23,1751.6799
3282,8.9856,1.6501,4.3992,58141.01,52465120.77,4090701.17,268225605.46,278786074.73,547011680.19,26469.12,1.83813352,0.00017931,0.00573806,0.00358629,0.00015241,0.00373871,991172335.36,1751.7997
3283,8.9884,1.6500,4.3988,58251.53,52469872.70,4090829.28,268245152.21,278792989.66,547038141.87,26461.68,1.83761646,0.00017928,0.00573693,0.00358558,0.00015213,0.00373771,991196797.03,1751.9194
3284,8.9911,1.6498,4.3985,58362.25,52474624.24,4090957.37,268264692.78,278799903.32,547064596.10,26454.23,1.83709957,0.00017924,0.00573579,0.00358487,0.00015184,0.00373672,991221251.27,1752.0388
3285,8.9938,1.6497,4.3981,58473.19,52479375.38,4091085.43,268284227.17,278806815.73,547091042.90,26446.79,1.83658283,0.00017921,0.00573466,0.00358416,0.00015156,0.00373572,991245698.06,1752.1581
3286,8.9966,1.6496,4.3977,58584.34,52484126.12,4091213.48,268303755.37,278813726.88,547117482.25,26439.35,1.83606625,0.00017917,0.00573352,0.00358345,0.00015128,0.00373473,991270137.41,1752.2772
3287,8.9993,1.6494,4.3974,58695.70,52488876.47,4091341.50,268323277.40,278820636.77,547143914.17,26431.92,1.83554984,0.00017914,0.00573239,0.00358274,0.00015099,0.00373374,991294569.33,1752.3961
3288,9.0021,1.6493,4.3970,58807.27,52493626.42,4091469.50,268342793.24,278827545.41,547170338.65,26424.48,1.83503358,0.00017910,0.00573126,0.00358204,0.00015071,0.00373275,991318993.82,1752.5148
3289,9.0048,1.6492,4.3966,58919.05,52498375.98,4091597.48,268362302.92,278834452.79,547196755.70,26417.05,1.83451748,0.00017907,0.00573012,0.00358133,0.00015043,0.00373175,991343410.87,1752.6333
3290,9.0075,1.6490,4.3963,59031.05,52503125.13,4091725.44,268381806.42,278841358.91,547223165.33,26409.62,1.83400154,0.00017903,0.00572899,0.00358062,0.00015015,0.00373076,991367820.49,1752.7517
3291,9.0103,1.6489,4.3959,59143.25,52507873.90,4091853.37,268401303.74,278848263.78,547249567.52,26402.19,1.83348576,0.00017900,0.00572786,0.00357991,0.00014987,0.00372978,991392222.68,1752.8699
3292,9.0130,1.6487,4.3955,59255.68,52512622.26,4091981.29,268420794.90,278855167.39,547275962.29,26394.77,1.83297014,0.00017896,0.00572672,0.00357920,0.00014958,0.00372879,991416617.45,1752.9879
3293,9.0157,1.6486,4.3952,59368.31,52517370.23,4092109.18,268440279.89,278862069.75,547302349.64,26387.35,1.83245468,0.00017892,0.00572559,0.00357849,0.00014930,0.00372780,991441004.80,1753.1057
3294,9.0185,1.6485,4.3948,59481.16,52522117.80,4092237.05,268459758.72,278868970.85,547328729.57,26379.93,1.83193938,0.00017889,0.00572446,0.00357779,0.00014902,0.00372681,991465384.73,1753.2233
3295,9.0212,1.6483,4.3944,59594.23,52526864.98,4092364.90,268479231.38,278875870.69,547355102.08,26372.51,1.83142424,0.00017885,0.00572333,0.00357708,0.00014875,0.00372582,991489757.24,1753.3408
3296,9.0240,1.6482,4.3941,59707.50,52531611.76,4092492.73,268498697.88,278882769.29,547381467.17,26365.09,1.83090926,0.00017882,0.00572219,0.00357637,0.00014847,0.00372484,991514122.33,1753.4580
3297,9.0267,1.6481,4.3937,59821.00,52536358.15,4092620.54,268518158.22,278889666.63,547407824.85,26357.68,1.83039443,0.00017878,0.00572106,0.00357566,0.00014819,0.00372385,991538480.01,1753.5751
3298,9.0294,1.6479,4.3933,59934.71,52541104.13,4092748.33,268537612.41,278896562.71,547434175.12,26350.27,1.82987977,0.00017875,0.00571993,0.00357496,0.00014791,0.00372287,991562830.28,1753.6920
3299,9.0322,1.6478,4.3930,60048.63,52545849.73,4092876.09,268557060.43,278903457.54,547460517.98,26342.86,1.82936526,0.00017871,0.00571880,0.00357425,0.00014763,0.00372188,991587173.14,1753.8088
3300,9.0349,1.6476,4.3926,60162.78,52550594.92,4093003.84,268576502.31,278910351.12,547486853.43,26335.45,1.82885092,0.00017868,0.00571767,0.00357354,0.00014736,0.00372090,991611508.59,1753.9253
3301,9.0376,1.6475,4.3922,60277.14,52555339.72,4093131.56,268595938.03,278917243.45,547513181.48,26328.05,1.82833673,0.00017864,0.00571654,0.00357284,0.00014708,0.00371992,991635836.64,1754.0417
3302,9.0404,1.6474,4.3919,60391.71,52560084.13,4093259.26,268615367.60,278924134.52,547539502.13,26320.65,1.82782270,0.00017861,0.00571541,0.00357213,0.00014681,0.00371894,991660157.29,1754.1579
3303,9.0431,1.6472,4.3915,60506.51,52564828.14,4093386.94,268634791.03,278931024.35,547565815.37,26313.25,1.82730883,0.00017857,0.00571428,0.00357142,0.00014653,0.00371796,991684470.54,1754.2739
3304,9.0459,1.6471,4.3911,60621.52,52569571.75,4093514.59,268654208.30,278937912.92,547592121.22,26305.85,1.82679512,0.00017854,0.00571315,0.00357072,0.00014626,0.00371698,991708776.39,1754.3898
3305,9.0486,1.6470,4.3908,60736.75,52574314.97,4093642.23,268673619.44,278944800.24,547618419.68,26298.45,1.82628157,0.00017850,0.00571202,0.00357001,0.00014598,0.00371600,991733074.84,1754.5054
3306,9.0513,1.6468,4.3904,60852.20,52579057.79,4093769.85,268693024.43,278951686.31,547644710.74,26291.06,1.82576817,0.00017847,0.00571089,0.00356931,0.00014571,0.00371502,991757365.90,1754.6209
3307,9.0541,1.6467,4.3900,60967.87,52583800.21,4093897.44,268712423.28,278958571.13,547670994.41,26283.67,1.82525494,0.00017843,0.00570976,0.00356860,0.00014544,0.00371404,991781649.57,1754.7362
3308,9.0568,1.6465,4.3897,61083.76,52588542.24,4094025.01,268731816.00,278965454.70,547697270.69,26276.28,1.82474186,0.00017839,0.00570863,0.00356790,0.00014516,0.00371306,991805925.86,1754.8514
3309,9.0595,1.6464,4.3893,61199.88,52593283.88,4094152.56,268751202.57,278972337.02,547723539.59,26268.90,1.82422894,0.00017836,0.00570750,0.00356719,0.00014489,0.00371208,991830194.75,1754.9663
3310,9.0623,1.6463,4.3889,61316.21,52598025.12,4094280.09,268770583.02,278979218.09,547749801.10,26261.51,1.82371618,0.00017832,0.00570638,0.00356649,0.00014462,0.00371111,991854456.27,1755.0811
3311,9.0650,1.6461,4.3886,61432.76,52602765.96,4094407.60,268789957.33,278986097.91,547776055.23,26254.13,1.82320358,0.00017829,0.00570525,0.00356578,0.00014435,0.00371013,991878710.40,1755.1957
3312,9.0678,1.6460,4.3882,61549.53,52607506.41,4094535.09,268809325.51,278992976.48,547802301.99,26246.75,1.82269114,0.00017825,0.00570412,0.00356508,0.00014408,0.00370916,991902957.15,1755.3101
3313,9.0705,1.6459,4.3878,61666.53,52612246.46,4094662.55,268828687.56,278999853.80,547828541.36,26239.38,1.82217886,0.00017822,0.00570299,0.00356437,0.00014381,0.00370818,991927196.52,1755.4244
3314,9.0732,1.6457,4.3875,61783.75,52616986.11,4094790.00,268848043.48,279006729.88,547854773.36,26232.00,1.82166673,0.00017818,0.00570187,0.00356367,0.00014354,0.00370721,991951428.53,1755.5385
3315,9.0760,1.6456,4.3871,61901.19,52621725.37,4094917.42,268867393.28,279013604.71,547880997.99,26224.63,1.82115476,0.00017815,0.00570074,0.00356296,0.00014327,0.00370623,991975653.15,1755.6524
3316,9.0787,1.6454,4.3867,62018.85,52626464.24,4095044.82,268886736.96,279020478.29,547907215.25,26217.26,1.82064295,0.00017811,0.00569961,0.00356226,0.00014300,0.00370526,991999870.41,1755.7661
3317,9.0815,1.6453,4.3864,62136.74,52631202.71,4095172.20,268906074.52,279027350.62,547933425.14,26209.89,1.82013130,0.00017808,0.00569849,0.00356155,0.00014274,0.00370429,992024080.30,1755.8797
3318,9.0842,1.6452,4.3860,62254.85,52635940.78,4095299.56,268925405.96,279034221.71,547959627.67,26202.53,1.81961981,0.00017804,0.00569736,0.00356085,0.00014247,0.00370332,992048282.83,1755.9930
3319,9.0869,1.6450,4.3856,62373.19,52640678.46,4095426.90,268944731.28,279041091.55,547985822.83,26195.16,1.81910847,0.00017801,0.00569624,0.00356015,0.00014220,0.00370235,992072477.99,1756.1062
3320,9.0897,1.6449,4.3853,62491.75,52645415.74,4095554.21,268964050.48,279047960.15,548012010.63,26187.80,1.81859729,0.00017797,0.00569511,0.00355944,0.00014194,0.00370138,992096665.79,1756.2193
3321,9.0924,1.6448,4.3849,62610.53,52650152.63,4095681.51,268983363.58,279054827.49,548038191.07,26180.44,1.81808627,0.00017794,0.00569398,0.00355874,0.00014167,0.00370041,992120846.23,1756.3321
3322,9.0951,1.6446,4.3845,62729.55,52654889.12,4095808.78,269002670.56,279061693.60,548064364.16,26173.09,1.81757541,0.00017790,0.00569286,0.00355804,0.00014140,0.00369944,992145019.32,1756.4448
3323,9.0979,1.6445,4.3842,62848.79,52659625.22,4095936.03,269021971.43,279068558.46,548090529.89,26165.73,1.81706470,0.00017787,0.00569174,0.00355733,0.00014114,0.00369847,992169185.05,1756.5573
3324,9.1006,1.6443,4.3838,62968.25,52664360.92,4096063.27,269041266.20,279075422.07,548116688.27,26158.38,1.81655416,0.00017783,0.00569061,0.00355663,0.00014088,0.00369751,992193343.43,1756.6696
3325,9.1034,1.6442,4.3834,63087.94,52669096.23,4096190.47,269060554.86,279082284.44,548142839.30,26151.03,1.81604377,0.00017780,0.00568949,0.00355593,0.00014061,0.00369654,992217494.46,1756.7818
3326,9.1061,1.6441,4.3831,63207.86,52673831.14,4096317.66,269079837.42,279089145.57,548168982.98,26143.68,1.81553354,0.00017776,0.00568836,0.00355523,0.00014035,0.00369557,992241638.14,1756.8938
3327,9.1088,1.6439,4.3827,63328.01,52678565.66,4096444.83,269099113.87,279096005.45,548195119.32,26136.34,1.81502346,0.00017773,0.00568724,0.00355452,0.00014009,0.00369461,992265774.48,1757.0056
3328,9.1116,1.6438,4.3824,63448.39,52683299.78,4096571.98,269118384.23,279102864.09,548221248.31,26129.00,1.81451355,0.00017769,0.00568612,0.00355382,0.00013982,0.00369365,992289903.48,1757.1173
3329,9.1143,1.6437,4.3820,63568.99,52688033.51,4096699.10,269137648.49,279109721.48,548247369.97,26121.65,1.81400379,0.00017766,0.00568499,0.00355312,0.00013956,0.00369268,992314025.13,1757.2287
3330,9.1170,1.6435,4.3816,63689.83,52692766.84,4096826.20,269156906.65,279116577.64,548273484.29,26114.32,1.81349419,0.00017762,0.00568387,0.00355242,0.00013930,0.00369172,992338139.45,1757.3400
3331,9.1198,1.6434,4.3813,63810.89,52697499.78,4096953.29,269176158.72,279123432.55,548299591.27,26106.98,1.81298474,0.00017759,0.00568275,0.00355172,0.00013904,0.00369076,992362246.43,1757.4512
3332,9.1225,1.6432,4.3809,63932.19,52702232.32,4097080.35,269195404.70,279130286.22,548325690.91,26099.65,1.81247546,0.00017755,0.00568163,0.00355102,0.00013878,0.00368979,992386346.08,1757.5621
3333,9.1253,1.6431,4.3805,64053.71,52706964.47,4097207.39,269214644.58,279137138.64,548351783.23,26092.32,1.81196633,0.00017752,0.00568050,0.00355031,0.00013852,0.00368883,992410438.39,1757.6729
3334,9.1280,1.6430,4.3802,64175.47,52711696.22,4097334.40,269233878.38,279143989.83,548377868.21,26084.99,1.81145735,0.00017748,0.00567938,0.00354961,0.00013826,0.00368787,992434523.38,1757.7835
3335,9.1307,1.6428,4.3798,64297.45,52716427.58,4097461.40,269253106.10,279150839.77,548403945.87,26077.66,1.81094854,0.00017745,0.00567826,0.00354891,0.00013800,0.00368691,992458601.04,1757.8940
3336,9.1335,1.6427,4.3794,64419.67,52721158.54,4097588.38,269272327.73,279157688.48,548430016.21,26070.33,1.81043988,0.00017741,0.00567714,0.00354821,0.00013774,0.00368595,992482671.37,1758.0042
3337,9.1362,1.6426,4.3791,64542.12,52725889.11,4097715.33,269291543.28,279164535.94,548456079.22,26063.01,1.80993138,0.00017738,0.00567602,0.00354751,0.00013748,0.00368499,992506734.38,1758.1144
3338,9.1389,1.6424,4.3787,64664.81,52730619.28,4097842.27,269310752.74,279171382.17,548482134.91,26055.69,1.80942304,0.00017734,0.00567490,0.00354681,0.00013723,0.00368404,992530790.07,1758.2243
3339,9.1417,1.6423,4.3783,64787.72,52735349.06,4097969.18,269329956.13,279178227.15,548508183.28,26048.37,1.80891485,0.00017731,0.00567378,0.00354611,0.00013697,0.00368308,992554838.45,1758.3341
3340,9.1444,1.6421,4.3780,64910.88,52740078.44,4098096.07,269349153.45,279185070.90,548534224.34,26041.06,1.80840682,0.00017727,0.00567266,0.00354541,0.00013671,0.00368212,992578879.51,1758.4437
3341,9.1472,1.6420,4.3776,65034.26,52744807.43,4098222.94,269368344.68,279191913.40,548560258.09,26033.74,1.80789894,0.00017724,0.00567154,0.00354471,0.00013646,0.00368117,992602913.25,1758.5531
3342,9.1499,1.6419,4.3772,65157.88,52749536.02,4098349.79,269387529.85,279198754.67,548586284.52,26026.43,1.80739123,0.00017720,0.00567042,0.00354401,0.00013620,0.00368021,992626939.68,1758.6623
3343,9.1526,1.6417,4.3769,65281.73,52754264.22,4098476.61,269406708.95,279205594.70,548612303.65,26019.12,1.80688367,0.00017717,0.00566930,0.00354331,0.00013595,0.00367926,992650958.81,1758.7714
3344,9.1554,1.6416,4.3765,65405.82,52758992.03,4098603.42,269425881.97,279212433.49,548638315.46,26011.82,1.80637627,0.00017713,0.00566818,0.00354261,0.00013569,0.00367830,992674970.63,1758.8804
3345,9.1581,1.6415,4.3761,65530.15,52763719.44,4098730.21,269445048.93,279219271.05,548664319.98,26004.51,1.80586902,0.00017710,0.00566706,0.00354191,0.00013544,0.00367735,992698975.14,1758.9891
3346,9.1608,1.6413,4.3758,65654.71,52768446.46,4098856.97,269464209.83,279226107.36,548690317.19,25997.21,1.80536193,0.00017706,0.00566594,0.00354121,0.00013518,0.00367640,992722972.35,1759.0977
3347,9.1636,1.6412,4.3754,65779.51,52773173.08,4098983.71,269483364.66,279232942.44,548716307.10,25989.91,1.80485500,0.00017703,0.00566482,0.00354051,0.00013493,0.00367544,992746962.26,1759.2061
3348,9.1663,1.6411,4.3750,65904.55,52777899.30,4099110.43,269502513.43,279239776.29,548742289.72,25982.61,1.80434822,0.00017699,0.00566371,0.00353982,0.00013468,0.00367449,992770944.88,1759.3144
3349,9.1691,1.6409,4.3747,66029.82,52782625.14,4099237.13,269521656.14,279246608.89,548768265.03,25975.32,1.80384160,0.00017696,0.00566259,0.00353912,0.00013443,0.00367354,992794920.20,1759.4225
3350,9.1718,1.6408,4.3743,66155.33,52787350.58,4099363.81,269540792.80,279253440.26,548794233.06,25968.03,1.80333513,0.00017692,0.00566147,0.00353842,0.00013417,0.00367259,992818888.22,1759.5304
3351,9.1745,1.6406,4.3739,66281.08,52792075.62,4099490.47,269559923.40,279260270.40,548820193.80,25960.74,1.80282883,0.00017689,0.00566035,0.00353772,0.00013392,0.00367164,992842848.96,1759.6381
3352,9.1773,1.6405,4.3736,66407.07,52796800.27,4099617.11,269579047.94,279267099.30,548846147.24,25953.45,1.80232268,0.00017685,0.00565924,0.00353702,0.00013367,0.00367069,992866802.41,1759.7457
3353,9.1800,1.6404,4.3732,66533.30,52801524.52,4099743.72,269598166.44,279273926.97,548872093.40,25946.16,1.80181668,0.00017682,0.00565812,0.00353632,0.00013342,0.00366975,992890748.57,1759.8531
3354,9.1828,1.6402,4.3729,66659.77,52806248.39,4099870.32,269617278.88,279280753.40,548898032.28,25938.88,1.80131084,0.00017678,0.00565700,0.00353563,0.00013317,0.00366880,992914687.44,1759.9604
3355,9.1855,1.6401,4.3725,66786.48,52810971.85,4099996.89,269636385.28,279287578.59,548923963.87,25931.59,1.80080516,0.00017675,0.00565589,0.00353493,0.00013292,0.00366785,992938619.04,1760.0675
3356,9.1882,1.6400,4.3721,66913.43,52815694.93,4100123.44,269655485.63,279294402.56,548949888.19,25924.31,1.80029963,0.00017671,0.00565477,0.00353423,0.00013267,0.00366690,992962543.35,1760.1744
3357,9.1910,1.6398,4.3718,67040.62,52820417.61,4100249.98,269674579.94,279301225.28,548975805.23,25917.04,1.79979426,0.00017668,0.00565366,0.00353353,0.00013242,0.00366596,992986460.39,1760.2812
3358,9.1937,1.6397,4.3714,67168.06,52825139.89,4100376.49,269693668.21,279308046.78,549001714.99,25909.76,1.79928905,0.00017664,0.00565254,0.00353284,0.00013218,0.00366501,993010370.15,1760.3878
3359,9.1964,1.6395,4.3710,67295.73,52829861.78,4100502.97,269712750.43,279314867.04,549027617.48,25902.49,1.79878399,0.00017661,0.00565143,0.00353214,0.00013193,0.00366407,993034272.64,1760.4942
3360,9.1992,1.6394,4.3707,67423.65,52834583.28,4100629.44,269731826.62,279321686.07,549053512.70,25895.22,1.79827909,0.00017657,0.00565031,0.00353144,0.00013168,0.00366313,993058167.86,1760.6004
3361,9.2019,1.6393,4.3703,67551.81,52839304.38,4100755.89,269750896.77,279328503.87,549079400.65,25887.95,1.79777434,0.00017654,0.00564920,0.00353075,0.00013143,0.00366218,993082055.81,1760.7065
3362,9.2047,1.6391,4.3699,67680.22,52844025.09,4100882.31,269769960.89,279335320.44,549105281.33,25880.68,1.79726975,0.00017650,0.00564808,0.00353005,0.00013119,0.00366124,993105936.49,1760.8125
3363,9.2074,1.6390,4.3696,67808.87,52848745.40,4101008.72,269789018.98,279342135.77,549131154.75,25873.42,1.79676531,0.00017647,0.00564697,0.00352935,0.00013094,0.00366030,993129809.91,1760.9182
3364,9.2101,1.6389,4.3692,67937.76,52853465.32,4101135.10,269808071.03,279348949.88,549157020.91,25866.16,1.79626103,0.00017643,0.00564585,0.00352866,0.00013070,0.00365936,993153676.07,1761.0239
3365,9.2129,1.6387,4.3688,68066.90,52858184.85,4101261.47,269827117.06,279355762.75,549182879.81,25858.90,1.79575691,0.00017640,0.00564474,0.00352796,0.00013045,0.00365842,993177534.97,1761.1293
3366,9.2156,1.6386,4.3685,68196.28,52862903.99,4101387.81,269846157.06,279362574.39,549208731.45,25851.64,1.79525294,0.00017636,0.00564363,0.00352727,0.00013021,0.00365748,993201386.61,1761.2346
3367,9.2183,1.6385,4.3681,68325.91,52867622.72,4101514.13,269865191.04,279369384.80,549234575.84,25844.39,1.79474913,0.00017633,0.00564251,0.00352657,0.00012996,0.00365654,993225231.00,1761.3397
3368,9.2211,1.6383,4.3677,68455.79,52872341.07,4101640.43,269884218.99,279376193.98,549260412.97,25837.13,1.79424547,0.00017629,0.00564140,0.00352588,0.00012972,0.00365560,993249068.14,1761.4446
3369,9.2238,1.6382,4.3674,68585.91,52877059.02,4101766.70,269903240.92,279383001.94,549286242.86,25829.88,1.79374197,0.00017626,0.00564029,0.00352518,0.00012948,0.00365466,993272898.02,1761.5494
3370,9.2266,1.6380,4.3670,68716.28,52881776.58,4101892.96,269922256.84,279389808.66,549312065.49,25822.64,1.79323862,0.00017622,0.00563918,0.00352449,0.00012924,0.00365372,993296720.66,1761.6541
3371,9.2293,1.6379,4.3667,68846.90,52886493.75,4102019.20,269941266.73,279396614.15,549337880.88,25815.39,1.79273543,0.00017619,0.00563807,0.00352379,0.00012899,0.00365278,993320536.05,1761.7585
3372,9.2320,1.6378,4.3663,68977.77,52891210.52,4102145.41,269960270.61,279403418.42,549363689.03,25808.15,1.79223239,0.00017615,0.00563695,0.00352310,0.00012875,0.00365185,993344344.19,1761.8628
3373,9.2348,1.6376,4.3659,69108.88,52895926.89,4102271.61,269979268.48,279410221.46,549389489.94,25800.90,1.79172951,0.00017612,0.00563584,0.00352240,0.00012851,0.00365091,993368145.10,1761.9670
3374,9.2375,1.6375,4.3656,69240.25,52900642.88,4102397.78,269998260.34,279417023.27,549415283.60,25793.67,1.79122679,0.00017609,0.00563473,0.00352171,0.00012827,0.00364998,993391938.76,1762.0710
3375,9.2402,1.6374,4.3652,69371.86,52905358.47,4102523.93,270017246.18,279423823.85,549441070.03,25786.43,1.79072421,0.00017605,0.00563362,0.00352101,0.00012803,0.00364904,993415725.19,1762.1748
3376,9.2430,1.6372,4.3648,69503.73,52910073.66,4102650.06,270036226.02,279430623.20,549466849.22,25779.19,1.79022180,0.00017602,0.00563251,0.00352032,0.00012779,0.00364811,993439504.39,1762.2785
3377,9.2457,1.6371,4.3645,69635.84,52914788.47,4102776.17,270055199.86,279437421.33,549492621.19,25771.96,1.78971954,0.00017598,0.00563140,0.00351962,0.00012755,0.00364717,993463276.35,1762.3820
3378,9.2485,1.6369,4.3641,69768.21,52919502.88,4102902.26,270074167.69,279444218.23,549518385.92,25764.73,1.78921743,0.00017595,0.00563029,0.00351893,0.00012731,0.00364624,993487041.08,1762.4853
3379,9.2512,1.6368,4.3637,69900.83,52924216.89,4103028.33,270093129.51,279451013.90,549544143.42,25757.50,1.78871548,0.00017591,0.00562918,0.00351824,0.00012707,0.00364531,993510798.58,1762.5885
3380,9.2539,1.6367,4.3634,70033.70,52928930.52,4103154.38,270112085.34,279457808.35,549569893.70,25750.28,1.78821369,0.00017588,0.00562807,0.00351754,0.00012683,0.00364438,993534548.86,1762.6915
3381,9.2567,1.6365,4.3630,70166.82,52933643.75,4103280.40,270131035.17,279464601.58,549595636.75,25743.05,1.78771205,0.00017584,0.00562696,0.00351685,0.00012660,0.00364345,993558291.91,1762.7943
3382,9.2594,1.6364,4.3626,70300.20,52938356.58,4103406.41,270149979.01,279471393.57,549621372.58,25735.83,1.78721056,0.00017581,0.00562585,0.00351616,0.00012636,0.00364252,993582027.74,1762.8970
3383,9.2621,1.6363,4.3623,70433.83,52943069.03,4103532.39,270168916.85,279478184.35,549647101.20,25728.61,1.78670923,0.00017577,0.00562474,0.00351546,0.00012612,0.00364159,993605756.36,1762.9996
3384,9.2649,1.6361,4.3619,70567.71,52947781.08,4103658.36,270187848.69,279484973.90,549672822.59,25721.40,1.78620805,0.00017574,0.00562363,0.00351477,0.00012589,0.00364066,993629477.75,1763.1020
3385,9.2676,1.6360,4.3616,70701.85,52952492.73,4103784.30,270206774.55,279491762.22,549698536.77,25714.18,1.78570703,0.00017570,0.00562253,0.00351408,0.00012565,0.00363973,993653191.93,1763.2042
3386,9.2704,1.6359,4.3612,70836.24,52957204.00,4103910.22,270225694.42,279498549.32,549724243.74,25706.97,1.78520616,0.00017567,0.00562142,0.00351339,0.00012542,0.00363880,993676898.90,1763.3063
3387,9.2731,1.6357,4.3608,70970.89,52961914.87,4104036.12,270244608.30,279505335.20,549749943.50,25699.76,1.78470545,0.00017563,0.00562031,0.00351269,0.00012518,0.00363787,993700598.66,1763.4082
3388,9.2758,1.6356,4.3605,71105.79,52966625.35,4104162.00,270263516.20,279512119.85,549775636.05,25692.55,1.78420489,0.00017560,0.00561920,0.00351200,0.00012495,0.00363695,993724291.21,1763.5099
3389,9.2786,1.6354,4.3601,71240.95,52971335.43,4104287.86,270282418.11,279518903.28,549801321.39,25685.34,1.78370448,0.00017557,0.00561810,0.00351131,0.00012471,0.00363602,993747976.56,1763.6115
3390,9.2813,1.6353,4.3597,71376.37,52976045.12,4104413.69,270301314.05,279525685.49,549826999.54,25678.14,1.78320423,0.00017553,0.00561699,0.00351062,0.00012448,0.00363510,993771654.70,1763.7129
3391,9.2841,1.6352,4.3594,71512.04,52980754.42,4104539.51,270320204.00,279532466.47,549852670.47,25670.94,1.78270414,0.00017550,0.00561588,0.00350993,0.00012424,0.00363417,993795325.64,1763.8142
3392,9.2868,1.6350,4.3590,71647.98,52985463.32,4104665.31,270339087.98,279539246.24,549878334.22,25663.74,1.78220420,0.00017546,0.00561478,0.00350923,0.00012401,0.00363325,993818989.38,1763.9153
3393,9.2895,1.6349,4.3586,71784.17,52990171.84,4104791.08,270357965.98,279546024.78,549903990.76,25656.54,1.78170441,0.00017543,0.00561367,0.00350854,0.00012378,0.00363232,993842645.92,1764.0163
3394,9.2923,1.6348,4.3583,71920.62,52994879.96,4104916.83,270376838.01,279552802.10,549929640.11,25649.35,1.78120478,0.00017539,0.00561256,0.00350785,0.00012355,0.00363140,993866295.27,1764.1171
3395,9.2950,1.6346,4.3579,72057.33,52999587.68,4105042.57,270395704.07,279559578.20,549955282.26,25642.16,1.78070530,0.00017536,0.00561146,0.00350716,0.00012332,0.00363048,993889937.43,1764.2177
3396,9.2977,1.6345,4.3576,72194.30,53004295.02,4105168.28,270414564.15,279566353.08,549980917.23,25634.97,1.78020597,0.00017532,0.00561035,0.00350647,0.00012309,0.00362956,993913572.39,1764.3182
3397,9.3005,1.6344,4.3572,72331.53,53009001.96,4105293.97,270433418.27,279573126.74,550006545.01,25627.78,1.77970680,0.00017529,0.00560925,0.00350578,0.00012285,0.00362863,993937200.17,1764.4186
3398,9.3032,1.6342,4.3568,72469.02,53013708.51,4105419.64,270452266.43,279579899.17,550032165.60,25620.59,1.77920779,0.00017525,0.00560814,0.00350509,0.00012262,0.00362771,993960820.76,1764.5187
3399,9.3060,1.6341,4.3565,72606.77,53018414.66,4105545.29,270471108.62,279586670.39,550057779.01,25613.41,1.77870892,0.00017522,0.00560704,0.00350440,0.00012239,0.00362679,993984434.17,1764.6188
3400,9.3087,1.6339,4.3561,72744.78,53023120.42,4105670.92,270489944.84,279593440.39,550083385.24,25606.23,1.77821021,0.00017519,0.00560593,0.00350371,0.00012217,0.00362587,994008040.40,1764.7186
3401,9.3114,1.6338,4.3557,72883.06,53027825.79,4105796.52,270508775.11,279600209.17,550108984.28,25599.05,1.77771166,0.00017515,0.00560483,0.00350302,0.00012194,0.00362496,994031639.45,1764.8183
3402,9.3142,1.6337,4.3554,73021.60,53032530.77,4105922.11,270527599.42,279606976.74,550134576.15,25591.87,1.77721326,0.00017512,0.00560373,0.00350233,0.00012171,0.00362404,994055231.32,1764.9179
3403,9.3169,1.6335,4.3550,73160.40,53037235.36,4106047.68,270546417.77,279613743.08,550160160.85,25584.70,1.77671501,0.00017508,0.00560262,0.00350164,0.00012148,0.00362312,994078816.01,1765.0173
3404,9.3196,1.6334,4.3546,73299.47,53041939.55,4106173.22,270565230.17,279620508.20,550185738.37,25577.52,1.77621691,0.00017505,0.00560152,0.00350095,0.00012125,0.00362220,994102393.54,1765.1166
3405,9.3224,1.6333,4.3543,73438.80,53046643.35,4106298.74,270584036.62,279627272.11,550211308.73,25570.35,1.77571897,0.00017501,0.00560042,0.00350026,0.00012103,0.00362129,994125963.89,1765.2156
3406,9.3251,1.6331,4.3539,73578.39,53051346.75,4106424.25,270602837.11,279634034.80,550236871.91,25563.19,1.77522119,0.00017498,0.00559931,0.00349957,0.00012080,0.00362037,994149527.08,1765.3146
3407,9.3279,1.6330,4.3536,73718.25,53056049.77,4106549.73,270621631.66,279640796.28,550262427.93,25556.02,1.77472355,0.00017494,0.00559821,0.00349888,0.00012057,0.00361945,994173083.09,1765.4134
3408,9.3306,1.6329,4.3532,73858.38,53060752.39,4106675.19,270640420.25,279647556.53,550287976.79,25548.86,1.77422607,0.00017491,0.00559711,0.00349819,0.00012035,0.00361854,994196631.95,1765.5120
3409,9.3333,1.6327,4.3528,73998.77,53065454.62,4106800.63,270659202.91,279654315.57,550313518.48,25541.69,1.77372875,0.00017488,0.00559601,0.00349750,0.00012012,0.00361763,994220173.64,1765.6105
3410,9.3361,1.6326,4.3525,74139.43,53070156.46,4106926.05,270677979.62,279661073.40,550339053.02,25534.53,1.77323157,0.00017484,0.00559491,0.00349682,0.00011990,0.00361671,994243708.18,1765.7088
3411,9.3388,1.6324,4.3521,74280.36,53074857.90,4107051.45,270696750.39,279667830.01,550364580.39,25527.38,1.77273455,0.00017481,0.00559380,0.00349613,0.00011967,0.00361580,994267235.56,1765.8070
3412,9.3415,1.6323,4.3517,74421.55,53079558.96,4107176.83,270715515.22,279674585.40,550390100.62,25520.22,1.77223769,0.00017477,0.00559270,0.00349544,0.00011945,0.00361489,994290755.78,1765.9050
3413,9.3443,1.6322,4.3514,74563.02,53084259.62,4107302.18,270734274.11,279681339.58,550415613.69,25513.07,1.77174097,0.00017474,0.00559160,0.00349475,0.00011922,0.00361397,994314268.85,1766.0029
3414,9.3470,1.6320,4.3510,74704.75,53088959.88,4107427.52,270753027.07,279688092.54,550441119.61,25505.92,1.77124441,0.00017470,0.00559050,0.00349406,0.00011900,0.00361306,994337774.77,1766.1006
3415,9.3498,1.6319,4.3506,74846.75,53093659.76,4107552.83,270771774.09,279694844.29,550466618.38,25498.77,1.77074801,0.00017467,0.00558940,0.00349338,0.00011878,0.00361215,994361273.54,1766.1981
3416,9.3525,1.6318,4.3503,74989.02,53098359.24,4107678.13,270790515.18,279701594.82,550492110.00,25491.63,1.77025175,0.00017463,0.00558830,0.00349269,0.00011855,0.00361124,994384765.16,1766.2955
3417,9.3552,1.6316,4.3499,75131.56,53103058.34,4107803.40,270809250.34,279708344.14,550517594.48,25484.48,1.76975565,0.00017460,0.00558720,0.00349200,0.00011833,0.00361033,994408249.65,1766.3928
3418,9.3580,1.6315,4.3496,75274.38,53107757.04,4107928.66,270827979.57,279715092.25,550543071.82,25477.34,1.76925970,0.00017457,0.00558610,0.00349131,0.00011811,0.00360942,994431726.99,1766.4899
3419,9.3607,1.6314,4.3492,75417.46,53112455.34,4108053.89,270846702.88,279721839.15,550568542.02,25470.20,1.76876391,0.00017453,0.00558500,0.00349063,0.00011789,0.00360852,994455197.19,1766.5869
3420,9.3634,1.6312,4.3488,75560.82,53117153.26,4108179.10,270865420.26,279728584.83,550594005.09,25463.06,1.76826827,0.00017450,0.00558390,0.00348994,0.00011767,0.00360761,994478660.25,1766.6837
3421,9.3662,1.6311,4.3485,75704.45,53121850.78,4108304.29,270884131.72,279735329.30,550619461.01,25455.93,1.76777278,0.00017446,0.00558280,0.00348925,0.00011745,0.00360670,994502116.18,1766.7803
3422,9.3689,1.6309,4.3481,75848.35,53126547.91,4108429.46,270902837.26,279742072.55,550644909.81,25448.80,1.76727744,0.00017443,0.00558171,0.00348857,0.00011723,0.00360579,994525564.97,1766.8768
3423,9.3717,1.6308,4.3477,75992.52,53131244.65,4108554.61,270921536.87,279748814.60,550670351.47,25441.66,1.76678225,0.00017439,0.00558061,0.00348788,0.00011701,0.00360489,994549006.64,1766.9732
3424,9.3744,1.6307,4.3474,76136.97,53135941.00,4108679.74,270940230.58,279755555.43,550695786.01,25434.54,1.76628722,0.00017436,0.00557951,0.00348719,0.00011679,0.00360398,994572441.17,1767.0694
3425,9.3771,1.6305,4.3470,76281.70,53140636.95,4108804.85,270958918.36,279762295.06,550721213.42,25427.41,1.76579234,0.00017433,0.00557841,0.00348651,0.00011657,0.00360308,994595868.58,1767.1654
3426,9.3799,1.6304,4.3467,76426.70,53145332.52,4108929.93,270977600.24,279769033.47,550746633.71,25420.29,1.76529762,0.00017429,0.00557731,0.00348582,0.00011635,0.00360217,994619288.87,1767.2613
3427,9.3826,1.6303,4.3463,76571.97,53150027.69,4109055.00,270996276.20,279775770.67,550772046.87,25413.16,1.76480304,0.00017426,0.00557622,0.00348514,0.00011613,0.00360127,994642702.03,1767.3571
3428,9.3854,1.6301,4.3459,76717.52,53154722.47,4109180.04,271014946.25,279782506.66,550797452.91,25406.04,1.76430862,0.00017422,0.00557512,0.00348445,0.00011592,0.00360037,994666108.08,1767.4527
3429,9.3881,1.6300,4.3456,76863.35,53159416.86,4109305.07,271033610.40,279789241.44,550822851.84,25398.93,1.76381435,0.00017419,0.00557402,0.00348376,0.00011570,0.00359946,994689507.00,1767.5481
3430,9.3908,1.6299,4.3452,77009.45,53164110.86,4109430.07,271052268.64,279795975.01,550848243.65,25391.81,1.76332024,0.00017415,0.00557293,0.00348308,0.00011548,0.00359856,994712898.81,1767.6434
3431,9.3936,1.6297,4.3448,77155.84,53168804.46,4109555.05,271070920.98,279802707.37,550873628.35,25384.70,1.76282627,0.00017412,0.00557183,0.00348239,0.00011527,0.00359766,994736283.51,1767.7386
3432,9.3963,1.6296,4.3445,77302.50,53173497.67,4109680.02,271089567.41,279809438.53,550899005.94,25377.59,1.76233246,0.00017409,0.00557073,0.00348171,0.00011505,0.00359676,994759661.10,1767.8336
3433,9.3990,1.6295,4.3441,77449.44,53178190.49,4109804.96,271108207.94,279816168.47,550924376.42,25370.48,1.76183880,0.00017405,0.00556964,0.00348102,0.00011483,0.00359586,994783031.58,1767.9285
3434,9.4018,1.6293,4.3438,77596.66,53182882.92,4109929.88,271126842.58,279822897.21,550949739.79,25363.37,1.76134529,0.00017402,0.00556854,0.00348034,0.00011462,0.00359496,994806394.95,1768.0232
3435,9.4045,1.6292,4.3434,77744.15,53187574.96,4110054.78,271145471.32,279829624.74,550975096.06,25356.27,1.76085194,0.00017398,0.00556745,0.00347966,0.00011440,0.00359406,994829751.22,1768.1177
3436,9.4073,1.6290,4.3430,77891.93,53192266.61,4110179.66,271164094.16,279836351.06,551000445.22,25349.17,1.76035874,0.00017395,0.00556635,0.00347897,0.00011419,0.00359316,994853100.38,1768.2122
3437,9.4100,1.6289,4.3427,78039.99,53196957.87,4110304.52,271182711.11,279843076.17,551025787.29,25342.07,1.75986568,0.00017391,0.00556526,0.00347829,0.00011398,0.00359226,994876442.45,1768.3064
3438,9.4127,1.6288,4.3423,78188.33,53201648.73,4110429.36,271201322.18,279849800.08,551051122.26,25334.97,1.75937278,0.00017388,0.00556416,0.00347760,0.00011376,0.00359137,994899777.42,1768.4006
3439,9.4155,1.6286,4.3419,78336.96,53206339.20,4110554.17,271219927.35,279856522.78,551076450.13,25327.87,1.75888004,0.00017385,0.00556307,0.00347692,0.00011355,0.00359047,994923105.29,1768.4945
3440,9.4182,1.6285,4.3416,78485.86,53211029.28,4110678.97,271238526.63,279863244.28,551101770.91,25320.78,1.75838744,0.00017381,0.00556198,0.00347624,0.00011334,0.00358957,994946426.07,1768.5884
3441,9.4209,1.6284,4.3412,78635.05,53215718.97,4110803.75,271257120.03,279869964.56,551127084.60,25313.69,1.75789500,0.00017378,0.00556088,0.00347555,0.00011312,0.00358868,994969739.76,1768.6820
3442,9.4237,1.6282,4.3409,78784.52,53220408.27,4110928.50,271275707.55,279876683.65,551152391.19,25306.60,1.75740271,0.00017374,0.00555979,0.00347487,0.00011291,0.00358778,994993046.36,1768.7756
3443,9.4264,1.6281,4.3405,78934.28,53225097.18,4111053.24,271294289.18,279883401.52,551177690.71,25299.51,1.75691057,0.00017371,0.00555870,0.00347419,0.00011270,0.00358689,995016345.87,1768.8690
3444,9.4292,1.6280,4.3401,79084.32,53229785.69,4111177.95,271312864.94,279890118.19,551202983.13,25292.43,1.75641858,0.00017368,0.00555760,0.00347350,0.00011249,0.00358599,995039638.30,1768.9622
3445,9.4319,1.6278,4.3398,79234.65,53234473.82,4111302.64,271331434.82,279896833.66,551228268.48,25285.35,1.75592674,0.00017364,0.00555651,0.00347282,0.00011228,0.00358510,995062923.64,1769.0553
3446,9.4346,1.6277,4.3394,79385.26,53239161.55,4111427.32,271349998.82,279903547.93,551253546.74,25278.26,1.75543505,0.00017361,0.00555542,0.00347214,0.00011207,0.00358420,995086201.91,1769.1482
3447,9.4374,1.6275,4.3390,79536.16,53243848.89,4111551.97,271368556.95,279910260.98,551278817.93,25271.19,1.75494352,0.00017357,0.00555433,0.00347145,0.00011186,0.00358331,995109473.09,1769.2411
3448,9.4401,1.6274,4.3387,79687.34,53248535.84,4111676.60,271387109.20,279916972.84,551304082.04,25264.11,1.75445214,0.00017354,0.00555323,0.00347077,0.00011165,0.00358242,995132737.20,1769.3337
3449,9.4428,1.6273,4.3383,79838.82,53253222.40,4111801.21,271405655.59,279923683.49,551329339.08,25257.04,1.75396091,0.00017350,0.00555214,0.00347009,0.00011144,0.00358153,995155994.24,1769.4262
3450,9.4456,1.6271,4.3380,79990.58,53257908.57,4111925.80,271424196.10,279930392.94,551354589.04,25249.97,1.75346983,0.00017347,0.00555105,0.00346941,0.00011123,0.00358064,995179244.21,1769.5186
3451,9.4483,1.6270,4.3376,80142.63,53262594.35,4112050.37,271442730.75,279937101.19,551379831.94,25242.90,1.75297890,0.00017344,0.00554996,0.00346873,0.00011102,0.00357975,995202487.10,1769.6108
3452,9.4511,1.6269,4.3372,80294.97,53267279.74,4112174.92,271461259.54,279943808.23,551405067.77,25235.83,1.75248812,0.00017340,0.00554887,0.00346804,0.00011081,0.00357886,995225722.93,1769.7029
3453,9.4538,1.6267,4.3369,80447.59,53271964.73,4112299.45,271479782.46,279950514.07,551430296.53,25228.76,1.75199750,0.00017337,0.00554778,0.00346736,0.00011061,0.00357797,995248951.70,1769.7948
3454,9.4565,1.6266,4.3365,80600.51,53276649.34,4112423.96,271498299.52,279957218.71,551455518.23,25221.70,1.75150702,0.00017333,0.00554669,0.00346668,0.00011040,0.00357708,995272173.40,1769.8866
3455,9.4593,1.6265,4.3362,80753.72,53281333.55,4112548.44,271516810.73,279963922.15,551480732.87,25214.64,1.75101670,0.00017330,0.00554560,0.00346600,0.00011019,0.00357619,995295388.04,1769.9783
3456,9.4620,1.6263,4.3358,80907.22,53286017.38,4112672.91,271535316.07,279970624.39,551505940.46,25207.58,1.75052652,0.00017327,0.00554451,0.00346532,0.00010999,0.00357530,995318595.62,1770.0698
3457,9.4648,1.6262,4.3354,81061.01,53290700.81,4112797.36,271553815.56,279977325.42,551531140.98,25200.53,1.75003650,0.00017323,0.00554342,0.00346464,0.00010978,0.00357442,995341796.14,1770.1612
3458,9.4675,1.6261,4.3351,81215.09,53295383.85,4112921.78,271572309.20,279984025.26,551556334.45,25193.47,1.74954663,0.00017320,0.00554233,0.00346396,0.00010957,0.00357353,995364989.62,1770.2524
3459,9.4702,1.6259,4.3347,81369.47,53300066.50,4113046.19,271590796.98,279990723.89,551581520.87,25186.42,1.74905691,0.00017316,0.00554124,0.00346328,0.00010937,0.00357264,995388176.04,1770.3435
3460,9.4730,1.6258,4.3343,81524.14,53304748.76,4113170.57,271609278.91,279997421.33,551606700.24,25179.37,1.74856734,0.00017313,0.00554015,0.00346260,0.00010916,0.00357176,995411355.41,1770.4344
3461,9.4757,1.6256,4.3340,81679.11,53309430.63,4113294.93,271627755.00,280004117.57,551631872.57,25172.32,1.74807793,0.00017310,0.00553906,0.00346192,0.00010896,0.00357087,995434527.73,1770.5252
3462,9.4784,1.6255,4.3336,81834.36,53314112.11,4113419.28,271646225.24,280010812.60,551657037.84,25165.28,1.74758866,0.00017306,0.00553798,0.00346124,0.00010875,0.00356999,995457693.00,1770.6158
3463,9.4812,1.6254,4.3333,81989.92,53318793.19,4113543.60,271664689.63,280017506.44,551682196.08,25158.23,1.74709954,0.00017303,0.00553689,0.00346056,0.00010855,0.00356911,995480851.24,1770.7063
3464,9.4839,1.6252,4.3329,82145.77,53323473.89,4113667.90,271683148.19,280024199.08,551707347.27,25151.19,1.74661058,0.00017299,0.00553580,0.00345988,0.00010835,0.00356822,995504002.43,1770.7967
3465,9.4867,1.6251,4.3325,82301.91,53328154.20,4113792.18,271701600.90,280030890.52,551732491.42,25144.15,1.74612176,0.00017296,0.00553471,0.00345920,0.00010814,0.00356734,995527146.58,1770.8869
3466,9.4894,1.6250,4.3322,82458.36,53332834.11,4113916.44,271720047.77,280037580.77,551757628.54,25137.12,1.74563310,0.00017293,0.00553363,0.00345852,0.00010794,0.00356646,995550283.70,1770.9770
3467,9.4921,1.6248,4.3318,82615.10,53337513.64,4114040.68,271738488.81,280044269.81,551782758.62,25130.08,1.74514458,0.00017289,0.00553254,0.00345784,0.00010774,0.00356558,995573413.78,1771.0670
3468,9.4949,1.6247,4.3314,82772.13,53342192.77,4114164.90,271756924.01,280050957.66,551807881.67,25123.05,1.74465622,0.00017286,0.00553145,0.00345716,0.00010754,0.00356470,995596536.83,1771.1568
3469,9.4976,1.6246,4.3311,82929.47,53346871.52,4114289.10,271775353.38,280057644.31,551832997.69,25116.02,1.74416801,0.00017282,0.00553037,0.00345648,0.00010734,0.00356382,995619652.85,1771.2464
3470,9.5003,1.6244,4.3307,83087.11,53351549.87,4114413.28,271793776.91,280064329.77,551858106.68,25108.99,1.74367995,0.00017279,0.00552928,0.00345580,0.00010713,0.00356294,995642761.84,1771.3359
3471,9.5031,1.6243,4.3304,83245.04,53356227.84,4114537.44,271812194.62,280071014.03,551883208.65,25101.97,1.74319203,0.00017276,0.00552819,0.00345512,0.00010693,0.00356206,995665863.81,1771.4253
3472,9.5058,1.6242,4.3300,83403.28,53360905.41,4114661.57,271830606.50,280077697.09,551908303.59,25094.94,1.74270427,0.00017272,0.00552711,0.00345444,0.00010673,0.00356118,995688958.75,1771.5146
3473,9.5086,1.6240,4.3296,83561.81,53365582.59,4114785.69,271849012.55,280084378.95,551933391.51,25087.92,1.74221666,0.00017269,0.00552602,0.00345376,0.00010653,0.00356030,995712046.67,1771.6037
3474,9.5113,1.6239,4.3293,83720.65,53370259.39,4114909.79,271867412.78,280091059.63,551958472.41,25080.90,1.74172920,0.00017265,0.00552494,0.00345309,0.00010633,0.00355942,995735127.57,1771.6926
3475,9.5140,1.6238,4.3289,83879.79,53374935.79,4115033.86,271885807.19,280097739.10,551983546.29,25073.88,1.74124189,0.00017262,0.00552385,0.00345241,0.00010613,0.00355854,995758201.45,1771.7814
3476,9.5168,1.6236,4.3286,84039.23,53379611.80,4115157.92,271904195.77,280104417.38,552008613.16,25066.87,1.74075473,0.00017259,0.00552277,0.00345173,0.00010594,0.00355767,995781268.32,1771.8701
3477,9.5195,1.6235,4.3282,84198.98,53384287.42,4115281.95,271922578.54,280111094.47,552033673.01,25059.86,1.74026771,0.00017255,0.00552168,0.00345105,0.00010574,0.00355679,995804328.18,1771.9587
3478,9.5222,1.6233,4.3278,84359.02,53388962.65,4115405.97,271940955.49,280117770.36,552058725.86,25052.84,1.73978085,0.00017252,0.00552060,0.00345038,0.00010554,0.00355591,995827381.02,1772.0471
3479,9.5250,1.6232,4.3275,84519.38,53393637.50,4115529.96,271959326.63,280124445.06,552083771.69,25045.84,1.73929414,0.00017248,0.00551952,0.00344970,0.00010534,0.00355504,995850426.86,1772.1353
3480,9.5277,1.6231,4.3271,84680.03,53398311.95,4115653.94,271977691.95,280131118.57,552108810.52,25038.83,1.73880758,0.00017245,0.00551843,0.00344902,0.00010514,0.00355416,995873465.69,1772.2235
3481,9.5305,1.6229,4.3268,84841.00,53402986.01,4115777.89,271996051.46,280137790.88,552133842.35,25031.82,1.73832117,0.00017242,0.00551735,0.00344834,0.00010495,0.00355329,995896497.51,1772.3114
3482,9.5332,1.6228,4.3264,85002.27,53407659.68,4115901.82,272014405.17,280144462.00,552158867.17,25024.82,1.73783491,0.00017238,0.00551627,0.00344767,0.00010475,0.00355242,995919522.33,1772.3993
3483,9.5359,1.6227,4.3260,85163.84,53412332.96,4116025.73,272032753.06,280151131.93,552183884.99,25017.82,1.73734880,0.00017235,0.00551518,0.00344699,0.00010455,0.00355154,995942540.16,1772.4870
3484,9.5387,1.6225,4.3257,85325.72,53417005.85,4116149.63,272051095.15,280157800.67,552208895.82,25010.82,1.73686283,0.00017232,0.00551410,0.00344631,0.00010436,0.00355067,995965550.98,1772.5746
3485,9.5414,1.6224,4.3253,85487.92,53421678.36,4116273.50,272069431.44,280164468.21,552233899.65,25003.83,1.73637702,0.00017228,0.00551302,0.00344564,0.00010416,0.00354980,995988554.81,1772.6620
3486,9.5441,1.6223,4.3249,85650.41,53426350.47,4116397.35,272087761.92,280171134.56,552258896.48,24996.84,1.73589136,0.00017225,0.00551194,0.00344496,0.00010397,0.00354893,996011551.64,1772.7493
3487,9.5469,1.6221,4.3246,85813.22,53431022.19,4116521.18,272106086.60,280177799.72,552283886.33,24989.84,1.73540584,0.00017221,0.00551086,0.00344428,0.00010377,0.00354806,996034541.49,1772.8365
3488,9.5496,1.6220,4.3242,85976.34,53435693.52,4116644.99,272124405.49,280184463.69,552308869.18,24982.85,1.73492048,0.00017218,0.00550977,0.00344361,0.00010358,0.00354719,996057524.34,1772.9235
3489,9.5524,1.6219,4.3239,86139.77,53440364.46,4116768.78,272142718.58,280191126.47,552333845.05,24975.87,1.73443527,0.00017215,0.00550869,0.00344293,0.00010338,0.00354632,996080500.21,1773.0104
3490,9.5551,1.6217,4.3235,86303.50,53445035.02,4116892.55,272161025.87,280197788.06,552358813.93,24968.88,1.73395020,0.00017211,0.00550761,0.00344226,0.00010319,0.00354545,996103469.09,1773.0971
3491,9.5578,1.6216,4.3231,86467.55,53449705.18,4117016.29,272179327.37,280204448.46,552383775.83,24961.90,1.73346528,0.00017208,0.00550653,0.00344158,0.00010300,0.00354458,996126430.99,1773.1838
3492,9.5606,1.6214,4.3228,86631.91,53454374.95,4117140.02,272197623.08,280211107.67,552408730.75,24954.92,1.73298052,0.00017205,0.00550545,0.00344091,0.00010280,0.00354371,996149385.91,1773.2702
3493,9.5633,1.6213,4.3224,86796.59,53459044.34,4117263.73,272215913.00,280217765.69,552433678.69,24947.94,1.73249590,0.00017201,0.00550437,0.00344023,0.00010261,0.00354284,996172333.85,1773.3566
3494,9.5661,1.6212,4.3221,86961.57,53463713.33,4117387.42,272234197.14,280224422.52,552458619.66,24940.96,1.73201143,0.00017198,0.00550329,0.00343956,0.00010242,0.00354197,996195274.82,1773.4428
3495,9.5688,1.6210,4.3217,87126.87,53468381.93,4117511.08,272252475.49,280231078.16,552483553.65,24933.99,1.73152711,0.00017194,0.00550221,0.00343888,0.00010223,0.00354111,996218208.81,1773.5289
3496,9.5715,1.6209,4.3213,87292.49,53473050.15,4117634.73,272270748.05,280237732.61,552508480.67,24927.02,1.73104295,0.00017191,0.00550113,0.00343821,0.00010203,0.00354024,996241135.83,1773.6148
3497,9.5743,1.6208,4.3210,87458.42,53477717.97,4117758.36,272289014.83,280244385.88,552533400.71,24920.05,1.73055892,0.00017188,0.00550005,0.00343753,0.00010184,0.00353938,996264055.88,1773.7006
3498,9.5770,1.6206,4.3206,87624.66,53482385.41,4117881.96,272307275.84,280251037.96,552558313.79,24913.08,1.73007505,0.00017184,0.00549897,0.00343686,0.00010165,0.00353851,996286968.96,1773.7863
3499,9.5797,1.6205,4.3203,87791.22,53487052.45,4118005.55,272325531.06,280257688.85,552583219.91,24906.12,1.72959133,0.00017181,0.00549789,0.00343618,0.00010146,0.00353765,996309875.07,1773.8718
3500,9.5825,1.6204,4.3199,87958.10,53491719.11,4118129.11,272343780.51,280264338.55,552608119.06,24899.15,1.72910776,0.00017178,0.00549682,0.00343551,0.00010127,0.00353678,996332774.22,1773.9572
3501,9.5852,1.6202,4.3195,88125.29,53496385.38,4118252.66,272362024.18,280270987.07,552633011.25,24892.19,1.72862433,0.00017174,0.00549574,0.00343484,0.00010108,0.00353592,996355666.41,1774.0425
3502,9.5880,1.6201,4.3192,88292.80,53501051.26,4118376.18,272380262.08,280277634.40,552657896.48,24885.23,1.72814106,0.00017171,0.00549466,0.00343416,0.00010089,0.00353505,996378551.65,1774.1276
3503,9.5907,1.6200,4.3188,88460.63,53505716.74,4118499.69,272398494.21,280284280.54,552682774.76,24878.27,1.72765793,0.00017167,0.00549358,0.00343349,0.00010070,0.00353419,996401429.92,1774.2126
3504,9.5934,1.6198,4.3185,88628.78,53510381.84,4118623.17,272416720.58,280290925.50,552707646.08,24871.32,1.72717495,0.00017164,0.00549250,0.00343281,0.00010052,0.00353333,996424301.24,1774.2974
3505,9.5962,1.6197,4.3181,88797.25,53515046.55,4118746.63,272434941.17,280297569.27,552732510.44,24864.37,1.72669212,0.00017161,0.00549143,0.00343214,0.00010033,0.00353247,996447165.61,1774.3822
3506,9.5989,1.6196,4.3177,88966.04,53519710.87,4118870.08,272453156.00,280304211.86,552757367.86,24857.42,1.72620944,0.00017157,0.00549035,0.00343147,0.00010014,0.00353161,996470023.02,1774.4668
3507,9.6016,1.6194,4.3174,89135.15,53524374.81,4118993.50,272471365.06,280310853.26,552782218.33,24850.47,1.72572691,0.00017154,0.00548927,0.00343080,0.00009995,0.00353075,996492873.49,1774.5512
3508,9.6044,1.6193,4.3170,89304.58,53529038.35,4119116.90,272489568.37,280317493.48,552807061.85,24843.52,1.72524452,0.00017151,0.00548820,0.00343012,0.00009976,0.00352989,996515717.01,1774.6355
3509,9.6071,1.6192,4.3167,89474.33,53533701.50,4119240.28,272507765.91,280324132.52,552831898.42,24836.58,1.72476229,0.00017147,0.00548712,0.00342945,0.00009958,0.00352903,996538553.59,1774.7197
3510,9.6099,1.6190,4.3163,89644.41,53538364.26,4119363.64,272525957.69,280330770.37,552856728.06,24829.63,1.72428020,0.00017144,0.00548604,0.00342878,0.00009939,0.00352817,996561383.22,1774.8038
3511,9.6126,1.6189,4.3159,89814.81,53543026.64,4119486.98,272544143.72,280337407.03,552881550.75,24822.69,1.72379826,0.00017141,0.00548497,0.00342811,0.00009920,0.00352731,996584205.92,1774.8877
3512,9.6153,1.6187,4.3156,89985.53,53547688.62,4119610.30,272562324.00,280344042.51,552906366.51,24815.76,1.72331647,0.00017137,0.00548389,0.00342743,0.00009902,0.00352645,996607021.67,1774.9715
3513,9.6181,1.6186,4.3152,90156.58,53552350.22,4119733.61,272580498.52,280350676.81,552931175.33,24808.82,1.72283483,0.00017134,0.00548282,0.00342676,0.00009883,0.00352559,996629830.50,1775.0552
3514,9.6208,1.6185,4.3149,90327.95,53557011.43,4119856.89,272598667.29,280357309.93,552955977.22,24801.89,1.72235334,0.00017130,0.00548174,0.00342609,0.00009865,0.00352474,996652632.38,1775.1387
3515,9.6235,1.6183,4.3145,90499.65,53561672.25,4119980.14,272616830.31,280363941.87,552980772.18,24794.96,1.72187199,0.00017127,0.00548067,0.00342542,0.00009846,0.00352388,996675427.34,1775.2221
3516,9.6263,1.6182,4.3141,90671.68,53566332.68,4120103.38,272634987.59,280370572.62,553005560.21,24788.03,1.72139079,0.00017124,0.00547959,0.00342475,0.00009828,0.00352302,996698215.37,1775.3054
3517,9.6290,1.6181,4.3138,90844.03,53570992.72,4120226.60,272653139.12,280377202.19,553030341.31,24781.10,1.72090975,0.00017120,0.00547852,0.00342408,0.00009809,0.00352217,996720996.47,1775.3885
3518,9.6318,1.6179,4.3134,91016.71,53575652.37,4120349.80,272671284.90,280383830.58,553055115.48,24774.18,1.72042884,0.00017117,0.00547745,0.00342340,0.00009791,0.00352131,996743770.64,1775.4716
3519,9.6345,1.6178,4.3131,91189.72,53580311.63,4120472.98,272689424.95,280390457.79,553079882.73,24767.25,1.71994809,0.00017114,0.00547637,0.00342273,0.00009773,0.00352046,996766537.90,1775.5544
3520,9.6372,1.6177,4.3127,91363.06,53584970.51,4120596.14,272707559.25,280397083.81,553104643.07,24760.33,1.71946749,0.00017110,0.00547530,0.00342206,0.00009754,0.00351960,996789298.23,1775.6372
3521,9.6400,1.6175,4.3123,91536.72,53589628.99,4120719.28,272725687.82,280403708.66,553129396.48,24753.41,1.71898703,0.00017107,0.00547423,0.00342139,0.00009736,0.00351875,996812051.64,1775.7198
3522,9.6427,1.6174,4.3120,91710.72,53594287.09,4120842.40,272743810.65,280410332.33,553154142.98,24746.50,1.71850672,0.00017104,0.00547315,0.00342072,0.00009718,0.00351790,996834798.14,1775.8023
3523,9.6454,1.6173,4.3116,91885.05,53598944.80,4120965.49,272761927.74,280416954.82,553178882.56,24739.58,1.71802656,0.00017100,0.00547208,0.00342005,0.00009700,0.00351705,996857537.72,1775.8846
3524,9.6482,1.6171,4.3113,92059.70,53603602.12,4121088.57,272780039.11,280423576.12,553203615.23,24732.67,1.71754654,0.00017097,0.00547101,0.00341938,0.00009681,0.00351619,996880270.39,1775.9669
3525,9.6509,1.6170,4.3109,92234.69,53608259.05,4121211.63,272798144.74,280430196.25,553228340.99,24725.76,1.71706668,0.00017094,0.00546994,0.00341871,0.00009663,0.00351534,996902996.15,1776.0490
3526,9.6537,1.6169,4.3105,92410.02,53612915.59,4121334.66,272816244.64,280436815.20,553253059.84,24718.85,1.71658696,0.00017090,0.00546886,0.00341804,0.00009645,0.00351449,996925715.00,1776.1309
3527,9.6564,1.6167,4.3102,92585.67,53617571.74,4121457.68,272834338.82,280443432.97,553277771.79,24711.95,1.71610739,0.00017087,0.00546779,0.00341737,0.00009627,0.00351364,996948426.95,1776.2128
3528,9.6591,1.6166,4.3098,92761.66,53622227.51,4121580.68,272852427.27,280450049.56,553302476.83,24705.04,1.71562797,0.00017084,0.00546672,0.00341670,0.00009609,0.00351279,996971131.99,1776.2945
3529,9.6619,1.6165,4.3095,92937.99,53626882.89,4121703.65,272870509.99,280456664.98,553327174.97,24698.14,1.71514869,0.00017080,0.00546565,0.00341603,0.00009591,0.00351194,996993830.13,1776.3761
3530,9.6646,1.6163,4.3091,93114.65,53631537.87,4121826.61,272888587.00,280463279.21,553351866.21,24691.24,1.71466956,0.00017077,0.00546458,0.00341536,0.00009573,0.00351109,997016521.38,1776.4575
3531,9.6674,1.6162,4.3087,93291.65,53636192.47,4121949.54,272906658.28,280469892.27,553376550.56,24684.34,1.71419058,0.00017073,0.00546351,0.00341469,0.00009555,0.00351024,997039205.72,1776.5388
3532,9.6701,1.6160,4.3084,93468.98,53640846.69,4122072.46,272924723.85,280476504.16,553401228.01,24677.45,1.71371175,0.00017070,0.00546244,0.00341402,0.00009537,0.00350940,997061883.17,1776.6200
3533,9.6728,1.6159,4.3080,93646.65,53645500.51,4122195.36,272942783.70,280483114.86,553425898.56,24670.56,1.71323306,0.00017067,0.00546137,0.00341336,0.00009519,0.00350855,997084553.73,1776.7011
3534,9.6756,1.6158,4.3077,93824.65,53650153.94,4122318.23,272960837.84,280489724.39,553450562.23,24663.67,1.71275452,0.00017063,0.00546030,0.00341269,0.00009501,0.00350770,997107217.39,1776.7820
3535,9.6783,1.6156,4.3073,94003.00,53654806.99,4122441.08,272978886.26,280496332.74,553475219.00,24656.78,1.71227613,0.00017060,0.00545923,0.00341202,0.00009484,0.00350685,997129874.17,1776.8628
3536,9.6810,1.6155,4.3069,94181.68,53659459.65,4122563.92,272996928.97,280502939.92,553499868.89,24649.89,1.71179789,0.00017057,0.00545816,0.00341135,0.00009466,0.00350601,997152524.06,1776.9435
3537,9.6838,1.6154,4.3066,94360.71,53664111.92,4122686.73,273014965.98,280509545.92,553524511.90,24643.00,1.71131979,0.00017053,0.00545709,0.00341068,0.00009448,0.00350516,997175167.06,1777.0241
3538,9.6865,1.6152,4.3062,94540.07,53668763.80,4122809.53,273032997.27,280516150.75,553549148.02,24636.12,1.71084184,0.00017050,0.00545602,0.00341001,0.00009430,0.00350432,997197803.18,1777.1045
3539,9.6893,1.6151,4.3059,94719.78,53673415.29,4122932.30,273051022.86,280522754.40,553573777.26,24629.24,1.71036404,0.00017047,0.00545495,0.00340935,0.00009413,0.00350347,997220432.43,1777.1848
3540,9.6920,1.6150,4.3055,94899.82,53678066.40,4123055.06,273069042.75,280529356.88,553598399.63,24622.36,1.70988638,0.00017043,0.00545389,0.00340868,0.00009395,0.00350263,997243054.79,1777.2650
3541,9.6947,1.6148,4.3051,95080.21,53682717.11,4123177.79,273087056.94,280535958.18,553623015.11,24615.49,1.70940887,0.00017040,0.00545282,0.00340801,0.00009377,0.00350178,997265670.28,1777.3450
3542,9.6975,1.6147,4.3048,95260.95,53687367.44,4123300.50,273105065.42,280542558.31,553647623.73,24608.61,1.70893151,0.00017037,0.00545175,0.00340734,0.00009360,0.00350094,997288278.89,1777.4249
3543,9.7002,1.6146,4.3044,95442.02,53692017.38,4123423.20,273123068.21,280549157.26,553672225.47,24601.74,1.70845429,0.00017033,0.00545068,0.00340668,0.00009342,0.00350010,997310880.63,1777.5047
3544,9.7029,1.6144,4.3041,95623.44,53696666.94,4123545.87,273141065.30,280555755.04,553696820.34,24594.87,1.70797723,0.00017030,0.00544961,0.00340601,0.00009325,0.00349926,997333475.50,1777.5844
3545,9.7057,1.6143,4.3037,95805.21,53701316.10,4123668.52,273159056.69,280562351.65,553721408.35,24588.00,1.70750030,0.00017027,0.00544855,0.00340534,0.00009307,0.00349842,997356063.51,1777.6640
3546,9.7084,1.6142,4.3033,95987.32,53705964.88,4123791.16,273177042.40,280568947.09,553745989.49,24581.14,1.70702353,0.00017023,0.00544748,0.00340468,0.00009290,0.00349757,997378644.65,1777.7434
3547,9.7112,1.6140,4.3030,96169.77,53710613.27,4123913.77,273195022.41,280575541.35,553770563.76,24574.28,1.70654690,0.00017020,0.00544641,0.00340401,0.00009272,0.00349673,997401218.92,1777.8227
3548,9.7139,1.6139,4.3026,96352.58,53715261.27,4124036.36,273212996.73,280582134.44,553795131.17,24567.41,1.70607042,0.00017017,0.00544535,0.00340334,0.00009255,0.00349589,997423786.34,1777.9018
3549,9.7166,1.6138,4.3023,96535.73,53719908.88,4124158.93,273230965.36,280588726.36,553819691.73,24560.55,1.70559408,0.00017013,0.00544428,0.00340268,0.00009238,0.00349505,997446346.89,1777.9809
3550,9.7194,1.6136,4.3019,96719.22,53724556.11,4124281.48,273248928.31,280595317.11,553844245.43,24553.70,1.70511790,0.00017010,0.00544322,0.00340201,0.00009220,0.00349421,997468900.59,1778.0598
3551,9.7221,1.6135,4.3016,96903.07,53729202.95,4124404.02,273266885.58,280601906.69,553868792.27,24546.84,1.70464185,0.00017007,0.00544215,0.00340134,0.00009203,0.00349337,997491447.43,1778.1386
3552,9.7248,1.6134,4.3012,97087.27,53733849.40,4124526.53,273284837.16,280608495.10,553893332.26,24539.99,1.70416596,0.00017003,0.00544109,0.00340068,0.00009186,0.00349254,997513987.42,1778.2172
3553,9.7276,1.6132,4.3008,97271.82,53738495.46,4124649.02,273302783.07,280615082.33,553917865.40,24533.14,1.70369021,0.00017000,0.00544002,0.00340001,0.00009169,0.00349170,997536520.56,1778.2958
3554,9.7303,1.6131,4.3005,97456.71,53743141.13,4124771.49,273320723.29,280621668.40,553942391.69,24526.29,1.70321460,0.00016997,0.00543896,0.00339935,0.00009151,0.00349086,997559046.85,1778.3742
3555,9.7331,1.6129,4.3001,97641.96,53747786.42,4124893.94,273338657.84,280628253.29,553966911.13,24519.44,1.70273915,0.00016993,0.00543789,0.00339868,0.00009134,0.00349002,997581566.30,1778.4525
3556,9.7358,1.6128,4.2998,97827.57,53752431.32,4125016.38,273356586.71,280634837.02,553991423.73,24512.60,1.70226384,0.00016990,0.00543683,0.00339802,0.00009117,0.00348919,997604078.89,1778.5307
3557,9.7385,1.6127,4.2994,98013.52,53757075.83,4125138.79,273374509.91,280641419.58,554015929.49,24505.76,1.70178867,0.00016987,0.00543576,0.00339735,0.00009100,0.00348835,997626584.65,1778.6087
3558,9.7413,1.6125,4.2990,98199.83,53761719.96,4125261.18,273392427.44,280648000.97,554040428.41,24498.92,1.70131366,0.00016983,0.00543470,0.00339669,0.00009083,0.00348752,997649083.57,1778.6866
3559,9.7440,1.6124,4.2987,98386.49,53766363.69,4125383.55,273410339.30,280654581.19,554064920.48,24492.08,1.70083878,0.00016980,0.00543364,0.00339602,0.00009066,0.00348668,997671575.65,1778.7644
3560,9.7467,1.6123,4.2983,98573.51,53771007.04,4125505.90,273428245.49,280661160.24,554089405.73,24485.24,1.70036406,0.00016977,0.00543257,0.00339536,0.00009049,0.00348585,997694060.89,1778.8421
3561,9.7495,1.6121,4.2980,98760.88,53775650.00,4125628.23,273446146.02,280667738.12,554113884.13,24478.41,1.69988948,0.00016973,0.00543151,0.00339469,0.00009032,0.00348501,997716539.30,1778.9197
3562,9.7522,1.6120,4.2976,98948.61,53780292.58,4125750.54,273464040.88,280674314.83,554138355.71,24471.58,1.69941504,0.00016970,0.00543045,0.00339403,0.00009015,0.00348418,997739010.87,1778.9971
3563,9.7550,1.6119,4.2972,99136.69,53784934.76,4125872.83,273481930.08,280680890.38,554162820.46,24464.75,1.69894076,0.00016967,0.00542938,0.00339336,0.00008998,0.00348335,997761475.62,1779.0744
3564,9.7577,1.6117,4.2969,99325.13,53789576.56,4125995.11,273499813.61,280687464.76,554187278.38,24457.92,1.69846661,0.00016964,0.00542832,0.00339270,0.00008981,0.00348251,997783933.54,1779.1516
3565,9.7604,1.6116,4.2965,99513.94,53794217.97,4126117.36,273517691.49,280694037.98,554211729.47,24451.09,1.69799262,0.00016960,0.00542726,0.00339204,0.00008964,0.00348168,997806384.63,1779.2286
3566,9.7632,1.6115,4.2962,99703.10,53798859.00,4126239.59,273535563.72,280700610.02,554236173.74,24444.27,1.69751877,0.00016957,0.00542620,0.00339137,0.00008948,0.00348085,997828828.90,1779.3056
3567,9.7659,1.6113,4.2958,99892.62,53803499.64,4126361.80,273553430.29,280707180.91,554260611.19,24437.45,1.69704506,0.00016954,0.00542514,0.00339071,0.00008931,0.00348002,997851266.35,1779.3824
3568,9.7687,1.6112,4.2955,100082.49,53808139.89,4126483.99,273571291.20,280713750.62,554285041.82,24430.63,1.69657150,0.00016950,0.00542408,0.00339005,0.00008914,0.00347919,997873696.98,1779.4591
3569,9.7714,1.6111,4.2951,100272.74,53812779.75,4126606.16,273589146.46,280720319.17,554309465.63,24423.81,1.69609809,0.00016947,0.00542301,0.00338938,0.00008897,0.00347836,997896120.80,1779.5357
3570,9.7741,1.6109,4.2947,100463.34,53817419.23,4126728.31,273606996.08,280726886.55,554333882.63,24417.00,1.69562482,0.00016944,0.00542195,0.00338872,0.00008881,0.00347753,997918537.79,1779.6121
3571,9.7769,1.6108,4.2944,100654.30,53822058.31,4126850.44,273624840.04,280733452.77,554358292.81,24410.18,1.69515170,0.00016940,0.00542089,0.00338806,0.00008864,0.00347670,997940947.98,1779.6885
3572,9.7796,1.6107,4.2940,100845.63,53826697.02,4126972.55,273642678.36,280740017.83,554382696.19,24403.37,1.69467872,0.00016937,0.00541983,0.00338740,0.00008847,0.00347587,997963351.35,1779.7647
3573,9.7823,1.6105,4.2937,101037.32,53831335.33,4127094.64,273660511.03,280746581.72,554407092.75,24396.56,1.69420589,0.00016934,0.00541877,0.00338673,0.00008831,0.00347504,997985747.92,1779.8408
3574,9.7851,1.6104,4.2933,101229.38,53835973.26,4127216.71,273678338.07,280753144.45,554431482.51,24389.76,1.69373320,0.00016930,0.00541771,0.00338607,0.00008814,0.00347421,998008137.67,1779.9167
3575,9.7878,1.6103,4.2929,101421.80,53840610.80,4127338.76,273696159.46,280759706.01,554455865.46,24382.95,1.69326066,0.00016927,0.00541665,0.00338541,0.00008798,0.00347339,998030520.63,1779.9926
3576,9.7906,1.6101,4.2926,101614.58,53845247.95,4127460.79,273713975.21,280766266.41,554480241.62,24376.15,1.69278827,0.00016924,0.00541559,0.00338475,0.00008781,0.00347256,998052896.78,1780.0683
3577,9.7933,1.6100,4.2922,101807.74,53849884.72,4127582.80,273731785.32,280772825.64,554504610.97,24369.35,1.69231602,0.00016920,0.00541454,0.00338408,0.00008765,0.00347173,998075266.13,1780.1439
3578,9.7960,1.6099,4.2919,102001.26,53854521.10,4127704.79,273749589.80,280779383.72,554528973.52,24362.55,1.69184391,0.00016917,0.00541348,0.00338342,0.00008748,0.00347091,998097628.68,1780.2194
3579,9.7988,1.6097,4.2915,102195.14,53859157.09,4127826.77,273767388.65,280785940.63,554553329.27,24355.76,1.69137195,0.00016914,0.00541242,0.00338276,0.00008732,0.00347008,998119984.44,1780.2948
3580,9.8015,1.6096,4.2912,102389.40,53863792.70,4127948.72,273785181.86,280792496.38,554577678.24,24348.96,1.69090013,0.00016910,0.00541136,0.00338210,0.00008716,0.00346926,998142333.40,1780.3700
3581,9.8042,1.6095,4.2908,102584.03,53868427.91,4128070.65,273802969.44,280799050.96,554602020.41,24342.17,1.69042847,0.00016907,0.00541030,0.00338144,0.00008699,0.00346843,998164675.57,1780.4452
3582,9.8070,1.6093,4.2904,102779.02,53873062.75,4128192.56,273820751.40,280805604.39,554626355.79,24335.38,1.68995694,0.00016904,0.00540924,0.00338078,0.00008683,0.00346761,998187010.95,1780.5202
3583,9.8097,1.6092,4.2901,102974.39,53877697.19,4128314.45,273838527.73,280812156.65,554650684.38,24328.59,1.68948556,0.00016901,0.00540819,0.00338012,0.00008667,0.00346678,998209339.54,1780.5951
3584,9.8125,1.6090,4.2897,103170.13,53882331.25,4128436.32,273856298.43,280818707.76,554675006.18,24321.81,1.68901433,0.00016897,0.00540713,0.00337946,0.00008650,0.00346596,998231661.35,1780.6699
3585,9.8152,1.6089,4.2894,103366.23,53886964.92,4128558.17,273874063.51,280825257.70,554699321.21,24315.02,1.68854324,0.00016894,0.00540607,0.00337879,0.00008634,0.00346514,998253976.37,1780.7445
3586,9.8179,1.6088,4.2890,103562.72,53891598.21,4128680.00,273891822.97,280831806.48,554723629.45,24308.24,1.68807229,0.00016891,0.00540502,0.00337813,0.00008618,0.00346432,998276284.61,1780.8190
3587,9.8207,1.6086,4.2886,103759.57,53896231.11,4128801.81,273909576.81,280838354.10,554747930.91,24301.46,1.68760149,0.00016887,0.00540396,0.00337747,0.00008602,0.00346349,998298586.07,1780.8935
3588,9.8234,1.6085,4.2883,103956.80,53900863.62,4128923.60,273927325.03,280844900.56,554772225.59,24294.68,1.68713083,0.00016884,0.00540290,0.00337681,0.00008586,0.00346267,998320880.76,1780.9678
3589,9.8261,1.6084,4.2879,104154.41,53905495.74,4129045.37,273945067.64,280851445.87,554796513.50,24287.91,1.68666032,0.00016881,0.00540185,0.00337615,0.00008570,0.00346185,998343168.66,1781.0420
3590,9.8289,1.6082,4.2876,104352.39,53910127.48,4129167.12,273962804.63,280857990.01,554820794.64,24281.14,1.68618996,0.00016877,0.00540079,0.00337549,0.00008554,0.00346103,998365449.80,1781.1160
3591,9.8316,1.6081,4.2872,104550.75,53914758.83,4129288.85,273980536.01,280864532.99,554845069.00,24274.36,1.68571973,0.00016874,0.00539974,0.00337483,0.00008538,0.00346021,998387724.16,1781.1900
3592,9.8344,1.6080,4.2869,104749.48,53919389.80,4129410.57,273998261.78,280871074.82,554869336.60,24267.60,1.68524966,0.00016871,0.00539868,0.00337417,0.00008522,0.00345939,998409991.76,1781.2638
3593,9.8371,1.6078,4.2865,104948.59,53924020.38,4129532.26,274015981.94,280877615.49,554893597.42,24260.83,1.68477972,0.00016868,0.00539762,0.00337352,0.00008506,0.00345857,998432252.59,1781.3375
3594,9.8398,1.6077,4.2861,105148.08,53928650.57,4129653.93,274033696.49,280884155.00,554917851.49,24254.06,1.68430994,0.00016864,0.00539657,0.00337286,0.00008490,0.00345775,998454506.65,1781.4111
3595,9.8426,1.6076,4.2858,105347.95,53933280.38,4129775.58,274051405.44,280890693.35,554942098.79,24247.30,1.68384029,0.00016861,0.00539552,0.00337220,0.00008474,0.00345693,998476753.95,1781.4846
3596,9.8453,1.6074,4.2854,105548.20,53937909.80,4129897.21,274069108.78,280897230.55,554966339.33,24240.54,1.68337079,0.00016858,0.00539446,0.00337154,0.00008458,0.00345612,998498994.49,1781.5579
3597,9.8480,1.6073,4.2851,105748.83,53942538.83,4130018.82,274086806.52,280903766.58,554990573.11,24233.78,1.68290144,0.00016854,0.00539341,0.00337088,0.00008442,0.00345530,998521228.27,1781.6312
3598,9.8508,1.6072,4.2847,105949.84,53947167.48,4130140.41,274104498.67,280910301.47,555014800.13,24227.02,1.68243223,0.00016851,0.00539235,0.00337022,0.00008426,0.00345448,998543455.29,1781.7043
3599,9.8535,1.6070,4.2844,106151.24,53951795.74,4130261.99,274122185.21,280916835.19,555039020.40,24220.27,1.68196316,0.00016848,0.00539130,0.00336956,0.00008410,0.00345367,998565675.56,1781.7773
3600,9.8563,1.6069,4.2840,106353.01,53956423.62,4130383.54,274139866.16,280923367.76,555063233.92,24213.52,1.68149424,0.00016845,0.00539025,0.00336890,0.00008395,0.00345285,998587889.08,1781.8502
3601,9.8590,1.6068,4.2836,106555.17,53961051.11,4130505.07,274157541.51,280929899.17,555087440.69,24206.77,1.68102546,0.00016841,0.00538919,0.00336825,0.00008379,0.00345203,998610095.85,1781.9230
3602,9.8617,1.6066,4.2833,106757.72,53965678.21,4130626.58,274175211.27,280936429.43,555111640.70,24200.02,1.68055682,0.00016838,0.00538814,0.00336759,0.00008363,0.00345122,998632295.87,1781.9957
3603,9.8645,1.6065,4.2829,106960.64,53970304.93,4130748.07,274192875.44,280942958.53,555135833.98,24193.27,1.68008833,0.00016835,0.00538709,0.00336693,0.00008347,0.00345040,998654489.14,1782.0682
3604,9.8672,1.6064,4.2826,107163.96,53974931.26,4130869.55,274210534.02,280949486.48,555160020.50,24186.53,1.67961999,0.00016831,0.00538604,0.00336627,0.00008332,0.00344959,998676675.67,1782.1407
3605,9.8700,1.6062,4.2822,107367.66,53979557.20,4130991.00,274228187.02,280956013.27,555184200.29,24179.79,1.67915178,0.00016828,0.00538498,0.00336562,0.00008316,0.00344878,998698855.45,1782.2130
3606,9.8727,1.6061,4.2819,107571.75,53984182.76,4131112.43,274245834.42,280962538.91,555208373.33,24173.05,1.67868372,0.00016825,0.00538393,0.00336496,0.00008301,0.00344796,998721028.50,1782.2852
3607,9.8754,1.6060,4.2815,107776.23,53988807.94,4131233.85,274263476.24,280969063.40,555232539.64,24166.31,1.67821581,0.00016822,0.00538288,0.00336430,0.00008285,0.00344715,998743194.80,1782.3573
3608,9.8782,1.6058,4.2811,107981.09,53993432.72,4131355.24,274281112.49,280975586.73,555256699.21,24159.57,1.67774804,0.00016818,0.00538183,0.00336364,0.00008269,0.00344634,998765354.38,1782.4292
3609,9.8809,1.6057,4.2808,108186.35,53998057.12,4131476.61,274298743.15,280982108.91,555280852.05,24152.84,1.67728041,0.00016815,0.00538078,0.00336299,0.00008254,0.00344553,998787507.21,1782.5011
3610,9.8836,1.6056,4.2804,108391.99,54002681.14,4131597.96,274316368.23,280988629.93,555304998.16,24146.11,1.67681293,0.00016812,0.00537973,0.00336233,0.00008238,0.00344471,998809653.32,1782.5729
3611,9.8864,1.6054,4.2801,108598.03,54007304.77,4131719.30,274333987.73,280995149.80,555329137.53,24139.38,1.67634559,0.00016808,0.00537868,0.00336167,0.00008223,0.00344390,998831792.70,1782.6445
3612,9.8891,1.6053,4.2797,108804.45,54011928.01,4131840.61,274351601.66,281001668.52,555353270.18,24132.65,1.67587839,0.00016805,0.00537763,0.00336102,0.00008208,0.00344309,998853925.35,1782.7160
3613,9.8919,1.6052,4.2794,109011.27,54016550.87,4131961.91,274369210.02,281008186.09,555377396.11,24125.92,1.67541134,0.00016802,0.00537658,0.00336036,0.00008192,0.00344228,998876051.27,1782.7874
3614,9.8946,1.6050,4.2790,109218.49,54021173.34,4132083.18,274386812.80,281014702.51,555401515.31,24119.20,1.67494443,0.00016799,0.00537553,0.00335970,0.00008177,0.00344147,998898170.47,1782.8587
3615,9.8973,1.6049,4.2786,109426.09,54025795.43,4132204.43,274404410.01,281021217.77,555425627.78,24112.48,1.67447766,0.00016795,0.00537448,0.00335905,0.00008162,0.00344066,998920282.95,1782.9299
3616,9.9001,1.6048,4.2783,109634.09,54030417.13,4132325.67,274422001.66,281027731.88,555449733.54,24105.76,1.67401104,0.00016792,0.00537343,0.00335839,0.00008146,0.00343985,998942388.71,1783.0009
3617,9.9028,1.6046,4.2779,109842.49,54035038.44,4132446.88,274439587.74,281034244.85,555473832.59,24099.04,1.67354456,0.00016789,0.00537238,0.00335774,0.00008131,0.00343905,998964487.75,1783.0719
3618,9.9055,1.6045,4.2776,110051.28,54039659.37,4132568.08,274457168.25,281040756.66,555497924.91,24092.33,1.67307822,0.00016785,0.00537133,0.00335708,0.00008116,0.00343824,998986580.07,1783.1427
3619,9.9083,1.6044,4.2772,110260.47,54044279.91,4132689.25,274474743.21,281047267.32,555522010.52,24085.61,1.67261203,0.00016782,0.00537028,0.00335643,0.00008100,0.00343743,999008665.69,1783.2135
3620,9.9110,1.6042,4.2769,110470.06,54048900.07,4132810.41,274492312.60,281053776.83,555546089.43,24078.90,1.67214598,0.00016779,0.00536923,0.00335577,0.00008085,0.00343662,999030744.59,1783.2841
3621,9.9138,1.6041,4.2765,110680.05,54053519.84,4132931.54,274509876.43,281060285.19,555570161.62,24072.19,1.67168008,0.00016776,0.00536819,0.00335512,0.00008070,0.00343582,999052816.78,1783.3546
3622,9.9165,1.6040,4.2761,110890.43,54058139.23,4133052.66,274527434.70,281066792.40,555594227.11,24065.49,1.67121431,0.00016772,0.00536714,0.00335446,0.00008055,0.00343501,999074882.27,1783.4250
3623,9.9192,1.6038,4.2758,111101.21,54062758.23,4133173.75,274544987.42,281073298.47,555618285.89,24058.78,1.67074869,0.00016769,0.00536609,0.00335381,0.00008040,0.00343421,999096941.05,1783.4952
3624,9.9220,1.6037,4.2754,111312.40,54067376.85,4133294.83,274562534.59,281079803.38,555642337.97,24052.08,1.67028322,0.00016766,0.00536504,0.00335315,0.00008025,0.00343340,999118993.13,1783.5654
3625,9.9247,1.6036,4.2751,111523.99,54071995.08,4133415.89,274580076.20,281086307.15,555666383.34,24045.38,1.66981788,0.00016762,0.00536400,0.00335250,0.00008010,0.00343260,999141038.51,1783.6354
3626,9.9274,1.6034,4.2747,111735.98,54076612.92,4133536.92,274597612.26,281092809.76,555690422.02,24038.68,1.66935269,0.00016759,0.00536295,0.00335184,0.00007995,0.00343179,999163077.18,1783.7054
3627,9.9302,1.6033,4.2744,111948.37,54081230.38,4133657.94,274615142.77,281099311.23,555714454.00,24031.98,1.66888764,0.00016756,0.00536190,0.00335119,0.00007980,0.00343099,999185109.17,1783.7752
3628,9.9329,1.6032,4.2740,112161.16,54085847.46,4133778.94,274632667.74,281105811.55,555738479.29,24025.29,1.66842274,0.00016753,0.00536086,0.00335053,0.00007965,0.00343018,999207134.45,1783.8449
3629,9.9357,1.6030,4.2736,112374.36,54090464.15,4133899.91,274650187.16,281112310.73,555762497.89,24018.59,1.66795798,0.00016749,0.00535981,0.00334988,0.00007950,0.00342938,999229153.05,1783.9145
3630,9.9384,1.6029,4.2733,112587.97,54095080.45,4134020.87,274667701.03,281118808.76,555786509.79,24011.90,1.66749336,0.00016746,0.00535876,0.00334923,0.00007935,0.00342858,999251164.95,1783.9840
3631,9.9411,1.6027,4.2729,112801.98,54099696.37,4134141.81,274685209.37,281125305.64,555810515.01,24005.22,1.66702888,0.00016743,0.00535772,0.00334857,0.00007920,0.00342777,999273170.17,1784.0534
3632,9.9439,1.6026,4.2726,113016.40,54104311.90,4134262.73,274702712.16,281131801.37,555834513.54,23998.53,1.66656455,0.00016740,0.00535667,0.00334792,0.00007905,0.00342697,999295168.70,1784.1227
3633,9.9466,1.6025,4.2722,113231.22,54108927.05,4134383.63,274720209.42,281138295.96,555858505.38,23991.85,1.66610036,0.00016736,0.00535563,0.00334727,0.00007890,0.00342617,999317160.54,1784.1919
3634,9.9493,1.6023,4.2719,113446.46,54113541.82,4134504.51,274737701.14,281144789.40,555882490.54,23985.16,1.66563631,0.00016733,0.00535458,0.00334661,0.00007876,0.00342537,999339145.71,1784.2609
3635,9.9521,1.6022,4.2715,113662.10,54118156.19,4134625.36,274755187.33,281151281.70,555906469.03,23978.48,1.66517240,0.00016730,0.00535354,0.00334596,0.00007861,0.00342457,999361124.19,1784.3299
3636,9.9548,1.6021,4.2711,113878.16,54122770.19,4134746.20,274772667.98,281157772.85,555930440.83,23971.80,1.66470864,0.00016727,0.00535249,0.00334531,0.00007846,0.00342377,999383095.99,1784.3987
3637,9.9576,1.6019,4.2708,114094.62,54127383.80,4134867.02,274790143.10,281164262.86,555954405.96,23965.13,1.66424501,0.00016723,0.00535145,0.00334466,0.00007831,0.00342297,999405061.12,1784.4674
3638,9.9603,1.6018,4.2704,114311.49,54131997.02,4134987.82,274807612.69,281170751.72,555978364.41,23958.45,1.66378154,0.00016720,0.00535041,0.00334400,0.00007817,0.00342217,999427019.58,1784.5360
3639,9.9630,1.6017,4.2701,114528.78,54136609.86,4135108.60,274825076.76,281177239.44,556002316.20,23951.78,1.66331820,0.00016717,0.00534936,0.00334335,0.00007802,0.00342137,999448971.36,1784.6045
3640,9.9658,1.6015,4.2697,114746.48,54141222.31,4135229.36,274842535.29,281183726.01,556026261.31,23945.11,1.66285500,0.00016713,0.00534832,0.00334270,0.00007787,0.00342057,999470916.47,1784.6729
3641,9.9685,1.6014,4.2694,114964.60,54145834.38,4135350.10,274859988.31,281190211.44,556050199.75,23938.44,1.66239195,0.00016710,0.00534728,0.00334205,0.00007773,0.00341978,999492854.91,1784.7412
3642,9.9713,1.6013,4.2690,115183.13,54150446.06,4135470.82,274877435.80,281196695.73,556074131.53,23931.78,1.66192904,0.00016707,0.00534623,0.00334140,0.00007758,0.00341898,999514786.69,1784.8094
3643,9.9740,1.6011,4.2687,115402.07,54155057.36,4135591.53,274894877.77,281203178.87,556098056.64,23925.11,1.66146627,0.00016704,0.00534519,0.00334074,0.00007744,0.00341818,999536711.81,1784.8775
3644,9.9767,1.6010,4.2683,115621.43,54159668.28,4135712.21,274912314.22,281209660.88,556121975.10,23918.45,1.66100365,0.00016700,0.00534415,0.00334009,0.00007729,0.00341738,999558630.26,1784.9454
3645,9.9795,1.6009,4.2679,115841.21,54164278.80,4135832.87,274929745.16,281216141.73,556145886.89,23911.79,1.66054117,0.00016697,0.00534311,0.00333944,0.00007715,0.00341659,999580542.05,1785.0133
3646,9.9822,1.6007,4.2676,116061.40,54168888.95,4135953.51,274947170.57,281222621.45,556169792.02,23905.14,1.66007882,0.00016694,0.00534206,0.00333879,0.00007700,0.00341579,999602447.19,1785.0810
3647,9.9849,1.6006,4.2672,116282.02,54173498.71,4136074.13,274964590.48,281229100.03,556193690.50,23898.48,1.65961662,0.00016691,0.00534102,0.00333814,0.00007686,0.00341500,999624345.67,1785.1487
3648,9.9877,1.6005,4.2669,116503.05,54178108.08,4136194.74,274982004.87,281235577.46,556217582.33,23891.83,1.65915457,0.00016687,0.00533998,0.00333749,0.00007671,0.00341420,999646237.49,1785.2162
3649,9.9904,1.6003,4.2665,116724.50,54182717.07,4136315.32,274999413.75,281242053.75,556241467.50,23885.17,1.65869265,0.00016684,0.00533894,0.00333684,0.00007657,0.00341341,999668122.67,1785.2836
3650,9.9932,1.6002,4.2662,116946.38,54187325.68,4136435.88,275016817.13,281248528.90,556265346.03,23878.52,1.65823088,0.00016681,0.00533790,0.00333619,0.00007643,0.00341261,999690001.19,1785.3509
